run_key,timestamp,path_found,iterations,nodes_in_tree,path_length,path_nodes,step_size,random_rate,goal_tolerance,start_x,start_y,goal_x,goal_y,map_size,image_filename
20260807_035900_792,2026-08-07 03:59:00,False,10000,70,0.0,0,0.4,0.1,0.3,0,0.5,10,9.5,10,rrt_20260807_035900_792.png
20260807_035901_775,2026-08-07 03:59:01,True,5663,127,19.199999999999992,49,0.4,0.1,0.3,0,0.5,10,9.5,10,rrt_20260807_035901_775.png
20260807_035903_547,2026-08-07 03:59:03,False,10000,131,0.0,0,0.4,0.1,0.3,0,0.5,10,9.5,10,rrt_20260807_035903_547.png
20260807_035905_615,2026-08-07 03:59:05,False,10000,144,0.0,0,0.4,0.1,0.3,0,0.5,10,9.5,10,rrt_20260807_035905_615.png
20260807_035907_542,2026-08-07 03:59:07,False,10000,147,0.0,0,0.4,0.1,0.3,0,0.5,10,9.5,10,rrt_20260807_035907_542.png
20260807_035909_270,2026-08-07 03:59:09,False,10000,120,0.0,0,0.4,0.1,0.3,0,0.5,10,9.5,10,rrt_20260807_035909_270.png
20260807_035910_209,2026-08-07 03:59:10,True,5477,101,17.947541194130835,46,0.4,0.1,0.3,0,0.5,10,9.5,10,rrt_20260807_035910_209.png
20260807_035911_368,2026-08-07 03:59:11,True,5299,126,17.200000000000003,44,0.4,0.1,0.3,0,0.5,10,9.5,10,rrt_20260807_035911_368.png
20260807_035913_110,2026-08-07 03:59:13,False,10000,102,0.0,0,0.4,0.1,0.3,0,0.5,10,9.5,10,rrt_20260807_035913_110.png
20260807_035915_190,2026-08-07 03:59:15,False,10000,155,0.0,0,0.4,0.1,0.3,0,0.5,10,9.5,10,rrt_20260807_035915_190.png
20260807_035917_522,2026-08-07 03:59:17,False,10000,157,0.0,0,0.4,0.1,0.3,0,0.5,10,9.5,10,rrt_20260807_035917_522.png
20260807_035919_248,2026-08-07 03:59:19,False,10000,129,0.0,0,0.4,0.1,0.3,0,0.5,10,9.5,10,rrt_20260807_035919_248.png
20260807_035920_862,2026-08-07 03:59:20,False,10000,121,0.0,0,0.4,0.1,0.3,0,0.5,10,9.5,10,rrt_20260807_035920_862.png
20260807_035921_670,2026-08-07 03:59:21,True,4315,100,17.200000000000003,44,0.4,0.1,0.3,0,0.5,10,9.5,10,rrt_20260807_035921_670.png
20260807_035922_862,2026-08-07 03:59:22,False,10000,72,0.0,0,0.4,0.1,0.3,0,0.5,10,9.5,10,rrt_20260807_035922_862.png
20260807_035923_776,2026-08-07 03:59:23,True,5158,100,17.600000000000012,45,0.4,0.1,0.3,0,0.5,10,9.5,10,rrt_20260807_035923_776.png
20260807_035924_883,2026-08-07 03:59:24,False,10000,61,0.0,0,0.4,0.1,0.3,0,0.5,10,9.5,10,rrt_20260807_035924_883.png
20260807_035927_052,2026-08-07 03:59:27,False,10000,140,0.0,0,0.4,0.1,0.3,0,0.5,10,9.5,10,rrt_20260807_035927_052.png
20260807_035929_472,2026-08-07 03:59:29,False,10000,173,0.0,0,0.4,0.1,0.3,0,0.5,10,9.5,10,rrt_20260807_035929_472.png
20260807_035931_167,2026-08-07 03:59:31,False,10000,86,0.0,0,0.4,0.1,0.3,0,0.5,10,9.5,10,rrt_20260807_035931_167.png
20260807_035933_390,2026-08-07 03:59:33,False,10000,180,0.0,0,0.4,0.1,0.3,0,0.5,10,9.5,10,rrt_20260807_035933_390.png
20260807_035934_933,2026-08-07 03:59:34,False,10000,59,0.0,0,0.4,0.1,0.3,0,0.5,10,9.5,10,rrt_20260807_035934_933.png
20260807_035936_427,2026-08-07 03:59:36,False,10000,112,0.0,0,0.4,0.1,0.3,0,0.5,10,9.5,10,rrt_20260807_035936_427.png
20260807_035938_067,2026-08-07 03:59:38,False,10000,89,0.0,0,0.4,0.1,0.3,0,0.5,10,9.5,10,rrt_20260807_035938_067.png
20260807_035940_150,2026-08-07 03:59:40,False,10000,156,0.0,0,0.4,0.1,0.3,0,0.5,10,9.5,10,rrt_20260807_035940_150.png
20260807_035941_917,2026-08-07 03:59:41,False,10000,114,0.0,0,0.4,0.1,0.3,0,0.5,10,9.5,10,rrt_20260807_035941_917.png
20260807_035943_896,2026-08-07 03:59:43,False,10000,152,0.0,0,0.4,0.1,0.3,0,0.5,10,9.5,10,rrt_20260807_035943_896.png
20260807_035945_888,2026-08-07 03:59:45,False,10000,158,0.0,0,0.4,0.1,0.3,0,0.5,10,9.5,10,rrt_20260807_035945_888.png
20260807_035947_864,2026-08-07 03:59:47,False,10000,154,0.0,0,0.4,0.1,0.3,0,0.5,10,9.5,10,rrt_20260807_035947_864.png
20260807_035949_980,2026-08-07 03:59:49,False,10000,139,0.0,0,0.4,0.1,0.3,0,0.5,10,9.5,10,rrt_20260807_035949_980.png
20260807_035951_967,2026-08-07 03:59:51,False,10000,135,0.0,0,0.4,0.1,0.3,0,0.5,10,9.5,10,rrt_20260807_035951_967.png
20260807_035953_926,2026-08-07 03:59:53,False,10000,149,0.0,0,0.4,0.1,0.3,0,0.5,10,9.5,10,rrt_20260807_035953_926.png
20260807_035955_869,2026-08-07 03:59:55,False,10000,137,0.0,0,0.4,0.1,0.3,0,0.5,10,9.5,10,rrt_20260807_035955_869.png
20260807_035958_228,2026-08-07 03:59:58,False,10000,162,0.0,0,0.4,0.1,0.3,0,0.5,10,9.5,10,rrt_20260807_035958_228.png
20260807_040000_341,2026-08-07 04:00:00,False,10000,148,0.0,0,0.4,0.1,0.3,0,0.5,10,9.5,10,rrt_20260807_040000_341.png
20260807_040002_363,2026-08-07 04:00:02,False,10000,127,0.0,0,0.4,0.1,0.3,0,0.5,10,9.5,10,rrt_20260807_040002_363.png
20260807_040004_686,2026-08-07 04:00:04,False,10000,155,0.0,0,0.4,0.1,0.3,0,0.5,10,9.5,10,rrt_20260807_040004_686.png
20260807_040006_588,2026-08-07 04:00:06,False,10000,148,0.0,0,0.4,0.1,0.3,0,0.5,10,9.5,10,rrt_20260807_040006_588.png
20260807_040008_273,2026-08-07 04:00:08,False,10000,128,0.0,0,0.4,0.1,0.3,0,0.5,10,9.5,10,rrt_20260807_040008_273.png
20260807_040010_405,2026-08-07 04:00:10,False,10000,129,0.0,0,0.4,0.1,0.3,0,0.5,10,9.5,10,rrt_20260807_040010_405.png
20260807_040012_700,2026-08-07 04:00:12,False,10000,139,0.0,0,0.4,0.1,0.3,0,0.5,10,9.5,10,rrt_20260807_040012_700.png
20260807_040013_329,2026-08-07 04:00:13,True,2412,83,17.579344487635606,45,0.4,0.1,0.3,0,0.5,10,9.5,10,rrt_20260807_040013_329.png
20260807_040015_158,2026-08-07 04:00:15,False,10000,137,0.0,0,0.4,0.1,0.3,0,0.5,10,9.5,10,rrt_20260807_040015_158.png
20260807_040016_908,2026-08-07 04:00:16,False,10000,113,0.0,0,0.4,0.1,0.3,0,0.5,10,9.5,10,rrt_20260807_040016_908.png
20260807_040018_822,2026-08-07 04:00:18,False,10000,142,0.0,0,0.4,0.1,0.3,0,0.5,10,9.5,10,rrt_20260807_040018_822.png
20260807_040020_292,2026-08-07 04:00:20,False,10000,69,0.0,0,0.4,0.1,0.3,0,0.5,10,9.5,10,rrt_20260807_040020_292.png
20260807_040022_176,2026-08-07 04:00:22,False,10000,148,0.0,0,0.4,0.1,0.3,0,0.5,10,9.5,10,rrt_20260807_040022_176.png
20260807_040023_645,2026-08-07 04:00:23,True,6951,130,18.721053204862823,48,0.4,0.1,0.3,0,0.5,10,9.5,10,rrt_20260807_040023_645.png
20260807_040026_049,2026-08-07 04:00:26,False,10000,170,0.0,0,0.4,0.1,0.3,0,0.5,10,9.5,10,rrt_20260807_040026_049.png
20260807_040027_879,2026-08-07 04:00:27,False,10000,138,0.0,0,0.4,0.1,0.3,0,0.5,10,9.5,10,rrt_20260807_040027_879.png
20260807_040030_060,2026-08-07 04:00:30,False,10000,145,0.0,0,0.4,0.1,0.3,0,0.5,10,9.5,10,rrt_20260807_040030_060.png
20260807_040032_004,2026-08-07 04:00:32,False,10000,152,0.0,0,0.4,0.1,0.3,0,0.5,10,9.5,10,rrt_20260807_040032_004.png
20260807_040033_440,2026-08-07 04:00:33,False,10000,77,0.0,0,0.4,0.1,0.3,0,0.5,10,9.5,10,rrt_20260807_040033_440.png
20260807_040035_550,2026-08-07 04:00:35,False,10000,151,0.0,0,0.4,0.1,0.3,0,0.5,10,9.5,10,rrt_20260807_040035_550.png
20260807_040036_485,2026-08-07 04:00:36,True,5235,92,20.35400449900519,52,0.4,0.1,0.3,0,0.5,10,9.5,10,rrt_20260807_040036_485.png
20260807_040038_410,2026-08-07 04:00:38,False,10000,147,0.0,0,0.4,0.1,0.3,0,0.5,10,9.5,10,rrt_20260807_040038_410.png
20260807_040039_841,2026-08-07 04:00:39,True,7731,145,21.999999999999996,56,0.4,0.1,0.3,0,0.5,10,9.5,10,rrt_20260807_040039_841.png
20260807_040041_311,2026-08-07 04:00:41,False,10000,88,0.0,0,0.4,0.1,0.3,0,0.5,10,9.5,10,rrt_20260807_040041_311.png
20260807_040042_247,2026-08-07 04:00:42,True,5192,114,20.00000000000001,51,0.4,0.1,0.3,0,0.5,10,9.5,10,rrt_20260807_040042_247.png
20260807_040043_657,2026-08-07 04:00:43,False,10000,70,0.0,0,0.4,0.1,0.3,0,0.5,10,9.5,10,rrt_20260807_040043_657.png
20260807_040045_564,2026-08-07 04:00:45,False,10000,138,0.0,0,0.4,0.1,0.3,0,0.5,10,9.5,10,rrt_20260807_040045_564.png
20260807_040047_459,2026-08-07 04:00:47,False,10000,125,0.0,0,0.4,0.1,0.3,0,0.5,10,9.5,10,rrt_20260807_040047_459.png
20260807_040048_989,2026-08-07 04:00:48,False,10000,118,0.0,0,0.4,0.1,0.3,0,0.5,10,9.5,10,rrt_20260807_040048_989.png
20260807_040050_385,2026-08-07 04:00:50,False,10000,72,0.0,0,0.4,0.1,0.3,0,0.5,10,9.5,10,rrt_20260807_040050_385.png
20260807_040051_959,2026-08-07 04:00:51,False,10000,103,0.0,0,0.4,0.1,0.3,0,0.5,10,9.5,10,rrt_20260807_040051_959.png
20260807_040054_107,2026-08-07 04:00:54,False,10000,129,0.0,0,0.4,0.1,0.3,0,0.5,10,9.5,10,rrt_20260807_040054_107.png
20260807_040055_902,2026-08-07 04:00:55,True,7977,155,17.599999999999994,45,0.4,0.1,0.3,0,0.5,10,9.5,10,rrt_20260807_040055_902.png
20260807_040057_185,2026-08-07 04:00:57,False,10000,52,0.0,0,0.4,0.1,0.3,0,0.5,10,9.5,10,rrt_20260807_040057_185.png
20260807_040058_981,2026-08-07 04:00:58,False,10000,135,0.0,0,0.4,0.1,0.3,0,0.5,10,9.5,10,rrt_20260807_040058_981.png
20260807_040100_973,2026-08-07 04:01:00,False,10000,147,0.0,0,0.4,0.1,0.3,0,0.5,10,9.5,10,rrt_20260807_040100_973.png
20260807_040102_808,2026-08-07 04:01:02,False,10000,129,0.0,0,0.4,0.1,0.3,0,0.5,10,9.5,10,rrt_20260807_040102_808.png
20260807_040104_524,2026-08-07 04:01:04,False,10000,111,0.0,0,0.4,0.1,0.3,0,0.5,10,9.5,10,rrt_20260807_040104_524.png
20260807_040105_894,2026-08-07 04:01:05,False,10000,66,0.0,0,0.4,0.1,0.3,0,0.5,10,9.5,10,rrt_20260807_040105_894.png
20260807_040107_269,2026-08-07 04:01:07,False,10000,89,0.0,0,0.4,0.1,0.3,0,0.5,10,9.5,10,rrt_20260807_040107_269.png
20260807_040109_317,2026-08-07 04:01:09,False,10000,147,0.0,0,0.4,0.1,0.3,0,0.5,10,9.5,10,rrt_20260807_040109_317.png
20260807_040111_803,2026-08-07 04:01:11,False,10000,191,0.0,0,0.4,0.1,0.3,0,0.5,10,9.5,10,rrt_20260807_040111_803.png
20260807_040113_199,2026-08-07 04:01:13,False,10000,63,0.0,0,0.4,0.1,0.3,0,0.5,10,9.5,10,rrt_20260807_040113_199.png
20260807_040115_233,2026-08-07 04:01:15,False,10000,127,0.0,0,0.4,0.1,0.3,0,0.5,10,9.5,10,rrt_20260807_040115_233.png
20260807_040117_071,2026-08-07 04:01:17,False,10000,89,0.0,0,0.4,0.1,0.3,0,0.5,10,9.5,10,rrt_20260807_040117_071.png
20260807_040118_938,2026-08-07 04:01:18,False,10000,144,0.0,0,0.4,0.1,0.3,0,0.5,10,9.5,10,rrt_20260807_040118_938.png
20260807_040121_394,2026-08-07 04:01:21,False,10000,194,0.0,0,0.4,0.1,0.3,0,0.5,10,9.5,10,rrt_20260807_040121_394.png
20260807_040123_263,2026-08-07 04:01:23,False,10000,138,0.0,0,0.4,0.1,0.3,0,0.5,10,9.5,10,rrt_20260807_040123_263.png
20260807_040125_313,2026-08-07 04:01:25,False,10000,143,0.0,0,0.4,0.1,0.3,0,0.5,10,9.5,10,rrt_20260807_040125_313.png
20260807_040126_172,2026-08-07 04:01:26,True,1234,64,17.140454761995095,44,0.4,0.1,0.3,0,0.5,10,9.5,10,rrt_20260807_040126_172.png
20260807_040127_617,2026-08-07 04:01:27,False,10000,73,0.0,0,0.4,0.1,0.3,0,0.5,10,9.5,10,rrt_20260807_040127_617.png
20260807_040128_846,2026-08-07 04:01:28,False,10000,86,0.0,0,0.4,0.1,0.3,0,0.5,10,9.5,10,rrt_20260807_040128_846.png
20260807_040130_649,2026-08-07 04:01:30,False,10000,121,0.0,0,0.4,0.1,0.3,0,0.5,10,9.5,10,rrt_20260807_040130_649.png
20260807_040132_484,2026-08-07 04:01:32,True,9894,155,22.39999999999999,57,0.4,0.1,0.3,0,0.5,10,9.5,10,rrt_20260807_040132_484.png
20260807_040134_590,2026-08-07 04:01:34,False,10000,172,0.0,0,0.4,0.1,0.3,0,0.5,10,9.5,10,rrt_20260807_040134_590.png
20260807_040135_521,2026-08-07 04:01:35,True,4403,113,19.917843037017278,51,0.4,0.1,0.3,0,0.5,10,9.5,10,rrt_20260807_040135_521.png
20260807_040137_199,2026-08-07 04:01:37,False,10000,120,0.0,0,0.4,0.1,0.3,0,0.5,10,9.5,10,rrt_20260807_040137_199.png
20260807_040139_057,2026-08-07 04:01:39,False,10000,138,0.0,0,0.4,0.1,0.3,0,0.5,10,9.5,10,rrt_20260807_040139_057.png
20260807_040140_512,2026-08-07 04:01:40,False,10000,69,0.0,0,0.4,0.1,0.3,0,0.5,10,9.5,10,rrt_20260807_040140_512.png
20260807_040142_401,2026-08-07 04:01:42,False,10000,150,0.0,0,0.4,0.1,0.3,0,0.5,10,9.5,10,rrt_20260807_040142_401.png
20260807_040144_699,2026-08-07 04:01:44,False,10000,159,0.0,0,0.4,0.1,0.3,0,0.5,10,9.5,10,rrt_20260807_040144_699.png
20260807_040146_676,2026-08-07 04:01:46,False,10000,140,0.0,0,0.4,0.1,0.3,0,0.5,10,9.5,10,rrt_20260807_040146_676.png
20260807_040148_684,2026-08-07 04:01:48,False,10000,159,0.0,0,0.4,0.1,0.3,0,0.5,10,9.5,10,rrt_20260807_040148_684.png
20260807_040150_167,2026-08-07 04:01:50,False,10000,112,0.0,0,0.4,0.1,0.3,0,0.5,10,9.5,10,rrt_20260807_040150_167.png
20260807_040152_513,2026-08-07 04:01:52,False,10000,156,0.0,0,0.4,0.1,0.3,0,0.5,10,9.5,10,rrt_20260807_040152_513.png
20260807_040154_507,2026-08-07 04:01:54,False,10000,154,0.0,0,0.4,0.1,0.3,0,0.5,10,9.5,10,rrt_20260807_040154_507.png
20260807_040154_994,2026-08-07 04:01:54,True,899,68,17.200000000000003,44,0.4,0.2,0.3,0,0.5,10,9.5,10,rrt_20260807_040154_994.png
20260807_040156_639,2026-08-07 04:01:56,False,10000,68,0.0,0,0.4,0.2,0.3,0,0.5,10,9.5,10,rrt_20260807_040156_639.png
20260807_040157_975,2026-08-07 04:01:57,False,10000,61,0.0,0,0.4,0.2,0.3,0,0.5,10,9.5,10,rrt_20260807_040157_975.png
20260807_040200_118,2026-08-07 04:02:00,False,10000,151,0.0,0,0.4,0.2,0.3,0,0.5,10,9.5,10,rrt_20260807_040200_118.png
20260807_040202_199,2026-08-07 04:02:02,False,10000,144,0.0,0,0.4,0.2,0.3,0,0.5,10,9.5,10,rrt_20260807_040202_199.png
20260807_040203_749,2026-08-07 04:02:03,False,10000,70,0.0,0,0.4,0.2,0.3,0,0.5,10,9.5,10,rrt_20260807_040203_749.png
20260807_040206_189,2026-08-07 04:02:06,False,10000,194,0.0,0,0.4,0.2,0.3,0,0.5,10,9.5,10,rrt_20260807_040206_189.png
20260807_040208_466,2026-08-07 04:02:08,False,10000,163,0.0,0,0.4,0.2,0.3,0,0.5,10,9.5,10,rrt_20260807_040208_466.png
20260807_040209_472,2026-08-07 04:02:09,True,3487,159,16.400000000000002,42,0.4,0.2,0.3,0,0.5,10,9.5,10,rrt_20260807_040209_472.png
20260807_040211_597,2026-08-07 04:02:11,False,10000,140,0.0,0,0.4,0.2,0.3,0,0.5,10,9.5,10,rrt_20260807_040211_597.png
20260807_040214_266,2026-08-07 04:02:14,False,10000,172,0.0,0,0.4,0.2,0.3,0,0.5,10,9.5,10,rrt_20260807_040214_266.png
20260807_040214_788,2026-08-07 04:02:14,True,741,78,17.200000000000003,44,0.4,0.2,0.3,0,0.5,10,9.5,10,rrt_20260807_040214_788.png
20260807_040216_146,2026-08-07 04:02:16,True,8133,110,19.6,50,0.4,0.2,0.3,0,0.5,10,9.5,10,rrt_20260807_040216_146.png
20260807_040218_203,2026-08-07 04:02:18,False,10000,142,0.0,0,0.4,0.2,0.3,0,0.5,10,9.5,10,rrt_20260807_040218_203.png
20260807_040219_688,2026-08-07 04:02:19,False,10000,68,0.0,0,0.4,0.2,0.3,0,0.5,10,9.5,10,rrt_20260807_040219_688.png
20260807_040222_050,2026-08-07 04:02:22,False,10000,144,0.0,0,0.4,0.2,0.3,0,0.5,10,9.5,10,rrt_20260807_040222_050.png
20260807_040223_787,2026-08-07 04:02:23,False,10000,113,0.0,0,0.4,0.2,0.3,0,0.5,10,9.5,10,rrt_20260807_040223_787.png
20260807_040224_256,2026-08-07 04:02:24,True,682,74,17.999999999999996,46,0.4,0.2,0.3,0,0.5,10,9.5,10,rrt_20260807_040224_256.png
20260807_040225_730,2026-08-07 04:02:25,False,10000,71,0.0,0,0.4,0.2,0.3,0,0.5,10,9.5,10,rrt_20260807_040225_730.png
20260807_040227_388,2026-08-07 04:02:27,False,10000,68,0.0,0,0.4,0.2,0.3,0,0.5,10,9.5,10,rrt_20260807_040227_388.png
20260807_040229_876,2026-08-07 04:02:29,False,10000,175,0.0,0,0.4,0.2,0.3,0,0.5,10,9.5,10,rrt_20260807_040229_876.png
20260807_040231_688,2026-08-07 04:02:31,False,10000,114,0.0,0,0.4,0.2,0.3,0,0.5,10,9.5,10,rrt_20260807_040231_688.png
20260807_040233_806,2026-08-07 04:02:33,False,10000,140,0.0,0,0.4,0.2,0.3,0,0.5,10,9.5,10,rrt_20260807_040233_806.png
20260807_040234_600,2026-08-07 04:02:34,True,2680,141,18.731292272868057,48,0.4,0.2,0.3,0,0.5,10,9.5,10,rrt_20260807_040234_600.png
20260807_040236_490,2026-08-07 04:02:36,False,10000,127,0.0,0,0.4,0.2,0.3,0,0.5,10,9.5,10,rrt_20260807_040236_490.png
20260807_040238_570,2026-08-07 04:02:38,False,10000,141,0.0,0,0.4,0.2,0.3,0,0.5,10,9.5,10,rrt_20260807_040238_570.png
20260807_040240_809,2026-08-07 04:02:40,False,10000,163,0.0,0,0.4,0.2,0.3,0,0.5,10,9.5,10,rrt_20260807_040240_809.png
20260807_040243_332,2026-08-07 04:02:43,False,10000,206,0.0,0,0.4,0.2,0.3,0,0.5,10,9.5,10,rrt_20260807_040243_332.png
20260807_040244_825,2026-08-07 04:02:44,True,5623,169,17.200000000000003,44,0.4,0.2,0.3,0,0.5,10,9.5,10,rrt_20260807_040244_825.png
20260807_040247_234,2026-08-07 04:02:47,False,10000,158,0.0,0,0.4,0.2,0.3,0,0.5,10,9.5,10,rrt_20260807_040247_234.png
20260807_040249_424,2026-08-07 04:02:49,False,10000,158,0.0,0,0.4,0.2,0.3,0,0.5,10,9.5,10,rrt_20260807_040249_424.png
20260807_040250_337,2026-08-07 04:02:50,True,3573,156,17.600000000000016,45,0.4,0.2,0.3,0,0.5,10,9.5,10,rrt_20260807_040250_337.png
20260807_040252_636,2026-08-07 04:02:52,False,10000,170,0.0,0,0.4,0.2,0.3,0,0.5,10,9.5,10,rrt_20260807_040252_636.png
20260807_040254_570,2026-08-07 04:02:54,False,10000,129,0.0,0,0.4,0.2,0.3,0,0.5,10,9.5,10,rrt_20260807_040254_570.png
20260807_040256_911,2026-08-07 04:02:56,False,10000,192,0.0,0,0.4,0.2,0.3,0,0.5,10,9.5,10,rrt_20260807_040256_911.png
20260807_040259_009,2026-08-07 04:02:59,False,10000,154,0.0,0,0.4,0.2,0.3,0,0.5,10,9.5,10,rrt_20260807_040259_009.png
20260807_040300_348,2026-08-07 04:03:00,True,3578,133,18.363295890109963,47,0.4,0.2,0.3,0,0.5,10,9.5,10,rrt_20260807_040300_348.png
20260807_040302_461,2026-08-07 04:03:02,False,10000,133,0.0,0,0.4,0.2,0.3,0,0.5,10,9.5,10,rrt_20260807_040302_461.png
20260807_040304_628,2026-08-07 04:03:04,False,10000,150,0.0,0,0.4,0.2,0.3,0,0.5,10,9.5,10,rrt_20260807_040304_628.png
20260807_040307_304,2026-08-07 04:03:07,False,10000,166,0.0,0,0.4,0.2,0.3,0,0.5,10,9.5,10,rrt_20260807_040307_304.png
20260807_040309_314,2026-08-07 04:03:09,False,10000,133,0.0,0,0.4,0.2,0.3,0,0.5,10,9.5,10,rrt_20260807_040309_314.png
20260807_040311_228,2026-08-07 04:03:11,False,10000,115,0.0,0,0.4,0.2,0.3,0,0.5,10,9.5,10,rrt_20260807_040311_228.png
20260807_040313_380,2026-08-07 04:03:13,False,10000,149,0.0,0,0.4,0.2,0.3,0,0.5,10,9.5,10,rrt_20260807_040313_380.png
20260807_040314_495,2026-08-07 04:03:14,True,4707,149,17.127380744460385,44,0.4,0.2,0.3,0,0.5,10,9.5,10,rrt_20260807_040314_495.png
20260807_040316_901,2026-08-07 04:03:16,False,10000,171,0.0,0,0.4,0.2,0.3,0,0.5,10,9.5,10,rrt_20260807_040316_901.png
20260807_040319_288,2026-08-07 04:03:19,False,10000,142,0.0,0,0.4,0.2,0.3,0,0.5,10,9.5,10,rrt_20260807_040319_288.png
20260807_040321_537,2026-08-07 04:03:21,False,10000,158,0.0,0,0.4,0.2,0.3,0,0.5,10,9.5,10,rrt_20260807_040321_537.png
20260807_040323_042,2026-08-07 04:03:23,False,10000,70,0.0,0,0.4,0.2,0.3,0,0.5,10,9.5,10,rrt_20260807_040323_042.png
20260807_040325_246,2026-08-07 04:03:25,False,10000,129,0.0,0,0.4,0.2,0.3,0,0.5,10,9.5,10,rrt_20260807_040325_246.png
20260807_040326_639,2026-08-07 04:03:26,True,6965,119,17.157364477659396,44,0.4,0.2,0.3,0,0.5,10,9.5,10,rrt_20260807_040326_639.png
20260807_040328_511,2026-08-07 04:03:28,False,10000,132,0.0,0,0.4,0.2,0.3,0,0.5,10,9.5,10,rrt_20260807_040328_511.png
20260807_040330_436,2026-08-07 04:03:30,False,10000,127,0.0,0,0.4,0.2,0.3,0,0.5,10,9.5,10,rrt_20260807_040330_436.png
20260807_040332_678,2026-08-07 04:03:32,False,10000,165,0.0,0,0.4,0.2,0.3,0,0.5,10,9.5,10,rrt_20260807_040332_678.png
20260807_040335_040,2026-08-07 04:03:35,False,10000,181,0.0,0,0.4,0.2,0.3,0,0.5,10,9.5,10,rrt_20260807_040335_040.png
20260807_040337_419,2026-08-07 04:03:37,False,10000,151,0.0,0,0.4,0.2,0.3,0,0.5,10,9.5,10,rrt_20260807_040337_419.png
20260807_040338_744,2026-08-07 04:03:38,False,10000,69,0.0,0,0.4,0.2,0.3,0,0.5,10,9.5,10,rrt_20260807_040338_744.png
20260807_040340_886,2026-08-07 04:03:40,False,10000,161,0.0,0,0.4,0.2,0.3,0,0.5,10,9.5,10,rrt_20260807_040340_886.png
20260807_040343_187,2026-08-07 04:03:43,False,10000,140,0.0,0,0.4,0.2,0.3,0,0.5,10,9.5,10,rrt_20260807_040343_187.png
20260807_040345_638,2026-08-07 04:03:45,False,10000,153,0.0,0,0.4,0.2,0.3,0,0.5,10,9.5,10,rrt_20260807_040345_638.png
20260807_040347_163,2026-08-07 04:03:47,False,10000,70,0.0,0,0.4,0.2,0.3,0,0.5,10,9.5,10,rrt_20260807_040347_163.png
20260807_040348_641,2026-08-07 04:03:48,False,10000,70,0.0,0,0.4,0.2,0.3,0,0.5,10,9.5,10,rrt_20260807_040348_641.png
20260807_040349_483,2026-08-07 04:03:49,True,4101,112,21.600000000000005,55,0.4,0.2,0.3,0,0.5,10,9.5,10,rrt_20260807_040349_483.png
20260807_040351_643,2026-08-07 04:03:51,False,10000,165,0.0,0,0.4,0.2,0.3,0,0.5,10,9.5,10,rrt_20260807_040351_643.png
20260807_040353_824,2026-08-07 04:03:53,False,10000,156,0.0,0,0.4,0.2,0.3,0,0.5,10,9.5,10,rrt_20260807_040353_824.png
20260807_040356_236,2026-08-07 04:03:56,False,10000,161,0.0,0,0.4,0.2,0.3,0,0.5,10,9.5,10,rrt_20260807_040356_236.png
20260807_040358_761,2026-08-07 04:03:58,False,10000,151,0.0,0,0.4,0.2,0.3,0,0.5,10,9.5,10,rrt_20260807_040358_761.png
20260807_040359_687,2026-08-07 04:03:59,True,4465,130,18.0,46,0.4,0.2,0.3,0,0.5,10,9.5,10,rrt_20260807_040359_687.png
20260807_040400_338,2026-08-07 04:04:00,True,2225,104,18.800000000000008,48,0.4,0.2,0.3,0,0.5,10,9.5,10,rrt_20260807_040400_338.png
20260807_040402_842,2026-08-07 04:04:02,False,10000,157,0.0,0,0.4,0.2,0.3,0,0.5,10,9.5,10,rrt_20260807_040402_842.png
20260807_040405_231,2026-08-07 04:04:05,False,10000,143,0.0,0,0.4,0.2,0.3,0,0.5,10,9.5,10,rrt_20260807_040405_231.png
20260807_040405_736,2026-08-07 04:04:05,True,1027,81,16.800000000000004,43,0.4,0.2,0.3,0,0.5,10,9.5,10,rrt_20260807_040405_736.png
20260807_040407_831,2026-08-07 04:04:07,False,10000,151,0.0,0,0.4,0.2,0.3,0,0.5,10,9.5,10,rrt_20260807_040407_831.png
20260807_040410_503,2026-08-07 04:04:10,False,10000,200,0.0,0,0.4,0.2,0.3,0,0.5,10,9.5,10,rrt_20260807_040410_503.png
20260807_040412_612,2026-08-07 04:04:12,False,10000,138,0.0,0,0.4,0.2,0.3,0,0.5,10,9.5,10,rrt_20260807_040412_612.png
20260807_040413_386,2026-08-07 04:04:13,True,2640,162,17.2,44,0.4,0.2,0.3,0,0.5,10,9.5,10,rrt_20260807_040413_386.png
20260807_040415_644,2026-08-07 04:04:15,False,10000,147,0.0,0,0.4,0.2,0.3,0,0.5,10,9.5,10,rrt_20260807_040415_644.png
20260807_040418_028,2026-08-07 04:04:18,False,10000,169,0.0,0,0.4,0.2,0.3,0,0.5,10,9.5,10,rrt_20260807_040418_028.png
20260807_040419_572,2026-08-07 04:04:19,False,10000,73,0.0,0,0.4,0.2,0.3,0,0.5,10,9.5,10,rrt_20260807_040419_572.png
20260807_040421_667,2026-08-07 04:04:21,False,10000,129,0.0,0,0.4,0.2,0.3,0,0.5,10,9.5,10,rrt_20260807_040421_667.png
20260807_040422_424,2026-08-07 04:04:22,True,2763,102,17.200000000000003,44,0.4,0.2,0.3,0,0.5,10,9.5,10,rrt_20260807_040422_424.png
20260807_040424_967,2026-08-07 04:04:24,False,10000,152,0.0,0,0.4,0.2,0.3,0,0.5,10,9.5,10,rrt_20260807_040424_967.png
20260807_040427_739,2026-08-07 04:04:27,False,10000,172,0.0,0,0.4,0.2,0.3,0,0.5,10,9.5,10,rrt_20260807_040427_739.png
20260807_040429_848,2026-08-07 04:04:29,False,10000,151,0.0,0,0.4,0.2,0.3,0,0.5,10,9.5,10,rrt_20260807_040429_848.png
20260807_040430_615,2026-08-07 04:04:30,True,2317,103,19.952898436340995,51,0.4,0.2,0.3,0,0.5,10,9.5,10,rrt_20260807_040430_615.png
20260807_040432_613,2026-08-07 04:04:32,False,10000,124,0.0,0,0.4,0.2,0.3,0,0.5,10,9.5,10,rrt_20260807_040432_613.png
20260807_040435_025,2026-08-07 04:04:35,False,10000,173,0.0,0,0.4,0.2,0.3,0,0.5,10,9.5,10,rrt_20260807_040435_025.png
20260807_040437_048,2026-08-07 04:04:37,False,10000,130,0.0,0,0.4,0.2,0.3,0,0.5,10,9.5,10,rrt_20260807_040437_048.png
20260807_040439_174,2026-08-07 04:04:39,False,10000,148,0.0,0,0.4,0.2,0.3,0,0.5,10,9.5,10,rrt_20260807_040439_174.png
20260807_040441_373,2026-08-07 04:04:41,False,10000,163,0.0,0,0.4,0.2,0.3,0,0.5,10,9.5,10,rrt_20260807_040441_373.png
20260807_040443_474,2026-08-07 04:04:43,False,10000,138,0.0,0,0.4,0.2,0.3,0,0.5,10,9.5,10,rrt_20260807_040443_474.png
20260807_040445_909,2026-08-07 04:04:45,False,10000,155,0.0,0,0.4,0.2,0.3,0,0.5,10,9.5,10,rrt_20260807_040445_909.png
20260807_040448_015,2026-08-07 04:04:48,False,10000,142,0.0,0,0.4,0.2,0.3,0,0.5,10,9.5,10,rrt_20260807_040448_015.png
20260807_040450_391,2026-08-07 04:04:50,False,10000,144,0.0,0,0.4,0.2,0.3,0,0.5,10,9.5,10,rrt_20260807_040450_391.png
20260807_040452_742,2026-08-07 04:04:52,False,10000,156,0.0,0,0.4,0.2,0.3,0,0.5,10,9.5,10,rrt_20260807_040452_742.png
20260807_040454_883,2026-08-07 04:04:54,False,10000,151,0.0,0,0.4,0.2,0.3,0,0.5,10,9.5,10,rrt_20260807_040454_883.png
20260807_040456_191,2026-08-07 04:04:56,True,4937,163,17.12668251576834,44,0.4,0.2,0.3,0,0.5,10,9.5,10,rrt_20260807_040456_191.png
20260807_040458_006,2026-08-07 04:04:58,False,10000,125,0.0,0,0.4,0.2,0.3,0,0.5,10,9.5,10,rrt_20260807_040458_006.png
20260807_040458_800,2026-08-07 04:04:58,True,2954,126,17.122766833414925,44,0.4,0.2,0.3,0,0.5,10,9.5,10,rrt_20260807_040458_800.png
20260807_040501_186,2026-08-07 04:05:01,False,10000,155,0.0,0,0.4,0.2,0.3,0,0.5,10,9.5,10,rrt_20260807_040501_186.png
20260807_040503_989,2026-08-07 04:05:03,False,10000,156,0.0,0,0.4,0.2,0.3,0,0.5,10,9.5,10,rrt_20260807_040503_989.png
20260807_040505_332,2026-08-07 04:05:05,False,10000,71,0.0,0,0.4,0.3,0.3,0,0.5,10,9.5,10,rrt_20260807_040505_332.png
20260807_040507_521,2026-08-07 04:05:07,False,10000,149,0.0,0,0.4,0.3,0.3,0,0.5,10,9.5,10,rrt_20260807_040507_521.png
20260807_040509_981,2026-08-07 04:05:09,False,10000,149,0.0,0,0.4,0.3,0.3,0,0.5,10,9.5,10,rrt_20260807_040509_981.png
20260807_040512_119,2026-08-07 04:05:12,False,10000,140,0.0,0,0.4,0.3,0.3,0,0.5,10,9.5,10,rrt_20260807_040512_119.png
20260807_040514_286,2026-08-07 04:05:14,False,10000,132,0.0,0,0.4,0.3,0.3,0,0.5,10,9.5,10,rrt_20260807_040514_286.png
20260807_040516_528,2026-08-07 04:05:16,False,10000,150,0.0,0,0.4,0.3,0.3,0,0.5,10,9.5,10,rrt_20260807_040516_528.png
20260807_040518_962,2026-08-07 04:05:18,False,10000,147,0.0,0,0.4,0.3,0.3,0,0.5,10,9.5,10,rrt_20260807_040518_962.png
20260807_040521_362,2026-08-07 04:05:21,False,10000,145,0.0,0,0.4,0.3,0.3,0,0.5,10,9.5,10,rrt_20260807_040521_362.png
20260807_040522_187,2026-08-07 04:05:22,True,2809,143,16.400000000000006,42,0.4,0.3,0.3,0,0.5,10,9.5,10,rrt_20260807_040522_187.png
20260807_040523_631,2026-08-07 04:05:23,False,10000,68,0.0,0,0.4,0.3,0.3,0,0.5,10,9.5,10,rrt_20260807_040523_631.png
20260807_040525_819,2026-08-07 04:05:25,False,10000,126,0.0,0,0.4,0.3,0.3,0,0.5,10,9.5,10,rrt_20260807_040525_819.png
20260807_040526_298,2026-08-07 04:05:26,True,384,62,17.6,45,0.4,0.3,0.3,0,0.5,10,9.5,10,rrt_20260807_040526_298.png
20260807_040528_433,2026-08-07 04:05:28,False,10000,154,0.0,0,0.4,0.3,0.3,0,0.5,10,9.5,10,rrt_20260807_040528_433.png
20260807_040530_557,2026-08-07 04:05:30,False,10000,119,0.0,0,0.4,0.3,0.3,0,0.5,10,9.5,10,rrt_20260807_040530_557.png
20260807_040531_892,2026-08-07 04:05:31,False,10000,73,0.0,0,0.4,0.3,0.3,0,0.5,10,9.5,10,rrt_20260807_040531_892.png
20260807_040533_550,2026-08-07 04:05:33,False,10000,85,0.0,0,0.4,0.3,0.3,0,0.5,10,9.5,10,rrt_20260807_040533_550.png
20260807_040536_108,2026-08-07 04:05:36,False,10000,151,0.0,0,0.4,0.3,0.3,0,0.5,10,9.5,10,rrt_20260807_040536_108.png
20260807_040538_496,2026-08-07 04:05:38,False,10000,154,0.0,0,0.4,0.3,0.3,0,0.5,10,9.5,10,rrt_20260807_040538_496.png
20260807_040540_161,2026-08-07 04:05:40,False,10000,87,0.0,0,0.4,0.3,0.3,0,0.5,10,9.5,10,rrt_20260807_040540_161.png
20260807_040542_847,2026-08-07 04:05:42,False,10000,178,0.0,0,0.4,0.3,0.3,0,0.5,10,9.5,10,rrt_20260807_040542_847.png
20260807_040545_598,2026-08-07 04:05:45,False,10000,218,0.0,0,0.4,0.3,0.3,0,0.5,10,9.5,10,rrt_20260807_040545_598.png
20260807_040547_164,2026-08-07 04:05:47,False,10000,72,0.0,0,0.4,0.3,0.3,0,0.5,10,9.5,10,rrt_20260807_040547_164.png
20260807_040547_670,2026-08-07 04:05:47,True,914,98,18.712220781931396,48,0.4,0.3,0.3,0,0.5,10,9.5,10,rrt_20260807_040547_670.png
20260807_040549_935,2026-08-07 04:05:49,False,10000,165,0.0,0,0.4,0.3,0.3,0,0.5,10,9.5,10,rrt_20260807_040549_935.png
20260807_040552_374,2026-08-07 04:05:52,False,10000,132,0.0,0,0.4,0.3,0.3,0,0.5,10,9.5,10,rrt_20260807_040552_374.png
20260807_040554_675,2026-08-07 04:05:54,False,10000,148,0.0,0,0.4,0.3,0.3,0,0.5,10,9.5,10,rrt_20260807_040554_675.png
20260807_040556_119,2026-08-07 04:05:56,False,10000,62,0.0,0,0.4,0.3,0.3,0,0.5,10,9.5,10,rrt_20260807_040556_119.png
20260807_040556_584,2026-08-07 04:05:56,True,598,87,16.72351256070217,43,0.4,0.3,0.3,0,0.5,10,9.5,10,rrt_20260807_040556_584.png
20260807_040558_767,2026-08-07 04:05:58,False,10000,146,0.0,0,0.4,0.3,0.3,0,0.5,10,9.5,10,rrt_20260807_040558_767.png
20260807_040600_988,2026-08-07 04:06:00,False,10000,144,0.0,0,0.4,0.3,0.3,0,0.5,10,9.5,10,rrt_20260807_040600_988.png
20260807_040603_531,2026-08-07 04:06:03,False,10000,135,0.0,0,0.4,0.3,0.3,0,0.5,10,9.5,10,rrt_20260807_040603_531.png
20260807_040605_444,2026-08-07 04:06:05,False,10000,114,0.0,0,0.4,0.3,0.3,0,0.5,10,9.5,10,rrt_20260807_040605_444.png
20260807_040607_719,2026-08-07 04:06:07,False,10000,154,0.0,0,0.4,0.3,0.3,0,0.5,10,9.5,10,rrt_20260807_040607_719.png
20260807_040610_168,2026-08-07 04:06:10,False,10000,181,0.0,0,0.4,0.3,0.3,0,0.5,10,9.5,10,rrt_20260807_040610_168.png
20260807_040612_835,2026-08-07 04:06:12,False,10000,145,0.0,0,0.4,0.3,0.3,0,0.5,10,9.5,10,rrt_20260807_040612_835.png
20260807_040614_199,2026-08-07 04:06:14,False,10000,70,0.0,0,0.4,0.3,0.3,0,0.5,10,9.5,10,rrt_20260807_040614_199.png
20260807_040616_463,2026-08-07 04:06:16,False,10000,150,0.0,0,0.4,0.3,0.3,0,0.5,10,9.5,10,rrt_20260807_040616_463.png
20260807_040617_014,2026-08-07 04:06:17,True,938,91,18.000000000000007,46,0.4,0.3,0.3,0,0.5,10,9.5,10,rrt_20260807_040617_014.png
20260807_040617_879,2026-08-07 04:06:17,True,3215,173,20.799999999999997,53,0.4,0.3,0.3,0,0.5,10,9.5,10,rrt_20260807_040617_879.png
20260807_040619_631,2026-08-07 04:06:19,False,10000,73,0.0,0,0.4,0.3,0.3,0,0.5,10,9.5,10,rrt_20260807_040619_631.png
20260807_040621_504,2026-08-07 04:06:21,False,10000,112,0.0,0,0.4,0.3,0.3,0,0.5,10,9.5,10,rrt_20260807_040621_504.png
20260807_040622_274,2026-08-07 04:06:22,True,2506,158,17.599999999999994,45,0.4,0.3,0.3,0,0.5,10,9.5,10,rrt_20260807_040622_274.png
20260807_040624_557,2026-08-07 04:06:24,False,10000,159,0.0,0,0.4,0.3,0.3,0,0.5,10,9.5,10,rrt_20260807_040624_557.png
20260807_040626_565,2026-08-07 04:06:26,False,10000,123,0.0,0,0.4,0.3,0.3,0,0.5,10,9.5,10,rrt_20260807_040626_565.png
20260807_040628_934,2026-08-07 04:06:28,False,10000,145,0.0,0,0.4,0.3,0.3,0,0.5,10,9.5,10,rrt_20260807_040628_934.png
20260807_040630_963,2026-08-07 04:06:30,False,10000,128,0.0,0,0.4,0.3,0.3,0,0.5,10,9.5,10,rrt_20260807_040630_963.png
20260807_040633_219,2026-08-07 04:06:33,False,10000,152,0.0,0,0.4,0.3,0.3,0,0.5,10,9.5,10,rrt_20260807_040633_219.png
20260807_040633_707,2026-08-07 04:06:33,True,722,82,16.707106415411186,43,0.4,0.3,0.3,0,0.5,10,9.5,10,rrt_20260807_040633_707.png
20260807_040634_401,2026-08-07 04:06:34,True,2664,128,21.19999999999999,54,0.4,0.3,0.3,0,0.5,10,9.5,10,rrt_20260807_040634_401.png
20260807_040636_513,2026-08-07 04:06:36,False,10000,145,0.0,0,0.4,0.3,0.3,0,0.5,10,9.5,10,rrt_20260807_040636_513.png
20260807_040639_144,2026-08-07 04:06:39,False,10000,197,0.0,0,0.4,0.3,0.3,0,0.5,10,9.5,10,rrt_20260807_040639_144.png
20260807_040641_150,2026-08-07 04:06:41,False,10000,126,0.0,0,0.4,0.3,0.3,0,0.5,10,9.5,10,rrt_20260807_040641_150.png
20260807_040642_688,2026-08-07 04:06:42,False,10000,70,0.0,0,0.4,0.3,0.3,0,0.5,10,9.5,10,rrt_20260807_040642_688.png
20260807_040644_757,2026-08-07 04:06:44,False,10000,119,0.0,0,0.4,0.3,0.3,0,0.5,10,9.5,10,rrt_20260807_040644_757.png
20260807_040646_910,2026-08-07 04:06:46,False,10000,146,0.0,0,0.4,0.3,0.3,0,0.5,10,9.5,10,rrt_20260807_040646_910.png
20260807_040648_145,2026-08-07 04:06:48,False,10000,62,0.0,0,0.4,0.3,0.3,0,0.5,10,9.5,10,rrt_20260807_040648_145.png
20260807_040650_173,2026-08-07 04:06:50,False,10000,139,0.0,0,0.4,0.3,0.3,0,0.5,10,9.5,10,rrt_20260807_040650_173.png
20260807_040653_051,2026-08-07 04:06:53,False,10000,200,0.0,0,0.4,0.3,0.3,0,0.5,10,9.5,10,rrt_20260807_040653_051.png
20260807_040655_557,2026-08-07 04:06:55,False,10000,167,0.0,0,0.4,0.3,0.3,0,0.5,10,9.5,10,rrt_20260807_040655_557.png
20260807_040657_479,2026-08-07 04:06:57,False,10000,130,0.0,0,0.4,0.3,0.3,0,0.5,10,9.5,10,rrt_20260807_040657_479.png
20260807_040700_241,2026-08-07 04:07:00,False,10000,207,0.0,0,0.4,0.3,0.3,0,0.5,10,9.5,10,rrt_20260807_040700_241.png
20260807_040702_768,2026-08-07 04:07:02,False,10000,149,0.0,0,0.4,0.3,0.3,0,0.5,10,9.5,10,rrt_20260807_040702_768.png
20260807_040704_054,2026-08-07 04:07:04,False,10000,66,0.0,0,0.4,0.3,0.3,0,0.5,10,9.5,10,rrt_20260807_040704_054.png
20260807_040706_368,2026-08-07 04:07:06,False,10000,143,0.0,0,0.4,0.3,0.3,0,0.5,10,9.5,10,rrt_20260807_040706_368.png
20260807_040708_862,2026-08-07 04:07:08,False,10000,162,0.0,0,0.4,0.3,0.3,0,0.5,10,9.5,10,rrt_20260807_040708_862.png
20260807_040711_426,2026-08-07 04:07:11,False,10000,161,0.0,0,0.4,0.3,0.3,0,0.5,10,9.5,10,rrt_20260807_040711_426.png
20260807_040713_451,2026-08-07 04:07:13,False,10000,116,0.0,0,0.4,0.3,0.3,0,0.5,10,9.5,10,rrt_20260807_040713_451.png
20260807_040714_421,2026-08-07 04:07:14,True,3830,170,21.531330942022134,55,0.4,0.3,0.3,0,0.5,10,9.5,10,rrt_20260807_040714_421.png
20260807_040716_749,2026-08-07 04:07:16,False,10000,146,0.0,0,0.4,0.3,0.3,0,0.5,10,9.5,10,rrt_20260807_040716_749.png
20260807_040719_121,2026-08-07 04:07:19,False,10000,148,0.0,0,0.4,0.3,0.3,0,0.5,10,9.5,10,rrt_20260807_040719_121.png
20260807_040721_497,2026-08-07 04:07:21,False,10000,145,0.0,0,0.4,0.3,0.3,0,0.5,10,9.5,10,rrt_20260807_040721_497.png
20260807_040722_822,2026-08-07 04:07:22,False,10000,71,0.0,0,0.4,0.3,0.3,0,0.5,10,9.5,10,rrt_20260807_040722_822.png
20260807_040725_143,2026-08-07 04:07:25,False,10000,143,0.0,0,0.4,0.3,0.3,0,0.5,10,9.5,10,rrt_20260807_040725_143.png
20260807_040727_181,2026-08-07 04:07:27,False,10000,129,0.0,0,0.4,0.3,0.3,0,0.5,10,9.5,10,rrt_20260807_040727_181.png
20260807_040727_718,2026-08-07 04:07:27,True,1706,86,19.507732818240015,50,0.4,0.3,0.3,0,0.5,10,9.5,10,rrt_20260807_040727_718.png
20260807_040729_887,2026-08-07 04:07:29,False,10000,150,0.0,0,0.4,0.3,0.3,0,0.5,10,9.5,10,rrt_20260807_040729_887.png
20260807_040731_918,2026-08-07 04:07:31,False,10000,130,0.0,0,0.4,0.3,0.3,0,0.5,10,9.5,10,rrt_20260807_040731_918.png
20260807_040734_190,2026-08-07 04:07:34,False,10000,158,0.0,0,0.4,0.3,0.3,0,0.5,10,9.5,10,rrt_20260807_040734_190.png
20260807_040736_695,2026-08-07 04:07:36,False,10000,137,0.0,0,0.4,0.3,0.3,0,0.5,10,9.5,10,rrt_20260807_040736_695.png
20260807_040738_944,2026-08-07 04:07:38,False,10000,149,0.0,0,0.4,0.3,0.3,0,0.5,10,9.5,10,rrt_20260807_040738_944.png
20260807_040740_791,2026-08-07 04:07:40,False,10000,104,0.0,0,0.4,0.3,0.3,0,0.5,10,9.5,10,rrt_20260807_040740_791.png
20260807_040743_105,2026-08-07 04:07:43,False,10000,161,0.0,0,0.4,0.3,0.3,0,0.5,10,9.5,10,rrt_20260807_040743_105.png
20260807_040743_800,2026-08-07 04:07:43,True,2137,140,18.400000000000002,47,0.4,0.3,0.3,0,0.5,10,9.5,10,rrt_20260807_040743_800.png
20260807_040745_500,2026-08-07 04:07:45,False,10000,68,0.0,0,0.4,0.3,0.3,0,0.5,10,9.5,10,rrt_20260807_040745_500.png
20260807_040746_102,2026-08-07 04:07:46,True,2307,95,20.79999999999999,53,0.4,0.3,0.3,0,0.5,10,9.5,10,rrt_20260807_040746_102.png
20260807_040747_453,2026-08-07 04:07:47,False,10000,71,0.0,0,0.4,0.3,0.3,0,0.5,10,9.5,10,rrt_20260807_040747_453.png
20260807_040749_564,2026-08-07 04:07:49,False,10000,140,0.0,0,0.4,0.3,0.3,0,0.5,10,9.5,10,rrt_20260807_040749_564.png
20260807_040751_947,2026-08-07 04:07:51,False,10000,145,0.0,0,0.4,0.3,0.3,0,0.5,10,9.5,10,rrt_20260807_040751_947.png
20260807_040754_296,2026-08-07 04:07:54,False,10000,159,0.0,0,0.4,0.3,0.3,0,0.5,10,9.5,10,rrt_20260807_040754_296.png
20260807_040756_523,2026-08-07 04:07:56,False,10000,151,0.0,0,0.4,0.3,0.3,0,0.5,10,9.5,10,rrt_20260807_040756_523.png
20260807_040757_813,2026-08-07 04:07:57,False,10000,62,0.0,0,0.4,0.3,0.3,0,0.5,10,9.5,10,rrt_20260807_040757_813.png
20260807_040759_334,2026-08-07 04:07:59,False,10000,72,0.0,0,0.4,0.3,0.3,0,0.5,10,9.5,10,rrt_20260807_040759_334.png
20260807_040801_854,2026-08-07 04:08:01,False,10000,187,0.0,0,0.4,0.3,0.3,0,0.5,10,9.5,10,rrt_20260807_040801_854.png
20260807_040803_986,2026-08-07 04:08:03,False,10000,138,0.0,0,0.4,0.3,0.3,0,0.5,10,9.5,10,rrt_20260807_040803_986.png
20260807_040805_360,2026-08-07 04:08:05,False,10000,71,0.0,0,0.4,0.3,0.3,0,0.5,10,9.5,10,rrt_20260807_040805_360.png
20260807_040807_194,2026-08-07 04:08:07,False,10000,110,0.0,0,0.4,0.3,0.3,0,0.5,10,9.5,10,rrt_20260807_040807_194.png
20260807_040809_662,2026-08-07 04:08:09,False,10000,162,0.0,0,0.4,0.3,0.3,0,0.5,10,9.5,10,rrt_20260807_040809_662.png
20260807_040811_732,2026-08-07 04:08:11,False,10000,117,0.0,0,0.4,0.3,0.3,0,0.5,10,9.5,10,rrt_20260807_040811_732.png
20260807_040814_153,2026-08-07 04:08:14,False,10000,150,0.0,0,0.4,0.3,0.3,0,0.5,10,9.5,10,rrt_20260807_040814_153.png
20260807_040816_223,2026-08-07 04:08:16,False,10000,132,0.0,0,0.4,0.3,0.3,0,0.5,10,9.5,10,rrt_20260807_040816_223.png
20260807_040817_210,2026-08-07 04:08:17,True,3236,163,20.721239884458377,53,0.4,0.4,0.3,0,0.5,10,9.5,10,rrt_20260807_040817_210.png
20260807_040819_440,2026-08-07 04:08:19,False,10000,153,0.0,0,0.4,0.4,0.3,0,0.5,10,9.5,10,rrt_20260807_040819_440.png
20260807_040820_995,2026-08-07 04:08:20,False,10000,74,0.0,0,0.4,0.4,0.3,0,0.5,10,9.5,10,rrt_20260807_040820_995.png
20260807_040823_316,2026-08-07 04:08:23,False,10000,144,0.0,0,0.4,0.4,0.3,0,0.5,10,9.5,10,rrt_20260807_040823_316.png
20260807_040825_348,2026-08-07 04:08:25,False,10000,136,0.0,0,0.4,0.4,0.3,0,0.5,10,9.5,10,rrt_20260807_040825_348.png
20260807_040827_611,2026-08-07 04:08:27,False,10000,135,0.0,0,0.4,0.4,0.3,0,0.5,10,9.5,10,rrt_20260807_040827_611.png
20260807_040829_452,2026-08-07 04:08:29,False,10000,107,0.0,0,0.4,0.4,0.3,0,0.5,10,9.5,10,rrt_20260807_040829_452.png
20260807_040830_403,2026-08-07 04:08:30,True,2863,168,18.000000000000007,46,0.4,0.4,0.3,0,0.5,10,9.5,10,rrt_20260807_040830_403.png
20260807_040832_783,2026-08-07 04:08:32,False,10000,169,0.0,0,0.4,0.4,0.3,0,0.5,10,9.5,10,rrt_20260807_040832_783.png
20260807_040834_593,2026-08-07 04:08:34,False,10000,106,0.0,0,0.4,0.4,0.3,0,0.5,10,9.5,10,rrt_20260807_040834_593.png
20260807_040836_489,2026-08-07 04:08:36,False,10000,113,0.0,0,0.4,0.4,0.3,0,0.5,10,9.5,10,rrt_20260807_040836_489.png
20260807_040838_766,2026-08-07 04:08:38,False,10000,137,0.0,0,0.4,0.4,0.3,0,0.5,10,9.5,10,rrt_20260807_040838_766.png
20260807_040839_353,2026-08-07 04:08:39,True,926,95,19.999999999999993,51,0.4,0.4,0.3,0,0.5,10,9.5,10,rrt_20260807_040839_353.png
20260807_040841_527,2026-08-07 04:08:41,False,10000,153,0.0,0,0.4,0.4,0.3,0,0.5,10,9.5,10,rrt_20260807_040841_527.png
20260807_040843_420,2026-08-07 04:08:43,False,10000,88,0.0,0,0.4,0.4,0.3,0,0.5,10,9.5,10,rrt_20260807_040843_420.png
20260807_040845_407,2026-08-07 04:08:45,False,10000,124,0.0,0,0.4,0.4,0.3,0,0.5,10,9.5,10,rrt_20260807_040845_407.png
20260807_040846_648,2026-08-07 04:08:46,False,10000,58,0.0,0,0.4,0.4,0.3,0,0.5,10,9.5,10,rrt_20260807_040846_648.png
20260807_040849_037,2026-08-07 04:08:49,False,10000,151,0.0,0,0.4,0.4,0.3,0,0.5,10,9.5,10,rrt_20260807_040849_037.png
20260807_040850_481,2026-08-07 04:08:50,False,10000,63,0.0,0,0.4,0.4,0.3,0,0.5,10,9.5,10,rrt_20260807_040850_481.png
20260807_040851_988,2026-08-07 04:08:51,False,10000,69,0.0,0,0.4,0.4,0.3,0,0.5,10,9.5,10,rrt_20260807_040851_988.png
20260807_040853_187,2026-08-07 04:08:53,False,10000,58,0.0,0,0.4,0.4,0.3,0,0.5,10,9.5,10,rrt_20260807_040853_187.png
20260807_040856_026,2026-08-07 04:08:56,False,10000,204,0.0,0,0.4,0.4,0.3,0,0.5,10,9.5,10,rrt_20260807_040856_026.png
20260807_040858_349,2026-08-07 04:08:58,False,10000,160,0.0,0,0.4,0.4,0.3,0,0.5,10,9.5,10,rrt_20260807_040858_349.png
20260807_040900_855,2026-08-07 04:09:00,False,10000,158,0.0,0,0.4,0.4,0.3,0,0.5,10,9.5,10,rrt_20260807_040900_855.png
20260807_040903_265,2026-08-07 04:09:03,False,10000,149,0.0,0,0.4,0.4,0.3,0,0.5,10,9.5,10,rrt_20260807_040903_265.png
20260807_040903_757,2026-08-07 04:09:03,True,867,99,20.399999999999995,52,0.4,0.4,0.3,0,0.5,10,9.5,10,rrt_20260807_040903_757.png
20260807_040906_483,2026-08-07 04:09:06,False,10000,203,0.0,0,0.4,0.4,0.3,0,0.5,10,9.5,10,rrt_20260807_040906_483.png
20260807_040908_965,2026-08-07 04:09:08,False,10000,156,0.0,0,0.4,0.4,0.3,0,0.5,10,9.5,10,rrt_20260807_040908_965.png
20260807_040909_449,2026-08-07 04:09:09,True,436,85,17.6,45,0.4,0.4,0.3,0,0.5,10,9.5,10,rrt_20260807_040909_449.png
20260807_040910_031,2026-08-07 04:09:10,True,1794,140,17.600000000000005,45,0.4,0.4,0.3,0,0.5,10,9.5,10,rrt_20260807_040910_031.png
20260807_040911_850,2026-08-07 04:09:11,False,10000,117,0.0,0,0.4,0.4,0.3,0,0.5,10,9.5,10,rrt_20260807_040911_850.png
20260807_040914_291,2026-08-07 04:09:14,False,10000,179,0.0,0,0.4,0.4,0.3,0,0.5,10,9.5,10,rrt_20260807_040914_291.png
20260807_040916_205,2026-08-07 04:09:16,False,10000,69,0.0,0,0.4,0.4,0.3,0,0.5,10,9.5,10,rrt_20260807_040916_205.png
20260807_040918_180,2026-08-07 04:09:18,False,10000,125,0.0,0,0.4,0.4,0.3,0,0.5,10,9.5,10,rrt_20260807_040918_180.png
20260807_040920_571,2026-08-07 04:09:20,False,10000,161,0.0,0,0.4,0.4,0.3,0,0.5,10,9.5,10,rrt_20260807_040920_571.png
20260807_040922_099,2026-08-07 04:09:22,False,10000,69,0.0,0,0.4,0.4,0.3,0,0.5,10,9.5,10,rrt_20260807_040922_099.png
20260807_040923_620,2026-08-07 04:09:23,False,10000,70,0.0,0,0.4,0.4,0.3,0,0.5,10,9.5,10,rrt_20260807_040923_620.png
20260807_040924_183,2026-08-07 04:09:24,True,1560,119,19.199999999999996,49,0.4,0.4,0.3,0,0.5,10,9.5,10,rrt_20260807_040924_183.png
20260807_040924_746,2026-08-07 04:09:24,True,1366,119,19.2,49,0.4,0.4,0.3,0,0.5,10,9.5,10,rrt_20260807_040924_746.png
20260807_040927_120,2026-08-07 04:09:27,False,10000,161,0.0,0,0.4,0.4,0.3,0,0.5,10,9.5,10,rrt_20260807_040927_120.png
20260807_040927_929,2026-08-07 04:09:27,True,1327,108,20.399999999999995,52,0.4,0.4,0.3,0,0.5,10,9.5,10,rrt_20260807_040927_929.png
20260807_040930_347,2026-08-07 04:09:30,False,10000,157,0.0,0,0.4,0.4,0.3,0,0.5,10,9.5,10,rrt_20260807_040930_347.png
20260807_040931_426,2026-08-07 04:09:31,True,3787,152,17.926338883834827,46,0.4,0.4,0.3,0,0.5,10,9.5,10,rrt_20260807_040931_426.png
20260807_040933_229,2026-08-07 04:09:33,False,10000,113,0.0,0,0.4,0.4,0.3,0,0.5,10,9.5,10,rrt_20260807_040933_229.png
20260807_040935_299,2026-08-07 04:09:35,False,10000,136,0.0,0,0.4,0.4,0.3,0,0.5,10,9.5,10,rrt_20260807_040935_299.png
20260807_040937_771,2026-08-07 04:09:37,False,10000,157,0.0,0,0.4,0.4,0.3,0,0.5,10,9.5,10,rrt_20260807_040937_771.png
20260807_040939_863,2026-08-07 04:09:39,False,10000,138,0.0,0,0.4,0.4,0.3,0,0.5,10,9.5,10,rrt_20260807_040939_863.png
20260807_040941_677,2026-08-07 04:09:41,False,10000,104,0.0,0,0.4,0.4,0.3,0,0.5,10,9.5,10,rrt_20260807_040941_677.png
20260807_040944_027,2026-08-07 04:09:44,False,10000,159,0.0,0,0.4,0.4,0.3,0,0.5,10,9.5,10,rrt_20260807_040944_027.png
20260807_040946_708,2026-08-07 04:09:46,False,10000,153,0.0,0,0.4,0.4,0.3,0,0.5,10,9.5,10,rrt_20260807_040946_708.png
20260807_040947_245,2026-08-07 04:09:47,True,1072,110,20.74617839415132,53,0.4,0.4,0.3,0,0.5,10,9.5,10,rrt_20260807_040947_245.png
20260807_040948_741,2026-08-07 04:09:48,False,10000,88,0.0,0,0.4,0.4,0.3,0,0.5,10,9.5,10,rrt_20260807_040948_741.png
20260807_040950_042,2026-08-07 04:09:50,False,10000,61,0.0,0,0.4,0.4,0.3,0,0.5,10,9.5,10,rrt_20260807_040950_042.png
20260807_040952_061,2026-08-07 04:09:52,False,10000,131,0.0,0,0.4,0.4,0.3,0,0.5,10,9.5,10,rrt_20260807_040952_061.png
20260807_040954_107,2026-08-07 04:09:54,False,10000,112,0.0,0,0.4,0.4,0.3,0,0.5,10,9.5,10,rrt_20260807_040954_107.png
20260807_040956_564,2026-08-07 04:09:56,False,10000,150,0.0,0,0.4,0.4,0.3,0,0.5,10,9.5,10,rrt_20260807_040956_564.png
20260807_040958_656,2026-08-07 04:09:58,False,10000,123,0.0,0,0.4,0.4,0.3,0,0.5,10,9.5,10,rrt_20260807_040958_656.png
20260807_041000_663,2026-08-07 04:10:00,False,10000,126,0.0,0,0.4,0.4,0.3,0,0.5,10,9.5,10,rrt_20260807_041000_663.png
20260807_041002_371,2026-08-07 04:10:02,False,10000,67,0.0,0,0.4,0.4,0.3,0,0.5,10,9.5,10,rrt_20260807_041002_371.png
20260807_041004_518,2026-08-07 04:10:04,False,10000,140,0.0,0,0.4,0.4,0.3,0,0.5,10,9.5,10,rrt_20260807_041004_518.png
20260807_041005_289,2026-08-07 04:10:05,True,2663,129,16.80000000000001,43,0.4,0.4,0.3,0,0.5,10,9.5,10,rrt_20260807_041005_289.png
20260807_041008_094,2026-08-07 04:10:08,False,10000,209,0.0,0,0.4,0.4,0.3,0,0.5,10,9.5,10,rrt_20260807_041008_094.png
20260807_041010_427,2026-08-07 04:10:10,False,10000,157,0.0,0,0.4,0.4,0.3,0,0.5,10,9.5,10,rrt_20260807_041010_427.png
20260807_041012_630,2026-08-07 04:10:12,False,10000,139,0.0,0,0.4,0.4,0.3,0,0.5,10,9.5,10,rrt_20260807_041012_630.png
20260807_041014_817,2026-08-07 04:10:14,False,10000,147,0.0,0,0.4,0.4,0.3,0,0.5,10,9.5,10,rrt_20260807_041014_817.png
20260807_041017_072,2026-08-07 04:10:17,False,10000,145,0.0,0,0.4,0.4,0.3,0,0.5,10,9.5,10,rrt_20260807_041017_072.png
20260807_041018_714,2026-08-07 04:10:18,False,10000,91,0.0,0,0.4,0.4,0.3,0,0.5,10,9.5,10,rrt_20260807_041018_714.png
20260807_041020_194,2026-08-07 04:10:20,False,10000,62,0.0,0,0.4,0.4,0.3,0,0.5,10,9.5,10,rrt_20260807_041020_194.png
20260807_041022_294,2026-08-07 04:10:22,False,10000,139,0.0,0,0.4,0.4,0.3,0,0.5,10,9.5,10,rrt_20260807_041022_294.png
20260807_041024_610,2026-08-07 04:10:24,False,10000,153,0.0,0,0.4,0.4,0.3,0,0.5,10,9.5,10,rrt_20260807_041024_610.png
20260807_041026_878,2026-08-07 04:10:26,False,10000,136,0.0,0,0.4,0.4,0.3,0,0.5,10,9.5,10,rrt_20260807_041026_878.png
20260807_041028_998,2026-08-07 04:10:28,False,10000,137,0.0,0,0.4,0.4,0.3,0,0.5,10,9.5,10,rrt_20260807_041028_998.png
20260807_041031_000,2026-08-07 04:10:31,False,10000,113,0.0,0,0.4,0.4,0.3,0,0.5,10,9.5,10,rrt_20260807_041031_000.png
20260807_041033_389,2026-08-07 04:10:33,False,10000,148,0.0,0,0.4,0.4,0.3,0,0.5,10,9.5,10,rrt_20260807_041033_389.png
20260807_041035_651,2026-08-07 04:10:35,False,10000,148,0.0,0,0.4,0.4,0.3,0,0.5,10,9.5,10,rrt_20260807_041035_651.png
20260807_041037_893,2026-08-07 04:10:37,False,10000,129,0.0,0,0.4,0.4,0.3,0,0.5,10,9.5,10,rrt_20260807_041037_893.png
20260807_041040_237,2026-08-07 04:10:40,False,10000,142,0.0,0,0.4,0.4,0.3,0,0.5,10,9.5,10,rrt_20260807_041040_237.png
20260807_041042_462,2026-08-07 04:10:42,False,10000,126,0.0,0,0.4,0.4,0.3,0,0.5,10,9.5,10,rrt_20260807_041042_462.png
20260807_041044_597,2026-08-07 04:10:44,False,10000,133,0.0,0,0.4,0.4,0.3,0,0.5,10,9.5,10,rrt_20260807_041044_597.png
20260807_041046_571,2026-08-07 04:10:46,False,10000,119,0.0,0,0.4,0.4,0.3,0,0.5,10,9.5,10,rrt_20260807_041046_571.png
20260807_041049_015,2026-08-07 04:10:49,False,10000,152,0.0,0,0.4,0.4,0.3,0,0.5,10,9.5,10,rrt_20260807_041049_015.png
20260807_041051_345,2026-08-07 04:10:51,False,10000,169,0.0,0,0.4,0.4,0.3,0,0.5,10,9.5,10,rrt_20260807_041051_345.png
20260807_041052_025,2026-08-07 04:10:52,True,1779,145,17.119691335401154,44,0.4,0.4,0.3,0,0.5,10,9.5,10,rrt_20260807_041052_025.png
20260807_041053_523,2026-08-07 04:10:53,False,10000,87,0.0,0,0.4,0.4,0.3,0,0.5,10,9.5,10,rrt_20260807_041053_523.png
20260807_041054_243,2026-08-07 04:10:54,True,2032,160,17.531432651013546,45,0.4,0.4,0.3,0,0.5,10,9.5,10,rrt_20260807_041054_243.png
20260807_041056_640,2026-08-07 04:10:56,False,10000,133,0.0,0,0.4,0.4,0.3,0,0.5,10,9.5,10,rrt_20260807_041056_640.png
20260807_041058_950,2026-08-07 04:10:58,False,10000,160,0.0,0,0.4,0.4,0.3,0,0.5,10,9.5,10,rrt_20260807_041058_950.png
20260807_041101_359,2026-08-07 04:11:01,False,10000,162,0.0,0,0.4,0.4,0.3,0,0.5,10,9.5,10,rrt_20260807_041101_359.png
20260807_041103_829,2026-08-07 04:11:03,False,10000,156,0.0,0,0.4,0.4,0.3,0,0.5,10,9.5,10,rrt_20260807_041103_829.png
20260807_041105_957,2026-08-07 04:11:05,False,10000,138,0.0,0,0.4,0.4,0.3,0,0.5,10,9.5,10,rrt_20260807_041105_957.png
20260807_041108_266,2026-08-07 04:11:08,False,10000,157,0.0,0,0.4,0.4,0.3,0,0.5,10,9.5,10,rrt_20260807_041108_266.png
20260807_041110_804,2026-08-07 04:11:10,False,10000,170,0.0,0,0.4,0.4,0.3,0,0.5,10,9.5,10,rrt_20260807_041110_804.png
20260807_041113_352,2026-08-07 04:11:13,False,10000,156,0.0,0,0.4,0.4,0.3,0,0.5,10,9.5,10,rrt_20260807_041113_352.png
20260807_041114_727,2026-08-07 04:11:14,False,10000,56,0.0,0,0.4,0.4,0.3,0,0.5,10,9.5,10,rrt_20260807_041114_727.png
20260807_041116_757,2026-08-07 04:11:16,False,10000,74,0.0,0,0.4,0.4,0.3,0,0.5,10,9.5,10,rrt_20260807_041116_757.png
20260807_041117_583,2026-08-07 04:11:17,True,3249,112,19.172847254230923,49,0.4,0.4,0.3,0,0.5,10,9.5,10,rrt_20260807_041117_583.png
20260807_041118_018,2026-08-07 04:11:18,True,522,111,17.184346858661467,44,0.4,0.4,0.3,0,0.5,10,9.5,10,rrt_20260807_041118_018.png
20260807_041119_547,2026-08-07 04:11:19,False,10000,75,0.0,0,0.4,0.4,0.3,0,0.5,10,9.5,10,rrt_20260807_041119_547.png
20260807_041121_909,2026-08-07 04:11:21,False,10000,140,0.0,0,0.4,0.4,0.3,0,0.5,10,9.5,10,rrt_20260807_041121_909.png
20260807_041123_869,2026-08-07 04:11:23,False,10000,119,0.0,0,0.4,0.4,0.3,0,0.5,10,9.5,10,rrt_20260807_041123_869.png
20260807_041126_537,2026-08-07 04:11:26,False,10000,191,0.0,0,0.4,0.5,0.3,0,0.5,10,9.5,10,rrt_20260807_041126_537.png
20260807_041127_173,2026-08-07 04:11:27,True,1654,127,18.78467605517619,48,0.4,0.5,0.3,0,0.5,10,9.5,10,rrt_20260807_041127_173.png
20260807_041129_326,2026-08-07 04:11:29,False,10000,125,0.0,0,0.4,0.5,0.3,0,0.5,10,9.5,10,rrt_20260807_041129_326.png
20260807_041131_705,2026-08-07 04:11:31,False,10000,148,0.0,0,0.4,0.5,0.3,0,0.5,10,9.5,10,rrt_20260807_041131_705.png
20260807_041132_190,2026-08-07 04:11:32,True,797,90,20.800000000000015,53,0.4,0.5,0.3,0,0.5,10,9.5,10,rrt_20260807_041132_190.png
20260807_041134_163,2026-08-07 04:11:34,False,10000,113,0.0,0,0.4,0.5,0.3,0,0.5,10,9.5,10,rrt_20260807_041134_163.png
20260807_041134_640,2026-08-07 04:11:34,True,468,107,17.200000000000006,44,0.4,0.5,0.3,0,0.5,10,9.5,10,rrt_20260807_041134_640.png
20260807_041135_032,2026-08-07 04:11:35,True,289,77,18.000000000000004,46,0.4,0.5,0.3,0,0.5,10,9.5,10,rrt_20260807_041135_032.png
20260807_041137_553,2026-08-07 04:11:37,False,10000,181,0.0,0,0.4,0.5,0.3,0,0.5,10,9.5,10,rrt_20260807_041137_553.png
20260807_041139_519,2026-08-07 04:11:39,False,10000,124,0.0,0,0.4,0.5,0.3,0,0.5,10,9.5,10,rrt_20260807_041139_519.png
20260807_041141_730,2026-08-07 04:11:41,False,10000,142,0.0,0,0.4,0.5,0.3,0,0.5,10,9.5,10,rrt_20260807_041141_730.png
20260807_041144_717,2026-08-07 04:11:44,False,10000,205,0.0,0,0.4,0.5,0.3,0,0.5,10,9.5,10,rrt_20260807_041144_717.png
20260807_041145_223,2026-08-07 04:11:45,True,477,92,18.000000000000004,46,0.4,0.5,0.3,0,0.5,10,9.5,10,rrt_20260807_041145_223.png
20260807_041145_802,2026-08-07 04:11:45,True,719,110,18.8,48,0.4,0.5,0.3,0,0.5,10,9.5,10,rrt_20260807_041145_802.png
20260807_041148_364,2026-08-07 04:11:48,False,10000,186,0.0,0,0.4,0.5,0.3,0,0.5,10,9.5,10,rrt_20260807_041148_364.png
20260807_041150_478,2026-08-07 04:11:50,False,10000,136,0.0,0,0.4,0.5,0.3,0,0.5,10,9.5,10,rrt_20260807_041150_478.png
20260807_041152_802,2026-08-07 04:11:52,False,10000,156,0.0,0,0.4,0.5,0.3,0,0.5,10,9.5,10,rrt_20260807_041152_802.png
20260807_041155_352,2026-08-07 04:11:55,False,10000,165,0.0,0,0.4,0.5,0.3,0,0.5,10,9.5,10,rrt_20260807_041155_352.png
20260807_041156_036,2026-08-07 04:11:56,True,2413,139,18.799999999999994,48,0.4,0.5,0.3,0,0.5,10,9.5,10,rrt_20260807_041156_036.png
20260807_041158_132,2026-08-07 04:11:58,False,10000,136,0.0,0,0.4,0.5,0.3,0,0.5,10,9.5,10,rrt_20260807_041158_132.png
20260807_041201_074,2026-08-07 04:12:01,False,10000,188,0.0,0,0.4,0.5,0.3,0,0.5,10,9.5,10,rrt_20260807_041201_074.png
20260807_041201_561,2026-08-07 04:12:01,True,749,96,19.98799985719472,51,0.4,0.5,0.3,0,0.5,10,9.5,10,rrt_20260807_041201_561.png
20260807_041203_721,2026-08-07 04:12:03,False,10000,131,0.0,0,0.4,0.5,0.3,0,0.5,10,9.5,10,rrt_20260807_041203_721.png
20260807_041205_891,2026-08-07 04:12:05,False,10000,136,0.0,0,0.4,0.5,0.3,0,0.5,10,9.5,10,rrt_20260807_041205_891.png
20260807_041208_725,2026-08-07 04:12:08,False,10000,190,0.0,0,0.4,0.5,0.3,0,0.5,10,9.5,10,rrt_20260807_041208_725.png
20260807_041211_203,2026-08-07 04:12:11,False,10000,161,0.0,0,0.4,0.5,0.3,0,0.5,10,9.5,10,rrt_20260807_041211_203.png
20260807_041213_241,2026-08-07 04:12:13,False,10000,127,0.0,0,0.4,0.5,0.3,0,0.5,10,9.5,10,rrt_20260807_041213_241.png
20260807_041213_713,2026-08-07 04:12:13,True,230,67,16.400000000000013,42,0.4,0.5,0.3,0,0.5,10,9.5,10,rrt_20260807_041213_713.png
20260807_041215_895,2026-08-07 04:12:15,False,10000,151,0.0,0,0.4,0.5,0.3,0,0.5,10,9.5,10,rrt_20260807_041215_895.png
20260807_041218_844,2026-08-07 04:12:18,False,10000,161,0.0,0,0.4,0.5,0.3,0,0.5,10,9.5,10,rrt_20260807_041218_844.png
20260807_041221_176,2026-08-07 04:12:21,False,10000,154,0.0,0,0.4,0.5,0.3,0,0.5,10,9.5,10,rrt_20260807_041221_176.png
20260807_041222_606,2026-08-07 04:12:22,False,10000,71,0.0,0,0.4,0.5,0.3,0,0.5,10,9.5,10,rrt_20260807_041222_606.png
20260807_041224_662,2026-08-07 04:12:24,False,10000,133,0.0,0,0.4,0.5,0.3,0,0.5,10,9.5,10,rrt_20260807_041224_662.png
20260807_041225_612,2026-08-07 04:12:25,True,2981,167,18.800000000000008,48,0.4,0.5,0.3,0,0.5,10,9.5,10,rrt_20260807_041225_612.png
20260807_041226_053,2026-08-07 04:12:26,True,430,79,19.590292800534357,50,0.4,0.5,0.3,0,0.5,10,9.5,10,rrt_20260807_041226_053.png
20260807_041228_046,2026-08-07 04:12:28,False,10000,131,0.0,0,0.4,0.5,0.3,0,0.5,10,9.5,10,rrt_20260807_041228_046.png
20260807_041230_146,2026-08-07 04:12:30,False,10000,133,0.0,0,0.4,0.5,0.3,0,0.5,10,9.5,10,rrt_20260807_041230_146.png
20260807_041230_609,2026-08-07 04:12:30,True,584,88,17.20000000000001,44,0.4,0.5,0.3,0,0.5,10,9.5,10,rrt_20260807_041230_609.png
20260807_041231_187,2026-08-07 04:12:31,True,373,87,16.8,43,0.4,0.5,0.3,0,0.5,10,9.5,10,rrt_20260807_041231_187.png
20260807_041233_791,2026-08-07 04:12:33,False,10000,185,0.0,0,0.4,0.5,0.3,0,0.5,10,9.5,10,rrt_20260807_041233_791.png
20260807_041236_429,2026-08-07 04:12:36,False,10000,190,0.0,0,0.4,0.5,0.3,0,0.5,10,9.5,10,rrt_20260807_041236_429.png
20260807_041238_299,2026-08-07 04:12:38,False,10000,108,0.0,0,0.4,0.5,0.3,0,0.5,10,9.5,10,rrt_20260807_041238_299.png
20260807_041240_827,2026-08-07 04:12:40,False,10000,164,0.0,0,0.4,0.5,0.3,0,0.5,10,9.5,10,rrt_20260807_041240_827.png
20260807_041243_575,2026-08-07 04:12:43,False,10000,180,0.0,0,0.4,0.5,0.3,0,0.5,10,9.5,10,rrt_20260807_041243_575.png
20260807_041245_921,2026-08-07 04:12:45,False,10000,152,0.0,0,0.4,0.5,0.3,0,0.5,10,9.5,10,rrt_20260807_041245_921.png
20260807_041248_014,2026-08-07 04:12:48,False,10000,141,0.0,0,0.4,0.5,0.3,0,0.5,10,9.5,10,rrt_20260807_041248_014.png
20260807_041250_301,2026-08-07 04:12:50,False,10000,153,0.0,0,0.4,0.5,0.3,0,0.5,10,9.5,10,rrt_20260807_041250_301.png
20260807_041252_644,2026-08-07 04:12:52,False,10000,143,0.0,0,0.4,0.5,0.3,0,0.5,10,9.5,10,rrt_20260807_041252_644.png
20260807_041253_161,2026-08-07 04:12:53,True,800,100,18.799999999999994,48,0.4,0.5,0.3,0,0.5,10,9.5,10,rrt_20260807_041253_161.png
20260807_041255_259,2026-08-07 04:12:55,False,10000,140,0.0,0,0.4,0.5,0.3,0,0.5,10,9.5,10,rrt_20260807_041255_259.png
20260807_041255_951,2026-08-07 04:12:55,True,1604,166,17.515008660874038,45,0.4,0.5,0.3,0,0.5,10,9.5,10,rrt_20260807_041255_951.png
20260807_041258_263,2026-08-07 04:12:58,False,10000,155,0.0,0,0.4,0.5,0.3,0,0.5,10,9.5,10,rrt_20260807_041258_263.png
20260807_041258_942,2026-08-07 04:12:58,True,1732,163,18.717666712081826,48,0.4,0.5,0.3,0,0.5,10,9.5,10,rrt_20260807_041258_942.png
20260807_041301_141,2026-08-07 04:13:01,False,10000,147,0.0,0,0.4,0.5,0.3,0,0.5,10,9.5,10,rrt_20260807_041301_141.png
20260807_041303_752,2026-08-07 04:13:03,False,10000,188,0.0,0,0.4,0.5,0.3,0,0.5,10,9.5,10,rrt_20260807_041303_752.png
20260807_041306_296,2026-08-07 04:13:06,False,10000,157,0.0,0,0.4,0.5,0.3,0,0.5,10,9.5,10,rrt_20260807_041306_296.png
20260807_041309_151,2026-08-07 04:13:09,False,10000,187,0.0,0,0.4,0.5,0.3,0,0.5,10,9.5,10,rrt_20260807_041309_151.png
20260807_041311_244,2026-08-07 04:13:11,False,10000,127,0.0,0,0.4,0.5,0.3,0,0.5,10,9.5,10,rrt_20260807_041311_244.png
20260807_041313_792,2026-08-07 04:13:13,False,10000,154,0.0,0,0.4,0.5,0.3,0,0.5,10,9.5,10,rrt_20260807_041313_792.png
20260807_041316_747,2026-08-07 04:13:16,False,10000,214,0.0,0,0.4,0.5,0.3,0,0.5,10,9.5,10,rrt_20260807_041316_747.png
20260807_041319_172,2026-08-07 04:13:19,False,10000,137,0.0,0,0.4,0.5,0.3,0,0.5,10,9.5,10,rrt_20260807_041319_172.png
20260807_041321_754,2026-08-07 04:13:21,False,10000,163,0.0,0,0.4,0.5,0.3,0,0.5,10,9.5,10,rrt_20260807_041321_754.png
20260807_041323_992,2026-08-07 04:13:23,False,10000,148,0.0,0,0.4,0.5,0.3,0,0.5,10,9.5,10,rrt_20260807_041323_992.png
20260807_041326_185,2026-08-07 04:13:26,False,10000,139,0.0,0,0.4,0.5,0.3,0,0.5,10,9.5,10,rrt_20260807_041326_185.png
20260807_041328_349,2026-08-07 04:13:28,False,10000,141,0.0,0,0.4,0.5,0.3,0,0.5,10,9.5,10,rrt_20260807_041328_349.png
20260807_041330_837,2026-08-07 04:13:30,False,10000,149,0.0,0,0.4,0.5,0.3,0,0.5,10,9.5,10,rrt_20260807_041330_837.png
20260807_041331_280,2026-08-07 04:13:31,True,357,73,17.200000000000003,44,0.4,0.5,0.3,0,0.5,10,9.5,10,rrt_20260807_041331_280.png
20260807_041331_859,2026-08-07 04:13:31,True,830,96,16.800000000000004,43,0.4,0.5,0.3,0,0.5,10,9.5,10,rrt_20260807_041331_859.png
20260807_041334_111,2026-08-07 04:13:34,False,10000,151,0.0,0,0.4,0.5,0.3,0,0.5,10,9.5,10,rrt_20260807_041334_111.png
20260807_041336_327,2026-08-07 04:13:36,False,10000,142,0.0,0,0.4,0.5,0.3,0,0.5,10,9.5,10,rrt_20260807_041336_327.png
20260807_041338_436,2026-08-07 04:13:38,False,10000,134,0.0,0,0.4,0.5,0.3,0,0.5,10,9.5,10,rrt_20260807_041338_436.png
20260807_041341_081,2026-08-07 04:13:41,False,10000,192,0.0,0,0.4,0.5,0.3,0,0.5,10,9.5,10,rrt_20260807_041341_081.png
20260807_041343_463,2026-08-07 04:13:43,False,10000,164,0.0,0,0.4,0.5,0.3,0,0.5,10,9.5,10,rrt_20260807_041343_463.png
20260807_041344_693,2026-08-07 04:13:44,True,2937,134,18.4,47,0.4,0.5,0.3,0,0.5,10,9.5,10,rrt_20260807_041344_693.png
20260807_041345_196,2026-08-07 04:13:45,True,430,90,17.2,44,0.4,0.5,0.3,0,0.5,10,9.5,10,rrt_20260807_041345_196.png
20260807_041347_435,2026-08-07 04:13:47,False,10000,148,0.0,0,0.4,0.5,0.3,0,0.5,10,9.5,10,rrt_20260807_041347_435.png
20260807_041348_218,2026-08-07 04:13:48,True,2297,149,18.34506490103704,47,0.4,0.5,0.3,0,0.5,10,9.5,10,rrt_20260807_041348_218.png
20260807_041350_410,2026-08-07 04:13:50,False,10000,146,0.0,0,0.4,0.5,0.3,0,0.5,10,9.5,10,rrt_20260807_041350_410.png
20260807_041352_763,2026-08-07 04:13:52,False,10000,158,0.0,0,0.4,0.5,0.3,0,0.5,10,9.5,10,rrt_20260807_041352_763.png
20260807_041353_205,2026-08-07 04:13:53,True,381,70,16.80000000000001,43,0.4,0.5,0.3,0,0.5,10,9.5,10,rrt_20260807_041353_205.png
20260807_041355_327,2026-08-07 04:13:55,False,10000,129,0.0,0,0.4,0.5,0.3,0,0.5,10,9.5,10,rrt_20260807_041355_327.png
20260807_041357_789,2026-08-07 04:13:57,False,10000,154,0.0,0,0.4,0.5,0.3,0,0.5,10,9.5,10,rrt_20260807_041357_789.png
20260807_041400_329,2026-08-07 04:14:00,False,10000,148,0.0,0,0.4,0.5,0.3,0,0.5,10,9.5,10,rrt_20260807_041400_329.png
20260807_041403_125,2026-08-07 04:14:03,False,10000,206,0.0,0,0.4,0.5,0.3,0,0.5,10,9.5,10,rrt_20260807_041403_125.png
20260807_041405_122,2026-08-07 04:14:05,False,10000,123,0.0,0,0.4,0.5,0.3,0,0.5,10,9.5,10,rrt_20260807_041405_122.png
20260807_041407_616,2026-08-07 04:14:07,False,10000,172,0.0,0,0.4,0.5,0.3,0,0.5,10,9.5,10,rrt_20260807_041407_616.png
20260807_041409_847,2026-08-07 04:14:09,False,10000,125,0.0,0,0.4,0.5,0.3,0,0.5,10,9.5,10,rrt_20260807_041409_847.png
20260807_041412_209,2026-08-07 04:14:12,False,10000,136,0.0,0,0.4,0.5,0.3,0,0.5,10,9.5,10,rrt_20260807_041412_209.png
20260807_041414_537,2026-08-07 04:14:14,False,10000,154,0.0,0,0.4,0.5,0.3,0,0.5,10,9.5,10,rrt_20260807_041414_537.png
20260807_041415_010,2026-08-07 04:14:15,True,343,96,16.800000000000008,43,0.4,0.5,0.3,0,0.5,10,9.5,10,rrt_20260807_041415_010.png
20260807_041417_302,2026-08-07 04:14:17,False,10000,152,0.0,0,0.4,0.5,0.3,0,0.5,10,9.5,10,rrt_20260807_041417_302.png
20260807_041419_979,2026-08-07 04:14:19,False,10000,167,0.0,0,0.4,0.5,0.3,0,0.5,10,9.5,10,rrt_20260807_041419_979.png
20260807_041422_340,2026-08-07 04:14:22,False,10000,160,0.0,0,0.4,0.5,0.3,0,0.5,10,9.5,10,rrt_20260807_041422_340.png
20260807_041424_832,2026-08-07 04:14:24,False,10000,177,0.0,0,0.4,0.5,0.3,0,0.5,10,9.5,10,rrt_20260807_041424_832.png
20260807_041427_208,2026-08-07 04:14:27,False,10000,154,0.0,0,0.4,0.5,0.3,0,0.5,10,9.5,10,rrt_20260807_041427_208.png
20260807_041429_565,2026-08-07 04:14:29,False,10000,158,0.0,0,0.4,0.5,0.3,0,0.5,10,9.5,10,rrt_20260807_041429_565.png
20260807_041431_660,2026-08-07 04:14:31,False,10000,131,0.0,0,0.4,0.5,0.3,0,0.5,10,9.5,10,rrt_20260807_041431_660.png
20260807_041433_112,2026-08-07 04:14:33,False,10000,58,0.0,0,0.4,0.5,0.3,0,0.5,10,9.5,10,rrt_20260807_041433_112.png
20260807_041435_425,2026-08-07 04:14:35,False,10000,154,0.0,0,0.4,0.5,0.3,0,0.5,10,9.5,10,rrt_20260807_041435_425.png
20260807_041437_913,2026-08-07 04:14:37,False,10000,174,0.0,0,0.4,0.5,0.3,0,0.5,10,9.5,10,rrt_20260807_041437_913.png
20260807_041440_184,2026-08-07 04:14:40,False,10000,130,0.0,0,0.4,0.6,0.3,0,0.5,10,9.5,10,rrt_20260807_041440_184.png
20260807_041442_627,2026-08-07 04:14:42,False,10000,154,0.0,0,0.4,0.6,0.3,0,0.5,10,9.5,10,rrt_20260807_041442_627.png
20260807_041445_078,2026-08-07 04:14:45,False,10000,138,0.0,0,0.4,0.6,0.3,0,0.5,10,9.5,10,rrt_20260807_041445_078.png
20260807_041447_494,2026-08-07 04:14:47,False,10000,155,0.0,0,0.4,0.6,0.3,0,0.5,10,9.5,10,rrt_20260807_041447_494.png
20260807_041449_061,2026-08-07 04:14:49,False,10000,68,0.0,0,0.4,0.6,0.3,0,0.5,10,9.5,10,rrt_20260807_041449_061.png
20260807_041451_274,2026-08-07 04:14:51,False,10000,145,0.0,0,0.4,0.6,0.3,0,0.5,10,9.5,10,rrt_20260807_041451_274.png
20260807_041453_471,2026-08-07 04:14:53,False,10000,143,0.0,0,0.4,0.6,0.3,0,0.5,10,9.5,10,rrt_20260807_041453_471.png
20260807_041454_009,2026-08-07 04:14:54,True,965,107,18.000000000000004,46,0.4,0.6,0.3,0,0.5,10,9.5,10,rrt_20260807_041454_009.png
20260807_041454_417,2026-08-07 04:14:54,True,372,97,17.999999999999996,46,0.4,0.6,0.3,0,0.5,10,9.5,10,rrt_20260807_041454_417.png
20260807_041456_520,2026-08-07 04:14:56,False,10000,121,0.0,0,0.4,0.6,0.3,0,0.5,10,9.5,10,rrt_20260807_041456_520.png
20260807_041458_980,2026-08-07 04:14:58,False,10000,175,0.0,0,0.4,0.6,0.3,0,0.5,10,9.5,10,rrt_20260807_041458_980.png
20260807_041459_508,2026-08-07 04:14:59,True,519,112,17.200000000000003,44,0.4,0.6,0.3,0,0.5,10,9.5,10,rrt_20260807_041459_508.png
20260807_041501_660,2026-08-07 04:15:01,False,10000,143,0.0,0,0.4,0.6,0.3,0,0.5,10,9.5,10,rrt_20260807_041501_660.png
20260807_041503_626,2026-08-07 04:15:03,False,10000,119,0.0,0,0.4,0.6,0.3,0,0.5,10,9.5,10,rrt_20260807_041503_626.png
20260807_041505_590,2026-08-07 04:15:05,False,10000,118,0.0,0,0.4,0.6,0.3,0,0.5,10,9.5,10,rrt_20260807_041505_590.png
20260807_041507_790,2026-08-07 04:15:07,False,10000,141,0.0,0,0.4,0.6,0.3,0,0.5,10,9.5,10,rrt_20260807_041507_790.png
20260807_041510_215,2026-08-07 04:15:10,False,10000,170,0.0,0,0.4,0.6,0.3,0,0.5,10,9.5,10,rrt_20260807_041510_215.png
20260807_041512_723,2026-08-07 04:15:12,False,10000,139,0.0,0,0.4,0.6,0.3,0,0.5,10,9.5,10,rrt_20260807_041512_723.png
20260807_041514_642,2026-08-07 04:15:14,False,10000,91,0.0,0,0.4,0.6,0.3,0,0.5,10,9.5,10,rrt_20260807_041514_642.png
20260807_041515_090,2026-08-07 04:15:15,True,249,84,17.16086921840854,44,0.4,0.6,0.3,0,0.5,10,9.5,10,rrt_20260807_041515_090.png
20260807_041515_683,2026-08-07 04:15:15,True,1201,134,17.600000000000012,45,0.4,0.6,0.3,0,0.5,10,9.5,10,rrt_20260807_041515_683.png
20260807_041517_188,2026-08-07 04:15:17,False,10000,71,0.0,0,0.4,0.6,0.3,0,0.5,10,9.5,10,rrt_20260807_041517_188.png
20260807_041519_747,2026-08-07 04:15:19,False,10000,142,0.0,0,0.4,0.6,0.3,0,0.5,10,9.5,10,rrt_20260807_041519_747.png
20260807_041521_507,2026-08-07 04:15:21,False,10000,98,0.0,0,0.4,0.6,0.3,0,0.5,10,9.5,10,rrt_20260807_041521_507.png
20260807_041523_840,2026-08-07 04:15:23,False,10000,144,0.0,0,0.4,0.6,0.3,0,0.5,10,9.5,10,rrt_20260807_041523_840.png
20260807_041526_049,2026-08-07 04:15:26,False,10000,136,0.0,0,0.4,0.6,0.3,0,0.5,10,9.5,10,rrt_20260807_041526_049.png
20260807_041528_356,2026-08-07 04:15:28,False,10000,157,0.0,0,0.4,0.6,0.3,0,0.5,10,9.5,10,rrt_20260807_041528_356.png
20260807_041530_927,2026-08-07 04:15:30,False,10000,164,0.0,0,0.4,0.6,0.3,0,0.5,10,9.5,10,rrt_20260807_041530_927.png
20260807_041532_405,2026-08-07 04:15:32,False,10000,72,0.0,0,0.4,0.6,0.3,0,0.5,10,9.5,10,rrt_20260807_041532_405.png
20260807_041534_839,2026-08-07 04:15:34,False,10000,152,0.0,0,0.4,0.6,0.3,0,0.5,10,9.5,10,rrt_20260807_041534_839.png
20260807_041537_011,2026-08-07 04:15:37,False,10000,143,0.0,0,0.4,0.6,0.3,0,0.5,10,9.5,10,rrt_20260807_041537_011.png
20260807_041539_258,2026-08-07 04:15:39,False,10000,122,0.0,0,0.4,0.6,0.3,0,0.5,10,9.5,10,rrt_20260807_041539_258.png
20260807_041540_847,2026-08-07 04:15:40,False,10000,87,0.0,0,0.4,0.6,0.3,0,0.5,10,9.5,10,rrt_20260807_041540_847.png
20260807_041543_038,2026-08-07 04:15:43,False,10000,145,0.0,0,0.4,0.6,0.3,0,0.5,10,9.5,10,rrt_20260807_041543_038.png
20260807_041545_479,2026-08-07 04:15:45,False,10000,166,0.0,0,0.4,0.6,0.3,0,0.5,10,9.5,10,rrt_20260807_041545_479.png
20260807_041547_705,2026-08-07 04:15:47,False,10000,130,0.0,0,0.4,0.6,0.3,0,0.5,10,9.5,10,rrt_20260807_041547_705.png
20260807_041550_044,2026-08-07 04:15:50,False,10000,154,0.0,0,0.4,0.6,0.3,0,0.5,10,9.5,10,rrt_20260807_041550_044.png
20260807_041552_868,2026-08-07 04:15:52,False,10000,203,0.0,0,0.4,0.6,0.3,0,0.5,10,9.5,10,rrt_20260807_041552_868.png
20260807_041553_681,2026-08-07 04:15:53,True,2016,162,18.363120692485666,47,0.4,0.6,0.3,0,0.5,10,9.5,10,rrt_20260807_041553_681.png
20260807_041554_270,2026-08-07 04:15:54,True,1556,121,18.399999999999995,47,0.4,0.6,0.3,0,0.5,10,9.5,10,rrt_20260807_041554_270.png
20260807_041556_578,2026-08-07 04:15:56,False,10000,156,0.0,0,0.4,0.6,0.3,0,0.5,10,9.5,10,rrt_20260807_041556_578.png
20260807_041558_421,2026-08-07 04:15:58,False,10000,88,0.0,0,0.4,0.6,0.3,0,0.5,10,9.5,10,rrt_20260807_041558_421.png
20260807_041601_134,2026-08-07 04:16:01,False,10000,194,0.0,0,0.4,0.6,0.3,0,0.5,10,9.5,10,rrt_20260807_041601_134.png
20260807_041602_493,2026-08-07 04:16:02,False,10000,67,0.0,0,0.4,0.6,0.3,0,0.5,10,9.5,10,rrt_20260807_041602_493.png
20260807_041604_982,2026-08-07 04:16:04,False,10000,156,0.0,0,0.4,0.6,0.3,0,0.5,10,9.5,10,rrt_20260807_041604_982.png
20260807_041607_442,2026-08-07 04:16:07,False,10000,163,0.0,0,0.4,0.6,0.3,0,0.5,10,9.5,10,rrt_20260807_041607_442.png
20260807_041609_722,2026-08-07 04:16:09,False,10000,144,0.0,0,0.4,0.6,0.3,0,0.5,10,9.5,10,rrt_20260807_041609_722.png
20260807_041612_016,2026-08-07 04:16:12,False,10000,149,0.0,0,0.4,0.6,0.3,0,0.5,10,9.5,10,rrt_20260807_041612_016.png
20260807_041614_177,2026-08-07 04:16:14,False,10000,134,0.0,0,0.4,0.6,0.3,0,0.5,10,9.5,10,rrt_20260807_041614_177.png
20260807_041614_853,2026-08-07 04:16:14,True,1650,149,17.961456721988284,46,0.4,0.6,0.3,0,0.5,10,9.5,10,rrt_20260807_041614_853.png
20260807_041615_300,2026-08-07 04:16:15,True,267,82,16.4,42,0.4,0.6,0.3,0,0.5,10,9.5,10,rrt_20260807_041615_300.png
20260807_041616_793,2026-08-07 04:16:16,False,10000,72,0.0,0,0.4,0.6,0.3,0,0.5,10,9.5,10,rrt_20260807_041616_793.png
20260807_041617_587,2026-08-07 04:16:17,True,2424,151,17.199999999999996,44,0.4,0.6,0.3,0,0.5,10,9.5,10,rrt_20260807_041617_587.png
20260807_041620_126,2026-08-07 04:16:20,False,10000,154,0.0,0,0.4,0.6,0.3,0,0.5,10,9.5,10,rrt_20260807_041620_126.png
20260807_041622_452,2026-08-07 04:16:22,False,10000,161,0.0,0,0.4,0.6,0.3,0,0.5,10,9.5,10,rrt_20260807_041622_452.png
20260807_041622_906,2026-08-07 04:16:22,True,310,77,16.800000000000008,43,0.4,0.6,0.3,0,0.5,10,9.5,10,rrt_20260807_041622_906.png
20260807_041623_363,2026-08-07 04:16:23,True,621,115,19.2,49,0.4,0.6,0.3,0,0.5,10,9.5,10,rrt_20260807_041623_363.png
20260807_041625_213,2026-08-07 04:16:25,False,10000,112,0.0,0,0.4,0.6,0.3,0,0.5,10,9.5,10,rrt_20260807_041625_213.png
20260807_041625_772,2026-08-07 04:16:25,True,825,130,16.400000000000006,42,0.4,0.6,0.3,0,0.5,10,9.5,10,rrt_20260807_041625_772.png
20260807_041626_366,2026-08-07 04:16:26,True,746,105,20.769487171096934,53,0.4,0.6,0.3,0,0.5,10,9.5,10,rrt_20260807_041626_366.png
20260807_041628_924,2026-08-07 04:16:28,False,10000,167,0.0,0,0.4,0.6,0.3,0,0.5,10,9.5,10,rrt_20260807_041628_924.png
20260807_041629_609,2026-08-07 04:16:29,True,1413,145,17.200000000000003,44,0.4,0.6,0.3,0,0.5,10,9.5,10,rrt_20260807_041629_609.png
20260807_041631_775,2026-08-07 04:16:31,False,10000,124,0.0,0,0.4,0.6,0.3,0,0.5,10,9.5,10,rrt_20260807_041631_775.png
20260807_041634_074,2026-08-07 04:16:34,False,10000,149,0.0,0,0.4,0.6,0.3,0,0.5,10,9.5,10,rrt_20260807_041634_074.png
20260807_041636_182,2026-08-07 04:16:36,False,10000,131,0.0,0,0.4,0.6,0.3,0,0.5,10,9.5,10,rrt_20260807_041636_182.png
20260807_041638_320,2026-08-07 04:16:38,False,10000,129,0.0,0,0.4,0.6,0.3,0,0.5,10,9.5,10,rrt_20260807_041638_320.png
20260807_041640_376,2026-08-07 04:16:40,False,10000,117,0.0,0,0.4,0.6,0.3,0,0.5,10,9.5,10,rrt_20260807_041640_376.png
20260807_041642_870,2026-08-07 04:16:42,False,10000,156,0.0,0,0.4,0.6,0.3,0,0.5,10,9.5,10,rrt_20260807_041642_870.png
20260807_041645_336,2026-08-07 04:16:45,False,10000,155,0.0,0,0.4,0.6,0.3,0,0.5,10,9.5,10,rrt_20260807_041645_336.png
20260807_041647_382,2026-08-07 04:16:47,False,10000,126,0.0,0,0.4,0.6,0.3,0,0.5,10,9.5,10,rrt_20260807_041647_382.png
20260807_041649_482,2026-08-07 04:16:49,False,10000,132,0.0,0,0.4,0.6,0.3,0,0.5,10,9.5,10,rrt_20260807_041649_482.png
20260807_041651_897,2026-08-07 04:16:51,False,10000,138,0.0,0,0.4,0.6,0.3,0,0.5,10,9.5,10,rrt_20260807_041651_897.png
20260807_041653_994,2026-08-07 04:16:53,False,10000,126,0.0,0,0.4,0.6,0.3,0,0.5,10,9.5,10,rrt_20260807_041653_994.png
20260807_041654_439,2026-08-07 04:16:54,True,353,89,18.0,46,0.4,0.6,0.3,0,0.5,10,9.5,10,rrt_20260807_041654_439.png
20260807_041656_119,2026-08-07 04:16:56,False,10000,92,0.0,0,0.4,0.6,0.3,0,0.5,10,9.5,10,rrt_20260807_041656_119.png
20260807_041658_465,2026-08-07 04:16:58,False,10000,132,0.0,0,0.4,0.6,0.3,0,0.5,10,9.5,10,rrt_20260807_041658_465.png
20260807_041701_429,2026-08-07 04:17:01,False,10000,217,0.0,0,0.4,0.6,0.3,0,0.5,10,9.5,10,rrt_20260807_041701_429.png
20260807_041703_869,2026-08-07 04:17:03,False,10000,141,0.0,0,0.4,0.6,0.3,0,0.5,10,9.5,10,rrt_20260807_041703_869.png
20260807_041704_560,2026-08-07 04:17:04,True,1711,146,17.599999999999998,45,0.4,0.6,0.3,0,0.5,10,9.5,10,rrt_20260807_041704_560.png
20260807_041705_198,2026-08-07 04:17:05,True,1893,128,20.00000000000001,51,0.4,0.6,0.3,0,0.5,10,9.5,10,rrt_20260807_041705_198.png
20260807_041707_648,2026-08-07 04:17:07,False,10000,142,0.0,0,0.4,0.6,0.3,0,0.5,10,9.5,10,rrt_20260807_041707_648.png
20260807_041710_163,2026-08-07 04:17:10,False,10000,159,0.0,0,0.4,0.6,0.3,0,0.5,10,9.5,10,rrt_20260807_041710_163.png
20260807_041712_651,2026-08-07 04:17:12,False,10000,154,0.0,0,0.4,0.6,0.3,0,0.5,10,9.5,10,rrt_20260807_041712_651.png
20260807_041714_909,2026-08-07 04:17:14,False,10000,147,0.0,0,0.4,0.6,0.3,0,0.5,10,9.5,10,rrt_20260807_041714_909.png
20260807_041716_683,2026-08-07 04:17:16,False,10000,91,0.0,0,0.4,0.6,0.3,0,0.5,10,9.5,10,rrt_20260807_041716_683.png
20260807_041719_089,2026-08-07 04:17:19,False,10000,164,0.0,0,0.4,0.6,0.3,0,0.5,10,9.5,10,rrt_20260807_041719_089.png
20260807_041721_543,2026-08-07 04:17:21,False,10000,169,0.0,0,0.4,0.6,0.3,0,0.5,10,9.5,10,rrt_20260807_041721_543.png
20260807_041723_960,2026-08-07 04:17:23,False,10000,162,0.0,0,0.4,0.6,0.3,0,0.5,10,9.5,10,rrt_20260807_041723_960.png
20260807_041724_441,2026-08-07 04:17:24,True,703,97,19.999999999999996,51,0.4,0.6,0.3,0,0.5,10,9.5,10,rrt_20260807_041724_441.png
20260807_041726_974,2026-08-07 04:17:26,False,10000,159,0.0,0,0.4,0.6,0.3,0,0.5,10,9.5,10,rrt_20260807_041726_974.png
20260807_041729_434,2026-08-07 04:17:29,False,10000,152,0.0,0,0.4,0.6,0.3,0,0.5,10,9.5,10,rrt_20260807_041729_434.png
20260807_041730_799,2026-08-07 04:17:30,False,10000,68,0.0,0,0.4,0.6,0.3,0,0.5,10,9.5,10,rrt_20260807_041730_799.png
20260807_041732_715,2026-08-07 04:17:32,False,10000,116,0.0,0,0.4,0.6,0.3,0,0.5,10,9.5,10,rrt_20260807_041732_715.png
20260807_041734_897,2026-08-07 04:17:34,False,10000,137,0.0,0,0.4,0.6,0.3,0,0.5,10,9.5,10,rrt_20260807_041734_897.png
20260807_041737_817,2026-08-07 04:17:37,False,10000,199,0.0,0,0.4,0.6,0.3,0,0.5,10,9.5,10,rrt_20260807_041737_817.png
20260807_041740_346,2026-08-07 04:17:40,False,10000,156,0.0,0,0.4,0.6,0.3,0,0.5,10,9.5,10,rrt_20260807_041740_346.png
20260807_041742_491,2026-08-07 04:17:42,False,10000,136,0.0,0,0.4,0.6,0.3,0,0.5,10,9.5,10,rrt_20260807_041742_491.png
20260807_041744_871,2026-08-07 04:17:44,False,10000,159,0.0,0,0.4,0.6,0.3,0,0.5,10,9.5,10,rrt_20260807_041744_871.png
20260807_041747_404,2026-08-07 04:17:47,False,10000,152,0.0,0,0.4,0.6,0.3,0,0.5,10,9.5,10,rrt_20260807_041747_404.png
20260807_041749_793,2026-08-07 04:17:49,False,10000,165,0.0,0,0.4,0.6,0.3,0,0.5,10,9.5,10,rrt_20260807_041749_793.png
20260807_041751_949,2026-08-07 04:17:51,False,10000,133,0.0,0,0.4,0.7,0.3,0,0.5,10,9.5,10,rrt_20260807_041751_949.png
20260807_041754_683,2026-08-07 04:17:54,False,10000,182,0.0,0,0.4,0.7,0.3,0,0.5,10,9.5,10,rrt_20260807_041754_683.png
20260807_041755_266,2026-08-07 04:17:55,True,993,137,17.6,45,0.4,0.7,0.3,0,0.5,10,9.5,10,rrt_20260807_041755_266.png
20260807_041757_711,2026-08-07 04:17:57,False,10000,168,0.0,0,0.4,0.7,0.3,0,0.5,10,9.5,10,rrt_20260807_041757_711.png
20260807_041800_183,2026-08-07 04:18:00,False,10000,151,0.0,0,0.4,0.7,0.3,0,0.5,10,9.5,10,rrt_20260807_041800_183.png
20260807_041802_327,2026-08-07 04:18:02,False,10000,136,0.0,0,0.4,0.7,0.3,0,0.5,10,9.5,10,rrt_20260807_041802_327.png
20260807_041804_673,2026-08-07 04:18:04,False,10000,136,0.0,0,0.4,0.7,0.3,0,0.5,10,9.5,10,rrt_20260807_041804_673.png
20260807_041806_646,2026-08-07 04:18:06,False,10000,115,0.0,0,0.4,0.7,0.3,0,0.5,10,9.5,10,rrt_20260807_041806_646.png
20260807_041807_223,2026-08-07 04:18:07,True,1041,169,17.12650219900147,44,0.4,0.7,0.3,0,0.5,10,9.5,10,rrt_20260807_041807_223.png
20260807_041808_947,2026-08-07 04:18:08,False,10000,96,0.0,0,0.4,0.7,0.3,0,0.5,10,9.5,10,rrt_20260807_041808_947.png
20260807_041811_308,2026-08-07 04:18:11,False,10000,151,0.0,0,0.4,0.7,0.3,0,0.5,10,9.5,10,rrt_20260807_041811_308.png
20260807_041813_662,2026-08-07 04:18:13,False,10000,146,0.0,0,0.4,0.7,0.3,0,0.5,10,9.5,10,rrt_20260807_041813_662.png
20260807_041815_565,2026-08-07 04:18:15,False,10000,109,0.0,0,0.4,0.7,0.3,0,0.5,10,9.5,10,rrt_20260807_041815_565.png
20260807_041817_853,2026-08-07 04:18:17,False,10000,136,0.0,0,0.4,0.7,0.3,0,0.5,10,9.5,10,rrt_20260807_041817_853.png
20260807_041819_872,2026-08-07 04:18:19,False,10000,101,0.0,0,0.4,0.7,0.3,0,0.5,10,9.5,10,rrt_20260807_041819_872.png
20260807_041820_485,2026-08-07 04:18:20,True,343,107,17.985836238113837,46,0.4,0.7,0.3,0,0.5,10,9.5,10,rrt_20260807_041820_485.png
20260807_041822_775,2026-08-07 04:18:22,False,10000,156,0.0,0,0.4,0.7,0.3,0,0.5,10,9.5,10,rrt_20260807_041822_775.png
20260807_041825_346,2026-08-07 04:18:25,False,10000,176,0.0,0,0.4,0.7,0.3,0,0.5,10,9.5,10,rrt_20260807_041825_346.png
20260807_041826_762,2026-08-07 04:18:26,False,10000,69,0.0,0,0.4,0.7,0.3,0,0.5,10,9.5,10,rrt_20260807_041826_762.png
20260807_041829_151,2026-08-07 04:18:29,False,10000,153,0.0,0,0.4,0.7,0.3,0,0.5,10,9.5,10,rrt_20260807_041829_151.png
20260807_041831_598,2026-08-07 04:18:31,False,10000,157,0.0,0,0.4,0.7,0.3,0,0.5,10,9.5,10,rrt_20260807_041831_598.png
20260807_041834_048,2026-08-07 04:18:34,False,10000,165,0.0,0,0.4,0.7,0.3,0,0.5,10,9.5,10,rrt_20260807_041834_048.png
20260807_041836_284,2026-08-07 04:18:36,False,10000,145,0.0,0,0.4,0.7,0.3,0,0.5,10,9.5,10,rrt_20260807_041836_284.png
20260807_041838_049,2026-08-07 04:18:38,False,10000,95,0.0,0,0.4,0.7,0.3,0,0.5,10,9.5,10,rrt_20260807_041838_049.png
20260807_041840_819,2026-08-07 04:18:40,False,10000,141,0.0,0,0.4,0.7,0.3,0,0.5,10,9.5,10,rrt_20260807_041840_819.png
20260807_041843_082,2026-08-07 04:18:43,False,10000,148,0.0,0,0.4,0.7,0.3,0,0.5,10,9.5,10,rrt_20260807_041843_082.png
20260807_041845_252,2026-08-07 04:18:45,False,10000,131,0.0,0,0.4,0.7,0.3,0,0.5,10,9.5,10,rrt_20260807_041845_252.png
20260807_041847_387,2026-08-07 04:18:47,False,10000,133,0.0,0,0.4,0.7,0.3,0,0.5,10,9.5,10,rrt_20260807_041847_387.png
20260807_041850_068,2026-08-07 04:18:50,False,10000,175,0.0,0,0.4,0.7,0.3,0,0.5,10,9.5,10,rrt_20260807_041850_068.png
20260807_041852_464,2026-08-07 04:18:52,False,10000,152,0.0,0,0.4,0.7,0.3,0,0.5,10,9.5,10,rrt_20260807_041852_464.png
20260807_041855_392,2026-08-07 04:18:55,False,10000,205,0.0,0,0.4,0.7,0.3,0,0.5,10,9.5,10,rrt_20260807_041855_392.png
20260807_041858_096,2026-08-07 04:18:58,False,10000,180,0.0,0,0.4,0.7,0.3,0,0.5,10,9.5,10,rrt_20260807_041858_096.png
20260807_041858_942,2026-08-07 04:18:58,True,1708,143,17.905648296107938,46,0.4,0.7,0.3,0,0.5,10,9.5,10,rrt_20260807_041858_942.png
20260807_041859_564,2026-08-07 04:18:59,True,334,97,19.600000000000005,50,0.4,0.7,0.3,0,0.5,10,9.5,10,rrt_20260807_041859_564.png
20260807_041902_137,2026-08-07 04:19:02,False,10000,163,0.0,0,0.4,0.7,0.3,0,0.5,10,9.5,10,rrt_20260807_041902_137.png
20260807_041903_539,2026-08-07 04:19:03,False,10000,69,0.0,0,0.4,0.7,0.3,0,0.5,10,9.5,10,rrt_20260807_041903_539.png
20260807_041905_900,2026-08-07 04:19:05,False,10000,157,0.0,0,0.4,0.7,0.3,0,0.5,10,9.5,10,rrt_20260807_041905_900.png
20260807_041908_171,2026-08-07 04:19:08,False,10000,151,0.0,0,0.4,0.7,0.3,0,0.5,10,9.5,10,rrt_20260807_041908_171.png
20260807_041910_691,2026-08-07 04:19:10,False,10000,171,0.0,0,0.4,0.7,0.3,0,0.5,10,9.5,10,rrt_20260807_041910_691.png
20260807_041913_024,2026-08-07 04:19:13,False,10000,151,0.0,0,0.4,0.7,0.3,0,0.5,10,9.5,10,rrt_20260807_041913_024.png
20260807_041914_976,2026-08-07 04:19:14,False,10000,115,0.0,0,0.4,0.7,0.3,0,0.5,10,9.5,10,rrt_20260807_041914_976.png
20260807_041917_451,2026-08-07 04:19:17,False,10000,166,0.0,0,0.4,0.7,0.3,0,0.5,10,9.5,10,rrt_20260807_041917_451.png
20260807_041920_128,2026-08-07 04:19:20,False,10000,167,0.0,0,0.4,0.7,0.3,0,0.5,10,9.5,10,rrt_20260807_041920_128.png
20260807_041922_822,2026-08-07 04:19:22,False,10000,190,0.0,0,0.4,0.7,0.3,0,0.5,10,9.5,10,rrt_20260807_041922_822.png
20260807_041925_028,2026-08-07 04:19:25,False,10000,146,0.0,0,0.4,0.7,0.3,0,0.5,10,9.5,10,rrt_20260807_041925_028.png
20260807_041927_736,2026-08-07 04:19:27,False,10000,186,0.0,0,0.4,0.7,0.3,0,0.5,10,9.5,10,rrt_20260807_041927_736.png
20260807_041929_805,2026-08-07 04:19:29,False,10000,122,0.0,0,0.4,0.7,0.3,0,0.5,10,9.5,10,rrt_20260807_041929_805.png
20260807_041930_369,2026-08-07 04:19:30,True,991,150,17.200000000000006,44,0.4,0.7,0.3,0,0.5,10,9.5,10,rrt_20260807_041930_369.png
20260807_041933_076,2026-08-07 04:19:33,False,10000,167,0.0,0,0.4,0.7,0.3,0,0.5,10,9.5,10,rrt_20260807_041933_076.png
20260807_041935_166,2026-08-07 04:19:35,False,10000,113,0.0,0,0.4,0.7,0.3,0,0.5,10,9.5,10,rrt_20260807_041935_166.png
20260807_041936_729,2026-08-07 04:19:36,False,10000,73,0.0,0,0.4,0.7,0.3,0,0.5,10,9.5,10,rrt_20260807_041936_729.png
20260807_041939_105,2026-08-07 04:19:39,False,10000,135,0.0,0,0.4,0.7,0.3,0,0.5,10,9.5,10,rrt_20260807_041939_105.png
20260807_041941_485,2026-08-07 04:19:41,False,10000,155,0.0,0,0.4,0.7,0.3,0,0.5,10,9.5,10,rrt_20260807_041941_485.png
20260807_041943_735,2026-08-07 04:19:43,False,10000,145,0.0,0,0.4,0.7,0.3,0,0.5,10,9.5,10,rrt_20260807_041943_735.png
20260807_041945_842,2026-08-07 04:19:45,False,10000,132,0.0,0,0.4,0.7,0.3,0,0.5,10,9.5,10,rrt_20260807_041945_842.png
20260807_041948_360,2026-08-07 04:19:48,False,10000,174,0.0,0,0.4,0.7,0.3,0,0.5,10,9.5,10,rrt_20260807_041948_360.png
20260807_041950_361,2026-08-07 04:19:50,False,10000,108,0.0,0,0.4,0.7,0.3,0,0.5,10,9.5,10,rrt_20260807_041950_361.png
20260807_041952_877,2026-08-07 04:19:52,False,10000,150,0.0,0,0.4,0.7,0.3,0,0.5,10,9.5,10,rrt_20260807_041952_877.png
20260807_041955_131,2026-08-07 04:19:55,False,10000,111,0.0,0,0.4,0.7,0.3,0,0.5,10,9.5,10,rrt_20260807_041955_131.png
20260807_041957_383,2026-08-07 04:19:57,False,10000,133,0.0,0,0.4,0.7,0.3,0,0.5,10,9.5,10,rrt_20260807_041957_383.png
20260807_041959_615,2026-08-07 04:19:59,False,10000,126,0.0,0,0.4,0.7,0.3,0,0.5,10,9.5,10,rrt_20260807_041959_615.png
20260807_042001_926,2026-08-07 04:20:01,False,10000,150,0.0,0,0.4,0.7,0.3,0,0.5,10,9.5,10,rrt_20260807_042001_926.png
20260807_042004_320,2026-08-07 04:20:04,False,10000,157,0.0,0,0.4,0.7,0.3,0,0.5,10,9.5,10,rrt_20260807_042004_320.png
20260807_042006_522,2026-08-07 04:20:06,False,10000,127,0.0,0,0.4,0.7,0.3,0,0.5,10,9.5,10,rrt_20260807_042006_522.png
20260807_042008_356,2026-08-07 04:20:08,False,10000,107,0.0,0,0.4,0.7,0.3,0,0.5,10,9.5,10,rrt_20260807_042008_356.png
20260807_042010_531,2026-08-07 04:20:10,False,10000,125,0.0,0,0.4,0.7,0.3,0,0.5,10,9.5,10,rrt_20260807_042010_531.png
20260807_042012_849,2026-08-07 04:20:12,False,10000,147,0.0,0,0.4,0.7,0.3,0,0.5,10,9.5,10,rrt_20260807_042012_849.png
20260807_042013_390,2026-08-07 04:20:13,True,467,126,17.55343089129938,45,0.4,0.7,0.3,0,0.5,10,9.5,10,rrt_20260807_042013_390.png
20260807_042015_959,2026-08-07 04:20:15,False,10000,136,0.0,0,0.4,0.7,0.3,0,0.5,10,9.5,10,rrt_20260807_042015_959.png
20260807_042018_208,2026-08-07 04:20:18,False,10000,114,0.0,0,0.4,0.7,0.3,0,0.5,10,9.5,10,rrt_20260807_042018_208.png
20260807_042020_582,2026-08-07 04:20:20,False,10000,146,0.0,0,0.4,0.7,0.3,0,0.5,10,9.5,10,rrt_20260807_042020_582.png
20260807_042022_722,2026-08-07 04:20:22,False,10000,135,0.0,0,0.4,0.7,0.3,0,0.5,10,9.5,10,rrt_20260807_042022_722.png
20260807_042025_010,2026-08-07 04:20:25,False,10000,149,0.0,0,0.4,0.7,0.3,0,0.5,10,9.5,10,rrt_20260807_042025_010.png
20260807_042025_462,2026-08-07 04:20:25,True,225,76,16.8,43,0.4,0.7,0.3,0,0.5,10,9.5,10,rrt_20260807_042025_462.png
20260807_042026_709,2026-08-07 04:20:26,False,10000,59,0.0,0,0.4,0.7,0.3,0,0.5,10,9.5,10,rrt_20260807_042026_709.png
20260807_042028_945,2026-08-07 04:20:28,False,10000,143,0.0,0,0.4,0.7,0.3,0,0.5,10,9.5,10,rrt_20260807_042028_945.png
20260807_042029_538,2026-08-07 04:20:29,True,1275,119,17.600000000000012,45,0.4,0.7,0.3,0,0.5,10,9.5,10,rrt_20260807_042029_538.png
20260807_042032_211,2026-08-07 04:20:32,False,10000,159,0.0,0,0.4,0.7,0.3,0,0.5,10,9.5,10,rrt_20260807_042032_211.png
20260807_042032_829,2026-08-07 04:20:32,True,1471,137,17.523834002561358,45,0.4,0.7,0.3,0,0.5,10,9.5,10,rrt_20260807_042032_829.png
20260807_042033_341,2026-08-07 04:20:33,True,980,105,19.2,49,0.4,0.7,0.3,0,0.5,10,9.5,10,rrt_20260807_042033_341.png
20260807_042033_785,2026-08-07 04:20:33,True,652,129,17.548755239028264,45,0.4,0.7,0.3,0,0.5,10,9.5,10,rrt_20260807_042033_785.png
20260807_042036_355,2026-08-07 04:20:36,False,10000,178,0.0,0,0.4,0.7,0.3,0,0.5,10,9.5,10,rrt_20260807_042036_355.png
20260807_042038_312,2026-08-07 04:20:38,False,10000,114,0.0,0,0.4,0.7,0.3,0,0.5,10,9.5,10,rrt_20260807_042038_312.png
20260807_042041_183,2026-08-07 04:20:41,False,10000,210,0.0,0,0.4,0.7,0.3,0,0.5,10,9.5,10,rrt_20260807_042041_183.png
20260807_042043_977,2026-08-07 04:20:43,False,10000,202,0.0,0,0.4,0.7,0.3,0,0.5,10,9.5,10,rrt_20260807_042043_977.png
20260807_042045_846,2026-08-07 04:20:45,False,10000,107,0.0,0,0.4,0.7,0.3,0,0.5,10,9.5,10,rrt_20260807_042045_846.png
20260807_042048_381,2026-08-07 04:20:48,False,10000,148,0.0,0,0.4,0.7,0.3,0,0.5,10,9.5,10,rrt_20260807_042048_381.png
20260807_042050_556,2026-08-07 04:20:50,False,10000,126,0.0,0,0.4,0.7,0.3,0,0.5,10,9.5,10,rrt_20260807_042050_556.png
20260807_042052_871,2026-08-07 04:20:52,False,10000,151,0.0,0,0.4,0.7,0.3,0,0.5,10,9.5,10,rrt_20260807_042052_871.png
20260807_042055_587,2026-08-07 04:20:55,False,10000,191,0.0,0,0.4,0.7,0.3,0,0.5,10,9.5,10,rrt_20260807_042055_587.png
20260807_042058_033,2026-08-07 04:20:58,False,10000,153,0.0,0,0.4,0.7,0.3,0,0.5,10,9.5,10,rrt_20260807_042058_033.png
20260807_042058_755,2026-08-07 04:20:58,True,1795,159,19.200000000000017,49,0.4,0.7,0.3,0,0.5,10,9.5,10,rrt_20260807_042058_755.png
20260807_042101_747,2026-08-07 04:21:01,False,10000,204,0.0,0,0.4,0.7,0.3,0,0.5,10,9.5,10,rrt_20260807_042101_747.png
20260807_042104_140,2026-08-07 04:21:04,False,10000,163,0.0,0,0.4,0.7,0.3,0,0.5,10,9.5,10,rrt_20260807_042104_140.png
20260807_042104_798,2026-08-07 04:21:04,True,1556,137,19.2,49,0.4,0.7,0.3,0,0.5,10,9.5,10,rrt_20260807_042104_798.png
20260807_042107_187,2026-08-07 04:21:07,False,10000,145,0.0,0,0.4,0.7,0.3,0,0.5,10,9.5,10,rrt_20260807_042107_187.png
20260807_042107_659,2026-08-07 04:21:07,True,228,67,17.200000000000003,44,0.4,0.7,0.3,0,0.5,10,9.5,10,rrt_20260807_042107_659.png
20260807_042109_760,2026-08-07 04:21:09,False,10000,136,0.0,0,0.4,0.7,0.3,0,0.5,10,9.5,10,rrt_20260807_042109_760.png
20260807_042112_237,2026-08-07 04:21:12,False,10000,156,0.0,0,0.4,0.7,0.3,0,0.5,10,9.5,10,rrt_20260807_042112_237.png
20260807_042112_808,2026-08-07 04:21:12,True,1069,124,17.600000000000016,45,0.4,0.7,0.3,0,0.5,10,9.5,10,rrt_20260807_042112_808.png
20260807_042115_225,2026-08-07 04:21:15,False,10000,163,0.0,0,0.4,0.8,0.3,0,0.5,10,9.5,10,rrt_20260807_042115_225.png
20260807_042117_446,2026-08-07 04:21:17,False,10000,142,0.0,0,0.4,0.8,0.3,0,0.5,10,9.5,10,rrt_20260807_042117_446.png
20260807_042119_347,2026-08-07 04:21:19,False,10000,115,0.0,0,0.4,0.8,0.3,0,0.5,10,9.5,10,rrt_20260807_042119_347.png
20260807_042121_382,2026-08-07 04:21:21,False,10000,115,0.0,0,0.4,0.8,0.3,0,0.5,10,9.5,10,rrt_20260807_042121_382.png
20260807_042122_892,2026-08-07 04:21:22,False,10000,64,0.0,0,0.4,0.8,0.3,0,0.5,10,9.5,10,rrt_20260807_042122_892.png
20260807_042124_927,2026-08-07 04:21:24,False,10000,106,0.0,0,0.4,0.8,0.3,0,0.5,10,9.5,10,rrt_20260807_042124_927.png
20260807_042125_589,2026-08-07 04:21:25,True,1476,172,16.774361598891446,43,0.4,0.8,0.3,0,0.5,10,9.5,10,rrt_20260807_042125_589.png
20260807_042127_877,2026-08-07 04:21:27,False,10000,143,0.0,0,0.4,0.8,0.3,0,0.5,10,9.5,10,rrt_20260807_042127_877.png
20260807_042129_422,2026-08-07 04:21:29,False,10000,72,0.0,0,0.4,0.8,0.3,0,0.5,10,9.5,10,rrt_20260807_042129_422.png
20260807_042129_883,2026-08-07 04:21:29,True,464,100,21.592038024249046,55,0.4,0.8,0.3,0,0.5,10,9.5,10,rrt_20260807_042129_883.png
20260807_042131_925,2026-08-07 04:21:31,False,10000,130,0.0,0,0.4,0.8,0.3,0,0.5,10,9.5,10,rrt_20260807_042131_925.png
20260807_042134_172,2026-08-07 04:21:34,False,10000,144,0.0,0,0.4,0.8,0.3,0,0.5,10,9.5,10,rrt_20260807_042134_172.png
20260807_042136_209,2026-08-07 04:21:36,False,10000,120,0.0,0,0.4,0.8,0.3,0,0.5,10,9.5,10,rrt_20260807_042136_209.png
20260807_042138_583,2026-08-07 04:21:38,False,10000,129,0.0,0,0.4,0.8,0.3,0,0.5,10,9.5,10,rrt_20260807_042138_583.png
20260807_042140_822,2026-08-07 04:21:40,False,10000,139,0.0,0,0.4,0.8,0.3,0,0.5,10,9.5,10,rrt_20260807_042140_822.png
20260807_042142_382,2026-08-07 04:21:42,False,10000,72,0.0,0,0.4,0.8,0.3,0,0.5,10,9.5,10,rrt_20260807_042142_382.png
20260807_042144_419,2026-08-07 04:21:44,False,10000,118,0.0,0,0.4,0.8,0.3,0,0.5,10,9.5,10,rrt_20260807_042144_419.png
20260807_042146_574,2026-08-07 04:21:46,False,10000,129,0.0,0,0.4,0.8,0.3,0,0.5,10,9.5,10,rrt_20260807_042146_574.png
20260807_042149_295,2026-08-07 04:21:49,False,10000,192,0.0,0,0.4,0.8,0.3,0,0.5,10,9.5,10,rrt_20260807_042149_295.png
20260807_042151_507,2026-08-07 04:21:51,False,10000,142,0.0,0,0.4,0.8,0.3,0,0.5,10,9.5,10,rrt_20260807_042151_507.png
20260807_042153_733,2026-08-07 04:21:53,False,10000,143,0.0,0,0.4,0.8,0.3,0,0.5,10,9.5,10,rrt_20260807_042153_733.png
20260807_042155_172,2026-08-07 04:21:55,False,10000,64,0.0,0,0.4,0.8,0.3,0,0.5,10,9.5,10,rrt_20260807_042155_172.png
20260807_042157_438,2026-08-07 04:21:57,False,10000,132,0.0,0,0.4,0.8,0.3,0,0.5,10,9.5,10,rrt_20260807_042157_438.png
20260807_042159_350,2026-08-07 04:21:59,False,10000,105,0.0,0,0.4,0.8,0.3,0,0.5,10,9.5,10,rrt_20260807_042159_350.png
20260807_042159_897,2026-08-07 04:21:59,True,802,150,19.599999999999998,50,0.4,0.8,0.3,0,0.5,10,9.5,10,rrt_20260807_042159_897.png
20260807_042201_916,2026-08-07 04:22:01,False,10000,125,0.0,0,0.4,0.8,0.3,0,0.5,10,9.5,10,rrt_20260807_042201_916.png
20260807_042203_842,2026-08-07 04:22:03,False,10000,111,0.0,0,0.4,0.8,0.3,0,0.5,10,9.5,10,rrt_20260807_042203_842.png
20260807_042205_154,2026-08-07 04:22:05,False,10000,57,0.0,0,0.4,0.8,0.3,0,0.5,10,9.5,10,rrt_20260807_042205_154.png
20260807_042207_209,2026-08-07 04:22:07,False,10000,119,0.0,0,0.4,0.8,0.3,0,0.5,10,9.5,10,rrt_20260807_042207_209.png
20260807_042209_863,2026-08-07 04:22:09,False,10000,188,0.0,0,0.4,0.8,0.3,0,0.5,10,9.5,10,rrt_20260807_042209_863.png
20260807_042212_334,2026-08-07 04:22:12,False,10000,145,0.0,0,0.4,0.8,0.3,0,0.5,10,9.5,10,rrt_20260807_042212_334.png
20260807_042214_299,2026-08-07 04:22:14,False,10000,117,0.0,0,0.4,0.8,0.3,0,0.5,10,9.5,10,rrt_20260807_042214_299.png
20260807_042216_521,2026-08-07 04:22:16,False,10000,141,0.0,0,0.4,0.8,0.3,0,0.5,10,9.5,10,rrt_20260807_042216_521.png
20260807_042217_003,2026-08-07 04:22:17,True,394,118,21.91570039457537,56,0.4,0.8,0.3,0,0.5,10,9.5,10,rrt_20260807_042217_003.png
20260807_042219_856,2026-08-07 04:22:19,False,10000,214,0.0,0,0.4,0.8,0.3,0,0.5,10,9.5,10,rrt_20260807_042219_856.png
20260807_042221_304,2026-08-07 04:22:21,False,10000,74,0.0,0,0.4,0.8,0.3,0,0.5,10,9.5,10,rrt_20260807_042221_304.png
20260807_042223_530,2026-08-07 04:22:23,False,10000,129,0.0,0,0.4,0.8,0.3,0,0.5,10,9.5,10,rrt_20260807_042223_530.png
20260807_042226_193,2026-08-07 04:22:26,False,10000,188,0.0,0,0.4,0.8,0.3,0,0.5,10,9.5,10,rrt_20260807_042226_193.png
20260807_042226_665,2026-08-07 04:22:26,True,466,92,18.800000000000004,48,0.4,0.8,0.3,0,0.5,10,9.5,10,rrt_20260807_042226_665.png
20260807_042227_308,2026-08-07 04:22:27,True,991,121,18.799999999999997,48,0.4,0.8,0.3,0,0.5,10,9.5,10,rrt_20260807_042227_308.png
20260807_042229_205,2026-08-07 04:22:29,False,10000,110,0.0,0,0.4,0.8,0.3,0,0.5,10,9.5,10,rrt_20260807_042229_205.png
20260807_042231_928,2026-08-07 04:22:31,False,10000,179,0.0,0,0.4,0.8,0.3,0,0.5,10,9.5,10,rrt_20260807_042231_928.png
20260807_042233_981,2026-08-07 04:22:33,False,10000,122,0.0,0,0.4,0.8,0.3,0,0.5,10,9.5,10,rrt_20260807_042233_981.png
20260807_042236_414,2026-08-07 04:22:36,False,10000,160,0.0,0,0.4,0.8,0.3,0,0.5,10,9.5,10,rrt_20260807_042236_414.png
20260807_042238_342,2026-08-07 04:22:38,False,10000,109,0.0,0,0.4,0.8,0.3,0,0.5,10,9.5,10,rrt_20260807_042238_342.png
20260807_042241_081,2026-08-07 04:22:41,False,10000,188,0.0,0,0.4,0.8,0.3,0,0.5,10,9.5,10,rrt_20260807_042241_081.png
20260807_042242_425,2026-08-07 04:22:42,False,10000,58,0.0,0,0.4,0.8,0.3,0,0.5,10,9.5,10,rrt_20260807_042242_425.png
20260807_042244_608,2026-08-07 04:22:44,False,10000,137,0.0,0,0.4,0.8,0.3,0,0.5,10,9.5,10,rrt_20260807_042244_608.png
20260807_042245_816,2026-08-07 04:22:45,True,2098,144,19.91712908122602,51,0.4,0.8,0.3,0,0.5,10,9.5,10,rrt_20260807_042245_816.png
20260807_042247_990,2026-08-07 04:22:47,False,10000,143,0.0,0,0.4,0.8,0.3,0,0.5,10,9.5,10,rrt_20260807_042247_990.png
20260807_042249_301,2026-08-07 04:22:49,False,10000,60,0.0,0,0.4,0.8,0.3,0,0.5,10,9.5,10,rrt_20260807_042249_301.png
20260807_042251_798,2026-08-07 04:22:51,False,10000,163,0.0,0,0.4,0.8,0.3,0,0.5,10,9.5,10,rrt_20260807_042251_798.png
20260807_042254_439,2026-08-07 04:22:54,False,10000,185,0.0,0,0.4,0.8,0.3,0,0.5,10,9.5,10,rrt_20260807_042254_439.png
20260807_042255_959,2026-08-07 04:22:55,False,10000,73,0.0,0,0.4,0.8,0.3,0,0.5,10,9.5,10,rrt_20260807_042255_959.png
20260807_042258_509,2026-08-07 04:22:58,False,10000,166,0.0,0,0.4,0.8,0.3,0,0.5,10,9.5,10,rrt_20260807_042258_509.png
20260807_042300_409,2026-08-07 04:23:00,False,10000,106,0.0,0,0.4,0.8,0.3,0,0.5,10,9.5,10,rrt_20260807_042300_409.png
20260807_042302_467,2026-08-07 04:23:02,False,10000,130,0.0,0,0.4,0.8,0.3,0,0.5,10,9.5,10,rrt_20260807_042302_467.png
20260807_042303_259,2026-08-07 04:23:03,True,1762,110,20.000000000000014,51,0.4,0.8,0.3,0,0.5,10,9.5,10,rrt_20260807_042303_259.png
20260807_042305_385,2026-08-07 04:23:05,False,10000,136,0.0,0,0.4,0.8,0.3,0,0.5,10,9.5,10,rrt_20260807_042305_385.png
20260807_042305_968,2026-08-07 04:23:05,True,1012,157,17.5428528039983,45,0.4,0.8,0.3,0,0.5,10,9.5,10,rrt_20260807_042305_968.png
20260807_042308_117,2026-08-07 04:23:08,False,10000,137,0.0,0,0.4,0.8,0.3,0,0.5,10,9.5,10,rrt_20260807_042308_117.png
20260807_042308_826,2026-08-07 04:23:08,True,2257,136,18.799999999999994,48,0.4,0.8,0.3,0,0.5,10,9.5,10,rrt_20260807_042308_826.png
20260807_042309_309,2026-08-07 04:23:09,True,890,111,19.200000000000003,49,0.4,0.8,0.3,0,0.5,10,9.5,10,rrt_20260807_042309_309.png
20260807_042309_833,2026-08-07 04:23:09,True,908,157,18.800000000000015,48,0.4,0.8,0.3,0,0.5,10,9.5,10,rrt_20260807_042309_833.png
20260807_042311_986,2026-08-07 04:23:11,False,10000,130,0.0,0,0.4,0.8,0.3,0,0.5,10,9.5,10,rrt_20260807_042311_986.png
20260807_042314_851,2026-08-07 04:23:14,False,10000,189,0.0,0,0.4,0.8,0.3,0,0.5,10,9.5,10,rrt_20260807_042314_851.png
20260807_042317_478,2026-08-07 04:23:17,False,10000,143,0.0,0,0.4,0.8,0.3,0,0.5,10,9.5,10,rrt_20260807_042317_478.png
20260807_042319_482,2026-08-07 04:23:19,False,10000,123,0.0,0,0.4,0.8,0.3,0,0.5,10,9.5,10,rrt_20260807_042319_482.png
20260807_042321_917,2026-08-07 04:23:21,False,10000,165,0.0,0,0.4,0.8,0.3,0,0.5,10,9.5,10,rrt_20260807_042321_917.png
20260807_042322_708,2026-08-07 04:23:22,True,2119,160,19.10244440303005,49,0.4,0.8,0.3,0,0.5,10,9.5,10,rrt_20260807_042322_708.png
20260807_042324_091,2026-08-07 04:23:24,False,10000,66,0.0,0,0.4,0.8,0.3,0,0.5,10,9.5,10,rrt_20260807_042324_091.png
20260807_042326_169,2026-08-07 04:23:26,False,10000,121,0.0,0,0.4,0.8,0.3,0,0.5,10,9.5,10,rrt_20260807_042326_169.png
20260807_042328_159,2026-08-07 04:23:28,False,10000,115,0.0,0,0.4,0.8,0.3,0,0.5,10,9.5,10,rrt_20260807_042328_159.png
20260807_042330_329,2026-08-07 04:23:30,False,10000,139,0.0,0,0.4,0.8,0.3,0,0.5,10,9.5,10,rrt_20260807_042330_329.png
20260807_042332_884,2026-08-07 04:23:32,False,10000,175,0.0,0,0.4,0.8,0.3,0,0.5,10,9.5,10,rrt_20260807_042332_884.png
20260807_042333_626,2026-08-07 04:23:33,True,663,136,17.6,45,0.4,0.8,0.3,0,0.5,10,9.5,10,rrt_20260807_042333_626.png
20260807_042335_871,2026-08-07 04:23:35,False,10000,144,0.0,0,0.4,0.8,0.3,0,0.5,10,9.5,10,rrt_20260807_042335_871.png
20260807_042337_259,2026-08-07 04:23:37,False,10000,62,0.0,0,0.4,0.8,0.3,0,0.5,10,9.5,10,rrt_20260807_042337_259.png
20260807_042339_363,2026-08-07 04:23:39,False,10000,120,0.0,0,0.4,0.8,0.3,0,0.5,10,9.5,10,rrt_20260807_042339_363.png
20260807_042342_037,2026-08-07 04:23:42,False,10000,186,0.0,0,0.4,0.8,0.3,0,0.5,10,9.5,10,rrt_20260807_042342_037.png
20260807_042344_310,2026-08-07 04:23:44,False,10000,134,0.0,0,0.4,0.8,0.3,0,0.5,10,9.5,10,rrt_20260807_042344_310.png
20260807_042346_340,2026-08-07 04:23:46,False,10000,120,0.0,0,0.4,0.8,0.3,0,0.5,10,9.5,10,rrt_20260807_042346_340.png
20260807_042346_984,2026-08-07 04:23:46,True,1088,183,19.999999999999993,51,0.4,0.8,0.3,0,0.5,10,9.5,10,rrt_20260807_042346_984.png
20260807_042348_989,2026-08-07 04:23:48,False,10000,122,0.0,0,0.4,0.8,0.3,0,0.5,10,9.5,10,rrt_20260807_042348_989.png
20260807_042349_769,2026-08-07 04:23:49,True,1245,155,18.0,46,0.4,0.8,0.3,0,0.5,10,9.5,10,rrt_20260807_042349_769.png
20260807_042351_616,2026-08-07 04:23:51,False,10000,105,0.0,0,0.4,0.8,0.3,0,0.5,10,9.5,10,rrt_20260807_042351_616.png
20260807_042353_456,2026-08-07 04:23:53,False,10000,109,0.0,0,0.4,0.8,0.3,0,0.5,10,9.5,10,rrt_20260807_042353_456.png
20260807_042353_974,2026-08-07 04:23:53,True,758,141,18.4,47,0.4,0.8,0.3,0,0.5,10,9.5,10,rrt_20260807_042353_974.png
20260807_042356_122,2026-08-07 04:23:56,False,10000,140,0.0,0,0.4,0.8,0.3,0,0.5,10,9.5,10,rrt_20260807_042356_122.png
20260807_042358_133,2026-08-07 04:23:58,False,10000,121,0.0,0,0.4,0.8,0.3,0,0.5,10,9.5,10,rrt_20260807_042358_133.png
20260807_042359_497,2026-08-07 04:23:59,False,10000,64,0.0,0,0.4,0.8,0.3,0,0.5,10,9.5,10,rrt_20260807_042359_497.png
20260807_042401_682,2026-08-07 04:24:01,False,10000,139,0.0,0,0.4,0.8,0.3,0,0.5,10,9.5,10,rrt_20260807_042401_682.png
20260807_042403_714,2026-08-07 04:24:03,False,10000,115,0.0,0,0.4,0.8,0.3,0,0.5,10,9.5,10,rrt_20260807_042403_714.png
20260807_042406_230,2026-08-07 04:24:06,False,10000,148,0.0,0,0.4,0.8,0.3,0,0.5,10,9.5,10,rrt_20260807_042406_230.png
20260807_042408_102,2026-08-07 04:24:08,False,10000,103,0.0,0,0.4,0.8,0.3,0,0.5,10,9.5,10,rrt_20260807_042408_102.png
20260807_042408_753,2026-08-07 04:24:08,True,859,113,18.400000000000006,47,0.4,0.8,0.3,0,0.5,10,9.5,10,rrt_20260807_042408_753.png
20260807_042411_002,2026-08-07 04:24:11,False,10000,139,0.0,0,0.4,0.8,0.3,0,0.5,10,9.5,10,rrt_20260807_042411_002.png
20260807_042413_130,2026-08-07 04:24:13,False,10000,130,0.0,0,0.4,0.8,0.3,0,0.5,10,9.5,10,rrt_20260807_042413_130.png
20260807_042414_502,2026-08-07 04:24:14,False,10000,58,0.0,0,0.4,0.8,0.3,0,0.5,10,9.5,10,rrt_20260807_042414_502.png
20260807_042416_976,2026-08-07 04:24:16,False,10000,160,0.0,0,0.4,0.8,0.3,0,0.5,10,9.5,10,rrt_20260807_042416_976.png
20260807_042419_214,2026-08-07 04:24:19,False,10000,143,0.0,0,0.4,0.9,0.3,0,0.5,10,9.5,10,rrt_20260807_042419_214.png
20260807_042420_826,2026-08-07 04:24:20,False,10000,67,0.0,0,0.4,0.9,0.3,0,0.5,10,9.5,10,rrt_20260807_042420_826.png
20260807_042422_724,2026-08-07 04:24:22,False,10000,108,0.0,0,0.4,0.9,0.3,0,0.5,10,9.5,10,rrt_20260807_042422_724.png
20260807_042424_960,2026-08-07 04:24:24,False,10000,141,0.0,0,0.4,0.9,0.3,0,0.5,10,9.5,10,rrt_20260807_042424_960.png
20260807_042427_481,2026-08-07 04:24:27,False,10000,160,0.0,0,0.4,0.9,0.3,0,0.5,10,9.5,10,rrt_20260807_042427_481.png
20260807_042428_044,2026-08-07 04:24:28,True,872,112,19.200000000000006,49,0.4,0.9,0.3,0,0.5,10,9.5,10,rrt_20260807_042428_044.png
20260807_042430_009,2026-08-07 04:24:30,False,10000,105,0.0,0,0.4,0.9,0.3,0,0.5,10,9.5,10,rrt_20260807_042430_009.png
20260807_042432_510,2026-08-07 04:24:32,False,10000,153,0.0,0,0.4,0.9,0.3,0,0.5,10,9.5,10,rrt_20260807_042432_510.png
20260807_042434_739,2026-08-07 04:24:34,False,10000,143,0.0,0,0.4,0.9,0.3,0,0.5,10,9.5,10,rrt_20260807_042434_739.png
20260807_042437_187,2026-08-07 04:24:37,False,10000,143,0.0,0,0.4,0.9,0.3,0,0.5,10,9.5,10,rrt_20260807_042437_187.png
20260807_042437_836,2026-08-07 04:24:37,True,262,114,18.000000000000004,46,0.4,0.9,0.3,0,0.5,10,9.5,10,rrt_20260807_042437_836.png
20260807_042439_705,2026-08-07 04:24:39,False,10000,113,0.0,0,0.4,0.9,0.3,0,0.5,10,9.5,10,rrt_20260807_042439_705.png
20260807_042441_628,2026-08-07 04:24:41,False,10000,115,0.0,0,0.4,0.9,0.3,0,0.5,10,9.5,10,rrt_20260807_042441_628.png
20260807_042443_955,2026-08-07 04:24:43,False,10000,151,0.0,0,0.4,0.9,0.3,0,0.5,10,9.5,10,rrt_20260807_042443_955.png
20260807_042444_464,2026-08-07 04:24:44,True,603,126,18.000000000000007,46,0.4,0.9,0.3,0,0.5,10,9.5,10,rrt_20260807_042444_464.png
20260807_042445_031,2026-08-07 04:24:45,True,849,164,19.599999999999994,50,0.4,0.9,0.3,0,0.5,10,9.5,10,rrt_20260807_042445_031.png
20260807_042447_313,2026-08-07 04:24:47,False,10000,142,0.0,0,0.4,0.9,0.3,0,0.5,10,9.5,10,rrt_20260807_042447_313.png
20260807_042449_320,2026-08-07 04:24:49,False,10000,121,0.0,0,0.4,0.9,0.3,0,0.5,10,9.5,10,rrt_20260807_042449_320.png
20260807_042449_831,2026-08-07 04:24:49,True,659,115,18.345681582740642,47,0.4,0.9,0.3,0,0.5,10,9.5,10,rrt_20260807_042449_831.png
20260807_042450_608,2026-08-07 04:24:50,True,1192,170,19.519431531529627,50,0.4,0.9,0.3,0,0.5,10,9.5,10,rrt_20260807_042450_608.png
20260807_042453_189,2026-08-07 04:24:53,False,10000,181,0.0,0,0.4,0.9,0.3,0,0.5,10,9.5,10,rrt_20260807_042453_189.png
20260807_042455_821,2026-08-07 04:24:55,False,10000,177,0.0,0,0.4,0.9,0.3,0,0.5,10,9.5,10,rrt_20260807_042455_821.png
20260807_042456_409,2026-08-07 04:24:56,True,982,157,19.12621014659691,49,0.4,0.9,0.3,0,0.5,10,9.5,10,rrt_20260807_042456_409.png
20260807_042458_570,2026-08-07 04:24:58,False,10000,144,0.0,0,0.4,0.9,0.3,0,0.5,10,9.5,10,rrt_20260807_042458_570.png
20260807_042501_098,2026-08-07 04:25:01,False,10000,150,0.0,0,0.4,0.9,0.3,0,0.5,10,9.5,10,rrt_20260807_042501_098.png
20260807_042503_632,2026-08-07 04:25:03,False,10000,173,0.0,0,0.4,0.9,0.3,0,0.5,10,9.5,10,rrt_20260807_042503_632.png
20260807_042505_987,2026-08-07 04:25:05,False,10000,155,0.0,0,0.4,0.9,0.3,0,0.5,10,9.5,10,rrt_20260807_042505_987.png
20260807_042508_288,2026-08-07 04:25:08,False,10000,148,0.0,0,0.4,0.9,0.3,0,0.5,10,9.5,10,rrt_20260807_042508_288.png
20260807_042509_969,2026-08-07 04:25:09,False,10000,72,0.0,0,0.4,0.9,0.3,0,0.5,10,9.5,10,rrt_20260807_042509_969.png
20260807_042510_753,2026-08-07 04:25:10,True,1949,155,17.94035381238706,46,0.4,0.9,0.3,0,0.5,10,9.5,10,rrt_20260807_042510_753.png
20260807_042513_401,2026-08-07 04:25:13,False,10000,189,0.0,0,0.4,0.9,0.3,0,0.5,10,9.5,10,rrt_20260807_042513_401.png
20260807_042514_136,2026-08-07 04:25:14,True,1500,158,18.4,47,0.4,0.9,0.3,0,0.5,10,9.5,10,rrt_20260807_042514_136.png
20260807_042514_624,2026-08-07 04:25:14,True,265,93,17.599999999999998,45,0.4,0.9,0.3,0,0.5,10,9.5,10,rrt_20260807_042514_624.png
20260807_042516_947,2026-08-07 04:25:16,False,10000,140,0.0,0,0.4,0.9,0.3,0,0.5,10,9.5,10,rrt_20260807_042516_947.png
20260807_042518_981,2026-08-07 04:25:18,False,10000,122,0.0,0,0.4,0.9,0.3,0,0.5,10,9.5,10,rrt_20260807_042518_981.png
20260807_042519_479,2026-08-07 04:25:19,True,639,124,20.000000000000004,51,0.4,0.9,0.3,0,0.5,10,9.5,10,rrt_20260807_042519_479.png
20260807_042522_332,2026-08-07 04:25:22,False,10000,213,0.0,0,0.4,0.9,0.3,0,0.5,10,9.5,10,rrt_20260807_042522_332.png
20260807_042524_544,2026-08-07 04:25:24,False,10000,127,0.0,0,0.4,0.9,0.3,0,0.5,10,9.5,10,rrt_20260807_042524_544.png
20260807_042525_403,2026-08-07 04:25:25,True,2032,150,19.943397361101034,51,0.4,0.9,0.3,0,0.5,10,9.5,10,rrt_20260807_042525_403.png
20260807_042527_702,2026-08-07 04:25:27,False,10000,149,0.0,0,0.4,0.9,0.3,0,0.5,10,9.5,10,rrt_20260807_042527_702.png
20260807_042529_713,2026-08-07 04:25:29,False,10000,116,0.0,0,0.4,0.9,0.3,0,0.5,10,9.5,10,rrt_20260807_042529_713.png
20260807_042532_425,2026-08-07 04:25:32,False,10000,170,0.0,0,0.4,0.9,0.3,0,0.5,10,9.5,10,rrt_20260807_042532_425.png
20260807_042534_574,2026-08-07 04:25:34,False,10000,134,0.0,0,0.4,0.9,0.3,0,0.5,10,9.5,10,rrt_20260807_042534_574.png
20260807_042536_552,2026-08-07 04:25:36,False,10000,113,0.0,0,0.4,0.9,0.3,0,0.5,10,9.5,10,rrt_20260807_042536_552.png
20260807_042537_947,2026-08-07 04:25:37,False,10000,60,0.0,0,0.4,0.9,0.3,0,0.5,10,9.5,10,rrt_20260807_042537_947.png
20260807_042540_116,2026-08-07 04:25:40,False,10000,142,0.0,0,0.4,0.9,0.3,0,0.5,10,9.5,10,rrt_20260807_042540_116.png
20260807_042541_769,2026-08-07 04:25:41,False,10000,64,0.0,0,0.4,0.9,0.3,0,0.5,10,9.5,10,rrt_20260807_042541_769.png
20260807_042543_644,2026-08-07 04:25:43,False,10000,110,0.0,0,0.4,0.9,0.3,0,0.5,10,9.5,10,rrt_20260807_042543_644.png
20260807_042545_901,2026-08-07 04:25:45,False,10000,140,0.0,0,0.4,0.9,0.3,0,0.5,10,9.5,10,rrt_20260807_042545_901.png
20260807_042546_454,2026-08-07 04:25:46,True,867,157,21.199999999999992,54,0.4,0.9,0.3,0,0.5,10,9.5,10,rrt_20260807_042546_454.png
20260807_042548_630,2026-08-07 04:25:48,False,10000,143,0.0,0,0.4,0.9,0.3,0,0.5,10,9.5,10,rrt_20260807_042548_630.png
20260807_042551_036,2026-08-07 04:25:51,False,10000,147,0.0,0,0.4,0.9,0.3,0,0.5,10,9.5,10,rrt_20260807_042551_036.png
20260807_042553_478,2026-08-07 04:25:53,False,10000,164,0.0,0,0.4,0.9,0.3,0,0.5,10,9.5,10,rrt_20260807_042553_478.png
20260807_042553_985,2026-08-07 04:25:53,True,226,93,18.000000000000014,46,0.4,0.9,0.3,0,0.5,10,9.5,10,rrt_20260807_042553_985.png
20260807_042556_320,2026-08-07 04:25:56,False,10000,158,0.0,0,0.4,0.9,0.3,0,0.5,10,9.5,10,rrt_20260807_042556_320.png
20260807_042558_280,2026-08-07 04:25:58,False,10000,102,0.0,0,0.4,0.9,0.3,0,0.5,10,9.5,10,rrt_20260807_042558_280.png
20260807_042600_186,2026-08-07 04:26:00,False,10000,107,0.0,0,0.4,0.9,0.3,0,0.5,10,9.5,10,rrt_20260807_042600_186.png
20260807_042602_825,2026-08-07 04:26:02,False,10000,181,0.0,0,0.4,0.9,0.3,0,0.5,10,9.5,10,rrt_20260807_042602_825.png
20260807_042605_057,2026-08-07 04:26:05,False,10000,140,0.0,0,0.4,0.9,0.3,0,0.5,10,9.5,10,rrt_20260807_042605_057.png
20260807_042605_536,2026-08-07 04:26:05,True,330,120,19.200000000000006,49,0.4,0.9,0.3,0,0.5,10,9.5,10,rrt_20260807_042605_536.png
20260807_042608_207,2026-08-07 04:26:08,False,10000,191,0.0,0,0.4,0.9,0.3,0,0.5,10,9.5,10,rrt_20260807_042608_207.png
20260807_042610_571,2026-08-07 04:26:10,False,10000,154,0.0,0,0.4,0.9,0.3,0,0.5,10,9.5,10,rrt_20260807_042610_571.png
20260807_042612_575,2026-08-07 04:26:12,False,10000,117,0.0,0,0.4,0.9,0.3,0,0.5,10,9.5,10,rrt_20260807_042612_575.png
20260807_042614_973,2026-08-07 04:26:14,False,10000,141,0.0,0,0.4,0.9,0.3,0,0.5,10,9.5,10,rrt_20260807_042614_973.png
20260807_042617_198,2026-08-07 04:26:17,False,10000,139,0.0,0,0.4,0.9,0.3,0,0.5,10,9.5,10,rrt_20260807_042617_198.png
20260807_042619_379,2026-08-07 04:26:19,False,10000,135,0.0,0,0.4,0.9,0.3,0,0.5,10,9.5,10,rrt_20260807_042619_379.png
20260807_042621_357,2026-08-07 04:26:21,False,10000,113,0.0,0,0.4,0.9,0.3,0,0.5,10,9.5,10,rrt_20260807_042621_357.png
20260807_042623_434,2026-08-07 04:26:23,False,10000,137,0.0,0,0.4,0.9,0.3,0,0.5,10,9.5,10,rrt_20260807_042623_434.png
20260807_042626_068,2026-08-07 04:26:26,False,10000,154,0.0,0,0.4,0.9,0.3,0,0.5,10,9.5,10,rrt_20260807_042626_068.png
20260807_042626_685,2026-08-07 04:26:26,True,1129,158,18.40000000000001,47,0.4,0.9,0.3,0,0.5,10,9.5,10,rrt_20260807_042626_685.png
20260807_042629_107,2026-08-07 04:26:29,False,10000,155,0.0,0,0.4,0.9,0.3,0,0.5,10,9.5,10,rrt_20260807_042629_107.png
20260807_042631_285,2026-08-07 04:26:31,False,10000,128,0.0,0,0.4,0.9,0.3,0,0.5,10,9.5,10,rrt_20260807_042631_285.png
20260807_042633_627,2026-08-07 04:26:33,False,10000,135,0.0,0,0.4,0.9,0.3,0,0.5,10,9.5,10,rrt_20260807_042633_627.png
20260807_042635_144,2026-08-07 04:26:35,False,10000,70,0.0,0,0.4,0.9,0.3,0,0.5,10,9.5,10,rrt_20260807_042635_144.png
20260807_042637_239,2026-08-07 04:26:37,False,10000,131,0.0,0,0.4,0.9,0.3,0,0.5,10,9.5,10,rrt_20260807_042637_239.png
20260807_042639_210,2026-08-07 04:26:39,False,10000,121,0.0,0,0.4,0.9,0.3,0,0.5,10,9.5,10,rrt_20260807_042639_210.png
20260807_042641_168,2026-08-07 04:26:41,False,10000,121,0.0,0,0.4,0.9,0.3,0,0.5,10,9.5,10,rrt_20260807_042641_168.png
20260807_042643_195,2026-08-07 04:26:43,False,10000,122,0.0,0,0.4,0.9,0.3,0,0.5,10,9.5,10,rrt_20260807_042643_195.png
20260807_042643_661,2026-08-07 04:26:43,True,259,110,17.200000000000003,44,0.4,0.9,0.3,0,0.5,10,9.5,10,rrt_20260807_042643_661.png
20260807_042646_135,2026-08-07 04:26:46,False,10000,174,0.0,0,0.4,0.9,0.3,0,0.5,10,9.5,10,rrt_20260807_042646_135.png
20260807_042648_362,2026-08-07 04:26:48,False,10000,142,0.0,0,0.4,0.9,0.3,0,0.5,10,9.5,10,rrt_20260807_042648_362.png
20260807_042650_949,2026-08-07 04:26:50,False,10000,160,0.0,0,0.4,0.9,0.3,0,0.5,10,9.5,10,rrt_20260807_042650_949.png
20260807_042651_640,2026-08-07 04:26:51,True,335,100,17.600000000000005,45,0.4,0.9,0.3,0,0.5,10,9.5,10,rrt_20260807_042651_640.png
20260807_042653_762,2026-08-07 04:26:53,False,10000,141,0.0,0,0.4,0.9,0.3,0,0.5,10,9.5,10,rrt_20260807_042653_762.png
20260807_042656_127,2026-08-07 04:26:56,False,10000,149,0.0,0,0.4,0.9,0.3,0,0.5,10,9.5,10,rrt_20260807_042656_127.png
20260807_042658_133,2026-08-07 04:26:58,False,10000,115,0.0,0,0.4,0.9,0.3,0,0.5,10,9.5,10,rrt_20260807_042658_133.png
20260807_042700_378,2026-08-07 04:27:00,False,10000,146,0.0,0,0.4,0.9,0.3,0,0.5,10,9.5,10,rrt_20260807_042700_378.png
20260807_042700_991,2026-08-07 04:27:00,True,1191,160,18.799999999999997,48,0.4,0.9,0.3,0,0.5,10,9.5,10,rrt_20260807_042700_991.png
20260807_042703_092,2026-08-07 04:27:03,False,10000,132,0.0,0,0.4,0.9,0.3,0,0.5,10,9.5,10,rrt_20260807_042703_092.png
20260807_042705_315,2026-08-07 04:27:05,False,10000,141,0.0,0,0.4,0.9,0.3,0,0.5,10,9.5,10,rrt_20260807_042705_315.png
20260807_042708_059,2026-08-07 04:27:08,False,10000,175,0.0,0,0.4,0.9,0.3,0,0.5,10,9.5,10,rrt_20260807_042708_059.png
20260807_042710_116,2026-08-07 04:27:10,False,10000,129,0.0,0,0.4,0.9,0.3,0,0.5,10,9.5,10,rrt_20260807_042710_116.png
20260807_042712_145,2026-08-07 04:27:12,False,10000,111,0.0,0,0.4,0.9,0.3,0,0.5,10,9.5,10,rrt_20260807_042712_145.png
20260807_042713_623,2026-08-07 04:27:13,False,10000,75,0.0,0,0.4,0.9,0.3,0,0.5,10,9.5,10,rrt_20260807_042713_623.png
20260807_042715_694,2026-08-07 04:27:15,False,10000,127,0.0,0,0.4,0.9,0.3,0,0.5,10,9.5,10,rrt_20260807_042715_694.png
20260807_042717_523,2026-08-07 04:27:17,False,10000,102,0.0,0,0.4,0.9,0.3,0,0.5,10,9.5,10,rrt_20260807_042717_523.png
20260807_042720_084,2026-08-07 04:27:20,False,10000,177,0.0,0,0.4,0.9,0.3,0,0.5,10,9.5,10,rrt_20260807_042720_084.png
20260807_042722_720,2026-08-07 04:27:22,False,10000,158,0.0,0,0.4,0.9,0.3,0,0.5,10,9.5,10,rrt_20260807_042722_720.png
20260807_042724_863,2026-08-07 04:27:24,False,10000,134,0.0,0,0.4,0.9,0.3,0,0.5,10,9.5,10,rrt_20260807_042724_863.png
20260807_042725_540,2026-08-07 04:27:25,True,568,119,18.0,46,0.4,0.9,0.3,0,0.5,10,9.5,10,rrt_20260807_042725_540.png
20260807_042726_017,2026-08-07 04:27:26,True,795,142,18.799999999999997,48,0.4,1.0,0.3,0,0.5,10,9.5,10,rrt_20260807_042726_017.png
20260807_042726_578,2026-08-07 04:27:26,True,1091,169,18.4,47,0.4,1.0,0.3,0,0.5,10,9.5,10,rrt_20260807_042726_578.png
20260807_042728_032,2026-08-07 04:27:28,False,10000,69,0.0,0,0.4,1.0,0.3,0,0.5,10,9.5,10,rrt_20260807_042728_032.png
20260807_042730_383,2026-08-07 04:27:30,False,10000,151,0.0,0,0.4,1.0,0.3,0,0.5,10,9.5,10,rrt_20260807_042730_383.png
20260807_042731_464,2026-08-07 04:27:31,False,10000,36,0.0,0,0.4,1.0,0.3,0,0.5,10,9.5,10,rrt_20260807_042731_464.png
20260807_042733_618,2026-08-07 04:27:33,False,10000,142,0.0,0,0.4,1.0,0.3,0,0.5,10,9.5,10,rrt_20260807_042733_618.png
20260807_042736_002,2026-08-07 04:27:36,False,10000,133,0.0,0,0.4,1.0,0.3,0,0.5,10,9.5,10,rrt_20260807_042736_002.png
20260807_042738_345,2026-08-07 04:27:38,False,10000,156,0.0,0,0.4,1.0,0.3,0,0.5,10,9.5,10,rrt_20260807_042738_345.png
20260807_042741_262,2026-08-07 04:27:41,False,10000,194,0.0,0,0.4,1.0,0.3,0,0.5,10,9.5,10,rrt_20260807_042741_262.png
20260807_042743_552,2026-08-07 04:27:43,False,10000,146,0.0,0,0.4,1.0,0.3,0,0.5,10,9.5,10,rrt_20260807_042743_552.png
20260807_042745_852,2026-08-07 04:27:45,False,10000,150,0.0,0,0.4,1.0,0.3,0,0.5,10,9.5,10,rrt_20260807_042745_852.png
20260807_042746_396,2026-08-07 04:27:46,True,791,159,17.600000000000005,45,0.4,1.0,0.3,0,0.5,10,9.5,10,rrt_20260807_042746_396.png
20260807_042749_234,2026-08-07 04:27:49,False,10000,207,0.0,0,0.4,1.0,0.3,0,0.5,10,9.5,10,rrt_20260807_042749_234.png
20260807_042751_870,2026-08-07 04:27:51,False,10000,182,0.0,0,0.4,1.0,0.3,0,0.5,10,9.5,10,rrt_20260807_042751_870.png
20260807_042754_347,2026-08-07 04:27:54,False,10000,165,0.0,0,0.4,1.0,0.3,0,0.5,10,9.5,10,rrt_20260807_042754_347.png
20260807_042756_667,2026-08-07 04:27:56,False,10000,149,0.0,0,0.4,1.0,0.3,0,0.5,10,9.5,10,rrt_20260807_042756_667.png
20260807_042758_746,2026-08-07 04:27:58,False,10000,129,0.0,0,0.4,1.0,0.3,0,0.5,10,9.5,10,rrt_20260807_042758_746.png
20260807_042801_301,2026-08-07 04:28:01,False,10000,157,0.0,0,0.4,1.0,0.3,0,0.5,10,9.5,10,rrt_20260807_042801_301.png
20260807_042803_176,2026-08-07 04:28:03,False,10000,102,0.0,0,0.4,1.0,0.3,0,0.5,10,9.5,10,rrt_20260807_042803_176.png
20260807_042806_104,2026-08-07 04:28:06,False,10000,210,0.0,0,0.4,1.0,0.3,0,0.5,10,9.5,10,rrt_20260807_042806_104.png
20260807_042808_125,2026-08-07 04:28:08,False,10000,120,0.0,0,0.4,1.0,0.3,0,0.5,10,9.5,10,rrt_20260807_042808_125.png
20260807_042810_874,2026-08-07 04:28:10,False,10000,193,0.0,0,0.4,1.0,0.3,0,0.5,10,9.5,10,rrt_20260807_042810_874.png
20260807_042811_502,2026-08-07 04:28:11,True,1200,158,20.799999999999986,53,0.4,1.0,0.3,0,0.5,10,9.5,10,rrt_20260807_042811_502.png
20260807_042814_375,2026-08-07 04:28:14,False,10000,215,0.0,0,0.4,1.0,0.3,0,0.5,10,9.5,10,rrt_20260807_042814_375.png
20260807_042816_622,2026-08-07 04:28:16,False,10000,139,0.0,0,0.4,1.0,0.3,0,0.5,10,9.5,10,rrt_20260807_042816_622.png
20260807_042819_339,2026-08-07 04:28:19,False,10000,173,0.0,0,0.4,1.0,0.3,0,0.5,10,9.5,10,rrt_20260807_042819_339.png
20260807_042820_903,2026-08-07 04:28:20,False,10000,61,0.0,0,0.4,1.0,0.3,0,0.5,10,9.5,10,rrt_20260807_042820_903.png
20260807_042823_606,2026-08-07 04:28:23,False,10000,190,0.0,0,0.4,1.0,0.3,0,0.5,10,9.5,10,rrt_20260807_042823_606.png
20260807_042825_252,2026-08-07 04:28:25,False,10000,89,0.0,0,0.4,1.0,0.3,0,0.5,10,9.5,10,rrt_20260807_042825_252.png
20260807_042827_383,2026-08-07 04:28:27,False,10000,133,0.0,0,0.4,1.0,0.3,0,0.5,10,9.5,10,rrt_20260807_042827_383.png
20260807_042830_011,2026-08-07 04:28:30,False,10000,180,0.0,0,0.4,1.0,0.3,0,0.5,10,9.5,10,rrt_20260807_042830_011.png
20260807_042832_269,2026-08-07 04:28:32,False,10000,118,0.0,0,0.4,1.0,0.3,0,0.5,10,9.5,10,rrt_20260807_042832_269.png
20260807_042833_818,2026-08-07 04:28:33,False,10000,74,0.0,0,0.4,1.0,0.3,0,0.5,10,9.5,10,rrt_20260807_042833_818.png
20260807_042836_098,2026-08-07 04:28:36,False,10000,149,0.0,0,0.4,1.0,0.3,0,0.5,10,9.5,10,rrt_20260807_042836_098.png
20260807_042839_145,2026-08-07 04:28:39,False,10000,197,0.0,0,0.4,1.0,0.3,0,0.5,10,9.5,10,rrt_20260807_042839_145.png
20260807_042841_427,2026-08-07 04:28:41,False,10000,141,0.0,0,0.4,1.0,0.3,0,0.5,10,9.5,10,rrt_20260807_042841_427.png
20260807_042842_769,2026-08-07 04:28:42,False,10000,58,0.0,0,0.4,1.0,0.3,0,0.5,10,9.5,10,rrt_20260807_042842_769.png
20260807_042844_672,2026-08-07 04:28:44,False,10000,112,0.0,0,0.4,1.0,0.3,0,0.5,10,9.5,10,rrt_20260807_042844_672.png
20260807_042846_726,2026-08-07 04:28:46,False,10000,115,0.0,0,0.4,1.0,0.3,0,0.5,10,9.5,10,rrt_20260807_042846_726.png
20260807_042849_051,2026-08-07 04:28:49,False,10000,150,0.0,0,0.4,1.0,0.3,0,0.5,10,9.5,10,rrt_20260807_042849_051.png
20260807_042851_195,2026-08-07 04:28:51,False,10000,134,0.0,0,0.4,1.0,0.3,0,0.5,10,9.5,10,rrt_20260807_042851_195.png
20260807_042853_420,2026-08-07 04:28:53,False,10000,127,0.0,0,0.4,1.0,0.3,0,0.5,10,9.5,10,rrt_20260807_042853_420.png
20260807_042855_737,2026-08-07 04:28:55,False,10000,152,0.0,0,0.4,1.0,0.3,0,0.5,10,9.5,10,rrt_20260807_042855_737.png
20260807_042858_701,2026-08-07 04:28:58,False,10000,195,0.0,0,0.4,1.0,0.3,0,0.5,10,9.5,10,rrt_20260807_042858_701.png
20260807_042900_641,2026-08-07 04:29:00,False,10000,104,0.0,0,0.4,1.0,0.3,0,0.5,10,9.5,10,rrt_20260807_042900_641.png
20260807_042901_145,2026-08-07 04:29:01,True,535,145,18.0,46,0.4,1.0,0.3,0,0.5,10,9.5,10,rrt_20260807_042901_145.png
20260807_042903_320,2026-08-07 04:29:03,False,10000,139,0.0,0,0.4,1.0,0.3,0,0.5,10,9.5,10,rrt_20260807_042903_320.png
20260807_042905_258,2026-08-07 04:29:05,False,10000,109,0.0,0,0.4,1.0,0.3,0,0.5,10,9.5,10,rrt_20260807_042905_258.png
20260807_042907_729,2026-08-07 04:29:07,False,10000,166,0.0,0,0.4,1.0,0.3,0,0.5,10,9.5,10,rrt_20260807_042907_729.png
20260807_042909_752,2026-08-07 04:29:09,False,10000,120,0.0,0,0.4,1.0,0.3,0,0.5,10,9.5,10,rrt_20260807_042909_752.png
20260807_042911_893,2026-08-07 04:29:11,False,10000,126,0.0,0,0.4,1.0,0.3,0,0.5,10,9.5,10,rrt_20260807_042911_893.png
20260807_042913_896,2026-08-07 04:29:13,False,10000,110,0.0,0,0.4,1.0,0.3,0,0.5,10,9.5,10,rrt_20260807_042913_896.png
20260807_042916_688,2026-08-07 04:29:16,False,10000,167,0.0,0,0.4,1.0,0.3,0,0.5,10,9.5,10,rrt_20260807_042916_688.png
20260807_042918_795,2026-08-07 04:29:18,False,10000,122,0.0,0,0.4,1.0,0.3,0,0.5,10,9.5,10,rrt_20260807_042918_795.png
20260807_042921_144,2026-08-07 04:29:21,False,10000,149,0.0,0,0.4,1.0,0.3,0,0.5,10,9.5,10,rrt_20260807_042921_144.png
20260807_042923_384,2026-08-07 04:29:23,False,10000,132,0.0,0,0.4,1.0,0.3,0,0.5,10,9.5,10,rrt_20260807_042923_384.png
20260807_042924_719,2026-08-07 04:29:24,False,10000,57,0.0,0,0.4,1.0,0.3,0,0.5,10,9.5,10,rrt_20260807_042924_719.png
20260807_042927_422,2026-08-07 04:29:27,False,10000,182,0.0,0,0.4,1.0,0.3,0,0.5,10,9.5,10,rrt_20260807_042927_422.png
20260807_042930_341,2026-08-07 04:29:30,False,10000,202,0.0,0,0.4,1.0,0.3,0,0.5,10,9.5,10,rrt_20260807_042930_341.png
20260807_042931_096,2026-08-07 04:29:31,True,1692,125,18.799999999999994,48,0.4,1.0,0.3,0,0.5,10,9.5,10,rrt_20260807_042931_096.png
20260807_042933_427,2026-08-07 04:29:33,False,10000,146,0.0,0,0.4,1.0,0.3,0,0.5,10,9.5,10,rrt_20260807_042933_427.png
20260807_042935_583,2026-08-07 04:29:35,False,10000,87,0.0,0,0.4,1.0,0.3,0,0.5,10,9.5,10,rrt_20260807_042935_583.png
20260807_042936_162,2026-08-07 04:29:36,True,1009,162,18.399999999999995,47,0.4,1.0,0.3,0,0.5,10,9.5,10,rrt_20260807_042936_162.png
20260807_042938_485,2026-08-07 04:29:38,False,10000,154,0.0,0,0.4,1.0,0.3,0,0.5,10,9.5,10,rrt_20260807_042938_485.png
20260807_042940_698,2026-08-07 04:29:40,False,10000,132,0.0,0,0.4,1.0,0.3,0,0.5,10,9.5,10,rrt_20260807_042940_698.png
20260807_042942_029,2026-08-07 04:29:42,False,10000,61,0.0,0,0.4,1.0,0.3,0,0.5,10,9.5,10,rrt_20260807_042942_029.png
20260807_042944_419,2026-08-07 04:29:44,False,10000,159,0.0,0,0.4,1.0,0.3,0,0.5,10,9.5,10,rrt_20260807_042944_419.png
20260807_042945_118,2026-08-07 04:29:45,True,1330,159,19.2,49,0.4,1.0,0.3,0,0.5,10,9.5,10,rrt_20260807_042945_118.png
20260807_042947_716,2026-08-07 04:29:47,False,10000,173,0.0,0,0.4,1.0,0.3,0,0.5,10,9.5,10,rrt_20260807_042947_716.png
20260807_042949_976,2026-08-07 04:29:49,False,10000,145,0.0,0,0.4,1.0,0.3,0,0.5,10,9.5,10,rrt_20260807_042949_976.png
20260807_042951_971,2026-08-07 04:29:51,False,10000,88,0.0,0,0.4,1.0,0.3,0,0.5,10,9.5,10,rrt_20260807_042951_971.png
20260807_042954_145,2026-08-07 04:29:54,False,10000,132,0.0,0,0.4,1.0,0.3,0,0.5,10,9.5,10,rrt_20260807_042954_145.png
20260807_042956_477,2026-08-07 04:29:56,False,10000,149,0.0,0,0.4,1.0,0.3,0,0.5,10,9.5,10,rrt_20260807_042956_477.png
20260807_042959_104,2026-08-07 04:29:59,False,10000,179,0.0,0,0.4,1.0,0.3,0,0.5,10,9.5,10,rrt_20260807_042959_104.png
20260807_043001_126,2026-08-07 04:30:01,False,10000,118,0.0,0,0.4,1.0,0.3,0,0.5,10,9.5,10,rrt_20260807_043001_126.png
20260807_043002_624,2026-08-07 04:30:02,False,10000,70,0.0,0,0.4,1.0,0.3,0,0.5,10,9.5,10,rrt_20260807_043002_624.png
20260807_043004_494,2026-08-07 04:30:04,False,10000,111,0.0,0,0.4,1.0,0.3,0,0.5,10,9.5,10,rrt_20260807_043004_494.png
20260807_043006_999,2026-08-07 04:30:06,False,10000,166,0.0,0,0.4,1.0,0.3,0,0.5,10,9.5,10,rrt_20260807_043006_999.png
20260807_043009_230,2026-08-07 04:30:09,False,10000,141,0.0,0,0.4,1.0,0.3,0,0.5,10,9.5,10,rrt_20260807_043009_230.png
20260807_043010_146,2026-08-07 04:30:10,True,812,160,19.6,50,0.4,1.0,0.3,0,0.5,10,9.5,10,rrt_20260807_043010_146.png
20260807_043012_521,2026-08-07 04:30:12,False,10000,144,0.0,0,0.4,1.0,0.3,0,0.5,10,9.5,10,rrt_20260807_043012_521.png
20260807_043014_508,2026-08-07 04:30:14,False,10000,109,0.0,0,0.4,1.0,0.3,0,0.5,10,9.5,10,rrt_20260807_043014_508.png
20260807_043015_170,2026-08-07 04:30:15,True,933,150,18.799999999999994,48,0.4,1.0,0.3,0,0.5,10,9.5,10,rrt_20260807_043015_170.png
20260807_043017_241,2026-08-07 04:30:17,False,10000,128,0.0,0,0.4,1.0,0.3,0,0.5,10,9.5,10,rrt_20260807_043017_241.png
20260807_043019_549,2026-08-07 04:30:19,False,10000,147,0.0,0,0.4,1.0,0.3,0,0.5,10,9.5,10,rrt_20260807_043019_549.png
20260807_043021_695,2026-08-07 04:30:21,False,10000,113,0.0,0,0.4,1.0,0.3,0,0.5,10,9.5,10,rrt_20260807_043021_695.png
20260807_043023_835,2026-08-07 04:30:23,False,10000,135,0.0,0,0.4,1.0,0.3,0,0.5,10,9.5,10,rrt_20260807_043023_835.png
20260807_043026_131,2026-08-07 04:30:26,False,10000,143,0.0,0,0.4,1.0,0.3,0,0.5,10,9.5,10,rrt_20260807_043026_131.png
20260807_043028_266,2026-08-07 04:30:28,False,10000,114,0.0,0,0.4,1.0,0.3,0,0.5,10,9.5,10,rrt_20260807_043028_266.png
20260807_043030_175,2026-08-07 04:30:30,False,10000,100,0.0,0,0.4,1.0,0.3,0,0.5,10,9.5,10,rrt_20260807_043030_175.png
20260807_043032_371,2026-08-07 04:30:32,False,10000,130,0.0,0,0.4,1.0,0.3,0,0.5,10,9.5,10,rrt_20260807_043032_371.png
20260807_043034_253,2026-08-07 04:30:34,False,10000,105,0.0,0,0.4,1.0,0.3,0,0.5,10,9.5,10,rrt_20260807_043034_253.png
20260807_043036_359,2026-08-07 04:30:36,False,10000,123,0.0,0,0.4,1.0,0.3,0,0.5,10,9.5,10,rrt_20260807_043036_359.png
20260807_043037_706,2026-08-07 04:30:37,False,10000,61,0.0,0,0.4,1.0,0.3,0,0.5,10,9.5,10,rrt_20260807_043037_706.png
20260807_043039_679,2026-08-07 04:30:39,False,10000,117,0.0,0,0.4,1.0,0.3,0,0.5,10,9.5,10,rrt_20260807_043039_679.png
20260807_043041_930,2026-08-07 04:30:41,False,10000,145,0.0,0,0.4,1.0,0.3,0,0.5,10,9.5,10,rrt_20260807_043041_930.png
20260807_043044_671,2026-08-07 04:30:44,False,10000,167,0.0,0,0.4,1.0,0.3,0,0.5,10,9.5,10,rrt_20260807_043044_671.png
20260807_043045_266,2026-08-07 04:30:45,True,746,185,19.60000000000001,50,0.4,1.0,0.3,0,0.5,10,9.5,10,rrt_20260807_043045_266.png
20260807_043047_262,2026-08-07 04:30:47,False,10000,102,0.0,0,0.4,1.0,0.3,0,0.5,10,9.5,10,rrt_20260807_043047_262.png
20260807_043047_921,2026-08-07 04:30:47,True,1367,146,20.80000000000001,53,0.4,1.0,0.3,0,0.5,10,9.5,10,rrt_20260807_043047_921.png
20260807_043049_626,2026-08-07 04:30:49,False,10000,124,0.0,0,0.45,0.1,0.3,0,0.5,10,9.5,10,rrt_20260807_043049_626.png
20260807_043051_636,2026-08-07 04:30:51,False,10000,123,0.0,0,0.45,0.1,0.3,0,0.5,10,9.5,10,rrt_20260807_043051_636.png
20260807_043053_341,2026-08-07 04:30:53,True,7270,157,19.722040095879205,45,0.45,0.1,0.3,0,0.5,10,9.5,10,rrt_20260807_043053_341.png
20260807_043055_272,2026-08-07 04:30:55,False,10000,134,0.0,0,0.45,0.1,0.3,0,0.5,10,9.5,10,rrt_20260807_043055_272.png
20260807_043057_003,2026-08-07 04:30:57,False,10000,116,0.0,0,0.45,0.1,0.3,0,0.5,10,9.5,10,rrt_20260807_043057_003.png
20260807_043059_083,2026-08-07 04:30:59,False,10000,139,0.0,0,0.45,0.1,0.3,0,0.5,10,9.5,10,rrt_20260807_043059_083.png
20260807_043100_976,2026-08-07 04:31:00,False,10000,131,0.0,0,0.45,0.1,0.3,0,0.5,10,9.5,10,rrt_20260807_043100_976.png
20260807_043103_108,2026-08-07 04:31:03,False,10000,147,0.0,0,0.45,0.1,0.3,0,0.5,10,9.5,10,rrt_20260807_043103_108.png
20260807_043104_776,2026-08-07 04:31:04,True,9976,114,17.96915278078597,41,0.45,0.1,0.3,0,0.5,10,9.5,10,rrt_20260807_043104_776.png
20260807_043106_098,2026-08-07 04:31:06,False,10000,77,0.0,0,0.45,0.1,0.3,0,0.5,10,9.5,10,rrt_20260807_043106_098.png
20260807_043107_850,2026-08-07 04:31:07,False,10000,115,0.0,0,0.45,0.1,0.3,0,0.5,10,9.5,10,rrt_20260807_043107_850.png
20260807_043109_753,2026-08-07 04:31:09,False,10000,130,0.0,0,0.45,0.1,0.3,0,0.5,10,9.5,10,rrt_20260807_043109_753.png
20260807_043111_728,2026-08-07 04:31:11,False,10000,132,0.0,0,0.45,0.1,0.3,0,0.5,10,9.5,10,rrt_20260807_043111_728.png
20260807_043112_394,2026-08-07 04:31:12,True,2581,101,17.98207931301005,41,0.45,0.1,0.3,0,0.5,10,9.5,10,rrt_20260807_043112_394.png
20260807_043114_429,2026-08-07 04:31:14,False,10000,138,0.0,0,0.45,0.1,0.3,0,0.5,10,9.5,10,rrt_20260807_043114_429.png
20260807_043116_403,2026-08-07 04:31:16,False,10000,144,0.0,0,0.45,0.1,0.3,0,0.5,10,9.5,10,rrt_20260807_043116_403.png
20260807_043117_567,2026-08-07 04:31:17,False,10000,52,0.0,0,0.45,0.1,0.3,0,0.5,10,9.5,10,rrt_20260807_043117_567.png
20260807_043119_323,2026-08-07 04:31:19,False,10000,126,0.0,0,0.45,0.1,0.3,0,0.5,10,9.5,10,rrt_20260807_043119_323.png
20260807_043121_212,2026-08-07 04:31:21,False,10000,121,0.0,0,0.45,0.1,0.3,0,0.5,10,9.5,10,rrt_20260807_043121_212.png
20260807_043123_124,2026-08-07 04:31:23,False,10000,127,0.0,0,0.45,0.1,0.3,0,0.5,10,9.5,10,rrt_20260807_043123_124.png
20260807_043124_514,2026-08-07 04:31:24,False,10000,72,0.0,0,0.45,0.1,0.3,0,0.5,10,9.5,10,rrt_20260807_043124_514.png
20260807_043125_703,2026-08-07 04:31:25,False,10000,59,0.0,0,0.45,0.1,0.3,0,0.5,10,9.5,10,rrt_20260807_043125_703.png
20260807_043126_319,2026-08-07 04:31:26,True,2167,92,17.46556311445771,40,0.45,0.1,0.3,0,0.5,10,9.5,10,rrt_20260807_043126_319.png
20260807_043128_485,2026-08-07 04:31:28,False,10000,125,0.0,0,0.45,0.1,0.3,0,0.5,10,9.5,10,rrt_20260807_043128_485.png
20260807_043130_244,2026-08-07 04:31:30,False,10000,121,0.0,0,0.45,0.1,0.3,0,0.5,10,9.5,10,rrt_20260807_043130_244.png
20260807_043131_448,2026-08-07 04:31:31,False,10000,72,0.0,0,0.45,0.1,0.3,0,0.5,10,9.5,10,rrt_20260807_043131_448.png
20260807_043132_859,2026-08-07 04:31:32,False,10000,64,0.0,0,0.45,0.1,0.3,0,0.5,10,9.5,10,rrt_20260807_043132_859.png
20260807_043134_770,2026-08-07 04:31:34,False,10000,103,0.0,0,0.45,0.1,0.3,0,0.5,10,9.5,10,rrt_20260807_043134_770.png
20260807_043136_703,2026-08-07 04:31:36,False,10000,130,0.0,0,0.45,0.1,0.3,0,0.5,10,9.5,10,rrt_20260807_043136_703.png
20260807_043138_755,2026-08-07 04:31:38,False,10000,137,0.0,0,0.45,0.1,0.3,0,0.5,10,9.5,10,rrt_20260807_043138_755.png
20260807_043140_604,2026-08-07 04:31:40,False,10000,126,0.0,0,0.45,0.1,0.3,0,0.5,10,9.5,10,rrt_20260807_043140_604.png
20260807_043142_282,2026-08-07 04:31:42,False,10000,111,0.0,0,0.45,0.1,0.3,0,0.5,10,9.5,10,rrt_20260807_043142_282.png
20260807_043143_925,2026-08-07 04:31:43,False,10000,58,0.0,0,0.45,0.1,0.3,0,0.5,10,9.5,10,rrt_20260807_043143_925.png
20260807_043145_394,2026-08-07 04:31:45,False,10000,115,0.0,0,0.45,0.1,0.3,0,0.5,10,9.5,10,rrt_20260807_043145_394.png
20260807_043146_768,2026-08-07 04:31:46,False,10000,82,0.0,0,0.45,0.1,0.3,0,0.5,10,9.5,10,rrt_20260807_043146_768.png
20260807_043148_253,2026-08-07 04:31:48,False,10000,99,0.0,0,0.45,0.1,0.3,0,0.5,10,9.5,10,rrt_20260807_043148_253.png
20260807_043149_873,2026-08-07 04:31:49,False,10000,93,0.0,0,0.45,0.1,0.3,0,0.5,10,9.5,10,rrt_20260807_043149_873.png
20260807_043151_047,2026-08-07 04:31:51,False,10000,58,0.0,0,0.45,0.1,0.3,0,0.5,10,9.5,10,rrt_20260807_043151_047.png
20260807_043152_762,2026-08-07 04:31:52,False,10000,127,0.0,0,0.45,0.1,0.3,0,0.5,10,9.5,10,rrt_20260807_043152_762.png
20260807_043154_256,2026-08-07 04:31:54,True,8447,138,17.999999999999996,41,0.45,0.1,0.3,0,0.5,10,9.5,10,rrt_20260807_043154_256.png
20260807_043156_178,2026-08-07 04:31:56,False,10000,126,0.0,0,0.45,0.1,0.3,0,0.5,10,9.5,10,rrt_20260807_043156_178.png
20260807_043158_083,2026-08-07 04:31:58,False,10000,106,0.0,0,0.45,0.1,0.3,0,0.5,10,9.5,10,rrt_20260807_043158_083.png
20260807_043200_023,2026-08-07 04:32:00,False,10000,98,0.0,0,0.45,0.1,0.3,0,0.5,10,9.5,10,rrt_20260807_043200_023.png
20260807_043202_234,2026-08-07 04:32:02,False,10000,182,0.0,0,0.45,0.1,0.3,0,0.5,10,9.5,10,rrt_20260807_043202_234.png
20260807_043204_324,2026-08-07 04:32:04,False,10000,130,0.0,0,0.45,0.1,0.3,0,0.5,10,9.5,10,rrt_20260807_043204_324.png
20260807_043205_969,2026-08-07 04:32:05,False,10000,124,0.0,0,0.45,0.1,0.3,0,0.5,10,9.5,10,rrt_20260807_043205_969.png
20260807_043207_865,2026-08-07 04:32:07,False,10000,144,0.0,0,0.45,0.1,0.3,0,0.5,10,9.5,10,rrt_20260807_043207_865.png
20260807_043209_654,2026-08-07 04:32:09,False,10000,127,0.0,0,0.45,0.1,0.3,0,0.5,10,9.5,10,rrt_20260807_043209_654.png
20260807_043211_449,2026-08-07 04:32:11,False,10000,108,0.0,0,0.45,0.1,0.3,0,0.5,10,9.5,10,rrt_20260807_043211_449.png
20260807_043213_460,2026-08-07 04:32:13,False,10000,120,0.0,0,0.45,0.1,0.3,0,0.5,10,9.5,10,rrt_20260807_043213_460.png
20260807_043215_265,2026-08-07 04:32:15,False,10000,88,0.0,0,0.45,0.1,0.3,0,0.5,10,9.5,10,rrt_20260807_043215_265.png
20260807_043216_995,2026-08-07 04:32:16,False,10000,112,0.0,0,0.45,0.1,0.3,0,0.5,10,9.5,10,rrt_20260807_043216_995.png
20260807_043219_153,2026-08-07 04:32:19,False,10000,147,0.0,0,0.45,0.1,0.3,0,0.5,10,9.5,10,rrt_20260807_043219_153.png
20260807_043221_170,2026-08-07 04:32:21,False,10000,130,0.0,0,0.45,0.1,0.3,0,0.5,10,9.5,10,rrt_20260807_043221_170.png
20260807_043223_072,2026-08-07 04:32:23,False,10000,127,0.0,0,0.45,0.1,0.3,0,0.5,10,9.5,10,rrt_20260807_043223_072.png
20260807_043225_230,2026-08-07 04:32:25,False,10000,139,0.0,0,0.45,0.1,0.3,0,0.5,10,9.5,10,rrt_20260807_043225_230.png
20260807_043227_394,2026-08-07 04:32:27,False,10000,131,0.0,0,0.45,0.1,0.3,0,0.5,10,9.5,10,rrt_20260807_043227_394.png
20260807_043228_475,2026-08-07 04:32:28,False,10000,55,0.0,0,0.45,0.1,0.3,0,0.5,10,9.5,10,rrt_20260807_043228_475.png
20260807_043230_193,2026-08-07 04:32:30,False,10000,94,0.0,0,0.45,0.1,0.3,0,0.5,10,9.5,10,rrt_20260807_043230_193.png
20260807_043232_306,2026-08-07 04:32:32,False,10000,123,0.0,0,0.45,0.1,0.3,0,0.5,10,9.5,10,rrt_20260807_043232_306.png
20260807_043234_213,2026-08-07 04:32:34,False,10000,149,0.0,0,0.45,0.1,0.3,0,0.5,10,9.5,10,rrt_20260807_043234_213.png
20260807_043235_746,2026-08-07 04:32:35,False,10000,99,0.0,0,0.45,0.1,0.3,0,0.5,10,9.5,10,rrt_20260807_043235_746.png
20260807_043237_477,2026-08-07 04:32:37,False,10000,117,0.0,0,0.45,0.1,0.3,0,0.5,10,9.5,10,rrt_20260807_043237_477.png
20260807_043239_019,2026-08-07 04:32:39,False,10000,105,0.0,0,0.45,0.1,0.3,0,0.5,10,9.5,10,rrt_20260807_043239_019.png
20260807_043241_050,2026-08-07 04:32:41,False,10000,123,0.0,0,0.45,0.1,0.3,0,0.5,10,9.5,10,rrt_20260807_043241_050.png
20260807_043242_922,2026-08-07 04:32:42,False,10000,135,0.0,0,0.45,0.1,0.3,0,0.5,10,9.5,10,rrt_20260807_043242_922.png
20260807_043244_775,2026-08-07 04:32:44,False,10000,129,0.0,0,0.45,0.1,0.3,0,0.5,10,9.5,10,rrt_20260807_043244_775.png
20260807_043247_053,2026-08-07 04:32:47,False,10000,126,0.0,0,0.45,0.1,0.3,0,0.5,10,9.5,10,rrt_20260807_043247_053.png
20260807_043248_905,2026-08-07 04:32:48,False,10000,131,0.0,0,0.45,0.1,0.3,0,0.5,10,9.5,10,rrt_20260807_043248_905.png
20260807_043250_632,2026-08-07 04:32:50,False,10000,118,0.0,0,0.45,0.1,0.3,0,0.5,10,9.5,10,rrt_20260807_043250_632.png
20260807_043252_447,2026-08-07 04:32:52,False,10000,134,0.0,0,0.45,0.1,0.3,0,0.5,10,9.5,10,rrt_20260807_043252_447.png
20260807_043253_101,2026-08-07 04:32:53,True,1934,72,21.59999999999999,49,0.45,0.1,0.3,0,0.5,10,9.5,10,rrt_20260807_043253_101.png
20260807_043254_885,2026-08-07 04:32:54,False,10000,112,0.0,0,0.45,0.1,0.3,0,0.5,10,9.5,10,rrt_20260807_043254_885.png
20260807_043256_361,2026-08-07 04:32:56,False,10000,59,0.0,0,0.45,0.1,0.3,0,0.5,10,9.5,10,rrt_20260807_043256_361.png
20260807_043258_319,2026-08-07 04:32:58,False,10000,123,0.0,0,0.45,0.1,0.3,0,0.5,10,9.5,10,rrt_20260807_043258_319.png
20260807_043300_355,2026-08-07 04:33:00,False,10000,140,0.0,0,0.45,0.1,0.3,0,0.5,10,9.5,10,rrt_20260807_043300_355.png
20260807_043301_904,2026-08-07 04:33:01,False,10000,74,0.0,0,0.45,0.1,0.3,0,0.5,10,9.5,10,rrt_20260807_043301_904.png
20260807_043303_521,2026-08-07 04:33:03,False,10000,101,0.0,0,0.45,0.1,0.3,0,0.5,10,9.5,10,rrt_20260807_043303_521.png
20260807_043305_786,2026-08-07 04:33:05,False,10000,135,0.0,0,0.45,0.1,0.3,0,0.5,10,9.5,10,rrt_20260807_043305_786.png
20260807_043307_795,2026-08-07 04:33:07,False,10000,139,0.0,0,0.45,0.1,0.3,0,0.5,10,9.5,10,rrt_20260807_043307_795.png
20260807_043309_242,2026-08-07 04:33:09,False,10000,62,0.0,0,0.45,0.1,0.3,0,0.5,10,9.5,10,rrt_20260807_043309_242.png
20260807_043311_416,2026-08-07 04:33:11,False,10000,132,0.0,0,0.45,0.1,0.3,0,0.5,10,9.5,10,rrt_20260807_043311_416.png
20260807_043312_800,2026-08-07 04:33:12,False,10000,52,0.0,0,0.45,0.1,0.3,0,0.5,10,9.5,10,rrt_20260807_043312_800.png
20260807_043314_497,2026-08-07 04:33:14,False,10000,124,0.0,0,0.45,0.1,0.3,0,0.5,10,9.5,10,rrt_20260807_043314_497.png
20260807_043316_115,2026-08-07 04:33:16,False,10000,110,0.0,0,0.45,0.1,0.3,0,0.5,10,9.5,10,rrt_20260807_043316_115.png
20260807_043318_455,2026-08-07 04:33:18,False,10000,126,0.0,0,0.45,0.1,0.3,0,0.5,10,9.5,10,rrt_20260807_043318_455.png
20260807_043320_346,2026-08-07 04:33:20,False,10000,130,0.0,0,0.45,0.1,0.3,0,0.5,10,9.5,10,rrt_20260807_043320_346.png
20260807_043321_852,2026-08-07 04:33:21,False,10000,54,0.0,0,0.45,0.1,0.3,0,0.5,10,9.5,10,rrt_20260807_043321_852.png
20260807_043323_291,2026-08-07 04:33:23,False,10000,62,0.0,0,0.45,0.1,0.3,0,0.5,10,9.5,10,rrt_20260807_043323_291.png
20260807_043325_517,2026-08-07 04:33:25,False,10000,117,0.0,0,0.45,0.1,0.3,0,0.5,10,9.5,10,rrt_20260807_043325_517.png
20260807_043326_390,2026-08-07 04:33:26,True,3478,100,17.10000000000001,39,0.45,0.1,0.3,0,0.5,10,9.5,10,rrt_20260807_043326_390.png
20260807_043328_252,2026-08-07 04:33:28,False,10000,135,0.0,0,0.45,0.1,0.3,0,0.5,10,9.5,10,rrt_20260807_043328_252.png
20260807_043329_705,2026-08-07 04:33:29,False,10000,80,0.0,0,0.45,0.1,0.3,0,0.5,10,9.5,10,rrt_20260807_043329_705.png
20260807_043331_057,2026-08-07 04:33:31,False,10000,50,0.0,0,0.45,0.1,0.3,0,0.5,10,9.5,10,rrt_20260807_043331_057.png
20260807_043333_211,2026-08-07 04:33:33,False,10000,149,0.0,0,0.45,0.1,0.3,0,0.5,10,9.5,10,rrt_20260807_043333_211.png
20260807_043334_210,2026-08-07 04:33:34,True,7727,86,22.04999999999999,50,0.45,0.1,0.3,0,0.5,10,9.5,10,rrt_20260807_043334_210.png
20260807_043335_810,2026-08-07 04:33:35,False,10000,116,0.0,0,0.45,0.1,0.3,0,0.5,10,9.5,10,rrt_20260807_043335_810.png
20260807_043337_834,2026-08-07 04:33:37,False,10000,165,0.0,0,0.45,0.1,0.3,0,0.5,10,9.5,10,rrt_20260807_043337_834.png
20260807_043339_944,2026-08-07 04:33:39,False,10000,119,0.0,0,0.45,0.1,0.3,0,0.5,10,9.5,10,rrt_20260807_043339_944.png
20260807_043342_030,2026-08-07 04:33:42,False,10000,131,0.0,0,0.45,0.1,0.3,0,0.5,10,9.5,10,rrt_20260807_043342_030.png
20260807_043344_279,2026-08-07 04:33:44,False,10000,127,0.0,0,0.45,0.2,0.3,0,0.5,10,9.5,10,rrt_20260807_043344_279.png
20260807_043346_327,2026-08-07 04:33:46,False,10000,99,0.0,0,0.45,0.2,0.3,0,0.5,10,9.5,10,rrt_20260807_043346_327.png
20260807_043347_021,2026-08-07 04:33:47,True,555,62,16.199999999999996,37,0.45,0.2,0.3,0,0.5,10,9.5,10,rrt_20260807_043347_021.png
20260807_043349_025,2026-08-07 04:33:49,False,10000,124,0.0,0,0.45,0.2,0.3,0,0.5,10,9.5,10,rrt_20260807_043349_025.png
20260807_043350_921,2026-08-07 04:33:50,False,10000,119,0.0,0,0.45,0.2,0.3,0,0.5,10,9.5,10,rrt_20260807_043350_921.png
20260807_043351_623,2026-08-07 04:33:51,True,2204,113,18.449999999999996,42,0.45,0.2,0.3,0,0.5,10,9.5,10,rrt_20260807_043351_623.png
20260807_043353_947,2026-08-07 04:33:53,False,10000,145,0.0,0,0.45,0.2,0.3,0,0.5,10,9.5,10,rrt_20260807_043353_947.png
20260807_043355_875,2026-08-07 04:33:55,False,10000,120,0.0,0,0.45,0.2,0.3,0,0.5,10,9.5,10,rrt_20260807_043355_875.png
20260807_043357_717,2026-08-07 04:33:57,False,10000,119,0.0,0,0.45,0.2,0.3,0,0.5,10,9.5,10,rrt_20260807_043357_717.png
20260807_043359_656,2026-08-07 04:33:59,False,10000,167,0.0,0,0.45,0.2,0.3,0,0.5,10,9.5,10,rrt_20260807_043359_656.png
20260807_043401_752,2026-08-07 04:34:01,False,10000,131,0.0,0,0.45,0.2,0.3,0,0.5,10,9.5,10,rrt_20260807_043401_752.png
20260807_043402_978,2026-08-07 04:34:02,False,10000,55,0.0,0,0.45,0.2,0.3,0,0.5,10,9.5,10,rrt_20260807_043402_978.png
20260807_043404_481,2026-08-07 04:34:04,False,10000,57,0.0,0,0.45,0.2,0.3,0,0.5,10,9.5,10,rrt_20260807_043404_481.png
20260807_043405_768,2026-08-07 04:34:05,False,10000,67,0.0,0,0.45,0.2,0.3,0,0.5,10,9.5,10,rrt_20260807_043405_768.png
20260807_043406_986,2026-08-07 04:34:06,True,5452,142,18.893163892243543,43,0.45,0.2,0.3,0,0.5,10,9.5,10,rrt_20260807_043406_986.png
20260807_043408_016,2026-08-07 04:34:08,True,4248,147,19.7120917466324,45,0.45,0.2,0.3,0,0.5,10,9.5,10,rrt_20260807_043408_016.png
20260807_043410_234,2026-08-07 04:34:10,False,10000,143,0.0,0,0.45,0.2,0.3,0,0.5,10,9.5,10,rrt_20260807_043410_234.png
20260807_043412_407,2026-08-07 04:34:12,False,10000,132,0.0,0,0.45,0.2,0.3,0,0.5,10,9.5,10,rrt_20260807_043412_407.png
20260807_043414_980,2026-08-07 04:34:14,False,10000,164,0.0,0,0.45,0.2,0.3,0,0.5,10,9.5,10,rrt_20260807_043414_980.png
20260807_043415_832,2026-08-07 04:34:15,True,3976,97,21.149999999999988,48,0.45,0.2,0.3,0,0.5,10,9.5,10,rrt_20260807_043415_832.png
20260807_043416_736,2026-08-07 04:34:16,True,4167,124,17.545576269428626,40,0.45,0.2,0.3,0,0.5,10,9.5,10,rrt_20260807_043416_736.png
20260807_043419_018,2026-08-07 04:34:19,False,10000,158,0.0,0,0.45,0.2,0.3,0,0.5,10,9.5,10,rrt_20260807_043419_018.png
20260807_043420_967,2026-08-07 04:34:20,False,10000,116,0.0,0,0.45,0.2,0.3,0,0.5,10,9.5,10,rrt_20260807_043420_967.png
20260807_043421_515,2026-08-07 04:34:21,True,1006,73,18.449999999999992,42,0.45,0.2,0.3,0,0.5,10,9.5,10,rrt_20260807_043421_515.png
20260807_043423_329,2026-08-07 04:34:23,False,10000,119,0.0,0,0.45,0.2,0.3,0,0.5,10,9.5,10,rrt_20260807_043423_329.png
20260807_043425_085,2026-08-07 04:34:25,False,10000,101,0.0,0,0.45,0.2,0.3,0,0.5,10,9.5,10,rrt_20260807_043425_085.png
20260807_043426_327,2026-08-07 04:34:26,True,5089,149,17.549999999999997,40,0.45,0.2,0.3,0,0.5,10,9.5,10,rrt_20260807_043426_327.png
20260807_043428_559,2026-08-07 04:34:28,True,9197,180,18.825034367601766,43,0.45,0.2,0.3,0,0.5,10,9.5,10,rrt_20260807_043428_559.png
20260807_043430_228,2026-08-07 04:34:30,False,10000,73,0.0,0,0.45,0.2,0.3,0,0.5,10,9.5,10,rrt_20260807_043430_228.png
20260807_043432_779,2026-08-07 04:34:32,False,10000,133,0.0,0,0.45,0.2,0.3,0,0.5,10,9.5,10,rrt_20260807_043432_779.png
20260807_043434_818,2026-08-07 04:34:34,False,10000,108,0.0,0,0.45,0.2,0.3,0,0.5,10,9.5,10,rrt_20260807_043434_818.png
20260807_043435_555,2026-08-07 04:34:35,True,1410,101,17.099999999999998,39,0.45,0.2,0.3,0,0.5,10,9.5,10,rrt_20260807_043435_555.png
20260807_043436_800,2026-08-07 04:34:36,False,10000,64,0.0,0,0.45,0.2,0.3,0,0.5,10,9.5,10,rrt_20260807_043436_800.png
20260807_043437_318,2026-08-07 04:34:37,True,1116,84,17.099999999999987,39,0.45,0.2,0.3,0,0.5,10,9.5,10,rrt_20260807_043437_318.png
20260807_043439_457,2026-08-07 04:34:39,False,10000,127,0.0,0,0.45,0.2,0.3,0,0.5,10,9.5,10,rrt_20260807_043439_457.png
20260807_043441_605,2026-08-07 04:34:41,False,10000,142,0.0,0,0.45,0.2,0.3,0,0.5,10,9.5,10,rrt_20260807_043441_605.png
20260807_043443_459,2026-08-07 04:34:43,False,10000,86,0.0,0,0.45,0.2,0.3,0,0.5,10,9.5,10,rrt_20260807_043443_459.png
20260807_043445_769,2026-08-07 04:34:45,False,10000,136,0.0,0,0.45,0.2,0.3,0,0.5,10,9.5,10,rrt_20260807_043445_769.png
20260807_043447_430,2026-08-07 04:34:47,False,10000,78,0.0,0,0.45,0.2,0.3,0,0.5,10,9.5,10,rrt_20260807_043447_430.png
20260807_043449_468,2026-08-07 04:34:49,False,10000,145,0.0,0,0.45,0.2,0.3,0,0.5,10,9.5,10,rrt_20260807_043449_468.png
20260807_043449_952,2026-08-07 04:34:49,True,530,70,17.1,39,0.45,0.2,0.3,0,0.5,10,9.5,10,rrt_20260807_043449_952.png
20260807_043452_287,2026-08-07 04:34:52,False,10000,151,0.0,0,0.45,0.2,0.3,0,0.5,10,9.5,10,rrt_20260807_043452_287.png
20260807_043454_094,2026-08-07 04:34:54,False,10000,130,0.0,0,0.45,0.2,0.3,0,0.5,10,9.5,10,rrt_20260807_043454_094.png
20260807_043455_960,2026-08-07 04:34:55,False,10000,112,0.0,0,0.45,0.2,0.3,0,0.5,10,9.5,10,rrt_20260807_043455_960.png
20260807_043457_923,2026-08-07 04:34:57,False,10000,97,0.0,0,0.45,0.2,0.3,0,0.5,10,9.5,10,rrt_20260807_043457_923.png
20260807_043500_312,2026-08-07 04:35:00,False,10000,142,0.0,0,0.45,0.2,0.3,0,0.5,10,9.5,10,rrt_20260807_043500_312.png
20260807_043502_757,2026-08-07 04:35:02,False,10000,144,0.0,0,0.45,0.2,0.3,0,0.5,10,9.5,10,rrt_20260807_043502_757.png
20260807_043505_325,2026-08-07 04:35:05,False,10000,185,0.0,0,0.45,0.2,0.3,0,0.5,10,9.5,10,rrt_20260807_043505_325.png
20260807_043507_548,2026-08-07 04:35:07,False,10000,120,0.0,0,0.45,0.2,0.3,0,0.5,10,9.5,10,rrt_20260807_043507_548.png
20260807_043508_900,2026-08-07 04:35:08,False,10000,52,0.0,0,0.45,0.2,0.3,0,0.5,10,9.5,10,rrt_20260807_043508_900.png
20260807_043511_050,2026-08-07 04:35:11,False,10000,136,0.0,0,0.45,0.2,0.3,0,0.5,10,9.5,10,rrt_20260807_043511_050.png
20260807_043512_817,2026-08-07 04:35:12,False,10000,113,0.0,0,0.45,0.2,0.3,0,0.5,10,9.5,10,rrt_20260807_043512_817.png
20260807_043513_431,2026-08-07 04:35:13,True,1721,107,17.88289048460641,41,0.45,0.2,0.3,0,0.5,10,9.5,10,rrt_20260807_043513_431.png
20260807_043515_504,2026-08-07 04:35:15,False,10000,109,0.0,0,0.45,0.2,0.3,0,0.5,10,9.5,10,rrt_20260807_043515_504.png
20260807_043517_561,2026-08-07 04:35:17,False,10000,139,0.0,0,0.45,0.2,0.3,0,0.5,10,9.5,10,rrt_20260807_043517_561.png
20260807_043518_303,2026-08-07 04:35:18,True,2349,131,17.549999999999994,40,0.45,0.2,0.3,0,0.5,10,9.5,10,rrt_20260807_043518_303.png
20260807_043519_797,2026-08-07 04:35:19,True,5359,154,17.502116943571785,40,0.45,0.2,0.3,0,0.5,10,9.5,10,rrt_20260807_043519_797.png
20260807_043521_537,2026-08-07 04:35:21,False,10000,101,0.0,0,0.45,0.2,0.3,0,0.5,10,9.5,10,rrt_20260807_043521_537.png
20260807_043523_518,2026-08-07 04:35:23,False,10000,125,0.0,0,0.45,0.2,0.3,0,0.5,10,9.5,10,rrt_20260807_043523_518.png
20260807_043525_686,2026-08-07 04:35:25,False,10000,119,0.0,0,0.45,0.2,0.3,0,0.5,10,9.5,10,rrt_20260807_043525_686.png
20260807_043528_262,2026-08-07 04:35:28,False,10000,150,0.0,0,0.45,0.2,0.3,0,0.5,10,9.5,10,rrt_20260807_043528_262.png
20260807_043529_348,2026-08-07 04:35:29,True,4320,147,17.453492611259648,40,0.45,0.2,0.3,0,0.5,10,9.5,10,rrt_20260807_043529_348.png
20260807_043531_705,2026-08-07 04:35:31,False,10000,133,0.0,0,0.45,0.2,0.3,0,0.5,10,9.5,10,rrt_20260807_043531_705.png
20260807_043532_227,2026-08-07 04:35:32,True,1090,82,17.086291188429254,39,0.45,0.2,0.3,0,0.5,10,9.5,10,rrt_20260807_043532_227.png
20260807_043534_256,2026-08-07 04:35:34,False,10000,137,0.0,0,0.45,0.2,0.3,0,0.5,10,9.5,10,rrt_20260807_043534_256.png
20260807_043536_626,2026-08-07 04:35:36,False,10000,151,0.0,0,0.45,0.2,0.3,0,0.5,10,9.5,10,rrt_20260807_043536_626.png
20260807_043538_644,2026-08-07 04:35:38,False,10000,128,0.0,0,0.45,0.2,0.3,0,0.5,10,9.5,10,rrt_20260807_043538_644.png
20260807_043540_476,2026-08-07 04:35:40,False,10000,109,0.0,0,0.45,0.2,0.3,0,0.5,10,9.5,10,rrt_20260807_043540_476.png
20260807_043541_533,2026-08-07 04:35:41,True,4350,139,18.879265855983277,43,0.45,0.2,0.3,0,0.5,10,9.5,10,rrt_20260807_043541_533.png
20260807_043542_798,2026-08-07 04:35:42,False,10000,64,0.0,0,0.45,0.2,0.3,0,0.5,10,9.5,10,rrt_20260807_043542_798.png
20260807_043544_350,2026-08-07 04:35:44,False,10000,75,0.0,0,0.45,0.2,0.3,0,0.5,10,9.5,10,rrt_20260807_043544_350.png
20260807_043545_810,2026-08-07 04:35:45,False,10000,54,0.0,0,0.45,0.2,0.3,0,0.5,10,9.5,10,rrt_20260807_043545_810.png
20260807_043548_422,2026-08-07 04:35:48,False,10000,150,0.0,0,0.45,0.2,0.3,0,0.5,10,9.5,10,rrt_20260807_043548_422.png
20260807_043550_775,2026-08-07 04:35:50,False,10000,145,0.0,0,0.45,0.2,0.3,0,0.5,10,9.5,10,rrt_20260807_043550_775.png
20260807_043553_368,2026-08-07 04:35:53,False,10000,138,0.0,0,0.45,0.2,0.3,0,0.5,10,9.5,10,rrt_20260807_043553_368.png
20260807_043554_176,2026-08-07 04:35:54,True,1949,100,18.450000000000003,42,0.45,0.2,0.3,0,0.5,10,9.5,10,rrt_20260807_043554_176.png
20260807_043556_389,2026-08-07 04:35:56,False,10000,151,0.0,0,0.45,0.2,0.3,0,0.5,10,9.5,10,rrt_20260807_043556_389.png
20260807_043558_163,2026-08-07 04:35:58,False,10000,112,0.0,0,0.45,0.2,0.3,0,0.5,10,9.5,10,rrt_20260807_043558_163.png
20260807_043600_259,2026-08-07 04:36:00,False,10000,140,0.0,0,0.45,0.2,0.3,0,0.5,10,9.5,10,rrt_20260807_043600_259.png
20260807_043601_351,2026-08-07 04:36:01,True,4337,133,17.936509716492687,41,0.45,0.2,0.3,0,0.5,10,9.5,10,rrt_20260807_043601_351.png
20260807_043603_478,2026-08-07 04:36:03,False,10000,114,0.0,0,0.45,0.2,0.3,0,0.5,10,9.5,10,rrt_20260807_043603_478.png
20260807_043605_864,2026-08-07 04:36:05,False,10000,134,0.0,0,0.45,0.2,0.3,0,0.5,10,9.5,10,rrt_20260807_043605_864.png
20260807_043607_770,2026-08-07 04:36:07,False,10000,133,0.0,0,0.45,0.2,0.3,0,0.5,10,9.5,10,rrt_20260807_043607_770.png
20260807_043608_573,2026-08-07 04:36:08,True,2450,88,21.099899942693916,48,0.45,0.2,0.3,0,0.5,10,9.5,10,rrt_20260807_043608_573.png
20260807_043610_726,2026-08-07 04:36:10,False,10000,161,0.0,0,0.45,0.2,0.3,0,0.5,10,9.5,10,rrt_20260807_043610_726.png
20260807_043613_075,2026-08-07 04:36:13,False,10000,159,0.0,0,0.45,0.2,0.3,0,0.5,10,9.5,10,rrt_20260807_043613_075.png
20260807_043613_870,2026-08-07 04:36:13,True,2799,94,18.449999999999992,42,0.45,0.2,0.3,0,0.5,10,9.5,10,rrt_20260807_043613_870.png
20260807_043615_254,2026-08-07 04:36:15,False,10000,57,0.0,0,0.45,0.2,0.3,0,0.5,10,9.5,10,rrt_20260807_043615_254.png
20260807_043617_337,2026-08-07 04:36:17,False,10000,135,0.0,0,0.45,0.2,0.3,0,0.5,10,9.5,10,rrt_20260807_043617_337.png
20260807_043618_787,2026-08-07 04:36:18,True,4685,147,20.166763433427537,46,0.45,0.2,0.3,0,0.5,10,9.5,10,rrt_20260807_043618_787.png
20260807_043620_976,2026-08-07 04:36:20,False,10000,136,0.0,0,0.45,0.2,0.3,0,0.5,10,9.5,10,rrt_20260807_043620_976.png
20260807_043623_035,2026-08-07 04:36:23,False,10000,131,0.0,0,0.45,0.2,0.3,0,0.5,10,9.5,10,rrt_20260807_043623_035.png
20260807_043625_657,2026-08-07 04:36:25,False,10000,163,0.0,0,0.45,0.2,0.3,0,0.5,10,9.5,10,rrt_20260807_043625_657.png
20260807_043627_682,2026-08-07 04:36:27,False,10000,148,0.0,0,0.45,0.2,0.3,0,0.5,10,9.5,10,rrt_20260807_043627_682.png
20260807_043629_726,2026-08-07 04:36:29,False,10000,106,0.0,0,0.45,0.2,0.3,0,0.5,10,9.5,10,rrt_20260807_043629_726.png
20260807_043631_804,2026-08-07 04:36:31,False,10000,135,0.0,0,0.45,0.2,0.3,0,0.5,10,9.5,10,rrt_20260807_043631_804.png
20260807_043633_778,2026-08-07 04:36:33,False,10000,101,0.0,0,0.45,0.2,0.3,0,0.5,10,9.5,10,rrt_20260807_043633_778.png
20260807_043634_255,2026-08-07 04:36:34,True,771,63,17.09999999999999,39,0.45,0.2,0.3,0,0.5,10,9.5,10,rrt_20260807_043634_255.png
20260807_043636_323,2026-08-07 04:36:36,False,10000,135,0.0,0,0.45,0.2,0.3,0,0.5,10,9.5,10,rrt_20260807_043636_323.png
20260807_043637_555,2026-08-07 04:36:37,True,5347,133,21.578977872735628,49,0.45,0.2,0.3,0,0.5,10,9.5,10,rrt_20260807_043637_555.png
20260807_043638_224,2026-08-07 04:36:38,True,961,94,18.879151568697438,43,0.45,0.3,0.3,0,0.5,10,9.5,10,rrt_20260807_043638_224.png
20260807_043640_174,2026-08-07 04:36:40,False,10000,99,0.0,0,0.45,0.3,0.3,0,0.5,10,9.5,10,rrt_20260807_043640_174.png
20260807_043642_589,2026-08-07 04:36:42,False,10000,183,0.0,0,0.45,0.3,0.3,0,0.5,10,9.5,10,rrt_20260807_043642_589.png
20260807_043644_492,2026-08-07 04:36:44,False,10000,112,0.0,0,0.45,0.3,0.3,0,0.5,10,9.5,10,rrt_20260807_043644_492.png
20260807_043645_514,2026-08-07 04:36:45,True,2003,137,18.449999999999996,42,0.45,0.3,0.3,0,0.5,10,9.5,10,rrt_20260807_043645_514.png
20260807_043646_835,2026-08-07 04:36:46,False,10000,50,0.0,0,0.45,0.3,0.3,0,0.5,10,9.5,10,rrt_20260807_043646_835.png
20260807_043648_845,2026-08-07 04:36:48,False,10000,134,0.0,0,0.45,0.3,0.3,0,0.5,10,9.5,10,rrt_20260807_043648_845.png
20260807_043649_516,2026-08-07 04:36:49,True,2023,122,19.799999999999997,45,0.45,0.3,0.3,0,0.5,10,9.5,10,rrt_20260807_043649_516.png
20260807_043649_969,2026-08-07 04:36:49,True,288,64,17.099999999999998,39,0.45,0.3,0.3,0,0.5,10,9.5,10,rrt_20260807_043649_969.png
20260807_043650_821,2026-08-07 04:36:50,True,2269,134,17.461842402465646,40,0.45,0.3,0.3,0,0.5,10,9.5,10,rrt_20260807_043650_821.png
20260807_043651_271,2026-08-07 04:36:51,True,562,65,17.55,40,0.45,0.3,0.3,0,0.5,10,9.5,10,rrt_20260807_043651_271.png
20260807_043652_964,2026-08-07 04:36:52,False,10000,98,0.0,0,0.45,0.3,0.3,0,0.5,10,9.5,10,rrt_20260807_043652_964.png
20260807_043654_962,2026-08-07 04:36:54,False,10000,124,0.0,0,0.45,0.3,0.3,0,0.5,10,9.5,10,rrt_20260807_043654_962.png
20260807_043655_942,2026-08-07 04:36:55,True,4870,103,18.855681407233845,43,0.45,0.3,0.3,0,0.5,10,9.5,10,rrt_20260807_043655_942.png
20260807_043657_803,2026-08-07 04:36:57,False,10000,91,0.0,0,0.45,0.3,0.3,0,0.5,10,9.5,10,rrt_20260807_043657_803.png
20260807_043659_743,2026-08-07 04:36:59,False,10000,117,0.0,0,0.45,0.3,0.3,0,0.5,10,9.5,10,rrt_20260807_043659_743.png
20260807_043701_223,2026-08-07 04:37:01,False,10000,61,0.0,0,0.45,0.3,0.3,0,0.5,10,9.5,10,rrt_20260807_043701_223.png
20260807_043702_076,2026-08-07 04:37:02,True,2484,101,20.188913101977445,46,0.45,0.3,0.3,0,0.5,10,9.5,10,rrt_20260807_043702_076.png
20260807_043704_137,2026-08-07 04:37:04,False,10000,114,0.0,0,0.45,0.3,0.3,0,0.5,10,9.5,10,rrt_20260807_043704_137.png
20260807_043706_160,2026-08-07 04:37:06,False,10000,117,0.0,0,0.45,0.3,0.3,0,0.5,10,9.5,10,rrt_20260807_043706_160.png
20260807_043708_320,2026-08-07 04:37:08,False,10000,122,0.0,0,0.45,0.3,0.3,0,0.5,10,9.5,10,rrt_20260807_043708_320.png
20260807_043710_291,2026-08-07 04:37:10,False,10000,126,0.0,0,0.45,0.3,0.3,0,0.5,10,9.5,10,rrt_20260807_043710_291.png
20260807_043712_551,2026-08-07 04:37:12,False,10000,136,0.0,0,0.45,0.3,0.3,0,0.5,10,9.5,10,rrt_20260807_043712_551.png
20260807_043714_666,2026-08-07 04:37:14,False,10000,142,0.0,0,0.45,0.3,0.3,0,0.5,10,9.5,10,rrt_20260807_043714_666.png
20260807_043716_660,2026-08-07 04:37:16,False,10000,116,0.0,0,0.45,0.3,0.3,0,0.5,10,9.5,10,rrt_20260807_043716_660.png
20260807_043718_656,2026-08-07 04:37:18,False,10000,101,0.0,0,0.45,0.3,0.3,0,0.5,10,9.5,10,rrt_20260807_043718_656.png
20260807_043720_290,2026-08-07 04:37:20,False,10000,77,0.0,0,0.45,0.3,0.3,0,0.5,10,9.5,10,rrt_20260807_043720_290.png
20260807_043721_960,2026-08-07 04:37:21,False,10000,61,0.0,0,0.45,0.3,0.3,0,0.5,10,9.5,10,rrt_20260807_043721_960.png
20260807_043724_046,2026-08-07 04:37:24,False,10000,136,0.0,0,0.45,0.3,0.3,0,0.5,10,9.5,10,rrt_20260807_043724_046.png
20260807_043726_383,2026-08-07 04:37:26,False,10000,136,0.0,0,0.45,0.3,0.3,0,0.5,10,9.5,10,rrt_20260807_043726_383.png
20260807_043727_238,2026-08-07 04:37:27,True,2569,147,19.317189504083185,44,0.45,0.3,0.3,0,0.5,10,9.5,10,rrt_20260807_043727_238.png
20260807_043729_068,2026-08-07 04:37:29,False,10000,107,0.0,0,0.45,0.3,0.3,0,0.5,10,9.5,10,rrt_20260807_043729_068.png
20260807_043731_080,2026-08-07 04:37:31,False,10000,119,0.0,0,0.45,0.3,0.3,0,0.5,10,9.5,10,rrt_20260807_043731_080.png
20260807_043733_361,2026-08-07 04:37:33,False,10000,129,0.0,0,0.45,0.3,0.3,0,0.5,10,9.5,10,rrt_20260807_043733_361.png
20260807_043735_347,2026-08-07 04:37:35,False,10000,120,0.0,0,0.45,0.3,0.3,0,0.5,10,9.5,10,rrt_20260807_043735_347.png
20260807_043737_817,2026-08-07 04:37:37,False,10000,154,0.0,0,0.45,0.3,0.3,0,0.5,10,9.5,10,rrt_20260807_043737_817.png
20260807_043739_253,2026-08-07 04:37:39,True,5811,110,21.075529792340934,48,0.45,0.3,0.3,0,0.5,10,9.5,10,rrt_20260807_043739_253.png
20260807_043740_727,2026-08-07 04:37:40,False,10000,59,0.0,0,0.45,0.3,0.3,0,0.5,10,9.5,10,rrt_20260807_043740_727.png
20260807_043742_731,2026-08-07 04:37:42,False,10000,126,0.0,0,0.45,0.3,0.3,0,0.5,10,9.5,10,rrt_20260807_043742_731.png
20260807_043744_578,2026-08-07 04:37:44,False,10000,108,0.0,0,0.45,0.3,0.3,0,0.5,10,9.5,10,rrt_20260807_043744_578.png
20260807_043745_479,2026-08-07 04:37:45,True,2709,141,20.24561155040511,46,0.45,0.3,0.3,0,0.5,10,9.5,10,rrt_20260807_043745_479.png
20260807_043747_768,2026-08-07 04:37:47,False,10000,155,0.0,0,0.45,0.3,0.3,0,0.5,10,9.5,10,rrt_20260807_043747_768.png
20260807_043748_390,2026-08-07 04:37:48,True,1509,107,16.65,38,0.45,0.3,0.3,0,0.5,10,9.5,10,rrt_20260807_043748_390.png
20260807_043749_025,2026-08-07 04:37:49,True,2135,100,19.349999999999994,44,0.45,0.3,0.3,0,0.5,10,9.5,10,rrt_20260807_043749_025.png
20260807_043751_215,2026-08-07 04:37:51,False,10000,117,0.0,0,0.45,0.3,0.3,0,0.5,10,9.5,10,rrt_20260807_043751_215.png
20260807_043753_416,2026-08-07 04:37:53,False,10000,130,0.0,0,0.45,0.3,0.3,0,0.5,10,9.5,10,rrt_20260807_043753_416.png
20260807_043755_888,2026-08-07 04:37:55,False,10000,151,0.0,0,0.45,0.3,0.3,0,0.5,10,9.5,10,rrt_20260807_043755_888.png
20260807_043757_754,2026-08-07 04:37:57,False,10000,111,0.0,0,0.45,0.3,0.3,0,0.5,10,9.5,10,rrt_20260807_043757_754.png
20260807_043759_753,2026-08-07 04:37:59,False,10000,117,0.0,0,0.45,0.3,0.3,0,0.5,10,9.5,10,rrt_20260807_043759_753.png
20260807_043802_031,2026-08-07 04:38:02,False,10000,114,0.0,0,0.45,0.3,0.3,0,0.5,10,9.5,10,rrt_20260807_043802_031.png
20260807_043802_822,2026-08-07 04:38:02,True,2734,115,18.9,43,0.45,0.3,0.3,0,0.5,10,9.5,10,rrt_20260807_043802_822.png
20260807_043804_730,2026-08-07 04:38:04,False,10000,116,0.0,0,0.45,0.3,0.3,0,0.5,10,9.5,10,rrt_20260807_043804_730.png
20260807_043805_370,2026-08-07 04:38:05,True,1741,111,18.0,41,0.45,0.3,0.3,0,0.5,10,9.5,10,rrt_20260807_043805_370.png
20260807_043807_424,2026-08-07 04:38:07,False,10000,136,0.0,0,0.45,0.3,0.3,0,0.5,10,9.5,10,rrt_20260807_043807_424.png
20260807_043809_186,2026-08-07 04:38:09,False,10000,61,0.0,0,0.45,0.3,0.3,0,0.5,10,9.5,10,rrt_20260807_043809_186.png
20260807_043811_136,2026-08-07 04:38:11,False,10000,108,0.0,0,0.45,0.3,0.3,0,0.5,10,9.5,10,rrt_20260807_043811_136.png
20260807_043813_230,2026-08-07 04:38:13,False,10000,132,0.0,0,0.45,0.3,0.3,0,0.5,10,9.5,10,rrt_20260807_043813_230.png
20260807_043813_947,2026-08-07 04:38:13,True,1981,134,18.84073835094905,43,0.45,0.3,0.3,0,0.5,10,9.5,10,rrt_20260807_043813_947.png
20260807_043816_000,2026-08-07 04:38:16,False,10000,132,0.0,0,0.45,0.3,0.3,0,0.5,10,9.5,10,rrt_20260807_043816_000.png
20260807_043818_097,2026-08-07 04:38:18,False,10000,134,0.0,0,0.45,0.3,0.3,0,0.5,10,9.5,10,rrt_20260807_043818_097.png
20260807_043818_630,2026-08-07 04:38:18,True,1122,76,20.249999999999993,46,0.45,0.3,0.3,0,0.5,10,9.5,10,rrt_20260807_043818_630.png
20260807_043820_901,2026-08-07 04:38:20,False,10000,137,0.0,0,0.45,0.3,0.3,0,0.5,10,9.5,10,rrt_20260807_043820_901.png
20260807_043823_242,2026-08-07 04:38:23,False,10000,134,0.0,0,0.45,0.3,0.3,0,0.5,10,9.5,10,rrt_20260807_043823_242.png
20260807_043825_482,2026-08-07 04:38:25,False,10000,133,0.0,0,0.45,0.3,0.3,0,0.5,10,9.5,10,rrt_20260807_043825_482.png
20260807_043826_249,2026-08-07 04:38:26,True,2143,142,17.10000000000001,39,0.45,0.3,0.3,0,0.5,10,9.5,10,rrt_20260807_043826_249.png
20260807_043828_597,2026-08-07 04:38:28,False,10000,143,0.0,0,0.45,0.3,0.3,0,0.5,10,9.5,10,rrt_20260807_043828_597.png
20260807_043829_513,2026-08-07 04:38:29,True,3063,142,17.938595416268562,41,0.45,0.3,0.3,0,0.5,10,9.5,10,rrt_20260807_043829_513.png
20260807_043831_764,2026-08-07 04:38:31,False,10000,166,0.0,0,0.45,0.3,0.3,0,0.5,10,9.5,10,rrt_20260807_043831_764.png
20260807_043833_937,2026-08-07 04:38:33,False,10000,141,0.0,0,0.45,0.3,0.3,0,0.5,10,9.5,10,rrt_20260807_043833_937.png
20260807_043836_319,2026-08-07 04:38:36,False,10000,131,0.0,0,0.45,0.3,0.3,0,0.5,10,9.5,10,rrt_20260807_043836_319.png
20260807_043838_171,2026-08-07 04:38:38,False,10000,95,0.0,0,0.45,0.3,0.3,0,0.5,10,9.5,10,rrt_20260807_043838_171.png
20260807_043840_265,2026-08-07 04:38:40,False,10000,109,0.0,0,0.45,0.3,0.3,0,0.5,10,9.5,10,rrt_20260807_043840_265.png
20260807_043841_291,2026-08-07 04:38:41,True,2901,144,17.917625891461096,41,0.45,0.3,0.3,0,0.5,10,9.5,10,rrt_20260807_043841_291.png
20260807_043843_684,2026-08-07 04:38:43,False,10000,140,0.0,0,0.45,0.3,0.3,0,0.5,10,9.5,10,rrt_20260807_043843_684.png
20260807_043845_722,2026-08-07 04:38:45,False,10000,141,0.0,0,0.45,0.3,0.3,0,0.5,10,9.5,10,rrt_20260807_043845_722.png
20260807_043847_139,2026-08-07 04:38:47,False,10000,54,0.0,0,0.45,0.3,0.3,0,0.5,10,9.5,10,rrt_20260807_043847_139.png
20260807_043849_470,2026-08-07 04:38:49,False,10000,132,0.0,0,0.45,0.3,0.3,0,0.5,10,9.5,10,rrt_20260807_043849_470.png
20260807_043851_192,2026-08-07 04:38:51,False,10000,89,0.0,0,0.45,0.3,0.3,0,0.5,10,9.5,10,rrt_20260807_043851_192.png
20260807_043853_304,2026-08-07 04:38:53,False,10000,138,0.0,0,0.45,0.3,0.3,0,0.5,10,9.5,10,rrt_20260807_043853_304.png
20260807_043855_270,2026-08-07 04:38:55,False,10000,119,0.0,0,0.45,0.3,0.3,0,0.5,10,9.5,10,rrt_20260807_043855_270.png
20260807_043857_991,2026-08-07 04:38:57,False,10000,157,0.0,0,0.45,0.3,0.3,0,0.5,10,9.5,10,rrt_20260807_043857_991.png
20260807_043900_110,2026-08-07 04:39:00,False,10000,133,0.0,0,0.45,0.3,0.3,0,0.5,10,9.5,10,rrt_20260807_043900_110.png
20260807_043901_045,2026-08-07 04:39:01,True,2901,143,19.713512233453475,45,0.45,0.3,0.3,0,0.5,10,9.5,10,rrt_20260807_043901_045.png
20260807_043903_045,2026-08-07 04:39:03,False,10000,121,0.0,0,0.45,0.3,0.3,0,0.5,10,9.5,10,rrt_20260807_043903_045.png
20260807_043903_613,2026-08-07 04:39:03,True,1226,111,17.968622907472632,41,0.45,0.3,0.3,0,0.5,10,9.5,10,rrt_20260807_043903_613.png
20260807_043905_706,2026-08-07 04:39:05,False,10000,139,0.0,0,0.45,0.3,0.3,0,0.5,10,9.5,10,rrt_20260807_043905_706.png
20260807_043906_794,2026-08-07 04:39:06,True,7427,96,22.949999999999985,52,0.45,0.3,0.3,0,0.5,10,9.5,10,rrt_20260807_043906_794.png
20260807_043907_386,2026-08-07 04:39:07,True,1391,108,19.349999999999987,44,0.45,0.3,0.3,0,0.5,10,9.5,10,rrt_20260807_043907_386.png
20260807_043909_602,2026-08-07 04:39:09,False,10000,127,0.0,0,0.45,0.3,0.3,0,0.5,10,9.5,10,rrt_20260807_043909_602.png
20260807_043912_157,2026-08-07 04:39:12,False,10000,164,0.0,0,0.45,0.3,0.3,0,0.5,10,9.5,10,rrt_20260807_043912_157.png
20260807_043914_810,2026-08-07 04:39:14,False,10000,176,0.0,0,0.45,0.3,0.3,0,0.5,10,9.5,10,rrt_20260807_043914_810.png
20260807_043916_369,2026-08-07 04:39:16,False,10000,60,0.0,0,0.45,0.3,0.3,0,0.5,10,9.5,10,rrt_20260807_043916_369.png
20260807_043918_181,2026-08-07 04:39:18,False,10000,98,0.0,0,0.45,0.3,0.3,0,0.5,10,9.5,10,rrt_20260807_043918_181.png
20260807_043920_214,2026-08-07 04:39:20,False,10000,130,0.0,0,0.45,0.3,0.3,0,0.5,10,9.5,10,rrt_20260807_043920_214.png
20260807_043922_247,2026-08-07 04:39:22,False,10000,105,0.0,0,0.45,0.3,0.3,0,0.5,10,9.5,10,rrt_20260807_043922_247.png
20260807_043924_824,2026-08-07 04:39:24,False,10000,158,0.0,0,0.45,0.3,0.3,0,0.5,10,9.5,10,rrt_20260807_043924_824.png
20260807_043926_897,2026-08-07 04:39:26,False,10000,125,0.0,0,0.45,0.3,0.3,0,0.5,10,9.5,10,rrt_20260807_043926_897.png
20260807_043928_081,2026-08-07 04:39:28,False,10000,50,0.0,0,0.45,0.3,0.3,0,0.5,10,9.5,10,rrt_20260807_043928_081.png
20260807_043930_867,2026-08-07 04:39:30,False,10000,139,0.0,0,0.45,0.3,0.3,0,0.5,10,9.5,10,rrt_20260807_043930_867.png
20260807_043932_109,2026-08-07 04:39:32,True,5341,137,19.34999999999999,44,0.45,0.3,0.3,0,0.5,10,9.5,10,rrt_20260807_043932_109.png
20260807_043934_204,2026-08-07 04:39:34,False,10000,130,0.0,0,0.45,0.4,0.3,0,0.5,10,9.5,10,rrt_20260807_043934_204.png
20260807_043936_241,2026-08-07 04:39:36,False,10000,127,0.0,0,0.45,0.4,0.3,0,0.5,10,9.5,10,rrt_20260807_043936_241.png
20260807_043938_183,2026-08-07 04:39:38,False,10000,116,0.0,0,0.45,0.4,0.3,0,0.5,10,9.5,10,rrt_20260807_043938_183.png
20260807_043940_097,2026-08-07 04:39:40,False,10000,123,0.0,0,0.45,0.4,0.3,0,0.5,10,9.5,10,rrt_20260807_043940_097.png
20260807_043942_145,2026-08-07 04:39:42,False,10000,130,0.0,0,0.45,0.4,0.3,0,0.5,10,9.5,10,rrt_20260807_043942_145.png
20260807_043943_502,2026-08-07 04:39:43,False,10000,53,0.0,0,0.45,0.4,0.3,0,0.5,10,9.5,10,rrt_20260807_043943_502.png
20260807_043944_982,2026-08-07 04:39:44,False,10000,65,0.0,0,0.45,0.4,0.3,0,0.5,10,9.5,10,rrt_20260807_043944_982.png
20260807_043947_284,2026-08-07 04:39:47,False,10000,106,0.0,0,0.45,0.4,0.3,0,0.5,10,9.5,10,rrt_20260807_043947_284.png
20260807_043949_137,2026-08-07 04:39:49,False,10000,106,0.0,0,0.45,0.4,0.3,0,0.5,10,9.5,10,rrt_20260807_043949_137.png
20260807_043951_348,2026-08-07 04:39:51,False,10000,138,0.0,0,0.45,0.4,0.3,0,0.5,10,9.5,10,rrt_20260807_043951_348.png
20260807_043953_272,2026-08-07 04:39:53,False,10000,101,0.0,0,0.45,0.4,0.3,0,0.5,10,9.5,10,rrt_20260807_043953_272.png
20260807_043955_423,2026-08-07 04:39:55,False,10000,135,0.0,0,0.45,0.4,0.3,0,0.5,10,9.5,10,rrt_20260807_043955_423.png
20260807_043957_450,2026-08-07 04:39:57,False,10000,127,0.0,0,0.45,0.4,0.3,0,0.5,10,9.5,10,rrt_20260807_043957_450.png
20260807_043959_934,2026-08-07 04:39:59,False,10000,149,0.0,0,0.45,0.4,0.3,0,0.5,10,9.5,10,rrt_20260807_043959_934.png
20260807_044002_181,2026-08-07 04:40:02,False,10000,142,0.0,0,0.45,0.4,0.3,0,0.5,10,9.5,10,rrt_20260807_044002_181.png
20260807_044004_035,2026-08-07 04:40:04,False,10000,109,0.0,0,0.45,0.4,0.3,0,0.5,10,9.5,10,rrt_20260807_044004_035.png
20260807_044006_208,2026-08-07 04:40:06,False,10000,101,0.0,0,0.45,0.4,0.3,0,0.5,10,9.5,10,rrt_20260807_044006_208.png
20260807_044006_862,2026-08-07 04:40:06,True,1396,129,17.550000000000008,40,0.45,0.4,0.3,0,0.5,10,9.5,10,rrt_20260807_044006_862.png
20260807_044009_221,2026-08-07 04:40:09,False,10000,142,0.0,0,0.45,0.4,0.3,0,0.5,10,9.5,10,rrt_20260807_044009_221.png
20260807_044011_633,2026-08-07 04:40:11,False,10000,152,0.0,0,0.45,0.4,0.3,0,0.5,10,9.5,10,rrt_20260807_044011_633.png
20260807_044012_255,2026-08-07 04:40:12,True,1492,124,18.899999999999988,43,0.45,0.4,0.3,0,0.5,10,9.5,10,rrt_20260807_044012_255.png
20260807_044013_046,2026-08-07 04:40:13,True,1872,103,18.403872157221464,42,0.45,0.4,0.3,0,0.5,10,9.5,10,rrt_20260807_044013_046.png
20260807_044015_375,2026-08-07 04:40:15,False,10000,150,0.0,0,0.45,0.4,0.3,0,0.5,10,9.5,10,rrt_20260807_044015_375.png
20260807_044017_116,2026-08-07 04:40:17,False,10000,89,0.0,0,0.45,0.4,0.3,0,0.5,10,9.5,10,rrt_20260807_044017_116.png
20260807_044020_113,2026-08-07 04:40:20,False,10000,187,0.0,0,0.45,0.4,0.3,0,0.5,10,9.5,10,rrt_20260807_044020_113.png
20260807_044022_425,2026-08-07 04:40:22,False,10000,121,0.0,0,0.45,0.4,0.3,0,0.5,10,9.5,10,rrt_20260807_044022_425.png
20260807_044024_686,2026-08-07 04:40:24,False,10000,155,0.0,0,0.45,0.4,0.3,0,0.5,10,9.5,10,rrt_20260807_044024_686.png
20260807_044027_664,2026-08-07 04:40:27,False,10000,186,0.0,0,0.45,0.4,0.3,0,0.5,10,9.5,10,rrt_20260807_044027_664.png
20260807_044029_868,2026-08-07 04:40:29,False,10000,120,0.0,0,0.45,0.4,0.3,0,0.5,10,9.5,10,rrt_20260807_044029_868.png
20260807_044031_758,2026-08-07 04:40:31,False,10000,110,0.0,0,0.45,0.4,0.3,0,0.5,10,9.5,10,rrt_20260807_044031_758.png
20260807_044032_665,2026-08-07 04:40:32,True,3651,122,19.312304293582994,44,0.45,0.4,0.3,0,0.5,10,9.5,10,rrt_20260807_044032_665.png
20260807_044034_577,2026-08-07 04:40:34,False,10000,113,0.0,0,0.45,0.4,0.3,0,0.5,10,9.5,10,rrt_20260807_044034_577.png
20260807_044036_840,2026-08-07 04:40:36,False,10000,128,0.0,0,0.45,0.4,0.3,0,0.5,10,9.5,10,rrt_20260807_044036_840.png
20260807_044037_573,2026-08-07 04:40:37,True,1107,111,18.9,43,0.45,0.4,0.3,0,0.5,10,9.5,10,rrt_20260807_044037_573.png
20260807_044039_711,2026-08-07 04:40:39,False,10000,119,0.0,0,0.45,0.4,0.3,0,0.5,10,9.5,10,rrt_20260807_044039_711.png
20260807_044041_736,2026-08-07 04:40:41,False,10000,120,0.0,0,0.45,0.4,0.3,0,0.5,10,9.5,10,rrt_20260807_044041_736.png
20260807_044044_062,2026-08-07 04:40:44,False,10000,155,0.0,0,0.45,0.4,0.3,0,0.5,10,9.5,10,rrt_20260807_044044_062.png
20260807_044045_449,2026-08-07 04:40:45,False,10000,51,0.0,0,0.45,0.4,0.3,0,0.5,10,9.5,10,rrt_20260807_044045_449.png
20260807_044047_139,2026-08-07 04:40:47,False,10000,80,0.0,0,0.45,0.4,0.3,0,0.5,10,9.5,10,rrt_20260807_044047_139.png
20260807_044049_132,2026-08-07 04:40:49,False,10000,121,0.0,0,0.45,0.4,0.3,0,0.5,10,9.5,10,rrt_20260807_044049_132.png
20260807_044051_561,2026-08-07 04:40:51,False,10000,144,0.0,0,0.45,0.4,0.3,0,0.5,10,9.5,10,rrt_20260807_044051_561.png
20260807_044053_775,2026-08-07 04:40:53,False,10000,139,0.0,0,0.45,0.4,0.3,0,0.5,10,9.5,10,rrt_20260807_044053_775.png
20260807_044055_769,2026-08-07 04:40:55,False,10000,102,0.0,0,0.45,0.4,0.3,0,0.5,10,9.5,10,rrt_20260807_044055_769.png
20260807_044056_753,2026-08-07 04:40:56,True,3739,127,20.637784720325506,47,0.45,0.4,0.3,0,0.5,10,9.5,10,rrt_20260807_044056_753.png
20260807_044058_843,2026-08-07 04:40:58,False,10000,133,0.0,0,0.45,0.4,0.3,0,0.5,10,9.5,10,rrt_20260807_044058_843.png
20260807_044100_408,2026-08-07 04:41:00,False,10000,55,0.0,0,0.45,0.4,0.3,0,0.5,10,9.5,10,rrt_20260807_044100_408.png
20260807_044102_513,2026-08-07 04:41:02,False,10000,132,0.0,0,0.45,0.4,0.3,0,0.5,10,9.5,10,rrt_20260807_044102_513.png
20260807_044103_525,2026-08-07 04:41:03,True,3430,162,20.231134112113004,46,0.45,0.4,0.3,0,0.5,10,9.5,10,rrt_20260807_044103_525.png
20260807_044105_714,2026-08-07 04:41:05,False,10000,120,0.0,0,0.45,0.4,0.3,0,0.5,10,9.5,10,rrt_20260807_044105_714.png
20260807_044107_728,2026-08-07 04:41:07,False,10000,129,0.0,0,0.45,0.4,0.3,0,0.5,10,9.5,10,rrt_20260807_044107_728.png
20260807_044108_308,2026-08-07 04:41:08,True,313,68,18.000000000000004,41,0.45,0.4,0.3,0,0.5,10,9.5,10,rrt_20260807_044108_308.png
20260807_044110_336,2026-08-07 04:41:10,False,10000,114,0.0,0,0.45,0.4,0.3,0,0.5,10,9.5,10,rrt_20260807_044110_336.png
20260807_044112_613,2026-08-07 04:41:12,False,10000,138,0.0,0,0.45,0.4,0.3,0,0.5,10,9.5,10,rrt_20260807_044112_613.png
20260807_044113_144,2026-08-07 04:41:13,True,967,92,18.899999999999988,43,0.45,0.4,0.3,0,0.5,10,9.5,10,rrt_20260807_044113_144.png
20260807_044115_332,2026-08-07 04:41:15,False,10000,123,0.0,0,0.45,0.4,0.3,0,0.5,10,9.5,10,rrt_20260807_044115_332.png
20260807_044117_263,2026-08-07 04:41:17,False,10000,86,0.0,0,0.45,0.4,0.3,0,0.5,10,9.5,10,rrt_20260807_044117_263.png
20260807_044119_841,2026-08-07 04:41:19,False,10000,156,0.0,0,0.45,0.4,0.3,0,0.5,10,9.5,10,rrt_20260807_044119_841.png
20260807_044121_803,2026-08-07 04:41:21,False,10000,128,0.0,0,0.45,0.4,0.3,0,0.5,10,9.5,10,rrt_20260807_044121_803.png
20260807_044122_787,2026-08-07 04:41:22,True,3430,118,17.47026876991623,40,0.45,0.4,0.3,0,0.5,10,9.5,10,rrt_20260807_044122_787.png
20260807_044123_258,2026-08-07 04:41:23,True,633,89,16.649999999999995,38,0.45,0.4,0.3,0,0.5,10,9.5,10,rrt_20260807_044123_258.png
20260807_044124_109,2026-08-07 04:41:24,True,1172,129,17.923641940015617,41,0.45,0.4,0.3,0,0.5,10,9.5,10,rrt_20260807_044124_109.png
20260807_044125_563,2026-08-07 04:41:25,False,10000,61,0.0,0,0.45,0.4,0.3,0,0.5,10,9.5,10,rrt_20260807_044125_563.png
20260807_044127_527,2026-08-07 04:41:27,False,10000,115,0.0,0,0.45,0.4,0.3,0,0.5,10,9.5,10,rrt_20260807_044127_527.png
20260807_044129_641,2026-08-07 04:41:29,False,10000,121,0.0,0,0.45,0.4,0.3,0,0.5,10,9.5,10,rrt_20260807_044129_641.png
20260807_044131_792,2026-08-07 04:41:31,False,10000,123,0.0,0,0.45,0.4,0.3,0,0.5,10,9.5,10,rrt_20260807_044131_792.png
20260807_044132_372,2026-08-07 04:41:32,True,941,75,17.512770793245807,40,0.45,0.4,0.3,0,0.5,10,9.5,10,rrt_20260807_044132_372.png
20260807_044132_791,2026-08-07 04:41:32,True,302,59,17.1,39,0.45,0.4,0.3,0,0.5,10,9.5,10,rrt_20260807_044132_791.png
20260807_044135_010,2026-08-07 04:41:35,False,10000,148,0.0,0,0.45,0.4,0.3,0,0.5,10,9.5,10,rrt_20260807_044135_010.png
20260807_044137_313,2026-08-07 04:41:37,False,10000,146,0.0,0,0.45,0.4,0.3,0,0.5,10,9.5,10,rrt_20260807_044137_313.png
20260807_044139_804,2026-08-07 04:41:39,False,10000,131,0.0,0,0.45,0.4,0.3,0,0.5,10,9.5,10,rrt_20260807_044139_804.png
20260807_044142_111,2026-08-07 04:41:42,False,10000,137,0.0,0,0.45,0.4,0.3,0,0.5,10,9.5,10,rrt_20260807_044142_111.png
20260807_044144_076,2026-08-07 04:41:44,False,10000,114,0.0,0,0.45,0.4,0.3,0,0.5,10,9.5,10,rrt_20260807_044144_076.png
20260807_044145_963,2026-08-07 04:41:45,False,10000,109,0.0,0,0.45,0.4,0.3,0,0.5,10,9.5,10,rrt_20260807_044145_963.png
20260807_044146_489,2026-08-07 04:41:46,True,877,104,18.89999999999999,43,0.45,0.4,0.3,0,0.5,10,9.5,10,rrt_20260807_044146_489.png
20260807_044148_385,2026-08-07 04:41:48,False,10000,97,0.0,0,0.45,0.4,0.3,0,0.5,10,9.5,10,rrt_20260807_044148_385.png
20260807_044150_225,2026-08-07 04:41:50,False,10000,102,0.0,0,0.45,0.4,0.3,0,0.5,10,9.5,10,rrt_20260807_044150_225.png
20260807_044152_258,2026-08-07 04:41:52,False,10000,126,0.0,0,0.45,0.4,0.3,0,0.5,10,9.5,10,rrt_20260807_044152_258.png
20260807_044154_351,2026-08-07 04:41:54,False,10000,132,0.0,0,0.45,0.4,0.3,0,0.5,10,9.5,10,rrt_20260807_044154_351.png
20260807_044156_746,2026-08-07 04:41:56,False,10000,125,0.0,0,0.45,0.4,0.3,0,0.5,10,9.5,10,rrt_20260807_044156_746.png
20260807_044158_193,2026-08-07 04:41:58,False,10000,60,0.0,0,0.45,0.4,0.3,0,0.5,10,9.5,10,rrt_20260807_044158_193.png
20260807_044200_520,2026-08-07 04:42:00,False,10000,142,0.0,0,0.45,0.4,0.3,0,0.5,10,9.5,10,rrt_20260807_044200_520.png
20260807_044201_104,2026-08-07 04:42:01,True,1276,100,18.449999999999992,42,0.45,0.4,0.3,0,0.5,10,9.5,10,rrt_20260807_044201_104.png
20260807_044203_614,2026-08-07 04:42:03,False,10000,150,0.0,0,0.45,0.4,0.3,0,0.5,10,9.5,10,rrt_20260807_044203_614.png
20260807_044204_204,2026-08-07 04:42:04,True,1412,96,18.899999999999988,43,0.45,0.4,0.3,0,0.5,10,9.5,10,rrt_20260807_044204_204.png
20260807_044206_186,2026-08-07 04:42:06,False,10000,104,0.0,0,0.45,0.4,0.3,0,0.5,10,9.5,10,rrt_20260807_044206_186.png
20260807_044208_399,2026-08-07 04:42:08,False,10000,125,0.0,0,0.45,0.4,0.3,0,0.5,10,9.5,10,rrt_20260807_044208_399.png
20260807_044209_225,2026-08-07 04:42:09,True,2862,126,21.063869943067594,48,0.45,0.4,0.3,0,0.5,10,9.5,10,rrt_20260807_044209_225.png
20260807_044211_833,2026-08-07 04:42:11,False,10000,137,0.0,0,0.45,0.4,0.3,0,0.5,10,9.5,10,rrt_20260807_044211_833.png
20260807_044214_043,2026-08-07 04:42:14,False,10000,141,0.0,0,0.45,0.4,0.3,0,0.5,10,9.5,10,rrt_20260807_044214_043.png
20260807_044216_471,2026-08-07 04:42:16,False,10000,155,0.0,0,0.45,0.4,0.3,0,0.5,10,9.5,10,rrt_20260807_044216_471.png
20260807_044218_681,2026-08-07 04:42:18,False,10000,142,0.0,0,0.45,0.4,0.3,0,0.5,10,9.5,10,rrt_20260807_044218_681.png
20260807_044220_765,2026-08-07 04:42:20,False,10000,130,0.0,0,0.45,0.4,0.3,0,0.5,10,9.5,10,rrt_20260807_044220_765.png
20260807_044222_846,2026-08-07 04:42:22,False,10000,125,0.0,0,0.45,0.4,0.3,0,0.5,10,9.5,10,rrt_20260807_044222_846.png
20260807_044225_255,2026-08-07 04:42:25,False,10000,168,0.0,0,0.45,0.4,0.3,0,0.5,10,9.5,10,rrt_20260807_044225_255.png
20260807_044227_646,2026-08-07 04:42:27,False,10000,118,0.0,0,0.45,0.4,0.3,0,0.5,10,9.5,10,rrt_20260807_044227_646.png
20260807_044230_304,2026-08-07 04:42:30,False,10000,148,0.0,0,0.45,0.4,0.3,0,0.5,10,9.5,10,rrt_20260807_044230_304.png
20260807_044231_180,2026-08-07 04:42:31,True,2862,136,18.44999999999999,42,0.45,0.4,0.3,0,0.5,10,9.5,10,rrt_20260807_044231_180.png
20260807_044232_503,2026-08-07 04:42:32,False,10000,69,0.0,0,0.45,0.4,0.3,0,0.5,10,9.5,10,rrt_20260807_044232_503.png
20260807_044234_510,2026-08-07 04:42:34,False,10000,104,0.0,0,0.45,0.4,0.3,0,0.5,10,9.5,10,rrt_20260807_044234_510.png
20260807_044236_625,2026-08-07 04:42:36,False,10000,135,0.0,0,0.45,0.4,0.3,0,0.5,10,9.5,10,rrt_20260807_044236_625.png
20260807_044238_403,2026-08-07 04:42:38,False,10000,94,0.0,0,0.45,0.5,0.3,0,0.5,10,9.5,10,rrt_20260807_044238_403.png
20260807_044240_285,2026-08-07 04:42:40,False,10000,98,0.0,0,0.45,0.5,0.3,0,0.5,10,9.5,10,rrt_20260807_044240_285.png
20260807_044242_597,2026-08-07 04:42:42,False,10000,141,0.0,0,0.45,0.5,0.3,0,0.5,10,9.5,10,rrt_20260807_044242_597.png
20260807_044244_406,2026-08-07 04:42:44,False,10000,101,0.0,0,0.45,0.5,0.3,0,0.5,10,9.5,10,rrt_20260807_044244_406.png
20260807_044247_007,2026-08-07 04:42:47,False,10000,161,0.0,0,0.45,0.5,0.3,0,0.5,10,9.5,10,rrt_20260807_044247_007.png
20260807_044247_651,2026-08-07 04:42:47,True,1496,140,19.349999999999998,44,0.45,0.5,0.3,0,0.5,10,9.5,10,rrt_20260807_044247_651.png
20260807_044248_303,2026-08-07 04:42:48,True,1639,140,17.549999999999997,40,0.45,0.5,0.3,0,0.5,10,9.5,10,rrt_20260807_044248_303.png
20260807_044249_948,2026-08-07 04:42:49,False,10000,90,0.0,0,0.45,0.5,0.3,0,0.5,10,9.5,10,rrt_20260807_044249_948.png
20260807_044252_170,2026-08-07 04:42:52,False,10000,128,0.0,0,0.45,0.5,0.3,0,0.5,10,9.5,10,rrt_20260807_044252_170.png
20260807_044254_389,2026-08-07 04:42:54,False,10000,130,0.0,0,0.45,0.5,0.3,0,0.5,10,9.5,10,rrt_20260807_044254_389.png
20260807_044256_174,2026-08-07 04:42:56,False,10000,97,0.0,0,0.45,0.5,0.3,0,0.5,10,9.5,10,rrt_20260807_044256_174.png
20260807_044258_145,2026-08-07 04:42:58,False,10000,121,0.0,0,0.45,0.5,0.3,0,0.5,10,9.5,10,rrt_20260807_044258_145.png
20260807_044300_089,2026-08-07 04:43:00,False,10000,120,0.0,0,0.45,0.5,0.3,0,0.5,10,9.5,10,rrt_20260807_044300_089.png
20260807_044300_831,2026-08-07 04:43:00,True,970,103,17.999999999999996,41,0.45,0.5,0.3,0,0.5,10,9.5,10,rrt_20260807_044300_831.png
20260807_044301_335,2026-08-07 04:43:01,True,1039,117,17.532491413503536,40,0.45,0.5,0.3,0,0.5,10,9.5,10,rrt_20260807_044301_335.png
20260807_044302_116,2026-08-07 04:43:02,True,2232,118,18.802060255868895,43,0.45,0.5,0.3,0,0.5,10,9.5,10,rrt_20260807_044302_116.png
20260807_044304_149,2026-08-07 04:43:04,False,10000,123,0.0,0,0.45,0.5,0.3,0,0.5,10,9.5,10,rrt_20260807_044304_149.png
20260807_044305_895,2026-08-07 04:43:05,False,10000,93,0.0,0,0.45,0.5,0.3,0,0.5,10,9.5,10,rrt_20260807_044305_895.png
20260807_044306_596,2026-08-07 04:43:06,True,594,87,18.899999999999995,43,0.45,0.5,0.3,0,0.5,10,9.5,10,rrt_20260807_044306_596.png
20260807_044307_041,2026-08-07 04:43:07,True,652,77,20.24999999999999,46,0.45,0.5,0.3,0,0.5,10,9.5,10,rrt_20260807_044307_041.png
20260807_044308_642,2026-08-07 04:43:08,False,10000,79,0.0,0,0.45,0.5,0.3,0,0.5,10,9.5,10,rrt_20260807_044308_642.png
20260807_044309_100,2026-08-07 04:43:09,True,260,58,16.649999999999995,38,0.45,0.5,0.3,0,0.5,10,9.5,10,rrt_20260807_044309_100.png
20260807_044309_903,2026-08-07 04:43:09,True,1692,136,16.628228341294143,38,0.45,0.5,0.3,0,0.5,10,9.5,10,rrt_20260807_044309_903.png
20260807_044312_028,2026-08-07 04:43:12,False,10000,132,0.0,0,0.45,0.5,0.3,0,0.5,10,9.5,10,rrt_20260807_044312_028.png
20260807_044314_093,2026-08-07 04:43:14,False,10000,121,0.0,0,0.45,0.5,0.3,0,0.5,10,9.5,10,rrt_20260807_044314_093.png
20260807_044316_312,2026-08-07 04:43:16,False,10000,126,0.0,0,0.45,0.5,0.3,0,0.5,10,9.5,10,rrt_20260807_044316_312.png
20260807_044318_014,2026-08-07 04:43:18,False,10000,95,0.0,0,0.45,0.5,0.3,0,0.5,10,9.5,10,rrt_20260807_044318_014.png
20260807_044319_974,2026-08-07 04:43:19,False,10000,120,0.0,0,0.45,0.5,0.3,0,0.5,10,9.5,10,rrt_20260807_044319_974.png
20260807_044322_174,2026-08-07 04:43:22,False,10000,144,0.0,0,0.45,0.5,0.3,0,0.5,10,9.5,10,rrt_20260807_044322_174.png
20260807_044322_892,2026-08-07 04:43:22,True,1897,137,18.39599301551635,42,0.45,0.5,0.3,0,0.5,10,9.5,10,rrt_20260807_044322_892.png
20260807_044324_845,2026-08-07 04:43:24,False,10000,112,0.0,0,0.45,0.5,0.3,0,0.5,10,9.5,10,rrt_20260807_044324_845.png
20260807_044327_692,2026-08-07 04:43:27,False,10000,161,0.0,0,0.45,0.5,0.3,0,0.5,10,9.5,10,rrt_20260807_044327_692.png
20260807_044329_269,2026-08-07 04:43:29,False,10000,75,0.0,0,0.45,0.5,0.3,0,0.5,10,9.5,10,rrt_20260807_044329_269.png
20260807_044330_663,2026-08-07 04:43:30,False,10000,58,0.0,0,0.45,0.5,0.3,0,0.5,10,9.5,10,rrt_20260807_044330_663.png
20260807_044333_176,2026-08-07 04:43:33,False,10000,163,0.0,0,0.45,0.5,0.3,0,0.5,10,9.5,10,rrt_20260807_044333_176.png
20260807_044333_748,2026-08-07 04:43:33,True,1140,125,17.460784251343615,40,0.45,0.5,0.3,0,0.5,10,9.5,10,rrt_20260807_044333_748.png
20260807_044334_934,2026-08-07 04:43:34,False,10000,55,0.0,0,0.45,0.5,0.3,0,0.5,10,9.5,10,rrt_20260807_044334_934.png
20260807_044335_575,2026-08-07 04:43:35,True,1078,99,17.549999999999997,40,0.45,0.5,0.3,0,0.5,10,9.5,10,rrt_20260807_044335_575.png
20260807_044337_715,2026-08-07 04:43:37,False,10000,138,0.0,0,0.45,0.5,0.3,0,0.5,10,9.5,10,rrt_20260807_044337_715.png
20260807_044340_067,2026-08-07 04:43:40,False,10000,138,0.0,0,0.45,0.5,0.3,0,0.5,10,9.5,10,rrt_20260807_044340_067.png
20260807_044342_044,2026-08-07 04:43:42,False,10000,100,0.0,0,0.45,0.5,0.3,0,0.5,10,9.5,10,rrt_20260807_044342_044.png
20260807_044342_954,2026-08-07 04:43:42,True,3226,138,19.79999999999999,45,0.45,0.5,0.3,0,0.5,10,9.5,10,rrt_20260807_044342_954.png
20260807_044344_721,2026-08-07 04:43:44,False,10000,102,0.0,0,0.45,0.5,0.3,0,0.5,10,9.5,10,rrt_20260807_044344_721.png
20260807_044345_812,2026-08-07 04:43:45,True,2949,161,20.162160278072793,46,0.45,0.5,0.3,0,0.5,10,9.5,10,rrt_20260807_044345_812.png
20260807_044347_211,2026-08-07 04:43:47,False,10000,71,0.0,0,0.45,0.5,0.3,0,0.5,10,9.5,10,rrt_20260807_044347_211.png
20260807_044349_019,2026-08-07 04:43:49,False,10000,103,0.0,0,0.45,0.5,0.3,0,0.5,10,9.5,10,rrt_20260807_044349_019.png
20260807_044349_782,2026-08-07 04:43:49,True,2131,158,18.83039655361035,43,0.45,0.5,0.3,0,0.5,10,9.5,10,rrt_20260807_044349_782.png
20260807_044350_590,2026-08-07 04:43:50,True,2838,129,17.91222152110174,41,0.45,0.5,0.3,0,0.5,10,9.5,10,rrt_20260807_044350_590.png
20260807_044352_573,2026-08-07 04:43:52,False,10000,120,0.0,0,0.45,0.5,0.3,0,0.5,10,9.5,10,rrt_20260807_044352_573.png
20260807_044353_496,2026-08-07 04:43:53,True,2133,128,18.362474656540993,42,0.45,0.5,0.3,0,0.5,10,9.5,10,rrt_20260807_044353_496.png
20260807_044355_510,2026-08-07 04:43:55,False,10000,126,0.0,0,0.45,0.5,0.3,0,0.5,10,9.5,10,rrt_20260807_044355_510.png
20260807_044357_369,2026-08-07 04:43:57,False,10000,107,0.0,0,0.45,0.5,0.3,0,0.5,10,9.5,10,rrt_20260807_044357_369.png
20260807_044359_647,2026-08-07 04:43:59,False,10000,150,0.0,0,0.45,0.5,0.3,0,0.5,10,9.5,10,rrt_20260807_044359_647.png
20260807_044401_170,2026-08-07 04:44:01,False,10000,59,0.0,0,0.45,0.5,0.3,0,0.5,10,9.5,10,rrt_20260807_044401_170.png
20260807_044403_400,2026-08-07 04:44:03,False,10000,130,0.0,0,0.45,0.5,0.3,0,0.5,10,9.5,10,rrt_20260807_044403_400.png
20260807_044405_260,2026-08-07 04:44:05,False,10000,104,0.0,0,0.45,0.5,0.3,0,0.5,10,9.5,10,rrt_20260807_044405_260.png
20260807_044406_866,2026-08-07 04:44:06,False,10000,81,0.0,0,0.45,0.5,0.3,0,0.5,10,9.5,10,rrt_20260807_044406_866.png
20260807_044409_010,2026-08-07 04:44:09,False,10000,119,0.0,0,0.45,0.5,0.3,0,0.5,10,9.5,10,rrt_20260807_044409_010.png
20260807_044411_475,2026-08-07 04:44:11,False,10000,146,0.0,0,0.45,0.5,0.3,0,0.5,10,9.5,10,rrt_20260807_044411_475.png
20260807_044412_836,2026-08-07 04:44:12,False,10000,64,0.0,0,0.45,0.5,0.3,0,0.5,10,9.5,10,rrt_20260807_044412_836.png
20260807_044414_883,2026-08-07 04:44:14,False,10000,131,0.0,0,0.45,0.5,0.3,0,0.5,10,9.5,10,rrt_20260807_044414_883.png
20260807_044417_109,2026-08-07 04:44:17,False,10000,137,0.0,0,0.45,0.5,0.3,0,0.5,10,9.5,10,rrt_20260807_044417_109.png
20260807_044419_361,2026-08-07 04:44:19,False,10000,153,0.0,0,0.45,0.5,0.3,0,0.5,10,9.5,10,rrt_20260807_044419_361.png
20260807_044421_603,2026-08-07 04:44:21,False,10000,128,0.0,0,0.45,0.5,0.3,0,0.5,10,9.5,10,rrt_20260807_044421_603.png
20260807_044423_634,2026-08-07 04:44:23,False,10000,127,0.0,0,0.45,0.5,0.3,0,0.5,10,9.5,10,rrt_20260807_044423_634.png
20260807_044425_484,2026-08-07 04:44:25,False,10000,107,0.0,0,0.45,0.5,0.3,0,0.5,10,9.5,10,rrt_20260807_044425_484.png
20260807_044426_439,2026-08-07 04:44:26,True,1864,137,18.81222051117225,43,0.45,0.5,0.3,0,0.5,10,9.5,10,rrt_20260807_044426_439.png
20260807_044428_577,2026-08-07 04:44:28,False,10000,107,0.0,0,0.45,0.5,0.3,0,0.5,10,9.5,10,rrt_20260807_044428_577.png
20260807_044431_013,2026-08-07 04:44:31,False,10000,159,0.0,0,0.45,0.5,0.3,0,0.5,10,9.5,10,rrt_20260807_044431_013.png
20260807_044433_186,2026-08-07 04:44:33,False,10000,126,0.0,0,0.45,0.5,0.3,0,0.5,10,9.5,10,rrt_20260807_044433_186.png
20260807_044435_200,2026-08-07 04:44:35,False,10000,123,0.0,0,0.45,0.5,0.3,0,0.5,10,9.5,10,rrt_20260807_044435_200.png
20260807_044437_242,2026-08-07 04:44:37,False,10000,120,0.0,0,0.45,0.5,0.3,0,0.5,10,9.5,10,rrt_20260807_044437_242.png
20260807_044438_892,2026-08-07 04:44:38,False,10000,90,0.0,0,0.45,0.5,0.3,0,0.5,10,9.5,10,rrt_20260807_044438_892.png
20260807_044441_048,2026-08-07 04:44:41,False,10000,114,0.0,0,0.45,0.5,0.3,0,0.5,10,9.5,10,rrt_20260807_044441_048.png
20260807_044443_173,2026-08-07 04:44:43,False,10000,131,0.0,0,0.45,0.5,0.3,0,0.5,10,9.5,10,rrt_20260807_044443_173.png
20260807_044445_283,2026-08-07 04:44:45,False,10000,89,0.0,0,0.45,0.5,0.3,0,0.5,10,9.5,10,rrt_20260807_044445_283.png
20260807_044447_470,2026-08-07 04:44:47,False,10000,140,0.0,0,0.45,0.5,0.3,0,0.5,10,9.5,10,rrt_20260807_044447_470.png
20260807_044449_431,2026-08-07 04:44:49,False,10000,111,0.0,0,0.45,0.5,0.3,0,0.5,10,9.5,10,rrt_20260807_044449_431.png
20260807_044451_429,2026-08-07 04:44:51,False,10000,119,0.0,0,0.45,0.5,0.3,0,0.5,10,9.5,10,rrt_20260807_044451_429.png
20260807_044451_967,2026-08-07 04:44:51,True,1128,117,17.880094089349093,41,0.45,0.5,0.3,0,0.5,10,9.5,10,rrt_20260807_044451_967.png
20260807_044453_864,2026-08-07 04:44:53,False,10000,118,0.0,0,0.45,0.5,0.3,0,0.5,10,9.5,10,rrt_20260807_044453_864.png
20260807_044455_890,2026-08-07 04:44:55,False,10000,123,0.0,0,0.45,0.5,0.3,0,0.5,10,9.5,10,rrt_20260807_044455_890.png
20260807_044458_365,2026-08-07 04:44:58,False,10000,149,0.0,0,0.45,0.5,0.3,0,0.5,10,9.5,10,rrt_20260807_044458_365.png
20260807_044500_243,2026-08-07 04:45:00,False,10000,113,0.0,0,0.45,0.5,0.3,0,0.5,10,9.5,10,rrt_20260807_044500_243.png
20260807_044500_910,2026-08-07 04:45:00,True,598,96,17.999999999999993,41,0.45,0.5,0.3,0,0.5,10,9.5,10,rrt_20260807_044500_910.png
20260807_044501_653,2026-08-07 04:45:01,True,2547,134,20.21638466999214,46,0.45,0.5,0.3,0,0.5,10,9.5,10,rrt_20260807_044501_653.png
20260807_044502_456,2026-08-07 04:45:02,True,2509,132,19.76192982608745,45,0.45,0.5,0.3,0,0.5,10,9.5,10,rrt_20260807_044502_456.png
20260807_044503_184,2026-08-07 04:45:03,True,2255,128,18.365822629679496,42,0.45,0.5,0.3,0,0.5,10,9.5,10,rrt_20260807_044503_184.png
20260807_044505_007,2026-08-07 04:45:05,False,10000,111,0.0,0,0.45,0.5,0.3,0,0.5,10,9.5,10,rrt_20260807_044505_007.png
20260807_044506_860,2026-08-07 04:45:06,False,10000,107,0.0,0,0.45,0.5,0.3,0,0.5,10,9.5,10,rrt_20260807_044506_860.png
20260807_044509_641,2026-08-07 04:45:09,False,10000,185,0.0,0,0.45,0.5,0.3,0,0.5,10,9.5,10,rrt_20260807_044509_641.png
20260807_044511_802,2026-08-07 04:45:11,False,10000,126,0.0,0,0.45,0.5,0.3,0,0.5,10,9.5,10,rrt_20260807_044511_802.png
20260807_044514_035,2026-08-07 04:45:14,False,10000,126,0.0,0,0.45,0.5,0.3,0,0.5,10,9.5,10,rrt_20260807_044514_035.png
20260807_044516_401,2026-08-07 04:45:16,False,10000,124,0.0,0,0.45,0.5,0.3,0,0.5,10,9.5,10,rrt_20260807_044516_401.png
20260807_044518_307,2026-08-07 04:45:18,False,10000,114,0.0,0,0.45,0.5,0.3,0,0.5,10,9.5,10,rrt_20260807_044518_307.png
20260807_044520_274,2026-08-07 04:45:20,False,10000,100,0.0,0,0.45,0.5,0.3,0,0.5,10,9.5,10,rrt_20260807_044520_274.png
20260807_044520_864,2026-08-07 04:45:20,True,1212,112,19.71088968999528,45,0.45,0.5,0.3,0,0.5,10,9.5,10,rrt_20260807_044520_864.png
20260807_044522_965,2026-08-07 04:45:22,False,10000,120,0.0,0,0.45,0.5,0.3,0,0.5,10,9.5,10,rrt_20260807_044522_965.png
20260807_044525_747,2026-08-07 04:45:25,False,10000,188,0.0,0,0.45,0.5,0.3,0,0.5,10,9.5,10,rrt_20260807_044525_747.png
20260807_044527_491,2026-08-07 04:45:27,False,10000,97,0.0,0,0.45,0.5,0.3,0,0.5,10,9.5,10,rrt_20260807_044527_491.png
20260807_044529_725,2026-08-07 04:45:29,False,10000,148,0.0,0,0.45,0.6,0.3,0,0.5,10,9.5,10,rrt_20260807_044529_725.png
20260807_044531_501,2026-08-07 04:45:31,False,10000,99,0.0,0,0.45,0.6,0.3,0,0.5,10,9.5,10,rrt_20260807_044531_501.png
20260807_044532_307,2026-08-07 04:45:32,True,1463,116,18.830501197656922,43,0.45,0.6,0.3,0,0.5,10,9.5,10,rrt_20260807_044532_307.png
20260807_044534_250,2026-08-07 04:45:34,False,10000,120,0.0,0,0.45,0.6,0.3,0,0.5,10,9.5,10,rrt_20260807_044534_250.png
20260807_044536_069,2026-08-07 04:45:36,False,10000,89,0.0,0,0.45,0.6,0.3,0,0.5,10,9.5,10,rrt_20260807_044536_069.png
20260807_044537_926,2026-08-07 04:45:37,False,10000,108,0.0,0,0.45,0.6,0.3,0,0.5,10,9.5,10,rrt_20260807_044537_926.png
20260807_044540_180,2026-08-07 04:45:40,False,10000,143,0.0,0,0.45,0.6,0.3,0,0.5,10,9.5,10,rrt_20260807_044540_180.png
20260807_044542_253,2026-08-07 04:45:42,False,10000,121,0.0,0,0.45,0.6,0.3,0,0.5,10,9.5,10,rrt_20260807_044542_253.png
20260807_044542_873,2026-08-07 04:45:42,True,1291,126,18.0,41,0.45,0.6,0.3,0,0.5,10,9.5,10,rrt_20260807_044542_873.png
20260807_044544_310,2026-08-07 04:45:44,False,10000,65,0.0,0,0.45,0.6,0.3,0,0.5,10,9.5,10,rrt_20260807_044544_310.png
20260807_044545_111,2026-08-07 04:45:45,True,611,97,17.971863414543478,41,0.45,0.6,0.3,0,0.5,10,9.5,10,rrt_20260807_044545_111.png
20260807_044545_993,2026-08-07 04:45:45,True,1037,147,18.83121620809897,43,0.45,0.6,0.3,0,0.5,10,9.5,10,rrt_20260807_044545_993.png
20260807_044548_195,2026-08-07 04:45:48,False,10000,145,0.0,0,0.45,0.6,0.3,0,0.5,10,9.5,10,rrt_20260807_044548_195.png
20260807_044549_758,2026-08-07 04:45:49,False,10000,77,0.0,0,0.45,0.6,0.3,0,0.5,10,9.5,10,rrt_20260807_044549_758.png
20260807_044552_143,2026-08-07 04:45:52,False,10000,165,0.0,0,0.45,0.6,0.3,0,0.5,10,9.5,10,rrt_20260807_044552_143.png
20260807_044552_811,2026-08-07 04:45:52,True,1320,135,18.449999999999996,42,0.45,0.6,0.3,0,0.5,10,9.5,10,rrt_20260807_044552_811.png
20260807_044553_540,2026-08-07 04:45:53,True,1894,161,17.450180386474525,40,0.45,0.6,0.3,0,0.5,10,9.5,10,rrt_20260807_044553_540.png
20260807_044556_170,2026-08-07 04:45:56,False,10000,174,0.0,0,0.45,0.6,0.3,0,0.5,10,9.5,10,rrt_20260807_044556_170.png
20260807_044557_990,2026-08-07 04:45:57,False,10000,99,0.0,0,0.45,0.6,0.3,0,0.5,10,9.5,10,rrt_20260807_044557_990.png
20260807_044600_252,2026-08-07 04:46:00,False,10000,133,0.0,0,0.45,0.6,0.3,0,0.5,10,9.5,10,rrt_20260807_044600_252.png
20260807_044602_542,2026-08-07 04:46:02,False,10000,130,0.0,0,0.45,0.6,0.3,0,0.5,10,9.5,10,rrt_20260807_044602_542.png
20260807_044603_995,2026-08-07 04:46:03,False,10000,61,0.0,0,0.45,0.6,0.3,0,0.5,10,9.5,10,rrt_20260807_044603_995.png
20260807_044604_466,2026-08-07 04:46:04,True,510,90,17.09999999999999,39,0.45,0.6,0.3,0,0.5,10,9.5,10,rrt_20260807_044604_466.png
20260807_044604_965,2026-08-07 04:46:04,True,1368,93,20.24999999999999,46,0.45,0.6,0.3,0,0.5,10,9.5,10,rrt_20260807_044604_965.png
20260807_044605_413,2026-08-07 04:46:05,True,483,80,17.531588154366332,40,0.45,0.6,0.3,0,0.5,10,9.5,10,rrt_20260807_044605_413.png
20260807_044607_101,2026-08-07 04:46:07,False,10000,94,0.0,0,0.45,0.6,0.3,0,0.5,10,9.5,10,rrt_20260807_044607_101.png
20260807_044609_483,2026-08-07 04:46:09,False,10000,146,0.0,0,0.45,0.6,0.3,0,0.5,10,9.5,10,rrt_20260807_044609_483.png
20260807_044610_812,2026-08-07 04:46:10,False,10000,59,0.0,0,0.45,0.6,0.3,0,0.5,10,9.5,10,rrt_20260807_044610_812.png
20260807_044613_240,2026-08-07 04:46:13,False,10000,140,0.0,0,0.45,0.6,0.3,0,0.5,10,9.5,10,rrt_20260807_044613_240.png
20260807_044615_112,2026-08-07 04:46:15,False,10000,104,0.0,0,0.45,0.6,0.3,0,0.5,10,9.5,10,rrt_20260807_044615_112.png
20260807_044617_192,2026-08-07 04:46:17,False,10000,125,0.0,0,0.45,0.6,0.3,0,0.5,10,9.5,10,rrt_20260807_044617_192.png
20260807_044618_673,2026-08-07 04:46:18,False,10000,78,0.0,0,0.45,0.6,0.3,0,0.5,10,9.5,10,rrt_20260807_044618_673.png
20260807_044620_637,2026-08-07 04:46:20,False,10000,119,0.0,0,0.45,0.6,0.3,0,0.5,10,9.5,10,rrt_20260807_044620_637.png
20260807_044622_897,2026-08-07 04:46:22,False,10000,134,0.0,0,0.45,0.6,0.3,0,0.5,10,9.5,10,rrt_20260807_044622_897.png
20260807_044623_588,2026-08-07 04:46:23,True,2068,132,17.461184334979666,40,0.45,0.6,0.3,0,0.5,10,9.5,10,rrt_20260807_044623_588.png
20260807_044625_705,2026-08-07 04:46:25,False,10000,133,0.0,0,0.45,0.6,0.3,0,0.5,10,9.5,10,rrt_20260807_044625_705.png
20260807_044626_545,2026-08-07 04:46:26,True,1824,139,19.700385862061403,45,0.45,0.6,0.3,0,0.5,10,9.5,10,rrt_20260807_044626_545.png
20260807_044628_930,2026-08-07 04:46:28,False,10000,128,0.0,0,0.45,0.6,0.3,0,0.5,10,9.5,10,rrt_20260807_044628_930.png
20260807_044629_775,2026-08-07 04:46:29,True,2316,133,18.892940534665776,43,0.45,0.6,0.3,0,0.5,10,9.5,10,rrt_20260807_044629_775.png
20260807_044630_189,2026-08-07 04:46:30,True,149,63,16.650000000000002,38,0.45,0.6,0.3,0,0.5,10,9.5,10,rrt_20260807_044630_189.png
20260807_044630_963,2026-08-07 04:46:30,True,2364,133,20.15840261224163,46,0.45,0.6,0.3,0,0.5,10,9.5,10,rrt_20260807_044630_963.png
20260807_044633_059,2026-08-07 04:46:33,False,10000,123,0.0,0,0.45,0.6,0.3,0,0.5,10,9.5,10,rrt_20260807_044633_059.png
20260807_044635_308,2026-08-07 04:46:35,False,10000,145,0.0,0,0.45,0.6,0.3,0,0.5,10,9.5,10,rrt_20260807_044635_308.png
20260807_044637_097,2026-08-07 04:46:37,False,10000,98,0.0,0,0.45,0.6,0.3,0,0.5,10,9.5,10,rrt_20260807_044637_097.png
20260807_044639_449,2026-08-07 04:46:39,False,10000,139,0.0,0,0.45,0.6,0.3,0,0.5,10,9.5,10,rrt_20260807_044639_449.png
20260807_044640_112,2026-08-07 04:46:40,True,1595,141,18.45,42,0.45,0.6,0.3,0,0.5,10,9.5,10,rrt_20260807_044640_112.png
20260807_044641_063,2026-08-07 04:46:41,True,1842,112,17.49295443170387,40,0.45,0.6,0.3,0,0.5,10,9.5,10,rrt_20260807_044641_063.png
20260807_044641_632,2026-08-07 04:46:41,True,1460,108,18.30652529178568,42,0.45,0.6,0.3,0,0.5,10,9.5,10,rrt_20260807_044641_632.png
20260807_044643_729,2026-08-07 04:46:43,False,10000,132,0.0,0,0.45,0.6,0.3,0,0.5,10,9.5,10,rrt_20260807_044643_729.png
20260807_044644_197,2026-08-07 04:46:44,True,356,97,20.10338053415511,46,0.45,0.6,0.3,0,0.5,10,9.5,10,rrt_20260807_044644_197.png
20260807_044646_507,2026-08-07 04:46:46,False,10000,145,0.0,0,0.45,0.6,0.3,0,0.5,10,9.5,10,rrt_20260807_044646_507.png
20260807_044648_805,2026-08-07 04:46:48,False,10000,152,0.0,0,0.45,0.6,0.3,0,0.5,10,9.5,10,rrt_20260807_044648_805.png
20260807_044650_933,2026-08-07 04:46:50,False,10000,131,0.0,0,0.45,0.6,0.3,0,0.5,10,9.5,10,rrt_20260807_044650_933.png
20260807_044652_750,2026-08-07 04:46:52,False,10000,106,0.0,0,0.45,0.6,0.3,0,0.5,10,9.5,10,rrt_20260807_044652_750.png
20260807_044654_860,2026-08-07 04:46:54,False,10000,123,0.0,0,0.45,0.6,0.3,0,0.5,10,9.5,10,rrt_20260807_044654_860.png
20260807_044657_279,2026-08-07 04:46:57,False,10000,128,0.0,0,0.45,0.6,0.3,0,0.5,10,9.5,10,rrt_20260807_044657_279.png
20260807_044658_451,2026-08-07 04:46:58,False,10000,50,0.0,0,0.45,0.6,0.3,0,0.5,10,9.5,10,rrt_20260807_044658_451.png
20260807_044700_404,2026-08-07 04:47:00,False,10000,105,0.0,0,0.45,0.6,0.3,0,0.5,10,9.5,10,rrt_20260807_044700_404.png
20260807_044702_775,2026-08-07 04:47:02,False,10000,161,0.0,0,0.45,0.6,0.3,0,0.5,10,9.5,10,rrt_20260807_044702_775.png
20260807_044704_744,2026-08-07 04:47:04,False,10000,103,0.0,0,0.45,0.6,0.3,0,0.5,10,9.5,10,rrt_20260807_044704_744.png
20260807_044706_518,2026-08-07 04:47:06,False,10000,99,0.0,0,0.45,0.6,0.3,0,0.5,10,9.5,10,rrt_20260807_044706_518.png
20260807_044708_549,2026-08-07 04:47:08,False,10000,123,0.0,0,0.45,0.6,0.3,0,0.5,10,9.5,10,rrt_20260807_044708_549.png
20260807_044709_017,2026-08-07 04:47:09,True,381,66,17.549999999999997,40,0.45,0.6,0.3,0,0.5,10,9.5,10,rrt_20260807_044709_017.png
20260807_044711_481,2026-08-07 04:47:11,False,10000,167,0.0,0,0.45,0.6,0.3,0,0.5,10,9.5,10,rrt_20260807_044711_481.png
20260807_044713_415,2026-08-07 04:47:13,False,10000,91,0.0,0,0.45,0.6,0.3,0,0.5,10,9.5,10,rrt_20260807_044713_415.png
20260807_044715_186,2026-08-07 04:47:15,False,10000,84,0.0,0,0.45,0.6,0.3,0,0.5,10,9.5,10,rrt_20260807_044715_186.png
20260807_044717_169,2026-08-07 04:47:17,False,10000,114,0.0,0,0.45,0.6,0.3,0,0.5,10,9.5,10,rrt_20260807_044717_169.png
20260807_044718_960,2026-08-07 04:47:18,False,10000,103,0.0,0,0.45,0.6,0.3,0,0.5,10,9.5,10,rrt_20260807_044718_960.png
20260807_044719_536,2026-08-07 04:47:19,True,1197,117,18.000000000000004,41,0.45,0.6,0.3,0,0.5,10,9.5,10,rrt_20260807_044719_536.png
20260807_044721_468,2026-08-07 04:47:21,False,10000,118,0.0,0,0.45,0.6,0.3,0,0.5,10,9.5,10,rrt_20260807_044721_468.png
20260807_044722_085,2026-08-07 04:47:22,True,244,71,17.549999999999997,40,0.45,0.6,0.3,0,0.5,10,9.5,10,rrt_20260807_044722_085.png
20260807_044723_791,2026-08-07 04:47:23,False,10000,98,0.0,0,0.45,0.6,0.3,0,0.5,10,9.5,10,rrt_20260807_044723_791.png
20260807_044724_602,2026-08-07 04:47:24,True,2557,139,18.445795161496182,42,0.45,0.6,0.3,0,0.5,10,9.5,10,rrt_20260807_044724_602.png
20260807_044727_031,2026-08-07 04:47:27,False,10000,151,0.0,0,0.45,0.6,0.3,0,0.5,10,9.5,10,rrt_20260807_044727_031.png
20260807_044727_611,2026-08-07 04:47:27,True,1279,97,17.549999999999994,40,0.45,0.6,0.3,0,0.5,10,9.5,10,rrt_20260807_044727_611.png
20260807_044729_554,2026-08-07 04:47:29,False,10000,120,0.0,0,0.45,0.6,0.3,0,0.5,10,9.5,10,rrt_20260807_044729_554.png
20260807_044730_900,2026-08-07 04:47:30,False,10000,55,0.0,0,0.45,0.6,0.3,0,0.5,10,9.5,10,rrt_20260807_044730_900.png
20260807_044732_784,2026-08-07 04:47:32,False,10000,113,0.0,0,0.45,0.6,0.3,0,0.5,10,9.5,10,rrt_20260807_044732_784.png
20260807_044734_932,2026-08-07 04:47:34,False,10000,123,0.0,0,0.45,0.6,0.3,0,0.5,10,9.5,10,rrt_20260807_044734_932.png
20260807_044737_475,2026-08-07 04:47:37,False,10000,176,0.0,0,0.45,0.6,0.3,0,0.5,10,9.5,10,rrt_20260807_044737_475.png
20260807_044739_506,2026-08-07 04:47:39,False,10000,109,0.0,0,0.45,0.6,0.3,0,0.5,10,9.5,10,rrt_20260807_044739_506.png
20260807_044740_059,2026-08-07 04:47:40,True,998,100,18.374253740262787,42,0.45,0.6,0.3,0,0.5,10,9.5,10,rrt_20260807_044740_059.png
20260807_044740_926,2026-08-07 04:47:40,True,2186,128,19.303628429981384,44,0.45,0.6,0.3,0,0.5,10,9.5,10,rrt_20260807_044740_926.png
20260807_044741_416,2026-08-07 04:47:41,True,302,73,18.8823990976731,43,0.45,0.6,0.3,0,0.5,10,9.5,10,rrt_20260807_044741_416.png
20260807_044743_344,2026-08-07 04:47:43,False,10000,115,0.0,0,0.45,0.6,0.3,0,0.5,10,9.5,10,rrt_20260807_044743_344.png
20260807_044745_383,2026-08-07 04:47:45,False,10000,127,0.0,0,0.45,0.6,0.3,0,0.5,10,9.5,10,rrt_20260807_044745_383.png
20260807_044745_969,2026-08-07 04:47:45,True,1168,101,18.449999999999996,42,0.45,0.6,0.3,0,0.5,10,9.5,10,rrt_20260807_044745_969.png
20260807_044747_540,2026-08-07 04:47:47,False,10000,84,0.0,0,0.45,0.6,0.3,0,0.5,10,9.5,10,rrt_20260807_044747_540.png
20260807_044748_259,2026-08-07 04:47:48,True,1909,160,17.999999999999993,41,0.45,0.6,0.3,0,0.5,10,9.5,10,rrt_20260807_044748_259.png
20260807_044748_690,2026-08-07 04:47:48,True,198,71,17.54999999999999,40,0.45,0.6,0.3,0,0.5,10,9.5,10,rrt_20260807_044748_690.png
20260807_044750_895,2026-08-07 04:47:50,False,10000,108,0.0,0,0.45,0.6,0.3,0,0.5,10,9.5,10,rrt_20260807_044750_895.png
20260807_044753_524,2026-08-07 04:47:53,False,10000,192,0.0,0,0.45,0.6,0.3,0,0.5,10,9.5,10,rrt_20260807_044753_524.png
20260807_044754_202,2026-08-07 04:47:54,True,1546,142,17.451032970481137,40,0.45,0.6,0.3,0,0.5,10,9.5,10,rrt_20260807_044754_202.png
20260807_044754_930,2026-08-07 04:47:54,True,1787,145,17.905418838574526,41,0.45,0.6,0.3,0,0.5,10,9.5,10,rrt_20260807_044754_930.png
20260807_044756_962,2026-08-07 04:47:56,False,10000,114,0.0,0,0.45,0.6,0.3,0,0.5,10,9.5,10,rrt_20260807_044756_962.png
20260807_044758_965,2026-08-07 04:47:58,False,10000,108,0.0,0,0.45,0.6,0.3,0,0.5,10,9.5,10,rrt_20260807_044758_965.png
20260807_044759_735,2026-08-07 04:47:59,True,2019,145,18.45000000000001,42,0.45,0.6,0.3,0,0.5,10,9.5,10,rrt_20260807_044759_735.png
20260807_044801_611,2026-08-07 04:48:01,False,10000,96,0.0,0,0.45,0.6,0.3,0,0.5,10,9.5,10,rrt_20260807_044801_611.png
20260807_044802_068,2026-08-07 04:48:02,True,407,80,19.267521396778278,44,0.45,0.6,0.3,0,0.5,10,9.5,10,rrt_20260807_044802_068.png
20260807_044804_237,2026-08-07 04:48:04,False,10000,123,0.0,0,0.45,0.6,0.3,0,0.5,10,9.5,10,rrt_20260807_044804_237.png
20260807_044805_851,2026-08-07 04:48:05,False,10000,82,0.0,0,0.45,0.7,0.3,0,0.5,10,9.5,10,rrt_20260807_044805_851.png
20260807_044806_393,2026-08-07 04:48:06,True,298,81,17.44779327569845,40,0.45,0.7,0.3,0,0.5,10,9.5,10,rrt_20260807_044806_393.png
20260807_044806_914,2026-08-07 04:48:06,True,1248,110,19.24287508103575,44,0.45,0.7,0.3,0,0.5,10,9.5,10,rrt_20260807_044806_914.png
20260807_044807_388,2026-08-07 04:48:07,True,856,107,18.899999999999995,43,0.45,0.7,0.3,0,0.5,10,9.5,10,rrt_20260807_044807_388.png
20260807_044809_831,2026-08-07 04:48:09,False,10000,164,0.0,0,0.45,0.7,0.3,0,0.5,10,9.5,10,rrt_20260807_044809_831.png
20260807_044812_410,2026-08-07 04:48:12,False,10000,174,0.0,0,0.45,0.7,0.3,0,0.5,10,9.5,10,rrt_20260807_044812_410.png
20260807_044813_707,2026-08-07 04:48:13,False,10000,55,0.0,0,0.45,0.7,0.3,0,0.5,10,9.5,10,rrt_20260807_044813_707.png
20260807_044815_637,2026-08-07 04:48:15,False,10000,111,0.0,0,0.45,0.7,0.3,0,0.5,10,9.5,10,rrt_20260807_044815_637.png
20260807_044817_235,2026-08-07 04:48:17,False,10000,54,0.0,0,0.45,0.7,0.3,0,0.5,10,9.5,10,rrt_20260807_044817_235.png
20260807_044818_765,2026-08-07 04:48:18,False,10000,74,0.0,0,0.45,0.7,0.3,0,0.5,10,9.5,10,rrt_20260807_044818_765.png
20260807_044821_190,2026-08-07 04:48:21,False,10000,158,0.0,0,0.45,0.7,0.3,0,0.5,10,9.5,10,rrt_20260807_044821_190.png
20260807_044821_720,2026-08-07 04:48:21,True,637,128,18.35482416402642,42,0.45,0.7,0.3,0,0.5,10,9.5,10,rrt_20260807_044821_720.png
20260807_044823_425,2026-08-07 04:48:23,False,10000,92,0.0,0,0.45,0.7,0.3,0,0.5,10,9.5,10,rrt_20260807_044823_425.png
20260807_044823_932,2026-08-07 04:48:23,True,651,131,16.649999999999995,38,0.45,0.7,0.3,0,0.5,10,9.5,10,rrt_20260807_044823_932.png
20260807_044825_883,2026-08-07 04:48:25,False,10000,98,0.0,0,0.45,0.7,0.3,0,0.5,10,9.5,10,rrt_20260807_044825_883.png
20260807_044828_032,2026-08-07 04:48:28,False,10000,135,0.0,0,0.45,0.7,0.3,0,0.5,10,9.5,10,rrt_20260807_044828_032.png
20260807_044830_555,2026-08-07 04:48:30,False,10000,176,0.0,0,0.45,0.7,0.3,0,0.5,10,9.5,10,rrt_20260807_044830_555.png
20260807_044831_349,2026-08-07 04:48:31,True,1452,123,21.90635822477789,50,0.45,0.7,0.3,0,0.5,10,9.5,10,rrt_20260807_044831_349.png
20260807_044833_971,2026-08-07 04:48:33,False,10000,178,0.0,0,0.45,0.7,0.3,0,0.5,10,9.5,10,rrt_20260807_044833_971.png
20260807_044834_504,2026-08-07 04:48:34,True,252,75,17.099999999999994,39,0.45,0.7,0.3,0,0.5,10,9.5,10,rrt_20260807_044834_504.png
20260807_044836_212,2026-08-07 04:48:36,False,10000,95,0.0,0,0.45,0.7,0.3,0,0.5,10,9.5,10,rrt_20260807_044836_212.png
20260807_044838_194,2026-08-07 04:48:38,False,10000,128,0.0,0,0.45,0.7,0.3,0,0.5,10,9.5,10,rrt_20260807_044838_194.png
20260807_044840_438,2026-08-07 04:48:40,False,10000,145,0.0,0,0.45,0.7,0.3,0,0.5,10,9.5,10,rrt_20260807_044840_438.png
20260807_044842_356,2026-08-07 04:48:42,False,10000,111,0.0,0,0.45,0.7,0.3,0,0.5,10,9.5,10,rrt_20260807_044842_356.png
20260807_044844_564,2026-08-07 04:48:44,False,10000,146,0.0,0,0.45,0.7,0.3,0,0.5,10,9.5,10,rrt_20260807_044844_564.png
20260807_044846_283,2026-08-07 04:48:46,False,10000,91,0.0,0,0.45,0.7,0.3,0,0.5,10,9.5,10,rrt_20260807_044846_283.png
20260807_044848_325,2026-08-07 04:48:48,False,10000,113,0.0,0,0.45,0.7,0.3,0,0.5,10,9.5,10,rrt_20260807_044848_325.png
20260807_044849_608,2026-08-07 04:48:49,False,10000,51,0.0,0,0.45,0.7,0.3,0,0.5,10,9.5,10,rrt_20260807_044849_608.png
20260807_044850_172,2026-08-07 04:48:50,True,348,73,17.9796293349479,41,0.45,0.7,0.3,0,0.5,10,9.5,10,rrt_20260807_044850_172.png
20260807_044850_699,2026-08-07 04:48:50,True,1232,115,17.999999999999993,41,0.45,0.7,0.3,0,0.5,10,9.5,10,rrt_20260807_044850_699.png
20260807_044852_520,2026-08-07 04:48:52,False,10000,108,0.0,0,0.45,0.7,0.3,0,0.5,10,9.5,10,rrt_20260807_044852_520.png
20260807_044854_591,2026-08-07 04:48:54,False,10000,125,0.0,0,0.45,0.7,0.3,0,0.5,10,9.5,10,rrt_20260807_044854_591.png
20260807_044855_217,2026-08-07 04:48:55,True,1276,135,19.705858064302337,45,0.45,0.7,0.3,0,0.5,10,9.5,10,rrt_20260807_044855_217.png
20260807_044857_029,2026-08-07 04:48:57,False,10000,95,0.0,0,0.45,0.7,0.3,0,0.5,10,9.5,10,rrt_20260807_044857_029.png
20260807_044857_529,2026-08-07 04:48:57,True,742,120,19.799999999999997,45,0.45,0.7,0.3,0,0.5,10,9.5,10,rrt_20260807_044857_529.png
20260807_044858_149,2026-08-07 04:48:58,True,253,72,17.438948131743146,40,0.45,0.7,0.3,0,0.5,10,9.5,10,rrt_20260807_044858_149.png
20260807_044900_260,2026-08-07 04:49:00,False,10000,127,0.0,0,0.45,0.7,0.3,0,0.5,10,9.5,10,rrt_20260807_044900_260.png
20260807_044902_216,2026-08-07 04:49:02,False,10000,118,0.0,0,0.45,0.7,0.3,0,0.5,10,9.5,10,rrt_20260807_044902_216.png
20260807_044904_034,2026-08-07 04:49:04,False,10000,100,0.0,0,0.45,0.7,0.3,0,0.5,10,9.5,10,rrt_20260807_044904_034.png
20260807_044904_498,2026-08-07 04:49:04,True,166,65,16.649999999999995,38,0.45,0.7,0.3,0,0.5,10,9.5,10,rrt_20260807_044904_498.png
20260807_044905_282,2026-08-07 04:49:05,True,2528,141,18.87671947050213,43,0.45,0.7,0.3,0,0.5,10,9.5,10,rrt_20260807_044905_282.png
20260807_044907_351,2026-08-07 04:49:07,False,10000,110,0.0,0,0.45,0.7,0.3,0,0.5,10,9.5,10,rrt_20260807_044907_351.png
20260807_044909_660,2026-08-07 04:49:09,False,10000,152,0.0,0,0.45,0.7,0.3,0,0.5,10,9.5,10,rrt_20260807_044909_660.png
20260807_044912_626,2026-08-07 04:49:12,False,10000,191,0.0,0,0.45,0.7,0.3,0,0.5,10,9.5,10,rrt_20260807_044912_626.png
20260807_044914_968,2026-08-07 04:49:14,False,10000,127,0.0,0,0.45,0.7,0.3,0,0.5,10,9.5,10,rrt_20260807_044914_968.png
20260807_044916_955,2026-08-07 04:49:16,False,10000,106,0.0,0,0.45,0.7,0.3,0,0.5,10,9.5,10,rrt_20260807_044916_955.png
20260807_044919_111,2026-08-07 04:49:19,False,10000,134,0.0,0,0.45,0.7,0.3,0,0.5,10,9.5,10,rrt_20260807_044919_111.png
20260807_044921_423,2026-08-07 04:49:21,False,10000,157,0.0,0,0.45,0.7,0.3,0,0.5,10,9.5,10,rrt_20260807_044921_423.png
20260807_044922_765,2026-08-07 04:49:22,False,10000,55,0.0,0,0.45,0.7,0.3,0,0.5,10,9.5,10,rrt_20260807_044922_765.png
20260807_044924_803,2026-08-07 04:49:24,False,10000,126,0.0,0,0.45,0.7,0.3,0,0.5,10,9.5,10,rrt_20260807_044924_803.png
20260807_044925_322,2026-08-07 04:49:25,True,365,87,20.249999999999986,46,0.45,0.7,0.3,0,0.5,10,9.5,10,rrt_20260807_044925_322.png
20260807_044927_440,2026-08-07 04:49:27,False,10000,136,0.0,0,0.45,0.7,0.3,0,0.5,10,9.5,10,rrt_20260807_044927_440.png
20260807_044928_294,2026-08-07 04:49:28,True,2315,165,18.847108796197162,43,0.45,0.7,0.3,0,0.5,10,9.5,10,rrt_20260807_044928_294.png
20260807_044930_829,2026-08-07 04:49:30,False,10000,143,0.0,0,0.45,0.7,0.3,0,0.5,10,9.5,10,rrt_20260807_044930_829.png
20260807_044932_814,2026-08-07 04:49:32,False,10000,121,0.0,0,0.45,0.7,0.3,0,0.5,10,9.5,10,rrt_20260807_044932_814.png
20260807_044935_362,2026-08-07 04:49:35,False,10000,175,0.0,0,0.45,0.7,0.3,0,0.5,10,9.5,10,rrt_20260807_044935_362.png
20260807_044937_819,2026-08-07 04:49:37,False,10000,137,0.0,0,0.45,0.7,0.3,0,0.5,10,9.5,10,rrt_20260807_044937_819.png
20260807_044939_672,2026-08-07 04:49:39,False,10000,106,0.0,0,0.45,0.7,0.3,0,0.5,10,9.5,10,rrt_20260807_044939_672.png
20260807_044941_972,2026-08-07 04:49:41,False,10000,143,0.0,0,0.45,0.7,0.3,0,0.5,10,9.5,10,rrt_20260807_044941_972.png
20260807_044942_602,2026-08-07 04:49:42,True,2075,122,20.665719550049754,47,0.45,0.7,0.3,0,0.5,10,9.5,10,rrt_20260807_044942_602.png
20260807_044943_137,2026-08-07 04:49:43,True,1133,110,16.60755341784716,38,0.45,0.7,0.3,0,0.5,10,9.5,10,rrt_20260807_044943_137.png
20260807_044945_227,2026-08-07 04:49:45,False,10000,117,0.0,0,0.45,0.7,0.3,0,0.5,10,9.5,10,rrt_20260807_044945_227.png
20260807_044945_910,2026-08-07 04:49:45,True,1485,130,20.611069323442784,47,0.45,0.7,0.3,0,0.5,10,9.5,10,rrt_20260807_044945_910.png
20260807_044947_887,2026-08-07 04:49:47,False,10000,115,0.0,0,0.45,0.7,0.3,0,0.5,10,9.5,10,rrt_20260807_044947_887.png
20260807_044949_851,2026-08-07 04:49:49,False,10000,114,0.0,0,0.45,0.7,0.3,0,0.5,10,9.5,10,rrt_20260807_044949_851.png
20260807_044951_990,2026-08-07 04:49:51,False,10000,134,0.0,0,0.45,0.7,0.3,0,0.5,10,9.5,10,rrt_20260807_044951_990.png
20260807_044953_892,2026-08-07 04:49:53,False,10000,100,0.0,0,0.45,0.7,0.3,0,0.5,10,9.5,10,rrt_20260807_044953_892.png
20260807_044956_073,2026-08-07 04:49:56,False,10000,138,0.0,0,0.45,0.7,0.3,0,0.5,10,9.5,10,rrt_20260807_044956_073.png
20260807_044958_160,2026-08-07 04:49:58,False,10000,132,0.0,0,0.45,0.7,0.3,0,0.5,10,9.5,10,rrt_20260807_044958_160.png
20260807_044958_735,2026-08-07 04:49:58,True,1072,119,18.834312658983627,43,0.45,0.7,0.3,0,0.5,10,9.5,10,rrt_20260807_044958_735.png
20260807_045000_836,2026-08-07 04:50:00,False,10000,109,0.0,0,0.45,0.7,0.3,0,0.5,10,9.5,10,rrt_20260807_045000_836.png
20260807_045002_267,2026-08-07 04:50:02,False,10000,63,0.0,0,0.45,0.7,0.3,0,0.5,10,9.5,10,rrt_20260807_045002_267.png
20260807_045004_727,2026-08-07 04:50:04,False,10000,139,0.0,0,0.45,0.7,0.3,0,0.5,10,9.5,10,rrt_20260807_045004_727.png
20260807_045005_281,2026-08-07 04:50:05,True,703,110,18.83692404062476,43,0.45,0.7,0.3,0,0.5,10,9.5,10,rrt_20260807_045005_281.png
20260807_045007_624,2026-08-07 04:50:07,False,10000,151,0.0,0,0.45,0.7,0.3,0,0.5,10,9.5,10,rrt_20260807_045007_624.png
20260807_045009_509,2026-08-07 04:50:09,False,10000,103,0.0,0,0.45,0.7,0.3,0,0.5,10,9.5,10,rrt_20260807_045009_509.png
20260807_045009_995,2026-08-07 04:50:09,True,543,111,18.449999999999992,42,0.45,0.7,0.3,0,0.5,10,9.5,10,rrt_20260807_045009_995.png
20260807_045012_024,2026-08-07 04:50:12,False,10000,131,0.0,0,0.45,0.7,0.3,0,0.5,10,9.5,10,rrt_20260807_045012_024.png
20260807_045014_050,2026-08-07 04:50:14,False,10000,112,0.0,0,0.45,0.7,0.3,0,0.5,10,9.5,10,rrt_20260807_045014_050.png
20260807_045016_868,2026-08-07 04:50:16,False,10000,174,0.0,0,0.45,0.7,0.3,0,0.5,10,9.5,10,rrt_20260807_045016_868.png
20260807_045019_024,2026-08-07 04:50:19,False,10000,126,0.0,0,0.45,0.7,0.3,0,0.5,10,9.5,10,rrt_20260807_045019_024.png
20260807_045020_964,2026-08-07 04:50:20,False,10000,112,0.0,0,0.45,0.7,0.3,0,0.5,10,9.5,10,rrt_20260807_045020_964.png
20260807_045021_418,2026-08-07 04:50:21,True,204,79,17.53684369865797,40,0.45,0.7,0.3,0,0.5,10,9.5,10,rrt_20260807_045021_418.png
20260807_045023_540,2026-08-07 04:50:23,False,10000,139,0.0,0,0.45,0.7,0.3,0,0.5,10,9.5,10,rrt_20260807_045023_540.png
20260807_045025_637,2026-08-07 04:50:25,False,10000,121,0.0,0,0.45,0.7,0.3,0,0.5,10,9.5,10,rrt_20260807_045025_637.png
20260807_045027_452,2026-08-07 04:50:27,False,10000,102,0.0,0,0.45,0.7,0.3,0,0.5,10,9.5,10,rrt_20260807_045027_452.png
20260807_045027_975,2026-08-07 04:50:27,True,806,127,17.549999999999994,40,0.45,0.7,0.3,0,0.5,10,9.5,10,rrt_20260807_045027_975.png
20260807_045030_406,2026-08-07 04:50:30,False,10000,134,0.0,0,0.45,0.7,0.3,0,0.5,10,9.5,10,rrt_20260807_045030_406.png
20260807_045032_751,2026-08-07 04:50:32,False,10000,133,0.0,0,0.45,0.7,0.3,0,0.5,10,9.5,10,rrt_20260807_045032_751.png
20260807_045035_088,2026-08-07 04:50:35,False,10000,151,0.0,0,0.45,0.7,0.3,0,0.5,10,9.5,10,rrt_20260807_045035_088.png
20260807_045036_863,2026-08-07 04:50:36,False,10000,86,0.0,0,0.45,0.7,0.3,0,0.5,10,9.5,10,rrt_20260807_045036_863.png
20260807_045039_104,2026-08-07 04:50:39,False,10000,152,0.0,0,0.45,0.7,0.3,0,0.5,10,9.5,10,rrt_20260807_045039_104.png
20260807_045041_307,2026-08-07 04:50:41,False,10000,142,0.0,0,0.45,0.7,0.3,0,0.5,10,9.5,10,rrt_20260807_045041_307.png
20260807_045043_452,2026-08-07 04:50:43,False,10000,121,0.0,0,0.45,0.7,0.3,0,0.5,10,9.5,10,rrt_20260807_045043_452.png
20260807_045045_577,2026-08-07 04:50:45,False,10000,131,0.0,0,0.45,0.7,0.3,0,0.5,10,9.5,10,rrt_20260807_045045_577.png
20260807_045047_645,2026-08-07 04:50:47,False,10000,126,0.0,0,0.45,0.7,0.3,0,0.5,10,9.5,10,rrt_20260807_045047_645.png
20260807_045049_591,2026-08-07 04:50:49,False,10000,113,0.0,0,0.45,0.7,0.3,0,0.5,10,9.5,10,rrt_20260807_045049_591.png
20260807_045051_561,2026-08-07 04:50:51,False,10000,104,0.0,0,0.45,0.7,0.3,0,0.5,10,9.5,10,rrt_20260807_045051_561.png
20260807_045052_281,2026-08-07 04:50:52,True,1883,146,19.79577116944158,45,0.45,0.7,0.3,0,0.5,10,9.5,10,rrt_20260807_045052_281.png
20260807_045052_928,2026-08-07 04:50:52,True,1469,143,17.934878375795265,41,0.45,0.7,0.3,0,0.5,10,9.5,10,rrt_20260807_045052_928.png
20260807_045054_796,2026-08-07 04:50:54,False,10000,106,0.0,0,0.45,0.8,0.3,0,0.5,10,9.5,10,rrt_20260807_045054_796.png
20260807_045056_897,2026-08-07 04:50:56,False,10000,123,0.0,0,0.45,0.8,0.3,0,0.5,10,9.5,10,rrt_20260807_045056_897.png
20260807_045059_354,2026-08-07 04:50:59,False,10000,141,0.0,0,0.45,0.8,0.3,0,0.5,10,9.5,10,rrt_20260807_045059_354.png
20260807_045059_953,2026-08-07 04:50:59,True,843,105,18.45,42,0.45,0.8,0.3,0,0.5,10,9.5,10,rrt_20260807_045059_953.png
20260807_045100_494,2026-08-07 04:51:00,True,837,139,18.0,41,0.45,0.8,0.3,0,0.5,10,9.5,10,rrt_20260807_045100_494.png
20260807_045102_253,2026-08-07 04:51:02,False,10000,101,0.0,0,0.45,0.8,0.3,0,0.5,10,9.5,10,rrt_20260807_045102_253.png
20260807_045102_925,2026-08-07 04:51:02,True,188,72,17.099999999999998,39,0.45,0.8,0.3,0,0.5,10,9.5,10,rrt_20260807_045102_925.png
20260807_045103_580,2026-08-07 04:51:03,True,1016,159,17.549999999999994,40,0.45,0.8,0.3,0,0.5,10,9.5,10,rrt_20260807_045103_580.png
20260807_045105_817,2026-08-07 04:51:05,False,10000,147,0.0,0,0.45,0.8,0.3,0,0.5,10,9.5,10,rrt_20260807_045105_817.png
20260807_045108_127,2026-08-07 04:51:08,False,10000,151,0.0,0,0.45,0.8,0.3,0,0.5,10,9.5,10,rrt_20260807_045108_127.png
20260807_045108_690,2026-08-07 04:51:08,True,833,146,17.455110161589968,40,0.45,0.8,0.3,0,0.5,10,9.5,10,rrt_20260807_045108_690.png
20260807_045111_004,2026-08-07 04:51:11,False,10000,126,0.0,0,0.45,0.8,0.3,0,0.5,10,9.5,10,rrt_20260807_045111_004.png
20260807_045113_126,2026-08-07 04:51:13,False,10000,132,0.0,0,0.45,0.8,0.3,0,0.5,10,9.5,10,rrt_20260807_045113_126.png
20260807_045115_227,2026-08-07 04:51:15,False,10000,131,0.0,0,0.45,0.8,0.3,0,0.5,10,9.5,10,rrt_20260807_045115_227.png
20260807_045117_011,2026-08-07 04:51:17,False,10000,93,0.0,0,0.45,0.8,0.3,0,0.5,10,9.5,10,rrt_20260807_045117_011.png
20260807_045117_830,2026-08-07 04:51:17,True,887,134,18.37104113980406,42,0.45,0.8,0.3,0,0.5,10,9.5,10,rrt_20260807_045117_830.png
20260807_045119_609,2026-08-07 04:51:19,False,10000,90,0.0,0,0.45,0.8,0.3,0,0.5,10,9.5,10,rrt_20260807_045119_609.png
20260807_045120_372,2026-08-07 04:51:20,True,2019,180,21.126792462609686,48,0.45,0.8,0.3,0,0.5,10,9.5,10,rrt_20260807_045120_372.png
20260807_045121_025,2026-08-07 04:51:21,True,1477,138,16.64999999999999,38,0.45,0.8,0.3,0,0.5,10,9.5,10,rrt_20260807_045121_025.png
20260807_045123_241,2026-08-07 04:51:23,False,10000,140,0.0,0,0.45,0.8,0.3,0,0.5,10,9.5,10,rrt_20260807_045123_241.png
20260807_045125_675,2026-08-07 04:51:25,False,10000,162,0.0,0,0.45,0.8,0.3,0,0.5,10,9.5,10,rrt_20260807_045125_675.png
20260807_045127_416,2026-08-07 04:51:27,False,10000,92,0.0,0,0.45,0.8,0.3,0,0.5,10,9.5,10,rrt_20260807_045127_416.png
20260807_045128_863,2026-08-07 04:51:28,False,10000,65,0.0,0,0.45,0.8,0.3,0,0.5,10,9.5,10,rrt_20260807_045128_863.png
20260807_045130_475,2026-08-07 04:51:30,False,10000,62,0.0,0,0.45,0.8,0.3,0,0.5,10,9.5,10,rrt_20260807_045130_475.png
20260807_045133_311,2026-08-07 04:51:33,False,10000,197,0.0,0,0.45,0.8,0.3,0,0.5,10,9.5,10,rrt_20260807_045133_311.png
20260807_045133_838,2026-08-07 04:51:33,True,379,102,18.424112847631378,42,0.45,0.8,0.3,0,0.5,10,9.5,10,rrt_20260807_045133_838.png
20260807_045135_714,2026-08-07 04:51:35,False,10000,106,0.0,0,0.45,0.8,0.3,0,0.5,10,9.5,10,rrt_20260807_045135_714.png
20260807_045137_416,2026-08-07 04:51:37,False,10000,91,0.0,0,0.45,0.8,0.3,0,0.5,10,9.5,10,rrt_20260807_045137_416.png
20260807_045139_448,2026-08-07 04:51:39,False,10000,123,0.0,0,0.45,0.8,0.3,0,0.5,10,9.5,10,rrt_20260807_045139_448.png
20260807_045141_489,2026-08-07 04:51:41,False,10000,106,0.0,0,0.45,0.8,0.3,0,0.5,10,9.5,10,rrt_20260807_045141_489.png
20260807_045143_494,2026-08-07 04:51:43,False,10000,120,0.0,0,0.45,0.8,0.3,0,0.5,10,9.5,10,rrt_20260807_045143_494.png
20260807_045144_231,2026-08-07 04:51:44,True,1561,138,19.26338078501201,44,0.45,0.8,0.3,0,0.5,10,9.5,10,rrt_20260807_045144_231.png
20260807_045146_172,2026-08-07 04:51:46,False,10000,93,0.0,0,0.45,0.8,0.3,0,0.5,10,9.5,10,rrt_20260807_045146_172.png
20260807_045148_233,2026-08-07 04:51:48,False,10000,126,0.0,0,0.45,0.8,0.3,0,0.5,10,9.5,10,rrt_20260807_045148_233.png
20260807_045150_164,2026-08-07 04:51:50,False,10000,111,0.0,0,0.45,0.8,0.3,0,0.5,10,9.5,10,rrt_20260807_045150_164.png
20260807_045152_267,2026-08-07 04:51:52,False,10000,127,0.0,0,0.45,0.8,0.3,0,0.5,10,9.5,10,rrt_20260807_045152_267.png
20260807_045152_836,2026-08-07 04:51:52,True,420,97,17.099999999999994,39,0.45,0.8,0.3,0,0.5,10,9.5,10,rrt_20260807_045152_836.png
20260807_045154_043,2026-08-07 04:51:54,False,10000,55,0.0,0,0.45,0.8,0.3,0,0.5,10,9.5,10,rrt_20260807_045154_043.png
20260807_045154_490,2026-08-07 04:51:54,True,200,80,17.099999999999998,39,0.45,0.8,0.3,0,0.5,10,9.5,10,rrt_20260807_045154_490.png
20260807_045154_905,2026-08-07 04:51:54,True,337,92,20.699999999999992,47,0.45,0.8,0.3,0,0.5,10,9.5,10,rrt_20260807_045154_905.png
20260807_045156_289,2026-08-07 04:51:56,False,10000,60,0.0,0,0.45,0.8,0.3,0,0.5,10,9.5,10,rrt_20260807_045156_289.png
20260807_045158_636,2026-08-07 04:51:58,False,10000,129,0.0,0,0.45,0.8,0.3,0,0.5,10,9.5,10,rrt_20260807_045158_636.png
20260807_045200_618,2026-08-07 04:52:00,False,10000,119,0.0,0,0.45,0.8,0.3,0,0.5,10,9.5,10,rrt_20260807_045200_618.png
20260807_045202_594,2026-08-07 04:52:02,False,10000,120,0.0,0,0.45,0.8,0.3,0,0.5,10,9.5,10,rrt_20260807_045202_594.png
20260807_045203_075,2026-08-07 04:52:03,True,220,74,16.64999999999999,38,0.45,0.8,0.3,0,0.5,10,9.5,10,rrt_20260807_045203_075.png
20260807_045205_016,2026-08-07 04:52:05,False,10000,105,0.0,0,0.45,0.8,0.3,0,0.5,10,9.5,10,rrt_20260807_045205_016.png
20260807_045207_377,2026-08-07 04:52:07,False,10000,153,0.0,0,0.45,0.8,0.3,0,0.5,10,9.5,10,rrt_20260807_045207_377.png
20260807_045208_136,2026-08-07 04:52:08,True,1672,143,17.90873563129323,41,0.45,0.8,0.3,0,0.5,10,9.5,10,rrt_20260807_045208_136.png
20260807_045210_795,2026-08-07 04:52:10,False,10000,187,0.0,0,0.45,0.8,0.3,0,0.5,10,9.5,10,rrt_20260807_045210_795.png
20260807_045212_635,2026-08-07 04:52:12,False,10000,98,0.0,0,0.45,0.8,0.3,0,0.5,10,9.5,10,rrt_20260807_045212_635.png
20260807_045214_780,2026-08-07 04:52:14,False,10000,111,0.0,0,0.45,0.8,0.3,0,0.5,10,9.5,10,rrt_20260807_045214_780.png
20260807_045215_476,2026-08-07 04:52:15,True,1984,94,18.89821368079718,43,0.45,0.8,0.3,0,0.5,10,9.5,10,rrt_20260807_045215_476.png
20260807_045217_368,2026-08-07 04:52:17,False,10000,105,0.0,0,0.45,0.8,0.3,0,0.5,10,9.5,10,rrt_20260807_045217_368.png
20260807_045219_502,2026-08-07 04:52:19,False,10000,138,0.0,0,0.45,0.8,0.3,0,0.5,10,9.5,10,rrt_20260807_045219_502.png
20260807_045220_116,2026-08-07 04:52:20,True,1263,133,17.49093922300367,40,0.45,0.8,0.3,0,0.5,10,9.5,10,rrt_20260807_045220_116.png
20260807_045222_270,2026-08-07 04:52:22,False,10000,136,0.0,0,0.45,0.8,0.3,0,0.5,10,9.5,10,rrt_20260807_045222_270.png
20260807_045224_412,2026-08-07 04:52:24,False,10000,127,0.0,0,0.45,0.8,0.3,0,0.5,10,9.5,10,rrt_20260807_045224_412.png
20260807_045226_555,2026-08-07 04:52:26,False,10000,135,0.0,0,0.45,0.8,0.3,0,0.5,10,9.5,10,rrt_20260807_045226_555.png
20260807_045229_107,2026-08-07 04:52:29,False,10000,173,0.0,0,0.45,0.8,0.3,0,0.5,10,9.5,10,rrt_20260807_045229_107.png
20260807_045231_424,2026-08-07 04:52:31,False,10000,131,0.0,0,0.45,0.8,0.3,0,0.5,10,9.5,10,rrt_20260807_045231_424.png
20260807_045232_972,2026-08-07 04:52:32,False,10000,58,0.0,0,0.45,0.8,0.3,0,0.5,10,9.5,10,rrt_20260807_045232_972.png
20260807_045234_864,2026-08-07 04:52:34,False,10000,110,0.0,0,0.45,0.8,0.3,0,0.5,10,9.5,10,rrt_20260807_045234_864.png
20260807_045236_736,2026-08-07 04:52:36,False,10000,104,0.0,0,0.45,0.8,0.3,0,0.5,10,9.5,10,rrt_20260807_045236_736.png
20260807_045239_044,2026-08-07 04:52:39,False,10000,142,0.0,0,0.45,0.8,0.3,0,0.5,10,9.5,10,rrt_20260807_045239_044.png
20260807_045241_147,2026-08-07 04:52:41,False,10000,129,0.0,0,0.45,0.8,0.3,0,0.5,10,9.5,10,rrt_20260807_045241_147.png
20260807_045241_662,2026-08-07 04:52:41,True,453,88,18.44999999999999,42,0.45,0.8,0.3,0,0.5,10,9.5,10,rrt_20260807_045241_662.png
20260807_045243_825,2026-08-07 04:52:43,False,10000,121,0.0,0,0.45,0.8,0.3,0,0.5,10,9.5,10,rrt_20260807_045243_825.png
20260807_045245_882,2026-08-07 04:52:45,False,10000,122,0.0,0,0.45,0.8,0.3,0,0.5,10,9.5,10,rrt_20260807_045245_882.png
20260807_045246_934,2026-08-07 04:52:46,True,2577,144,19.70122856989633,45,0.45,0.8,0.3,0,0.5,10,9.5,10,rrt_20260807_045246_934.png
20260807_045247_638,2026-08-07 04:52:47,True,1621,146,18.38922006407585,42,0.45,0.8,0.3,0,0.5,10,9.5,10,rrt_20260807_045247_638.png
20260807_045249_566,2026-08-07 04:52:49,False,10000,119,0.0,0,0.45,0.8,0.3,0,0.5,10,9.5,10,rrt_20260807_045249_566.png
20260807_045250_087,2026-08-07 04:52:50,True,690,120,19.715418777945338,45,0.45,0.8,0.3,0,0.5,10,9.5,10,rrt_20260807_045250_087.png
20260807_045251_977,2026-08-07 04:52:51,False,10000,114,0.0,0,0.45,0.8,0.3,0,0.5,10,9.5,10,rrt_20260807_045251_977.png
20260807_045252_574,2026-08-07 04:52:52,True,912,136,18.850419467649644,43,0.45,0.8,0.3,0,0.5,10,9.5,10,rrt_20260807_045252_574.png
20260807_045254_865,2026-08-07 04:52:54,False,10000,157,0.0,0,0.45,0.8,0.3,0,0.5,10,9.5,10,rrt_20260807_045254_865.png
20260807_045256_605,2026-08-07 04:52:56,False,10000,85,0.0,0,0.45,0.8,0.3,0,0.5,10,9.5,10,rrt_20260807_045256_605.png
20260807_045258_427,2026-08-07 04:52:58,False,10000,104,0.0,0,0.45,0.8,0.3,0,0.5,10,9.5,10,rrt_20260807_045258_427.png
20260807_045300_488,2026-08-07 04:53:00,False,10000,106,0.0,0,0.45,0.8,0.3,0,0.5,10,9.5,10,rrt_20260807_045300_488.png
20260807_045302_666,2026-08-07 04:53:02,False,10000,132,0.0,0,0.45,0.8,0.3,0,0.5,10,9.5,10,rrt_20260807_045302_666.png
20260807_045304_970,2026-08-07 04:53:04,False,10000,144,0.0,0,0.45,0.8,0.3,0,0.5,10,9.5,10,rrt_20260807_045304_970.png
20260807_045306_354,2026-08-07 04:53:06,False,10000,61,0.0,0,0.45,0.8,0.3,0,0.5,10,9.5,10,rrt_20260807_045306_354.png
20260807_045307_626,2026-08-07 04:53:07,False,10000,51,0.0,0,0.45,0.8,0.3,0,0.5,10,9.5,10,rrt_20260807_045307_626.png
20260807_045309_436,2026-08-07 04:53:09,False,10000,107,0.0,0,0.45,0.8,0.3,0,0.5,10,9.5,10,rrt_20260807_045309_436.png
20260807_045311_701,2026-08-07 04:53:11,False,10000,138,0.0,0,0.45,0.8,0.3,0,0.5,10,9.5,10,rrt_20260807_045311_701.png
20260807_045312_394,2026-08-07 04:53:12,True,139,80,17.549999999999994,40,0.45,0.8,0.3,0,0.5,10,9.5,10,rrt_20260807_045312_394.png
20260807_045313_003,2026-08-07 04:53:13,True,1644,127,18.0,41,0.45,0.8,0.3,0,0.5,10,9.5,10,rrt_20260807_045313_003.png
20260807_045315_159,2026-08-07 04:53:15,False,10000,122,0.0,0,0.45,0.8,0.3,0,0.5,10,9.5,10,rrt_20260807_045315_159.png
20260807_045317_152,2026-08-07 04:53:17,False,10000,111,0.0,0,0.45,0.8,0.3,0,0.5,10,9.5,10,rrt_20260807_045317_152.png
20260807_045317_686,2026-08-07 04:53:17,True,757,123,17.999999999999996,41,0.45,0.8,0.3,0,0.5,10,9.5,10,rrt_20260807_045317_686.png
20260807_045318_195,2026-08-07 04:53:18,True,680,88,20.249999999999993,46,0.45,0.8,0.3,0,0.5,10,9.5,10,rrt_20260807_045318_195.png
20260807_045320_068,2026-08-07 04:53:20,False,10000,105,0.0,0,0.45,0.8,0.3,0,0.5,10,9.5,10,rrt_20260807_045320_068.png
20260807_045320_616,2026-08-07 04:53:20,True,825,132,17.964485395237865,41,0.45,0.8,0.3,0,0.5,10,9.5,10,rrt_20260807_045320_616.png
20260807_045321_216,2026-08-07 04:53:21,True,1169,136,17.90687779124826,41,0.45,0.8,0.3,0,0.5,10,9.5,10,rrt_20260807_045321_216.png
20260807_045323_632,2026-08-07 04:53:23,False,10000,168,0.0,0,0.45,0.8,0.3,0,0.5,10,9.5,10,rrt_20260807_045323_632.png
20260807_045326_088,2026-08-07 04:53:26,False,10000,139,0.0,0,0.45,0.8,0.3,0,0.5,10,9.5,10,rrt_20260807_045326_088.png
20260807_045328_060,2026-08-07 04:53:28,False,10000,118,0.0,0,0.45,0.8,0.3,0,0.5,10,9.5,10,rrt_20260807_045328_060.png
20260807_045328_654,2026-08-07 04:53:28,True,1020,138,17.91795633663477,41,0.45,0.8,0.3,0,0.5,10,9.5,10,rrt_20260807_045328_654.png
20260807_045329_182,2026-08-07 04:53:29,True,1083,120,20.249999999999982,46,0.45,0.8,0.3,0,0.5,10,9.5,10,rrt_20260807_045329_182.png
20260807_045331_086,2026-08-07 04:53:31,False,10000,113,0.0,0,0.45,0.8,0.3,0,0.5,10,9.5,10,rrt_20260807_045331_086.png
20260807_045331_601,2026-08-07 04:53:31,True,427,106,17.972337179219956,41,0.45,0.8,0.3,0,0.5,10,9.5,10,rrt_20260807_045331_601.png
20260807_045332_032,2026-08-07 04:53:32,True,317,94,17.999999999999996,41,0.45,0.9,0.3,0,0.5,10,9.5,10,rrt_20260807_045332_032.png
20260807_045334_281,2026-08-07 04:53:34,False,10000,147,0.0,0,0.45,0.9,0.3,0,0.5,10,9.5,10,rrt_20260807_045334_281.png
20260807_045336_498,2026-08-07 04:53:36,False,10000,89,0.0,0,0.45,0.9,0.3,0,0.5,10,9.5,10,rrt_20260807_045336_498.png
20260807_045338_901,2026-08-07 04:53:38,False,10000,135,0.0,0,0.45,0.9,0.3,0,0.5,10,9.5,10,rrt_20260807_045338_901.png
20260807_045340_815,2026-08-07 04:53:40,False,10000,97,0.0,0,0.45,0.9,0.3,0,0.5,10,9.5,10,rrt_20260807_045340_815.png
20260807_045342_605,2026-08-07 04:53:42,False,10000,101,0.0,0,0.45,0.9,0.3,0,0.5,10,9.5,10,rrt_20260807_045342_605.png
20260807_045344_841,2026-08-07 04:53:44,False,10000,144,0.0,0,0.45,0.9,0.3,0,0.5,10,9.5,10,rrt_20260807_045344_841.png
20260807_045345_692,2026-08-07 04:53:45,True,1777,164,20.147856439982387,46,0.45,0.9,0.3,0,0.5,10,9.5,10,rrt_20260807_045345_692.png
20260807_045347_823,2026-08-07 04:53:47,False,10000,114,0.0,0,0.45,0.9,0.3,0,0.5,10,9.5,10,rrt_20260807_045347_823.png
20260807_045348_401,2026-08-07 04:53:48,True,300,88,16.576425426956007,38,0.45,0.9,0.3,0,0.5,10,9.5,10,rrt_20260807_045348_401.png
20260807_045350_244,2026-08-07 04:53:50,False,10000,91,0.0,0,0.45,0.9,0.3,0,0.5,10,9.5,10,rrt_20260807_045350_244.png
20260807_045351_660,2026-08-07 04:53:51,False,10000,64,0.0,0,0.45,0.9,0.3,0,0.5,10,9.5,10,rrt_20260807_045351_660.png
20260807_045353_932,2026-08-07 04:53:53,False,10000,130,0.0,0,0.45,0.9,0.3,0,0.5,10,9.5,10,rrt_20260807_045353_932.png
20260807_045355_798,2026-08-07 04:53:55,False,10000,102,0.0,0,0.45,0.9,0.3,0,0.5,10,9.5,10,rrt_20260807_045355_798.png
20260807_045357_747,2026-08-07 04:53:57,False,10000,107,0.0,0,0.45,0.9,0.3,0,0.5,10,9.5,10,rrt_20260807_045357_747.png
20260807_045359_252,2026-08-07 04:53:59,False,10000,60,0.0,0,0.45,0.9,0.3,0,0.5,10,9.5,10,rrt_20260807_045359_252.png
20260807_045401_313,2026-08-07 04:54:01,False,10000,116,0.0,0,0.45,0.9,0.3,0,0.5,10,9.5,10,rrt_20260807_045401_313.png
20260807_045403_966,2026-08-07 04:54:03,False,10000,178,0.0,0,0.45,0.9,0.3,0,0.5,10,9.5,10,rrt_20260807_045403_966.png
20260807_045405_716,2026-08-07 04:54:05,False,10000,86,0.0,0,0.45,0.9,0.3,0,0.5,10,9.5,10,rrt_20260807_045405_716.png
20260807_045407_826,2026-08-07 04:54:07,False,10000,110,0.0,0,0.45,0.9,0.3,0,0.5,10,9.5,10,rrt_20260807_045407_826.png
20260807_045409_525,2026-08-07 04:54:09,False,10000,93,0.0,0,0.45,0.9,0.3,0,0.5,10,9.5,10,rrt_20260807_045409_525.png
20260807_045410_383,2026-08-07 04:54:10,True,1122,102,18.449999999999992,42,0.45,0.9,0.3,0,0.5,10,9.5,10,rrt_20260807_045410_383.png
20260807_045411_998,2026-08-07 04:54:11,False,10000,71,0.0,0,0.45,0.9,0.3,0,0.5,10,9.5,10,rrt_20260807_045411_998.png
20260807_045413_595,2026-08-07 04:54:13,False,10000,80,0.0,0,0.45,0.9,0.3,0,0.5,10,9.5,10,rrt_20260807_045413_595.png
20260807_045415_658,2026-08-07 04:54:15,False,10000,123,0.0,0,0.45,0.9,0.3,0,0.5,10,9.5,10,rrt_20260807_045415_658.png
20260807_045416_301,2026-08-07 04:54:16,True,933,152,17.960347881629726,41,0.45,0.9,0.3,0,0.5,10,9.5,10,rrt_20260807_045416_301.png
20260807_045418_294,2026-08-07 04:54:18,False,10000,123,0.0,0,0.45,0.9,0.3,0,0.5,10,9.5,10,rrt_20260807_045418_294.png
20260807_045420_333,2026-08-07 04:54:20,False,10000,122,0.0,0,0.45,0.9,0.3,0,0.5,10,9.5,10,rrt_20260807_045420_333.png
20260807_045422_997,2026-08-07 04:54:22,False,10000,182,0.0,0,0.45,0.9,0.3,0,0.5,10,9.5,10,rrt_20260807_045422_997.png
20260807_045424_636,2026-08-07 04:54:24,False,10000,91,0.0,0,0.45,0.9,0.3,0,0.5,10,9.5,10,rrt_20260807_045424_636.png
20260807_045426_819,2026-08-07 04:54:26,False,10000,113,0.0,0,0.45,0.9,0.3,0,0.5,10,9.5,10,rrt_20260807_045426_819.png
20260807_045428_157,2026-08-07 04:54:28,False,10000,57,0.0,0,0.45,0.9,0.3,0,0.5,10,9.5,10,rrt_20260807_045428_157.png
20260807_045429_494,2026-08-07 04:54:29,False,10000,55,0.0,0,0.45,0.9,0.3,0,0.5,10,9.5,10,rrt_20260807_045429_494.png
20260807_045431_429,2026-08-07 04:54:31,False,10000,88,0.0,0,0.45,0.9,0.3,0,0.5,10,9.5,10,rrt_20260807_045431_429.png
20260807_045433_289,2026-08-07 04:54:33,False,10000,112,0.0,0,0.45,0.9,0.3,0,0.5,10,9.5,10,rrt_20260807_045433_289.png
20260807_045435_371,2026-08-07 04:54:35,False,10000,124,0.0,0,0.45,0.9,0.3,0,0.5,10,9.5,10,rrt_20260807_045435_371.png
20260807_045437_412,2026-08-07 04:54:37,False,10000,127,0.0,0,0.45,0.9,0.3,0,0.5,10,9.5,10,rrt_20260807_045437_412.png
20260807_045439_245,2026-08-07 04:54:39,False,10000,101,0.0,0,0.45,0.9,0.3,0,0.5,10,9.5,10,rrt_20260807_045439_245.png
20260807_045439_823,2026-08-07 04:54:39,True,1005,115,18.86017203373062,43,0.45,0.9,0.3,0,0.5,10,9.5,10,rrt_20260807_045439_823.png
20260807_045440_646,2026-08-07 04:54:40,True,1420,108,19.258787597937864,44,0.45,0.9,0.3,0,0.5,10,9.5,10,rrt_20260807_045440_646.png
20260807_045442_554,2026-08-07 04:54:42,False,10000,115,0.0,0,0.45,0.9,0.3,0,0.5,10,9.5,10,rrt_20260807_045442_554.png
20260807_045443_927,2026-08-07 04:54:43,False,10000,60,0.0,0,0.45,0.9,0.3,0,0.5,10,9.5,10,rrt_20260807_045443_927.png
20260807_045445_947,2026-08-07 04:54:45,False,10000,118,0.0,0,0.45,0.9,0.3,0,0.5,10,9.5,10,rrt_20260807_045445_947.png
20260807_045448_030,2026-08-07 04:54:48,False,10000,124,0.0,0,0.45,0.9,0.3,0,0.5,10,9.5,10,rrt_20260807_045448_030.png
20260807_045449_956,2026-08-07 04:54:49,False,10000,116,0.0,0,0.45,0.9,0.3,0,0.5,10,9.5,10,rrt_20260807_045449_956.png
20260807_045451_796,2026-08-07 04:54:51,False,10000,101,0.0,0,0.45,0.9,0.3,0,0.5,10,9.5,10,rrt_20260807_045451_796.png
20260807_045453_677,2026-08-07 04:54:53,False,10000,111,0.0,0,0.45,0.9,0.3,0,0.5,10,9.5,10,rrt_20260807_045453_677.png
20260807_045455_612,2026-08-07 04:54:55,False,10000,111,0.0,0,0.45,0.9,0.3,0,0.5,10,9.5,10,rrt_20260807_045455_612.png
20260807_045456_643,2026-08-07 04:54:56,True,1304,141,17.52652760573444,40,0.45,0.9,0.3,0,0.5,10,9.5,10,rrt_20260807_045456_643.png
20260807_045457_131,2026-08-07 04:54:57,True,727,139,18.36718320056036,42,0.45,0.9,0.3,0,0.5,10,9.5,10,rrt_20260807_045457_131.png
20260807_045459_322,2026-08-07 04:54:59,False,10000,139,0.0,0,0.45,0.9,0.3,0,0.5,10,9.5,10,rrt_20260807_045459_322.png
20260807_045501_409,2026-08-07 04:55:01,False,10000,126,0.0,0,0.45,0.9,0.3,0,0.5,10,9.5,10,rrt_20260807_045501_409.png
20260807_045503_299,2026-08-07 04:55:03,False,10000,108,0.0,0,0.45,0.9,0.3,0,0.5,10,9.5,10,rrt_20260807_045503_299.png
20260807_045505_425,2026-08-07 04:55:05,False,10000,133,0.0,0,0.45,0.9,0.3,0,0.5,10,9.5,10,rrt_20260807_045505_425.png
20260807_045507_221,2026-08-07 04:55:07,False,10000,100,0.0,0,0.45,0.9,0.3,0,0.5,10,9.5,10,rrt_20260807_045507_221.png
20260807_045509_470,2026-08-07 04:55:09,False,10000,145,0.0,0,0.45,0.9,0.3,0,0.5,10,9.5,10,rrt_20260807_045509_470.png
20260807_045512_008,2026-08-07 04:55:12,False,10000,148,0.0,0,0.45,0.9,0.3,0,0.5,10,9.5,10,rrt_20260807_045512_008.png
20260807_045512_854,2026-08-07 04:55:12,True,1225,132,18.356608474931182,42,0.45,0.9,0.3,0,0.5,10,9.5,10,rrt_20260807_045512_854.png
20260807_045513_438,2026-08-07 04:55:13,True,1096,144,17.99999999999999,41,0.45,0.9,0.3,0,0.5,10,9.5,10,rrt_20260807_045513_438.png
20260807_045515_299,2026-08-07 04:55:15,False,10000,107,0.0,0,0.45,0.9,0.3,0,0.5,10,9.5,10,rrt_20260807_045515_299.png
20260807_045516_634,2026-08-07 04:55:16,False,10000,53,0.0,0,0.45,0.9,0.3,0,0.5,10,9.5,10,rrt_20260807_045516_634.png
20260807_045517_322,2026-08-07 04:55:17,True,1799,163,20.24999999999999,46,0.45,0.9,0.3,0,0.5,10,9.5,10,rrt_20260807_045517_322.png
20260807_045519_263,2026-08-07 04:55:19,False,10000,100,0.0,0,0.45,0.9,0.3,0,0.5,10,9.5,10,rrt_20260807_045519_263.png
20260807_045521_239,2026-08-07 04:55:21,False,10000,106,0.0,0,0.45,0.9,0.3,0,0.5,10,9.5,10,rrt_20260807_045521_239.png
20260807_045521_942,2026-08-07 04:55:21,True,1510,133,18.3594683808742,42,0.45,0.9,0.3,0,0.5,10,9.5,10,rrt_20260807_045521_942.png
20260807_045524_315,2026-08-07 04:55:24,False,10000,144,0.0,0,0.45,0.9,0.3,0,0.5,10,9.5,10,rrt_20260807_045524_315.png
20260807_045526_343,2026-08-07 04:55:26,False,10000,119,0.0,0,0.45,0.9,0.3,0,0.5,10,9.5,10,rrt_20260807_045526_343.png
20260807_045528_498,2026-08-07 04:55:28,False,10000,129,0.0,0,0.45,0.9,0.3,0,0.5,10,9.5,10,rrt_20260807_045528_498.png
20260807_045529_822,2026-08-07 04:55:29,False,10000,57,0.0,0,0.45,0.9,0.3,0,0.5,10,9.5,10,rrt_20260807_045529_822.png
20260807_045532_567,2026-08-07 04:55:32,False,10000,196,0.0,0,0.45,0.9,0.3,0,0.5,10,9.5,10,rrt_20260807_045532_567.png
20260807_045533_227,2026-08-07 04:55:33,True,1592,137,21.060467072395685,48,0.45,0.9,0.3,0,0.5,10,9.5,10,rrt_20260807_045533_227.png
20260807_045533_798,2026-08-07 04:55:33,True,1009,141,20.21029070849457,46,0.45,0.9,0.3,0,0.5,10,9.5,10,rrt_20260807_045533_798.png
20260807_045535_895,2026-08-07 04:55:35,False,10000,130,0.0,0,0.45,0.9,0.3,0,0.5,10,9.5,10,rrt_20260807_045535_895.png
20260807_045538_505,2026-08-07 04:55:38,False,10000,178,0.0,0,0.45,0.9,0.3,0,0.5,10,9.5,10,rrt_20260807_045538_505.png
20260807_045540_874,2026-08-07 04:55:40,False,10000,127,0.0,0,0.45,0.9,0.3,0,0.5,10,9.5,10,rrt_20260807_045540_874.png
20260807_045543_026,2026-08-07 04:55:43,False,10000,119,0.0,0,0.45,0.9,0.3,0,0.5,10,9.5,10,rrt_20260807_045543_026.png
20260807_045544_660,2026-08-07 04:55:44,False,10000,86,0.0,0,0.45,0.9,0.3,0,0.5,10,9.5,10,rrt_20260807_045544_660.png
20260807_045545_212,2026-08-07 04:55:45,True,217,83,18.899999999999988,43,0.45,0.9,0.3,0,0.5,10,9.5,10,rrt_20260807_045545_212.png
20260807_045546_613,2026-08-07 04:55:46,False,10000,63,0.0,0,0.45,0.9,0.3,0,0.5,10,9.5,10,rrt_20260807_045546_613.png
20260807_045547_069,2026-08-07 04:55:47,True,320,82,17.549999999999997,40,0.45,0.9,0.3,0,0.5,10,9.5,10,rrt_20260807_045547_069.png
20260807_045549_011,2026-08-07 04:55:49,False,10000,122,0.0,0,0.45,0.9,0.3,0,0.5,10,9.5,10,rrt_20260807_045549_011.png
20260807_045549_584,2026-08-07 04:55:49,True,1085,104,21.054806580106483,48,0.45,0.9,0.3,0,0.5,10,9.5,10,rrt_20260807_045549_584.png
20260807_045551_246,2026-08-07 04:55:51,False,10000,88,0.0,0,0.45,0.9,0.3,0,0.5,10,9.5,10,rrt_20260807_045551_246.png
20260807_045553_102,2026-08-07 04:55:53,False,10000,88,0.0,0,0.45,0.9,0.3,0,0.5,10,9.5,10,rrt_20260807_045553_102.png
20260807_045553_585,2026-08-07 04:55:53,True,542,110,18.9,43,0.45,0.9,0.3,0,0.5,10,9.5,10,rrt_20260807_045553_585.png
20260807_045555_273,2026-08-07 04:55:55,False,10000,97,0.0,0,0.45,0.9,0.3,0,0.5,10,9.5,10,rrt_20260807_045555_273.png
20260807_045557_489,2026-08-07 04:55:57,False,10000,136,0.0,0,0.45,0.9,0.3,0,0.5,10,9.5,10,rrt_20260807_045557_489.png
20260807_045559_253,2026-08-07 04:55:59,False,10000,99,0.0,0,0.45,0.9,0.3,0,0.5,10,9.5,10,rrt_20260807_045559_253.png
20260807_045559_720,2026-08-07 04:55:59,True,197,76,16.998887926256238,39,0.45,0.9,0.3,0,0.5,10,9.5,10,rrt_20260807_045559_720.png
20260807_045600_324,2026-08-07 04:56:00,True,1186,155,18.877596998809146,43,0.45,0.9,0.3,0,0.5,10,9.5,10,rrt_20260807_045600_324.png
20260807_045602_650,2026-08-07 04:56:02,False,10000,162,0.0,0,0.45,0.9,0.3,0,0.5,10,9.5,10,rrt_20260807_045602_650.png
20260807_045605_007,2026-08-07 04:56:05,False,10000,151,0.0,0,0.45,0.9,0.3,0,0.5,10,9.5,10,rrt_20260807_045605_007.png
20260807_045606_879,2026-08-07 04:56:06,False,10000,68,0.0,0,0.45,0.9,0.3,0,0.5,10,9.5,10,rrt_20260807_045606_879.png
20260807_045607_420,2026-08-07 04:56:07,True,783,147,18.449999999999992,42,0.45,0.9,0.3,0,0.5,10,9.5,10,rrt_20260807_045607_420.png
20260807_045608_777,2026-08-07 04:56:08,False,10000,59,0.0,0,0.45,0.9,0.3,0,0.5,10,9.5,10,rrt_20260807_045608_777.png
20260807_045609_254,2026-08-07 04:56:09,True,283,91,17.999999999999993,41,0.45,0.9,0.3,0,0.5,10,9.5,10,rrt_20260807_045609_254.png
20260807_045610_817,2026-08-07 04:56:10,False,10000,77,0.0,0,0.45,0.9,0.3,0,0.5,10,9.5,10,rrt_20260807_045610_817.png
20260807_045613_109,2026-08-07 04:56:13,False,10000,146,0.0,0,0.45,0.9,0.3,0,0.5,10,9.5,10,rrt_20260807_045613_109.png
20260807_045615_056,2026-08-07 04:56:15,False,10000,110,0.0,0,0.45,0.9,0.3,0,0.5,10,9.5,10,rrt_20260807_045615_056.png
20260807_045617_095,2026-08-07 04:56:17,False,10000,110,0.0,0,0.45,0.9,0.3,0,0.5,10,9.5,10,rrt_20260807_045617_095.png
20260807_045619_163,2026-08-07 04:56:19,False,10000,127,0.0,0,0.45,1.0,0.3,0,0.5,10,9.5,10,rrt_20260807_045619_163.png
20260807_045621_700,2026-08-07 04:56:21,False,10000,145,0.0,0,0.45,1.0,0.3,0,0.5,10,9.5,10,rrt_20260807_045621_700.png
20260807_045623_560,2026-08-07 04:56:23,False,10000,109,0.0,0,0.45,1.0,0.3,0,0.5,10,9.5,10,rrt_20260807_045623_560.png
20260807_045624_942,2026-08-07 04:56:24,False,10000,62,0.0,0,0.45,1.0,0.3,0,0.5,10,9.5,10,rrt_20260807_045624_942.png
20260807_045626_896,2026-08-07 04:56:26,False,10000,120,0.0,0,0.45,1.0,0.3,0,0.5,10,9.5,10,rrt_20260807_045626_896.png
20260807_045628_922,2026-08-07 04:56:28,False,10000,122,0.0,0,0.45,1.0,0.3,0,0.5,10,9.5,10,rrt_20260807_045628_922.png
20260807_045631_060,2026-08-07 04:56:31,False,10000,118,0.0,0,0.45,1.0,0.3,0,0.5,10,9.5,10,rrt_20260807_045631_060.png
20260807_045633_712,2026-08-07 04:56:33,False,10000,186,0.0,0,0.45,1.0,0.3,0,0.5,10,9.5,10,rrt_20260807_045633_712.png
20260807_045634_360,2026-08-07 04:56:34,True,1255,130,22.499999999999982,51,0.45,1.0,0.3,0,0.5,10,9.5,10,rrt_20260807_045634_360.png
20260807_045635_577,2026-08-07 04:56:35,False,10000,52,0.0,0,0.45,1.0,0.3,0,0.5,10,9.5,10,rrt_20260807_045635_577.png
20260807_045637_997,2026-08-07 04:56:37,False,10000,143,0.0,0,0.45,1.0,0.3,0,0.5,10,9.5,10,rrt_20260807_045637_997.png
20260807_045638_617,2026-08-07 04:56:38,True,1468,102,18.449999999999996,42,0.45,1.0,0.3,0,0.5,10,9.5,10,rrt_20260807_045638_617.png
20260807_045640_493,2026-08-07 04:56:40,False,10000,105,0.0,0,0.45,1.0,0.3,0,0.5,10,9.5,10,rrt_20260807_045640_493.png
20260807_045642_489,2026-08-07 04:56:42,False,10000,122,0.0,0,0.45,1.0,0.3,0,0.5,10,9.5,10,rrt_20260807_045642_489.png
20260807_045644_436,2026-08-07 04:56:44,False,10000,115,0.0,0,0.45,1.0,0.3,0,0.5,10,9.5,10,rrt_20260807_045644_436.png
20260807_045646_945,2026-08-07 04:56:46,False,10000,167,0.0,0,0.45,1.0,0.3,0,0.5,10,9.5,10,rrt_20260807_045646_945.png
20260807_045649_139,2026-08-07 04:56:49,False,10000,137,0.0,0,0.45,1.0,0.3,0,0.5,10,9.5,10,rrt_20260807_045649_139.png
20260807_045651_488,2026-08-07 04:56:51,False,10000,157,0.0,0,0.45,1.0,0.3,0,0.5,10,9.5,10,rrt_20260807_045651_488.png
20260807_045653_547,2026-08-07 04:56:53,False,10000,125,0.0,0,0.45,1.0,0.3,0,0.5,10,9.5,10,rrt_20260807_045653_547.png
20260807_045656_331,2026-08-07 04:56:56,False,10000,182,0.0,0,0.45,1.0,0.3,0,0.5,10,9.5,10,rrt_20260807_045656_331.png
20260807_045657_893,2026-08-07 04:56:57,False,10000,75,0.0,0,0.45,1.0,0.3,0,0.5,10,9.5,10,rrt_20260807_045657_893.png
20260807_045700_276,2026-08-07 04:57:00,False,10000,147,0.0,0,0.45,1.0,0.3,0,0.5,10,9.5,10,rrt_20260807_045700_276.png
20260807_045702_306,2026-08-07 04:57:02,False,10000,124,0.0,0,0.45,1.0,0.3,0,0.5,10,9.5,10,rrt_20260807_045702_306.png
20260807_045704_315,2026-08-07 04:57:04,False,10000,123,0.0,0,0.45,1.0,0.3,0,0.5,10,9.5,10,rrt_20260807_045704_315.png
20260807_045704_883,2026-08-07 04:57:04,True,1004,114,18.449999999999992,42,0.45,1.0,0.3,0,0.5,10,9.5,10,rrt_20260807_045704_883.png
20260807_045706_897,2026-08-07 04:57:06,False,10000,123,0.0,0,0.45,1.0,0.3,0,0.5,10,9.5,10,rrt_20260807_045706_897.png
20260807_045708_755,2026-08-07 04:57:08,False,10000,106,0.0,0,0.45,1.0,0.3,0,0.5,10,9.5,10,rrt_20260807_045708_755.png
20260807_045709_749,2026-08-07 04:57:09,True,1901,145,21.149999999999988,48,0.45,1.0,0.3,0,0.5,10,9.5,10,rrt_20260807_045709_749.png
20260807_045712_211,2026-08-07 04:57:12,False,10000,156,0.0,0,0.45,1.0,0.3,0,0.5,10,9.5,10,rrt_20260807_045712_211.png
20260807_045714_522,2026-08-07 04:57:14,False,10000,138,0.0,0,0.45,1.0,0.3,0,0.5,10,9.5,10,rrt_20260807_045714_522.png
20260807_045716_823,2026-08-07 04:57:16,False,10000,120,0.0,0,0.45,1.0,0.3,0,0.5,10,9.5,10,rrt_20260807_045716_823.png
20260807_045718_551,2026-08-07 04:57:18,False,10000,94,0.0,0,0.45,1.0,0.3,0,0.5,10,9.5,10,rrt_20260807_045718_551.png
20260807_045719_209,2026-08-07 04:57:19,True,1405,134,18.449999999999996,42,0.45,1.0,0.3,0,0.5,10,9.5,10,rrt_20260807_045719_209.png
20260807_045719_702,2026-08-07 04:57:19,True,670,129,18.0,41,0.45,1.0,0.3,0,0.5,10,9.5,10,rrt_20260807_045719_702.png
20260807_045721_392,2026-08-07 04:57:21,False,10000,95,0.0,0,0.45,1.0,0.3,0,0.5,10,9.5,10,rrt_20260807_045721_392.png
20260807_045722_708,2026-08-07 04:57:22,False,10000,58,0.0,0,0.45,1.0,0.3,0,0.5,10,9.5,10,rrt_20260807_045722_708.png
20260807_045725_115,2026-08-07 04:57:25,False,10000,141,0.0,0,0.45,1.0,0.3,0,0.5,10,9.5,10,rrt_20260807_045725_115.png
20260807_045727_319,2026-08-07 04:57:27,False,10000,137,0.0,0,0.45,1.0,0.3,0,0.5,10,9.5,10,rrt_20260807_045727_319.png
20260807_045729_255,2026-08-07 04:57:29,False,10000,117,0.0,0,0.45,1.0,0.3,0,0.5,10,9.5,10,rrt_20260807_045729_255.png
20260807_045729_777,2026-08-07 04:57:29,True,638,127,19.34999999999999,44,0.45,1.0,0.3,0,0.5,10,9.5,10,rrt_20260807_045729_777.png
20260807_045731_425,2026-08-07 04:57:31,False,10000,87,0.0,0,0.45,1.0,0.3,0,0.5,10,9.5,10,rrt_20260807_045731_425.png
20260807_045732_637,2026-08-07 04:57:32,False,10000,53,0.0,0,0.45,1.0,0.3,0,0.5,10,9.5,10,rrt_20260807_045732_637.png
20260807_045734_523,2026-08-07 04:57:34,False,10000,110,0.0,0,0.45,1.0,0.3,0,0.5,10,9.5,10,rrt_20260807_045734_523.png
20260807_045736_575,2026-08-07 04:57:36,False,10000,125,0.0,0,0.45,1.0,0.3,0,0.5,10,9.5,10,rrt_20260807_045736_575.png
20260807_045738_802,2026-08-07 04:57:38,False,10000,144,0.0,0,0.45,1.0,0.3,0,0.5,10,9.5,10,rrt_20260807_045738_802.png
20260807_045741_232,2026-08-07 04:57:41,False,10000,146,0.0,0,0.45,1.0,0.3,0,0.5,10,9.5,10,rrt_20260807_045741_232.png
20260807_045742_945,2026-08-07 04:57:42,False,10000,92,0.0,0,0.45,1.0,0.3,0,0.5,10,9.5,10,rrt_20260807_045742_945.png
20260807_045744_969,2026-08-07 04:57:44,False,10000,123,0.0,0,0.45,1.0,0.3,0,0.5,10,9.5,10,rrt_20260807_045744_969.png
20260807_045747_613,2026-08-07 04:57:47,False,10000,180,0.0,0,0.45,1.0,0.3,0,0.5,10,9.5,10,rrt_20260807_045747_613.png
20260807_045749_708,2026-08-07 04:57:49,False,10000,116,0.0,0,0.45,1.0,0.3,0,0.5,10,9.5,10,rrt_20260807_045749_708.png
20260807_045752_150,2026-08-07 04:57:52,False,10000,153,0.0,0,0.45,1.0,0.3,0,0.5,10,9.5,10,rrt_20260807_045752_150.png
20260807_045754_428,2026-08-07 04:57:54,False,10000,147,0.0,0,0.45,1.0,0.3,0,0.5,10,9.5,10,rrt_20260807_045754_428.png
20260807_045756_362,2026-08-07 04:57:56,False,10000,110,0.0,0,0.45,1.0,0.3,0,0.5,10,9.5,10,rrt_20260807_045756_362.png
20260807_045758_831,2026-08-07 04:57:58,False,10000,168,0.0,0,0.45,1.0,0.3,0,0.5,10,9.5,10,rrt_20260807_045758_831.png
20260807_045801_075,2026-08-07 04:58:01,False,10000,121,0.0,0,0.45,1.0,0.3,0,0.5,10,9.5,10,rrt_20260807_045801_075.png
20260807_045803_447,2026-08-07 04:58:03,False,10000,152,0.0,0,0.45,1.0,0.3,0,0.5,10,9.5,10,rrt_20260807_045803_447.png
20260807_045805_631,2026-08-07 04:58:05,False,10000,133,0.0,0,0.45,1.0,0.3,0,0.5,10,9.5,10,rrt_20260807_045805_631.png
20260807_045806_185,2026-08-07 04:58:06,True,938,143,20.250000000000004,46,0.45,1.0,0.3,0,0.5,10,9.5,10,rrt_20260807_045806_185.png
20260807_045808_246,2026-08-07 04:58:08,False,10000,129,0.0,0,0.45,1.0,0.3,0,0.5,10,9.5,10,rrt_20260807_045808_246.png
20260807_045811_153,2026-08-07 04:58:11,False,10000,199,0.0,0,0.45,1.0,0.3,0,0.5,10,9.5,10,rrt_20260807_045811_153.png
20260807_045813_619,2026-08-07 04:58:13,False,10000,155,0.0,0,0.45,1.0,0.3,0,0.5,10,9.5,10,rrt_20260807_045813_619.png
20260807_045815_464,2026-08-07 04:58:15,False,10000,101,0.0,0,0.45,1.0,0.3,0,0.5,10,9.5,10,rrt_20260807_045815_464.png
20260807_045817_442,2026-08-07 04:58:17,False,10000,117,0.0,0,0.45,1.0,0.3,0,0.5,10,9.5,10,rrt_20260807_045817_442.png
20260807_045819_442,2026-08-07 04:58:19,False,10000,92,0.0,0,0.45,1.0,0.3,0,0.5,10,9.5,10,rrt_20260807_045819_442.png
20260807_045820_053,2026-08-07 04:58:20,True,1226,129,17.999999999999993,41,0.45,1.0,0.3,0,0.5,10,9.5,10,rrt_20260807_045820_053.png
20260807_045822_879,2026-08-07 04:58:22,False,10000,194,0.0,0,0.45,1.0,0.3,0,0.5,10,9.5,10,rrt_20260807_045822_879.png
20260807_045825_635,2026-08-07 04:58:25,False,10000,196,0.0,0,0.45,1.0,0.3,0,0.5,10,9.5,10,rrt_20260807_045825_635.png
20260807_045827_663,2026-08-07 04:58:27,False,10000,120,0.0,0,0.45,1.0,0.3,0,0.5,10,9.5,10,rrt_20260807_045827_663.png
20260807_045829_499,2026-08-07 04:58:29,False,10000,102,0.0,0,0.45,1.0,0.3,0,0.5,10,9.5,10,rrt_20260807_045829_499.png
20260807_045831_522,2026-08-07 04:58:31,False,10000,119,0.0,0,0.45,1.0,0.3,0,0.5,10,9.5,10,rrt_20260807_045831_522.png
20260807_045833_932,2026-08-07 04:58:33,False,10000,164,0.0,0,0.45,1.0,0.3,0,0.5,10,9.5,10,rrt_20260807_045833_932.png
20260807_045834_513,2026-08-07 04:58:34,True,941,165,20.69999999999999,47,0.45,1.0,0.3,0,0.5,10,9.5,10,rrt_20260807_045834_513.png
20260807_045836_932,2026-08-07 04:58:36,False,10000,138,0.0,0,0.45,1.0,0.3,0,0.5,10,9.5,10,rrt_20260807_045836_932.png
20260807_045837_563,2026-08-07 04:58:37,True,1071,144,17.999999999999996,41,0.45,1.0,0.3,0,0.5,10,9.5,10,rrt_20260807_045837_563.png
20260807_045839_670,2026-08-07 04:58:39,False,10000,133,0.0,0,0.45,1.0,0.3,0,0.5,10,9.5,10,rrt_20260807_045839_670.png
20260807_045840_211,2026-08-07 04:58:40,True,803,114,17.999999999999993,41,0.45,1.0,0.3,0,0.5,10,9.5,10,rrt_20260807_045840_211.png
20260807_045841_534,2026-08-07 04:58:41,False,10000,62,0.0,0,0.45,1.0,0.3,0,0.5,10,9.5,10,rrt_20260807_045841_534.png
20260807_045844_283,2026-08-07 04:58:44,False,10000,196,0.0,0,0.45,1.0,0.3,0,0.5,10,9.5,10,rrt_20260807_045844_283.png
20260807_045846_340,2026-08-07 04:58:46,False,10000,109,0.0,0,0.45,1.0,0.3,0,0.5,10,9.5,10,rrt_20260807_045846_340.png
20260807_045847_080,2026-08-07 04:58:47,True,846,99,18.899999999999988,43,0.45,1.0,0.3,0,0.5,10,9.5,10,rrt_20260807_045847_080.png
20260807_045848_823,2026-08-07 04:58:48,False,10000,95,0.0,0,0.45,1.0,0.3,0,0.5,10,9.5,10,rrt_20260807_045848_823.png
20260807_045849_599,2026-08-07 04:58:49,True,1092,146,19.349999999999987,44,0.45,1.0,0.3,0,0.5,10,9.5,10,rrt_20260807_045849_599.png
20260807_045851_526,2026-08-07 04:58:51,False,10000,116,0.0,0,0.45,1.0,0.3,0,0.5,10,9.5,10,rrt_20260807_045851_526.png
20260807_045853_383,2026-08-07 04:58:53,False,10000,104,0.0,0,0.45,1.0,0.3,0,0.5,10,9.5,10,rrt_20260807_045853_383.png
20260807_045855_319,2026-08-07 04:58:55,False,10000,114,0.0,0,0.45,1.0,0.3,0,0.5,10,9.5,10,rrt_20260807_045855_319.png
20260807_045857_194,2026-08-07 04:58:57,False,10000,103,0.0,0,0.45,1.0,0.3,0,0.5,10,9.5,10,rrt_20260807_045857_194.png
20260807_045859_369,2026-08-07 04:58:59,False,10000,139,0.0,0,0.45,1.0,0.3,0,0.5,10,9.5,10,rrt_20260807_045859_369.png
20260807_045901_548,2026-08-07 04:59:01,False,10000,136,0.0,0,0.45,1.0,0.3,0,0.5,10,9.5,10,rrt_20260807_045901_548.png
20260807_045903_194,2026-08-07 04:59:03,False,10000,87,0.0,0,0.45,1.0,0.3,0,0.5,10,9.5,10,rrt_20260807_045903_194.png
20260807_045903_888,2026-08-07 04:59:03,True,565,121,18.000000000000004,41,0.45,1.0,0.3,0,0.5,10,9.5,10,rrt_20260807_045903_888.png
20260807_045904_338,2026-08-07 04:59:04,True,396,114,17.999999999999996,41,0.45,1.0,0.3,0,0.5,10,9.5,10,rrt_20260807_045904_338.png
20260807_045906_915,2026-08-07 04:59:06,False,10000,186,0.0,0,0.45,1.0,0.3,0,0.5,10,9.5,10,rrt_20260807_045906_915.png
20260807_045909_244,2026-08-07 04:59:09,False,10000,152,0.0,0,0.45,1.0,0.3,0,0.5,10,9.5,10,rrt_20260807_045909_244.png
20260807_045910_936,2026-08-07 04:59:10,False,10000,83,0.0,0,0.45,1.0,0.3,0,0.5,10,9.5,10,rrt_20260807_045910_936.png
20260807_045913_446,2026-08-07 04:59:13,False,10000,150,0.0,0,0.45,1.0,0.3,0,0.5,10,9.5,10,rrt_20260807_045913_446.png
20260807_045915_236,2026-08-07 04:59:15,False,10000,92,0.0,0,0.45,1.0,0.3,0,0.5,10,9.5,10,rrt_20260807_045915_236.png
20260807_045915_767,2026-08-07 04:59:15,True,459,102,17.999999999999993,41,0.45,1.0,0.3,0,0.5,10,9.5,10,rrt_20260807_045915_767.png
20260807_045917_642,2026-08-07 04:59:17,False,10000,111,0.0,0,0.45,1.0,0.3,0,0.5,10,9.5,10,rrt_20260807_045917_642.png
20260807_045919_731,2026-08-07 04:59:19,False,10000,101,0.0,0,0.45,1.0,0.3,0,0.5,10,9.5,10,rrt_20260807_045919_731.png
20260807_045921_973,2026-08-07 04:59:21,False,10000,150,0.0,0,0.45,1.0,0.3,0,0.5,10,9.5,10,rrt_20260807_045921_973.png
20260807_045923_330,2026-08-07 04:59:23,True,7148,124,17.759999999999998,38,0.48,0.1,0.3,0,0.5,10,9.5,10,rrt_20260807_045923_330.png
20260807_045925_137,2026-08-07 04:59:25,False,10000,105,0.0,0,0.48,0.1,0.3,0,0.5,10,9.5,10,rrt_20260807_045925_137.png
20260807_045925_682,2026-08-07 04:59:25,True,1047,56,17.11009050669553,37,0.48,0.1,0.3,0,0.5,10,9.5,10,rrt_20260807_045925_682.png
20260807_045926_324,2026-08-07 04:59:26,True,1484,69,16.800000000000004,36,0.48,0.1,0.3,0,0.5,10,9.5,10,rrt_20260807_045926_324.png
20260807_045928_339,2026-08-07 04:59:28,False,10000,118,0.0,0,0.48,0.1,0.3,0,0.5,10,9.5,10,rrt_20260807_045928_339.png
20260807_045930_057,2026-08-07 04:59:30,False,10000,121,0.0,0,0.48,0.1,0.3,0,0.5,10,9.5,10,rrt_20260807_045930_057.png
20260807_045932_133,2026-08-07 04:59:32,False,10000,118,0.0,0,0.48,0.1,0.3,0,0.5,10,9.5,10,rrt_20260807_045932_133.png
20260807_045933_713,2026-08-07 04:59:33,False,10000,83,0.0,0,0.48,0.1,0.3,0,0.5,10,9.5,10,rrt_20260807_045933_713.png
20260807_045935_715,2026-08-07 04:59:35,False,10000,116,0.0,0,0.48,0.1,0.3,0,0.5,10,9.5,10,rrt_20260807_045935_715.png
20260807_045936_356,2026-08-07 04:59:36,True,1832,74,18.230486382499883,39,0.48,0.1,0.3,0,0.5,10,9.5,10,rrt_20260807_045936_356.png
20260807_045937_838,2026-08-07 04:59:37,False,10000,94,0.0,0,0.48,0.1,0.3,0,0.5,10,9.5,10,rrt_20260807_045937_838.png
20260807_045939_445,2026-08-07 04:59:39,False,10000,109,0.0,0,0.48,0.1,0.3,0,0.5,10,9.5,10,rrt_20260807_045939_445.png
20260807_045941_264,2026-08-07 04:59:41,False,10000,118,0.0,0,0.48,0.1,0.3,0,0.5,10,9.5,10,rrt_20260807_045941_264.png
20260807_045943_144,2026-08-07 04:59:43,False,10000,137,0.0,0,0.48,0.1,0.3,0,0.5,10,9.5,10,rrt_20260807_045943_144.png
20260807_045944_959,2026-08-07 04:59:44,False,10000,130,0.0,0,0.48,0.1,0.3,0,0.5,10,9.5,10,rrt_20260807_045944_959.png
20260807_045946_391,2026-08-07 04:59:46,False,10000,57,0.0,0,0.48,0.1,0.3,0,0.5,10,9.5,10,rrt_20260807_045946_391.png
20260807_045947_158,2026-08-07 04:59:47,True,1145,58,17.28000000000001,37,0.48,0.1,0.3,0,0.5,10,9.5,10,rrt_20260807_045947_158.png
20260807_045947_828,2026-08-07 04:59:47,True,4160,88,19.67414544242074,42,0.48,0.1,0.3,0,0.5,10,9.5,10,rrt_20260807_045947_828.png
20260807_045949_523,2026-08-07 04:59:49,False,10000,83,0.0,0,0.48,0.1,0.3,0,0.5,10,9.5,10,rrt_20260807_045949_523.png
20260807_045951_202,2026-08-07 04:59:51,False,10000,90,0.0,0,0.48,0.1,0.3,0,0.5,10,9.5,10,rrt_20260807_045951_202.png
20260807_045953_151,2026-08-07 04:59:53,False,10000,111,0.0,0,0.48,0.1,0.3,0,0.5,10,9.5,10,rrt_20260807_045953_151.png
20260807_045955_307,2026-08-07 04:59:55,False,10000,121,0.0,0,0.48,0.1,0.3,0,0.5,10,9.5,10,rrt_20260807_045955_307.png
20260807_045957_700,2026-08-07 04:59:57,False,10000,145,0.0,0,0.48,0.1,0.3,0,0.5,10,9.5,10,rrt_20260807_045957_700.png
20260807_045959_151,2026-08-07 04:59:59,False,10000,84,0.0,0,0.48,0.1,0.3,0,0.5,10,9.5,10,rrt_20260807_045959_151.png
20260807_050000_168,2026-08-07 05:00:00,True,5019,113,17.10578010572339,37,0.48,0.1,0.3,0,0.5,10,9.5,10,rrt_20260807_050000_168.png
20260807_050000_931,2026-08-07 05:00:00,True,1648,64,17.760000000000005,38,0.48,0.1,0.3,0,0.5,10,9.5,10,rrt_20260807_050000_931.png
20260807_050002_310,2026-08-07 05:00:02,False,10000,91,0.0,0,0.48,0.1,0.3,0,0.5,10,9.5,10,rrt_20260807_050002_310.png
20260807_050004_015,2026-08-07 05:00:04,False,10000,107,0.0,0,0.48,0.1,0.3,0,0.5,10,9.5,10,rrt_20260807_050004_015.png
20260807_050005_446,2026-08-07 05:00:05,False,10000,58,0.0,0,0.48,0.1,0.3,0,0.5,10,9.5,10,rrt_20260807_050005_446.png
20260807_050007_052,2026-08-07 05:00:07,False,10000,106,0.0,0,0.48,0.1,0.3,0,0.5,10,9.5,10,rrt_20260807_050007_052.png
20260807_050008_428,2026-08-07 05:00:08,False,10000,88,0.0,0,0.48,0.1,0.3,0,0.5,10,9.5,10,rrt_20260807_050008_428.png
20260807_050010_040,2026-08-07 05:00:10,False,10000,99,0.0,0,0.48,0.1,0.3,0,0.5,10,9.5,10,rrt_20260807_050010_040.png
20260807_050012_078,2026-08-07 05:00:12,False,10000,102,0.0,0,0.48,0.1,0.3,0,0.5,10,9.5,10,rrt_20260807_050012_078.png
20260807_050013_731,2026-08-07 05:00:13,False,10000,107,0.0,0,0.48,0.1,0.3,0,0.5,10,9.5,10,rrt_20260807_050013_731.png
20260807_050015_962,2026-08-07 05:00:15,False,10000,87,0.0,0,0.48,0.1,0.3,0,0.5,10,9.5,10,rrt_20260807_050015_962.png
20260807_050018_233,2026-08-07 05:00:18,False,10000,130,0.0,0,0.48,0.1,0.3,0,0.5,10,9.5,10,rrt_20260807_050018_233.png
20260807_050020_242,2026-08-07 05:00:20,False,10000,134,0.0,0,0.48,0.1,0.3,0,0.5,10,9.5,10,rrt_20260807_050020_242.png
20260807_050021_587,2026-08-07 05:00:21,False,10000,49,0.0,0,0.48,0.1,0.3,0,0.5,10,9.5,10,rrt_20260807_050021_587.png
20260807_050022_607,2026-08-07 05:00:22,True,4318,110,17.760000000000005,38,0.48,0.1,0.3,0,0.5,10,9.5,10,rrt_20260807_050022_607.png
20260807_050023_985,2026-08-07 05:00:23,False,10000,55,0.0,0,0.48,0.1,0.3,0,0.5,10,9.5,10,rrt_20260807_050023_985.png
20260807_050025_589,2026-08-07 05:00:25,False,10000,94,0.0,0,0.48,0.1,0.3,0,0.5,10,9.5,10,rrt_20260807_050025_589.png
20260807_050026_327,2026-08-07 05:00:26,True,3079,111,18.72000000000001,40,0.48,0.1,0.3,0,0.5,10,9.5,10,rrt_20260807_050026_327.png
20260807_050028_037,2026-08-07 05:00:28,False,10000,115,0.0,0,0.48,0.1,0.3,0,0.5,10,9.5,10,rrt_20260807_050028_037.png
20260807_050029_543,2026-08-07 05:00:29,False,10000,72,0.0,0,0.48,0.1,0.3,0,0.5,10,9.5,10,rrt_20260807_050029_543.png
20260807_050030_866,2026-08-07 05:00:30,False,10000,51,0.0,0,0.48,0.1,0.3,0,0.5,10,9.5,10,rrt_20260807_050030_866.png
20260807_050032_513,2026-08-07 05:00:32,False,10000,110,0.0,0,0.48,0.1,0.3,0,0.5,10,9.5,10,rrt_20260807_050032_513.png
20260807_050034_236,2026-08-07 05:00:34,False,10000,107,0.0,0,0.48,0.1,0.3,0,0.5,10,9.5,10,rrt_20260807_050034_236.png
20260807_050035_364,2026-08-07 05:00:35,False,10000,46,0.0,0,0.48,0.1,0.3,0,0.5,10,9.5,10,rrt_20260807_050035_364.png
20260807_050037_025,2026-08-07 05:00:37,False,10000,110,0.0,0,0.48,0.1,0.3,0,0.5,10,9.5,10,rrt_20260807_050037_025.png
20260807_050038_868,2026-08-07 05:00:38,False,10000,167,0.0,0,0.48,0.1,0.3,0,0.5,10,9.5,10,rrt_20260807_050038_868.png
20260807_050040_729,2026-08-07 05:00:40,False,10000,152,0.0,0,0.48,0.1,0.3,0,0.5,10,9.5,10,rrt_20260807_050040_729.png
20260807_050042_614,2026-08-07 05:00:42,False,10000,104,0.0,0,0.48,0.1,0.3,0,0.5,10,9.5,10,rrt_20260807_050042_614.png
20260807_050044_541,2026-08-07 05:00:44,False,10000,107,0.0,0,0.48,0.1,0.3,0,0.5,10,9.5,10,rrt_20260807_050044_541.png
20260807_050045_571,2026-08-07 05:00:45,True,3870,100,17.76000000000001,38,0.48,0.1,0.3,0,0.5,10,9.5,10,rrt_20260807_050045_571.png
20260807_050046_753,2026-08-07 05:00:46,False,10000,61,0.0,0,0.48,0.1,0.3,0,0.5,10,9.5,10,rrt_20260807_050046_753.png
20260807_050048_358,2026-08-07 05:00:48,False,10000,103,0.0,0,0.48,0.1,0.3,0,0.5,10,9.5,10,rrt_20260807_050048_358.png
20260807_050050_129,2026-08-07 05:00:50,False,10000,128,0.0,0,0.48,0.1,0.3,0,0.5,10,9.5,10,rrt_20260807_050050_129.png
20260807_050051_908,2026-08-07 05:00:51,False,10000,113,0.0,0,0.48,0.1,0.3,0,0.5,10,9.5,10,rrt_20260807_050051_908.png
20260807_050053_853,2026-08-07 05:00:53,False,10000,111,0.0,0,0.48,0.1,0.3,0,0.5,10,9.5,10,rrt_20260807_050053_853.png
20260807_050055_583,2026-08-07 05:00:55,False,10000,116,0.0,0,0.48,0.1,0.3,0,0.5,10,9.5,10,rrt_20260807_050055_583.png
20260807_050056_405,2026-08-07 05:00:56,True,3589,78,19.20000000000001,41,0.48,0.1,0.3,0,0.5,10,9.5,10,rrt_20260807_050056_405.png
20260807_050056_922,2026-08-07 05:00:56,True,1624,66,19.596082278005536,42,0.48,0.1,0.3,0,0.5,10,9.5,10,rrt_20260807_050056_922.png
20260807_050058_415,2026-08-07 05:00:58,False,10000,103,0.0,0,0.48,0.1,0.3,0,0.5,10,9.5,10,rrt_20260807_050058_415.png
20260807_050100_211,2026-08-07 05:01:00,False,10000,126,0.0,0,0.48,0.1,0.3,0,0.5,10,9.5,10,rrt_20260807_050100_211.png
20260807_050102_070,2026-08-07 05:01:02,False,10000,107,0.0,0,0.48,0.1,0.3,0,0.5,10,9.5,10,rrt_20260807_050102_070.png
20260807_050103_657,2026-08-07 05:01:03,False,10000,97,0.0,0,0.48,0.1,0.3,0,0.5,10,9.5,10,rrt_20260807_050103_657.png
20260807_050105_552,2026-08-07 05:01:05,False,10000,134,0.0,0,0.48,0.1,0.3,0,0.5,10,9.5,10,rrt_20260807_050105_552.png
20260807_050107_492,2026-08-07 05:01:07,False,10000,148,0.0,0,0.48,0.1,0.3,0,0.5,10,9.5,10,rrt_20260807_050107_492.png
20260807_050109_278,2026-08-07 05:01:09,False,10000,113,0.0,0,0.48,0.1,0.3,0,0.5,10,9.5,10,rrt_20260807_050109_278.png
20260807_050110_778,2026-08-07 05:01:10,True,6669,122,17.66359550662737,38,0.48,0.1,0.3,0,0.5,10,9.5,10,rrt_20260807_050110_778.png
20260807_050111_284,2026-08-07 05:01:11,True,890,56,16.32,35,0.48,0.1,0.3,0,0.5,10,9.5,10,rrt_20260807_050111_284.png
20260807_050113_163,2026-08-07 05:01:13,False,10000,121,0.0,0,0.48,0.1,0.3,0,0.5,10,9.5,10,rrt_20260807_050113_163.png
20260807_050114_152,2026-08-07 05:01:14,True,4488,124,17.28,37,0.48,0.1,0.3,0,0.5,10,9.5,10,rrt_20260807_050114_152.png
20260807_050114_932,2026-08-07 05:01:14,True,3624,91,16.633914995536987,36,0.48,0.1,0.3,0,0.5,10,9.5,10,rrt_20260807_050114_932.png
20260807_050116_793,2026-08-07 05:01:16,False,10000,117,0.0,0,0.48,0.1,0.3,0,0.5,10,9.5,10,rrt_20260807_050116_793.png
20260807_050118_169,2026-08-07 05:01:18,False,10000,58,0.0,0,0.48,0.1,0.3,0,0.5,10,9.5,10,rrt_20260807_050118_169.png
20260807_050119_968,2026-08-07 05:01:19,False,10000,117,0.0,0,0.48,0.1,0.3,0,0.5,10,9.5,10,rrt_20260807_050119_968.png
20260807_050120_900,2026-08-07 05:01:20,True,3639,86,20.160000000000007,43,0.48,0.1,0.3,0,0.5,10,9.5,10,rrt_20260807_050120_900.png
20260807_050122_348,2026-08-07 05:01:22,False,10000,49,0.0,0,0.48,0.1,0.3,0,0.5,10,9.5,10,rrt_20260807_050122_348.png
20260807_050123_821,2026-08-07 05:01:23,False,10000,84,0.0,0,0.48,0.1,0.3,0,0.5,10,9.5,10,rrt_20260807_050123_821.png
20260807_050125_580,2026-08-07 05:01:25,False,10000,109,0.0,0,0.48,0.1,0.3,0,0.5,10,9.5,10,rrt_20260807_050125_580.png
20260807_050127_547,2026-08-07 05:01:27,False,10000,108,0.0,0,0.48,0.1,0.3,0,0.5,10,9.5,10,rrt_20260807_050127_547.png
20260807_050128_249,2026-08-07 05:01:28,True,2840,81,19.680000000000007,42,0.48,0.1,0.3,0,0.5,10,9.5,10,rrt_20260807_050128_249.png
20260807_050130_076,2026-08-07 05:01:30,False,10000,98,0.0,0,0.48,0.1,0.3,0,0.5,10,9.5,10,rrt_20260807_050130_076.png
20260807_050131_813,2026-08-07 05:01:31,False,10000,89,0.0,0,0.48,0.1,0.3,0,0.5,10,9.5,10,rrt_20260807_050131_813.png
20260807_050133_444,2026-08-07 05:01:33,False,10000,105,0.0,0,0.48,0.1,0.3,0,0.5,10,9.5,10,rrt_20260807_050133_444.png
20260807_050134_797,2026-08-07 05:01:34,True,6794,124,17.760000000000005,38,0.48,0.1,0.3,0,0.5,10,9.5,10,rrt_20260807_050134_797.png
20260807_050136_845,2026-08-07 05:01:36,False,10000,132,0.0,0,0.48,0.1,0.3,0,0.5,10,9.5,10,rrt_20260807_050136_845.png
20260807_050138_137,2026-08-07 05:01:38,False,10000,47,0.0,0,0.48,0.1,0.3,0,0.5,10,9.5,10,rrt_20260807_050138_137.png
20260807_050139_813,2026-08-07 05:01:39,False,10000,114,0.0,0,0.48,0.1,0.3,0,0.5,10,9.5,10,rrt_20260807_050139_813.png
20260807_050141_348,2026-08-07 05:01:41,False,10000,101,0.0,0,0.48,0.1,0.3,0,0.5,10,9.5,10,rrt_20260807_050141_348.png
20260807_050143_360,2026-08-07 05:01:43,False,10000,111,0.0,0,0.48,0.1,0.3,0,0.5,10,9.5,10,rrt_20260807_050143_360.png
20260807_050144_901,2026-08-07 05:01:44,False,10000,88,0.0,0,0.48,0.1,0.3,0,0.5,10,9.5,10,rrt_20260807_050144_901.png
20260807_050146_486,2026-08-07 05:01:46,False,10000,112,0.0,0,0.48,0.1,0.3,0,0.5,10,9.5,10,rrt_20260807_050146_486.png
20260807_050148_134,2026-08-07 05:01:48,False,10000,112,0.0,0,0.48,0.1,0.3,0,0.5,10,9.5,10,rrt_20260807_050148_134.png
20260807_050149_855,2026-08-07 05:01:49,False,10000,102,0.0,0,0.48,0.1,0.3,0,0.5,10,9.5,10,rrt_20260807_050149_855.png
20260807_050151_716,2026-08-07 05:01:51,False,10000,96,0.0,0,0.48,0.1,0.3,0,0.5,10,9.5,10,rrt_20260807_050151_716.png
20260807_050153_437,2026-08-07 05:01:53,False,10000,107,0.0,0,0.48,0.1,0.3,0,0.5,10,9.5,10,rrt_20260807_050153_437.png
20260807_050155_018,2026-08-07 05:01:55,False,10000,96,0.0,0,0.48,0.1,0.3,0,0.5,10,9.5,10,rrt_20260807_050155_018.png
20260807_050156_825,2026-08-07 05:01:56,False,10000,124,0.0,0,0.48,0.1,0.3,0,0.5,10,9.5,10,rrt_20260807_050156_825.png
20260807_050158_919,2026-08-07 05:01:58,False,10000,111,0.0,0,0.48,0.2,0.3,0,0.5,10,9.5,10,rrt_20260807_050158_919.png
20260807_050200_612,2026-08-07 05:02:00,False,10000,94,0.0,0,0.48,0.2,0.3,0,0.5,10,9.5,10,rrt_20260807_050200_612.png
20260807_050201_347,2026-08-07 05:02:01,True,2561,114,18.194618630781214,39,0.48,0.2,0.3,0,0.5,10,9.5,10,rrt_20260807_050201_347.png
20260807_050203_029,2026-08-07 05:02:03,False,10000,101,0.0,0,0.48,0.2,0.3,0,0.5,10,9.5,10,rrt_20260807_050203_029.png
20260807_050205_124,2026-08-07 05:02:05,False,10000,127,0.0,0,0.48,0.2,0.3,0,0.5,10,9.5,10,rrt_20260807_050205_124.png
20260807_050207_351,2026-08-07 05:02:07,False,10000,137,0.0,0,0.48,0.2,0.3,0,0.5,10,9.5,10,rrt_20260807_050207_351.png
20260807_050208_095,2026-08-07 05:02:08,True,2364,146,16.64250695934172,36,0.48,0.2,0.3,0,0.5,10,9.5,10,rrt_20260807_050208_095.png
20260807_050209_653,2026-08-07 05:02:09,False,10000,94,0.0,0,0.48,0.2,0.3,0,0.5,10,9.5,10,rrt_20260807_050209_653.png
20260807_050211_653,2026-08-07 05:02:11,False,10000,122,0.0,0,0.48,0.2,0.3,0,0.5,10,9.5,10,rrt_20260807_050211_653.png
20260807_050213_897,2026-08-07 05:02:13,False,10000,129,0.0,0,0.48,0.2,0.3,0,0.5,10,9.5,10,rrt_20260807_050213_897.png
20260807_050215_908,2026-08-07 05:02:15,False,10000,130,0.0,0,0.48,0.2,0.3,0,0.5,10,9.5,10,rrt_20260807_050215_908.png
20260807_050216_877,2026-08-07 05:02:16,True,2513,104,18.11324885933299,39,0.48,0.2,0.3,0,0.5,10,9.5,10,rrt_20260807_050216_877.png
20260807_050218_039,2026-08-07 05:02:18,True,5106,135,17.760000000000005,38,0.48,0.2,0.3,0,0.5,10,9.5,10,rrt_20260807_050218_039.png
20260807_050219_196,2026-08-07 05:02:19,True,5222,131,19.68000000000001,42,0.48,0.2,0.3,0,0.5,10,9.5,10,rrt_20260807_050219_196.png
20260807_050220_811,2026-08-07 05:02:20,False,10000,56,0.0,0,0.48,0.2,0.3,0,0.5,10,9.5,10,rrt_20260807_050220_811.png
20260807_050221_769,2026-08-07 05:02:21,True,4754,124,17.11055548716983,37,0.48,0.2,0.3,0,0.5,10,9.5,10,rrt_20260807_050221_769.png
20260807_050223_909,2026-08-07 05:02:23,False,10000,122,0.0,0,0.48,0.2,0.3,0,0.5,10,9.5,10,rrt_20260807_050223_909.png
20260807_050225_200,2026-08-07 05:02:25,False,10000,69,0.0,0,0.48,0.2,0.3,0,0.5,10,9.5,10,rrt_20260807_050225_200.png
20260807_050227_021,2026-08-07 05:02:27,False,10000,116,0.0,0,0.48,0.2,0.3,0,0.5,10,9.5,10,rrt_20260807_050227_021.png
20260807_050228_717,2026-08-07 05:02:28,False,10000,96,0.0,0,0.48,0.2,0.3,0,0.5,10,9.5,10,rrt_20260807_050228_717.png
20260807_050229_409,2026-08-07 05:02:29,True,2050,120,16.800000000000004,36,0.48,0.2,0.3,0,0.5,10,9.5,10,rrt_20260807_050229_409.png
20260807_050230_254,2026-08-07 05:02:30,True,3508,115,19.064080701771058,41,0.48,0.2,0.3,0,0.5,10,9.5,10,rrt_20260807_050230_254.png
20260807_050231_630,2026-08-07 05:02:31,False,10000,57,0.0,0,0.48,0.2,0.3,0,0.5,10,9.5,10,rrt_20260807_050231_630.png
20260807_050233_419,2026-08-07 05:02:33,False,10000,105,0.0,0,0.48,0.2,0.3,0,0.5,10,9.5,10,rrt_20260807_050233_419.png
20260807_050235_495,2026-08-07 05:02:35,False,10000,178,0.0,0,0.48,0.2,0.3,0,0.5,10,9.5,10,rrt_20260807_050235_495.png
20260807_050236_817,2026-08-07 05:02:36,True,6776,112,18.240000000000002,39,0.48,0.2,0.3,0,0.5,10,9.5,10,rrt_20260807_050236_817.png
20260807_050238_615,2026-08-07 05:02:38,False,10000,93,0.0,0,0.48,0.2,0.3,0,0.5,10,9.5,10,rrt_20260807_050238_615.png
20260807_050240_846,2026-08-07 05:02:40,False,10000,130,0.0,0,0.48,0.2,0.3,0,0.5,10,9.5,10,rrt_20260807_050240_846.png
20260807_050243_005,2026-08-07 05:02:43,False,10000,165,0.0,0,0.48,0.2,0.3,0,0.5,10,9.5,10,rrt_20260807_050243_005.png
20260807_050244_657,2026-08-07 05:02:44,False,10000,86,0.0,0,0.48,0.2,0.3,0,0.5,10,9.5,10,rrt_20260807_050244_657.png
20260807_050246_864,2026-08-07 05:02:46,False,10000,154,0.0,0,0.48,0.2,0.3,0,0.5,10,9.5,10,rrt_20260807_050246_864.png
20260807_050248_981,2026-08-07 05:02:48,False,10000,113,0.0,0,0.48,0.2,0.3,0,0.5,10,9.5,10,rrt_20260807_050248_981.png
20260807_050249_545,2026-08-07 05:02:49,True,1316,98,17.136761254907658,37,0.48,0.2,0.3,0,0.5,10,9.5,10,rrt_20260807_050249_545.png
20260807_050251_197,2026-08-07 05:02:51,False,10000,100,0.0,0,0.48,0.2,0.3,0,0.5,10,9.5,10,rrt_20260807_050251_197.png
20260807_050252_911,2026-08-07 05:02:52,False,10000,95,0.0,0,0.48,0.2,0.3,0,0.5,10,9.5,10,rrt_20260807_050252_911.png
20260807_050254_393,2026-08-07 05:02:54,False,10000,79,0.0,0,0.48,0.2,0.3,0,0.5,10,9.5,10,rrt_20260807_050254_393.png
20260807_050255_592,2026-08-07 05:02:55,False,10000,58,0.0,0,0.48,0.2,0.3,0,0.5,10,9.5,10,rrt_20260807_050255_592.png
20260807_050257_845,2026-08-07 05:02:57,False,10000,129,0.0,0,0.48,0.2,0.3,0,0.5,10,9.5,10,rrt_20260807_050257_845.png
20260807_050258_684,2026-08-07 05:02:58,True,3286,119,17.28,37,0.48,0.2,0.3,0,0.5,10,9.5,10,rrt_20260807_050258_684.png
20260807_050300_433,2026-08-07 05:03:00,False,10000,103,0.0,0,0.48,0.2,0.3,0,0.5,10,9.5,10,rrt_20260807_050300_433.png
20260807_050303_027,2026-08-07 05:03:03,False,10000,138,0.0,0,0.48,0.2,0.3,0,0.5,10,9.5,10,rrt_20260807_050303_027.png
20260807_050304_847,2026-08-07 05:03:04,False,10000,114,0.0,0,0.48,0.2,0.3,0,0.5,10,9.5,10,rrt_20260807_050304_847.png
20260807_050305_509,2026-08-07 05:03:05,True,2829,100,20.99462979573776,45,0.48,0.2,0.3,0,0.5,10,9.5,10,rrt_20260807_050305_509.png
20260807_050306_441,2026-08-07 05:03:06,True,4299,113,17.243163123302786,37,0.48,0.2,0.3,0,0.5,10,9.5,10,rrt_20260807_050306_441.png
20260807_050307_237,2026-08-07 05:03:07,True,3064,128,19.68000000000001,42,0.48,0.2,0.3,0,0.5,10,9.5,10,rrt_20260807_050307_237.png
20260807_050308_450,2026-08-07 05:03:08,False,10000,58,0.0,0,0.48,0.2,0.3,0,0.5,10,9.5,10,rrt_20260807_050308_450.png
20260807_050310_212,2026-08-07 05:03:10,False,10000,104,0.0,0,0.48,0.2,0.3,0,0.5,10,9.5,10,rrt_20260807_050310_212.png
20260807_050311_131,2026-08-07 05:03:11,True,3780,99,18.240000000000006,39,0.48,0.2,0.3,0,0.5,10,9.5,10,rrt_20260807_050311_131.png
20260807_050312_830,2026-08-07 05:03:12,False,10000,111,0.0,0,0.48,0.2,0.3,0,0.5,10,9.5,10,rrt_20260807_050312_830.png
20260807_050314_829,2026-08-07 05:03:14,False,10000,107,0.0,0,0.48,0.2,0.3,0,0.5,10,9.5,10,rrt_20260807_050314_829.png
20260807_050315_610,2026-08-07 05:03:15,True,1192,73,19.14312164620373,41,0.48,0.2,0.3,0,0.5,10,9.5,10,rrt_20260807_050315_610.png
20260807_050317_420,2026-08-07 05:03:17,False,10000,115,0.0,0,0.48,0.2,0.3,0,0.5,10,9.5,10,rrt_20260807_050317_420.png
20260807_050319_671,2026-08-07 05:03:19,False,10000,132,0.0,0,0.48,0.2,0.3,0,0.5,10,9.5,10,rrt_20260807_050319_671.png
20260807_050321_494,2026-08-07 05:03:21,False,10000,107,0.0,0,0.48,0.2,0.3,0,0.5,10,9.5,10,rrt_20260807_050321_494.png
20260807_050322_837,2026-08-07 05:03:22,True,6594,110,19.517758921820658,42,0.48,0.2,0.3,0,0.5,10,9.5,10,rrt_20260807_050322_837.png
20260807_050324_613,2026-08-07 05:03:24,False,10000,102,0.0,0,0.48,0.2,0.3,0,0.5,10,9.5,10,rrt_20260807_050324_613.png
20260807_050326_492,2026-08-07 05:03:26,False,10000,112,0.0,0,0.48,0.2,0.3,0,0.5,10,9.5,10,rrt_20260807_050326_492.png
20260807_050328_263,2026-08-07 05:03:28,False,10000,115,0.0,0,0.48,0.2,0.3,0,0.5,10,9.5,10,rrt_20260807_050328_263.png
20260807_050329_113,2026-08-07 05:03:29,True,1959,104,17.760000000000005,38,0.48,0.2,0.3,0,0.5,10,9.5,10,rrt_20260807_050329_113.png
20260807_050331_073,2026-08-07 05:03:31,False,10000,126,0.0,0,0.48,0.2,0.3,0,0.5,10,9.5,10,rrt_20260807_050331_073.png
20260807_050332_645,2026-08-07 05:03:32,False,10000,82,0.0,0,0.48,0.2,0.3,0,0.5,10,9.5,10,rrt_20260807_050332_645.png
20260807_050334_367,2026-08-07 05:03:34,False,10000,91,0.0,0,0.48,0.2,0.3,0,0.5,10,9.5,10,rrt_20260807_050334_367.png
20260807_050336_075,2026-08-07 05:03:36,True,9573,109,18.240000000000006,39,0.48,0.2,0.3,0,0.5,10,9.5,10,rrt_20260807_050336_075.png
20260807_050338_142,2026-08-07 05:03:38,False,10000,114,0.0,0,0.48,0.2,0.3,0,0.5,10,9.5,10,rrt_20260807_050338_142.png
20260807_050339_860,2026-08-07 05:03:39,True,8406,150,19.68000000000001,42,0.48,0.2,0.3,0,0.5,10,9.5,10,rrt_20260807_050339_860.png
20260807_050340_799,2026-08-07 05:03:40,True,3827,136,18.72000000000001,40,0.48,0.2,0.3,0,0.5,10,9.5,10,rrt_20260807_050340_799.png
20260807_050343_080,2026-08-07 05:03:43,False,10000,143,0.0,0,0.48,0.2,0.3,0,0.5,10,9.5,10,rrt_20260807_050343_080.png
20260807_050345_199,2026-08-07 05:03:45,False,10000,118,0.0,0,0.48,0.2,0.3,0,0.5,10,9.5,10,rrt_20260807_050345_199.png
20260807_050345_831,2026-08-07 05:03:45,True,937,78,18.72000000000001,40,0.48,0.2,0.3,0,0.5,10,9.5,10,rrt_20260807_050345_831.png
20260807_050347_368,2026-08-07 05:03:47,True,8302,120,17.760000000000005,38,0.48,0.2,0.3,0,0.5,10,9.5,10,rrt_20260807_050347_368.png
20260807_050348_287,2026-08-07 05:03:48,True,4736,107,18.720000000000006,40,0.48,0.2,0.3,0,0.5,10,9.5,10,rrt_20260807_050348_287.png
20260807_050349_497,2026-08-07 05:03:49,False,10000,55,0.0,0,0.48,0.2,0.3,0,0.5,10,9.5,10,rrt_20260807_050349_497.png
20260807_050351_684,2026-08-07 05:03:51,False,10000,159,0.0,0,0.48,0.2,0.3,0,0.5,10,9.5,10,rrt_20260807_050351_684.png
20260807_050352_385,2026-08-07 05:03:52,True,2690,88,17.760000000000005,38,0.48,0.2,0.3,0,0.5,10,9.5,10,rrt_20260807_050352_385.png
20260807_050353_712,2026-08-07 05:03:53,True,5462,134,16.800000000000004,36,0.48,0.2,0.3,0,0.5,10,9.5,10,rrt_20260807_050353_712.png
20260807_050355_603,2026-08-07 05:03:55,False,10000,117,0.0,0,0.48,0.2,0.3,0,0.5,10,9.5,10,rrt_20260807_050355_603.png
20260807_050356_874,2026-08-07 05:03:56,True,3994,136,18.118652724449085,39,0.48,0.2,0.3,0,0.5,10,9.5,10,rrt_20260807_050356_874.png
20260807_050358_784,2026-08-07 05:03:58,False,10000,89,0.0,0,0.48,0.2,0.3,0,0.5,10,9.5,10,rrt_20260807_050358_784.png
20260807_050400_551,2026-08-07 05:04:00,False,10000,103,0.0,0,0.48,0.2,0.3,0,0.5,10,9.5,10,rrt_20260807_050400_551.png
20260807_050401_743,2026-08-07 05:04:01,False,10000,55,0.0,0,0.48,0.2,0.3,0,0.5,10,9.5,10,rrt_20260807_050401_743.png
20260807_050403_294,2026-08-07 05:04:03,False,10000,82,0.0,0,0.48,0.2,0.3,0,0.5,10,9.5,10,rrt_20260807_050403_294.png
20260807_050405_045,2026-08-07 05:04:05,False,10000,110,0.0,0,0.48,0.2,0.3,0,0.5,10,9.5,10,rrt_20260807_050405_045.png
20260807_050405_559,2026-08-07 05:04:05,True,447,55,17.76,38,0.48,0.2,0.3,0,0.5,10,9.5,10,rrt_20260807_050405_559.png
20260807_050407_221,2026-08-07 05:04:07,False,10000,105,0.0,0,0.48,0.2,0.3,0,0.5,10,9.5,10,rrt_20260807_050407_221.png
20260807_050409_041,2026-08-07 05:04:09,True,6517,150,18.72000000000001,40,0.48,0.2,0.3,0,0.5,10,9.5,10,rrt_20260807_050409_041.png
20260807_050410_998,2026-08-07 05:04:10,False,10000,116,0.0,0,0.48,0.2,0.3,0,0.5,10,9.5,10,rrt_20260807_050410_998.png
20260807_050413_029,2026-08-07 05:04:13,False,10000,123,0.0,0,0.48,0.2,0.3,0,0.5,10,9.5,10,rrt_20260807_050413_029.png
20260807_050414_346,2026-08-07 05:04:14,True,6949,119,17.76000000000001,38,0.48,0.2,0.3,0,0.5,10,9.5,10,rrt_20260807_050414_346.png
20260807_050416_205,2026-08-07 05:04:16,False,10000,108,0.0,0,0.48,0.2,0.3,0,0.5,10,9.5,10,rrt_20260807_050416_205.png
20260807_050418_193,2026-08-07 05:04:18,False,10000,125,0.0,0,0.48,0.2,0.3,0,0.5,10,9.5,10,rrt_20260807_050418_193.png
20260807_050420_011,2026-08-07 05:04:20,False,10000,90,0.0,0,0.48,0.2,0.3,0,0.5,10,9.5,10,rrt_20260807_050420_011.png
20260807_050420_719,2026-08-07 05:04:20,True,2886,87,16.32,35,0.48,0.2,0.3,0,0.5,10,9.5,10,rrt_20260807_050420_719.png
20260807_050422_116,2026-08-07 05:04:22,True,9027,97,19.622614445623963,42,0.48,0.2,0.3,0,0.5,10,9.5,10,rrt_20260807_050422_116.png
20260807_050424_392,2026-08-07 05:04:24,False,10000,126,0.0,0,0.48,0.2,0.3,0,0.5,10,9.5,10,rrt_20260807_050424_392.png
20260807_050425_444,2026-08-07 05:04:25,True,5005,106,17.760000000000005,38,0.48,0.2,0.3,0,0.5,10,9.5,10,rrt_20260807_050425_444.png
20260807_050427_181,2026-08-07 05:04:27,False,10000,101,0.0,0,0.48,0.2,0.3,0,0.5,10,9.5,10,rrt_20260807_050427_181.png
20260807_050428_541,2026-08-07 05:04:28,False,10000,77,0.0,0,0.48,0.2,0.3,0,0.5,10,9.5,10,rrt_20260807_050428_541.png
20260807_050430_805,2026-08-07 05:04:30,False,10000,125,0.0,0,0.48,0.2,0.3,0,0.5,10,9.5,10,rrt_20260807_050430_805.png
20260807_050432_600,2026-08-07 05:04:32,False,10000,118,0.0,0,0.48,0.2,0.3,0,0.5,10,9.5,10,rrt_20260807_050432_600.png
20260807_050434_858,2026-08-07 05:04:34,False,10000,114,0.0,0,0.48,0.2,0.3,0,0.5,10,9.5,10,rrt_20260807_050434_858.png
20260807_050436_681,2026-08-07 05:04:36,False,10000,98,0.0,0,0.48,0.3,0.3,0,0.5,10,9.5,10,rrt_20260807_050436_681.png
20260807_050438_286,2026-08-07 05:04:38,False,10000,84,0.0,0,0.48,0.3,0.3,0,0.5,10,9.5,10,rrt_20260807_050438_286.png
20260807_050440_447,2026-08-07 05:04:40,False,10000,94,0.0,0,0.48,0.3,0.3,0,0.5,10,9.5,10,rrt_20260807_050440_447.png
20260807_050441_177,2026-08-07 05:04:41,True,2276,128,19.20000000000001,41,0.48,0.3,0.3,0,0.5,10,9.5,10,rrt_20260807_050441_177.png
20260807_050443_339,2026-08-07 05:04:43,False,10000,125,0.0,0,0.48,0.3,0.3,0,0.5,10,9.5,10,rrt_20260807_050443_339.png
20260807_050443_923,2026-08-07 05:04:43,True,930,84,17.76000000000001,38,0.48,0.3,0.3,0,0.5,10,9.5,10,rrt_20260807_050443_923.png
20260807_050445_066,2026-08-07 05:04:45,False,10000,56,0.0,0,0.48,0.3,0.3,0,0.5,10,9.5,10,rrt_20260807_050445_066.png
20260807_050446_681,2026-08-07 05:04:46,False,10000,82,0.0,0,0.48,0.3,0.3,0,0.5,10,9.5,10,rrt_20260807_050446_681.png
20260807_050448_422,2026-08-07 05:04:48,False,10000,104,0.0,0,0.48,0.3,0.3,0,0.5,10,9.5,10,rrt_20260807_050448_422.png
20260807_050449_821,2026-08-07 05:04:49,False,10000,72,0.0,0,0.48,0.3,0.3,0,0.5,10,9.5,10,rrt_20260807_050449_821.png
20260807_050451_729,2026-08-07 05:04:51,False,10000,117,0.0,0,0.48,0.3,0.3,0,0.5,10,9.5,10,rrt_20260807_050451_729.png
20260807_050453_901,2026-08-07 05:04:53,False,10000,117,0.0,0,0.48,0.3,0.3,0,0.5,10,9.5,10,rrt_20260807_050453_901.png
20260807_050455_761,2026-08-07 05:04:55,False,10000,84,0.0,0,0.48,0.3,0.3,0,0.5,10,9.5,10,rrt_20260807_050455_761.png
20260807_050457_041,2026-08-07 05:04:57,True,4929,139,19.680000000000007,42,0.48,0.3,0.3,0,0.5,10,9.5,10,rrt_20260807_050457_041.png
20260807_050458_704,2026-08-07 05:04:58,False,10000,97,0.0,0,0.48,0.3,0.3,0,0.5,10,9.5,10,rrt_20260807_050458_704.png
20260807_050459_250,2026-08-07 05:04:59,True,951,77,19.20000000000001,41,0.48,0.3,0.3,0,0.5,10,9.5,10,rrt_20260807_050459_250.png
20260807_050501_190,2026-08-07 05:05:01,False,10000,95,0.0,0,0.48,0.3,0.3,0,0.5,10,9.5,10,rrt_20260807_050501_190.png
20260807_050503_020,2026-08-07 05:05:03,False,10000,86,0.0,0,0.48,0.3,0.3,0,0.5,10,9.5,10,rrt_20260807_050503_020.png
20260807_050505_114,2026-08-07 05:05:05,False,10000,112,0.0,0,0.48,0.3,0.3,0,0.5,10,9.5,10,rrt_20260807_050505_114.png
20260807_050507_219,2026-08-07 05:05:07,False,10000,133,0.0,0,0.48,0.3,0.3,0,0.5,10,9.5,10,rrt_20260807_050507_219.png
20260807_050508_822,2026-08-07 05:05:08,False,10000,57,0.0,0,0.48,0.3,0.3,0,0.5,10,9.5,10,rrt_20260807_050508_822.png
20260807_050510_817,2026-08-07 05:05:10,False,10000,120,0.0,0,0.48,0.3,0.3,0,0.5,10,9.5,10,rrt_20260807_050510_817.png
20260807_050511_513,2026-08-07 05:05:11,True,827,98,17.28000000000001,37,0.48,0.3,0.3,0,0.5,10,9.5,10,rrt_20260807_050511_513.png
20260807_050513_141,2026-08-07 05:05:13,False,10000,52,0.0,0,0.48,0.3,0.3,0,0.5,10,9.5,10,rrt_20260807_050513_141.png
20260807_050514_703,2026-08-07 05:05:14,False,10000,82,0.0,0,0.48,0.3,0.3,0,0.5,10,9.5,10,rrt_20260807_050514_703.png
20260807_050516_304,2026-08-07 05:05:16,False,10000,76,0.0,0,0.48,0.3,0.3,0,0.5,10,9.5,10,rrt_20260807_050516_304.png
20260807_050518_277,2026-08-07 05:05:18,False,10000,127,0.0,0,0.48,0.3,0.3,0,0.5,10,9.5,10,rrt_20260807_050518_277.png
20260807_050520_214,2026-08-07 05:05:20,False,10000,120,0.0,0,0.48,0.3,0.3,0,0.5,10,9.5,10,rrt_20260807_050520_214.png
20260807_050520_939,2026-08-07 05:05:20,True,1915,111,17.220987544553083,37,0.48,0.3,0.3,0,0.5,10,9.5,10,rrt_20260807_050520_939.png
20260807_050522_183,2026-08-07 05:05:22,True,4864,144,21.12000000000001,45,0.48,0.3,0.3,0,0.5,10,9.5,10,rrt_20260807_050522_183.png
20260807_050524_339,2026-08-07 05:05:24,False,10000,143,0.0,0,0.48,0.3,0.3,0,0.5,10,9.5,10,rrt_20260807_050524_339.png
20260807_050526_325,2026-08-07 05:05:26,False,10000,125,0.0,0,0.48,0.3,0.3,0,0.5,10,9.5,10,rrt_20260807_050526_325.png
20260807_050526_822,2026-08-07 05:05:26,True,848,75,19.05386605216051,41,0.48,0.3,0.3,0,0.5,10,9.5,10,rrt_20260807_050526_822.png
20260807_050527_349,2026-08-07 05:05:27,True,1448,97,19.200000000000006,41,0.48,0.3,0.3,0,0.5,10,9.5,10,rrt_20260807_050527_349.png
20260807_050528_746,2026-08-07 05:05:28,False,10000,56,0.0,0,0.48,0.3,0.3,0,0.5,10,9.5,10,rrt_20260807_050528_746.png
20260807_050530_516,2026-08-07 05:05:30,False,10000,100,0.0,0,0.48,0.3,0.3,0,0.5,10,9.5,10,rrt_20260807_050530_516.png
20260807_050531_838,2026-08-07 05:05:31,False,10000,56,0.0,0,0.48,0.3,0.3,0,0.5,10,9.5,10,rrt_20260807_050531_838.png
20260807_050533_202,2026-08-07 05:05:33,True,5788,150,20.160000000000004,43,0.48,0.3,0.3,0,0.5,10,9.5,10,rrt_20260807_050533_202.png
20260807_050535_164,2026-08-07 05:05:35,False,10000,102,0.0,0,0.48,0.3,0.3,0,0.5,10,9.5,10,rrt_20260807_050535_164.png
20260807_050536_960,2026-08-07 05:05:36,False,10000,112,0.0,0,0.48,0.3,0.3,0,0.5,10,9.5,10,rrt_20260807_050536_960.png
20260807_050537_510,2026-08-07 05:05:37,True,1172,94,20.160000000000007,43,0.48,0.3,0.3,0,0.5,10,9.5,10,rrt_20260807_050537_510.png
20260807_050538_883,2026-08-07 05:05:38,False,10000,48,0.0,0,0.48,0.3,0.3,0,0.5,10,9.5,10,rrt_20260807_050538_883.png
20260807_050540_990,2026-08-07 05:05:40,False,10000,111,0.0,0,0.48,0.3,0.3,0,0.5,10,9.5,10,rrt_20260807_050540_990.png
20260807_050541_888,2026-08-07 05:05:41,True,3055,114,17.63134386119603,38,0.48,0.3,0.3,0,0.5,10,9.5,10,rrt_20260807_050541_888.png
20260807_050542_507,2026-08-07 05:05:42,True,2429,95,19.200000000000006,41,0.48,0.3,0.3,0,0.5,10,9.5,10,rrt_20260807_050542_507.png
20260807_050544_414,2026-08-07 05:05:44,False,10000,118,0.0,0,0.48,0.3,0.3,0,0.5,10,9.5,10,rrt_20260807_050544_414.png
20260807_050544_979,2026-08-07 05:05:44,True,822,72,17.679746684398356,38,0.48,0.3,0.3,0,0.5,10,9.5,10,rrt_20260807_050544_979.png
20260807_050546_449,2026-08-07 05:05:46,False,10000,57,0.0,0,0.48,0.3,0.3,0,0.5,10,9.5,10,rrt_20260807_050546_449.png
20260807_050548_088,2026-08-07 05:05:48,False,10000,102,0.0,0,0.48,0.3,0.3,0,0.5,10,9.5,10,rrt_20260807_050548_088.png
20260807_050548_709,2026-08-07 05:05:48,True,2254,91,19.63655224199704,42,0.48,0.3,0.3,0,0.5,10,9.5,10,rrt_20260807_050548_709.png
20260807_050550_915,2026-08-07 05:05:50,False,10000,122,0.0,0,0.48,0.3,0.3,0,0.5,10,9.5,10,rrt_20260807_050550_915.png
20260807_050552_341,2026-08-07 05:05:52,False,10000,57,0.0,0,0.48,0.3,0.3,0,0.5,10,9.5,10,rrt_20260807_050552_341.png
20260807_050554_079,2026-08-07 05:05:54,False,10000,107,0.0,0,0.48,0.3,0.3,0,0.5,10,9.5,10,rrt_20260807_050554_079.png
20260807_050556_297,2026-08-07 05:05:56,False,10000,124,0.0,0,0.48,0.3,0.3,0,0.5,10,9.5,10,rrt_20260807_050556_297.png
20260807_050557_012,2026-08-07 05:05:57,True,1912,126,18.72000000000001,40,0.48,0.3,0.3,0,0.5,10,9.5,10,rrt_20260807_050557_012.png
20260807_050559_183,2026-08-07 05:05:59,False,10000,129,0.0,0,0.48,0.3,0.3,0,0.5,10,9.5,10,rrt_20260807_050559_183.png
20260807_050600_543,2026-08-07 05:06:00,False,10000,47,0.0,0,0.48,0.3,0.3,0,0.5,10,9.5,10,rrt_20260807_050600_543.png
20260807_050601_318,2026-08-07 05:06:01,True,405,66,16.800000000000004,36,0.48,0.3,0.3,0,0.5,10,9.5,10,rrt_20260807_050601_318.png
20260807_050603_264,2026-08-07 05:06:03,False,10000,114,0.0,0,0.48,0.3,0.3,0,0.5,10,9.5,10,rrt_20260807_050603_264.png
20260807_050605_568,2026-08-07 05:06:05,False,10000,142,0.0,0,0.48,0.3,0.3,0,0.5,10,9.5,10,rrt_20260807_050605_568.png
20260807_050607_468,2026-08-07 05:06:07,False,10000,112,0.0,0,0.48,0.3,0.3,0,0.5,10,9.5,10,rrt_20260807_050607_468.png
20260807_050608_781,2026-08-07 05:06:08,False,10000,44,0.0,0,0.48,0.3,0.3,0,0.5,10,9.5,10,rrt_20260807_050608_781.png
20260807_050610_965,2026-08-07 05:06:10,False,10000,120,0.0,0,0.48,0.3,0.3,0,0.5,10,9.5,10,rrt_20260807_050610_965.png
20260807_050611_540,2026-08-07 05:06:11,True,1377,88,18.60912831643186,40,0.48,0.3,0.3,0,0.5,10,9.5,10,rrt_20260807_050611_540.png
20260807_050612_950,2026-08-07 05:06:12,True,4564,171,17.76,38,0.48,0.3,0.3,0,0.5,10,9.5,10,rrt_20260807_050612_950.png
20260807_050613_430,2026-08-07 05:06:13,True,713,66,17.64777358583064,38,0.48,0.3,0.3,0,0.5,10,9.5,10,rrt_20260807_050613_430.png
20260807_050615_483,2026-08-07 05:06:15,False,10000,129,0.0,0,0.48,0.3,0.3,0,0.5,10,9.5,10,rrt_20260807_050615_483.png
20260807_050617_551,2026-08-07 05:06:17,False,10000,107,0.0,0,0.48,0.3,0.3,0,0.5,10,9.5,10,rrt_20260807_050617_551.png
20260807_050619_130,2026-08-07 05:06:19,False,10000,120,0.0,0,0.48,0.3,0.3,0,0.5,10,9.5,10,rrt_20260807_050619_130.png
20260807_050621_326,2026-08-07 05:06:21,False,10000,124,0.0,0,0.48,0.3,0.3,0,0.5,10,9.5,10,rrt_20260807_050621_326.png
20260807_050622_637,2026-08-07 05:06:22,False,10000,70,0.0,0,0.48,0.3,0.3,0,0.5,10,9.5,10,rrt_20260807_050622_637.png
20260807_050624_926,2026-08-07 05:06:24,False,10000,139,0.0,0,0.48,0.3,0.3,0,0.5,10,9.5,10,rrt_20260807_050624_926.png
20260807_050625_827,2026-08-07 05:06:25,True,2125,124,17.280000000000005,37,0.48,0.3,0.3,0,0.5,10,9.5,10,rrt_20260807_050625_827.png
20260807_050627_348,2026-08-07 05:06:27,False,10000,49,0.0,0,0.48,0.3,0.3,0,0.5,10,9.5,10,rrt_20260807_050627_348.png
20260807_050629_182,2026-08-07 05:06:29,False,10000,114,0.0,0,0.48,0.3,0.3,0,0.5,10,9.5,10,rrt_20260807_050629_182.png
20260807_050630_633,2026-08-07 05:06:30,False,10000,57,0.0,0,0.48,0.3,0.3,0,0.5,10,9.5,10,rrt_20260807_050630_633.png
20260807_050631_325,2026-08-07 05:06:31,True,2222,121,16.728002759716816,36,0.48,0.3,0.3,0,0.5,10,9.5,10,rrt_20260807_050631_325.png
20260807_050633_495,2026-08-07 05:06:33,False,10000,128,0.0,0,0.48,0.3,0.3,0,0.5,10,9.5,10,rrt_20260807_050633_495.png
20260807_050635_620,2026-08-07 05:06:35,False,10000,111,0.0,0,0.48,0.3,0.3,0,0.5,10,9.5,10,rrt_20260807_050635_620.png
20260807_050637_054,2026-08-07 05:06:37,False,10000,57,0.0,0,0.48,0.3,0.3,0,0.5,10,9.5,10,rrt_20260807_050637_054.png
20260807_050639_009,2026-08-07 05:06:39,False,10000,131,0.0,0,0.48,0.3,0.3,0,0.5,10,9.5,10,rrt_20260807_050639_009.png
20260807_050640_674,2026-08-07 05:06:40,False,10000,88,0.0,0,0.48,0.3,0.3,0,0.5,10,9.5,10,rrt_20260807_050640_674.png
20260807_050641_763,2026-08-07 05:06:41,True,3087,157,17.760000000000005,38,0.48,0.3,0.3,0,0.5,10,9.5,10,rrt_20260807_050641_763.png
20260807_050643_400,2026-08-07 05:06:43,False,10000,91,0.0,0,0.48,0.3,0.3,0,0.5,10,9.5,10,rrt_20260807_050643_400.png
20260807_050644_274,2026-08-07 05:06:44,True,2848,133,18.547284574442045,40,0.48,0.3,0.3,0,0.5,10,9.5,10,rrt_20260807_050644_274.png
20260807_050644_824,2026-08-07 05:06:44,True,1082,110,17.76000000000001,38,0.48,0.3,0.3,0,0.5,10,9.5,10,rrt_20260807_050644_824.png
20260807_050646_135,2026-08-07 05:06:46,False,10000,47,0.0,0,0.48,0.3,0.3,0,0.5,10,9.5,10,rrt_20260807_050646_135.png
20260807_050647_110,2026-08-07 05:06:47,True,2868,119,16.800000000000008,36,0.48,0.3,0.3,0,0.5,10,9.5,10,rrt_20260807_050647_110.png
20260807_050649_019,2026-08-07 05:06:49,False,10000,124,0.0,0,0.48,0.3,0.3,0,0.5,10,9.5,10,rrt_20260807_050649_019.png
20260807_050650_234,2026-08-07 05:06:50,True,4751,120,16.8,36,0.48,0.3,0.3,0,0.5,10,9.5,10,rrt_20260807_050650_234.png
20260807_050650_825,2026-08-07 05:06:50,True,1476,101,18.24,39,0.48,0.3,0.3,0,0.5,10,9.5,10,rrt_20260807_050650_825.png
20260807_050652_341,2026-08-07 05:06:52,True,5283,147,17.760000000000005,38,0.48,0.3,0.3,0,0.5,10,9.5,10,rrt_20260807_050652_341.png
20260807_050654_584,2026-08-07 05:06:54,False,10000,154,0.0,0,0.48,0.3,0.3,0,0.5,10,9.5,10,rrt_20260807_050654_584.png
20260807_050656_351,2026-08-07 05:06:56,False,10000,105,0.0,0,0.48,0.3,0.3,0,0.5,10,9.5,10,rrt_20260807_050656_351.png
20260807_050657_047,2026-08-07 05:06:57,True,2109,106,18.72,40,0.48,0.3,0.3,0,0.5,10,9.5,10,rrt_20260807_050657_047.png
20260807_050659_548,2026-08-07 05:06:59,False,10000,184,0.0,0,0.48,0.3,0.3,0,0.5,10,9.5,10,rrt_20260807_050659_548.png
20260807_050701_940,2026-08-07 05:07:01,False,10000,114,0.0,0,0.48,0.3,0.3,0,0.5,10,9.5,10,rrt_20260807_050701_940.png
20260807_050703_239,2026-08-07 05:07:03,False,10000,47,0.0,0,0.48,0.3,0.3,0,0.5,10,9.5,10,rrt_20260807_050703_239.png
20260807_050704_166,2026-08-07 05:07:04,True,3243,150,17.28000000000001,37,0.48,0.3,0.3,0,0.5,10,9.5,10,rrt_20260807_050704_166.png
20260807_050705_878,2026-08-07 05:07:05,False,10000,94,0.0,0,0.48,0.3,0.3,0,0.5,10,9.5,10,rrt_20260807_050705_878.png
20260807_050706_625,2026-08-07 05:07:06,True,1072,102,17.760000000000005,38,0.48,0.4,0.3,0,0.5,10,9.5,10,rrt_20260807_050706_625.png
20260807_050708_973,2026-08-07 05:07:08,False,10000,158,0.0,0,0.48,0.4,0.3,0,0.5,10,9.5,10,rrt_20260807_050708_973.png
20260807_050710_907,2026-08-07 05:07:10,False,10000,110,0.0,0,0.48,0.4,0.3,0,0.5,10,9.5,10,rrt_20260807_050710_907.png
20260807_050712_492,2026-08-07 05:07:12,False,10000,70,0.0,0,0.48,0.4,0.3,0,0.5,10,9.5,10,rrt_20260807_050712_492.png
20260807_050712_990,2026-08-07 05:07:12,True,774,84,17.260350692041595,37,0.48,0.4,0.3,0,0.5,10,9.5,10,rrt_20260807_050712_990.png
20260807_050714_932,2026-08-07 05:07:14,False,10000,105,0.0,0,0.48,0.4,0.3,0,0.5,10,9.5,10,rrt_20260807_050714_932.png
20260807_050717_010,2026-08-07 05:07:17,False,10000,130,0.0,0,0.48,0.4,0.3,0,0.5,10,9.5,10,rrt_20260807_050717_010.png
20260807_050718_880,2026-08-07 05:07:18,False,10000,89,0.0,0,0.48,0.4,0.3,0,0.5,10,9.5,10,rrt_20260807_050718_880.png
20260807_050721_054,2026-08-07 05:07:21,False,10000,124,0.0,0,0.48,0.4,0.3,0,0.5,10,9.5,10,rrt_20260807_050721_054.png
20260807_050723_284,2026-08-07 05:07:23,False,10000,115,0.0,0,0.48,0.4,0.3,0,0.5,10,9.5,10,rrt_20260807_050723_284.png
20260807_050723_974,2026-08-07 05:07:23,True,1836,132,17.28000000000001,37,0.48,0.4,0.3,0,0.5,10,9.5,10,rrt_20260807_050723_974.png
20260807_050725_967,2026-08-07 05:07:25,False,10000,117,0.0,0,0.48,0.4,0.3,0,0.5,10,9.5,10,rrt_20260807_050725_967.png
20260807_050727_703,2026-08-07 05:07:27,False,10000,96,0.0,0,0.48,0.4,0.3,0,0.5,10,9.5,10,rrt_20260807_050727_703.png
20260807_050729_125,2026-08-07 05:07:29,False,10000,58,0.0,0,0.48,0.4,0.3,0,0.5,10,9.5,10,rrt_20260807_050729_125.png
20260807_050730_038,2026-08-07 05:07:30,True,3070,128,18.24000000000001,39,0.48,0.4,0.3,0,0.5,10,9.5,10,rrt_20260807_050730_038.png
20260807_050732_005,2026-08-07 05:07:32,False,10000,122,0.0,0,0.48,0.4,0.3,0,0.5,10,9.5,10,rrt_20260807_050732_005.png
20260807_050734_113,2026-08-07 05:07:34,False,10000,129,0.0,0,0.48,0.4,0.3,0,0.5,10,9.5,10,rrt_20260807_050734_113.png
20260807_050735_234,2026-08-07 05:07:35,True,3150,140,17.12209465856005,37,0.48,0.4,0.3,0,0.5,10,9.5,10,rrt_20260807_050735_234.png
20260807_050736_102,2026-08-07 05:07:36,True,3217,114,19.20000000000001,41,0.48,0.4,0.3,0,0.5,10,9.5,10,rrt_20260807_050736_102.png
20260807_050738_000,2026-08-07 05:07:38,False,10000,115,0.0,0,0.48,0.4,0.3,0,0.5,10,9.5,10,rrt_20260807_050738_000.png
20260807_050739_849,2026-08-07 05:07:39,False,10000,101,0.0,0,0.48,0.4,0.3,0,0.5,10,9.5,10,rrt_20260807_050739_849.png
20260807_050740_503,2026-08-07 05:07:40,True,1684,116,17.28000000000001,37,0.48,0.4,0.3,0,0.5,10,9.5,10,rrt_20260807_050740_503.png
20260807_050742_614,2026-08-07 05:07:42,False,10000,119,0.0,0,0.48,0.4,0.3,0,0.5,10,9.5,10,rrt_20260807_050742_614.png
20260807_050743_507,2026-08-07 05:07:43,True,3414,119,19.680000000000007,42,0.48,0.4,0.3,0,0.5,10,9.5,10,rrt_20260807_050743_507.png
20260807_050744_152,2026-08-07 05:07:44,True,1972,107,17.76000000000001,38,0.48,0.4,0.3,0,0.5,10,9.5,10,rrt_20260807_050744_152.png
20260807_050744_799,2026-08-07 05:07:44,True,1747,126,17.760000000000005,38,0.48,0.4,0.3,0,0.5,10,9.5,10,rrt_20260807_050744_799.png
20260807_050747_043,2026-08-07 05:07:47,False,10000,118,0.0,0,0.48,0.4,0.3,0,0.5,10,9.5,10,rrt_20260807_050747_043.png
20260807_050748_804,2026-08-07 05:07:48,False,10000,91,0.0,0,0.48,0.4,0.3,0,0.5,10,9.5,10,rrt_20260807_050748_804.png
20260807_050751_053,2026-08-07 05:07:51,False,10000,150,0.0,0,0.48,0.4,0.3,0,0.5,10,9.5,10,rrt_20260807_050751_053.png
20260807_050753_138,2026-08-07 05:07:53,False,10000,110,0.0,0,0.48,0.4,0.3,0,0.5,10,9.5,10,rrt_20260807_050753_138.png
20260807_050755_228,2026-08-07 05:07:55,False,10000,133,0.0,0,0.48,0.4,0.3,0,0.5,10,9.5,10,rrt_20260807_050755_228.png
20260807_050757_167,2026-08-07 05:07:57,False,10000,97,0.0,0,0.48,0.4,0.3,0,0.5,10,9.5,10,rrt_20260807_050757_167.png
20260807_050759_013,2026-08-07 05:07:59,False,10000,106,0.0,0,0.48,0.4,0.3,0,0.5,10,9.5,10,rrt_20260807_050759_013.png
20260807_050800_328,2026-08-07 05:08:00,True,5502,126,22.56000000000001,48,0.48,0.4,0.3,0,0.5,10,9.5,10,rrt_20260807_050800_328.png
20260807_050800_791,2026-08-07 05:08:00,True,298,63,16.800000000000004,36,0.48,0.4,0.3,0,0.5,10,9.5,10,rrt_20260807_050800_791.png
20260807_050802_450,2026-08-07 05:08:02,False,10000,75,0.0,0,0.48,0.4,0.3,0,0.5,10,9.5,10,rrt_20260807_050802_450.png
20260807_050804_361,2026-08-07 05:08:04,False,10000,97,0.0,0,0.48,0.4,0.3,0,0.5,10,9.5,10,rrt_20260807_050804_361.png
20260807_050805_081,2026-08-07 05:08:05,True,1892,132,16.32,35,0.48,0.4,0.3,0,0.5,10,9.5,10,rrt_20260807_050805_081.png
20260807_050806_204,2026-08-07 05:08:06,False,10000,47,0.0,0,0.48,0.4,0.3,0,0.5,10,9.5,10,rrt_20260807_050806_204.png
20260807_050808_566,2026-08-07 05:08:08,False,10000,140,0.0,0,0.48,0.4,0.3,0,0.5,10,9.5,10,rrt_20260807_050808_566.png
20260807_050810_985,2026-08-07 05:08:10,False,10000,137,0.0,0,0.48,0.4,0.3,0,0.5,10,9.5,10,rrt_20260807_050810_985.png
20260807_050812_896,2026-08-07 05:08:12,False,10000,92,0.0,0,0.48,0.4,0.3,0,0.5,10,9.5,10,rrt_20260807_050812_896.png
20260807_050814_736,2026-08-07 05:08:14,False,10000,108,0.0,0,0.48,0.4,0.3,0,0.5,10,9.5,10,rrt_20260807_050814_736.png
20260807_050815_331,2026-08-07 05:08:15,True,1267,114,17.760000000000005,38,0.48,0.4,0.3,0,0.5,10,9.5,10,rrt_20260807_050815_331.png
20260807_050817_381,2026-08-07 05:08:17,False,10000,97,0.0,0,0.48,0.4,0.3,0,0.5,10,9.5,10,rrt_20260807_050817_381.png
20260807_050818_092,2026-08-07 05:08:18,True,819,110,17.21673481220456,37,0.48,0.4,0.3,0,0.5,10,9.5,10,rrt_20260807_050818_092.png
20260807_050819_962,2026-08-07 05:08:19,False,10000,116,0.0,0,0.48,0.4,0.3,0,0.5,10,9.5,10,rrt_20260807_050819_962.png
20260807_050820_454,2026-08-07 05:08:20,True,506,84,17.140807009849706,37,0.48,0.4,0.3,0,0.5,10,9.5,10,rrt_20260807_050820_454.png
20260807_050821_793,2026-08-07 05:08:21,False,10000,53,0.0,0,0.48,0.4,0.3,0,0.5,10,9.5,10,rrt_20260807_050821_793.png
20260807_050823_968,2026-08-07 05:08:23,False,10000,127,0.0,0,0.48,0.4,0.3,0,0.5,10,9.5,10,rrt_20260807_050823_968.png
20260807_050826_141,2026-08-07 05:08:26,False,10000,133,0.0,0,0.48,0.4,0.3,0,0.5,10,9.5,10,rrt_20260807_050826_141.png
20260807_050827_618,2026-08-07 05:08:27,False,10000,44,0.0,0,0.48,0.4,0.3,0,0.5,10,9.5,10,rrt_20260807_050827_618.png
20260807_050829_881,2026-08-07 05:08:29,False,10000,148,0.0,0,0.48,0.4,0.3,0,0.5,10,9.5,10,rrt_20260807_050829_881.png
20260807_050830_826,2026-08-07 05:08:30,True,2462,121,17.76,38,0.48,0.4,0.3,0,0.5,10,9.5,10,rrt_20260807_050830_826.png
20260807_050832_642,2026-08-07 05:08:32,False,10000,108,0.0,0,0.48,0.4,0.3,0,0.5,10,9.5,10,rrt_20260807_050832_642.png
20260807_050834_660,2026-08-07 05:08:34,False,10000,123,0.0,0,0.48,0.4,0.3,0,0.5,10,9.5,10,rrt_20260807_050834_660.png
20260807_050836_582,2026-08-07 05:08:36,False,10000,117,0.0,0,0.48,0.4,0.3,0,0.5,10,9.5,10,rrt_20260807_050836_582.png
20260807_050837_714,2026-08-07 05:08:37,False,10000,46,0.0,0,0.48,0.4,0.3,0,0.5,10,9.5,10,rrt_20260807_050837_714.png
20260807_050838_755,2026-08-07 05:08:38,True,4060,119,17.760000000000005,38,0.48,0.4,0.3,0,0.5,10,9.5,10,rrt_20260807_050838_755.png
20260807_050839_196,2026-08-07 05:08:39,True,164,48,17.28000000000001,37,0.48,0.4,0.3,0,0.5,10,9.5,10,rrt_20260807_050839_196.png
20260807_050841_317,2026-08-07 05:08:41,False,10000,134,0.0,0,0.48,0.4,0.3,0,0.5,10,9.5,10,rrt_20260807_050841_317.png
20260807_050843_255,2026-08-07 05:08:43,False,10000,124,0.0,0,0.48,0.4,0.3,0,0.5,10,9.5,10,rrt_20260807_050843_255.png
20260807_050844_084,2026-08-07 05:08:44,True,1643,112,17.760000000000005,38,0.48,0.4,0.3,0,0.5,10,9.5,10,rrt_20260807_050844_084.png
20260807_050844_726,2026-08-07 05:08:44,True,1935,117,17.726694958194773,38,0.48,0.4,0.3,0,0.5,10,9.5,10,rrt_20260807_050844_726.png
20260807_050847_051,2026-08-07 05:08:47,False,10000,156,0.0,0,0.48,0.4,0.3,0,0.5,10,9.5,10,rrt_20260807_050847_051.png
20260807_050848_193,2026-08-07 05:08:48,False,10000,48,0.0,0,0.48,0.4,0.3,0,0.5,10,9.5,10,rrt_20260807_050848_193.png
20260807_050848_762,2026-08-07 05:08:48,True,1034,135,16.800000000000004,36,0.48,0.4,0.3,0,0.5,10,9.5,10,rrt_20260807_050848_762.png
20260807_050849_304,2026-08-07 05:08:49,True,1679,97,18.72000000000001,40,0.48,0.4,0.3,0,0.5,10,9.5,10,rrt_20260807_050849_304.png
20260807_050851_194,2026-08-07 05:08:51,False,10000,106,0.0,0,0.48,0.4,0.3,0,0.5,10,9.5,10,rrt_20260807_050851_194.png
20260807_050852_971,2026-08-07 05:08:52,False,10000,88,0.0,0,0.48,0.4,0.3,0,0.5,10,9.5,10,rrt_20260807_050852_971.png
20260807_050854_894,2026-08-07 05:08:54,False,10000,113,0.0,0,0.48,0.4,0.3,0,0.5,10,9.5,10,rrt_20260807_050854_894.png
20260807_050857_019,2026-08-07 05:08:57,False,10000,98,0.0,0,0.48,0.4,0.3,0,0.5,10,9.5,10,rrt_20260807_050857_019.png
20260807_050857_506,2026-08-07 05:08:57,True,381,82,17.253632431884544,37,0.48,0.4,0.3,0,0.5,10,9.5,10,rrt_20260807_050857_506.png
20260807_050858_343,2026-08-07 05:08:58,True,2926,126,20.160000000000007,43,0.48,0.4,0.3,0,0.5,10,9.5,10,rrt_20260807_050858_343.png
20260807_050859_806,2026-08-07 05:08:59,False,10000,74,0.0,0,0.48,0.4,0.3,0,0.5,10,9.5,10,rrt_20260807_050859_806.png
20260807_050900_715,2026-08-07 05:09:00,True,2961,123,17.76000000000001,38,0.48,0.4,0.3,0,0.5,10,9.5,10,rrt_20260807_050900_715.png
20260807_050901_883,2026-08-07 05:09:01,True,4236,168,20.160000000000004,43,0.48,0.4,0.3,0,0.5,10,9.5,10,rrt_20260807_050901_883.png
20260807_050902_388,2026-08-07 05:09:02,True,989,77,16.67899688607703,36,0.48,0.4,0.3,0,0.5,10,9.5,10,rrt_20260807_050902_388.png
20260807_050903_046,2026-08-07 05:09:03,True,2254,111,16.320000000000004,35,0.48,0.4,0.3,0,0.5,10,9.5,10,rrt_20260807_050903_046.png
20260807_050904_839,2026-08-07 05:09:04,False,10000,105,0.0,0,0.48,0.4,0.3,0,0.5,10,9.5,10,rrt_20260807_050904_839.png
20260807_050905_777,2026-08-07 05:09:05,True,1728,141,18.690651539626547,40,0.48,0.4,0.3,0,0.5,10,9.5,10,rrt_20260807_050905_777.png
20260807_050906_224,2026-08-07 05:09:06,True,376,72,17.28,37,0.48,0.4,0.3,0,0.5,10,9.5,10,rrt_20260807_050906_224.png
20260807_050908_435,2026-08-07 05:09:08,False,10000,155,0.0,0,0.48,0.4,0.3,0,0.5,10,9.5,10,rrt_20260807_050908_435.png
20260807_050908_939,2026-08-07 05:09:08,True,369,70,15.840000000000003,34,0.48,0.4,0.3,0,0.5,10,9.5,10,rrt_20260807_050908_939.png
20260807_050910_943,2026-08-07 05:09:10,False,10000,116,0.0,0,0.48,0.4,0.3,0,0.5,10,9.5,10,rrt_20260807_050910_943.png
20260807_050911_417,2026-08-07 05:09:11,True,321,64,17.15286585330483,37,0.48,0.4,0.3,0,0.5,10,9.5,10,rrt_20260807_050911_417.png
20260807_050913_714,2026-08-07 05:09:13,False,10000,163,0.0,0,0.48,0.4,0.3,0,0.5,10,9.5,10,rrt_20260807_050913_714.png
20260807_050914_616,2026-08-07 05:09:14,True,1111,133,19.680000000000007,42,0.48,0.4,0.3,0,0.5,10,9.5,10,rrt_20260807_050914_616.png
20260807_050915_387,2026-08-07 05:09:15,True,512,75,18.72000000000001,40,0.48,0.4,0.3,0,0.5,10,9.5,10,rrt_20260807_050915_387.png
20260807_050916_653,2026-08-07 05:09:16,False,10000,55,0.0,0,0.48,0.4,0.3,0,0.5,10,9.5,10,rrt_20260807_050916_653.png
20260807_050918_502,2026-08-07 05:09:18,False,10000,102,0.0,0,0.48,0.4,0.3,0,0.5,10,9.5,10,rrt_20260807_050918_502.png
20260807_050919_915,2026-08-07 05:09:19,False,10000,71,0.0,0,0.48,0.4,0.3,0,0.5,10,9.5,10,rrt_20260807_050919_915.png
20260807_050921_909,2026-08-07 05:09:21,False,10000,121,0.0,0,0.48,0.4,0.3,0,0.5,10,9.5,10,rrt_20260807_050921_909.png
20260807_050923_993,2026-08-07 05:09:23,False,10000,115,0.0,0,0.48,0.4,0.3,0,0.5,10,9.5,10,rrt_20260807_050923_993.png
20260807_050926_166,2026-08-07 05:09:26,False,10000,124,0.0,0,0.48,0.4,0.3,0,0.5,10,9.5,10,rrt_20260807_050926_166.png
20260807_050928_121,2026-08-07 05:09:28,False,10000,106,0.0,0,0.48,0.4,0.3,0,0.5,10,9.5,10,rrt_20260807_050928_121.png
20260807_050930_116,2026-08-07 05:09:30,False,10000,117,0.0,0,0.48,0.4,0.3,0,0.5,10,9.5,10,rrt_20260807_050930_116.png
20260807_050930_809,2026-08-07 05:09:30,True,678,87,17.280000000000005,37,0.48,0.4,0.3,0,0.5,10,9.5,10,rrt_20260807_050930_809.png
20260807_050932_611,2026-08-07 05:09:32,False,10000,96,0.0,0,0.48,0.4,0.3,0,0.5,10,9.5,10,rrt_20260807_050932_611.png
20260807_050933_180,2026-08-07 05:09:33,True,1232,93,17.760000000000005,38,0.48,0.4,0.3,0,0.5,10,9.5,10,rrt_20260807_050933_180.png
20260807_050935_020,2026-08-07 05:09:35,False,10000,111,0.0,0,0.48,0.5,0.3,0,0.5,10,9.5,10,rrt_20260807_050935_020.png
20260807_050936_971,2026-08-07 05:09:36,False,10000,118,0.0,0,0.48,0.5,0.3,0,0.5,10,9.5,10,rrt_20260807_050936_971.png
20260807_050938_154,2026-08-07 05:09:38,False,10000,50,0.0,0,0.48,0.5,0.3,0,0.5,10,9.5,10,rrt_20260807_050938_154.png
20260807_050938_928,2026-08-07 05:09:38,True,2503,133,18.720000000000006,40,0.48,0.5,0.3,0,0.5,10,9.5,10,rrt_20260807_050938_928.png
20260807_050939_703,2026-08-07 05:09:39,True,1202,124,16.800000000000004,36,0.48,0.5,0.3,0,0.5,10,9.5,10,rrt_20260807_050939_703.png
20260807_050941_488,2026-08-07 05:09:41,False,10000,103,0.0,0,0.48,0.5,0.3,0,0.5,10,9.5,10,rrt_20260807_050941_488.png
20260807_050942_509,2026-08-07 05:09:42,True,2505,117,18.240000000000002,39,0.48,0.5,0.3,0,0.5,10,9.5,10,rrt_20260807_050942_509.png
20260807_050944_393,2026-08-07 05:09:44,False,10000,116,0.0,0,0.48,0.5,0.3,0,0.5,10,9.5,10,rrt_20260807_050944_393.png
20260807_050944_904,2026-08-07 05:09:44,True,412,79,17.28000000000001,37,0.48,0.5,0.3,0,0.5,10,9.5,10,rrt_20260807_050944_904.png
20260807_050945_500,2026-08-07 05:09:45,True,1453,119,19.200000000000006,41,0.48,0.5,0.3,0,0.5,10,9.5,10,rrt_20260807_050945_500.png
20260807_050947_631,2026-08-07 05:09:47,False,10000,120,0.0,0,0.48,0.5,0.3,0,0.5,10,9.5,10,rrt_20260807_050947_631.png
20260807_050949_857,2026-08-07 05:09:49,False,10000,141,0.0,0,0.48,0.5,0.3,0,0.5,10,9.5,10,rrt_20260807_050949_857.png
20260807_050951_790,2026-08-07 05:09:51,False,10000,115,0.0,0,0.48,0.5,0.3,0,0.5,10,9.5,10,rrt_20260807_050951_790.png
20260807_050952_413,2026-08-07 05:09:52,True,1212,133,17.76,38,0.48,0.5,0.3,0,0.5,10,9.5,10,rrt_20260807_050952_413.png
20260807_050954_668,2026-08-07 05:09:54,False,10000,138,0.0,0,0.48,0.5,0.3,0,0.5,10,9.5,10,rrt_20260807_050954_668.png
20260807_050955_676,2026-08-07 05:09:55,True,2259,152,18.720000000000002,40,0.48,0.5,0.3,0,0.5,10,9.5,10,rrt_20260807_050955_676.png
20260807_050956_109,2026-08-07 05:09:56,True,182,62,17.62163608705999,38,0.48,0.5,0.3,0,0.5,10,9.5,10,rrt_20260807_050956_109.png
20260807_050958_091,2026-08-07 05:09:58,False,10000,127,0.0,0,0.48,0.5,0.3,0,0.5,10,9.5,10,rrt_20260807_050958_091.png
20260807_050959_446,2026-08-07 05:09:59,False,10000,55,0.0,0,0.48,0.5,0.3,0,0.5,10,9.5,10,rrt_20260807_050959_446.png
20260807_051001_313,2026-08-07 05:10:01,False,10000,105,0.0,0,0.48,0.5,0.3,0,0.5,10,9.5,10,rrt_20260807_051001_313.png
20260807_051003_628,2026-08-07 05:10:03,False,10000,159,0.0,0,0.48,0.5,0.3,0,0.5,10,9.5,10,rrt_20260807_051003_628.png
20260807_051005_752,2026-08-07 05:10:05,False,10000,143,0.0,0,0.48,0.5,0.3,0,0.5,10,9.5,10,rrt_20260807_051005_752.png
20260807_051007_829,2026-08-07 05:10:07,False,10000,127,0.0,0,0.48,0.5,0.3,0,0.5,10,9.5,10,rrt_20260807_051007_829.png
20260807_051010_146,2026-08-07 05:10:10,False,10000,151,0.0,0,0.48,0.5,0.3,0,0.5,10,9.5,10,rrt_20260807_051010_146.png
20260807_051011_884,2026-08-07 05:10:11,True,4323,139,23.040000000000013,49,0.48,0.5,0.3,0,0.5,10,9.5,10,rrt_20260807_051011_884.png
20260807_051012_421,2026-08-07 05:10:12,True,930,93,18.112806056803727,39,0.48,0.5,0.3,0,0.5,10,9.5,10,rrt_20260807_051012_421.png
20260807_051014_244,2026-08-07 05:10:14,False,10000,107,0.0,0,0.48,0.5,0.3,0,0.5,10,9.5,10,rrt_20260807_051014_244.png
20260807_051016_155,2026-08-07 05:10:16,False,10000,109,0.0,0,0.48,0.5,0.3,0,0.5,10,9.5,10,rrt_20260807_051016_155.png
20260807_051017_993,2026-08-07 05:10:17,False,10000,120,0.0,0,0.48,0.5,0.3,0,0.5,10,9.5,10,rrt_20260807_051017_993.png
20260807_051018_938,2026-08-07 05:10:18,True,3112,143,19.680000000000007,42,0.48,0.5,0.3,0,0.5,10,9.5,10,rrt_20260807_051018_938.png
20260807_051021_128,2026-08-07 05:10:21,False,10000,125,0.0,0,0.48,0.5,0.3,0,0.5,10,9.5,10,rrt_20260807_051021_128.png
20260807_051021_612,2026-08-07 05:10:21,True,440,73,19.680000000000007,42,0.48,0.5,0.3,0,0.5,10,9.5,10,rrt_20260807_051021_612.png
20260807_051023_007,2026-08-07 05:10:23,False,10000,64,0.0,0,0.48,0.5,0.3,0,0.5,10,9.5,10,rrt_20260807_051023_007.png
20260807_051025_276,2026-08-07 05:10:25,False,10000,118,0.0,0,0.48,0.5,0.3,0,0.5,10,9.5,10,rrt_20260807_051025_276.png
20260807_051026_930,2026-08-07 05:10:26,False,10000,82,0.0,0,0.48,0.5,0.3,0,0.5,10,9.5,10,rrt_20260807_051026_930.png
20260807_051028_900,2026-08-07 05:10:28,False,10000,103,0.0,0,0.48,0.5,0.3,0,0.5,10,9.5,10,rrt_20260807_051028_900.png
20260807_051030_913,2026-08-07 05:10:30,False,10000,121,0.0,0,0.48,0.5,0.3,0,0.5,10,9.5,10,rrt_20260807_051030_913.png
20260807_051031_982,2026-08-07 05:10:31,True,3968,150,22.560000000000013,48,0.48,0.5,0.3,0,0.5,10,9.5,10,rrt_20260807_051031_982.png
20260807_051033_815,2026-08-07 05:10:33,False,10000,91,0.0,0,0.48,0.5,0.3,0,0.5,10,9.5,10,rrt_20260807_051033_815.png
20260807_051035_724,2026-08-07 05:10:35,False,10000,113,0.0,0,0.48,0.5,0.3,0,0.5,10,9.5,10,rrt_20260807_051035_724.png
20260807_051037_404,2026-08-07 05:10:37,False,10000,81,0.0,0,0.48,0.5,0.3,0,0.5,10,9.5,10,rrt_20260807_051037_404.png
20260807_051039_369,2026-08-07 05:10:39,False,10000,116,0.0,0,0.48,0.5,0.3,0,0.5,10,9.5,10,rrt_20260807_051039_369.png
20260807_051041_402,2026-08-07 05:10:41,False,10000,100,0.0,0,0.48,0.5,0.3,0,0.5,10,9.5,10,rrt_20260807_051041_402.png
20260807_051041_898,2026-08-07 05:10:41,True,296,67,17.760000000000005,38,0.48,0.5,0.3,0,0.5,10,9.5,10,rrt_20260807_051041_898.png
20260807_051043_791,2026-08-07 05:10:43,False,10000,114,0.0,0,0.48,0.5,0.3,0,0.5,10,9.5,10,rrt_20260807_051043_791.png
20260807_051044_546,2026-08-07 05:10:44,True,2327,119,18.24000000000001,39,0.48,0.5,0.3,0,0.5,10,9.5,10,rrt_20260807_051044_546.png
20260807_051046_899,2026-08-07 05:10:46,False,10000,139,0.0,0,0.48,0.5,0.3,0,0.5,10,9.5,10,rrt_20260807_051046_899.png
20260807_051047_394,2026-08-07 05:10:47,True,507,83,17.726434756986986,38,0.48,0.5,0.3,0,0.5,10,9.5,10,rrt_20260807_051047_394.png
20260807_051048_153,2026-08-07 05:10:48,True,2017,137,18.720000000000006,40,0.48,0.5,0.3,0,0.5,10,9.5,10,rrt_20260807_051048_153.png
20260807_051050_382,2026-08-07 05:10:50,False,10000,130,0.0,0,0.48,0.5,0.3,0,0.5,10,9.5,10,rrt_20260807_051050_382.png
20260807_051052_712,2026-08-07 05:10:52,False,10000,134,0.0,0,0.48,0.5,0.3,0,0.5,10,9.5,10,rrt_20260807_051052_712.png
20260807_051054_795,2026-08-07 05:10:54,False,10000,126,0.0,0,0.48,0.5,0.3,0,0.5,10,9.5,10,rrt_20260807_051054_795.png
20260807_051056_735,2026-08-07 05:10:56,False,10000,112,0.0,0,0.48,0.5,0.3,0,0.5,10,9.5,10,rrt_20260807_051056_735.png
20260807_051058_473,2026-08-07 05:10:58,False,10000,89,0.0,0,0.48,0.5,0.3,0,0.5,10,9.5,10,rrt_20260807_051058_473.png
20260807_051100_678,2026-08-07 05:11:00,False,10000,131,0.0,0,0.48,0.5,0.3,0,0.5,10,9.5,10,rrt_20260807_051100_678.png
20260807_051101_357,2026-08-07 05:11:01,True,1917,131,19.0361220291867,41,0.48,0.5,0.3,0,0.5,10,9.5,10,rrt_20260807_051101_357.png
20260807_051103_882,2026-08-07 05:11:03,False,10000,151,0.0,0,0.48,0.5,0.3,0,0.5,10,9.5,10,rrt_20260807_051103_882.png
20260807_051105_956,2026-08-07 05:11:05,False,10000,111,0.0,0,0.48,0.5,0.3,0,0.5,10,9.5,10,rrt_20260807_051105_956.png
20260807_051108_010,2026-08-07 05:11:08,False,10000,127,0.0,0,0.48,0.5,0.3,0,0.5,10,9.5,10,rrt_20260807_051108_010.png
20260807_051108_784,2026-08-07 05:11:08,True,178,60,16.67005005636401,36,0.48,0.5,0.3,0,0.5,10,9.5,10,rrt_20260807_051108_784.png
20260807_051111_011,2026-08-07 05:11:11,False,10000,141,0.0,0,0.48,0.5,0.3,0,0.5,10,9.5,10,rrt_20260807_051111_011.png
20260807_051112_875,2026-08-07 05:11:12,False,10000,87,0.0,0,0.48,0.5,0.3,0,0.5,10,9.5,10,rrt_20260807_051112_875.png
20260807_051114_797,2026-08-07 05:11:14,False,10000,108,0.0,0,0.48,0.5,0.3,0,0.5,10,9.5,10,rrt_20260807_051114_797.png
20260807_051115_494,2026-08-07 05:11:15,True,1327,100,18.720000000000006,40,0.48,0.5,0.3,0,0.5,10,9.5,10,rrt_20260807_051115_494.png
20260807_051116_224,2026-08-07 05:11:16,True,2461,119,20.640000000000008,44,0.48,0.5,0.3,0,0.5,10,9.5,10,rrt_20260807_051116_224.png
20260807_051118_061,2026-08-07 05:11:18,False,10000,108,0.0,0,0.48,0.5,0.3,0,0.5,10,9.5,10,rrt_20260807_051118_061.png
20260807_051119_972,2026-08-07 05:11:19,False,10000,119,0.0,0,0.48,0.5,0.3,0,0.5,10,9.5,10,rrt_20260807_051119_972.png
20260807_051121_816,2026-08-07 05:11:21,False,10000,102,0.0,0,0.48,0.5,0.3,0,0.5,10,9.5,10,rrt_20260807_051121_816.png
20260807_051123_978,2026-08-07 05:11:23,False,10000,119,0.0,0,0.48,0.5,0.3,0,0.5,10,9.5,10,rrt_20260807_051123_978.png
20260807_051126_279,2026-08-07 05:11:26,False,10000,153,0.0,0,0.48,0.5,0.3,0,0.5,10,9.5,10,rrt_20260807_051126_279.png
20260807_051128_252,2026-08-07 05:11:28,False,10000,106,0.0,0,0.48,0.5,0.3,0,0.5,10,9.5,10,rrt_20260807_051128_252.png
20260807_051129_445,2026-08-07 05:11:29,False,10000,50,0.0,0,0.48,0.5,0.3,0,0.5,10,9.5,10,rrt_20260807_051129_445.png
20260807_051131_831,2026-08-07 05:11:31,False,10000,146,0.0,0,0.48,0.5,0.3,0,0.5,10,9.5,10,rrt_20260807_051131_831.png
20260807_051134_296,2026-08-07 05:11:34,False,10000,172,0.0,0,0.48,0.5,0.3,0,0.5,10,9.5,10,rrt_20260807_051134_296.png
20260807_051136_251,2026-08-07 05:11:36,False,10000,116,0.0,0,0.48,0.5,0.3,0,0.5,10,9.5,10,rrt_20260807_051136_251.png
20260807_051138_071,2026-08-07 05:11:38,False,10000,90,0.0,0,0.48,0.5,0.3,0,0.5,10,9.5,10,rrt_20260807_051138_071.png
20260807_051139_966,2026-08-07 05:11:39,False,10000,115,0.0,0,0.48,0.5,0.3,0,0.5,10,9.5,10,rrt_20260807_051139_966.png
20260807_051142_479,2026-08-07 05:11:42,False,10000,122,0.0,0,0.48,0.5,0.3,0,0.5,10,9.5,10,rrt_20260807_051142_479.png
20260807_051144_659,2026-08-07 05:11:44,False,10000,137,0.0,0,0.48,0.5,0.3,0,0.5,10,9.5,10,rrt_20260807_051144_659.png
20260807_051146_896,2026-08-07 05:11:46,False,10000,138,0.0,0,0.48,0.5,0.3,0,0.5,10,9.5,10,rrt_20260807_051146_896.png
20260807_051149_196,2026-08-07 05:11:49,False,10000,131,0.0,0,0.48,0.5,0.3,0,0.5,10,9.5,10,rrt_20260807_051149_196.png
20260807_051150_988,2026-08-07 05:11:50,False,10000,101,0.0,0,0.48,0.5,0.3,0,0.5,10,9.5,10,rrt_20260807_051150_988.png
20260807_051151_479,2026-08-07 05:11:51,True,409,75,17.116602061119586,37,0.48,0.5,0.3,0,0.5,10,9.5,10,rrt_20260807_051151_479.png
20260807_051153_627,2026-08-07 05:11:53,False,10000,127,0.0,0,0.48,0.5,0.3,0,0.5,10,9.5,10,rrt_20260807_051153_627.png
20260807_051155_926,2026-08-07 05:11:55,False,10000,129,0.0,0,0.48,0.5,0.3,0,0.5,10,9.5,10,rrt_20260807_051155_926.png
20260807_051157_045,2026-08-07 05:11:57,True,4185,128,22.56000000000001,48,0.48,0.5,0.3,0,0.5,10,9.5,10,rrt_20260807_051157_045.png
20260807_051159_385,2026-08-07 05:11:59,False,10000,121,0.0,0,0.48,0.5,0.3,0,0.5,10,9.5,10,rrt_20260807_051159_385.png
20260807_051159_973,2026-08-07 05:11:59,True,1309,81,17.69440694068002,38,0.48,0.5,0.3,0,0.5,10,9.5,10,rrt_20260807_051159_973.png
20260807_051201_995,2026-08-07 05:12:01,False,10000,109,0.0,0,0.48,0.5,0.3,0,0.5,10,9.5,10,rrt_20260807_051201_995.png
20260807_051204_138,2026-08-07 05:12:04,False,10000,122,0.0,0,0.48,0.5,0.3,0,0.5,10,9.5,10,rrt_20260807_051204_138.png
20260807_051205_959,2026-08-07 05:12:05,False,10000,87,0.0,0,0.48,0.5,0.3,0,0.5,10,9.5,10,rrt_20260807_051205_959.png
20260807_051208_093,2026-08-07 05:12:08,False,10000,120,0.0,0,0.48,0.5,0.3,0,0.5,10,9.5,10,rrt_20260807_051208_093.png
20260807_051210_212,2026-08-07 05:12:10,False,10000,119,0.0,0,0.48,0.5,0.3,0,0.5,10,9.5,10,rrt_20260807_051210_212.png
20260807_051212_806,2026-08-07 05:12:12,False,10000,154,0.0,0,0.48,0.5,0.3,0,0.5,10,9.5,10,rrt_20260807_051212_806.png
20260807_051214_676,2026-08-07 05:12:14,False,10000,106,0.0,0,0.48,0.5,0.3,0,0.5,10,9.5,10,rrt_20260807_051214_676.png
20260807_051216_896,2026-08-07 05:12:16,False,10000,109,0.0,0,0.48,0.5,0.3,0,0.5,10,9.5,10,rrt_20260807_051216_896.png
20260807_051217_579,2026-08-07 05:12:17,True,1671,145,17.717777113537093,38,0.48,0.5,0.3,0,0.5,10,9.5,10,rrt_20260807_051217_579.png
20260807_051218_191,2026-08-07 05:12:18,True,453,72,16.800000000000008,36,0.48,0.5,0.3,0,0.5,10,9.5,10,rrt_20260807_051218_191.png
20260807_051220_211,2026-08-07 05:12:20,False,10000,112,0.0,0,0.48,0.5,0.3,0,0.5,10,9.5,10,rrt_20260807_051220_211.png
20260807_051220_715,2026-08-07 05:12:20,True,343,67,16.800000000000004,36,0.48,0.5,0.3,0,0.5,10,9.5,10,rrt_20260807_051220_715.png
20260807_051222_689,2026-08-07 05:12:22,False,10000,125,0.0,0,0.48,0.6,0.3,0,0.5,10,9.5,10,rrt_20260807_051222_689.png
20260807_051223_155,2026-08-07 05:12:23,True,241,64,16.673061666697787,36,0.48,0.6,0.3,0,0.5,10,9.5,10,rrt_20260807_051223_155.png
20260807_051223_749,2026-08-07 05:12:23,True,1335,129,17.760000000000005,38,0.48,0.6,0.3,0,0.5,10,9.5,10,rrt_20260807_051223_749.png
20260807_051225_723,2026-08-07 05:12:25,False,10000,119,0.0,0,0.48,0.6,0.3,0,0.5,10,9.5,10,rrt_20260807_051225_723.png
20260807_051227_867,2026-08-07 05:12:27,False,10000,115,0.0,0,0.48,0.6,0.3,0,0.5,10,9.5,10,rrt_20260807_051227_867.png
20260807_051229_929,2026-08-07 05:12:29,False,10000,113,0.0,0,0.48,0.6,0.3,0,0.5,10,9.5,10,rrt_20260807_051229_929.png
20260807_051232_392,2026-08-07 05:12:32,False,10000,160,0.0,0,0.48,0.6,0.3,0,0.5,10,9.5,10,rrt_20260807_051232_392.png
20260807_051234_320,2026-08-07 05:12:34,False,10000,103,0.0,0,0.48,0.6,0.3,0,0.5,10,9.5,10,rrt_20260807_051234_320.png
20260807_051236_280,2026-08-07 05:12:36,False,10000,116,0.0,0,0.48,0.6,0.3,0,0.5,10,9.5,10,rrt_20260807_051236_280.png
20260807_051238_152,2026-08-07 05:12:38,False,10000,109,0.0,0,0.48,0.6,0.3,0,0.5,10,9.5,10,rrt_20260807_051238_152.png
20260807_051240_426,2026-08-07 05:12:40,False,10000,134,0.0,0,0.48,0.6,0.3,0,0.5,10,9.5,10,rrt_20260807_051240_426.png
20260807_051242_045,2026-08-07 05:12:42,False,10000,76,0.0,0,0.48,0.6,0.3,0,0.5,10,9.5,10,rrt_20260807_051242_045.png
20260807_051243_925,2026-08-07 05:12:43,False,10000,107,0.0,0,0.48,0.6,0.3,0,0.5,10,9.5,10,rrt_20260807_051243_925.png
20260807_051245_455,2026-08-07 05:12:45,False,10000,58,0.0,0,0.48,0.6,0.3,0,0.5,10,9.5,10,rrt_20260807_051245_455.png
20260807_051246_198,2026-08-07 05:12:46,True,1013,118,21.120000000000008,45,0.48,0.6,0.3,0,0.5,10,9.5,10,rrt_20260807_051246_198.png
20260807_051248_300,2026-08-07 05:12:48,False,10000,118,0.0,0,0.48,0.6,0.3,0,0.5,10,9.5,10,rrt_20260807_051248_300.png
20260807_051250_159,2026-08-07 05:12:50,False,10000,106,0.0,0,0.48,0.6,0.3,0,0.5,10,9.5,10,rrt_20260807_051250_159.png
20260807_051250_706,2026-08-07 05:12:50,True,1033,81,19.680000000000003,42,0.48,0.6,0.3,0,0.5,10,9.5,10,rrt_20260807_051250_706.png
20260807_051252_694,2026-08-07 05:12:52,False,10000,124,0.0,0,0.48,0.6,0.3,0,0.5,10,9.5,10,rrt_20260807_051252_694.png
20260807_051254_760,2026-08-07 05:12:54,False,10000,126,0.0,0,0.48,0.6,0.3,0,0.5,10,9.5,10,rrt_20260807_051254_760.png
20260807_051255_522,2026-08-07 05:12:55,True,2056,122,19.200000000000006,41,0.48,0.6,0.3,0,0.5,10,9.5,10,rrt_20260807_051255_522.png
20260807_051256_560,2026-08-07 05:12:56,True,2199,114,18.24000000000001,39,0.48,0.6,0.3,0,0.5,10,9.5,10,rrt_20260807_051256_560.png
20260807_051258_326,2026-08-07 05:12:58,False,10000,104,0.0,0,0.48,0.6,0.3,0,0.5,10,9.5,10,rrt_20260807_051258_326.png
20260807_051258_931,2026-08-07 05:12:58,True,1300,116,18.24000000000001,39,0.48,0.6,0.3,0,0.5,10,9.5,10,rrt_20260807_051258_931.png
20260807_051259_577,2026-08-07 05:12:59,True,1369,119,17.28,37,0.48,0.6,0.3,0,0.5,10,9.5,10,rrt_20260807_051259_577.png
20260807_051301_395,2026-08-07 05:13:01,False,10000,90,0.0,0,0.48,0.6,0.3,0,0.5,10,9.5,10,rrt_20260807_051301_395.png
20260807_051303_523,2026-08-07 05:13:03,False,10000,134,0.0,0,0.48,0.6,0.3,0,0.5,10,9.5,10,rrt_20260807_051303_523.png
20260807_051305_217,2026-08-07 05:13:05,False,10000,90,0.0,0,0.48,0.6,0.3,0,0.5,10,9.5,10,rrt_20260807_051305_217.png
20260807_051305_699,2026-08-07 05:13:05,True,308,84,18.720000000000002,40,0.48,0.6,0.3,0,0.5,10,9.5,10,rrt_20260807_051305_699.png
20260807_051307_252,2026-08-07 05:13:07,False,10000,83,0.0,0,0.48,0.6,0.3,0,0.5,10,9.5,10,rrt_20260807_051307_252.png
20260807_051309_138,2026-08-07 05:13:09,False,10000,90,0.0,0,0.48,0.6,0.3,0,0.5,10,9.5,10,rrt_20260807_051309_138.png
20260807_051311_336,2026-08-07 05:13:11,False,10000,127,0.0,0,0.48,0.6,0.3,0,0.5,10,9.5,10,rrt_20260807_051311_336.png
20260807_051313_275,2026-08-07 05:13:13,False,10000,93,0.0,0,0.48,0.6,0.3,0,0.5,10,9.5,10,rrt_20260807_051313_275.png
20260807_051314_490,2026-08-07 05:13:14,False,10000,50,0.0,0,0.48,0.6,0.3,0,0.5,10,9.5,10,rrt_20260807_051314_490.png
20260807_051315_291,2026-08-07 05:13:15,True,1249,94,18.240000000000006,39,0.48,0.6,0.3,0,0.5,10,9.5,10,rrt_20260807_051315_291.png
20260807_051317_383,2026-08-07 05:13:17,False,10000,121,0.0,0,0.48,0.6,0.3,0,0.5,10,9.5,10,rrt_20260807_051317_383.png
20260807_051319_302,2026-08-07 05:13:19,False,10000,112,0.0,0,0.48,0.6,0.3,0,0.5,10,9.5,10,rrt_20260807_051319_302.png
20260807_051319_800,2026-08-07 05:13:19,True,319,65,18.720000000000006,40,0.48,0.6,0.3,0,0.5,10,9.5,10,rrt_20260807_051319_800.png
20260807_051321_555,2026-08-07 05:13:21,False,10000,103,0.0,0,0.48,0.6,0.3,0,0.5,10,9.5,10,rrt_20260807_051321_555.png
20260807_051323_460,2026-08-07 05:13:23,False,10000,91,0.0,0,0.48,0.6,0.3,0,0.5,10,9.5,10,rrt_20260807_051323_460.png
20260807_051324_895,2026-08-07 05:13:24,False,10000,61,0.0,0,0.48,0.6,0.3,0,0.5,10,9.5,10,rrt_20260807_051324_895.png
20260807_051325_717,2026-08-07 05:13:25,True,2574,108,18.240000000000006,39,0.48,0.6,0.3,0,0.5,10,9.5,10,rrt_20260807_051325_717.png
20260807_051327_789,2026-08-07 05:13:27,False,10000,134,0.0,0,0.48,0.6,0.3,0,0.5,10,9.5,10,rrt_20260807_051327_789.png
20260807_051329_641,2026-08-07 05:13:29,False,10000,108,0.0,0,0.48,0.6,0.3,0,0.5,10,9.5,10,rrt_20260807_051329_641.png
20260807_051330_129,2026-08-07 05:13:30,True,228,66,17.279999999999998,37,0.48,0.6,0.3,0,0.5,10,9.5,10,rrt_20260807_051330_129.png
20260807_051332_237,2026-08-07 05:13:32,False,10000,137,0.0,0,0.48,0.6,0.3,0,0.5,10,9.5,10,rrt_20260807_051332_237.png
20260807_051332_789,2026-08-07 05:13:32,True,844,101,17.607493883855014,38,0.48,0.6,0.3,0,0.5,10,9.5,10,rrt_20260807_051332_789.png
20260807_051334_396,2026-08-07 05:13:34,False,10000,88,0.0,0,0.48,0.6,0.3,0,0.5,10,9.5,10,rrt_20260807_051334_396.png
20260807_051335_280,2026-08-07 05:13:35,True,1253,119,18.240000000000006,39,0.48,0.6,0.3,0,0.5,10,9.5,10,rrt_20260807_051335_280.png
20260807_051335_945,2026-08-07 05:13:35,True,1657,125,18.586155190165865,40,0.48,0.6,0.3,0,0.5,10,9.5,10,rrt_20260807_051335_945.png
20260807_051337_894,2026-08-07 05:13:37,False,10000,93,0.0,0,0.48,0.6,0.3,0,0.5,10,9.5,10,rrt_20260807_051337_894.png
20260807_051339_695,2026-08-07 05:13:39,False,10000,92,0.0,0,0.48,0.6,0.3,0,0.5,10,9.5,10,rrt_20260807_051339_695.png
20260807_051341_990,2026-08-07 05:13:41,False,10000,135,0.0,0,0.48,0.6,0.3,0,0.5,10,9.5,10,rrt_20260807_051341_990.png
20260807_051343_729,2026-08-07 05:13:43,False,10000,82,0.0,0,0.48,0.6,0.3,0,0.5,10,9.5,10,rrt_20260807_051343_729.png
20260807_051345_474,2026-08-07 05:13:45,False,10000,99,0.0,0,0.48,0.6,0.3,0,0.5,10,9.5,10,rrt_20260807_051345_474.png
20260807_051346_011,2026-08-07 05:13:46,True,620,95,18.240000000000006,39,0.48,0.6,0.3,0,0.5,10,9.5,10,rrt_20260807_051346_011.png
20260807_051347_156,2026-08-07 05:13:47,False,10000,46,0.0,0,0.48,0.6,0.3,0,0.5,10,9.5,10,rrt_20260807_051347_156.png
20260807_051347_926,2026-08-07 05:13:47,True,945,125,18.234046509709916,39,0.48,0.6,0.3,0,0.5,10,9.5,10,rrt_20260807_051347_926.png
20260807_051349_216,2026-08-07 05:13:49,False,10000,64,0.0,0,0.48,0.6,0.3,0,0.5,10,9.5,10,rrt_20260807_051349_216.png
20260807_051351_183,2026-08-07 05:13:51,False,10000,118,0.0,0,0.48,0.6,0.3,0,0.5,10,9.5,10,rrt_20260807_051351_183.png
20260807_051352_133,2026-08-07 05:13:52,True,2774,135,17.76000000000001,38,0.48,0.6,0.3,0,0.5,10,9.5,10,rrt_20260807_051352_133.png
20260807_051354_376,2026-08-07 05:13:54,False,10000,146,0.0,0,0.48,0.6,0.3,0,0.5,10,9.5,10,rrt_20260807_051354_376.png
20260807_051355_727,2026-08-07 05:13:55,False,10000,51,0.0,0,0.48,0.6,0.3,0,0.5,10,9.5,10,rrt_20260807_051355_727.png
20260807_051356_207,2026-08-07 05:13:56,True,604,102,18.24000000000001,39,0.48,0.6,0.3,0,0.5,10,9.5,10,rrt_20260807_051356_207.png
20260807_051358_249,2026-08-07 05:13:58,False,10000,129,0.0,0,0.48,0.6,0.3,0,0.5,10,9.5,10,rrt_20260807_051358_249.png
20260807_051400_477,2026-08-07 05:14:00,False,10000,121,0.0,0,0.48,0.6,0.3,0,0.5,10,9.5,10,rrt_20260807_051400_477.png
20260807_051402_801,2026-08-07 05:14:02,False,10000,121,0.0,0,0.48,0.6,0.3,0,0.5,10,9.5,10,rrt_20260807_051402_801.png
20260807_051404_496,2026-08-07 05:14:04,False,10000,91,0.0,0,0.48,0.6,0.3,0,0.5,10,9.5,10,rrt_20260807_051404_496.png
20260807_051405_148,2026-08-07 05:14:05,True,1358,118,19.68000000000001,42,0.48,0.6,0.3,0,0.5,10,9.5,10,rrt_20260807_051405_148.png
20260807_051405_816,2026-08-07 05:14:05,True,1626,135,19.680000000000007,42,0.48,0.6,0.3,0,0.5,10,9.5,10,rrt_20260807_051405_816.png
20260807_051406_477,2026-08-07 05:14:06,True,1352,130,17.760000000000005,38,0.48,0.6,0.3,0,0.5,10,9.5,10,rrt_20260807_051406_477.png
20260807_051408_441,2026-08-07 05:14:08,False,10000,107,0.0,0,0.48,0.6,0.3,0,0.5,10,9.5,10,rrt_20260807_051408_441.png
20260807_051409_157,2026-08-07 05:14:09,True,1690,137,19.68000000000001,42,0.48,0.6,0.3,0,0.5,10,9.5,10,rrt_20260807_051409_157.png
20260807_051409_821,2026-08-07 05:14:09,True,1764,117,19.68000000000001,42,0.48,0.6,0.3,0,0.5,10,9.5,10,rrt_20260807_051409_821.png
20260807_051411_753,2026-08-07 05:14:11,False,10000,114,0.0,0,0.48,0.6,0.3,0,0.5,10,9.5,10,rrt_20260807_051411_753.png
20260807_051414_114,2026-08-07 05:14:14,False,10000,123,0.0,0,0.48,0.6,0.3,0,0.5,10,9.5,10,rrt_20260807_051414_114.png
20260807_051415_981,2026-08-07 05:14:15,False,10000,85,0.0,0,0.48,0.6,0.3,0,0.5,10,9.5,10,rrt_20260807_051415_981.png
20260807_051417_671,2026-08-07 05:14:17,False,10000,88,0.0,0,0.48,0.6,0.3,0,0.5,10,9.5,10,rrt_20260807_051417_671.png
20260807_051419_648,2026-08-07 05:14:19,False,10000,124,0.0,0,0.48,0.6,0.3,0,0.5,10,9.5,10,rrt_20260807_051419_648.png
20260807_051420_547,2026-08-07 05:14:20,True,1416,130,17.76,38,0.48,0.6,0.3,0,0.5,10,9.5,10,rrt_20260807_051420_547.png
20260807_051422_833,2026-08-07 05:14:22,False,10000,135,0.0,0,0.48,0.6,0.3,0,0.5,10,9.5,10,rrt_20260807_051422_833.png
20260807_051423_508,2026-08-07 05:14:23,True,1823,117,19.56333335860259,42,0.48,0.6,0.3,0,0.5,10,9.5,10,rrt_20260807_051423_508.png
20260807_051425_365,2026-08-07 05:14:25,False,10000,110,0.0,0,0.48,0.6,0.3,0,0.5,10,9.5,10,rrt_20260807_051425_365.png
20260807_051427_328,2026-08-07 05:14:27,False,10000,88,0.0,0,0.48,0.6,0.3,0,0.5,10,9.5,10,rrt_20260807_051427_328.png
20260807_051429_100,2026-08-07 05:14:29,False,10000,78,0.0,0,0.48,0.6,0.3,0,0.5,10,9.5,10,rrt_20260807_051429_100.png
20260807_051430_753,2026-08-07 05:14:30,False,10000,86,0.0,0,0.48,0.6,0.3,0,0.5,10,9.5,10,rrt_20260807_051430_753.png
20260807_051431_465,2026-08-07 05:14:31,True,1927,125,18.720000000000006,40,0.48,0.6,0.3,0,0.5,10,9.5,10,rrt_20260807_051431_465.png
20260807_051432_626,2026-08-07 05:14:32,False,10000,46,0.0,0,0.48,0.6,0.3,0,0.5,10,9.5,10,rrt_20260807_051432_626.png
20260807_051433_301,2026-08-07 05:14:33,True,1582,147,18.720000000000002,40,0.48,0.6,0.3,0,0.5,10,9.5,10,rrt_20260807_051433_301.png
20260807_051434_038,2026-08-07 05:14:34,True,1266,132,17.76,38,0.48,0.6,0.3,0,0.5,10,9.5,10,rrt_20260807_051434_038.png
20260807_051435_933,2026-08-07 05:14:35,False,10000,111,0.0,0,0.48,0.6,0.3,0,0.5,10,9.5,10,rrt_20260807_051435_933.png
20260807_051438_316,2026-08-07 05:14:38,False,10000,160,0.0,0,0.48,0.6,0.3,0,0.5,10,9.5,10,rrt_20260807_051438_316.png
20260807_051440_669,2026-08-07 05:14:40,False,10000,124,0.0,0,0.48,0.6,0.3,0,0.5,10,9.5,10,rrt_20260807_051440_669.png
20260807_051441_964,2026-08-07 05:14:41,False,10000,49,0.0,0,0.48,0.6,0.3,0,0.5,10,9.5,10,rrt_20260807_051441_964.png
20260807_051443_800,2026-08-07 05:14:43,False,10000,88,0.0,0,0.48,0.6,0.3,0,0.5,10,9.5,10,rrt_20260807_051443_800.png
20260807_051445_222,2026-08-07 05:14:45,False,10000,57,0.0,0,0.48,0.6,0.3,0,0.5,10,9.5,10,rrt_20260807_051445_222.png
20260807_051447_223,2026-08-07 05:14:47,False,10000,104,0.0,0,0.48,0.6,0.3,0,0.5,10,9.5,10,rrt_20260807_051447_223.png
20260807_051447_702,2026-08-07 05:14:47,True,341,84,19.65858040315034,42,0.48,0.6,0.3,0,0.5,10,9.5,10,rrt_20260807_051447_702.png
20260807_051448_503,2026-08-07 05:14:48,True,3346,103,20.160000000000004,43,0.48,0.6,0.3,0,0.5,10,9.5,10,rrt_20260807_051448_503.png
20260807_051449_057,2026-08-07 05:14:49,True,920,119,20.64000000000001,44,0.48,0.6,0.3,0,0.5,10,9.5,10,rrt_20260807_051449_057.png
20260807_051449_683,2026-08-07 05:14:49,True,1519,131,18.58751133328322,40,0.48,0.7,0.3,0,0.5,10,9.5,10,rrt_20260807_051449_683.png
20260807_051451_711,2026-08-07 05:14:51,False,10000,97,0.0,0,0.48,0.7,0.3,0,0.5,10,9.5,10,rrt_20260807_051451_711.png
20260807_051453_751,2026-08-07 05:14:53,False,10000,114,0.0,0,0.48,0.7,0.3,0,0.5,10,9.5,10,rrt_20260807_051453_751.png
20260807_051455_575,2026-08-07 05:14:55,False,10000,93,0.0,0,0.48,0.7,0.3,0,0.5,10,9.5,10,rrt_20260807_051455_575.png
20260807_051457_688,2026-08-07 05:14:57,False,10000,133,0.0,0,0.48,0.7,0.3,0,0.5,10,9.5,10,rrt_20260807_051457_688.png
20260807_051459_341,2026-08-07 05:14:59,False,10000,85,0.0,0,0.48,0.7,0.3,0,0.5,10,9.5,10,rrt_20260807_051459_341.png
20260807_051501_085,2026-08-07 05:15:01,False,10000,83,0.0,0,0.48,0.7,0.3,0,0.5,10,9.5,10,rrt_20260807_051501_085.png
20260807_051503_367,2026-08-07 05:15:03,False,10000,125,0.0,0,0.48,0.7,0.3,0,0.5,10,9.5,10,rrt_20260807_051503_367.png
20260807_051505_607,2026-08-07 05:15:05,False,10000,134,0.0,0,0.48,0.7,0.3,0,0.5,10,9.5,10,rrt_20260807_051505_607.png
20260807_051506_963,2026-08-07 05:15:06,False,10000,51,0.0,0,0.48,0.7,0.3,0,0.5,10,9.5,10,rrt_20260807_051506_963.png
20260807_051509_165,2026-08-07 05:15:09,False,10000,119,0.0,0,0.48,0.7,0.3,0,0.5,10,9.5,10,rrt_20260807_051509_165.png
20260807_051509_712,2026-08-07 05:15:09,True,681,126,18.240000000000006,39,0.48,0.7,0.3,0,0.5,10,9.5,10,rrt_20260807_051509_712.png
20260807_051510_331,2026-08-07 05:15:10,True,1447,141,18.240000000000006,39,0.48,0.7,0.3,0,0.5,10,9.5,10,rrt_20260807_051510_331.png
20260807_051511_828,2026-08-07 05:15:11,False,10000,59,0.0,0,0.48,0.7,0.3,0,0.5,10,9.5,10,rrt_20260807_051511_828.png
20260807_051513_646,2026-08-07 05:15:13,False,10000,101,0.0,0,0.48,0.7,0.3,0,0.5,10,9.5,10,rrt_20260807_051513_646.png
20260807_051514_258,2026-08-07 05:15:14,True,1163,123,18.584998163130418,40,0.48,0.7,0.3,0,0.5,10,9.5,10,rrt_20260807_051514_258.png
20260807_051516_559,2026-08-07 05:15:16,False,10000,140,0.0,0,0.48,0.7,0.3,0,0.5,10,9.5,10,rrt_20260807_051516_559.png
20260807_051518_430,2026-08-07 05:15:18,False,10000,97,0.0,0,0.48,0.7,0.3,0,0.5,10,9.5,10,rrt_20260807_051518_430.png
20260807_051519_028,2026-08-07 05:15:19,True,528,92,17.28000000000001,37,0.48,0.7,0.3,0,0.5,10,9.5,10,rrt_20260807_051519_028.png
20260807_051519_902,2026-08-07 05:15:19,True,1447,112,17.760000000000005,38,0.48,0.7,0.3,0,0.5,10,9.5,10,rrt_20260807_051519_902.png
20260807_051522_259,2026-08-07 05:15:22,False,10000,151,0.0,0,0.48,0.7,0.3,0,0.5,10,9.5,10,rrt_20260807_051522_259.png
20260807_051522_913,2026-08-07 05:15:22,True,1440,127,18.121291167720024,39,0.48,0.7,0.3,0,0.5,10,9.5,10,rrt_20260807_051522_913.png
20260807_051524_637,2026-08-07 05:15:24,False,10000,91,0.0,0,0.48,0.7,0.3,0,0.5,10,9.5,10,rrt_20260807_051524_637.png
20260807_051526_575,2026-08-07 05:15:26,False,10000,90,0.0,0,0.48,0.7,0.3,0,0.5,10,9.5,10,rrt_20260807_051526_575.png
20260807_051528_392,2026-08-07 05:15:28,False,10000,97,0.0,0,0.48,0.7,0.3,0,0.5,10,9.5,10,rrt_20260807_051528_392.png
20260807_051529_757,2026-08-07 05:15:29,False,10000,53,0.0,0,0.48,0.7,0.3,0,0.5,10,9.5,10,rrt_20260807_051529_757.png
20260807_051531_711,2026-08-07 05:15:31,False,10000,115,0.0,0,0.48,0.7,0.3,0,0.5,10,9.5,10,rrt_20260807_051531_711.png
20260807_051533_108,2026-08-07 05:15:33,False,10000,59,0.0,0,0.48,0.7,0.3,0,0.5,10,9.5,10,rrt_20260807_051533_108.png
20260807_051533_773,2026-08-07 05:15:33,True,270,82,16.800000000000008,36,0.48,0.7,0.3,0,0.5,10,9.5,10,rrt_20260807_051533_773.png
20260807_051535_662,2026-08-07 05:15:35,False,10000,115,0.0,0,0.48,0.7,0.3,0,0.5,10,9.5,10,rrt_20260807_051535_662.png
20260807_051537_672,2026-08-07 05:15:37,False,10000,107,0.0,0,0.48,0.7,0.3,0,0.5,10,9.5,10,rrt_20260807_051537_672.png
20260807_051538_463,2026-08-07 05:15:38,True,2097,161,19.680000000000007,42,0.48,0.7,0.3,0,0.5,10,9.5,10,rrt_20260807_051538_463.png
20260807_051540_513,2026-08-07 05:15:40,False,10000,127,0.0,0,0.48,0.7,0.3,0,0.5,10,9.5,10,rrt_20260807_051540_513.png
20260807_051542_817,2026-08-07 05:15:42,False,10000,145,0.0,0,0.48,0.7,0.3,0,0.5,10,9.5,10,rrt_20260807_051542_817.png
20260807_051543_527,2026-08-07 05:15:43,True,1967,122,18.24000000000001,39,0.48,0.7,0.3,0,0.5,10,9.5,10,rrt_20260807_051543_527.png
20260807_051544_896,2026-08-07 05:15:44,False,10000,68,0.0,0,0.48,0.7,0.3,0,0.5,10,9.5,10,rrt_20260807_051544_896.png
20260807_051545_744,2026-08-07 05:15:45,True,2699,116,18.0765124467376,39,0.48,0.7,0.3,0,0.5,10,9.5,10,rrt_20260807_051545_744.png
20260807_051547_879,2026-08-07 05:15:47,False,10000,103,0.0,0,0.48,0.7,0.3,0,0.5,10,9.5,10,rrt_20260807_051547_879.png
20260807_051548_517,2026-08-07 05:15:48,True,426,75,18.720000000000006,40,0.48,0.7,0.3,0,0.5,10,9.5,10,rrt_20260807_051548_517.png
20260807_051550_460,2026-08-07 05:15:50,False,10000,110,0.0,0,0.48,0.7,0.3,0,0.5,10,9.5,10,rrt_20260807_051550_460.png
20260807_051552_519,2026-08-07 05:15:52,False,10000,126,0.0,0,0.48,0.7,0.3,0,0.5,10,9.5,10,rrt_20260807_051552_519.png
20260807_051553_058,2026-08-07 05:15:53,True,580,101,18.240000000000013,39,0.48,0.7,0.3,0,0.5,10,9.5,10,rrt_20260807_051553_058.png
20260807_051553_543,2026-08-07 05:15:53,True,779,103,17.28000000000001,37,0.48,0.7,0.3,0,0.5,10,9.5,10,rrt_20260807_051553_543.png
20260807_051555_803,2026-08-07 05:15:55,False,10000,131,0.0,0,0.48,0.7,0.3,0,0.5,10,9.5,10,rrt_20260807_051555_803.png
20260807_051557_548,2026-08-07 05:15:57,False,10000,93,0.0,0,0.48,0.7,0.3,0,0.5,10,9.5,10,rrt_20260807_051557_548.png
20260807_051558_049,2026-08-07 05:15:58,True,485,100,16.800000000000004,36,0.48,0.7,0.3,0,0.5,10,9.5,10,rrt_20260807_051558_049.png
20260807_051559_471,2026-08-07 05:15:59,False,10000,50,0.0,0,0.48,0.7,0.3,0,0.5,10,9.5,10,rrt_20260807_051559_471.png
20260807_051601_518,2026-08-07 05:16:01,False,10000,125,0.0,0,0.48,0.7,0.3,0,0.5,10,9.5,10,rrt_20260807_051601_518.png
20260807_051603_505,2026-08-07 05:16:03,False,10000,120,0.0,0,0.48,0.7,0.3,0,0.5,10,9.5,10,rrt_20260807_051603_505.png
20260807_051604_877,2026-08-07 05:16:04,False,10000,55,0.0,0,0.48,0.7,0.3,0,0.5,10,9.5,10,rrt_20260807_051604_877.png
20260807_051605_874,2026-08-07 05:16:05,True,3989,127,19.680000000000007,42,0.48,0.7,0.3,0,0.5,10,9.5,10,rrt_20260807_051605_874.png
20260807_051608_023,2026-08-07 05:16:08,False,10000,126,0.0,0,0.48,0.7,0.3,0,0.5,10,9.5,10,rrt_20260807_051608_023.png
20260807_051610_487,2026-08-07 05:16:10,False,10000,123,0.0,0,0.48,0.7,0.3,0,0.5,10,9.5,10,rrt_20260807_051610_487.png
20260807_051612_725,2026-08-07 05:16:12,False,10000,120,0.0,0,0.48,0.7,0.3,0,0.5,10,9.5,10,rrt_20260807_051612_725.png
20260807_051614_735,2026-08-07 05:16:14,False,10000,88,0.0,0,0.48,0.7,0.3,0,0.5,10,9.5,10,rrt_20260807_051614_735.png
20260807_051616_812,2026-08-07 05:16:16,False,10000,125,0.0,0,0.48,0.7,0.3,0,0.5,10,9.5,10,rrt_20260807_051616_812.png
20260807_051618_238,2026-08-07 05:16:18,False,10000,57,0.0,0,0.48,0.7,0.3,0,0.5,10,9.5,10,rrt_20260807_051618_238.png
20260807_051618_946,2026-08-07 05:16:18,True,1927,123,19.20000000000001,41,0.48,0.7,0.3,0,0.5,10,9.5,10,rrt_20260807_051618_946.png
20260807_051620_273,2026-08-07 05:16:20,False,10000,56,0.0,0,0.48,0.7,0.3,0,0.5,10,9.5,10,rrt_20260807_051620_273.png
20260807_051622_061,2026-08-07 05:16:22,False,10000,98,0.0,0,0.48,0.7,0.3,0,0.5,10,9.5,10,rrt_20260807_051622_061.png
20260807_051624_277,2026-08-07 05:16:24,False,10000,129,0.0,0,0.48,0.7,0.3,0,0.5,10,9.5,10,rrt_20260807_051624_277.png
20260807_051624_762,2026-08-07 05:16:24,True,370,66,17.76,38,0.48,0.7,0.3,0,0.5,10,9.5,10,rrt_20260807_051624_762.png
20260807_051626_975,2026-08-07 05:16:26,False,10000,115,0.0,0,0.48,0.7,0.3,0,0.5,10,9.5,10,rrt_20260807_051626_975.png
20260807_051629_116,2026-08-07 05:16:29,False,10000,94,0.0,0,0.48,0.7,0.3,0,0.5,10,9.5,10,rrt_20260807_051629_116.png
20260807_051631_423,2026-08-07 05:16:31,False,10000,134,0.0,0,0.48,0.7,0.3,0,0.5,10,9.5,10,rrt_20260807_051631_423.png
20260807_051631_909,2026-08-07 05:16:31,True,239,70,17.5810288006882,38,0.48,0.7,0.3,0,0.5,10,9.5,10,rrt_20260807_051631_909.png
20260807_051632_351,2026-08-07 05:16:32,True,571,74,20.16000000000001,43,0.48,0.7,0.3,0,0.5,10,9.5,10,rrt_20260807_051632_351.png
20260807_051634_277,2026-08-07 05:16:34,False,10000,97,0.0,0,0.48,0.7,0.3,0,0.5,10,9.5,10,rrt_20260807_051634_277.png
20260807_051636_369,2026-08-07 05:16:36,False,10000,126,0.0,0,0.48,0.7,0.3,0,0.5,10,9.5,10,rrt_20260807_051636_369.png
20260807_051638_271,2026-08-07 05:16:38,False,10000,110,0.0,0,0.48,0.7,0.3,0,0.5,10,9.5,10,rrt_20260807_051638_271.png
20260807_051640_130,2026-08-07 05:16:40,False,10000,98,0.0,0,0.48,0.7,0.3,0,0.5,10,9.5,10,rrt_20260807_051640_130.png
20260807_051641_795,2026-08-07 05:16:41,False,10000,77,0.0,0,0.48,0.7,0.3,0,0.5,10,9.5,10,rrt_20260807_051641_795.png
20260807_051643_987,2026-08-07 05:16:43,False,10000,121,0.0,0,0.48,0.7,0.3,0,0.5,10,9.5,10,rrt_20260807_051643_987.png
20260807_051646_123,2026-08-07 05:16:46,False,10000,130,0.0,0,0.48,0.7,0.3,0,0.5,10,9.5,10,rrt_20260807_051646_123.png
20260807_051646_639,2026-08-07 05:16:46,True,512,119,17.760000000000005,38,0.48,0.7,0.3,0,0.5,10,9.5,10,rrt_20260807_051646_639.png
20260807_051648_387,2026-08-07 05:16:48,False,10000,101,0.0,0,0.48,0.7,0.3,0,0.5,10,9.5,10,rrt_20260807_051648_387.png
20260807_051648_883,2026-08-07 05:16:48,True,431,85,17.28,37,0.48,0.7,0.3,0,0.5,10,9.5,10,rrt_20260807_051648_883.png
20260807_051650_995,2026-08-07 05:16:50,False,10000,128,0.0,0,0.48,0.7,0.3,0,0.5,10,9.5,10,rrt_20260807_051650_995.png
20260807_051652_851,2026-08-07 05:16:52,False,10000,107,0.0,0,0.48,0.7,0.3,0,0.5,10,9.5,10,rrt_20260807_051652_851.png
20260807_051654_721,2026-08-07 05:16:54,False,10000,106,0.0,0,0.48,0.7,0.3,0,0.5,10,9.5,10,rrt_20260807_051654_721.png
20260807_051656_624,2026-08-07 05:16:56,False,10000,77,0.0,0,0.48,0.7,0.3,0,0.5,10,9.5,10,rrt_20260807_051656_624.png
20260807_051658_762,2026-08-07 05:16:58,False,10000,102,0.0,0,0.48,0.7,0.3,0,0.5,10,9.5,10,rrt_20260807_051658_762.png
20260807_051700_917,2026-08-07 05:17:00,False,10000,121,0.0,0,0.48,0.7,0.3,0,0.5,10,9.5,10,rrt_20260807_051700_917.png
20260807_051702_686,2026-08-07 05:17:02,False,10000,95,0.0,0,0.48,0.7,0.3,0,0.5,10,9.5,10,rrt_20260807_051702_686.png
20260807_051703_271,2026-08-07 05:17:03,True,1220,112,19.68000000000001,42,0.48,0.7,0.3,0,0.5,10,9.5,10,rrt_20260807_051703_271.png
20260807_051704_623,2026-08-07 05:17:04,False,10000,57,0.0,0,0.48,0.7,0.3,0,0.5,10,9.5,10,rrt_20260807_051704_623.png
20260807_051706_213,2026-08-07 05:17:06,False,10000,80,0.0,0,0.48,0.7,0.3,0,0.5,10,9.5,10,rrt_20260807_051706_213.png
20260807_051708_298,2026-08-07 05:17:08,False,10000,130,0.0,0,0.48,0.7,0.3,0,0.5,10,9.5,10,rrt_20260807_051708_298.png
20260807_051708_858,2026-08-07 05:17:08,True,789,114,18.0705709857393,39,0.48,0.7,0.3,0,0.5,10,9.5,10,rrt_20260807_051708_858.png
20260807_051710_835,2026-08-07 05:17:10,False,10000,117,0.0,0,0.48,0.7,0.3,0,0.5,10,9.5,10,rrt_20260807_051710_835.png
20260807_051712_614,2026-08-07 05:17:12,False,10000,54,0.0,0,0.48,0.7,0.3,0,0.5,10,9.5,10,rrt_20260807_051712_614.png
20260807_051713_320,2026-08-07 05:17:13,True,1886,121,19.680000000000007,42,0.48,0.7,0.3,0,0.5,10,9.5,10,rrt_20260807_051713_320.png
20260807_051713_960,2026-08-07 05:17:13,True,1402,149,18.720000000000002,40,0.48,0.7,0.3,0,0.5,10,9.5,10,rrt_20260807_051713_960.png
20260807_051715_694,2026-08-07 05:17:15,False,10000,98,0.0,0,0.48,0.7,0.3,0,0.5,10,9.5,10,rrt_20260807_051715_694.png
20260807_051717_470,2026-08-07 05:17:17,False,10000,85,0.0,0,0.48,0.7,0.3,0,0.5,10,9.5,10,rrt_20260807_051717_470.png
20260807_051719_531,2026-08-07 05:17:19,False,10000,121,0.0,0,0.48,0.7,0.3,0,0.5,10,9.5,10,rrt_20260807_051719_531.png
20260807_051721_565,2026-08-07 05:17:21,False,10000,96,0.0,0,0.48,0.7,0.3,0,0.5,10,9.5,10,rrt_20260807_051721_565.png
20260807_051722_031,2026-08-07 05:17:22,True,297,63,17.76000000000001,38,0.48,0.7,0.3,0,0.5,10,9.5,10,rrt_20260807_051722_031.png
20260807_051722_602,2026-08-07 05:17:22,True,1068,117,18.24000000000001,39,0.48,0.7,0.3,0,0.5,10,9.5,10,rrt_20260807_051722_602.png
20260807_051724_638,2026-08-07 05:17:24,False,10000,94,0.0,0,0.48,0.7,0.3,0,0.5,10,9.5,10,rrt_20260807_051724_638.png
20260807_051726_434,2026-08-07 05:17:26,False,10000,95,0.0,0,0.48,0.8,0.3,0,0.5,10,9.5,10,rrt_20260807_051726_434.png
20260807_051727_041,2026-08-07 05:17:27,True,1102,113,18.72000000000001,40,0.48,0.8,0.3,0,0.5,10,9.5,10,rrt_20260807_051727_041.png
20260807_051727_920,2026-08-07 05:17:27,True,3030,131,17.760000000000005,38,0.48,0.8,0.3,0,0.5,10,9.5,10,rrt_20260807_051727_920.png
20260807_051729_760,2026-08-07 05:17:29,False,10000,103,0.0,0,0.48,0.8,0.3,0,0.5,10,9.5,10,rrt_20260807_051729_760.png
20260807_051731_812,2026-08-07 05:17:31,False,10000,124,0.0,0,0.48,0.8,0.3,0,0.5,10,9.5,10,rrt_20260807_051731_812.png
20260807_051732_404,2026-08-07 05:17:32,True,1012,125,19.68000000000001,42,0.48,0.8,0.3,0,0.5,10,9.5,10,rrt_20260807_051732_404.png
20260807_051734_326,2026-08-07 05:17:34,False,10000,113,0.0,0,0.48,0.8,0.3,0,0.5,10,9.5,10,rrt_20260807_051734_326.png
20260807_051735_934,2026-08-07 05:17:35,False,10000,81,0.0,0,0.48,0.8,0.3,0,0.5,10,9.5,10,rrt_20260807_051735_934.png
20260807_051737_839,2026-08-07 05:17:37,False,10000,86,0.0,0,0.48,0.8,0.3,0,0.5,10,9.5,10,rrt_20260807_051737_839.png
20260807_051739_804,2026-08-07 05:17:39,False,10000,112,0.0,0,0.48,0.8,0.3,0,0.5,10,9.5,10,rrt_20260807_051739_804.png
20260807_051741_869,2026-08-07 05:17:41,False,10000,124,0.0,0,0.48,0.8,0.3,0,0.5,10,9.5,10,rrt_20260807_051741_869.png
20260807_051743_780,2026-08-07 05:17:43,False,10000,90,0.0,0,0.48,0.8,0.3,0,0.5,10,9.5,10,rrt_20260807_051743_780.png
20260807_051744_962,2026-08-07 05:17:44,False,10000,44,0.0,0,0.48,0.8,0.3,0,0.5,10,9.5,10,rrt_20260807_051744_962.png
20260807_051746_896,2026-08-07 05:17:46,False,10000,111,0.0,0,0.48,0.8,0.3,0,0.5,10,9.5,10,rrt_20260807_051746_896.png
20260807_051748_882,2026-08-07 05:17:48,False,10000,111,0.0,0,0.48,0.8,0.3,0,0.5,10,9.5,10,rrt_20260807_051748_882.png
20260807_051750_956,2026-08-07 05:17:50,False,10000,120,0.0,0,0.48,0.8,0.3,0,0.5,10,9.5,10,rrt_20260807_051750_956.png
20260807_051753_080,2026-08-07 05:17:53,False,10000,107,0.0,0,0.48,0.8,0.3,0,0.5,10,9.5,10,rrt_20260807_051753_080.png
20260807_051755_039,2026-08-07 05:17:55,False,10000,104,0.0,0,0.48,0.8,0.3,0,0.5,10,9.5,10,rrt_20260807_051755_039.png
20260807_051755_664,2026-08-07 05:17:55,True,1100,141,20.10948565971603,43,0.48,0.8,0.3,0,0.5,10,9.5,10,rrt_20260807_051755_664.png
20260807_051757_791,2026-08-07 05:17:57,False,10000,129,0.0,0,0.48,0.8,0.3,0,0.5,10,9.5,10,rrt_20260807_051757_791.png
20260807_051800_351,2026-08-07 05:18:00,False,10000,173,0.0,0,0.48,0.8,0.3,0,0.5,10,9.5,10,rrt_20260807_051800_351.png
20260807_051800_872,2026-08-07 05:18:00,True,231,80,19.02266347781338,41,0.48,0.8,0.3,0,0.5,10,9.5,10,rrt_20260807_051800_872.png
20260807_051802_490,2026-08-07 05:18:02,False,10000,79,0.0,0,0.48,0.8,0.3,0,0.5,10,9.5,10,rrt_20260807_051802_490.png
20260807_051804_293,2026-08-07 05:18:04,False,10000,103,0.0,0,0.48,0.8,0.3,0,0.5,10,9.5,10,rrt_20260807_051804_293.png
20260807_051804_864,2026-08-07 05:18:04,True,1227,114,19.680000000000003,42,0.48,0.8,0.3,0,0.5,10,9.5,10,rrt_20260807_051804_864.png
20260807_051807_302,2026-08-07 05:18:07,False,10000,124,0.0,0,0.48,0.8,0.3,0,0.5,10,9.5,10,rrt_20260807_051807_302.png
20260807_051807_806,2026-08-07 05:18:07,True,442,88,19.15617486916032,41,0.48,0.8,0.3,0,0.5,10,9.5,10,rrt_20260807_051807_806.png
20260807_051808_245,2026-08-07 05:18:08,True,231,80,18.240000000000006,39,0.48,0.8,0.3,0,0.5,10,9.5,10,rrt_20260807_051808_245.png
20260807_051810_055,2026-08-07 05:18:10,False,10000,96,0.0,0,0.48,0.8,0.3,0,0.5,10,9.5,10,rrt_20260807_051810_055.png
20260807_051812_071,2026-08-07 05:18:12,False,10000,110,0.0,0,0.48,0.8,0.3,0,0.5,10,9.5,10,rrt_20260807_051812_071.png
20260807_051812_585,2026-08-07 05:18:12,True,125,62,17.76000000000001,38,0.48,0.8,0.3,0,0.5,10,9.5,10,rrt_20260807_051812_585.png
20260807_051814_464,2026-08-07 05:18:14,False,10000,113,0.0,0,0.48,0.8,0.3,0,0.5,10,9.5,10,rrt_20260807_051814_464.png
20260807_051815_078,2026-08-07 05:18:15,True,1076,105,19.200000000000003,41,0.48,0.8,0.3,0,0.5,10,9.5,10,rrt_20260807_051815_078.png
20260807_051817_070,2026-08-07 05:18:17,False,10000,108,0.0,0,0.48,0.8,0.3,0,0.5,10,9.5,10,rrt_20260807_051817_070.png
20260807_051819_456,2026-08-07 05:18:19,False,10000,129,0.0,0,0.48,0.8,0.3,0,0.5,10,9.5,10,rrt_20260807_051819_456.png
20260807_051821_537,2026-08-07 05:18:21,False,10000,113,0.0,0,0.48,0.8,0.3,0,0.5,10,9.5,10,rrt_20260807_051821_537.png
20260807_051823_488,2026-08-07 05:18:23,False,10000,102,0.0,0,0.48,0.8,0.3,0,0.5,10,9.5,10,rrt_20260807_051823_488.png
20260807_051824_176,2026-08-07 05:18:24,True,1401,131,18.240000000000002,39,0.48,0.8,0.3,0,0.5,10,9.5,10,rrt_20260807_051824_176.png
20260807_051826_356,2026-08-07 05:18:26,False,10000,135,0.0,0,0.48,0.8,0.3,0,0.5,10,9.5,10,rrt_20260807_051826_356.png
20260807_051827_043,2026-08-07 05:18:27,True,1468,137,17.759999999999998,38,0.48,0.8,0.3,0,0.5,10,9.5,10,rrt_20260807_051827_043.png
20260807_051829_183,2026-08-07 05:18:29,False,10000,103,0.0,0,0.48,0.8,0.3,0,0.5,10,9.5,10,rrt_20260807_051829_183.png
20260807_051831_063,2026-08-07 05:18:31,False,10000,102,0.0,0,0.48,0.8,0.3,0,0.5,10,9.5,10,rrt_20260807_051831_063.png
20260807_051832_636,2026-08-07 05:18:32,False,10000,77,0.0,0,0.48,0.8,0.3,0,0.5,10,9.5,10,rrt_20260807_051832_636.png
20260807_051833_418,2026-08-07 05:18:33,True,1223,97,19.037028874145623,41,0.48,0.8,0.3,0,0.5,10,9.5,10,rrt_20260807_051833_418.png
20260807_051833_993,2026-08-07 05:18:33,True,1102,123,21.60000000000001,46,0.48,0.8,0.3,0,0.5,10,9.5,10,rrt_20260807_051833_993.png
20260807_051836_123,2026-08-07 05:18:36,False,10000,131,0.0,0,0.48,0.8,0.3,0,0.5,10,9.5,10,rrt_20260807_051836_123.png
20260807_051836_633,2026-08-07 05:18:36,True,323,96,17.585427590959288,38,0.48,0.8,0.3,0,0.5,10,9.5,10,rrt_20260807_051836_633.png
20260807_051838_581,2026-08-07 05:18:38,False,10000,111,0.0,0,0.48,0.8,0.3,0,0.5,10,9.5,10,rrt_20260807_051838_581.png
20260807_051839_189,2026-08-07 05:18:39,True,667,87,17.28000000000001,37,0.48,0.8,0.3,0,0.5,10,9.5,10,rrt_20260807_051839_189.png
20260807_051841_476,2026-08-07 05:18:41,False,10000,145,0.0,0,0.48,0.8,0.3,0,0.5,10,9.5,10,rrt_20260807_051841_476.png
20260807_051842_906,2026-08-07 05:18:42,False,10000,59,0.0,0,0.48,0.8,0.3,0,0.5,10,9.5,10,rrt_20260807_051842_906.png
20260807_051844_894,2026-08-07 05:18:44,False,10000,118,0.0,0,0.48,0.8,0.3,0,0.5,10,9.5,10,rrt_20260807_051844_894.png
20260807_051847_060,2026-08-07 05:18:47,False,10000,92,0.0,0,0.48,0.8,0.3,0,0.5,10,9.5,10,rrt_20260807_051847_060.png
20260807_051847_936,2026-08-07 05:18:47,True,1646,107,17.28000000000001,37,0.48,0.8,0.3,0,0.5,10,9.5,10,rrt_20260807_051847_936.png
20260807_051848_695,2026-08-07 05:18:48,True,1987,142,18.720000000000002,40,0.48,0.8,0.3,0,0.5,10,9.5,10,rrt_20260807_051848_695.png
20260807_051850_537,2026-08-07 05:18:50,False,10000,89,0.0,0,0.48,0.8,0.3,0,0.5,10,9.5,10,rrt_20260807_051850_537.png
20260807_051852_261,2026-08-07 05:18:52,False,10000,83,0.0,0,0.48,0.8,0.3,0,0.5,10,9.5,10,rrt_20260807_051852_261.png
20260807_051852_912,2026-08-07 05:18:52,True,1269,111,18.24000000000001,39,0.48,0.8,0.3,0,0.5,10,9.5,10,rrt_20260807_051852_912.png
20260807_051854_528,2026-08-07 05:18:54,False,10000,80,0.0,0,0.48,0.8,0.3,0,0.5,10,9.5,10,rrt_20260807_051854_528.png
20260807_051856_733,2026-08-07 05:18:56,False,10000,128,0.0,0,0.48,0.8,0.3,0,0.5,10,9.5,10,rrt_20260807_051856_733.png
20260807_051858_924,2026-08-07 05:18:58,False,10000,125,0.0,0,0.48,0.8,0.3,0,0.5,10,9.5,10,rrt_20260807_051858_924.png
20260807_051900_725,2026-08-07 05:19:00,False,10000,54,0.0,0,0.48,0.8,0.3,0,0.5,10,9.5,10,rrt_20260807_051900_725.png
20260807_051903_001,2026-08-07 05:19:03,False,10000,125,0.0,0,0.48,0.8,0.3,0,0.5,10,9.5,10,rrt_20260807_051903_001.png
20260807_051903_761,2026-08-07 05:19:03,True,1524,160,18.240000000000006,39,0.48,0.8,0.3,0,0.5,10,9.5,10,rrt_20260807_051903_761.png
20260807_051905_603,2026-08-07 05:19:05,False,10000,97,0.0,0,0.48,0.8,0.3,0,0.5,10,9.5,10,rrt_20260807_051905_603.png
20260807_051907_009,2026-08-07 05:19:07,False,10000,57,0.0,0,0.48,0.8,0.3,0,0.5,10,9.5,10,rrt_20260807_051907_009.png
20260807_051908_202,2026-08-07 05:19:08,False,10000,48,0.0,0,0.48,0.8,0.3,0,0.5,10,9.5,10,rrt_20260807_051908_202.png
20260807_051909_882,2026-08-07 05:19:09,False,10000,80,0.0,0,0.48,0.8,0.3,0,0.5,10,9.5,10,rrt_20260807_051909_882.png
20260807_051911_862,2026-08-07 05:19:11,False,10000,95,0.0,0,0.48,0.8,0.3,0,0.5,10,9.5,10,rrt_20260807_051911_862.png
20260807_051912_694,2026-08-07 05:19:12,True,755,90,18.240000000000006,39,0.48,0.8,0.3,0,0.5,10,9.5,10,rrt_20260807_051912_694.png
20260807_051914_844,2026-08-07 05:19:14,False,10000,115,0.0,0,0.48,0.8,0.3,0,0.5,10,9.5,10,rrt_20260807_051914_844.png
20260807_051915_598,2026-08-07 05:19:15,True,1164,109,17.28000000000001,37,0.48,0.8,0.3,0,0.5,10,9.5,10,rrt_20260807_051915_598.png
20260807_051917_577,2026-08-07 05:19:17,False,10000,105,0.0,0,0.48,0.8,0.3,0,0.5,10,9.5,10,rrt_20260807_051917_577.png
20260807_051919_045,2026-08-07 05:19:19,False,10000,64,0.0,0,0.48,0.8,0.3,0,0.5,10,9.5,10,rrt_20260807_051919_045.png
20260807_051920_843,2026-08-07 05:19:20,False,10000,97,0.0,0,0.48,0.8,0.3,0,0.5,10,9.5,10,rrt_20260807_051920_843.png
20260807_051921_528,2026-08-07 05:19:21,True,1421,127,20.16000000000001,43,0.48,0.8,0.3,0,0.5,10,9.5,10,rrt_20260807_051921_528.png
20260807_051923_537,2026-08-07 05:19:23,False,10000,111,0.0,0,0.48,0.8,0.3,0,0.5,10,9.5,10,rrt_20260807_051923_537.png
20260807_051925_581,2026-08-07 05:19:25,False,10000,116,0.0,0,0.48,0.8,0.3,0,0.5,10,9.5,10,rrt_20260807_051925_581.png
20260807_051926_397,2026-08-07 05:19:26,True,882,143,18.240000000000006,39,0.48,0.8,0.3,0,0.5,10,9.5,10,rrt_20260807_051926_397.png
20260807_051927_076,2026-08-07 05:19:27,True,1687,114,17.76,38,0.48,0.8,0.3,0,0.5,10,9.5,10,rrt_20260807_051927_076.png
20260807_051929_316,2026-08-07 05:19:29,False,10000,141,0.0,0,0.48,0.8,0.3,0,0.5,10,9.5,10,rrt_20260807_051929_316.png
20260807_051930_712,2026-08-07 05:19:30,False,10000,50,0.0,0,0.48,0.8,0.3,0,0.5,10,9.5,10,rrt_20260807_051930_712.png
20260807_051932_484,2026-08-07 05:19:32,False,10000,95,0.0,0,0.48,0.8,0.3,0,0.5,10,9.5,10,rrt_20260807_051932_484.png
20260807_051933_138,2026-08-07 05:19:33,True,1099,138,17.280000000000005,37,0.48,0.8,0.3,0,0.5,10,9.5,10,rrt_20260807_051933_138.png
20260807_051935_411,2026-08-07 05:19:35,False,10000,125,0.0,0,0.48,0.8,0.3,0,0.5,10,9.5,10,rrt_20260807_051935_411.png
20260807_051937_309,2026-08-07 05:19:37,False,10000,106,0.0,0,0.48,0.8,0.3,0,0.5,10,9.5,10,rrt_20260807_051937_309.png
20260807_051939_676,2026-08-07 05:19:39,False,10000,154,0.0,0,0.48,0.8,0.3,0,0.5,10,9.5,10,rrt_20260807_051939_676.png
20260807_051941_559,2026-08-07 05:19:41,False,10000,81,0.0,0,0.48,0.8,0.3,0,0.5,10,9.5,10,rrt_20260807_051941_559.png
20260807_051943_840,2026-08-07 05:19:43,False,10000,137,0.0,0,0.48,0.8,0.3,0,0.5,10,9.5,10,rrt_20260807_051943_840.png
20260807_051944_393,2026-08-07 05:19:44,True,715,109,17.76,38,0.48,0.8,0.3,0,0.5,10,9.5,10,rrt_20260807_051944_393.png
20260807_051946_495,2026-08-07 05:19:46,False,10000,107,0.0,0,0.48,0.8,0.3,0,0.5,10,9.5,10,rrt_20260807_051946_495.png
20260807_051947_009,2026-08-07 05:19:47,True,256,71,19.68000000000001,42,0.48,0.8,0.3,0,0.5,10,9.5,10,rrt_20260807_051947_009.png
20260807_051948_413,2026-08-07 05:19:48,False,10000,58,0.0,0,0.48,0.8,0.3,0,0.5,10,9.5,10,rrt_20260807_051948_413.png
20260807_051949_334,2026-08-07 05:19:49,True,2804,143,19.2,41,0.48,0.8,0.3,0,0.5,10,9.5,10,rrt_20260807_051949_334.png
20260807_051951_718,2026-08-07 05:19:51,False,10000,153,0.0,0,0.48,0.8,0.3,0,0.5,10,9.5,10,rrt_20260807_051951_718.png
20260807_051953_899,2026-08-07 05:19:53,False,10000,132,0.0,0,0.48,0.8,0.3,0,0.5,10,9.5,10,rrt_20260807_051953_899.png
20260807_051954_765,2026-08-07 05:19:54,True,405,86,19.200000000000006,41,0.48,0.8,0.3,0,0.5,10,9.5,10,rrt_20260807_051954_765.png
20260807_051956_954,2026-08-07 05:19:56,False,10000,129,0.0,0,0.48,0.8,0.3,0,0.5,10,9.5,10,rrt_20260807_051956_954.png
20260807_051957_513,2026-08-07 05:19:57,True,189,71,17.28,37,0.48,0.8,0.3,0,0.5,10,9.5,10,rrt_20260807_051957_513.png
20260807_051959_218,2026-08-07 05:19:59,False,10000,79,0.0,0,0.48,0.8,0.3,0,0.5,10,9.5,10,rrt_20260807_051959_218.png
20260807_051959_746,2026-08-07 05:19:59,True,220,72,17.760000000000005,38,0.48,0.9,0.3,0,0.5,10,9.5,10,rrt_20260807_051959_746.png
20260807_052000_236,2026-08-07 05:20:00,True,358,72,19.20000000000001,41,0.48,0.9,0.3,0,0.5,10,9.5,10,rrt_20260807_052000_236.png
20260807_052001_548,2026-08-07 05:20:01,False,10000,55,0.0,0,0.48,0.9,0.3,0,0.5,10,9.5,10,rrt_20260807_052001_548.png
20260807_052003_651,2026-08-07 05:20:03,False,10000,117,0.0,0,0.48,0.9,0.3,0,0.5,10,9.5,10,rrt_20260807_052003_651.png
20260807_052004_292,2026-08-07 05:20:04,True,846,134,17.280000000000005,37,0.48,0.9,0.3,0,0.5,10,9.5,10,rrt_20260807_052004_292.png
20260807_052006_504,2026-08-07 05:20:06,False,10000,109,0.0,0,0.48,0.9,0.3,0,0.5,10,9.5,10,rrt_20260807_052006_504.png
20260807_052008_708,2026-08-07 05:20:08,False,10000,138,0.0,0,0.48,0.9,0.3,0,0.5,10,9.5,10,rrt_20260807_052008_708.png
20260807_052010_547,2026-08-07 05:20:10,False,10000,95,0.0,0,0.48,0.9,0.3,0,0.5,10,9.5,10,rrt_20260807_052010_547.png
20260807_052012_379,2026-08-07 05:20:12,False,10000,78,0.0,0,0.48,0.9,0.3,0,0.5,10,9.5,10,rrt_20260807_052012_379.png
20260807_052014_351,2026-08-07 05:20:14,False,10000,109,0.0,0,0.48,0.9,0.3,0,0.5,10,9.5,10,rrt_20260807_052014_351.png
20260807_052016_755,2026-08-07 05:20:16,False,10000,140,0.0,0,0.48,0.9,0.3,0,0.5,10,9.5,10,rrt_20260807_052016_755.png
20260807_052018_665,2026-08-07 05:20:18,False,10000,107,0.0,0,0.48,0.9,0.3,0,0.5,10,9.5,10,rrt_20260807_052018_665.png
20260807_052020_661,2026-08-07 05:20:20,False,10000,122,0.0,0,0.48,0.9,0.3,0,0.5,10,9.5,10,rrt_20260807_052020_661.png
20260807_052021_409,2026-08-07 05:20:21,True,176,73,17.28000000000001,37,0.48,0.9,0.3,0,0.5,10,9.5,10,rrt_20260807_052021_409.png
20260807_052022_244,2026-08-07 05:20:22,True,1271,110,17.760000000000005,38,0.48,0.9,0.3,0,0.5,10,9.5,10,rrt_20260807_052022_244.png
20260807_052024_205,2026-08-07 05:20:24,False,10000,115,0.0,0,0.48,0.9,0.3,0,0.5,10,9.5,10,rrt_20260807_052024_205.png
20260807_052025_511,2026-08-07 05:20:25,False,10000,50,0.0,0,0.48,0.9,0.3,0,0.5,10,9.5,10,rrt_20260807_052025_511.png
20260807_052026_041,2026-08-07 05:20:26,True,325,105,17.28000000000001,37,0.48,0.9,0.3,0,0.5,10,9.5,10,rrt_20260807_052026_041.png
20260807_052027_817,2026-08-07 05:20:27,False,10000,94,0.0,0,0.48,0.9,0.3,0,0.5,10,9.5,10,rrt_20260807_052027_817.png
20260807_052029_919,2026-08-07 05:20:29,False,10000,123,0.0,0,0.48,0.9,0.3,0,0.5,10,9.5,10,rrt_20260807_052029_919.png
20260807_052030_571,2026-08-07 05:20:30,True,772,131,19.200000000000006,41,0.48,0.9,0.3,0,0.5,10,9.5,10,rrt_20260807_052030_571.png
20260807_052032_504,2026-08-07 05:20:32,False,10000,108,0.0,0,0.48,0.9,0.3,0,0.5,10,9.5,10,rrt_20260807_052032_504.png
20260807_052034_693,2026-08-07 05:20:34,False,10000,131,0.0,0,0.48,0.9,0.3,0,0.5,10,9.5,10,rrt_20260807_052034_693.png
20260807_052036_739,2026-08-07 05:20:36,False,10000,93,0.0,0,0.48,0.9,0.3,0,0.5,10,9.5,10,rrt_20260807_052036_739.png
20260807_052037_444,2026-08-07 05:20:37,True,1597,133,21.600000000000012,46,0.48,0.9,0.3,0,0.5,10,9.5,10,rrt_20260807_052037_444.png
20260807_052039_777,2026-08-07 05:20:39,False,10000,144,0.0,0,0.48,0.9,0.3,0,0.5,10,9.5,10,rrt_20260807_052039_777.png
20260807_052042_587,2026-08-07 05:20:42,False,10000,177,0.0,0,0.48,0.9,0.3,0,0.5,10,9.5,10,rrt_20260807_052042_587.png
20260807_052043_902,2026-08-07 05:20:43,False,10000,48,0.0,0,0.48,0.9,0.3,0,0.5,10,9.5,10,rrt_20260807_052043_902.png
20260807_052044_484,2026-08-07 05:20:44,True,217,70,18.240000000000002,39,0.48,0.9,0.3,0,0.5,10,9.5,10,rrt_20260807_052044_484.png
20260807_052045_021,2026-08-07 05:20:45,True,682,96,18.180615495688617,39,0.48,0.9,0.3,0,0.5,10,9.5,10,rrt_20260807_052045_021.png
20260807_052045_646,2026-08-07 05:20:45,True,876,123,18.720000000000002,40,0.48,0.9,0.3,0,0.5,10,9.5,10,rrt_20260807_052045_646.png
20260807_052046_252,2026-08-07 05:20:46,True,729,167,17.760000000000005,38,0.48,0.9,0.3,0,0.5,10,9.5,10,rrt_20260807_052046_252.png
20260807_052047_090,2026-08-07 05:20:47,True,1160,131,20.591981438545922,44,0.48,0.9,0.3,0,0.5,10,9.5,10,rrt_20260807_052047_090.png
20260807_052048_965,2026-08-07 05:20:48,False,10000,107,0.0,0,0.48,0.9,0.3,0,0.5,10,9.5,10,rrt_20260807_052048_965.png
20260807_052050_811,2026-08-07 05:20:50,False,10000,95,0.0,0,0.48,0.9,0.3,0,0.5,10,9.5,10,rrt_20260807_052050_811.png
20260807_052052_146,2026-08-07 05:20:52,False,10000,54,0.0,0,0.48,0.9,0.3,0,0.5,10,9.5,10,rrt_20260807_052052_146.png
20260807_052053_870,2026-08-07 05:20:53,False,10000,89,0.0,0,0.48,0.9,0.3,0,0.5,10,9.5,10,rrt_20260807_052053_870.png
20260807_052056_067,2026-08-07 05:20:56,False,10000,122,0.0,0,0.48,0.9,0.3,0,0.5,10,9.5,10,rrt_20260807_052056_067.png
20260807_052057_852,2026-08-07 05:20:57,False,10000,87,0.0,0,0.48,0.9,0.3,0,0.5,10,9.5,10,rrt_20260807_052057_852.png
20260807_052058_489,2026-08-07 05:20:58,True,1094,122,19.680000000000007,42,0.48,0.9,0.3,0,0.5,10,9.5,10,rrt_20260807_052058_489.png
20260807_052059_853,2026-08-07 05:20:59,False,10000,54,0.0,0,0.48,0.9,0.3,0,0.5,10,9.5,10,rrt_20260807_052059_853.png
20260807_052102_237,2026-08-07 05:21:02,False,10000,112,0.0,0,0.48,0.9,0.3,0,0.5,10,9.5,10,rrt_20260807_052102_237.png
20260807_052104_034,2026-08-07 05:21:04,False,10000,95,0.0,0,0.48,0.9,0.3,0,0.5,10,9.5,10,rrt_20260807_052104_034.png
20260807_052106_176,2026-08-07 05:21:06,False,10000,115,0.0,0,0.48,0.9,0.3,0,0.5,10,9.5,10,rrt_20260807_052106_176.png
20260807_052107_685,2026-08-07 05:21:07,False,10000,70,0.0,0,0.48,0.9,0.3,0,0.5,10,9.5,10,rrt_20260807_052107_685.png
20260807_052109_078,2026-08-07 05:21:09,False,10000,50,0.0,0,0.48,0.9,0.3,0,0.5,10,9.5,10,rrt_20260807_052109_078.png
20260807_052109_714,2026-08-07 05:21:09,True,1020,114,16.800000000000004,36,0.48,0.9,0.3,0,0.5,10,9.5,10,rrt_20260807_052109_714.png
20260807_052110_311,2026-08-07 05:21:10,True,1133,132,17.760000000000005,38,0.48,0.9,0.3,0,0.5,10,9.5,10,rrt_20260807_052110_311.png
20260807_052110_966,2026-08-07 05:21:10,True,693,108,17.280000000000005,37,0.48,0.9,0.3,0,0.5,10,9.5,10,rrt_20260807_052110_966.png
20260807_052113_274,2026-08-07 05:21:13,False,10000,106,0.0,0,0.48,0.9,0.3,0,0.5,10,9.5,10,rrt_20260807_052113_274.png
20260807_052115_031,2026-08-07 05:21:15,False,10000,86,0.0,0,0.48,0.9,0.3,0,0.5,10,9.5,10,rrt_20260807_052115_031.png
20260807_052115_600,2026-08-07 05:21:15,True,487,107,19.03041076890542,41,0.48,0.9,0.3,0,0.5,10,9.5,10,rrt_20260807_052115_600.png
20260807_052116_187,2026-08-07 05:21:16,True,783,109,18.541182528203564,40,0.48,0.9,0.3,0,0.5,10,9.5,10,rrt_20260807_052116_187.png
20260807_052116_787,2026-08-07 05:21:16,True,1116,111,18.720000000000002,40,0.48,0.9,0.3,0,0.5,10,9.5,10,rrt_20260807_052116_787.png
20260807_052118_693,2026-08-07 05:21:18,False,10000,103,0.0,0,0.48,0.9,0.3,0,0.5,10,9.5,10,rrt_20260807_052118_693.png
20260807_052119_212,2026-08-07 05:21:19,True,236,85,20.640000000000008,44,0.48,0.9,0.3,0,0.5,10,9.5,10,rrt_20260807_052119_212.png
20260807_052120_434,2026-08-07 05:21:20,False,10000,49,0.0,0,0.48,0.9,0.3,0,0.5,10,9.5,10,rrt_20260807_052120_434.png
20260807_052122_769,2026-08-07 05:21:22,False,10000,134,0.0,0,0.48,0.9,0.3,0,0.5,10,9.5,10,rrt_20260807_052122_769.png
20260807_052125_175,2026-08-07 05:21:25,False,10000,131,0.0,0,0.48,0.9,0.3,0,0.5,10,9.5,10,rrt_20260807_052125_175.png
20260807_052127_155,2026-08-07 05:21:27,False,10000,114,0.0,0,0.48,0.9,0.3,0,0.5,10,9.5,10,rrt_20260807_052127_155.png
20260807_052127_647,2026-08-07 05:21:27,True,289,76,18.240000000000002,39,0.48,0.9,0.3,0,0.5,10,9.5,10,rrt_20260807_052127_647.png
20260807_052128_205,2026-08-07 05:21:28,True,1069,122,19.03578197592888,41,0.48,0.9,0.3,0,0.5,10,9.5,10,rrt_20260807_052128_205.png
20260807_052129_942,2026-08-07 05:21:29,False,10000,92,0.0,0,0.48,0.9,0.3,0,0.5,10,9.5,10,rrt_20260807_052129_942.png
20260807_052131_706,2026-08-07 05:21:31,False,10000,87,0.0,0,0.48,0.9,0.3,0,0.5,10,9.5,10,rrt_20260807_052131_706.png
20260807_052133_815,2026-08-07 05:21:33,False,10000,127,0.0,0,0.48,0.9,0.3,0,0.5,10,9.5,10,rrt_20260807_052133_815.png
20260807_052136_134,2026-08-07 05:21:36,False,10000,143,0.0,0,0.48,0.9,0.3,0,0.5,10,9.5,10,rrt_20260807_052136_134.png
20260807_052138_196,2026-08-07 05:21:38,False,10000,123,0.0,0,0.48,0.9,0.3,0,0.5,10,9.5,10,rrt_20260807_052138_196.png
20260807_052139_731,2026-08-07 05:21:39,False,10000,52,0.0,0,0.48,0.9,0.3,0,0.5,10,9.5,10,rrt_20260807_052139_731.png
20260807_052140_203,2026-08-07 05:21:40,True,161,76,18.16724199834587,39,0.48,0.9,0.3,0,0.5,10,9.5,10,rrt_20260807_052140_203.png
20260807_052142_320,2026-08-07 05:21:42,False,10000,133,0.0,0,0.48,0.9,0.3,0,0.5,10,9.5,10,rrt_20260807_052142_320.png
20260807_052143_190,2026-08-07 05:21:43,True,2608,150,22.560000000000013,48,0.48,0.9,0.3,0,0.5,10,9.5,10,rrt_20260807_052143_190.png
20260807_052145_433,2026-08-07 05:21:45,False,10000,142,0.0,0,0.48,0.9,0.3,0,0.5,10,9.5,10,rrt_20260807_052145_433.png
20260807_052146_186,2026-08-07 05:21:46,True,405,85,17.28000000000001,37,0.48,0.9,0.3,0,0.5,10,9.5,10,rrt_20260807_052146_186.png
20260807_052147_857,2026-08-07 05:21:47,False,10000,80,0.0,0,0.48,0.9,0.3,0,0.5,10,9.5,10,rrt_20260807_052147_857.png
20260807_052150_007,2026-08-07 05:21:50,False,10000,122,0.0,0,0.48,0.9,0.3,0,0.5,10,9.5,10,rrt_20260807_052150_007.png
20260807_052152_009,2026-08-07 05:21:52,False,10000,115,0.0,0,0.48,0.9,0.3,0,0.5,10,9.5,10,rrt_20260807_052152_009.png
20260807_052154_254,2026-08-07 05:21:54,False,10000,114,0.0,0,0.48,0.9,0.3,0,0.5,10,9.5,10,rrt_20260807_052154_254.png
20260807_052156_202,2026-08-07 05:21:56,False,10000,109,0.0,0,0.48,0.9,0.3,0,0.5,10,9.5,10,rrt_20260807_052156_202.png
20260807_052157_425,2026-08-07 05:21:57,False,10000,48,0.0,0,0.48,0.9,0.3,0,0.5,10,9.5,10,rrt_20260807_052157_425.png
20260807_052158_749,2026-08-07 05:21:58,False,10000,65,0.0,0,0.48,0.9,0.3,0,0.5,10,9.5,10,rrt_20260807_052158_749.png
20260807_052159_349,2026-08-07 05:21:59,True,803,121,18.24,39,0.48,0.9,0.3,0,0.5,10,9.5,10,rrt_20260807_052159_349.png
20260807_052201_549,2026-08-07 05:22:01,False,10000,125,0.0,0,0.48,0.9,0.3,0,0.5,10,9.5,10,rrt_20260807_052201_549.png
20260807_052202_324,2026-08-07 05:22:02,True,1735,159,17.760000000000005,38,0.48,0.9,0.3,0,0.5,10,9.5,10,rrt_20260807_052202_324.png
20260807_052202_803,2026-08-07 05:22:02,True,434,92,18.240000000000006,39,0.48,0.9,0.3,0,0.5,10,9.5,10,rrt_20260807_052202_803.png
20260807_052204_822,2026-08-07 05:22:04,False,10000,120,0.0,0,0.48,0.9,0.3,0,0.5,10,9.5,10,rrt_20260807_052204_822.png
20260807_052207_002,2026-08-07 05:22:07,False,10000,117,0.0,0,0.48,0.9,0.3,0,0.5,10,9.5,10,rrt_20260807_052207_002.png
20260807_052207_737,2026-08-07 05:22:07,True,1406,145,20.160000000000007,43,0.48,0.9,0.3,0,0.5,10,9.5,10,rrt_20260807_052207_737.png
20260807_052209_495,2026-08-07 05:22:09,False,10000,91,0.0,0,0.48,0.9,0.3,0,0.5,10,9.5,10,rrt_20260807_052209_495.png
20260807_052211_320,2026-08-07 05:22:11,False,10000,91,0.0,0,0.48,0.9,0.3,0,0.5,10,9.5,10,rrt_20260807_052211_320.png
20260807_052212_992,2026-08-07 05:22:12,False,10000,83,0.0,0,0.48,0.9,0.3,0,0.5,10,9.5,10,rrt_20260807_052212_992.png
20260807_052214_299,2026-08-07 05:22:14,False,10000,51,0.0,0,0.48,0.9,0.3,0,0.5,10,9.5,10,rrt_20260807_052214_299.png
20260807_052216_107,2026-08-07 05:22:16,False,10000,92,0.0,0,0.48,0.9,0.3,0,0.5,10,9.5,10,rrt_20260807_052216_107.png
20260807_052216_825,2026-08-07 05:22:16,True,1740,118,18.240000000000006,39,0.48,0.9,0.3,0,0.5,10,9.5,10,rrt_20260807_052216_825.png
20260807_052218_695,2026-08-07 05:22:18,False,10000,110,0.0,0,0.48,0.9,0.3,0,0.5,10,9.5,10,rrt_20260807_052218_695.png
20260807_052220_658,2026-08-07 05:22:20,False,10000,81,0.0,0,0.48,0.9,0.3,0,0.5,10,9.5,10,rrt_20260807_052220_658.png
20260807_052221_225,2026-08-07 05:22:21,True,846,119,18.618623990157406,40,0.48,0.9,0.3,0,0.5,10,9.5,10,rrt_20260807_052221_225.png
20260807_052222_858,2026-08-07 05:22:22,False,10000,85,0.0,0,0.48,0.9,0.3,0,0.5,10,9.5,10,rrt_20260807_052222_858.png
20260807_052223_497,2026-08-07 05:22:23,True,1450,117,18.240000000000006,39,0.48,0.9,0.3,0,0.5,10,9.5,10,rrt_20260807_052223_497.png
20260807_052223_975,2026-08-07 05:22:23,True,490,110,21.007888162056343,45,0.48,0.9,0.3,0,0.5,10,9.5,10,rrt_20260807_052223_975.png
20260807_052225_639,2026-08-07 05:22:25,False,10000,76,0.0,0,0.48,0.9,0.3,0,0.5,10,9.5,10,rrt_20260807_052225_639.png
20260807_052227_404,2026-08-07 05:22:27,False,10000,90,0.0,0,0.48,1.0,0.3,0,0.5,10,9.5,10,rrt_20260807_052227_404.png
20260807_052228_107,2026-08-07 05:22:28,True,1129,140,17.28,37,0.48,1.0,0.3,0,0.5,10,9.5,10,rrt_20260807_052228_107.png
20260807_052230_095,2026-08-07 05:22:30,False,10000,120,0.0,0,0.48,1.0,0.3,0,0.5,10,9.5,10,rrt_20260807_052230_095.png
20260807_052232_336,2026-08-07 05:22:32,False,10000,121,0.0,0,0.48,1.0,0.3,0,0.5,10,9.5,10,rrt_20260807_052232_336.png
20260807_052234_207,2026-08-07 05:22:34,False,10000,105,0.0,0,0.48,1.0,0.3,0,0.5,10,9.5,10,rrt_20260807_052234_207.png
20260807_052236_380,2026-08-07 05:22:36,False,10000,128,0.0,0,0.48,1.0,0.3,0,0.5,10,9.5,10,rrt_20260807_052236_380.png
20260807_052238_443,2026-08-07 05:22:38,False,10000,117,0.0,0,0.48,1.0,0.3,0,0.5,10,9.5,10,rrt_20260807_052238_443.png
20260807_052240_319,2026-08-07 05:22:40,False,10000,104,0.0,0,0.48,1.0,0.3,0,0.5,10,9.5,10,rrt_20260807_052240_319.png
20260807_052240_999,2026-08-07 05:22:40,True,1431,158,20.160000000000007,43,0.48,1.0,0.3,0,0.5,10,9.5,10,rrt_20260807_052240_999.png
20260807_052242_759,2026-08-07 05:22:42,False,10000,98,0.0,0,0.48,1.0,0.3,0,0.5,10,9.5,10,rrt_20260807_052242_759.png
20260807_052244_526,2026-08-07 05:22:44,False,10000,98,0.0,0,0.48,1.0,0.3,0,0.5,10,9.5,10,rrt_20260807_052244_526.png
20260807_052246_775,2026-08-07 05:22:46,False,10000,109,0.0,0,0.48,1.0,0.3,0,0.5,10,9.5,10,rrt_20260807_052246_775.png
20260807_052248_911,2026-08-07 05:22:48,False,10000,132,0.0,0,0.48,1.0,0.3,0,0.5,10,9.5,10,rrt_20260807_052248_911.png
20260807_052250_694,2026-08-07 05:22:50,False,10000,95,0.0,0,0.48,1.0,0.3,0,0.5,10,9.5,10,rrt_20260807_052250_694.png
20260807_052252_955,2026-08-07 05:22:52,False,10000,141,0.0,0,0.48,1.0,0.3,0,0.5,10,9.5,10,rrt_20260807_052252_955.png
20260807_052254_886,2026-08-07 05:22:54,False,10000,107,0.0,0,0.48,1.0,0.3,0,0.5,10,9.5,10,rrt_20260807_052254_886.png
20260807_052256_331,2026-08-07 05:22:56,False,10000,53,0.0,0,0.48,1.0,0.3,0,0.5,10,9.5,10,rrt_20260807_052256_331.png
20260807_052258_510,2026-08-07 05:22:58,False,10000,136,0.0,0,0.48,1.0,0.3,0,0.5,10,9.5,10,rrt_20260807_052258_510.png
20260807_052259_210,2026-08-07 05:22:59,True,997,108,17.759999999999998,38,0.48,1.0,0.3,0,0.5,10,9.5,10,rrt_20260807_052259_210.png
20260807_052301_157,2026-08-07 05:23:01,False,10000,110,0.0,0,0.48,1.0,0.3,0,0.5,10,9.5,10,rrt_20260807_052301_157.png
20260807_052303_736,2026-08-07 05:23:03,False,10000,153,0.0,0,0.48,1.0,0.3,0,0.5,10,9.5,10,rrt_20260807_052303_736.png
20260807_052304_352,2026-08-07 05:23:04,True,939,125,19.200000000000006,41,0.48,1.0,0.3,0,0.5,10,9.5,10,rrt_20260807_052304_352.png
20260807_052306_387,2026-08-07 05:23:06,False,10000,116,0.0,0,0.48,1.0,0.3,0,0.5,10,9.5,10,rrt_20260807_052306_387.png
20260807_052308_379,2026-08-07 05:23:08,False,10000,114,0.0,0,0.48,1.0,0.3,0,0.5,10,9.5,10,rrt_20260807_052308_379.png
20260807_052309_739,2026-08-07 05:23:09,False,10000,58,0.0,0,0.48,1.0,0.3,0,0.5,10,9.5,10,rrt_20260807_052309_739.png
20260807_052312_170,2026-08-07 05:23:12,False,10000,159,0.0,0,0.48,1.0,0.3,0,0.5,10,9.5,10,rrt_20260807_052312_170.png
20260807_052314_126,2026-08-07 05:23:14,False,10000,108,0.0,0,0.48,1.0,0.3,0,0.5,10,9.5,10,rrt_20260807_052314_126.png
20260807_052316_308,2026-08-07 05:23:16,False,10000,130,0.0,0,0.48,1.0,0.3,0,0.5,10,9.5,10,rrt_20260807_052316_308.png
20260807_052318_193,2026-08-07 05:23:18,False,10000,97,0.0,0,0.48,1.0,0.3,0,0.5,10,9.5,10,rrt_20260807_052318_193.png
20260807_052320_444,2026-08-07 05:23:20,False,10000,115,0.0,0,0.48,1.0,0.3,0,0.5,10,9.5,10,rrt_20260807_052320_444.png
20260807_052321_345,2026-08-07 05:23:21,True,2090,134,19.68000000000001,42,0.48,1.0,0.3,0,0.5,10,9.5,10,rrt_20260807_052321_345.png
20260807_052323_152,2026-08-07 05:23:23,False,10000,104,0.0,0,0.48,1.0,0.3,0,0.5,10,9.5,10,rrt_20260807_052323_152.png
20260807_052324_556,2026-08-07 05:23:24,False,10000,56,0.0,0,0.48,1.0,0.3,0,0.5,10,9.5,10,rrt_20260807_052324_556.png
20260807_052326_491,2026-08-07 05:23:26,False,10000,112,0.0,0,0.48,1.0,0.3,0,0.5,10,9.5,10,rrt_20260807_052326_491.png
20260807_052327_236,2026-08-07 05:23:27,True,1936,135,19.200000000000006,41,0.48,1.0,0.3,0,0.5,10,9.5,10,rrt_20260807_052327_236.png
20260807_052329_212,2026-08-07 05:23:29,False,10000,115,0.0,0,0.48,1.0,0.3,0,0.5,10,9.5,10,rrt_20260807_052329_212.png
20260807_052330_882,2026-08-07 05:23:30,False,10000,73,0.0,0,0.48,1.0,0.3,0,0.5,10,9.5,10,rrt_20260807_052330_882.png
20260807_052333_191,2026-08-07 05:23:33,False,10000,135,0.0,0,0.48,1.0,0.3,0,0.5,10,9.5,10,rrt_20260807_052333_191.png
20260807_052335_722,2026-08-07 05:23:35,False,10000,136,0.0,0,0.48,1.0,0.3,0,0.5,10,9.5,10,rrt_20260807_052335_722.png
20260807_052337_563,2026-08-07 05:23:37,False,10000,101,0.0,0,0.48,1.0,0.3,0,0.5,10,9.5,10,rrt_20260807_052337_563.png
20260807_052338_129,2026-08-07 05:23:38,True,689,136,19.680000000000003,42,0.48,1.0,0.3,0,0.5,10,9.5,10,rrt_20260807_052338_129.png
20260807_052340_489,2026-08-07 05:23:40,False,10000,160,0.0,0,0.48,1.0,0.3,0,0.5,10,9.5,10,rrt_20260807_052340_489.png
20260807_052342_172,2026-08-07 05:23:42,False,10000,83,0.0,0,0.48,1.0,0.3,0,0.5,10,9.5,10,rrt_20260807_052342_172.png
20260807_052342_809,2026-08-07 05:23:42,True,1154,119,18.24000000000001,39,0.48,1.0,0.3,0,0.5,10,9.5,10,rrt_20260807_052342_809.png
20260807_052345_183,2026-08-07 05:23:45,False,10000,156,0.0,0,0.48,1.0,0.3,0,0.5,10,9.5,10,rrt_20260807_052345_183.png
20260807_052347_105,2026-08-07 05:23:47,False,10000,90,0.0,0,0.48,1.0,0.3,0,0.5,10,9.5,10,rrt_20260807_052347_105.png
20260807_052349_133,2026-08-07 05:23:49,False,10000,118,0.0,0,0.48,1.0,0.3,0,0.5,10,9.5,10,rrt_20260807_052349_133.png
20260807_052351_072,2026-08-07 05:23:51,False,10000,93,0.0,0,0.48,1.0,0.3,0,0.5,10,9.5,10,rrt_20260807_052351_072.png
20260807_052353_170,2026-08-07 05:23:53,False,10000,125,0.0,0,0.48,1.0,0.3,0,0.5,10,9.5,10,rrt_20260807_052353_170.png
20260807_052355_050,2026-08-07 05:23:55,False,10000,107,0.0,0,0.48,1.0,0.3,0,0.5,10,9.5,10,rrt_20260807_052355_050.png
20260807_052355_750,2026-08-07 05:23:55,True,1104,169,17.76000000000001,38,0.48,1.0,0.3,0,0.5,10,9.5,10,rrt_20260807_052355_750.png
20260807_052357_871,2026-08-07 05:23:57,False,10000,130,0.0,0,0.48,1.0,0.3,0,0.5,10,9.5,10,rrt_20260807_052357_871.png
20260807_052358_507,2026-08-07 05:23:58,True,1048,159,18.720000000000006,40,0.48,1.0,0.3,0,0.5,10,9.5,10,rrt_20260807_052358_507.png
20260807_052400_974,2026-08-07 05:24:00,False,10000,166,0.0,0,0.48,1.0,0.3,0,0.5,10,9.5,10,rrt_20260807_052400_974.png
20260807_052403_888,2026-08-07 05:24:03,False,10000,188,0.0,0,0.48,1.0,0.3,0,0.5,10,9.5,10,rrt_20260807_052403_888.png
20260807_052404_428,2026-08-07 05:24:04,True,504,105,19.68000000000001,42,0.48,1.0,0.3,0,0.5,10,9.5,10,rrt_20260807_052404_428.png
20260807_052406_485,2026-08-07 05:24:06,False,10000,101,0.0,0,0.48,1.0,0.3,0,0.5,10,9.5,10,rrt_20260807_052406_485.png
20260807_052407_794,2026-08-07 05:24:07,False,10000,48,0.0,0,0.48,1.0,0.3,0,0.5,10,9.5,10,rrt_20260807_052407_794.png
20260807_052409_906,2026-08-07 05:24:09,False,10000,130,0.0,0,0.48,1.0,0.3,0,0.5,10,9.5,10,rrt_20260807_052409_906.png
20260807_052412_141,2026-08-07 05:24:12,False,10000,134,0.0,0,0.48,1.0,0.3,0,0.5,10,9.5,10,rrt_20260807_052412_141.png
20260807_052413_532,2026-08-07 05:24:13,False,10000,48,0.0,0,0.48,1.0,0.3,0,0.5,10,9.5,10,rrt_20260807_052413_532.png
20260807_052416_114,2026-08-07 05:24:16,False,10000,177,0.0,0,0.48,1.0,0.3,0,0.5,10,9.5,10,rrt_20260807_052416_114.png
20260807_052418_528,2026-08-07 05:24:18,False,10000,153,0.0,0,0.48,1.0,0.3,0,0.5,10,9.5,10,rrt_20260807_052418_528.png
20260807_052420_440,2026-08-07 05:24:20,False,10000,108,0.0,0,0.48,1.0,0.3,0,0.5,10,9.5,10,rrt_20260807_052420_440.png
20260807_052422_548,2026-08-07 05:24:22,False,10000,127,0.0,0,0.48,1.0,0.3,0,0.5,10,9.5,10,rrt_20260807_052422_548.png
20260807_052424_525,2026-08-07 05:24:24,False,10000,87,0.0,0,0.48,1.0,0.3,0,0.5,10,9.5,10,rrt_20260807_052424_525.png
20260807_052425_054,2026-08-07 05:24:25,True,639,94,19.68000000000001,42,0.48,1.0,0.3,0,0.5,10,9.5,10,rrt_20260807_052425_054.png
20260807_052426_883,2026-08-07 05:24:26,False,10000,100,0.0,0,0.48,1.0,0.3,0,0.5,10,9.5,10,rrt_20260807_052426_883.png
20260807_052427_493,2026-08-07 05:24:27,True,645,120,18.720000000000006,40,0.48,1.0,0.3,0,0.5,10,9.5,10,rrt_20260807_052427_493.png
20260807_052429_310,2026-08-07 05:24:29,False,10000,106,0.0,0,0.48,1.0,0.3,0,0.5,10,9.5,10,rrt_20260807_052429_310.png
20260807_052431_232,2026-08-07 05:24:31,False,10000,97,0.0,0,0.48,1.0,0.3,0,0.5,10,9.5,10,rrt_20260807_052431_232.png
20260807_052431_811,2026-08-07 05:24:31,True,612,116,18.720000000000006,40,0.48,1.0,0.3,0,0.5,10,9.5,10,rrt_20260807_052431_811.png
20260807_052433_532,2026-08-07 05:24:33,False,10000,88,0.0,0,0.48,1.0,0.3,0,0.5,10,9.5,10,rrt_20260807_052433_532.png
20260807_052435_797,2026-08-07 05:24:35,False,10000,124,0.0,0,0.48,1.0,0.3,0,0.5,10,9.5,10,rrt_20260807_052435_797.png
20260807_052437_953,2026-08-07 05:24:37,False,10000,107,0.0,0,0.48,1.0,0.3,0,0.5,10,9.5,10,rrt_20260807_052437_953.png
20260807_052439_937,2026-08-07 05:24:39,False,10000,113,0.0,0,0.48,1.0,0.3,0,0.5,10,9.5,10,rrt_20260807_052439_937.png
20260807_052442_029,2026-08-07 05:24:42,False,10000,125,0.0,0,0.48,1.0,0.3,0,0.5,10,9.5,10,rrt_20260807_052442_029.png
20260807_052444_070,2026-08-07 05:24:44,False,10000,122,0.0,0,0.48,1.0,0.3,0,0.5,10,9.5,10,rrt_20260807_052444_070.png
20260807_052444_738,2026-08-07 05:24:44,True,1289,136,20.64000000000001,44,0.48,1.0,0.3,0,0.5,10,9.5,10,rrt_20260807_052444_738.png
20260807_052446_532,2026-08-07 05:24:46,False,10000,94,0.0,0,0.48,1.0,0.3,0,0.5,10,9.5,10,rrt_20260807_052446_532.png
20260807_052447_277,2026-08-07 05:24:47,True,1920,135,19.200000000000006,41,0.48,1.0,0.3,0,0.5,10,9.5,10,rrt_20260807_052447_277.png
20260807_052448_943,2026-08-07 05:24:48,False,10000,81,0.0,0,0.48,1.0,0.3,0,0.5,10,9.5,10,rrt_20260807_052448_943.png
20260807_052450_502,2026-08-07 05:24:50,False,10000,49,0.0,0,0.48,1.0,0.3,0,0.5,10,9.5,10,rrt_20260807_052450_502.png
20260807_052451_201,2026-08-07 05:24:51,True,1548,123,17.76,38,0.48,1.0,0.3,0,0.5,10,9.5,10,rrt_20260807_052451_201.png
20260807_052452_967,2026-08-07 05:24:52,False,10000,98,0.0,0,0.48,1.0,0.3,0,0.5,10,9.5,10,rrt_20260807_052452_967.png
20260807_052453_534,2026-08-07 05:24:53,True,716,126,17.76000000000001,38,0.48,1.0,0.3,0,0.5,10,9.5,10,rrt_20260807_052453_534.png
20260807_052456_039,2026-08-07 05:24:56,False,10000,167,0.0,0,0.48,1.0,0.3,0,0.5,10,9.5,10,rrt_20260807_052456_039.png
20260807_052458_035,2026-08-07 05:24:58,False,10000,114,0.0,0,0.48,1.0,0.3,0,0.5,10,9.5,10,rrt_20260807_052458_035.png
20260807_052459_760,2026-08-07 05:24:59,False,10000,92,0.0,0,0.48,1.0,0.3,0,0.5,10,9.5,10,rrt_20260807_052459_760.png
20260807_052501_780,2026-08-07 05:25:01,False,10000,99,0.0,0,0.48,1.0,0.3,0,0.5,10,9.5,10,rrt_20260807_052501_780.png
20260807_052503_711,2026-08-07 05:25:03,False,10000,108,0.0,0,0.48,1.0,0.3,0,0.5,10,9.5,10,rrt_20260807_052503_711.png
20260807_052506_059,2026-08-07 05:25:06,False,10000,133,0.0,0,0.48,1.0,0.3,0,0.5,10,9.5,10,rrt_20260807_052506_059.png
20260807_052508_049,2026-08-07 05:25:08,False,10000,112,0.0,0,0.48,1.0,0.3,0,0.5,10,9.5,10,rrt_20260807_052508_049.png
20260807_052510_159,2026-08-07 05:25:10,False,10000,128,0.0,0,0.48,1.0,0.3,0,0.5,10,9.5,10,rrt_20260807_052510_159.png
20260807_052512_208,2026-08-07 05:25:12,False,10000,108,0.0,0,0.48,1.0,0.3,0,0.5,10,9.5,10,rrt_20260807_052512_208.png
20260807_052512_812,2026-08-07 05:25:12,True,869,125,18.72000000000001,40,0.48,1.0,0.3,0,0.5,10,9.5,10,rrt_20260807_052512_812.png
20260807_052513_659,2026-08-07 05:25:13,True,2107,189,19.68000000000001,42,0.48,1.0,0.3,0,0.5,10,9.5,10,rrt_20260807_052513_659.png
20260807_052515_812,2026-08-07 05:25:15,False,10000,126,0.0,0,0.48,1.0,0.3,0,0.5,10,9.5,10,rrt_20260807_052515_812.png
20260807_052517_761,2026-08-07 05:25:17,False,10000,108,0.0,0,0.48,1.0,0.3,0,0.5,10,9.5,10,rrt_20260807_052517_761.png
20260807_052519_725,2026-08-07 05:25:19,False,10000,118,0.0,0,0.48,1.0,0.3,0,0.5,10,9.5,10,rrt_20260807_052519_725.png
20260807_052522_176,2026-08-07 05:25:22,False,10000,107,0.0,0,0.5,0.1,0.3,0,0.5,10,9.5,10,rrt_20260807_052522_176.png
20260807_052523_761,2026-08-07 05:25:23,False,10000,96,0.0,0,0.5,0.1,0.3,0,0.5,10,9.5,10,rrt_20260807_052523_761.png
20260807_052525_853,2026-08-07 05:25:25,False,10000,115,0.0,0,0.5,0.1,0.3,0,0.5,10,9.5,10,rrt_20260807_052525_853.png
20260807_052527_086,2026-08-07 05:25:27,False,10000,44,0.0,0,0.5,0.1,0.3,0,0.5,10,9.5,10,rrt_20260807_052527_086.png
20260807_052528_660,2026-08-07 05:25:28,True,9208,114,17.0,35,0.5,0.1,0.3,0,0.5,10,9.5,10,rrt_20260807_052528_660.png
20260807_052530_588,2026-08-07 05:25:30,False,10000,130,0.0,0,0.5,0.1,0.3,0,0.5,10,9.5,10,rrt_20260807_052530_588.png
20260807_052531_383,2026-08-07 05:25:31,True,3546,86,16.0,33,0.5,0.1,0.3,0,0.5,10,9.5,10,rrt_20260807_052531_383.png
20260807_052531_929,2026-08-07 05:25:31,True,2037,73,16.32461460832406,34,0.5,0.1,0.3,0,0.5,10,9.5,10,rrt_20260807_052531_929.png
20260807_052533_027,2026-08-07 05:25:33,True,6207,93,19.0,39,0.5,0.1,0.3,0,0.5,10,9.5,10,rrt_20260807_052533_027.png
20260807_052534_966,2026-08-07 05:25:34,False,10000,98,0.0,0,0.5,0.1,0.3,0,0.5,10,9.5,10,rrt_20260807_052534_966.png
20260807_052536_647,2026-08-07 05:25:36,False,10000,115,0.0,0,0.5,0.1,0.3,0,0.5,10,9.5,10,rrt_20260807_052536_647.png
20260807_052537_941,2026-08-07 05:25:37,False,10000,46,0.0,0,0.5,0.1,0.3,0,0.5,10,9.5,10,rrt_20260807_052537_941.png
20260807_052539_967,2026-08-07 05:25:39,False,10000,110,0.0,0,0.5,0.1,0.3,0,0.5,10,9.5,10,rrt_20260807_052539_967.png
20260807_052540_711,2026-08-07 05:25:40,True,3657,73,17.32584889397381,36,0.5,0.1,0.3,0,0.5,10,9.5,10,rrt_20260807_052540_711.png
20260807_052541_867,2026-08-07 05:25:41,False,10000,53,0.0,0,0.5,0.1,0.3,0,0.5,10,9.5,10,rrt_20260807_052541_867.png
20260807_052543_635,2026-08-07 05:25:43,False,10000,128,0.0,0,0.5,0.1,0.3,0,0.5,10,9.5,10,rrt_20260807_052543_635.png
20260807_052545_501,2026-08-07 05:25:45,False,10000,123,0.0,0,0.5,0.1,0.3,0,0.5,10,9.5,10,rrt_20260807_052545_501.png
20260807_052547_274,2026-08-07 05:25:47,False,10000,112,0.0,0,0.5,0.1,0.3,0,0.5,10,9.5,10,rrt_20260807_052547_274.png
20260807_052548_684,2026-08-07 05:25:48,True,5006,126,18.0,37,0.5,0.1,0.3,0,0.5,10,9.5,10,rrt_20260807_052548_684.png
20260807_052550_392,2026-08-07 05:25:50,False,10000,106,0.0,0,0.5,0.1,0.3,0,0.5,10,9.5,10,rrt_20260807_052550_392.png
20260807_052551_747,2026-08-07 05:25:51,False,10000,53,0.0,0,0.5,0.1,0.3,0,0.5,10,9.5,10,rrt_20260807_052551_747.png
20260807_052552_725,2026-08-07 05:25:52,True,5313,92,18.0,37,0.5,0.1,0.3,0,0.5,10,9.5,10,rrt_20260807_052552_725.png
20260807_052553_526,2026-08-07 05:25:53,True,3872,93,17.820153195759417,37,0.5,0.1,0.3,0,0.5,10,9.5,10,rrt_20260807_052553_526.png
20260807_052554_625,2026-08-07 05:25:54,False,10000,45,0.0,0,0.5,0.1,0.3,0,0.5,10,9.5,10,rrt_20260807_052554_625.png
20260807_052555_743,2026-08-07 05:25:55,True,6252,94,17.0,35,0.5,0.1,0.3,0,0.5,10,9.5,10,rrt_20260807_052555_743.png
20260807_052557_089,2026-08-07 05:25:57,False,10000,52,0.0,0,0.5,0.1,0.3,0,0.5,10,9.5,10,rrt_20260807_052557_089.png
20260807_052557_726,2026-08-07 05:25:57,True,2342,73,19.495223751727167,40,0.5,0.1,0.3,0,0.5,10,9.5,10,rrt_20260807_052557_726.png
20260807_052558_460,2026-08-07 05:25:58,True,1010,54,16.5,34,0.5,0.1,0.3,0,0.5,10,9.5,10,rrt_20260807_052558_460.png
20260807_052559_948,2026-08-07 05:25:59,False,10000,88,0.0,0,0.5,0.1,0.3,0,0.5,10,9.5,10,rrt_20260807_052559_948.png
20260807_052602_021,2026-08-07 05:26:02,False,10000,98,0.0,0,0.5,0.1,0.3,0,0.5,10,9.5,10,rrt_20260807_052602_021.png
20260807_052603_763,2026-08-07 05:26:03,False,10000,90,0.0,0,0.5,0.1,0.3,0,0.5,10,9.5,10,rrt_20260807_052603_763.png
20260807_052604_744,2026-08-07 05:26:04,True,5449,97,18.0,37,0.5,0.1,0.3,0,0.5,10,9.5,10,rrt_20260807_052604_744.png
20260807_052606_695,2026-08-07 05:26:06,False,10000,98,0.0,0,0.5,0.1,0.3,0,0.5,10,9.5,10,rrt_20260807_052606_695.png
20260807_052608_853,2026-08-07 05:26:08,False,10000,112,0.0,0,0.5,0.1,0.3,0,0.5,10,9.5,10,rrt_20260807_052608_853.png
20260807_052610_689,2026-08-07 05:26:10,False,10000,115,0.0,0,0.5,0.1,0.3,0,0.5,10,9.5,10,rrt_20260807_052610_689.png
20260807_052612_656,2026-08-07 05:26:12,False,10000,102,0.0,0,0.5,0.1,0.3,0,0.5,10,9.5,10,rrt_20260807_052612_656.png
20260807_052614_023,2026-08-07 05:26:14,True,5962,117,17.0,35,0.5,0.1,0.3,0,0.5,10,9.5,10,rrt_20260807_052614_023.png
20260807_052616_197,2026-08-07 05:26:16,False,10000,118,0.0,0,0.5,0.1,0.3,0,0.5,10,9.5,10,rrt_20260807_052616_197.png
20260807_052616_909,2026-08-07 05:26:16,True,2713,85,17.0,35,0.5,0.1,0.3,0,0.5,10,9.5,10,rrt_20260807_052616_909.png
20260807_052618_981,2026-08-07 05:26:18,False,10000,121,0.0,0,0.5,0.1,0.3,0,0.5,10,9.5,10,rrt_20260807_052618_981.png
20260807_052621_019,2026-08-07 05:26:21,False,10000,117,0.0,0,0.5,0.1,0.3,0,0.5,10,9.5,10,rrt_20260807_052621_019.png
20260807_052622_174,2026-08-07 05:26:22,False,10000,51,0.0,0,0.5,0.1,0.3,0,0.5,10,9.5,10,rrt_20260807_052622_174.png
20260807_052623_419,2026-08-07 05:26:23,False,10000,65,0.0,0,0.5,0.1,0.3,0,0.5,10,9.5,10,rrt_20260807_052623_419.png
20260807_052625_383,2026-08-07 05:26:25,False,10000,125,0.0,0,0.5,0.1,0.3,0,0.5,10,9.5,10,rrt_20260807_052625_383.png
20260807_052626_704,2026-08-07 05:26:26,True,7842,87,18.5,38,0.5,0.1,0.3,0,0.5,10,9.5,10,rrt_20260807_052626_704.png
20260807_052628_832,2026-08-07 05:26:28,False,10000,140,0.0,0,0.5,0.1,0.3,0,0.5,10,9.5,10,rrt_20260807_052628_832.png
20260807_052630_451,2026-08-07 05:26:30,False,10000,50,0.0,0,0.5,0.1,0.3,0,0.5,10,9.5,10,rrt_20260807_052630_451.png
20260807_052631_084,2026-08-07 05:26:31,True,1643,63,19.0,39,0.5,0.1,0.3,0,0.5,10,9.5,10,rrt_20260807_052631_084.png
20260807_052633_060,2026-08-07 05:26:33,False,10000,129,0.0,0,0.5,0.1,0.3,0,0.5,10,9.5,10,rrt_20260807_052633_060.png
20260807_052634_690,2026-08-07 05:26:34,False,10000,99,0.0,0,0.5,0.1,0.3,0,0.5,10,9.5,10,rrt_20260807_052634_690.png
20260807_052636_405,2026-08-07 05:26:36,False,10000,126,0.0,0,0.5,0.1,0.3,0,0.5,10,9.5,10,rrt_20260807_052636_405.png
20260807_052637_775,2026-08-07 05:26:37,False,10000,64,0.0,0,0.5,0.1,0.3,0,0.5,10,9.5,10,rrt_20260807_052637_775.png
20260807_052638_336,2026-08-07 05:26:38,True,1771,62,19.5,40,0.5,0.1,0.3,0,0.5,10,9.5,10,rrt_20260807_052638_336.png
20260807_052639_013,2026-08-07 05:26:39,True,688,46,16.5,34,0.5,0.1,0.3,0,0.5,10,9.5,10,rrt_20260807_052639_013.png
20260807_052640_041,2026-08-07 05:26:40,True,6364,82,19.5,40,0.5,0.1,0.3,0,0.5,10,9.5,10,rrt_20260807_052640_041.png
20260807_052642_190,2026-08-07 05:26:42,False,10000,132,0.0,0,0.5,0.1,0.3,0,0.5,10,9.5,10,rrt_20260807_052642_190.png
20260807_052643_280,2026-08-07 05:26:43,False,10000,45,0.0,0,0.5,0.1,0.3,0,0.5,10,9.5,10,rrt_20260807_052643_280.png
20260807_052644_982,2026-08-07 05:26:44,False,10000,99,0.0,0,0.5,0.1,0.3,0,0.5,10,9.5,10,rrt_20260807_052644_982.png
20260807_052645_705,2026-08-07 05:26:45,True,2785,74,18.31984029615319,38,0.5,0.1,0.3,0,0.5,10,9.5,10,rrt_20260807_052645_705.png
20260807_052646_700,2026-08-07 05:26:46,True,5384,102,17.5,36,0.5,0.1,0.3,0,0.5,10,9.5,10,rrt_20260807_052646_700.png
20260807_052648_069,2026-08-07 05:26:48,False,10000,52,0.0,0,0.5,0.1,0.3,0,0.5,10,9.5,10,rrt_20260807_052648_069.png
20260807_052649_985,2026-08-07 05:26:49,False,10000,95,0.0,0,0.5,0.1,0.3,0,0.5,10,9.5,10,rrt_20260807_052649_985.png
20260807_052652_299,2026-08-07 05:26:52,False,10000,117,0.0,0,0.5,0.1,0.3,0,0.5,10,9.5,10,rrt_20260807_052652_299.png
20260807_052653_441,2026-08-07 05:26:53,False,10000,52,0.0,0,0.5,0.1,0.3,0,0.5,10,9.5,10,rrt_20260807_052653_441.png
20260807_052655_476,2026-08-07 05:26:55,False,10000,113,0.0,0,0.5,0.1,0.3,0,0.5,10,9.5,10,rrt_20260807_052655_476.png
20260807_052657_535,2026-08-07 05:26:57,False,10000,90,0.0,0,0.5,0.1,0.3,0,0.5,10,9.5,10,rrt_20260807_052657_535.png
20260807_052659_011,2026-08-07 05:26:59,False,10000,75,0.0,0,0.5,0.1,0.3,0,0.5,10,9.5,10,rrt_20260807_052659_011.png
20260807_052700_424,2026-08-07 05:27:00,True,7845,114,18.0,37,0.5,0.1,0.3,0,0.5,10,9.5,10,rrt_20260807_052700_424.png
20260807_052702_510,2026-08-07 05:27:02,False,10000,124,0.0,0,0.5,0.1,0.3,0,0.5,10,9.5,10,rrt_20260807_052702_510.png
20260807_052704_043,2026-08-07 05:27:04,True,8091,125,16.5,34,0.5,0.1,0.3,0,0.5,10,9.5,10,rrt_20260807_052704_043.png
20260807_052705_857,2026-08-07 05:27:05,True,9447,146,17.5,36,0.5,0.1,0.3,0,0.5,10,9.5,10,rrt_20260807_052705_857.png
20260807_052707_583,2026-08-07 05:27:07,False,10000,87,0.0,0,0.5,0.1,0.3,0,0.5,10,9.5,10,rrt_20260807_052707_583.png
20260807_052709_167,2026-08-07 05:27:09,False,10000,91,0.0,0,0.5,0.1,0.3,0,0.5,10,9.5,10,rrt_20260807_052709_167.png
20260807_052711_044,2026-08-07 05:27:11,False,10000,102,0.0,0,0.5,0.1,0.3,0,0.5,10,9.5,10,rrt_20260807_052711_044.png
20260807_052711_725,2026-08-07 05:27:11,True,2256,96,18.5,38,0.5,0.1,0.3,0,0.5,10,9.5,10,rrt_20260807_052711_725.png
20260807_052713_248,2026-08-07 05:27:13,False,10000,91,0.0,0,0.5,0.1,0.3,0,0.5,10,9.5,10,rrt_20260807_052713_248.png
20260807_052714_860,2026-08-07 05:27:14,False,10000,99,0.0,0,0.5,0.1,0.3,0,0.5,10,9.5,10,rrt_20260807_052714_860.png
20260807_052716_898,2026-08-07 05:27:16,False,10000,93,0.0,0,0.5,0.1,0.3,0,0.5,10,9.5,10,rrt_20260807_052716_898.png
20260807_052718_370,2026-08-07 05:27:18,False,10000,88,0.0,0,0.5,0.1,0.3,0,0.5,10,9.5,10,rrt_20260807_052718_370.png
20260807_052720_322,2026-08-07 05:27:20,True,9475,121,18.5,38,0.5,0.1,0.3,0,0.5,10,9.5,10,rrt_20260807_052720_322.png
20260807_052722_290,2026-08-07 05:27:22,False,10000,109,0.0,0,0.5,0.1,0.3,0,0.5,10,9.5,10,rrt_20260807_052722_290.png
20260807_052724_047,2026-08-07 05:27:24,False,10000,109,0.0,0,0.5,0.1,0.3,0,0.5,10,9.5,10,rrt_20260807_052724_047.png
20260807_052725_982,2026-08-07 05:27:25,False,10000,119,0.0,0,0.5,0.1,0.3,0,0.5,10,9.5,10,rrt_20260807_052725_982.png
20260807_052728_181,2026-08-07 05:27:28,False,10000,129,0.0,0,0.5,0.1,0.3,0,0.5,10,9.5,10,rrt_20260807_052728_181.png
20260807_052729_608,2026-08-07 05:27:29,False,10000,55,0.0,0,0.5,0.1,0.3,0,0.5,10,9.5,10,rrt_20260807_052729_608.png
20260807_052731_237,2026-08-07 05:27:31,False,10000,109,0.0,0,0.5,0.1,0.3,0,0.5,10,9.5,10,rrt_20260807_052731_237.png
20260807_052732_403,2026-08-07 05:27:32,True,6729,102,17.0,35,0.5,0.1,0.3,0,0.5,10,9.5,10,rrt_20260807_052732_403.png
20260807_052733_817,2026-08-07 05:27:33,False,10000,54,0.0,0,0.5,0.1,0.3,0,0.5,10,9.5,10,rrt_20260807_052733_817.png
20260807_052735_124,2026-08-07 05:27:35,False,10000,52,0.0,0,0.5,0.1,0.3,0,0.5,10,9.5,10,rrt_20260807_052735_124.png
20260807_052736_837,2026-08-07 05:27:36,False,10000,66,0.0,0,0.5,0.1,0.3,0,0.5,10,9.5,10,rrt_20260807_052736_837.png
20260807_052738_404,2026-08-07 05:27:38,False,10000,113,0.0,0,0.5,0.1,0.3,0,0.5,10,9.5,10,rrt_20260807_052738_404.png
20260807_052739_619,2026-08-07 05:27:39,False,10000,42,0.0,0,0.5,0.1,0.3,0,0.5,10,9.5,10,rrt_20260807_052739_619.png
20260807_052741_455,2026-08-07 05:27:41,False,10000,124,0.0,0,0.5,0.1,0.3,0,0.5,10,9.5,10,rrt_20260807_052741_455.png
20260807_052743_190,2026-08-07 05:27:43,True,9454,108,17.0,35,0.5,0.1,0.3,0,0.5,10,9.5,10,rrt_20260807_052743_190.png
20260807_052744_866,2026-08-07 05:27:44,False,10000,99,0.0,0,0.5,0.1,0.3,0,0.5,10,9.5,10,rrt_20260807_052744_866.png
20260807_052746_506,2026-08-07 05:27:46,False,10000,86,0.0,0,0.5,0.1,0.3,0,0.5,10,9.5,10,rrt_20260807_052746_506.png
20260807_052748_646,2026-08-07 05:27:48,False,10000,131,0.0,0,0.5,0.1,0.3,0,0.5,10,9.5,10,rrt_20260807_052748_646.png
20260807_052750_633,2026-08-07 05:27:50,False,10000,108,0.0,0,0.5,0.1,0.3,0,0.5,10,9.5,10,rrt_20260807_052750_633.png
20260807_052752_487,2026-08-07 05:27:52,False,10000,100,0.0,0,0.5,0.1,0.3,0,0.5,10,9.5,10,rrt_20260807_052752_487.png
20260807_052753_021,2026-08-07 05:27:53,True,1556,63,16.0,33,0.5,0.1,0.3,0,0.5,10,9.5,10,rrt_20260807_052753_021.png
20260807_052753_518,2026-08-07 05:27:53,True,953,73,17.390578911820313,36,0.5,0.2,0.3,0,0.5,10,9.5,10,rrt_20260807_052753_518.png
20260807_052755_510,2026-08-07 05:27:55,False,10000,104,0.0,0,0.5,0.2,0.3,0,0.5,10,9.5,10,rrt_20260807_052755_510.png
20260807_052756_199,2026-08-07 05:27:56,True,2311,85,19.5,40,0.5,0.2,0.3,0,0.5,10,9.5,10,rrt_20260807_052756_199.png
20260807_052758_116,2026-08-07 05:27:58,False,10000,120,0.0,0,0.5,0.2,0.3,0,0.5,10,9.5,10,rrt_20260807_052758_116.png
20260807_052759_868,2026-08-07 05:27:59,False,10000,106,0.0,0,0.5,0.2,0.3,0,0.5,10,9.5,10,rrt_20260807_052759_868.png
20260807_052801_542,2026-08-07 05:28:01,False,10000,90,0.0,0,0.5,0.2,0.3,0,0.5,10,9.5,10,rrt_20260807_052801_542.png
20260807_052802_146,2026-08-07 05:28:02,True,463,60,17.97252463653668,37,0.5,0.2,0.3,0,0.5,10,9.5,10,rrt_20260807_052802_146.png
20260807_052804_167,2026-08-07 05:28:04,False,10000,107,0.0,0,0.5,0.2,0.3,0,0.5,10,9.5,10,rrt_20260807_052804_167.png
20260807_052805_278,2026-08-07 05:28:05,True,4880,127,16.5,34,0.5,0.2,0.3,0,0.5,10,9.5,10,rrt_20260807_052805_278.png
20260807_052807_274,2026-08-07 05:28:07,False,10000,124,0.0,0,0.5,0.2,0.3,0,0.5,10,9.5,10,rrt_20260807_052807_274.png
20260807_052807_925,2026-08-07 05:28:07,True,2449,87,19.0,39,0.5,0.2,0.3,0,0.5,10,9.5,10,rrt_20260807_052807_925.png
20260807_052809_590,2026-08-07 05:28:09,False,10000,78,0.0,0,0.5,0.2,0.3,0,0.5,10,9.5,10,rrt_20260807_052809_590.png
20260807_052811_719,2026-08-07 05:28:11,False,10000,108,0.0,0,0.5,0.2,0.3,0,0.5,10,9.5,10,rrt_20260807_052811_719.png
20260807_052813_499,2026-08-07 05:28:13,False,10000,101,0.0,0,0.5,0.2,0.3,0,0.5,10,9.5,10,rrt_20260807_052813_499.png
20260807_052815_382,2026-08-07 05:28:15,False,10000,111,0.0,0,0.5,0.2,0.3,0,0.5,10,9.5,10,rrt_20260807_052815_382.png
20260807_052817_016,2026-08-07 05:28:17,True,6107,124,18.5,38,0.5,0.2,0.3,0,0.5,10,9.5,10,rrt_20260807_052817_016.png
20260807_052817_617,2026-08-07 05:28:17,True,1845,78,21.965341439657895,45,0.5,0.2,0.3,0,0.5,10,9.5,10,rrt_20260807_052817_617.png
20260807_052818_882,2026-08-07 05:28:18,False,10000,42,0.0,0,0.5,0.2,0.3,0,0.5,10,9.5,10,rrt_20260807_052818_882.png
20260807_052820_496,2026-08-07 05:28:20,False,10000,89,0.0,0,0.5,0.2,0.3,0,0.5,10,9.5,10,rrt_20260807_052820_496.png
20260807_052821_586,2026-08-07 05:28:21,True,4239,107,18.5,38,0.5,0.2,0.3,0,0.5,10,9.5,10,rrt_20260807_052821_586.png
20260807_052822_529,2026-08-07 05:28:22,True,4060,90,17.5,36,0.5,0.2,0.3,0,0.5,10,9.5,10,rrt_20260807_052822_529.png
20260807_052824_578,2026-08-07 05:28:24,False,10000,124,0.0,0,0.5,0.2,0.3,0,0.5,10,9.5,10,rrt_20260807_052824_578.png
20260807_052826_557,2026-08-07 05:28:26,False,10000,118,0.0,0,0.5,0.2,0.3,0,0.5,10,9.5,10,rrt_20260807_052826_557.png
20260807_052828_595,2026-08-07 05:28:28,False,10000,102,0.0,0,0.5,0.2,0.3,0,0.5,10,9.5,10,rrt_20260807_052828_595.png
20260807_052831_157,2026-08-07 05:28:31,False,10000,140,0.0,0,0.5,0.2,0.3,0,0.5,10,9.5,10,rrt_20260807_052831_157.png
20260807_052833_079,2026-08-07 05:28:33,False,10000,123,0.0,0,0.5,0.2,0.3,0,0.5,10,9.5,10,rrt_20260807_052833_079.png
20260807_052834_690,2026-08-07 05:28:34,False,10000,121,0.0,0,0.5,0.2,0.3,0,0.5,10,9.5,10,rrt_20260807_052834_690.png
20260807_052835_841,2026-08-07 05:28:35,True,4838,124,17.0,35,0.5,0.2,0.3,0,0.5,10,9.5,10,rrt_20260807_052835_841.png
20260807_052837_619,2026-08-07 05:28:37,False,10000,114,0.0,0,0.5,0.2,0.3,0,0.5,10,9.5,10,rrt_20260807_052837_619.png
20260807_052839_672,2026-08-07 05:28:39,False,10000,125,0.0,0,0.5,0.2,0.3,0,0.5,10,9.5,10,rrt_20260807_052839_672.png
20260807_052840_337,2026-08-07 05:28:40,True,1982,102,18.5,38,0.5,0.2,0.3,0,0.5,10,9.5,10,rrt_20260807_052840_337.png
20260807_052841_004,2026-08-07 05:28:41,True,1826,126,17.0,35,0.5,0.2,0.3,0,0.5,10,9.5,10,rrt_20260807_052841_004.png
20260807_052843_014,2026-08-07 05:28:43,False,10000,133,0.0,0,0.5,0.2,0.3,0,0.5,10,9.5,10,rrt_20260807_052843_014.png
20260807_052843_794,2026-08-07 05:28:43,True,1033,68,17.0,35,0.5,0.2,0.3,0,0.5,10,9.5,10,rrt_20260807_052843_794.png
20260807_052845_048,2026-08-07 05:28:45,False,10000,45,0.0,0,0.5,0.2,0.3,0,0.5,10,9.5,10,rrt_20260807_052845_048.png
20260807_052846_666,2026-08-07 05:28:46,False,10000,55,0.0,0,0.5,0.2,0.3,0,0.5,10,9.5,10,rrt_20260807_052846_666.png
20260807_052847_214,2026-08-07 05:28:47,True,1619,72,16.9011247141123,35,0.5,0.2,0.3,0,0.5,10,9.5,10,rrt_20260807_052847_214.png
20260807_052848_379,2026-08-07 05:28:48,False,10000,46,0.0,0,0.5,0.2,0.3,0,0.5,10,9.5,10,rrt_20260807_052848_379.png
20260807_052850_042,2026-08-07 05:28:50,False,10000,109,0.0,0,0.5,0.2,0.3,0,0.5,10,9.5,10,rrt_20260807_052850_042.png
20260807_052850_539,2026-08-07 05:28:50,True,368,55,16.5,34,0.5,0.2,0.3,0,0.5,10,9.5,10,rrt_20260807_052850_539.png
20260807_052851_492,2026-08-07 05:28:51,False,10000,36,0.0,0,0.5,0.2,0.3,0,0.5,10,9.5,10,rrt_20260807_052851_492.png
20260807_052853_540,2026-08-07 05:28:53,False,10000,106,0.0,0,0.5,0.2,0.3,0,0.5,10,9.5,10,rrt_20260807_052853_540.png
20260807_052855_427,2026-08-07 05:28:55,False,10000,90,0.0,0,0.5,0.2,0.3,0,0.5,10,9.5,10,rrt_20260807_052855_427.png
20260807_052856_729,2026-08-07 05:28:56,False,10000,42,0.0,0,0.5,0.2,0.3,0,0.5,10,9.5,10,rrt_20260807_052856_729.png
20260807_052857_949,2026-08-07 05:28:57,True,6235,109,18.0,37,0.5,0.2,0.3,0,0.5,10,9.5,10,rrt_20260807_052857_949.png
20260807_052900_070,2026-08-07 05:29:00,False,10000,114,0.0,0,0.5,0.2,0.3,0,0.5,10,9.5,10,rrt_20260807_052900_070.png
20260807_052900_694,2026-08-07 05:29:00,True,1494,98,17.0,35,0.5,0.2,0.3,0,0.5,10,9.5,10,rrt_20260807_052900_694.png
20260807_052902_059,2026-08-07 05:29:02,False,10000,53,0.0,0,0.5,0.2,0.3,0,0.5,10,9.5,10,rrt_20260807_052902_059.png
20260807_052903_963,2026-08-07 05:29:03,False,10000,122,0.0,0,0.5,0.2,0.3,0,0.5,10,9.5,10,rrt_20260807_052903_963.png
20260807_052905_849,2026-08-07 05:29:05,False,10000,111,0.0,0,0.5,0.2,0.3,0,0.5,10,9.5,10,rrt_20260807_052905_849.png
20260807_052907_551,2026-08-07 05:29:07,False,10000,75,0.0,0,0.5,0.2,0.3,0,0.5,10,9.5,10,rrt_20260807_052907_551.png
20260807_052908_345,2026-08-07 05:29:08,True,1857,76,21.5,44,0.5,0.2,0.3,0,0.5,10,9.5,10,rrt_20260807_052908_345.png
20260807_052910_198,2026-08-07 05:29:10,False,10000,100,0.0,0,0.5,0.2,0.3,0,0.5,10,9.5,10,rrt_20260807_052910_198.png
20260807_052912_313,2026-08-07 05:29:12,False,10000,93,0.0,0,0.5,0.2,0.3,0,0.5,10,9.5,10,rrt_20260807_052912_313.png
20260807_052914_009,2026-08-07 05:29:14,False,10000,92,0.0,0,0.5,0.2,0.3,0,0.5,10,9.5,10,rrt_20260807_052914_009.png
20260807_052915_526,2026-08-07 05:29:15,False,10000,53,0.0,0,0.5,0.2,0.3,0,0.5,10,9.5,10,rrt_20260807_052915_526.png
20260807_052916_207,2026-08-07 05:29:16,True,1760,76,19.5,40,0.5,0.2,0.3,0,0.5,10,9.5,10,rrt_20260807_052916_207.png
20260807_052918_000,2026-08-07 05:29:18,False,10000,115,0.0,0,0.5,0.2,0.3,0,0.5,10,9.5,10,rrt_20260807_052918_000.png
20260807_052919_390,2026-08-07 05:29:19,False,10000,51,0.0,0,0.5,0.2,0.3,0,0.5,10,9.5,10,rrt_20260807_052919_390.png
20260807_052921_088,2026-08-07 05:29:21,False,10000,102,0.0,0,0.5,0.2,0.3,0,0.5,10,9.5,10,rrt_20260807_052921_088.png
20260807_052923_130,2026-08-07 05:29:23,False,10000,86,0.0,0,0.5,0.2,0.3,0,0.5,10,9.5,10,rrt_20260807_052923_130.png
20260807_052924_984,2026-08-07 05:29:24,False,10000,112,0.0,0,0.5,0.2,0.3,0,0.5,10,9.5,10,rrt_20260807_052924_984.png
20260807_052927_202,2026-08-07 05:29:27,False,10000,161,0.0,0,0.5,0.2,0.3,0,0.5,10,9.5,10,rrt_20260807_052927_202.png
20260807_052928_605,2026-08-07 05:29:28,False,10000,51,0.0,0,0.5,0.2,0.3,0,0.5,10,9.5,10,rrt_20260807_052928_605.png
20260807_052931_027,2026-08-07 05:29:31,False,10000,115,0.0,0,0.5,0.2,0.3,0,0.5,10,9.5,10,rrt_20260807_052931_027.png
20260807_052932_386,2026-08-07 05:29:32,False,10000,47,0.0,0,0.5,0.2,0.3,0,0.5,10,9.5,10,rrt_20260807_052932_386.png
20260807_052933_812,2026-08-07 05:29:33,False,10000,54,0.0,0,0.5,0.2,0.3,0,0.5,10,9.5,10,rrt_20260807_052933_812.png
20260807_052935_881,2026-08-07 05:29:35,False,10000,109,0.0,0,0.5,0.2,0.3,0,0.5,10,9.5,10,rrt_20260807_052935_881.png
20260807_052937_631,2026-08-07 05:29:37,False,10000,111,0.0,0,0.5,0.2,0.3,0,0.5,10,9.5,10,rrt_20260807_052937_631.png
20260807_052939_804,2026-08-07 05:29:39,False,10000,97,0.0,0,0.5,0.2,0.3,0,0.5,10,9.5,10,rrt_20260807_052939_804.png
20260807_052940_504,2026-08-07 05:29:40,True,2411,92,19.0,39,0.5,0.2,0.3,0,0.5,10,9.5,10,rrt_20260807_052940_504.png
20260807_052941_618,2026-08-07 05:29:41,False,10000,46,0.0,0,0.5,0.2,0.3,0,0.5,10,9.5,10,rrt_20260807_052941_618.png
20260807_052942_343,2026-08-07 05:29:42,True,2262,110,16.5,34,0.5,0.2,0.3,0,0.5,10,9.5,10,rrt_20260807_052942_343.png
20260807_052942_951,2026-08-07 05:29:42,True,1937,86,18.933082790948628,39,0.5,0.2,0.3,0,0.5,10,9.5,10,rrt_20260807_052942_951.png
20260807_052945_285,2026-08-07 05:29:45,False,10000,141,0.0,0,0.5,0.2,0.3,0,0.5,10,9.5,10,rrt_20260807_052945_285.png
20260807_052947_201,2026-08-07 05:29:47,False,10000,111,0.0,0,0.5,0.2,0.3,0,0.5,10,9.5,10,rrt_20260807_052947_201.png
20260807_052948_551,2026-08-07 05:29:48,False,10000,46,0.0,0,0.5,0.2,0.3,0,0.5,10,9.5,10,rrt_20260807_052948_551.png
20260807_052949_374,2026-08-07 05:29:49,True,1626,108,17.5,36,0.5,0.2,0.3,0,0.5,10,9.5,10,rrt_20260807_052949_374.png
20260807_052951_272,2026-08-07 05:29:51,False,10000,122,0.0,0,0.5,0.2,0.3,0,0.5,10,9.5,10,rrt_20260807_052951_272.png
20260807_052952_310,2026-08-07 05:29:52,True,3563,129,17.0,35,0.5,0.2,0.3,0,0.5,10,9.5,10,rrt_20260807_052952_310.png
20260807_052953_292,2026-08-07 05:29:53,True,3248,114,17.0,35,0.5,0.2,0.3,0,0.5,10,9.5,10,rrt_20260807_052953_292.png
20260807_052954_425,2026-08-07 05:29:54,False,10000,44,0.0,0,0.5,0.2,0.3,0,0.5,10,9.5,10,rrt_20260807_052954_425.png
20260807_052955_384,2026-08-07 05:29:55,True,4322,106,18.5,38,0.5,0.2,0.3,0,0.5,10,9.5,10,rrt_20260807_052955_384.png
20260807_052956_921,2026-08-07 05:29:56,False,10000,68,0.0,0,0.5,0.2,0.3,0,0.5,10,9.5,10,rrt_20260807_052956_921.png
20260807_052958_646,2026-08-07 05:29:58,False,10000,97,0.0,0,0.5,0.2,0.3,0,0.5,10,9.5,10,rrt_20260807_052958_646.png
20260807_052959_204,2026-08-07 05:29:59,True,868,72,18.36323938048102,38,0.5,0.2,0.3,0,0.5,10,9.5,10,rrt_20260807_052959_204.png
20260807_053000_352,2026-08-07 05:30:00,True,3356,105,18.35967870543704,38,0.5,0.2,0.3,0,0.5,10,9.5,10,rrt_20260807_053000_352.png
20260807_053001_244,2026-08-07 05:30:01,True,3389,132,18.0,37,0.5,0.2,0.3,0,0.5,10,9.5,10,rrt_20260807_053001_244.png
20260807_053001_791,2026-08-07 05:30:01,True,1270,71,19.5,40,0.5,0.2,0.3,0,0.5,10,9.5,10,rrt_20260807_053001_791.png
20260807_053003_597,2026-08-07 05:30:03,False,10000,104,0.0,0,0.5,0.2,0.3,0,0.5,10,9.5,10,rrt_20260807_053003_597.png
20260807_053005_457,2026-08-07 05:30:05,False,10000,112,0.0,0,0.5,0.2,0.3,0,0.5,10,9.5,10,rrt_20260807_053005_457.png
20260807_053007_214,2026-08-07 05:30:07,False,10000,103,0.0,0,0.5,0.2,0.3,0,0.5,10,9.5,10,rrt_20260807_053007_214.png
20260807_053008_013,2026-08-07 05:30:08,True,1831,110,19.0,39,0.5,0.2,0.3,0,0.5,10,9.5,10,rrt_20260807_053008_013.png
20260807_053008_641,2026-08-07 05:30:08,True,1795,96,18.5,38,0.5,0.2,0.3,0,0.5,10,9.5,10,rrt_20260807_053008_641.png
20260807_053010_624,2026-08-07 05:30:10,False,10000,117,0.0,0,0.5,0.2,0.3,0,0.5,10,9.5,10,rrt_20260807_053010_624.png
20260807_053012_601,2026-08-07 05:30:12,False,10000,103,0.0,0,0.5,0.2,0.3,0,0.5,10,9.5,10,rrt_20260807_053012_601.png
20260807_053014_455,2026-08-07 05:30:14,False,10000,118,0.0,0,0.5,0.2,0.3,0,0.5,10,9.5,10,rrt_20260807_053014_455.png
20260807_053016_158,2026-08-07 05:30:16,False,10000,100,0.0,0,0.5,0.2,0.3,0,0.5,10,9.5,10,rrt_20260807_053016_158.png
20260807_053018_092,2026-08-07 05:30:18,False,10000,91,0.0,0,0.5,0.2,0.3,0,0.5,10,9.5,10,rrt_20260807_053018_092.png
20260807_053018_714,2026-08-07 05:30:18,True,1768,77,18.829180007517742,39,0.5,0.2,0.3,0,0.5,10,9.5,10,rrt_20260807_053018_714.png
20260807_053019_488,2026-08-07 05:30:19,True,2693,108,17.5,36,0.5,0.3,0.3,0,0.5,10,9.5,10,rrt_20260807_053019_488.png
20260807_053020_717,2026-08-07 05:30:20,False,10000,45,0.0,0,0.5,0.3,0.3,0,0.5,10,9.5,10,rrt_20260807_053020_717.png
20260807_053022_610,2026-08-07 05:30:22,False,10000,113,0.0,0,0.5,0.3,0.3,0,0.5,10,9.5,10,rrt_20260807_053022_610.png
20260807_053023_925,2026-08-07 05:30:23,False,10000,44,0.0,0,0.5,0.3,0.3,0,0.5,10,9.5,10,rrt_20260807_053023_925.png
20260807_053024_686,2026-08-07 05:30:24,True,987,91,17.5,36,0.5,0.3,0.3,0,0.5,10,9.5,10,rrt_20260807_053024_686.png
20260807_053025_899,2026-08-07 05:30:25,False,10000,53,0.0,0,0.5,0.3,0.3,0,0.5,10,9.5,10,rrt_20260807_053025_899.png
20260807_053027_887,2026-08-07 05:30:27,False,10000,120,0.0,0,0.5,0.3,0.3,0,0.5,10,9.5,10,rrt_20260807_053027_887.png
20260807_053029_048,2026-08-07 05:30:29,True,4696,145,18.0,37,0.5,0.3,0.3,0,0.5,10,9.5,10,rrt_20260807_053029_048.png
20260807_053031_040,2026-08-07 05:30:31,False,10000,104,0.0,0,0.5,0.3,0.3,0,0.5,10,9.5,10,rrt_20260807_053031_040.png
20260807_053032_865,2026-08-07 05:30:32,False,10000,93,0.0,0,0.5,0.3,0.3,0,0.5,10,9.5,10,rrt_20260807_053032_865.png
20260807_053035_182,2026-08-07 05:30:35,False,10000,98,0.0,0,0.5,0.3,0.3,0,0.5,10,9.5,10,rrt_20260807_053035_182.png
20260807_053035_712,2026-08-07 05:30:35,True,325,50,18.0,37,0.5,0.3,0.3,0,0.5,10,9.5,10,rrt_20260807_053035_712.png
20260807_053037_577,2026-08-07 05:30:37,False,10000,89,0.0,0,0.5,0.3,0.3,0,0.5,10,9.5,10,rrt_20260807_053037_577.png
20260807_053038_325,2026-08-07 05:30:38,True,994,87,16.5,34,0.5,0.3,0.3,0,0.5,10,9.5,10,rrt_20260807_053038_325.png
20260807_053039_987,2026-08-07 05:30:39,False,10000,96,0.0,0,0.5,0.3,0.3,0,0.5,10,9.5,10,rrt_20260807_053039_987.png
20260807_053041_680,2026-08-07 05:30:41,False,10000,93,0.0,0,0.5,0.3,0.3,0,0.5,10,9.5,10,rrt_20260807_053041_680.png
20260807_053042_451,2026-08-07 05:30:42,True,2387,112,18.0,37,0.5,0.3,0.3,0,0.5,10,9.5,10,rrt_20260807_053042_451.png
20260807_053043_817,2026-08-07 05:30:43,False,10000,52,0.0,0,0.5,0.3,0.3,0,0.5,10,9.5,10,rrt_20260807_053043_817.png
20260807_053044_987,2026-08-07 05:30:44,False,10000,50,0.0,0,0.5,0.3,0.3,0,0.5,10,9.5,10,rrt_20260807_053044_987.png
20260807_053047_026,2026-08-07 05:30:47,False,10000,104,0.0,0,0.5,0.3,0.3,0,0.5,10,9.5,10,rrt_20260807_053047_026.png
20260807_053048_135,2026-08-07 05:30:48,True,4457,120,19.0,39,0.5,0.3,0.3,0,0.5,10,9.5,10,rrt_20260807_053048_135.png
20260807_053049_662,2026-08-07 05:30:49,False,10000,73,0.0,0,0.5,0.3,0.3,0,0.5,10,9.5,10,rrt_20260807_053049_662.png
20260807_053052_380,2026-08-07 05:30:52,False,10000,159,0.0,0,0.5,0.3,0.3,0,0.5,10,9.5,10,rrt_20260807_053052_380.png
20260807_053054_208,2026-08-07 05:30:54,False,10000,87,0.0,0,0.5,0.3,0.3,0,0.5,10,9.5,10,rrt_20260807_053054_208.png
20260807_053056_363,2026-08-07 05:30:56,False,10000,113,0.0,0,0.5,0.3,0.3,0,0.5,10,9.5,10,rrt_20260807_053056_363.png
20260807_053056_926,2026-08-07 05:30:56,True,1307,77,20.0,41,0.5,0.3,0.3,0,0.5,10,9.5,10,rrt_20260807_053056_926.png
20260807_053058_228,2026-08-07 05:30:58,False,10000,47,0.0,0,0.5,0.3,0.3,0,0.5,10,9.5,10,rrt_20260807_053058_228.png
20260807_053058_876,2026-08-07 05:30:58,True,1795,102,16.5,34,0.5,0.3,0.3,0,0.5,10,9.5,10,rrt_20260807_053058_876.png
20260807_053100_300,2026-08-07 05:31:00,False,10000,67,0.0,0,0.5,0.3,0.3,0,0.5,10,9.5,10,rrt_20260807_053100_300.png
20260807_053102_322,2026-08-07 05:31:02,False,10000,98,0.0,0,0.5,0.3,0.3,0,0.5,10,9.5,10,rrt_20260807_053102_322.png
20260807_053104_137,2026-08-07 05:31:04,False,10000,103,0.0,0,0.5,0.3,0.3,0,0.5,10,9.5,10,rrt_20260807_053104_137.png
20260807_053106_412,2026-08-07 05:31:06,False,10000,106,0.0,0,0.5,0.3,0.3,0,0.5,10,9.5,10,rrt_20260807_053106_412.png
20260807_053107_288,2026-08-07 05:31:07,True,2807,93,18.5,38,0.5,0.3,0.3,0,0.5,10,9.5,10,rrt_20260807_053107_288.png
20260807_053108_033,2026-08-07 05:31:08,True,3255,90,20.348549608028378,42,0.5,0.3,0.3,0,0.5,10,9.5,10,rrt_20260807_053108_033.png
20260807_053109_901,2026-08-07 05:31:09,False,10000,114,0.0,0,0.5,0.3,0.3,0,0.5,10,9.5,10,rrt_20260807_053109_901.png
20260807_053112_138,2026-08-07 05:31:12,False,10000,118,0.0,0,0.5,0.3,0.3,0,0.5,10,9.5,10,rrt_20260807_053112_138.png
20260807_053114_045,2026-08-07 05:31:14,False,10000,109,0.0,0,0.5,0.3,0.3,0,0.5,10,9.5,10,rrt_20260807_053114_045.png
20260807_053116_671,2026-08-07 05:31:16,False,10000,161,0.0,0,0.5,0.3,0.3,0,0.5,10,9.5,10,rrt_20260807_053116_671.png
20260807_053117_877,2026-08-07 05:31:17,False,10000,48,0.0,0,0.5,0.3,0.3,0,0.5,10,9.5,10,rrt_20260807_053117_877.png
20260807_053119_095,2026-08-07 05:31:19,False,10000,45,0.0,0,0.5,0.3,0.3,0,0.5,10,9.5,10,rrt_20260807_053119_095.png
20260807_053119_923,2026-08-07 05:31:19,True,1450,111,18.0,37,0.5,0.3,0.3,0,0.5,10,9.5,10,rrt_20260807_053119_923.png
20260807_053120_382,2026-08-07 05:31:20,True,366,61,17.0,35,0.5,0.3,0.3,0,0.5,10,9.5,10,rrt_20260807_053120_382.png
20260807_053121_111,2026-08-07 05:31:21,True,2478,117,19.0,39,0.5,0.3,0.3,0,0.5,10,9.5,10,rrt_20260807_053121_111.png
20260807_053121_808,2026-08-07 05:31:21,True,2079,120,18.0,37,0.5,0.3,0.3,0,0.5,10,9.5,10,rrt_20260807_053121_808.png
20260807_053122_563,2026-08-07 05:31:22,True,2657,109,17.5,36,0.5,0.3,0.3,0,0.5,10,9.5,10,rrt_20260807_053122_563.png
20260807_053123_360,2026-08-07 05:31:23,True,3583,101,18.5,38,0.5,0.3,0.3,0,0.5,10,9.5,10,rrt_20260807_053123_360.png
20260807_053123_827,2026-08-07 05:31:23,True,264,52,16.5,34,0.5,0.3,0.3,0,0.5,10,9.5,10,rrt_20260807_053123_827.png
20260807_053124_562,2026-08-07 05:31:24,True,1627,108,17.5,36,0.5,0.3,0.3,0,0.5,10,9.5,10,rrt_20260807_053124_562.png
20260807_053125_508,2026-08-07 05:31:25,True,2480,112,18.0,37,0.5,0.3,0.3,0,0.5,10,9.5,10,rrt_20260807_053125_508.png
20260807_053126_103,2026-08-07 05:31:26,True,1348,93,16.5,34,0.5,0.3,0.3,0,0.5,10,9.5,10,rrt_20260807_053126_103.png
20260807_053127_824,2026-08-07 05:31:27,False,10000,102,0.0,0,0.5,0.3,0.3,0,0.5,10,9.5,10,rrt_20260807_053127_824.png
20260807_053128_319,2026-08-07 05:31:28,True,539,67,18.414526053059173,38,0.5,0.3,0.3,0,0.5,10,9.5,10,rrt_20260807_053128_319.png
20260807_053130_504,2026-08-07 05:31:30,False,10000,114,0.0,0,0.5,0.3,0.3,0,0.5,10,9.5,10,rrt_20260807_053130_504.png
20260807_053131_383,2026-08-07 05:31:31,True,3095,117,18.5,38,0.5,0.3,0.3,0,0.5,10,9.5,10,rrt_20260807_053131_383.png
20260807_053133_238,2026-08-07 05:31:33,False,10000,113,0.0,0,0.5,0.3,0.3,0,0.5,10,9.5,10,rrt_20260807_053133_238.png
20260807_053135_168,2026-08-07 05:31:35,False,10000,92,0.0,0,0.5,0.3,0.3,0,0.5,10,9.5,10,rrt_20260807_053135_168.png
20260807_053136_588,2026-08-07 05:31:36,False,10000,54,0.0,0,0.5,0.3,0.3,0,0.5,10,9.5,10,rrt_20260807_053136_588.png
20260807_053137_399,2026-08-07 05:31:37,True,1282,87,17.0,35,0.5,0.3,0.3,0,0.5,10,9.5,10,rrt_20260807_053137_399.png
20260807_053139_222,2026-08-07 05:31:39,False,10000,109,0.0,0,0.5,0.3,0.3,0,0.5,10,9.5,10,rrt_20260807_053139_222.png
20260807_053141_202,2026-08-07 05:31:41,False,10000,96,0.0,0,0.5,0.3,0.3,0,0.5,10,9.5,10,rrt_20260807_053141_202.png
20260807_053143_119,2026-08-07 05:31:43,False,10000,114,0.0,0,0.5,0.3,0.3,0,0.5,10,9.5,10,rrt_20260807_053143_119.png
20260807_053145_085,2026-08-07 05:31:45,False,10000,116,0.0,0,0.5,0.3,0.3,0,0.5,10,9.5,10,rrt_20260807_053145_085.png
20260807_053145_921,2026-08-07 05:31:45,True,2708,120,17.0,35,0.5,0.3,0.3,0,0.5,10,9.5,10,rrt_20260807_053145_921.png
20260807_053146_716,2026-08-07 05:31:46,True,2761,96,18.0,37,0.5,0.3,0.3,0,0.5,10,9.5,10,rrt_20260807_053146_716.png
20260807_053148_786,2026-08-07 05:31:48,False,10000,103,0.0,0,0.5,0.3,0.3,0,0.5,10,9.5,10,rrt_20260807_053148_786.png
20260807_053150_052,2026-08-07 05:31:50,True,4263,123,22.0,45,0.5,0.3,0.3,0,0.5,10,9.5,10,rrt_20260807_053150_052.png
20260807_053152_549,2026-08-07 05:31:52,False,10000,133,0.0,0,0.5,0.3,0.3,0,0.5,10,9.5,10,rrt_20260807_053152_549.png
20260807_053154_752,2026-08-07 05:31:54,False,10000,114,0.0,0,0.5,0.3,0.3,0,0.5,10,9.5,10,rrt_20260807_053154_752.png
20260807_053155_468,2026-08-07 05:31:55,True,2339,102,17.5,36,0.5,0.3,0.3,0,0.5,10,9.5,10,rrt_20260807_053155_468.png
20260807_053156_625,2026-08-07 05:31:56,False,10000,45,0.0,0,0.5,0.3,0.3,0,0.5,10,9.5,10,rrt_20260807_053156_625.png
20260807_053158_284,2026-08-07 05:31:58,False,10000,88,0.0,0,0.5,0.3,0.3,0,0.5,10,9.5,10,rrt_20260807_053158_284.png
20260807_053200_284,2026-08-07 05:32:00,False,10000,108,0.0,0,0.5,0.3,0.3,0,0.5,10,9.5,10,rrt_20260807_053200_284.png
20260807_053201_102,2026-08-07 05:32:01,True,2487,99,19.86655836319893,41,0.5,0.3,0.3,0,0.5,10,9.5,10,rrt_20260807_053201_102.png
20260807_053201_848,2026-08-07 05:32:01,True,2208,129,18.0,37,0.5,0.3,0.3,0,0.5,10,9.5,10,rrt_20260807_053201_848.png
20260807_053203_571,2026-08-07 05:32:03,False,10000,81,0.0,0,0.5,0.3,0.3,0,0.5,10,9.5,10,rrt_20260807_053203_571.png
20260807_053206_154,2026-08-07 05:32:06,False,10000,157,0.0,0,0.5,0.3,0.3,0,0.5,10,9.5,10,rrt_20260807_053206_154.png
20260807_053207_975,2026-08-07 05:32:07,False,10000,98,0.0,0,0.5,0.3,0.3,0,0.5,10,9.5,10,rrt_20260807_053207_975.png
20260807_053209_304,2026-08-07 05:32:09,False,10000,61,0.0,0,0.5,0.3,0.3,0,0.5,10,9.5,10,rrt_20260807_053209_304.png
20260807_053211_518,2026-08-07 05:32:11,False,10000,121,0.0,0,0.5,0.3,0.3,0,0.5,10,9.5,10,rrt_20260807_053211_518.png
20260807_053213_254,2026-08-07 05:32:13,False,10000,98,0.0,0,0.5,0.3,0.3,0,0.5,10,9.5,10,rrt_20260807_053213_254.png
20260807_053214_014,2026-08-07 05:32:14,True,2114,119,17.5,36,0.5,0.3,0.3,0,0.5,10,9.5,10,rrt_20260807_053214_014.png
20260807_053214_717,2026-08-07 05:32:14,True,723,83,16.5,34,0.5,0.3,0.3,0,0.5,10,9.5,10,rrt_20260807_053214_717.png
20260807_053215_253,2026-08-07 05:32:15,True,628,77,17.821899993235014,37,0.5,0.3,0.3,0,0.5,10,9.5,10,rrt_20260807_053215_253.png
20260807_053217_431,2026-08-07 05:32:17,False,10000,140,0.0,0,0.5,0.3,0.3,0,0.5,10,9.5,10,rrt_20260807_053217_431.png
20260807_053219_177,2026-08-07 05:32:19,False,10000,70,0.0,0,0.5,0.3,0.3,0,0.5,10,9.5,10,rrt_20260807_053219_177.png
20260807_053220_915,2026-08-07 05:32:20,False,10000,97,0.0,0,0.5,0.3,0.3,0,0.5,10,9.5,10,rrt_20260807_053220_915.png
20260807_053221_712,2026-08-07 05:32:21,True,2726,123,16.5,34,0.5,0.3,0.3,0,0.5,10,9.5,10,rrt_20260807_053221_712.png
20260807_053222_933,2026-08-07 05:32:22,False,10000,55,0.0,0,0.5,0.3,0.3,0,0.5,10,9.5,10,rrt_20260807_053222_933.png
20260807_053224_480,2026-08-07 05:32:24,False,10000,66,0.0,0,0.5,0.3,0.3,0,0.5,10,9.5,10,rrt_20260807_053224_480.png
20260807_053226_186,2026-08-07 05:32:26,False,10000,94,0.0,0,0.5,0.3,0.3,0,0.5,10,9.5,10,rrt_20260807_053226_186.png
20260807_053226_970,2026-08-07 05:32:26,True,2557,117,19.0,39,0.5,0.3,0.3,0,0.5,10,9.5,10,rrt_20260807_053226_970.png
20260807_053227_725,2026-08-07 05:32:27,True,2749,113,17.5,36,0.5,0.3,0.3,0,0.5,10,9.5,10,rrt_20260807_053227_725.png
20260807_053229_110,2026-08-07 05:32:29,False,10000,52,0.0,0,0.5,0.3,0.3,0,0.5,10,9.5,10,rrt_20260807_053229_110.png
20260807_053230_125,2026-08-07 05:32:30,True,2379,111,18.0,37,0.5,0.3,0.3,0,0.5,10,9.5,10,rrt_20260807_053230_125.png
20260807_053230_615,2026-08-07 05:32:30,True,576,73,18.5,38,0.5,0.3,0.3,0,0.5,10,9.5,10,rrt_20260807_053230_615.png
20260807_053231_073,2026-08-07 05:32:31,True,485,61,17.5,36,0.5,0.3,0.3,0,0.5,10,9.5,10,rrt_20260807_053231_073.png
20260807_053233_311,2026-08-07 05:32:33,False,10000,111,0.0,0,0.5,0.3,0.3,0,0.5,10,9.5,10,rrt_20260807_053233_311.png
20260807_053235_101,2026-08-07 05:32:35,False,10000,96,0.0,0,0.5,0.3,0.3,0,0.5,10,9.5,10,rrt_20260807_053235_101.png
20260807_053237_232,2026-08-07 05:32:37,False,10000,113,0.0,0,0.5,0.3,0.3,0,0.5,10,9.5,10,rrt_20260807_053237_232.png
20260807_053238_575,2026-08-07 05:32:38,False,10000,67,0.0,0,0.5,0.3,0.3,0,0.5,10,9.5,10,rrt_20260807_053238_575.png
20260807_053240_657,2026-08-07 05:32:40,False,10000,121,0.0,0,0.5,0.4,0.3,0,0.5,10,9.5,10,rrt_20260807_053240_657.png
20260807_053241_320,2026-08-07 05:32:41,True,593,77,18.0,37,0.5,0.4,0.3,0,0.5,10,9.5,10,rrt_20260807_053241_320.png
20260807_053242_257,2026-08-07 05:32:42,True,831,77,19.0,39,0.5,0.4,0.3,0,0.5,10,9.5,10,rrt_20260807_053242_257.png
20260807_053244_184,2026-08-07 05:32:44,False,10000,112,0.0,0,0.5,0.4,0.3,0,0.5,10,9.5,10,rrt_20260807_053244_184.png
20260807_053244_842,2026-08-07 05:32:44,True,1546,90,17.5,36,0.5,0.4,0.3,0,0.5,10,9.5,10,rrt_20260807_053244_842.png
20260807_053246_565,2026-08-07 05:32:46,False,10000,88,0.0,0,0.5,0.4,0.3,0,0.5,10,9.5,10,rrt_20260807_053246_565.png
20260807_053248_622,2026-08-07 05:32:48,False,10000,125,0.0,0,0.5,0.4,0.3,0,0.5,10,9.5,10,rrt_20260807_053248_622.png
20260807_053249_176,2026-08-07 05:32:49,True,912,72,18.0,37,0.5,0.4,0.3,0,0.5,10,9.5,10,rrt_20260807_053249_176.png
20260807_053250_531,2026-08-07 05:32:50,False,10000,53,0.0,0,0.5,0.4,0.3,0,0.5,10,9.5,10,rrt_20260807_053250_531.png
20260807_053251_061,2026-08-07 05:32:51,True,348,61,17.5,36,0.5,0.4,0.3,0,0.5,10,9.5,10,rrt_20260807_053251_061.png
20260807_053251_855,2026-08-07 05:32:51,True,1259,103,17.5,36,0.5,0.4,0.3,0,0.5,10,9.5,10,rrt_20260807_053251_855.png
20260807_053253_968,2026-08-07 05:32:53,False,10000,126,0.0,0,0.5,0.4,0.3,0,0.5,10,9.5,10,rrt_20260807_053253_968.png
20260807_053255_995,2026-08-07 05:32:55,False,10000,122,0.0,0,0.5,0.4,0.3,0,0.5,10,9.5,10,rrt_20260807_053255_995.png
20260807_053258_249,2026-08-07 05:32:58,False,10000,122,0.0,0,0.5,0.4,0.3,0,0.5,10,9.5,10,rrt_20260807_053258_249.png
20260807_053259_811,2026-08-07 05:32:59,False,10000,80,0.0,0,0.5,0.4,0.3,0,0.5,10,9.5,10,rrt_20260807_053259_811.png
20260807_053302_036,2026-08-07 05:33:02,False,10000,119,0.0,0,0.5,0.4,0.3,0,0.5,10,9.5,10,rrt_20260807_053302_036.png
20260807_053304_041,2026-08-07 05:33:04,False,10000,129,0.0,0,0.5,0.4,0.3,0,0.5,10,9.5,10,rrt_20260807_053304_041.png
20260807_053306_145,2026-08-07 05:33:06,False,10000,110,0.0,0,0.5,0.4,0.3,0,0.5,10,9.5,10,rrt_20260807_053306_145.png
20260807_053307_779,2026-08-07 05:33:07,False,10000,82,0.0,0,0.5,0.4,0.3,0,0.5,10,9.5,10,rrt_20260807_053307_779.png
20260807_053308_913,2026-08-07 05:33:08,True,3578,126,19.0,39,0.5,0.4,0.3,0,0.5,10,9.5,10,rrt_20260807_053308_913.png
20260807_053310_833,2026-08-07 05:33:10,False,10000,96,0.0,0,0.5,0.4,0.3,0,0.5,10,9.5,10,rrt_20260807_053310_833.png
20260807_053313_107,2026-08-07 05:33:13,False,10000,119,0.0,0,0.5,0.4,0.3,0,0.5,10,9.5,10,rrt_20260807_053313_107.png
20260807_053314_997,2026-08-07 05:33:14,False,10000,108,0.0,0,0.5,0.4,0.3,0,0.5,10,9.5,10,rrt_20260807_053314_997.png
20260807_053315_685,2026-08-07 05:33:15,True,1204,114,17.0,35,0.5,0.4,0.3,0,0.5,10,9.5,10,rrt_20260807_053315_685.png
20260807_053316_407,2026-08-07 05:33:16,True,1901,119,18.5,38,0.5,0.4,0.3,0,0.5,10,9.5,10,rrt_20260807_053316_407.png
20260807_053317_356,2026-08-07 05:33:17,True,2452,94,20.5,42,0.5,0.4,0.3,0,0.5,10,9.5,10,rrt_20260807_053317_356.png
20260807_053319_206,2026-08-07 05:33:19,False,10000,106,0.0,0,0.5,0.4,0.3,0,0.5,10,9.5,10,rrt_20260807_053319_206.png
20260807_053319_837,2026-08-07 05:33:19,True,1395,97,20.5,42,0.5,0.4,0.3,0,0.5,10,9.5,10,rrt_20260807_053319_837.png
20260807_053322_079,2026-08-07 05:33:22,False,10000,106,0.0,0,0.5,0.4,0.3,0,0.5,10,9.5,10,rrt_20260807_053322_079.png
20260807_053322_638,2026-08-07 05:33:22,True,761,75,17.0,35,0.5,0.4,0.3,0,0.5,10,9.5,10,rrt_20260807_053322_638.png
20260807_053323_273,2026-08-07 05:33:23,True,1246,103,16.314242621257552,34,0.5,0.4,0.3,0,0.5,10,9.5,10,rrt_20260807_053323_273.png
20260807_053325_153,2026-08-07 05:33:25,False,10000,107,0.0,0,0.5,0.4,0.3,0,0.5,10,9.5,10,rrt_20260807_053325_153.png
20260807_053327_394,2026-08-07 05:33:27,False,10000,120,0.0,0,0.5,0.4,0.3,0,0.5,10,9.5,10,rrt_20260807_053327_394.png
20260807_053329_264,2026-08-07 05:33:29,False,10000,107,0.0,0,0.5,0.4,0.3,0,0.5,10,9.5,10,rrt_20260807_053329_264.png
20260807_053331_365,2026-08-07 05:33:31,False,10000,107,0.0,0,0.5,0.4,0.3,0,0.5,10,9.5,10,rrt_20260807_053331_365.png
20260807_053332_750,2026-08-07 05:33:32,False,10000,51,0.0,0,0.5,0.4,0.3,0,0.5,10,9.5,10,rrt_20260807_053332_750.png
20260807_053333_376,2026-08-07 05:33:33,True,1216,116,16.5,34,0.5,0.4,0.3,0,0.5,10,9.5,10,rrt_20260807_053333_376.png
20260807_053335_078,2026-08-07 05:33:35,False,10000,65,0.0,0,0.5,0.4,0.3,0,0.5,10,9.5,10,rrt_20260807_053335_078.png
20260807_053335_779,2026-08-07 05:33:35,True,1420,83,20.5,42,0.5,0.4,0.3,0,0.5,10,9.5,10,rrt_20260807_053335_779.png
20260807_053337_577,2026-08-07 05:33:37,False,10000,105,0.0,0,0.5,0.4,0.3,0,0.5,10,9.5,10,rrt_20260807_053337_577.png
20260807_053338_395,2026-08-07 05:33:38,True,1956,135,16.5,34,0.5,0.4,0.3,0,0.5,10,9.5,10,rrt_20260807_053338_395.png
20260807_053340_182,2026-08-07 05:33:40,False,10000,97,0.0,0,0.5,0.4,0.3,0,0.5,10,9.5,10,rrt_20260807_053340_182.png
20260807_053340_756,2026-08-07 05:33:40,True,936,109,17.976976644753584,37,0.5,0.4,0.3,0,0.5,10,9.5,10,rrt_20260807_053340_756.png
20260807_053342_601,2026-08-07 05:33:42,False,10000,110,0.0,0,0.5,0.4,0.3,0,0.5,10,9.5,10,rrt_20260807_053342_601.png
20260807_053344_568,2026-08-07 05:33:44,False,10000,114,0.0,0,0.5,0.4,0.3,0,0.5,10,9.5,10,rrt_20260807_053344_568.png
20260807_053345_105,2026-08-07 05:33:45,True,388,64,17.0,35,0.5,0.4,0.3,0,0.5,10,9.5,10,rrt_20260807_053345_105.png
20260807_053346_109,2026-08-07 05:33:46,True,1986,135,18.0,37,0.5,0.4,0.3,0,0.5,10,9.5,10,rrt_20260807_053346_109.png
20260807_053346_718,2026-08-07 05:33:46,True,1822,83,17.5,36,0.5,0.4,0.3,0,0.5,10,9.5,10,rrt_20260807_053346_718.png
20260807_053348_814,2026-08-07 05:33:48,False,10000,114,0.0,0,0.5,0.4,0.3,0,0.5,10,9.5,10,rrt_20260807_053348_814.png
20260807_053350_606,2026-08-07 05:33:50,False,10000,97,0.0,0,0.5,0.4,0.3,0,0.5,10,9.5,10,rrt_20260807_053350_606.png
20260807_053352_635,2026-08-07 05:33:52,False,10000,103,0.0,0,0.5,0.4,0.3,0,0.5,10,9.5,10,rrt_20260807_053352_635.png
20260807_053353_245,2026-08-07 05:33:53,True,1421,91,18.0,37,0.5,0.4,0.3,0,0.5,10,9.5,10,rrt_20260807_053353_245.png
20260807_053353_915,2026-08-07 05:33:53,True,1906,117,21.0,43,0.5,0.4,0.3,0,0.5,10,9.5,10,rrt_20260807_053353_915.png
20260807_053356_067,2026-08-07 05:33:56,False,10000,115,0.0,0,0.5,0.4,0.3,0,0.5,10,9.5,10,rrt_20260807_053356_067.png
20260807_053358_087,2026-08-07 05:33:58,False,10000,102,0.0,0,0.5,0.4,0.3,0,0.5,10,9.5,10,rrt_20260807_053358_087.png
20260807_053400_372,2026-08-07 05:34:00,False,10000,87,0.0,0,0.5,0.4,0.3,0,0.5,10,9.5,10,rrt_20260807_053400_372.png
20260807_053402_233,2026-08-07 05:34:02,False,10000,90,0.0,0,0.5,0.4,0.3,0,0.5,10,9.5,10,rrt_20260807_053402_233.png
20260807_053402_850,2026-08-07 05:34:02,True,942,93,20.498117572380963,42,0.5,0.4,0.3,0,0.5,10,9.5,10,rrt_20260807_053402_850.png
20260807_053404_727,2026-08-07 05:34:04,False,10000,112,0.0,0,0.5,0.4,0.3,0,0.5,10,9.5,10,rrt_20260807_053404_727.png
20260807_053406_783,2026-08-07 05:34:06,False,10000,107,0.0,0,0.5,0.4,0.3,0,0.5,10,9.5,10,rrt_20260807_053406_783.png
20260807_053407_272,2026-08-07 05:34:07,True,249,60,16.5,34,0.5,0.4,0.3,0,0.5,10,9.5,10,rrt_20260807_053407_272.png
20260807_053408_541,2026-08-07 05:34:08,False,10000,56,0.0,0,0.5,0.4,0.3,0,0.5,10,9.5,10,rrt_20260807_053408_541.png
20260807_053410_345,2026-08-07 05:34:10,False,10000,103,0.0,0,0.5,0.4,0.3,0,0.5,10,9.5,10,rrt_20260807_053410_345.png
20260807_053411_682,2026-08-07 05:34:11,False,10000,50,0.0,0,0.5,0.4,0.3,0,0.5,10,9.5,10,rrt_20260807_053411_682.png
20260807_053413_915,2026-08-07 05:34:13,False,10000,117,0.0,0,0.5,0.4,0.3,0,0.5,10,9.5,10,rrt_20260807_053413_915.png
20260807_053414_556,2026-08-07 05:34:14,True,457,59,17.5,36,0.5,0.4,0.3,0,0.5,10,9.5,10,rrt_20260807_053414_556.png
20260807_053416_416,2026-08-07 05:34:16,False,10000,95,0.0,0,0.5,0.4,0.3,0,0.5,10,9.5,10,rrt_20260807_053416_416.png
20260807_053417_130,2026-08-07 05:34:17,True,1970,92,18.5,38,0.5,0.4,0.3,0,0.5,10,9.5,10,rrt_20260807_053417_130.png
20260807_053418_839,2026-08-07 05:34:18,False,10000,72,0.0,0,0.5,0.4,0.3,0,0.5,10,9.5,10,rrt_20260807_053418_839.png
20260807_053420_898,2026-08-07 05:34:20,False,10000,84,0.0,0,0.5,0.4,0.3,0,0.5,10,9.5,10,rrt_20260807_053420_898.png
20260807_053421_483,2026-08-07 05:34:21,True,1440,84,21.0,43,0.5,0.4,0.3,0,0.5,10,9.5,10,rrt_20260807_053421_483.png
20260807_053423_210,2026-08-07 05:34:23,False,10000,92,0.0,0,0.5,0.4,0.3,0,0.5,10,9.5,10,rrt_20260807_053423_210.png
20260807_053425_757,2026-08-07 05:34:25,False,10000,154,0.0,0,0.5,0.4,0.3,0,0.5,10,9.5,10,rrt_20260807_053425_757.png
20260807_053427_504,2026-08-07 05:34:27,False,10000,98,0.0,0,0.5,0.4,0.3,0,0.5,10,9.5,10,rrt_20260807_053427_504.png
20260807_053429_147,2026-08-07 05:34:29,False,10000,82,0.0,0,0.5,0.4,0.3,0,0.5,10,9.5,10,rrt_20260807_053429_147.png
20260807_053430_242,2026-08-07 05:34:30,True,3094,92,19.0,39,0.5,0.4,0.3,0,0.5,10,9.5,10,rrt_20260807_053430_242.png
20260807_053432_556,2026-08-07 05:34:32,False,10000,134,0.0,0,0.5,0.4,0.3,0,0.5,10,9.5,10,rrt_20260807_053432_556.png
20260807_053434_337,2026-08-07 05:34:34,False,10000,98,0.0,0,0.5,0.4,0.3,0,0.5,10,9.5,10,rrt_20260807_053434_337.png
20260807_053434_822,2026-08-07 05:34:34,True,397,60,18.0,37,0.5,0.4,0.3,0,0.5,10,9.5,10,rrt_20260807_053434_822.png
20260807_053435_283,2026-08-07 05:34:35,True,319,60,16.5,34,0.5,0.4,0.3,0,0.5,10,9.5,10,rrt_20260807_053435_283.png
20260807_053435_874,2026-08-07 05:34:35,True,1385,116,20.0,41,0.5,0.4,0.3,0,0.5,10,9.5,10,rrt_20260807_053435_874.png
20260807_053438_097,2026-08-07 05:34:38,False,10000,124,0.0,0,0.5,0.4,0.3,0,0.5,10,9.5,10,rrt_20260807_053438_097.png
20260807_053438_755,2026-08-07 05:34:38,True,1707,115,16.5,34,0.5,0.4,0.3,0,0.5,10,9.5,10,rrt_20260807_053438_755.png
20260807_053440_780,2026-08-07 05:34:40,False,10000,106,0.0,0,0.5,0.4,0.3,0,0.5,10,9.5,10,rrt_20260807_053440_780.png
20260807_053442_974,2026-08-07 05:34:42,False,10000,128,0.0,0,0.5,0.4,0.3,0,0.5,10,9.5,10,rrt_20260807_053442_974.png
20260807_053444_873,2026-08-07 05:34:44,False,10000,87,0.0,0,0.5,0.4,0.3,0,0.5,10,9.5,10,rrt_20260807_053444_873.png
20260807_053446_801,2026-08-07 05:34:46,False,10000,92,0.0,0,0.5,0.4,0.3,0,0.5,10,9.5,10,rrt_20260807_053446_801.png
20260807_053447_416,2026-08-07 05:34:47,True,1556,86,18.0,37,0.5,0.4,0.3,0,0.5,10,9.5,10,rrt_20260807_053447_416.png
20260807_053448_204,2026-08-07 05:34:48,True,2816,112,17.5,36,0.5,0.4,0.3,0,0.5,10,9.5,10,rrt_20260807_053448_204.png
20260807_053449_009,2026-08-07 05:34:49,True,2542,121,17.5,36,0.5,0.4,0.3,0,0.5,10,9.5,10,rrt_20260807_053449_009.png
20260807_053451_101,2026-08-07 05:34:51,False,10000,109,0.0,0,0.5,0.4,0.3,0,0.5,10,9.5,10,rrt_20260807_053451_101.png
20260807_053452_461,2026-08-07 05:34:52,False,10000,48,0.0,0,0.5,0.4,0.3,0,0.5,10,9.5,10,rrt_20260807_053452_461.png
20260807_053453_121,2026-08-07 05:34:53,True,1442,141,18.0,37,0.5,0.4,0.3,0,0.5,10,9.5,10,rrt_20260807_053453_121.png
20260807_053453_814,2026-08-07 05:34:53,True,1345,100,17.5,36,0.5,0.4,0.3,0,0.5,10,9.5,10,rrt_20260807_053453_814.png
20260807_053454_398,2026-08-07 05:34:54,True,1339,117,17.303367935888343,36,0.5,0.4,0.3,0,0.5,10,9.5,10,rrt_20260807_053454_398.png
20260807_053455_270,2026-08-07 05:34:55,True,3301,119,20.5,42,0.5,0.4,0.3,0,0.5,10,9.5,10,rrt_20260807_053455_270.png
20260807_053455_758,2026-08-07 05:34:55,True,236,55,17.5,36,0.5,0.4,0.3,0,0.5,10,9.5,10,rrt_20260807_053455_758.png
20260807_053456_288,2026-08-07 05:34:56,True,1092,94,19.0,39,0.5,0.4,0.3,0,0.5,10,9.5,10,rrt_20260807_053456_288.png
20260807_053458_718,2026-08-07 05:34:58,False,10000,144,0.0,0,0.5,0.4,0.3,0,0.5,10,9.5,10,rrt_20260807_053458_718.png
20260807_053459_740,2026-08-07 05:34:59,True,1999,118,18.824348157167726,39,0.5,0.4,0.3,0,0.5,10,9.5,10,rrt_20260807_053459_740.png
20260807_053501_610,2026-08-07 05:35:01,False,10000,85,0.0,0,0.5,0.5,0.3,0,0.5,10,9.5,10,rrt_20260807_053501_610.png
20260807_053503_678,2026-08-07 05:35:03,False,10000,119,0.0,0,0.5,0.5,0.3,0,0.5,10,9.5,10,rrt_20260807_053503_678.png
20260807_053504_282,2026-08-07 05:35:04,True,888,85,19.867190049779456,41,0.5,0.5,0.3,0,0.5,10,9.5,10,rrt_20260807_053504_282.png
20260807_053505_922,2026-08-07 05:35:05,False,10000,77,0.0,0,0.5,0.5,0.3,0,0.5,10,9.5,10,rrt_20260807_053505_922.png
20260807_053508_108,2026-08-07 05:35:08,False,10000,119,0.0,0,0.5,0.5,0.3,0,0.5,10,9.5,10,rrt_20260807_053508_108.png
20260807_053508_855,2026-08-07 05:35:08,True,1846,147,17.500000000000004,36,0.5,0.5,0.3,0,0.5,10,9.5,10,rrt_20260807_053508_855.png
20260807_053510_801,2026-08-07 05:35:10,False,10000,106,0.0,0,0.5,0.5,0.3,0,0.5,10,9.5,10,rrt_20260807_053510_801.png
20260807_053512_981,2026-08-07 05:35:12,False,10000,137,0.0,0,0.5,0.5,0.3,0,0.5,10,9.5,10,rrt_20260807_053512_981.png
20260807_053514_569,2026-08-07 05:35:14,False,10000,45,0.0,0,0.5,0.5,0.3,0,0.5,10,9.5,10,rrt_20260807_053514_569.png
20260807_053516_508,2026-08-07 05:35:16,False,10000,110,0.0,0,0.5,0.5,0.3,0,0.5,10,9.5,10,rrt_20260807_053516_508.png
20260807_053518_101,2026-08-07 05:35:18,False,10000,79,0.0,0,0.5,0.5,0.3,0,0.5,10,9.5,10,rrt_20260807_053518_101.png
20260807_053520_049,2026-08-07 05:35:20,False,10000,100,0.0,0,0.5,0.5,0.3,0,0.5,10,9.5,10,rrt_20260807_053520_049.png
20260807_053522_346,2026-08-07 05:35:22,False,10000,131,0.0,0,0.5,0.5,0.3,0,0.5,10,9.5,10,rrt_20260807_053522_346.png
20260807_053524_071,2026-08-07 05:35:24,False,10000,84,0.0,0,0.5,0.5,0.3,0,0.5,10,9.5,10,rrt_20260807_053524_071.png
20260807_053524_659,2026-08-07 05:35:24,True,1189,86,19.927935226654792,41,0.5,0.5,0.3,0,0.5,10,9.5,10,rrt_20260807_053524_659.png
20260807_053526_573,2026-08-07 05:35:26,False,10000,114,0.0,0,0.5,0.5,0.3,0,0.5,10,9.5,10,rrt_20260807_053526_573.png
20260807_053528_650,2026-08-07 05:35:28,False,10000,127,0.0,0,0.5,0.5,0.3,0,0.5,10,9.5,10,rrt_20260807_053528_650.png
20260807_053530_052,2026-08-07 05:35:30,False,10000,45,0.0,0,0.5,0.5,0.3,0,0.5,10,9.5,10,rrt_20260807_053530_052.png
20260807_053531_861,2026-08-07 05:35:31,False,10000,84,0.0,0,0.5,0.5,0.3,0,0.5,10,9.5,10,rrt_20260807_053531_861.png
20260807_053533_499,2026-08-07 05:35:33,False,10000,84,0.0,0,0.5,0.5,0.3,0,0.5,10,9.5,10,rrt_20260807_053533_499.png
20260807_053535_331,2026-08-07 05:35:35,False,10000,99,0.0,0,0.5,0.5,0.3,0,0.5,10,9.5,10,rrt_20260807_053535_331.png
20260807_053537_261,2026-08-07 05:35:37,False,10000,109,0.0,0,0.5,0.5,0.3,0,0.5,10,9.5,10,rrt_20260807_053537_261.png
20260807_053539_217,2026-08-07 05:35:39,False,10000,115,0.0,0,0.5,0.5,0.3,0,0.5,10,9.5,10,rrt_20260807_053539_217.png
20260807_053539_731,2026-08-07 05:35:39,True,389,79,16.881844899241234,35,0.5,0.5,0.3,0,0.5,10,9.5,10,rrt_20260807_053539_731.png
20260807_053540_272,2026-08-07 05:35:40,True,1176,89,20.0,41,0.5,0.5,0.3,0,0.5,10,9.5,10,rrt_20260807_053540_272.png
20260807_053541_924,2026-08-07 05:35:41,False,10000,89,0.0,0,0.5,0.5,0.3,0,0.5,10,9.5,10,rrt_20260807_053541_924.png
20260807_053544_206,2026-08-07 05:35:44,False,10000,117,0.0,0,0.5,0.5,0.3,0,0.5,10,9.5,10,rrt_20260807_053544_206.png
20260807_053545_845,2026-08-07 05:35:45,False,10000,78,0.0,0,0.5,0.5,0.3,0,0.5,10,9.5,10,rrt_20260807_053545_845.png
20260807_053548_140,2026-08-07 05:35:48,False,10000,128,0.0,0,0.5,0.5,0.3,0,0.5,10,9.5,10,rrt_20260807_053548_140.png
20260807_053549_499,2026-08-07 05:35:49,False,10000,51,0.0,0,0.5,0.5,0.3,0,0.5,10,9.5,10,rrt_20260807_053549_499.png
20260807_053550_663,2026-08-07 05:35:50,False,10000,42,0.0,0,0.5,0.5,0.3,0,0.5,10,9.5,10,rrt_20260807_053550_663.png
20260807_053552_545,2026-08-07 05:35:52,False,10000,108,0.0,0,0.5,0.5,0.3,0,0.5,10,9.5,10,rrt_20260807_053552_545.png
20260807_053554_616,2026-08-07 05:35:54,False,10000,108,0.0,0,0.5,0.5,0.3,0,0.5,10,9.5,10,rrt_20260807_053554_616.png
20260807_053556_240,2026-08-07 05:35:56,False,10000,77,0.0,0,0.5,0.5,0.3,0,0.5,10,9.5,10,rrt_20260807_053556_240.png
20260807_053557_851,2026-08-07 05:35:57,False,10000,66,0.0,0,0.5,0.5,0.3,0,0.5,10,9.5,10,rrt_20260807_053557_851.png
20260807_053600_315,2026-08-07 05:36:00,False,10000,122,0.0,0,0.5,0.5,0.3,0,0.5,10,9.5,10,rrt_20260807_053600_315.png
20260807_053600_937,2026-08-07 05:36:00,True,1248,110,18.0,37,0.5,0.5,0.3,0,0.5,10,9.5,10,rrt_20260807_053600_937.png
20260807_053602_916,2026-08-07 05:36:02,False,10000,118,0.0,0,0.5,0.5,0.3,0,0.5,10,9.5,10,rrt_20260807_053602_916.png
20260807_053604_647,2026-08-07 05:36:04,False,10000,94,0.0,0,0.5,0.5,0.3,0,0.5,10,9.5,10,rrt_20260807_053604_647.png
20260807_053606_557,2026-08-07 05:36:06,False,10000,116,0.0,0,0.5,0.5,0.3,0,0.5,10,9.5,10,rrt_20260807_053606_557.png
20260807_053607_317,2026-08-07 05:36:07,True,2531,96,19.5,40,0.5,0.5,0.3,0,0.5,10,9.5,10,rrt_20260807_053607_317.png
20260807_053609_319,2026-08-07 05:36:09,False,10000,126,0.0,0,0.5,0.5,0.3,0,0.5,10,9.5,10,rrt_20260807_053609_319.png
20260807_053610_160,2026-08-07 05:36:10,True,1313,110,17.5,36,0.5,0.5,0.3,0,0.5,10,9.5,10,rrt_20260807_053610_160.png
20260807_053612_630,2026-08-07 05:36:12,False,10000,125,0.0,0,0.5,0.5,0.3,0,0.5,10,9.5,10,rrt_20260807_053612_630.png
20260807_053613_209,2026-08-07 05:36:13,True,875,79,20.9889455404709,43,0.5,0.5,0.3,0,0.5,10,9.5,10,rrt_20260807_053613_209.png
20260807_053615_063,2026-08-07 05:36:15,False,10000,91,0.0,0,0.5,0.5,0.3,0,0.5,10,9.5,10,rrt_20260807_053615_063.png
20260807_053615_730,2026-08-07 05:36:15,True,1023,105,16.5,34,0.5,0.5,0.3,0,0.5,10,9.5,10,rrt_20260807_053615_730.png
20260807_053617_610,2026-08-07 05:36:17,False,10000,91,0.0,0,0.5,0.5,0.3,0,0.5,10,9.5,10,rrt_20260807_053617_610.png
20260807_053618_426,2026-08-07 05:36:18,True,1659,81,19.5,40,0.5,0.5,0.3,0,0.5,10,9.5,10,rrt_20260807_053618_426.png
20260807_053620_239,2026-08-07 05:36:20,False,10000,107,0.0,0,0.5,0.5,0.3,0,0.5,10,9.5,10,rrt_20260807_053620_239.png
20260807_053621_716,2026-08-07 05:36:21,False,10000,61,0.0,0,0.5,0.5,0.3,0,0.5,10,9.5,10,rrt_20260807_053621_716.png
20260807_053623_212,2026-08-07 05:36:23,False,10000,67,0.0,0,0.5,0.5,0.3,0,0.5,10,9.5,10,rrt_20260807_053623_212.png
20260807_053625_425,2026-08-07 05:36:25,False,10000,117,0.0,0,0.5,0.5,0.3,0,0.5,10,9.5,10,rrt_20260807_053625_425.png
20260807_053627_501,2026-08-07 05:36:27,False,10000,128,0.0,0,0.5,0.5,0.3,0,0.5,10,9.5,10,rrt_20260807_053627_501.png
20260807_053628_112,2026-08-07 05:36:28,True,1259,96,18.0,37,0.5,0.5,0.3,0,0.5,10,9.5,10,rrt_20260807_053628_112.png
20260807_053630_251,2026-08-07 05:36:30,False,10000,118,0.0,0,0.5,0.5,0.3,0,0.5,10,9.5,10,rrt_20260807_053630_251.png
20260807_053632_085,2026-08-07 05:36:32,False,10000,101,0.0,0,0.5,0.5,0.3,0,0.5,10,9.5,10,rrt_20260807_053632_085.png
20260807_053633_962,2026-08-07 05:36:33,False,10000,101,0.0,0,0.5,0.5,0.3,0,0.5,10,9.5,10,rrt_20260807_053633_962.png
20260807_053635_675,2026-08-07 05:36:35,False,10000,88,0.0,0,0.5,0.5,0.3,0,0.5,10,9.5,10,rrt_20260807_053635_675.png
20260807_053636_160,2026-08-07 05:36:36,True,213,51,17.0,35,0.5,0.5,0.3,0,0.5,10,9.5,10,rrt_20260807_053636_160.png
20260807_053638_008,2026-08-07 05:36:38,False,10000,105,0.0,0,0.5,0.5,0.3,0,0.5,10,9.5,10,rrt_20260807_053638_008.png
20260807_053638_986,2026-08-07 05:36:38,True,1545,142,18.0,37,0.5,0.5,0.3,0,0.5,10,9.5,10,rrt_20260807_053638_986.png
20260807_053640_667,2026-08-07 05:36:40,False,10000,86,0.0,0,0.5,0.5,0.3,0,0.5,10,9.5,10,rrt_20260807_053640_667.png
20260807_053641_419,2026-08-07 05:36:41,True,2230,108,18.0,37,0.5,0.5,0.3,0,0.5,10,9.5,10,rrt_20260807_053641_419.png
20260807_053641_951,2026-08-07 05:36:41,True,831,106,17.0,35,0.5,0.5,0.3,0,0.5,10,9.5,10,rrt_20260807_053641_951.png
20260807_053642_666,2026-08-07 05:36:42,True,2187,140,18.0,37,0.5,0.5,0.3,0,0.5,10,9.5,10,rrt_20260807_053642_666.png
20260807_053644_029,2026-08-07 05:36:44,False,10000,50,0.0,0,0.5,0.5,0.3,0,0.5,10,9.5,10,rrt_20260807_053644_029.png
20260807_053644_543,2026-08-07 05:36:44,True,236,61,18.0,37,0.5,0.5,0.3,0,0.5,10,9.5,10,rrt_20260807_053644_543.png
20260807_053646_241,2026-08-07 05:36:46,False,10000,90,0.0,0,0.5,0.5,0.3,0,0.5,10,9.5,10,rrt_20260807_053646_241.png
20260807_053646_792,2026-08-07 05:36:46,True,792,84,19.383497608549114,40,0.5,0.5,0.3,0,0.5,10,9.5,10,rrt_20260807_053646_792.png
20260807_053648_983,2026-08-07 05:36:48,False,10000,116,0.0,0,0.5,0.5,0.3,0,0.5,10,9.5,10,rrt_20260807_053648_983.png
20260807_053649_618,2026-08-07 05:36:49,True,1251,121,18.3478842870526,38,0.5,0.5,0.3,0,0.5,10,9.5,10,rrt_20260807_053649_618.png
20260807_053651_907,2026-08-07 05:36:51,False,10000,142,0.0,0,0.5,0.5,0.3,0,0.5,10,9.5,10,rrt_20260807_053651_907.png
20260807_053652_617,2026-08-07 05:36:52,True,1841,103,18.0,37,0.5,0.5,0.3,0,0.5,10,9.5,10,rrt_20260807_053652_617.png
20260807_053653_512,2026-08-07 05:36:53,True,3301,114,19.5,40,0.5,0.5,0.3,0,0.5,10,9.5,10,rrt_20260807_053653_512.png
20260807_053655_451,2026-08-07 05:36:55,False,10000,95,0.0,0,0.5,0.5,0.3,0,0.5,10,9.5,10,rrt_20260807_053655_451.png
20260807_053655_967,2026-08-07 05:36:55,True,446,72,16.5,34,0.5,0.5,0.3,0,0.5,10,9.5,10,rrt_20260807_053655_967.png
20260807_053657_808,2026-08-07 05:36:57,False,10000,91,0.0,0,0.5,0.5,0.3,0,0.5,10,9.5,10,rrt_20260807_053657_808.png
20260807_053658_523,2026-08-07 05:36:58,True,1947,119,19.0,39,0.5,0.5,0.3,0,0.5,10,9.5,10,rrt_20260807_053658_523.png
20260807_053659_422,2026-08-07 05:36:59,True,1925,120,18.0,37,0.5,0.5,0.3,0,0.5,10,9.5,10,rrt_20260807_053659_422.png
20260807_053701_265,2026-08-07 05:37:01,False,10000,103,0.0,0,0.5,0.5,0.3,0,0.5,10,9.5,10,rrt_20260807_053701_265.png
20260807_053702_832,2026-08-07 05:37:02,False,10000,78,0.0,0,0.5,0.5,0.3,0,0.5,10,9.5,10,rrt_20260807_053702_832.png
20260807_053704_787,2026-08-07 05:37:04,False,10000,121,0.0,0,0.5,0.5,0.3,0,0.5,10,9.5,10,rrt_20260807_053704_787.png
20260807_053705_351,2026-08-07 05:37:05,True,966,88,17.350993109881323,36,0.5,0.5,0.3,0,0.5,10,9.5,10,rrt_20260807_053705_351.png
20260807_053706_077,2026-08-07 05:37:06,True,2525,114,17.5,36,0.5,0.5,0.3,0,0.5,10,9.5,10,rrt_20260807_053706_077.png
20260807_053706_821,2026-08-07 05:37:06,True,1401,115,17.0,35,0.5,0.5,0.3,0,0.5,10,9.5,10,rrt_20260807_053706_821.png
20260807_053707_445,2026-08-07 05:37:07,True,1228,102,18.0,37,0.5,0.5,0.3,0,0.5,10,9.5,10,rrt_20260807_053707_445.png
20260807_053708_194,2026-08-07 05:37:08,True,2298,134,19.0,39,0.5,0.5,0.3,0,0.5,10,9.5,10,rrt_20260807_053708_194.png
20260807_053710_211,2026-08-07 05:37:10,False,10000,99,0.0,0,0.5,0.5,0.3,0,0.5,10,9.5,10,rrt_20260807_053710_211.png
20260807_053711_215,2026-08-07 05:37:11,True,3049,120,17.5,36,0.5,0.5,0.3,0,0.5,10,9.5,10,rrt_20260807_053711_215.png
20260807_053712_466,2026-08-07 05:37:12,False,10000,43,0.0,0,0.5,0.5,0.3,0,0.5,10,9.5,10,rrt_20260807_053712_466.png
20260807_053714_128,2026-08-07 05:37:14,False,10000,86,0.0,0,0.5,0.5,0.3,0,0.5,10,9.5,10,rrt_20260807_053714_128.png
20260807_053715_853,2026-08-07 05:37:15,False,10000,86,0.0,0,0.5,0.5,0.3,0,0.5,10,9.5,10,rrt_20260807_053715_853.png
20260807_053716_568,2026-08-07 05:37:16,True,1510,123,17.5,36,0.5,0.5,0.3,0,0.5,10,9.5,10,rrt_20260807_053716_568.png
20260807_053717_103,2026-08-07 05:37:17,True,994,92,18.5,38,0.5,0.5,0.3,0,0.5,10,9.5,10,rrt_20260807_053717_103.png
20260807_053719_065,2026-08-07 05:37:19,False,10000,121,0.0,0,0.5,0.5,0.3,0,0.5,10,9.5,10,rrt_20260807_053719_065.png
20260807_053721_822,2026-08-07 05:37:21,False,10000,177,0.0,0,0.5,0.5,0.3,0,0.5,10,9.5,10,rrt_20260807_053721_822.png
20260807_053722_732,2026-08-07 05:37:22,True,980,125,18.0,37,0.5,0.5,0.3,0,0.5,10,9.5,10,rrt_20260807_053722_732.png
20260807_053724_695,2026-08-07 05:37:24,False,10000,120,0.0,0,0.5,0.5,0.3,0,0.5,10,9.5,10,rrt_20260807_053724_695.png
20260807_053726_844,2026-08-07 05:37:26,False,10000,115,0.0,0,0.5,0.5,0.3,0,0.5,10,9.5,10,rrt_20260807_053726_844.png
20260807_053727_383,2026-08-07 05:37:27,True,315,86,16.5,34,0.5,0.6,0.3,0,0.5,10,9.5,10,rrt_20260807_053727_383.png
20260807_053729_546,2026-08-07 05:37:29,False,10000,120,0.0,0,0.5,0.6,0.3,0,0.5,10,9.5,10,rrt_20260807_053729_546.png
20260807_053731_578,2026-08-07 05:37:31,False,10000,104,0.0,0,0.5,0.6,0.3,0,0.5,10,9.5,10,rrt_20260807_053731_578.png
20260807_053733_771,2026-08-07 05:37:33,False,10000,115,0.0,0,0.5,0.6,0.3,0,0.5,10,9.5,10,rrt_20260807_053733_771.png
20260807_053736_069,2026-08-07 05:37:36,False,10000,115,0.0,0,0.5,0.6,0.3,0,0.5,10,9.5,10,rrt_20260807_053736_069.png
20260807_053737_849,2026-08-07 05:37:37,False,10000,50,0.0,0,0.5,0.6,0.3,0,0.5,10,9.5,10,rrt_20260807_053737_849.png
20260807_053738_677,2026-08-07 05:37:38,True,1748,120,20.5,42,0.5,0.6,0.3,0,0.5,10,9.5,10,rrt_20260807_053738_677.png
20260807_053740_850,2026-08-07 05:37:40,False,10000,124,0.0,0,0.5,0.6,0.3,0,0.5,10,9.5,10,rrt_20260807_053740_850.png
20260807_053741_682,2026-08-07 05:37:41,True,2491,127,18.499999999999996,38,0.5,0.6,0.3,0,0.5,10,9.5,10,rrt_20260807_053741_682.png
20260807_053743_420,2026-08-07 05:37:43,False,10000,96,0.0,0,0.5,0.6,0.3,0,0.5,10,9.5,10,rrt_20260807_053743_420.png
20260807_053744_187,2026-08-07 05:37:44,True,2231,111,19.0,39,0.5,0.6,0.3,0,0.5,10,9.5,10,rrt_20260807_053744_187.png
20260807_053746_208,2026-08-07 05:37:46,False,10000,105,0.0,0,0.5,0.6,0.3,0,0.5,10,9.5,10,rrt_20260807_053746_208.png
20260807_053748_356,2026-08-07 05:37:48,False,10000,133,0.0,0,0.5,0.6,0.3,0,0.5,10,9.5,10,rrt_20260807_053748_356.png
20260807_053750_118,2026-08-07 05:37:50,False,10000,98,0.0,0,0.5,0.6,0.3,0,0.5,10,9.5,10,rrt_20260807_053750_118.png
20260807_053752_386,2026-08-07 05:37:52,False,10000,115,0.0,0,0.5,0.6,0.3,0,0.5,10,9.5,10,rrt_20260807_053752_386.png
20260807_053754_315,2026-08-07 05:37:54,False,10000,89,0.0,0,0.5,0.6,0.3,0,0.5,10,9.5,10,rrt_20260807_053754_315.png
20260807_053756_407,2026-08-07 05:37:56,False,10000,127,0.0,0,0.5,0.6,0.3,0,0.5,10,9.5,10,rrt_20260807_053756_407.png
20260807_053758_194,2026-08-07 05:37:58,False,10000,97,0.0,0,0.5,0.6,0.3,0,0.5,10,9.5,10,rrt_20260807_053758_194.png
20260807_053758_996,2026-08-07 05:37:58,True,2237,117,18.5,38,0.5,0.6,0.3,0,0.5,10,9.5,10,rrt_20260807_053758_996.png
20260807_053800_845,2026-08-07 05:38:00,False,10000,105,0.0,0,0.5,0.6,0.3,0,0.5,10,9.5,10,rrt_20260807_053800_845.png
20260807_053802_519,2026-08-07 05:38:02,False,10000,83,0.0,0,0.5,0.6,0.3,0,0.5,10,9.5,10,rrt_20260807_053802_519.png
20260807_053803_235,2026-08-07 05:38:03,True,1602,108,20.5,42,0.5,0.6,0.3,0,0.5,10,9.5,10,rrt_20260807_053803_235.png
20260807_053805_474,2026-08-07 05:38:05,False,10000,142,0.0,0,0.5,0.6,0.3,0,0.5,10,9.5,10,rrt_20260807_053805_474.png
20260807_053806_423,2026-08-07 05:38:06,True,1450,154,17.394289791293364,36,0.5,0.6,0.3,0,0.5,10,9.5,10,rrt_20260807_053806_423.png
20260807_053807_129,2026-08-07 05:38:07,True,2007,110,17.0,35,0.5,0.6,0.3,0,0.5,10,9.5,10,rrt_20260807_053807_129.png
20260807_053807_723,2026-08-07 05:38:07,True,1854,92,20.330348058533655,42,0.5,0.6,0.3,0,0.5,10,9.5,10,rrt_20260807_053807_723.png
20260807_053809_787,2026-08-07 05:38:09,False,10000,121,0.0,0,0.5,0.6,0.3,0,0.5,10,9.5,10,rrt_20260807_053809_787.png
20260807_053811_434,2026-08-07 05:38:11,False,10000,78,0.0,0,0.5,0.6,0.3,0,0.5,10,9.5,10,rrt_20260807_053811_434.png
20260807_053813_287,2026-08-07 05:38:13,False,10000,105,0.0,0,0.5,0.6,0.3,0,0.5,10,9.5,10,rrt_20260807_053813_287.png
20260807_053815_359,2026-08-07 05:38:15,False,10000,115,0.0,0,0.5,0.6,0.3,0,0.5,10,9.5,10,rrt_20260807_053815_359.png
20260807_053817_479,2026-08-07 05:38:17,False,10000,87,0.0,0,0.5,0.6,0.3,0,0.5,10,9.5,10,rrt_20260807_053817_479.png
20260807_053819_265,2026-08-07 05:38:19,False,10000,95,0.0,0,0.5,0.6,0.3,0,0.5,10,9.5,10,rrt_20260807_053819_265.png
20260807_053821_220,2026-08-07 05:38:21,False,10000,81,0.0,0,0.5,0.6,0.3,0,0.5,10,9.5,10,rrt_20260807_053821_220.png
20260807_053821_771,2026-08-07 05:38:21,True,648,107,17.5,36,0.5,0.6,0.3,0,0.5,10,9.5,10,rrt_20260807_053821_771.png
20260807_053823_597,2026-08-07 05:38:23,False,10000,106,0.0,0,0.5,0.6,0.3,0,0.5,10,9.5,10,rrt_20260807_053823_597.png
20260807_053824_982,2026-08-07 05:38:24,False,10000,53,0.0,0,0.5,0.6,0.3,0,0.5,10,9.5,10,rrt_20260807_053824_982.png
20260807_053827_017,2026-08-07 05:38:27,False,10000,108,0.0,0,0.5,0.6,0.3,0,0.5,10,9.5,10,rrt_20260807_053827_017.png
20260807_053828_770,2026-08-07 05:38:28,False,10000,98,0.0,0,0.5,0.6,0.3,0,0.5,10,9.5,10,rrt_20260807_053828_770.png
20260807_053829_516,2026-08-07 05:38:29,True,1744,106,19.0,39,0.5,0.6,0.3,0,0.5,10,9.5,10,rrt_20260807_053829_516.png
20260807_053830_208,2026-08-07 05:38:30,True,1364,111,18.5,38,0.5,0.6,0.3,0,0.5,10,9.5,10,rrt_20260807_053830_208.png
20260807_053830_671,2026-08-07 05:38:30,True,191,56,19.0,39,0.5,0.6,0.3,0,0.5,10,9.5,10,rrt_20260807_053830_671.png
20260807_053832_683,2026-08-07 05:38:32,False,10000,105,0.0,0,0.5,0.6,0.3,0,0.5,10,9.5,10,rrt_20260807_053832_683.png
20260807_053833_567,2026-08-07 05:38:33,True,2514,144,17.0,35,0.5,0.6,0.3,0,0.5,10,9.5,10,rrt_20260807_053833_567.png
20260807_053834_369,2026-08-07 05:38:34,True,2426,135,18.0,37,0.5,0.6,0.3,0,0.5,10,9.5,10,rrt_20260807_053834_369.png
20260807_053836_290,2026-08-07 05:38:36,False,10000,109,0.0,0,0.5,0.6,0.3,0,0.5,10,9.5,10,rrt_20260807_053836_290.png
20260807_053838_188,2026-08-07 05:38:38,False,10000,85,0.0,0,0.5,0.6,0.3,0,0.5,10,9.5,10,rrt_20260807_053838_188.png
20260807_053839_509,2026-08-07 05:38:39,False,10000,49,0.0,0,0.5,0.6,0.3,0,0.5,10,9.5,10,rrt_20260807_053839_509.png
20260807_053841_294,2026-08-07 05:38:41,False,10000,90,0.0,0,0.5,0.6,0.3,0,0.5,10,9.5,10,rrt_20260807_053841_294.png
20260807_053843_358,2026-08-07 05:38:43,False,10000,110,0.0,0,0.5,0.6,0.3,0,0.5,10,9.5,10,rrt_20260807_053843_358.png
20260807_053844_578,2026-08-07 05:38:44,False,10000,46,0.0,0,0.5,0.6,0.3,0,0.5,10,9.5,10,rrt_20260807_053844_578.png
20260807_053846_585,2026-08-07 05:38:46,False,10000,95,0.0,0,0.5,0.6,0.3,0,0.5,10,9.5,10,rrt_20260807_053846_585.png
20260807_053848_261,2026-08-07 05:38:48,False,10000,77,0.0,0,0.5,0.6,0.3,0,0.5,10,9.5,10,rrt_20260807_053848_261.png
20260807_053849_952,2026-08-07 05:38:49,False,10000,88,0.0,0,0.5,0.6,0.3,0,0.5,10,9.5,10,rrt_20260807_053849_952.png
20260807_053851_346,2026-08-07 05:38:51,False,10000,51,0.0,0,0.5,0.6,0.3,0,0.5,10,9.5,10,rrt_20260807_053851_346.png
20260807_053851_842,2026-08-07 05:38:51,True,490,72,18.5,38,0.5,0.6,0.3,0,0.5,10,9.5,10,rrt_20260807_053851_842.png
20260807_053853_656,2026-08-07 05:38:53,False,10000,106,0.0,0,0.5,0.6,0.3,0,0.5,10,9.5,10,rrt_20260807_053853_656.png
20260807_053855_511,2026-08-07 05:38:55,False,10000,104,0.0,0,0.5,0.6,0.3,0,0.5,10,9.5,10,rrt_20260807_053855_511.png
20260807_053857_126,2026-08-07 05:38:57,False,10000,51,0.0,0,0.5,0.6,0.3,0,0.5,10,9.5,10,rrt_20260807_053857_126.png
20260807_053858_035,2026-08-07 05:38:58,True,1643,125,18.0,37,0.5,0.6,0.3,0,0.5,10,9.5,10,rrt_20260807_053858_035.png
20260807_053900_141,2026-08-07 05:39:00,False,10000,91,0.0,0,0.5,0.6,0.3,0,0.5,10,9.5,10,rrt_20260807_053900_141.png
20260807_053900_667,2026-08-07 05:39:00,True,491,96,18.0,37,0.5,0.6,0.3,0,0.5,10,9.5,10,rrt_20260807_053900_667.png
20260807_053901_256,2026-08-07 05:39:01,True,1314,122,18.5,38,0.5,0.6,0.3,0,0.5,10,9.5,10,rrt_20260807_053901_256.png
20260807_053903_151,2026-08-07 05:39:03,False,10000,111,0.0,0,0.5,0.6,0.3,0,0.5,10,9.5,10,rrt_20260807_053903_151.png
20260807_053903_636,2026-08-07 05:39:03,True,247,55,17.0,35,0.5,0.6,0.3,0,0.5,10,9.5,10,rrt_20260807_053903_636.png
20260807_053904_826,2026-08-07 05:39:04,False,10000,40,0.0,0,0.5,0.6,0.3,0,0.5,10,9.5,10,rrt_20260807_053904_826.png
20260807_053905_526,2026-08-07 05:39:05,True,2054,99,19.0,39,0.5,0.6,0.3,0,0.5,10,9.5,10,rrt_20260807_053905_526.png
20260807_053907_561,2026-08-07 05:39:07,False,10000,112,0.0,0,0.5,0.6,0.3,0,0.5,10,9.5,10,rrt_20260807_053907_561.png
20260807_053909_296,2026-08-07 05:39:09,False,10000,92,0.0,0,0.5,0.6,0.3,0,0.5,10,9.5,10,rrt_20260807_053909_296.png
20260807_053911_239,2026-08-07 05:39:11,False,10000,88,0.0,0,0.5,0.6,0.3,0,0.5,10,9.5,10,rrt_20260807_053911_239.png
20260807_053911_884,2026-08-07 05:39:11,True,1461,115,19.0,39,0.5,0.6,0.3,0,0.5,10,9.5,10,rrt_20260807_053911_884.png
20260807_053913_082,2026-08-07 05:39:13,False,10000,49,0.0,0,0.5,0.6,0.3,0,0.5,10,9.5,10,rrt_20260807_053913_082.png
20260807_053913_696,2026-08-07 05:39:13,True,1338,108,17.499999999999996,36,0.5,0.6,0.3,0,0.5,10,9.5,10,rrt_20260807_053913_696.png
20260807_053915_518,2026-08-07 05:39:15,False,10000,107,0.0,0,0.5,0.6,0.3,0,0.5,10,9.5,10,rrt_20260807_053915_518.png
20260807_053917_160,2026-08-07 05:39:17,False,10000,81,0.0,0,0.5,0.6,0.3,0,0.5,10,9.5,10,rrt_20260807_053917_160.png
20260807_053919_117,2026-08-07 05:39:19,False,10000,99,0.0,0,0.5,0.6,0.3,0,0.5,10,9.5,10,rrt_20260807_053919_117.png
20260807_053919_750,2026-08-07 05:39:19,True,1363,128,17.0,35,0.5,0.6,0.3,0,0.5,10,9.5,10,rrt_20260807_053919_750.png
20260807_053920_422,2026-08-07 05:39:20,True,267,70,19.475472594760667,40,0.5,0.6,0.3,0,0.5,10,9.5,10,rrt_20260807_053920_422.png
20260807_053921_028,2026-08-07 05:39:21,True,1320,130,18.5,38,0.5,0.6,0.3,0,0.5,10,9.5,10,rrt_20260807_053921_028.png
20260807_053923_189,2026-08-07 05:39:23,False,10000,140,0.0,0,0.5,0.6,0.3,0,0.5,10,9.5,10,rrt_20260807_053923_189.png
20260807_053924_885,2026-08-07 05:39:24,False,10000,88,0.0,0,0.5,0.6,0.3,0,0.5,10,9.5,10,rrt_20260807_053924_885.png
20260807_053926_426,2026-08-07 05:39:26,False,10000,75,0.0,0,0.5,0.6,0.3,0,0.5,10,9.5,10,rrt_20260807_053926_426.png
20260807_053928_381,2026-08-07 05:39:28,False,10000,121,0.0,0,0.5,0.6,0.3,0,0.5,10,9.5,10,rrt_20260807_053928_381.png
20260807_053929_670,2026-08-07 05:39:29,False,10000,51,0.0,0,0.5,0.6,0.3,0,0.5,10,9.5,10,rrt_20260807_053929_670.png
20260807_053930_307,2026-08-07 05:39:30,True,1138,101,18.5,38,0.5,0.6,0.3,0,0.5,10,9.5,10,rrt_20260807_053930_307.png
20260807_053931_017,2026-08-07 05:39:31,True,1879,128,17.0,35,0.5,0.6,0.3,0,0.5,10,9.5,10,rrt_20260807_053931_017.png
20260807_053933_223,2026-08-07 05:39:33,False,10000,119,0.0,0,0.5,0.6,0.3,0,0.5,10,9.5,10,rrt_20260807_053933_223.png
20260807_053933_745,2026-08-07 05:39:33,True,462,68,17.5,36,0.5,0.6,0.3,0,0.5,10,9.5,10,rrt_20260807_053933_745.png
20260807_053935_674,2026-08-07 05:39:35,False,10000,104,0.0,0,0.5,0.6,0.3,0,0.5,10,9.5,10,rrt_20260807_053935_674.png
20260807_053937_555,2026-08-07 05:39:37,False,10000,98,0.0,0,0.5,0.6,0.3,0,0.5,10,9.5,10,rrt_20260807_053937_555.png
20260807_053939_481,2026-08-07 05:39:39,False,10000,98,0.0,0,0.5,0.6,0.3,0,0.5,10,9.5,10,rrt_20260807_053939_481.png
20260807_053940_061,2026-08-07 05:39:40,True,838,104,17.0,35,0.5,0.6,0.3,0,0.5,10,9.5,10,rrt_20260807_053940_061.png
20260807_053940_540,2026-08-07 05:39:40,True,655,92,19.0,39,0.5,0.6,0.3,0,0.5,10,9.5,10,rrt_20260807_053940_540.png
20260807_053941_113,2026-08-07 05:39:41,True,1221,117,17.5,36,0.5,0.6,0.3,0,0.5,10,9.5,10,rrt_20260807_053941_113.png
20260807_053942_958,2026-08-07 05:39:42,False,10000,110,0.0,0,0.5,0.6,0.3,0,0.5,10,9.5,10,rrt_20260807_053942_958.png
20260807_053945_037,2026-08-07 05:39:45,False,10000,94,0.0,0,0.5,0.6,0.3,0,0.5,10,9.5,10,rrt_20260807_053945_037.png
20260807_053947_059,2026-08-07 05:39:47,False,10000,110,0.0,0,0.5,0.6,0.3,0,0.5,10,9.5,10,rrt_20260807_053947_059.png
20260807_053947_862,2026-08-07 05:39:47,True,2174,128,17.0,35,0.5,0.6,0.3,0,0.5,10,9.5,10,rrt_20260807_053947_862.png
20260807_053948_456,2026-08-07 05:39:48,True,1330,110,16.5,34,0.5,0.6,0.3,0,0.5,10,9.5,10,rrt_20260807_053948_456.png
20260807_053950_238,2026-08-07 05:39:50,False,10000,101,0.0,0,0.5,0.6,0.3,0,0.5,10,9.5,10,rrt_20260807_053950_238.png
20260807_053952_152,2026-08-07 05:39:52,False,10000,110,0.0,0,0.5,0.6,0.3,0,0.5,10,9.5,10,rrt_20260807_053952_152.png
20260807_053954_036,2026-08-07 05:39:54,False,10000,107,0.0,0,0.5,0.7,0.3,0,0.5,10,9.5,10,rrt_20260807_053954_036.png
20260807_053954_646,2026-08-07 05:39:54,True,1244,107,19.0,39,0.5,0.7,0.3,0,0.5,10,9.5,10,rrt_20260807_053954_646.png
20260807_053955_348,2026-08-07 05:39:55,True,1900,114,18.0,37,0.5,0.7,0.3,0,0.5,10,9.5,10,rrt_20260807_053955_348.png
20260807_053957_621,2026-08-07 05:39:57,False,10000,101,0.0,0,0.5,0.7,0.3,0,0.5,10,9.5,10,rrt_20260807_053957_621.png
20260807_053959_565,2026-08-07 05:39:59,False,10000,111,0.0,0,0.5,0.7,0.3,0,0.5,10,9.5,10,rrt_20260807_053959_565.png
20260807_054000_158,2026-08-07 05:40:00,True,1033,106,19.0,39,0.5,0.7,0.3,0,0.5,10,9.5,10,rrt_20260807_054000_158.png
20260807_054000_956,2026-08-07 05:40:00,True,2724,94,18.31267945243507,38,0.5,0.7,0.3,0,0.5,10,9.5,10,rrt_20260807_054000_956.png
20260807_054002_924,2026-08-07 05:40:02,False,10000,119,0.0,0,0.5,0.7,0.3,0,0.5,10,9.5,10,rrt_20260807_054002_924.png
20260807_054003_459,2026-08-07 05:40:03,True,598,120,17.0,35,0.5,0.7,0.3,0,0.5,10,9.5,10,rrt_20260807_054003_459.png
20260807_054003_997,2026-08-07 05:40:03,True,933,126,17.5,36,0.5,0.7,0.3,0,0.5,10,9.5,10,rrt_20260807_054003_997.png
20260807_054005_703,2026-08-07 05:40:05,False,10000,89,0.0,0,0.5,0.7,0.3,0,0.5,10,9.5,10,rrt_20260807_054005_703.png
20260807_054007_716,2026-08-07 05:40:07,False,10000,119,0.0,0,0.5,0.7,0.3,0,0.5,10,9.5,10,rrt_20260807_054007_716.png
20260807_054010_080,2026-08-07 05:40:10,False,10000,118,0.0,0,0.5,0.7,0.3,0,0.5,10,9.5,10,rrt_20260807_054010_080.png
20260807_054011_115,2026-08-07 05:40:11,True,1646,126,17.5,36,0.5,0.7,0.3,0,0.5,10,9.5,10,rrt_20260807_054011_115.png
20260807_054011_777,2026-08-07 05:40:11,True,1589,106,19.822011187041305,41,0.5,0.7,0.3,0,0.5,10,9.5,10,rrt_20260807_054011_777.png
20260807_054012_216,2026-08-07 05:40:12,True,172,52,17.0,35,0.5,0.7,0.3,0,0.5,10,9.5,10,rrt_20260807_054012_216.png
20260807_054014_562,2026-08-07 05:40:14,False,10000,147,0.0,0,0.5,0.7,0.3,0,0.5,10,9.5,10,rrt_20260807_054014_562.png
20260807_054015_228,2026-08-07 05:40:15,True,1350,113,19.5,40,0.5,0.7,0.3,0,0.5,10,9.5,10,rrt_20260807_054015_228.png
20260807_054017_457,2026-08-07 05:40:17,False,10000,106,0.0,0,0.5,0.7,0.3,0,0.5,10,9.5,10,rrt_20260807_054017_457.png
20260807_054019_367,2026-08-07 05:40:19,False,10000,111,0.0,0,0.5,0.7,0.3,0,0.5,10,9.5,10,rrt_20260807_054019_367.png
20260807_054019_914,2026-08-07 05:40:19,True,635,121,18.0,37,0.5,0.7,0.3,0,0.5,10,9.5,10,rrt_20260807_054019_914.png
20260807_054021_780,2026-08-07 05:40:21,False,10000,78,0.0,0,0.5,0.7,0.3,0,0.5,10,9.5,10,rrt_20260807_054021_780.png
20260807_054023_485,2026-08-07 05:40:23,False,10000,92,0.0,0,0.5,0.7,0.3,0,0.5,10,9.5,10,rrt_20260807_054023_485.png
20260807_054025_377,2026-08-07 05:40:25,False,10000,110,0.0,0,0.5,0.7,0.3,0,0.5,10,9.5,10,rrt_20260807_054025_377.png
20260807_054026_006,2026-08-07 05:40:26,True,255,66,18.0,37,0.5,0.7,0.3,0,0.5,10,9.5,10,rrt_20260807_054026_006.png
20260807_054028_115,2026-08-07 05:40:28,False,10000,138,0.0,0,0.5,0.7,0.3,0,0.5,10,9.5,10,rrt_20260807_054028_115.png
20260807_054028_874,2026-08-07 05:40:28,True,2060,128,23.5,48,0.5,0.7,0.3,0,0.5,10,9.5,10,rrt_20260807_054028_874.png
20260807_054030_869,2026-08-07 05:40:30,False,10000,111,0.0,0,0.5,0.7,0.3,0,0.5,10,9.5,10,rrt_20260807_054030_869.png
20260807_054031_379,2026-08-07 05:40:31,True,565,73,21.5,44,0.5,0.7,0.3,0,0.5,10,9.5,10,rrt_20260807_054031_379.png
20260807_054033_217,2026-08-07 05:40:33,False,10000,99,0.0,0,0.5,0.7,0.3,0,0.5,10,9.5,10,rrt_20260807_054033_217.png
20260807_054035_366,2026-08-07 05:40:35,False,10000,104,0.0,0,0.5,0.7,0.3,0,0.5,10,9.5,10,rrt_20260807_054035_366.png
20260807_054037_817,2026-08-07 05:40:37,False,10000,137,0.0,0,0.5,0.7,0.3,0,0.5,10,9.5,10,rrt_20260807_054037_817.png
20260807_054038_380,2026-08-07 05:40:38,True,281,82,17.851562840412388,37,0.5,0.7,0.3,0,0.5,10,9.5,10,rrt_20260807_054038_380.png
20260807_054040_047,2026-08-07 05:40:40,False,10000,82,0.0,0,0.5,0.7,0.3,0,0.5,10,9.5,10,rrt_20260807_054040_047.png
20260807_054041_717,2026-08-07 05:40:41,False,10000,78,0.0,0,0.5,0.7,0.3,0,0.5,10,9.5,10,rrt_20260807_054041_717.png
20260807_054043_591,2026-08-07 05:40:43,False,10000,110,0.0,0,0.5,0.7,0.3,0,0.5,10,9.5,10,rrt_20260807_054043_591.png
20260807_054045_716,2026-08-07 05:40:45,False,10000,130,0.0,0,0.5,0.7,0.3,0,0.5,10,9.5,10,rrt_20260807_054045_716.png
20260807_054047_582,2026-08-07 05:40:47,False,10000,95,0.0,0,0.5,0.7,0.3,0,0.5,10,9.5,10,rrt_20260807_054047_582.png
20260807_054049_727,2026-08-07 05:40:49,False,10000,101,0.0,0,0.5,0.7,0.3,0,0.5,10,9.5,10,rrt_20260807_054049_727.png
20260807_054050_577,2026-08-07 05:40:50,True,2903,126,21.5,44,0.5,0.7,0.3,0,0.5,10,9.5,10,rrt_20260807_054050_577.png
20260807_054052_381,2026-08-07 05:40:52,False,10000,105,0.0,0,0.5,0.7,0.3,0,0.5,10,9.5,10,rrt_20260807_054052_381.png
20260807_054054_448,2026-08-07 05:40:54,False,10000,125,0.0,0,0.5,0.7,0.3,0,0.5,10,9.5,10,rrt_20260807_054054_448.png
20260807_054056_150,2026-08-07 05:40:56,False,10000,88,0.0,0,0.5,0.7,0.3,0,0.5,10,9.5,10,rrt_20260807_054056_150.png
20260807_054056_709,2026-08-07 05:40:56,True,1132,105,19.0,39,0.5,0.7,0.3,0,0.5,10,9.5,10,rrt_20260807_054056_709.png
20260807_054058_618,2026-08-07 05:40:58,False,10000,104,0.0,0,0.5,0.7,0.3,0,0.5,10,9.5,10,rrt_20260807_054058_618.png
20260807_054100_478,2026-08-07 05:41:00,False,10000,103,0.0,0,0.5,0.7,0.3,0,0.5,10,9.5,10,rrt_20260807_054100_478.png
20260807_054102_298,2026-08-07 05:41:02,False,10000,98,0.0,0,0.5,0.7,0.3,0,0.5,10,9.5,10,rrt_20260807_054102_298.png
20260807_054103_279,2026-08-07 05:41:03,True,1059,116,18.5,38,0.5,0.7,0.3,0,0.5,10,9.5,10,rrt_20260807_054103_279.png
20260807_054103_749,2026-08-07 05:41:03,True,386,88,17.994125256903544,37,0.5,0.7,0.3,0,0.5,10,9.5,10,rrt_20260807_054103_749.png
20260807_054105_728,2026-08-07 05:41:05,False,10000,114,0.0,0,0.5,0.7,0.3,0,0.5,10,9.5,10,rrt_20260807_054105_728.png
20260807_054107_732,2026-08-07 05:41:07,False,10000,110,0.0,0,0.5,0.7,0.3,0,0.5,10,9.5,10,rrt_20260807_054107_732.png
20260807_054109_651,2026-08-07 05:41:09,False,10000,111,0.0,0,0.5,0.7,0.3,0,0.5,10,9.5,10,rrt_20260807_054109_651.png
20260807_054110_287,2026-08-07 05:41:10,True,1424,112,20.5,42,0.5,0.7,0.3,0,0.5,10,9.5,10,rrt_20260807_054110_287.png
20260807_054112_177,2026-08-07 05:41:12,False,10000,84,0.0,0,0.5,0.7,0.3,0,0.5,10,9.5,10,rrt_20260807_054112_177.png
20260807_054113_980,2026-08-07 05:41:13,False,10000,92,0.0,0,0.5,0.7,0.3,0,0.5,10,9.5,10,rrt_20260807_054113_980.png
20260807_054115_999,2026-08-07 05:41:15,False,10000,119,0.0,0,0.5,0.7,0.3,0,0.5,10,9.5,10,rrt_20260807_054115_999.png
20260807_054116_923,2026-08-07 05:41:16,True,1078,114,17.5,36,0.5,0.7,0.3,0,0.5,10,9.5,10,rrt_20260807_054116_923.png
20260807_054118_170,2026-08-07 05:41:18,False,10000,44,0.0,0,0.5,0.7,0.3,0,0.5,10,9.5,10,rrt_20260807_054118_170.png
20260807_054120_280,2026-08-07 05:41:20,False,10000,128,0.0,0,0.5,0.7,0.3,0,0.5,10,9.5,10,rrt_20260807_054120_280.png
20260807_054120_972,2026-08-07 05:41:20,True,1786,111,20.0,41,0.5,0.7,0.3,0,0.5,10,9.5,10,rrt_20260807_054120_972.png
20260807_054122_319,2026-08-07 05:41:22,False,10000,53,0.0,0,0.5,0.7,0.3,0,0.5,10,9.5,10,rrt_20260807_054122_319.png
20260807_054123_926,2026-08-07 05:41:23,False,10000,74,0.0,0,0.5,0.7,0.3,0,0.5,10,9.5,10,rrt_20260807_054123_926.png
20260807_054125_585,2026-08-07 05:41:25,False,10000,65,0.0,0,0.5,0.7,0.3,0,0.5,10,9.5,10,rrt_20260807_054125_585.png
20260807_054126_106,2026-08-07 05:41:26,True,433,74,18.0,37,0.5,0.7,0.3,0,0.5,10,9.5,10,rrt_20260807_054126_106.png
20260807_054128_147,2026-08-07 05:41:28,False,10000,117,0.0,0,0.5,0.7,0.3,0,0.5,10,9.5,10,rrt_20260807_054128_147.png
20260807_054130_116,2026-08-07 05:41:30,False,10000,96,0.0,0,0.5,0.7,0.3,0,0.5,10,9.5,10,rrt_20260807_054130_116.png
20260807_054131_431,2026-08-07 05:41:31,False,10000,42,0.0,0,0.5,0.7,0.3,0,0.5,10,9.5,10,rrt_20260807_054131_431.png
20260807_054133_195,2026-08-07 05:41:33,False,10000,96,0.0,0,0.5,0.7,0.3,0,0.5,10,9.5,10,rrt_20260807_054133_195.png
20260807_054133_896,2026-08-07 05:41:33,True,1916,108,19.0,39,0.5,0.7,0.3,0,0.5,10,9.5,10,rrt_20260807_054133_896.png
20260807_054134_593,2026-08-07 05:41:34,True,2234,110,19.0,39,0.5,0.7,0.3,0,0.5,10,9.5,10,rrt_20260807_054134_593.png
20260807_054136_399,2026-08-07 05:41:36,False,10000,103,0.0,0,0.5,0.7,0.3,0,0.5,10,9.5,10,rrt_20260807_054136_399.png
20260807_054138_217,2026-08-07 05:41:38,False,10000,92,0.0,0,0.5,0.7,0.3,0,0.5,10,9.5,10,rrt_20260807_054138_217.png
20260807_054138_883,2026-08-07 05:41:38,True,1653,115,18.0,37,0.5,0.7,0.3,0,0.5,10,9.5,10,rrt_20260807_054138_883.png
20260807_054140_653,2026-08-07 05:41:40,False,10000,98,0.0,0,0.5,0.7,0.3,0,0.5,10,9.5,10,rrt_20260807_054140_653.png
20260807_054143_006,2026-08-07 05:41:43,False,10000,136,0.0,0,0.5,0.7,0.3,0,0.5,10,9.5,10,rrt_20260807_054143_006.png
20260807_054144_945,2026-08-07 05:41:44,False,10000,110,0.0,0,0.5,0.7,0.3,0,0.5,10,9.5,10,rrt_20260807_054144_945.png
20260807_054147_333,2026-08-07 05:41:47,False,10000,126,0.0,0,0.5,0.7,0.3,0,0.5,10,9.5,10,rrt_20260807_054147_333.png
20260807_054147_975,2026-08-07 05:41:47,True,1215,135,18.0,37,0.5,0.7,0.3,0,0.5,10,9.5,10,rrt_20260807_054147_975.png
20260807_054149_793,2026-08-07 05:41:49,False,10000,107,0.0,0,0.5,0.7,0.3,0,0.5,10,9.5,10,rrt_20260807_054149_793.png
20260807_054150_364,2026-08-07 05:41:50,True,1045,105,18.5,38,0.5,0.7,0.3,0,0.5,10,9.5,10,rrt_20260807_054150_364.png
20260807_054152_274,2026-08-07 05:41:52,False,10000,112,0.0,0,0.5,0.7,0.3,0,0.5,10,9.5,10,rrt_20260807_054152_274.png
20260807_054152_808,2026-08-07 05:41:52,True,702,82,21.33157350047961,44,0.5,0.7,0.3,0,0.5,10,9.5,10,rrt_20260807_054152_808.png
20260807_054154_623,2026-08-07 05:41:54,False,10000,110,0.0,0,0.5,0.7,0.3,0,0.5,10,9.5,10,rrt_20260807_054154_623.png
20260807_054156_807,2026-08-07 05:41:56,False,10000,117,0.0,0,0.5,0.7,0.3,0,0.5,10,9.5,10,rrt_20260807_054156_807.png
20260807_054157_314,2026-08-07 05:41:57,True,297,76,19.0,39,0.5,0.7,0.3,0,0.5,10,9.5,10,rrt_20260807_054157_314.png
20260807_054159_147,2026-08-07 05:41:59,False,10000,108,0.0,0,0.5,0.7,0.3,0,0.5,10,9.5,10,rrt_20260807_054159_147.png
20260807_054201_116,2026-08-07 05:42:01,False,10000,107,0.0,0,0.5,0.7,0.3,0,0.5,10,9.5,10,rrt_20260807_054201_116.png
20260807_054202_875,2026-08-07 05:42:02,False,10000,87,0.0,0,0.5,0.7,0.3,0,0.5,10,9.5,10,rrt_20260807_054202_875.png
20260807_054204_936,2026-08-07 05:42:04,False,10000,115,0.0,0,0.5,0.7,0.3,0,0.5,10,9.5,10,rrt_20260807_054204_936.png
20260807_054205_519,2026-08-07 05:42:05,True,1299,91,24.5,50,0.5,0.7,0.3,0,0.5,10,9.5,10,rrt_20260807_054205_519.png
20260807_054207_289,2026-08-07 05:42:07,False,10000,102,0.0,0,0.5,0.7,0.3,0,0.5,10,9.5,10,rrt_20260807_054207_289.png
20260807_054208_715,2026-08-07 05:42:08,False,10000,43,0.0,0,0.5,0.7,0.3,0,0.5,10,9.5,10,rrt_20260807_054208_715.png
20260807_054209_483,2026-08-07 05:42:09,True,670,113,18.5,38,0.5,0.7,0.3,0,0.5,10,9.5,10,rrt_20260807_054209_483.png
20260807_054211_137,2026-08-07 05:42:11,False,10000,77,0.0,0,0.5,0.7,0.3,0,0.5,10,9.5,10,rrt_20260807_054211_137.png
20260807_054213_545,2026-08-07 05:42:13,False,10000,149,0.0,0,0.5,0.7,0.3,0,0.5,10,9.5,10,rrt_20260807_054213_545.png
20260807_054214_140,2026-08-07 05:42:14,True,959,118,19.0,39,0.5,0.7,0.3,0,0.5,10,9.5,10,rrt_20260807_054214_140.png
20260807_054216_351,2026-08-07 05:42:16,False,10000,135,0.0,0,0.5,0.7,0.3,0,0.5,10,9.5,10,rrt_20260807_054216_351.png
20260807_054218_146,2026-08-07 05:42:18,False,10000,98,0.0,0,0.5,0.7,0.3,0,0.5,10,9.5,10,rrt_20260807_054218_146.png
20260807_054220_006,2026-08-07 05:42:20,False,10000,107,0.0,0,0.5,0.7,0.3,0,0.5,10,9.5,10,rrt_20260807_054220_006.png
20260807_054222_063,2026-08-07 05:42:22,False,10000,113,0.0,0,0.5,0.7,0.3,0,0.5,10,9.5,10,rrt_20260807_054222_063.png
20260807_054223_844,2026-08-07 05:42:23,False,10000,99,0.0,0,0.5,0.8,0.3,0,0.5,10,9.5,10,rrt_20260807_054223_844.png
20260807_054226_507,2026-08-07 05:42:26,False,10000,155,0.0,0,0.5,0.8,0.3,0,0.5,10,9.5,10,rrt_20260807_054226_507.png
20260807_054227_007,2026-08-07 05:42:27,True,296,100,16.5,34,0.5,0.8,0.3,0,0.5,10,9.5,10,rrt_20260807_054227_007.png
20260807_054228_903,2026-08-07 05:42:28,False,10000,105,0.0,0,0.5,0.8,0.3,0,0.5,10,9.5,10,rrt_20260807_054228_903.png
20260807_054231_003,2026-08-07 05:42:31,False,10000,113,0.0,0,0.5,0.8,0.3,0,0.5,10,9.5,10,rrt_20260807_054231_003.png
20260807_054231_585,2026-08-07 05:42:31,True,1058,125,19.0,39,0.5,0.8,0.3,0,0.5,10,9.5,10,rrt_20260807_054231_585.png
20260807_054233_735,2026-08-07 05:42:33,False,10000,127,0.0,0,0.5,0.8,0.3,0,0.5,10,9.5,10,rrt_20260807_054233_735.png
20260807_054234_292,2026-08-07 05:42:34,True,496,102,17.5,36,0.5,0.8,0.3,0,0.5,10,9.5,10,rrt_20260807_054234_292.png
20260807_054236_100,2026-08-07 05:42:36,False,10000,105,0.0,0,0.5,0.8,0.3,0,0.5,10,9.5,10,rrt_20260807_054236_100.png
20260807_054238_414,2026-08-07 05:42:38,False,10000,132,0.0,0,0.5,0.8,0.3,0,0.5,10,9.5,10,rrt_20260807_054238_414.png
20260807_054240_126,2026-08-07 05:42:40,False,10000,89,0.0,0,0.5,0.8,0.3,0,0.5,10,9.5,10,rrt_20260807_054240_126.png
20260807_054241_941,2026-08-07 05:42:41,False,10000,104,0.0,0,0.5,0.8,0.3,0,0.5,10,9.5,10,rrt_20260807_054241_941.png
20260807_054243_591,2026-08-07 05:42:43,False,10000,85,0.0,0,0.5,0.8,0.3,0,0.5,10,9.5,10,rrt_20260807_054243_591.png
20260807_054244_919,2026-08-07 05:42:44,False,10000,54,0.0,0,0.5,0.8,0.3,0,0.5,10,9.5,10,rrt_20260807_054244_919.png
20260807_054247_030,2026-08-07 05:42:47,False,10000,123,0.0,0,0.5,0.8,0.3,0,0.5,10,9.5,10,rrt_20260807_054247_030.png
20260807_054247_556,2026-08-07 05:42:47,True,575,98,19.0,39,0.5,0.8,0.3,0,0.5,10,9.5,10,rrt_20260807_054247_556.png
20260807_054248_185,2026-08-07 05:42:48,True,1429,148,17.0,35,0.5,0.8,0.3,0,0.5,10,9.5,10,rrt_20260807_054248_185.png
20260807_054248_745,2026-08-07 05:42:48,True,922,104,17.0,35,0.5,0.8,0.3,0,0.5,10,9.5,10,rrt_20260807_054248_745.png
20260807_054251_022,2026-08-07 05:42:51,False,10000,125,0.0,0,0.5,0.8,0.3,0,0.5,10,9.5,10,rrt_20260807_054251_022.png
20260807_054252_850,2026-08-07 05:42:52,False,10000,95,0.0,0,0.5,0.8,0.3,0,0.5,10,9.5,10,rrt_20260807_054252_850.png
20260807_054253_605,2026-08-07 05:42:53,True,957,115,19.0,39,0.5,0.8,0.3,0,0.5,10,9.5,10,rrt_20260807_054253_605.png
20260807_054255_342,2026-08-07 05:42:55,False,10000,96,0.0,0,0.5,0.8,0.3,0,0.5,10,9.5,10,rrt_20260807_054255_342.png
20260807_054257_294,2026-08-07 05:42:57,False,10000,101,0.0,0,0.5,0.8,0.3,0,0.5,10,9.5,10,rrt_20260807_054257_294.png
20260807_054257_867,2026-08-07 05:42:57,True,979,110,18.5,38,0.5,0.8,0.3,0,0.5,10,9.5,10,rrt_20260807_054257_867.png
20260807_054259_645,2026-08-07 05:42:59,False,10000,103,0.0,0,0.5,0.8,0.3,0,0.5,10,9.5,10,rrt_20260807_054259_645.png
20260807_054301_538,2026-08-07 05:43:01,False,10000,93,0.0,0,0.5,0.8,0.3,0,0.5,10,9.5,10,rrt_20260807_054301_538.png
20260807_054303_382,2026-08-07 05:43:03,False,10000,103,0.0,0,0.5,0.8,0.3,0,0.5,10,9.5,10,rrt_20260807_054303_382.png
20260807_054305_484,2026-08-07 05:43:05,False,10000,87,0.0,0,0.5,0.8,0.3,0,0.5,10,9.5,10,rrt_20260807_054305_484.png
20260807_054307_309,2026-08-07 05:43:07,False,10000,102,0.0,0,0.5,0.8,0.3,0,0.5,10,9.5,10,rrt_20260807_054307_309.png
20260807_054308_989,2026-08-07 05:43:08,False,10000,77,0.0,0,0.5,0.8,0.3,0,0.5,10,9.5,10,rrt_20260807_054308_989.png
20260807_054309_618,2026-08-07 05:43:09,True,1068,122,17.499999999999996,36,0.5,0.8,0.3,0,0.5,10,9.5,10,rrt_20260807_054309_618.png
20260807_054311_629,2026-08-07 05:43:11,False,10000,123,0.0,0,0.5,0.8,0.3,0,0.5,10,9.5,10,rrt_20260807_054311_629.png
20260807_054313_590,2026-08-07 05:43:13,False,10000,116,0.0,0,0.5,0.8,0.3,0,0.5,10,9.5,10,rrt_20260807_054313_590.png
20260807_054315_505,2026-08-07 05:43:15,False,10000,107,0.0,0,0.5,0.8,0.3,0,0.5,10,9.5,10,rrt_20260807_054315_505.png
20260807_054317_454,2026-08-07 05:43:17,False,10000,98,0.0,0,0.5,0.8,0.3,0,0.5,10,9.5,10,rrt_20260807_054317_454.png
20260807_054319_855,2026-08-07 05:43:19,False,10000,113,0.0,0,0.5,0.8,0.3,0,0.5,10,9.5,10,rrt_20260807_054319_855.png
20260807_054322_179,2026-08-07 05:43:22,False,10000,112,0.0,0,0.5,0.8,0.3,0,0.5,10,9.5,10,rrt_20260807_054322_179.png
20260807_054324_082,2026-08-07 05:43:24,False,10000,108,0.0,0,0.5,0.8,0.3,0,0.5,10,9.5,10,rrt_20260807_054324_082.png
20260807_054326_343,2026-08-07 05:43:26,False,10000,147,0.0,0,0.5,0.8,0.3,0,0.5,10,9.5,10,rrt_20260807_054326_343.png
20260807_054326_838,2026-08-07 05:43:26,True,241,83,18.5,38,0.5,0.8,0.3,0,0.5,10,9.5,10,rrt_20260807_054326_838.png
20260807_054327_312,2026-08-07 05:43:27,True,604,102,19.0,39,0.5,0.8,0.3,0,0.5,10,9.5,10,rrt_20260807_054327_312.png
20260807_054329_194,2026-08-07 05:43:29,False,10000,104,0.0,0,0.5,0.8,0.3,0,0.5,10,9.5,10,rrt_20260807_054329_194.png
20260807_054329_791,2026-08-07 05:43:29,True,871,104,17.0,35,0.5,0.8,0.3,0,0.5,10,9.5,10,rrt_20260807_054329_791.png
20260807_054330_389,2026-08-07 05:43:30,True,1324,116,18.0,37,0.5,0.8,0.3,0,0.5,10,9.5,10,rrt_20260807_054330_389.png
20260807_054331_540,2026-08-07 05:43:31,False,10000,42,0.0,0,0.5,0.8,0.3,0,0.5,10,9.5,10,rrt_20260807_054331_540.png
20260807_054332_303,2026-08-07 05:43:32,True,540,96,19.0,39,0.5,0.8,0.3,0,0.5,10,9.5,10,rrt_20260807_054332_303.png
20260807_054334_302,2026-08-07 05:43:34,False,10000,118,0.0,0,0.5,0.8,0.3,0,0.5,10,9.5,10,rrt_20260807_054334_302.png
20260807_054336_088,2026-08-07 05:43:36,False,10000,98,0.0,0,0.5,0.8,0.3,0,0.5,10,9.5,10,rrt_20260807_054336_088.png
20260807_054337_895,2026-08-07 05:43:37,False,10000,100,0.0,0,0.5,0.8,0.3,0,0.5,10,9.5,10,rrt_20260807_054337_895.png
20260807_054339_720,2026-08-07 05:43:39,False,10000,78,0.0,0,0.5,0.8,0.3,0,0.5,10,9.5,10,rrt_20260807_054339_720.png
20260807_054341_931,2026-08-07 05:43:41,False,10000,134,0.0,0,0.5,0.8,0.3,0,0.5,10,9.5,10,rrt_20260807_054341_931.png
20260807_054344_007,2026-08-07 05:43:44,False,10000,120,0.0,0,0.5,0.8,0.3,0,0.5,10,9.5,10,rrt_20260807_054344_007.png
20260807_054345_849,2026-08-07 05:43:45,False,10000,86,0.0,0,0.5,0.8,0.3,0,0.5,10,9.5,10,rrt_20260807_054345_849.png
20260807_054346_380,2026-08-07 05:43:46,True,272,69,17.89349460817498,37,0.5,0.8,0.3,0,0.5,10,9.5,10,rrt_20260807_054346_380.png
20260807_054347_302,2026-08-07 05:43:47,True,2495,102,20.0,41,0.5,0.8,0.3,0,0.5,10,9.5,10,rrt_20260807_054347_302.png
20260807_054349_317,2026-08-07 05:43:49,False,10000,125,0.0,0,0.5,0.8,0.3,0,0.5,10,9.5,10,rrt_20260807_054349_317.png
20260807_054351_391,2026-08-07 05:43:51,False,10000,119,0.0,0,0.5,0.8,0.3,0,0.5,10,9.5,10,rrt_20260807_054351_391.png
20260807_054353_325,2026-08-07 05:43:53,False,10000,104,0.0,0,0.5,0.8,0.3,0,0.5,10,9.5,10,rrt_20260807_054353_325.png
20260807_054354_136,2026-08-07 05:43:54,True,1525,142,18.0,37,0.5,0.8,0.3,0,0.5,10,9.5,10,rrt_20260807_054354_136.png
20260807_054356_002,2026-08-07 05:43:56,False,10000,85,0.0,0,0.5,0.8,0.3,0,0.5,10,9.5,10,rrt_20260807_054356_002.png
20260807_054356_635,2026-08-07 05:43:56,True,1009,119,18.5,38,0.5,0.8,0.3,0,0.5,10,9.5,10,rrt_20260807_054356_635.png
20260807_054358_348,2026-08-07 05:43:58,False,10000,99,0.0,0,0.5,0.8,0.3,0,0.5,10,9.5,10,rrt_20260807_054358_348.png
20260807_054359_662,2026-08-07 05:43:59,False,10000,50,0.0,0,0.5,0.8,0.3,0,0.5,10,9.5,10,rrt_20260807_054359_662.png
20260807_054401_958,2026-08-07 05:44:01,False,10000,118,0.0,0,0.5,0.8,0.3,0,0.5,10,9.5,10,rrt_20260807_054401_958.png
20260807_054404_099,2026-08-07 05:44:04,False,10000,113,0.0,0,0.5,0.8,0.3,0,0.5,10,9.5,10,rrt_20260807_054404_099.png
20260807_054405_948,2026-08-07 05:44:05,False,10000,92,0.0,0,0.5,0.8,0.3,0,0.5,10,9.5,10,rrt_20260807_054405_948.png
20260807_054407_791,2026-08-07 05:44:07,False,10000,100,0.0,0,0.5,0.8,0.3,0,0.5,10,9.5,10,rrt_20260807_054407_791.png
20260807_054408_330,2026-08-07 05:44:08,True,687,100,18.0,37,0.5,0.8,0.3,0,0.5,10,9.5,10,rrt_20260807_054408_330.png
20260807_054408_979,2026-08-07 05:44:08,True,1269,122,20.0,41,0.5,0.8,0.3,0,0.5,10,9.5,10,rrt_20260807_054408_979.png
20260807_054410_739,2026-08-07 05:44:10,False,10000,92,0.0,0,0.5,0.8,0.3,0,0.5,10,9.5,10,rrt_20260807_054410_739.png
20260807_054411_296,2026-08-07 05:44:11,True,424,76,17.5,36,0.5,0.8,0.3,0,0.5,10,9.5,10,rrt_20260807_054411_296.png
20260807_054413_085,2026-08-07 05:44:13,False,10000,71,0.0,0,0.5,0.8,0.3,0,0.5,10,9.5,10,rrt_20260807_054413_085.png
20260807_054415_318,2026-08-07 05:44:15,False,10000,126,0.0,0,0.5,0.8,0.3,0,0.5,10,9.5,10,rrt_20260807_054415_318.png
20260807_054417_221,2026-08-07 05:44:17,False,10000,99,0.0,0,0.5,0.8,0.3,0,0.5,10,9.5,10,rrt_20260807_054417_221.png
20260807_054417_741,2026-08-07 05:44:17,True,674,78,20.0,41,0.5,0.8,0.3,0,0.5,10,9.5,10,rrt_20260807_054417_741.png
20260807_054419_535,2026-08-07 05:44:19,False,10000,107,0.0,0,0.5,0.8,0.3,0,0.5,10,9.5,10,rrt_20260807_054419_535.png
20260807_054421_099,2026-08-07 05:44:21,False,10000,74,0.0,0,0.5,0.8,0.3,0,0.5,10,9.5,10,rrt_20260807_054421_099.png
20260807_054423_062,2026-08-07 05:44:23,False,10000,104,0.0,0,0.5,0.8,0.3,0,0.5,10,9.5,10,rrt_20260807_054423_062.png
20260807_054424_767,2026-08-07 05:44:24,False,10000,92,0.0,0,0.5,0.8,0.3,0,0.5,10,9.5,10,rrt_20260807_054424_767.png
20260807_054425_575,2026-08-07 05:44:25,True,1716,138,17.905726708807286,37,0.5,0.8,0.3,0,0.5,10,9.5,10,rrt_20260807_054425_575.png
20260807_054427_528,2026-08-07 05:44:27,False,10000,96,0.0,0,0.5,0.8,0.3,0,0.5,10,9.5,10,rrt_20260807_054427_528.png
20260807_054429_150,2026-08-07 05:44:29,False,10000,74,0.0,0,0.5,0.8,0.3,0,0.5,10,9.5,10,rrt_20260807_054429_150.png
20260807_054429_917,2026-08-07 05:44:29,True,1564,126,19.5,40,0.5,0.8,0.3,0,0.5,10,9.5,10,rrt_20260807_054429_917.png
20260807_054430_544,2026-08-07 05:44:30,True,1017,89,22.5,46,0.5,0.8,0.3,0,0.5,10,9.5,10,rrt_20260807_054430_544.png
20260807_054431_157,2026-08-07 05:44:31,True,701,97,18.421779301580063,38,0.5,0.8,0.3,0,0.5,10,9.5,10,rrt_20260807_054431_157.png
20260807_054432_839,2026-08-07 05:44:32,False,10000,82,0.0,0,0.5,0.8,0.3,0,0.5,10,9.5,10,rrt_20260807_054432_839.png
20260807_054433_506,2026-08-07 05:44:33,True,1689,106,18.0,37,0.5,0.8,0.3,0,0.5,10,9.5,10,rrt_20260807_054433_506.png
20260807_054435_662,2026-08-07 05:44:35,False,10000,137,0.0,0,0.5,0.8,0.3,0,0.5,10,9.5,10,rrt_20260807_054435_662.png
20260807_054436_399,2026-08-07 05:44:36,True,1365,100,18.5,38,0.5,0.8,0.3,0,0.5,10,9.5,10,rrt_20260807_054436_399.png
20260807_054437_124,2026-08-07 05:44:37,True,262,75,17.5,36,0.5,0.8,0.3,0,0.5,10,9.5,10,rrt_20260807_054437_124.png
20260807_054438_760,2026-08-07 05:44:38,False,10000,88,0.0,0,0.5,0.8,0.3,0,0.5,10,9.5,10,rrt_20260807_054438_760.png
20260807_054440_807,2026-08-07 05:44:40,False,10000,123,0.0,0,0.5,0.8,0.3,0,0.5,10,9.5,10,rrt_20260807_054440_807.png
20260807_054441_378,2026-08-07 05:44:41,True,953,102,19.5,40,0.5,0.8,0.3,0,0.5,10,9.5,10,rrt_20260807_054441_378.png
20260807_054442_097,2026-08-07 05:44:42,True,1014,98,18.0,37,0.5,0.8,0.3,0,0.5,10,9.5,10,rrt_20260807_054442_097.png
20260807_054443_263,2026-08-07 05:44:43,False,10000,47,0.0,0,0.5,0.8,0.3,0,0.5,10,9.5,10,rrt_20260807_054443_263.png
20260807_054445_080,2026-08-07 05:44:45,False,10000,95,0.0,0,0.5,0.8,0.3,0,0.5,10,9.5,10,rrt_20260807_054445_080.png
20260807_054447_106,2026-08-07 05:44:47,False,10000,115,0.0,0,0.5,0.8,0.3,0,0.5,10,9.5,10,rrt_20260807_054447_106.png
20260807_054448_953,2026-08-07 05:44:48,False,10000,102,0.0,0,0.5,0.8,0.3,0,0.5,10,9.5,10,rrt_20260807_054448_953.png
20260807_054451_293,2026-08-07 05:44:51,False,10000,124,0.0,0,0.5,0.8,0.3,0,0.5,10,9.5,10,rrt_20260807_054451_293.png
20260807_054453_384,2026-08-07 05:44:53,False,10000,119,0.0,0,0.5,0.8,0.3,0,0.5,10,9.5,10,rrt_20260807_054453_384.png
20260807_054455_459,2026-08-07 05:44:55,False,10000,119,0.0,0,0.5,0.9,0.3,0,0.5,10,9.5,10,rrt_20260807_054455_459.png
20260807_054456_810,2026-08-07 05:44:56,False,10000,54,0.0,0,0.5,0.9,0.3,0,0.5,10,9.5,10,rrt_20260807_054456_810.png
20260807_054458_684,2026-08-07 05:44:58,False,10000,108,0.0,0,0.5,0.9,0.3,0,0.5,10,9.5,10,rrt_20260807_054458_684.png
20260807_054501_004,2026-08-07 05:45:01,False,10000,143,0.0,0,0.5,0.9,0.3,0,0.5,10,9.5,10,rrt_20260807_054501_004.png
20260807_054502_740,2026-08-07 05:45:02,False,10000,94,0.0,0,0.5,0.9,0.3,0,0.5,10,9.5,10,rrt_20260807_054502_740.png
20260807_054503_273,2026-08-07 05:45:03,True,591,104,18.0,37,0.5,0.9,0.3,0,0.5,10,9.5,10,rrt_20260807_054503_273.png
20260807_054505_140,2026-08-07 05:45:05,False,10000,111,0.0,0,0.5,0.9,0.3,0,0.5,10,9.5,10,rrt_20260807_054505_140.png
20260807_054507_390,2026-08-07 05:45:07,False,10000,118,0.0,0,0.5,0.9,0.3,0,0.5,10,9.5,10,rrt_20260807_054507_390.png
20260807_054509_668,2026-08-07 05:45:09,False,10000,122,0.0,0,0.5,0.9,0.3,0,0.5,10,9.5,10,rrt_20260807_054509_668.png
20260807_054510_240,2026-08-07 05:45:10,True,843,140,17.5,36,0.5,0.9,0.3,0,0.5,10,9.5,10,rrt_20260807_054510_240.png
20260807_054510_939,2026-08-07 05:45:10,True,882,93,21.0,43,0.5,0.9,0.3,0,0.5,10,9.5,10,rrt_20260807_054510_939.png
20260807_054512_995,2026-08-07 05:45:12,False,10000,131,0.0,0,0.5,0.9,0.3,0,0.5,10,9.5,10,rrt_20260807_054512_995.png
20260807_054513_564,2026-08-07 05:45:13,True,715,136,17.5,36,0.5,0.9,0.3,0,0.5,10,9.5,10,rrt_20260807_054513_564.png
20260807_054515_045,2026-08-07 05:45:15,False,10000,72,0.0,0,0.5,0.9,0.3,0,0.5,10,9.5,10,rrt_20260807_054515_045.png
20260807_054515_924,2026-08-07 05:45:15,True,940,117,21.5,44,0.5,0.9,0.3,0,0.5,10,9.5,10,rrt_20260807_054515_924.png
20260807_054517_905,2026-08-07 05:45:17,False,10000,117,0.0,0,0.5,0.9,0.3,0,0.5,10,9.5,10,rrt_20260807_054517_905.png
20260807_054520_197,2026-08-07 05:45:20,False,10000,121,0.0,0,0.5,0.9,0.3,0,0.5,10,9.5,10,rrt_20260807_054520_197.png
20260807_054522_046,2026-08-07 05:45:22,False,10000,100,0.0,0,0.5,0.9,0.3,0,0.5,10,9.5,10,rrt_20260807_054522_046.png
20260807_054524_156,2026-08-07 05:45:24,False,10000,135,0.0,0,0.5,0.9,0.3,0,0.5,10,9.5,10,rrt_20260807_054524_156.png
20260807_054524_784,2026-08-07 05:45:24,True,1060,111,20.421653421057503,42,0.5,0.9,0.3,0,0.5,10,9.5,10,rrt_20260807_054524_784.png
20260807_054526_337,2026-08-07 05:45:26,False,10000,75,0.0,0,0.5,0.9,0.3,0,0.5,10,9.5,10,rrt_20260807_054526_337.png
20260807_054528_258,2026-08-07 05:45:28,False,10000,106,0.0,0,0.5,0.9,0.3,0,0.5,10,9.5,10,rrt_20260807_054528_258.png
20260807_054530_041,2026-08-07 05:45:30,False,10000,95,0.0,0,0.5,0.9,0.3,0,0.5,10,9.5,10,rrt_20260807_054530_041.png
20260807_054531_539,2026-08-07 05:45:31,False,10000,42,0.0,0,0.5,0.9,0.3,0,0.5,10,9.5,10,rrt_20260807_054531_539.png
20260807_054532_052,2026-08-07 05:45:32,True,612,107,17.5,36,0.5,0.9,0.3,0,0.5,10,9.5,10,rrt_20260807_054532_052.png
20260807_054534_268,2026-08-07 05:45:34,False,10000,116,0.0,0,0.5,0.9,0.3,0,0.5,10,9.5,10,rrt_20260807_054534_268.png
20260807_054535_860,2026-08-07 05:45:35,False,10000,72,0.0,0,0.5,0.9,0.3,0,0.5,10,9.5,10,rrt_20260807_054535_860.png
20260807_054536_370,2026-08-07 05:45:36,True,448,85,19.0,39,0.5,0.9,0.3,0,0.5,10,9.5,10,rrt_20260807_054536_370.png
20260807_054536_798,2026-08-07 05:45:36,True,262,68,17.93852650225168,37,0.5,0.9,0.3,0,0.5,10,9.5,10,rrt_20260807_054536_798.png
20260807_054538_216,2026-08-07 05:45:38,False,10000,63,0.0,0,0.5,0.9,0.3,0,0.5,10,9.5,10,rrt_20260807_054538_216.png
20260807_054538_846,2026-08-07 05:45:38,True,1380,113,17.38738846762581,36,0.5,0.9,0.3,0,0.5,10,9.5,10,rrt_20260807_054538_846.png
20260807_054540_436,2026-08-07 05:45:40,False,10000,81,0.0,0,0.5,0.9,0.3,0,0.5,10,9.5,10,rrt_20260807_054540_436.png
20260807_054542_596,2026-08-07 05:45:42,False,10000,131,0.0,0,0.5,0.9,0.3,0,0.5,10,9.5,10,rrt_20260807_054542_596.png
20260807_054543_157,2026-08-07 05:45:43,True,829,100,20.0,41,0.5,0.9,0.3,0,0.5,10,9.5,10,rrt_20260807_054543_157.png
20260807_054543_812,2026-08-07 05:45:43,True,324,76,18.5,38,0.5,0.9,0.3,0,0.5,10,9.5,10,rrt_20260807_054543_812.png
20260807_054545_751,2026-08-07 05:45:45,False,10000,113,0.0,0,0.5,0.9,0.3,0,0.5,10,9.5,10,rrt_20260807_054545_751.png
20260807_054547_636,2026-08-07 05:45:47,False,10000,107,0.0,0,0.5,0.9,0.3,0,0.5,10,9.5,10,rrt_20260807_054547_636.png
20260807_054548_318,2026-08-07 05:45:48,True,458,78,17.0,35,0.5,0.9,0.3,0,0.5,10,9.5,10,rrt_20260807_054548_318.png
20260807_054550_138,2026-08-07 05:45:50,False,10000,106,0.0,0,0.5,0.9,0.3,0,0.5,10,9.5,10,rrt_20260807_054550_138.png
20260807_054550_746,2026-08-07 05:45:50,True,1507,97,21.5,44,0.5,0.9,0.3,0,0.5,10,9.5,10,rrt_20260807_054550_746.png
20260807_054551_225,2026-08-07 05:45:51,True,674,91,20.905458475455564,43,0.5,0.9,0.3,0,0.5,10,9.5,10,rrt_20260807_054551_225.png
20260807_054552_482,2026-08-07 05:45:52,False,10000,50,0.0,0,0.5,0.9,0.3,0,0.5,10,9.5,10,rrt_20260807_054552_482.png
20260807_054554_830,2026-08-07 05:45:54,False,10000,132,0.0,0,0.5,0.9,0.3,0,0.5,10,9.5,10,rrt_20260807_054554_830.png
20260807_054556_659,2026-08-07 05:45:56,False,10000,94,0.0,0,0.5,0.9,0.3,0,0.5,10,9.5,10,rrt_20260807_054556_659.png
20260807_054558_040,2026-08-07 05:45:58,False,10000,65,0.0,0,0.5,0.9,0.3,0,0.5,10,9.5,10,rrt_20260807_054558_040.png
20260807_054558_757,2026-08-07 05:45:58,True,1934,131,20.0,41,0.5,0.9,0.3,0,0.5,10,9.5,10,rrt_20260807_054558_757.png
20260807_054600_515,2026-08-07 05:46:00,False,10000,97,0.0,0,0.5,0.9,0.3,0,0.5,10,9.5,10,rrt_20260807_054600_515.png
20260807_054601_022,2026-08-07 05:46:01,True,466,88,17.0,35,0.5,0.9,0.3,0,0.5,10,9.5,10,rrt_20260807_054601_022.png
20260807_054602_855,2026-08-07 05:46:02,False,10000,103,0.0,0,0.5,0.9,0.3,0,0.5,10,9.5,10,rrt_20260807_054602_855.png
20260807_054603_419,2026-08-07 05:46:03,True,911,106,17.947141009773972,37,0.5,0.9,0.3,0,0.5,10,9.5,10,rrt_20260807_054603_419.png
20260807_054604_738,2026-08-07 05:46:04,False,10000,53,0.0,0,0.5,0.9,0.3,0,0.5,10,9.5,10,rrt_20260807_054604_738.png
20260807_054606_585,2026-08-07 05:46:06,False,10000,82,0.0,0,0.5,0.9,0.3,0,0.5,10,9.5,10,rrt_20260807_054606_585.png
20260807_054607_949,2026-08-07 05:46:07,False,10000,46,0.0,0,0.5,0.9,0.3,0,0.5,10,9.5,10,rrt_20260807_054607_949.png
20260807_054608_555,2026-08-07 05:46:08,True,1277,119,17.5,36,0.5,0.9,0.3,0,0.5,10,9.5,10,rrt_20260807_054608_555.png
20260807_054610_171,2026-08-07 05:46:10,False,10000,84,0.0,0,0.5,0.9,0.3,0,0.5,10,9.5,10,rrt_20260807_054610_171.png
20260807_054612_061,2026-08-07 05:46:12,False,10000,99,0.0,0,0.5,0.9,0.3,0,0.5,10,9.5,10,rrt_20260807_054612_061.png
20260807_054613_930,2026-08-07 05:46:13,False,10000,99,0.0,0,0.5,0.9,0.3,0,0.5,10,9.5,10,rrt_20260807_054613_930.png
20260807_054615_948,2026-08-07 05:46:15,False,10000,112,0.0,0,0.5,0.9,0.3,0,0.5,10,9.5,10,rrt_20260807_054615_948.png
20260807_054617_654,2026-08-07 05:46:17,False,10000,87,0.0,0,0.5,0.9,0.3,0,0.5,10,9.5,10,rrt_20260807_054617_654.png
20260807_054618_928,2026-08-07 05:46:18,False,10000,46,0.0,0,0.5,0.9,0.3,0,0.5,10,9.5,10,rrt_20260807_054618_928.png
20260807_054621_233,2026-08-07 05:46:21,False,10000,125,0.0,0,0.5,0.9,0.3,0,0.5,10,9.5,10,rrt_20260807_054621_233.png
20260807_054621_754,2026-08-07 05:46:21,True,693,87,18.31808030396184,38,0.5,0.9,0.3,0,0.5,10,9.5,10,rrt_20260807_054621_754.png
20260807_054623_495,2026-08-07 05:46:23,False,10000,91,0.0,0,0.5,0.9,0.3,0,0.5,10,9.5,10,rrt_20260807_054623_495.png
20260807_054624_651,2026-08-07 05:46:24,False,10000,39,0.0,0,0.5,0.9,0.3,0,0.5,10,9.5,10,rrt_20260807_054624_651.png
20260807_054625_879,2026-08-07 05:46:25,False,10000,45,0.0,0,0.5,0.9,0.3,0,0.5,10,9.5,10,rrt_20260807_054625_879.png
20260807_054627_775,2026-08-07 05:46:27,False,10000,93,0.0,0,0.5,0.9,0.3,0,0.5,10,9.5,10,rrt_20260807_054627_775.png
20260807_054629_645,2026-08-07 05:46:29,False,10000,107,0.0,0,0.5,0.9,0.3,0,0.5,10,9.5,10,rrt_20260807_054629_645.png
20260807_054631_558,2026-08-07 05:46:31,False,10000,93,0.0,0,0.5,0.9,0.3,0,0.5,10,9.5,10,rrt_20260807_054631_558.png
20260807_054633_763,2026-08-07 05:46:33,False,10000,138,0.0,0,0.5,0.9,0.3,0,0.5,10,9.5,10,rrt_20260807_054633_763.png
20260807_054635_889,2026-08-07 05:46:35,False,10000,105,0.0,0,0.5,0.9,0.3,0,0.5,10,9.5,10,rrt_20260807_054635_889.png
20260807_054636_369,2026-08-07 05:46:36,True,261,71,17.304711601338045,36,0.5,0.9,0.3,0,0.5,10,9.5,10,rrt_20260807_054636_369.png
20260807_054636_956,2026-08-07 05:46:36,True,973,145,17.0,35,0.5,0.9,0.3,0,0.5,10,9.5,10,rrt_20260807_054636_956.png
20260807_054638_795,2026-08-07 05:46:38,False,10000,108,0.0,0,0.5,0.9,0.3,0,0.5,10,9.5,10,rrt_20260807_054638_795.png
20260807_054640_105,2026-08-07 05:46:40,False,10000,50,0.0,0,0.5,0.9,0.3,0,0.5,10,9.5,10,rrt_20260807_054640_105.png
20260807_054640_656,2026-08-07 05:46:40,True,661,144,19.0,39,0.5,0.9,0.3,0,0.5,10,9.5,10,rrt_20260807_054640_656.png
20260807_054642_638,2026-08-07 05:46:42,False,10000,120,0.0,0,0.5,0.9,0.3,0,0.5,10,9.5,10,rrt_20260807_054642_638.png
20260807_054643_841,2026-08-07 05:46:43,False,10000,49,0.0,0,0.5,0.9,0.3,0,0.5,10,9.5,10,rrt_20260807_054643_841.png
20260807_054645_504,2026-08-07 05:46:45,False,10000,82,0.0,0,0.5,0.9,0.3,0,0.5,10,9.5,10,rrt_20260807_054645_504.png
20260807_054646_212,2026-08-07 05:46:46,True,285,87,19.5,40,0.5,0.9,0.3,0,0.5,10,9.5,10,rrt_20260807_054646_212.png
20260807_054647_864,2026-08-07 05:46:47,False,10000,87,0.0,0,0.5,0.9,0.3,0,0.5,10,9.5,10,rrt_20260807_054647_864.png
20260807_054649_627,2026-08-07 05:46:49,False,10000,97,0.0,0,0.5,0.9,0.3,0,0.5,10,9.5,10,rrt_20260807_054649_627.png
20260807_054650_325,2026-08-07 05:46:50,True,718,106,19.5,40,0.5,0.9,0.3,0,0.5,10,9.5,10,rrt_20260807_054650_325.png
20260807_054651_652,2026-08-07 05:46:51,False,10000,54,0.0,0,0.5,0.9,0.3,0,0.5,10,9.5,10,rrt_20260807_054651_652.png
20260807_054652_376,2026-08-07 05:46:52,True,2060,107,19.0,39,0.5,0.9,0.3,0,0.5,10,9.5,10,rrt_20260807_054652_376.png
20260807_054654_229,2026-08-07 05:46:54,False,10000,110,0.0,0,0.5,0.9,0.3,0,0.5,10,9.5,10,rrt_20260807_054654_229.png
20260807_054656_221,2026-08-07 05:46:56,False,10000,112,0.0,0,0.5,0.9,0.3,0,0.5,10,9.5,10,rrt_20260807_054656_221.png
20260807_054658_253,2026-08-07 05:46:58,False,10000,119,0.0,0,0.5,0.9,0.3,0,0.5,10,9.5,10,rrt_20260807_054658_253.png
20260807_054659_023,2026-08-07 05:46:59,True,280,77,16.450041452386895,34,0.5,0.9,0.3,0,0.5,10,9.5,10,rrt_20260807_054659_023.png
20260807_054700_319,2026-08-07 05:47:00,False,10000,54,0.0,0,0.5,0.9,0.3,0,0.5,10,9.5,10,rrt_20260807_054700_319.png
20260807_054700_893,2026-08-07 05:47:00,True,877,97,17.5,36,0.5,0.9,0.3,0,0.5,10,9.5,10,rrt_20260807_054700_893.png
20260807_054702_887,2026-08-07 05:47:02,False,10000,113,0.0,0,0.5,0.9,0.3,0,0.5,10,9.5,10,rrt_20260807_054702_887.png
20260807_054704_830,2026-08-07 05:47:04,False,10000,107,0.0,0,0.5,0.9,0.3,0,0.5,10,9.5,10,rrt_20260807_054704_830.png
20260807_054705_374,2026-08-07 05:47:05,True,661,102,18.389052000718344,38,0.5,0.9,0.3,0,0.5,10,9.5,10,rrt_20260807_054705_374.png
20260807_054706_894,2026-08-07 05:47:06,False,10000,76,0.0,0,0.5,0.9,0.3,0,0.5,10,9.5,10,rrt_20260807_054706_894.png
20260807_054707_432,2026-08-07 05:47:07,True,550,113,18.5,38,0.5,0.9,0.3,0,0.5,10,9.5,10,rrt_20260807_054707_432.png
20260807_054709_186,2026-08-07 05:47:09,False,10000,97,0.0,0,0.5,0.9,0.3,0,0.5,10,9.5,10,rrt_20260807_054709_186.png
20260807_054711_361,2026-08-07 05:47:11,False,10000,91,0.0,0,0.5,0.9,0.3,0,0.5,10,9.5,10,rrt_20260807_054711_361.png
20260807_054713_351,2026-08-07 05:47:13,False,10000,117,0.0,0,0.5,0.9,0.3,0,0.5,10,9.5,10,rrt_20260807_054713_351.png
20260807_054715_426,2026-08-07 05:47:15,False,10000,118,0.0,0,0.5,0.9,0.3,0,0.5,10,9.5,10,rrt_20260807_054715_426.png
20260807_054716_075,2026-08-07 05:47:16,True,844,99,18.0,37,0.5,0.9,0.3,0,0.5,10,9.5,10,rrt_20260807_054716_075.png
20260807_054716_584,2026-08-07 05:47:16,True,690,121,18.0,37,0.5,1.0,0.3,0,0.5,10,9.5,10,rrt_20260807_054716_584.png
20260807_054718_659,2026-08-07 05:47:18,False,10000,136,0.0,0,0.5,1.0,0.3,0,0.5,10,9.5,10,rrt_20260807_054718_659.png
20260807_054720_880,2026-08-07 05:47:20,False,10000,137,0.0,0,0.5,1.0,0.3,0,0.5,10,9.5,10,rrt_20260807_054720_880.png
20260807_054722_566,2026-08-07 05:47:22,False,10000,88,0.0,0,0.5,1.0,0.3,0,0.5,10,9.5,10,rrt_20260807_054722_566.png
20260807_054724_805,2026-08-07 05:47:24,False,10000,114,0.0,0,0.5,1.0,0.3,0,0.5,10,9.5,10,rrt_20260807_054724_805.png
20260807_054726_528,2026-08-07 05:47:26,False,10000,75,0.0,0,0.5,1.0,0.3,0,0.5,10,9.5,10,rrt_20260807_054726_528.png
20260807_054728_508,2026-08-07 05:47:28,False,10000,118,0.0,0,0.5,1.0,0.3,0,0.5,10,9.5,10,rrt_20260807_054728_508.png
20260807_054729_091,2026-08-07 05:47:29,True,1038,99,18.5,38,0.5,1.0,0.3,0,0.5,10,9.5,10,rrt_20260807_054729_091.png
20260807_054729_573,2026-08-07 05:47:29,True,302,104,18.0,37,0.5,1.0,0.3,0,0.5,10,9.5,10,rrt_20260807_054729_573.png
20260807_054731_360,2026-08-07 05:47:31,False,10000,98,0.0,0,0.5,1.0,0.3,0,0.5,10,9.5,10,rrt_20260807_054731_360.png
20260807_054733_431,2026-08-07 05:47:33,False,10000,118,0.0,0,0.5,1.0,0.3,0,0.5,10,9.5,10,rrt_20260807_054733_431.png
20260807_054735_347,2026-08-07 05:47:35,False,10000,111,0.0,0,0.5,1.0,0.3,0,0.5,10,9.5,10,rrt_20260807_054735_347.png
20260807_054737_088,2026-08-07 05:47:37,False,10000,93,0.0,0,0.5,1.0,0.3,0,0.5,10,9.5,10,rrt_20260807_054737_088.png
20260807_054737_864,2026-08-07 05:47:37,True,872,121,19.0,39,0.5,1.0,0.3,0,0.5,10,9.5,10,rrt_20260807_054737_864.png
20260807_054738_411,2026-08-07 05:47:38,True,1008,118,20.0,41,0.5,1.0,0.3,0,0.5,10,9.5,10,rrt_20260807_054738_411.png
20260807_054739_666,2026-08-07 05:47:39,False,10000,53,0.0,0,0.5,1.0,0.3,0,0.5,10,9.5,10,rrt_20260807_054739_666.png
20260807_054741_301,2026-08-07 05:47:41,False,10000,82,0.0,0,0.5,1.0,0.3,0,0.5,10,9.5,10,rrt_20260807_054741_301.png
20260807_054743_343,2026-08-07 05:47:43,False,10000,124,0.0,0,0.5,1.0,0.3,0,0.5,10,9.5,10,rrt_20260807_054743_343.png
20260807_054745_338,2026-08-07 05:47:45,False,10000,114,0.0,0,0.5,1.0,0.3,0,0.5,10,9.5,10,rrt_20260807_054745_338.png
20260807_054747_162,2026-08-07 05:47:47,False,10000,101,0.0,0,0.5,1.0,0.3,0,0.5,10,9.5,10,rrt_20260807_054747_162.png
20260807_054749_207,2026-08-07 05:47:49,False,10000,124,0.0,0,0.5,1.0,0.3,0,0.5,10,9.5,10,rrt_20260807_054749_207.png
20260807_054749_780,2026-08-07 05:47:49,True,798,112,18.0,37,0.5,1.0,0.3,0,0.5,10,9.5,10,rrt_20260807_054749_780.png
20260807_054750_632,2026-08-07 05:47:50,True,1688,101,18.5,38,0.5,1.0,0.3,0,0.5,10,9.5,10,rrt_20260807_054750_632.png
20260807_054751_352,2026-08-07 05:47:51,True,1102,160,19.0,39,0.5,1.0,0.3,0,0.5,10,9.5,10,rrt_20260807_054751_352.png
20260807_054753_515,2026-08-07 05:47:53,False,10000,137,0.0,0,0.5,1.0,0.3,0,0.5,10,9.5,10,rrt_20260807_054753_515.png
20260807_054755_188,2026-08-07 05:47:55,False,10000,52,0.0,0,0.5,1.0,0.3,0,0.5,10,9.5,10,rrt_20260807_054755_188.png
20260807_054756_966,2026-08-07 05:47:56,False,10000,95,0.0,0,0.5,1.0,0.3,0,0.5,10,9.5,10,rrt_20260807_054756_966.png
20260807_054757_546,2026-08-07 05:47:57,True,911,102,17.0,35,0.5,1.0,0.3,0,0.5,10,9.5,10,rrt_20260807_054757_546.png
20260807_054759_650,2026-08-07 05:47:59,False,10000,131,0.0,0,0.5,1.0,0.3,0,0.5,10,9.5,10,rrt_20260807_054759_650.png
20260807_054802_277,2026-08-07 05:48:02,False,10000,159,0.0,0,0.5,1.0,0.3,0,0.5,10,9.5,10,rrt_20260807_054802_277.png
20260807_054804_293,2026-08-07 05:48:04,False,10000,119,0.0,0,0.5,1.0,0.3,0,0.5,10,9.5,10,rrt_20260807_054804_293.png
20260807_054806_602,2026-08-07 05:48:06,False,10000,124,0.0,0,0.5,1.0,0.3,0,0.5,10,9.5,10,rrt_20260807_054806_602.png
20260807_054808_498,2026-08-07 05:48:08,False,10000,108,0.0,0,0.5,1.0,0.3,0,0.5,10,9.5,10,rrt_20260807_054808_498.png
20260807_054810_337,2026-08-07 05:48:10,False,10000,100,0.0,0,0.5,1.0,0.3,0,0.5,10,9.5,10,rrt_20260807_054810_337.png
20260807_054812_330,2026-08-07 05:48:12,False,10000,108,0.0,0,0.5,1.0,0.3,0,0.5,10,9.5,10,rrt_20260807_054812_330.png
20260807_054814_523,2026-08-07 05:48:14,False,10000,138,0.0,0,0.5,1.0,0.3,0,0.5,10,9.5,10,rrt_20260807_054814_523.png
20260807_054816_555,2026-08-07 05:48:16,False,10000,112,0.0,0,0.5,1.0,0.3,0,0.5,10,9.5,10,rrt_20260807_054816_555.png
20260807_054817_076,2026-08-07 05:48:17,True,558,89,20.5,42,0.5,1.0,0.3,0,0.5,10,9.5,10,rrt_20260807_054817_076.png
20260807_054817_664,2026-08-07 05:48:17,True,1343,114,18.5,38,0.5,1.0,0.3,0,0.5,10,9.5,10,rrt_20260807_054817_664.png
20260807_054819_772,2026-08-07 05:48:19,False,10000,131,0.0,0,0.5,1.0,0.3,0,0.5,10,9.5,10,rrt_20260807_054819_772.png
20260807_054821_943,2026-08-07 05:48:21,False,10000,84,0.0,0,0.5,1.0,0.3,0,0.5,10,9.5,10,rrt_20260807_054821_943.png
20260807_054823_185,2026-08-07 05:48:23,False,10000,48,0.0,0,0.5,1.0,0.3,0,0.5,10,9.5,10,rrt_20260807_054823_185.png
20260807_054824_636,2026-08-07 05:48:24,False,10000,62,0.0,0,0.5,1.0,0.3,0,0.5,10,9.5,10,rrt_20260807_054824_636.png
20260807_054826_783,2026-08-07 05:48:26,False,10000,138,0.0,0,0.5,1.0,0.3,0,0.5,10,9.5,10,rrt_20260807_054826_783.png
20260807_054828_498,2026-08-07 05:48:28,False,10000,86,0.0,0,0.5,1.0,0.3,0,0.5,10,9.5,10,rrt_20260807_054828_498.png
20260807_054830_466,2026-08-07 05:48:30,False,10000,114,0.0,0,0.5,1.0,0.3,0,0.5,10,9.5,10,rrt_20260807_054830_466.png
20260807_054832_442,2026-08-07 05:48:32,False,10000,108,0.0,0,0.5,1.0,0.3,0,0.5,10,9.5,10,rrt_20260807_054832_442.png
20260807_054834_321,2026-08-07 05:48:34,False,10000,106,0.0,0,0.5,1.0,0.3,0,0.5,10,9.5,10,rrt_20260807_054834_321.png
20260807_054836_599,2026-08-07 05:48:36,False,10000,148,0.0,0,0.5,1.0,0.3,0,0.5,10,9.5,10,rrt_20260807_054836_599.png
20260807_054838_110,2026-08-07 05:48:38,False,10000,44,0.0,0,0.5,1.0,0.3,0,0.5,10,9.5,10,rrt_20260807_054838_110.png
20260807_054839_393,2026-08-07 05:48:39,False,10000,52,0.0,0,0.5,1.0,0.3,0,0.5,10,9.5,10,rrt_20260807_054839_393.png
20260807_054840_094,2026-08-07 05:48:40,True,1764,113,19.0,39,0.5,1.0,0.3,0,0.5,10,9.5,10,rrt_20260807_054840_094.png
20260807_054842_158,2026-08-07 05:48:42,False,10000,130,0.0,0,0.5,1.0,0.3,0,0.5,10,9.5,10,rrt_20260807_054842_158.png
20260807_054843_835,2026-08-07 05:48:43,False,10000,83,0.0,0,0.5,1.0,0.3,0,0.5,10,9.5,10,rrt_20260807_054843_835.png
20260807_054845_696,2026-08-07 05:48:45,False,10000,84,0.0,0,0.5,1.0,0.3,0,0.5,10,9.5,10,rrt_20260807_054845_696.png
20260807_054847_791,2026-08-07 05:48:47,False,10000,115,0.0,0,0.5,1.0,0.3,0,0.5,10,9.5,10,rrt_20260807_054847_791.png
20260807_054849_933,2026-08-07 05:48:49,False,10000,129,0.0,0,0.5,1.0,0.3,0,0.5,10,9.5,10,rrt_20260807_054849_933.png
20260807_054852_199,2026-08-07 05:48:52,False,10000,142,0.0,0,0.5,1.0,0.3,0,0.5,10,9.5,10,rrt_20260807_054852_199.png
20260807_054853_237,2026-08-07 05:48:53,True,1780,144,18.5,38,0.5,1.0,0.3,0,0.5,10,9.5,10,rrt_20260807_054853_237.png
20260807_054854_794,2026-08-07 05:48:54,False,10000,74,0.0,0,0.5,1.0,0.3,0,0.5,10,9.5,10,rrt_20260807_054854_794.png
20260807_054856_878,2026-08-07 05:48:56,False,10000,115,0.0,0,0.5,1.0,0.3,0,0.5,10,9.5,10,rrt_20260807_054856_878.png
20260807_054858_736,2026-08-07 05:48:58,False,10000,109,0.0,0,0.5,1.0,0.3,0,0.5,10,9.5,10,rrt_20260807_054858_736.png
20260807_054900_536,2026-08-07 05:49:00,False,10000,92,0.0,0,0.5,1.0,0.3,0,0.5,10,9.5,10,rrt_20260807_054900_536.png
20260807_054901_118,2026-08-07 05:49:01,True,708,114,18.5,38,0.5,1.0,0.3,0,0.5,10,9.5,10,rrt_20260807_054901_118.png
20260807_054901_672,2026-08-07 05:49:01,True,982,133,19.5,40,0.5,1.0,0.3,0,0.5,10,9.5,10,rrt_20260807_054901_672.png
20260807_054903_255,2026-08-07 05:49:03,False,10000,81,0.0,0,0.5,1.0,0.3,0,0.5,10,9.5,10,rrt_20260807_054903_255.png
20260807_054905_168,2026-08-07 05:49:05,False,10000,108,0.0,0,0.5,1.0,0.3,0,0.5,10,9.5,10,rrt_20260807_054905_168.png
20260807_054907_405,2026-08-07 05:49:07,False,10000,120,0.0,0,0.5,1.0,0.3,0,0.5,10,9.5,10,rrt_20260807_054907_405.png
20260807_054908_739,2026-08-07 05:49:08,False,10000,57,0.0,0,0.5,1.0,0.3,0,0.5,10,9.5,10,rrt_20260807_054908_739.png
20260807_054910_820,2026-08-07 05:49:10,False,10000,113,0.0,0,0.5,1.0,0.3,0,0.5,10,9.5,10,rrt_20260807_054910_820.png
20260807_054912_774,2026-08-07 05:49:12,False,10000,113,0.0,0,0.5,1.0,0.3,0,0.5,10,9.5,10,rrt_20260807_054912_774.png
20260807_054914_652,2026-08-07 05:49:14,False,10000,106,0.0,0,0.5,1.0,0.3,0,0.5,10,9.5,10,rrt_20260807_054914_652.png
20260807_054916_268,2026-08-07 05:49:16,False,10000,76,0.0,0,0.5,1.0,0.3,0,0.5,10,9.5,10,rrt_20260807_054916_268.png
20260807_054916_829,2026-08-07 05:49:16,True,661,102,17.5,36,0.5,1.0,0.3,0,0.5,10,9.5,10,rrt_20260807_054916_829.png
20260807_054918_641,2026-08-07 05:49:18,False,10000,104,0.0,0,0.5,1.0,0.3,0,0.5,10,9.5,10,rrt_20260807_054918_641.png
20260807_054920_757,2026-08-07 05:49:20,False,10000,101,0.0,0,0.5,1.0,0.3,0,0.5,10,9.5,10,rrt_20260807_054920_757.png
20260807_054922_691,2026-08-07 05:49:22,False,10000,114,0.0,0,0.5,1.0,0.3,0,0.5,10,9.5,10,rrt_20260807_054922_691.png
20260807_054923_380,2026-08-07 05:49:23,True,1321,130,18.5,38,0.5,1.0,0.3,0,0.5,10,9.5,10,rrt_20260807_054923_380.png
20260807_054925_816,2026-08-07 05:49:25,False,10000,150,0.0,0,0.5,1.0,0.3,0,0.5,10,9.5,10,rrt_20260807_054925_816.png
20260807_054927_708,2026-08-07 05:49:27,False,10000,110,0.0,0,0.5,1.0,0.3,0,0.5,10,9.5,10,rrt_20260807_054927_708.png
20260807_054929_551,2026-08-07 05:49:29,False,10000,98,0.0,0,0.5,1.0,0.3,0,0.5,10,9.5,10,rrt_20260807_054929_551.png
20260807_054931_584,2026-08-07 05:49:31,False,10000,122,0.0,0,0.5,1.0,0.3,0,0.5,10,9.5,10,rrt_20260807_054931_584.png
20260807_054933_491,2026-08-07 05:49:33,False,10000,112,0.0,0,0.5,1.0,0.3,0,0.5,10,9.5,10,rrt_20260807_054933_491.png
20260807_054935_334,2026-08-07 05:49:35,False,10000,103,0.0,0,0.5,1.0,0.3,0,0.5,10,9.5,10,rrt_20260807_054935_334.png
20260807_054936_985,2026-08-07 05:49:36,False,10000,53,0.0,0,0.5,1.0,0.3,0,0.5,10,9.5,10,rrt_20260807_054936_985.png
20260807_054938_912,2026-08-07 05:49:38,False,10000,109,0.0,0,0.5,1.0,0.3,0,0.5,10,9.5,10,rrt_20260807_054938_912.png
20260807_054939_553,2026-08-07 05:49:39,True,924,104,19.0,39,0.5,1.0,0.3,0,0.5,10,9.5,10,rrt_20260807_054939_553.png
20260807_054940_070,2026-08-07 05:49:40,True,751,104,18.0,37,0.5,1.0,0.3,0,0.5,10,9.5,10,rrt_20260807_054940_070.png
20260807_054942_065,2026-08-07 05:49:42,False,10000,114,0.0,0,0.5,1.0,0.3,0,0.5,10,9.5,10,rrt_20260807_054942_065.png
20260807_054943_819,2026-08-07 05:49:43,False,10000,95,0.0,0,0.5,1.0,0.3,0,0.5,10,9.5,10,rrt_20260807_054943_819.png
20260807_054946_115,2026-08-07 05:49:46,False,10000,150,0.0,0,0.5,1.0,0.3,0,0.5,10,9.5,10,rrt_20260807_054946_115.png
20260807_054948_158,2026-08-07 05:49:48,False,10000,122,0.0,0,0.5,1.0,0.3,0,0.5,10,9.5,10,rrt_20260807_054948_158.png
20260807_054950_349,2026-08-07 05:49:50,False,10000,135,0.0,0,0.5,1.0,0.3,0,0.5,10,9.5,10,rrt_20260807_054950_349.png
20260807_054952_259,2026-08-07 05:49:52,False,10000,80,0.0,0,0.5,1.0,0.3,0,0.5,10,9.5,10,rrt_20260807_054952_259.png
20260807_054953_953,2026-08-07 05:49:53,False,10000,94,0.0,0,0.5,1.0,0.3,0,0.5,10,9.5,10,rrt_20260807_054953_953.png
20260807_054955_885,2026-08-07 05:49:55,False,10000,111,0.0,0,0.5,1.0,0.3,0,0.5,10,9.5,10,rrt_20260807_054955_885.png
20260807_054957_538,2026-08-07 05:49:57,False,10000,88,0.0,0,0.5,1.0,0.3,0,0.5,10,9.5,10,rrt_20260807_054957_538.png
20260807_054959_706,2026-08-07 05:49:59,False,10000,126,0.0,0,0.5,1.0,0.3,0,0.5,10,9.5,10,rrt_20260807_054959_706.png
20260807_055001_516,2026-08-07 05:50:01,False,10000,82,0.0,0,0.5,1.0,0.3,0,0.5,10,9.5,10,rrt_20260807_055001_516.png
20260807_055003_996,2026-08-07 05:50:03,False,10000,171,0.0,0,0.5,1.0,0.3,0,0.5,10,9.5,10,rrt_20260807_055003_996.png
20260807_055005_651,2026-08-07 05:50:05,False,10000,98,0.0,0,0.52,0.1,0.3,0,0.5,10,9.5,10,rrt_20260807_055005_651.png
20260807_055006_318,2026-08-07 05:50:06,True,2580,68,19.054401431345735,38,0.52,0.1,0.3,0,0.5,10,9.5,10,rrt_20260807_055006_318.png
20260807_055008_209,2026-08-07 05:50:08,False,10000,101,0.0,0,0.52,0.1,0.3,0,0.5,10,9.5,10,rrt_20260807_055008_209.png
20260807_055009_772,2026-08-07 05:50:09,False,10000,99,0.0,0,0.52,0.1,0.3,0,0.5,10,9.5,10,rrt_20260807_055009_772.png
20260807_055011_116,2026-08-07 05:50:11,False,10000,60,0.0,0,0.52,0.1,0.3,0,0.5,10,9.5,10,rrt_20260807_055011_116.png
20260807_055013_075,2026-08-07 05:50:13,False,10000,104,0.0,0,0.52,0.1,0.3,0,0.5,10,9.5,10,rrt_20260807_055013_075.png
20260807_055014_683,2026-08-07 05:50:14,False,10000,96,0.0,0,0.52,0.1,0.3,0,0.5,10,9.5,10,rrt_20260807_055014_683.png
20260807_055016_194,2026-08-07 05:50:16,False,10000,90,0.0,0,0.52,0.1,0.3,0,0.5,10,9.5,10,rrt_20260807_055016_194.png
20260807_055017_301,2026-08-07 05:50:17,False,10000,48,0.0,0,0.52,0.1,0.3,0,0.5,10,9.5,10,rrt_20260807_055017_301.png
20260807_055018_552,2026-08-07 05:50:18,True,7391,98,19.222762847546278,38,0.52,0.1,0.3,0,0.5,10,9.5,10,rrt_20260807_055018_552.png
20260807_055020_073,2026-08-07 05:50:20,False,10000,86,0.0,0,0.52,0.1,0.3,0,0.5,10,9.5,10,rrt_20260807_055020_073.png
20260807_055021_345,2026-08-07 05:50:21,True,5023,101,19.75999999999999,39,0.52,0.1,0.3,0,0.5,10,9.5,10,rrt_20260807_055021_345.png
20260807_055022_958,2026-08-07 05:50:22,False,10000,104,0.0,0,0.52,0.1,0.3,0,0.5,10,9.5,10,rrt_20260807_055022_958.png
20260807_055024_360,2026-08-07 05:50:24,True,6339,118,17.597817101223082,35,0.52,0.1,0.3,0,0.5,10,9.5,10,rrt_20260807_055024_360.png
20260807_055026_198,2026-08-07 05:50:26,False,10000,108,0.0,0,0.52,0.1,0.3,0,0.5,10,9.5,10,rrt_20260807_055026_198.png
20260807_055028_091,2026-08-07 05:50:28,False,10000,133,0.0,0,0.52,0.1,0.3,0,0.5,10,9.5,10,rrt_20260807_055028_091.png
20260807_055029_403,2026-08-07 05:50:29,True,6891,115,17.651958423954547,35,0.52,0.1,0.3,0,0.5,10,9.5,10,rrt_20260807_055029_403.png
20260807_055030_433,2026-08-07 05:50:30,True,5037,95,17.61573417145176,35,0.52,0.1,0.3,0,0.5,10,9.5,10,rrt_20260807_055030_433.png
20260807_055031_883,2026-08-07 05:50:31,False,10000,77,0.0,0,0.52,0.1,0.3,0,0.5,10,9.5,10,rrt_20260807_055031_883.png
20260807_055033_024,2026-08-07 05:50:33,False,10000,51,0.0,0,0.52,0.1,0.3,0,0.5,10,9.5,10,rrt_20260807_055033_024.png
20260807_055034_804,2026-08-07 05:50:34,False,10000,93,0.0,0,0.52,0.1,0.3,0,0.5,10,9.5,10,rrt_20260807_055034_804.png
20260807_055036_180,2026-08-07 05:50:36,True,7584,109,18.199999999999996,36,0.52,0.1,0.3,0,0.5,10,9.5,10,rrt_20260807_055036_180.png
20260807_055037_398,2026-08-07 05:50:37,False,10000,36,0.0,0,0.52,0.1,0.3,0,0.5,10,9.5,10,rrt_20260807_055037_398.png
20260807_055039_234,2026-08-07 05:50:39,False,10000,94,0.0,0,0.52,0.1,0.3,0,0.5,10,9.5,10,rrt_20260807_055039_234.png
20260807_055040_917,2026-08-07 05:50:40,False,10000,104,0.0,0,0.52,0.1,0.3,0,0.5,10,9.5,10,rrt_20260807_055040_917.png
20260807_055042_554,2026-08-07 05:50:42,False,10000,104,0.0,0,0.52,0.1,0.3,0,0.5,10,9.5,10,rrt_20260807_055042_554.png
20260807_055044_174,2026-08-07 05:50:44,False,10000,96,0.0,0,0.52,0.1,0.3,0,0.5,10,9.5,10,rrt_20260807_055044_174.png
20260807_055045_878,2026-08-07 05:50:45,False,10000,94,0.0,0,0.52,0.1,0.3,0,0.5,10,9.5,10,rrt_20260807_055045_878.png
20260807_055047_505,2026-08-07 05:50:47,False,10000,103,0.0,0,0.52,0.1,0.3,0,0.5,10,9.5,10,rrt_20260807_055047_505.png
20260807_055049_030,2026-08-07 05:50:49,False,10000,50,0.0,0,0.52,0.1,0.3,0,0.5,10,9.5,10,rrt_20260807_055049_030.png
20260807_055050_835,2026-08-07 05:50:50,False,10000,94,0.0,0,0.52,0.1,0.3,0,0.5,10,9.5,10,rrt_20260807_055050_835.png
20260807_055051_993,2026-08-07 05:50:51,False,10000,53,0.0,0,0.52,0.1,0.3,0,0.5,10,9.5,10,rrt_20260807_055051_993.png
20260807_055053_702,2026-08-07 05:50:53,False,10000,111,0.0,0,0.52,0.1,0.3,0,0.5,10,9.5,10,rrt_20260807_055053_702.png
20260807_055055_557,2026-08-07 05:50:55,False,10000,120,0.0,0,0.52,0.1,0.3,0,0.5,10,9.5,10,rrt_20260807_055055_557.png
20260807_055056_576,2026-08-07 05:50:56,True,6302,105,19.180034682925722,38,0.52,0.1,0.3,0,0.5,10,9.5,10,rrt_20260807_055056_576.png
20260807_055057_901,2026-08-07 05:50:57,False,10000,49,0.0,0,0.52,0.1,0.3,0,0.5,10,9.5,10,rrt_20260807_055057_901.png
20260807_055059_547,2026-08-07 05:50:59,False,10000,101,0.0,0,0.52,0.1,0.3,0,0.5,10,9.5,10,rrt_20260807_055059_547.png
20260807_055101_578,2026-08-07 05:51:01,False,10000,95,0.0,0,0.52,0.1,0.3,0,0.5,10,9.5,10,rrt_20260807_055101_578.png
20260807_055103_361,2026-08-07 05:51:03,False,10000,116,0.0,0,0.52,0.1,0.3,0,0.5,10,9.5,10,rrt_20260807_055103_361.png
20260807_055104_737,2026-08-07 05:51:04,False,10000,50,0.0,0,0.52,0.1,0.3,0,0.5,10,9.5,10,rrt_20260807_055104_737.png
20260807_055105_979,2026-08-07 05:51:05,True,7137,107,19.20496165213491,38,0.52,0.1,0.3,0,0.5,10,9.5,10,rrt_20260807_055105_979.png
20260807_055107_084,2026-08-07 05:51:07,True,8079,89,21.31999999999999,42,0.52,0.1,0.3,0,0.5,10,9.5,10,rrt_20260807_055107_084.png
20260807_055108_303,2026-08-07 05:51:08,True,5196,110,17.11361591483109,34,0.52,0.1,0.3,0,0.5,10,9.5,10,rrt_20260807_055108_303.png
20260807_055109_845,2026-08-07 05:51:09,False,10000,80,0.0,0,0.52,0.1,0.3,0,0.5,10,9.5,10,rrt_20260807_055109_845.png
20260807_055110_618,2026-08-07 05:51:10,True,2932,84,16.600212888930418,33,0.52,0.1,0.3,0,0.5,10,9.5,10,rrt_20260807_055110_618.png
20260807_055111_813,2026-08-07 05:51:11,False,10000,52,0.0,0,0.52,0.1,0.3,0,0.5,10,9.5,10,rrt_20260807_055111_813.png
20260807_055113_879,2026-08-07 05:51:13,False,10000,109,0.0,0,0.52,0.1,0.3,0,0.5,10,9.5,10,rrt_20260807_055113_879.png
20260807_055115_013,2026-08-07 05:51:15,True,6010,108,17.12948974604754,34,0.52,0.1,0.3,0,0.5,10,9.5,10,rrt_20260807_055115_013.png
20260807_055116_575,2026-08-07 05:51:16,False,10000,85,0.0,0,0.52,0.1,0.3,0,0.5,10,9.5,10,rrt_20260807_055116_575.png
20260807_055118_054,2026-08-07 05:51:18,False,10000,80,0.0,0,0.52,0.1,0.3,0,0.5,10,9.5,10,rrt_20260807_055118_054.png
20260807_055119_449,2026-08-07 05:51:19,True,8314,121,17.159999999999993,34,0.52,0.1,0.3,0,0.5,10,9.5,10,rrt_20260807_055119_449.png
20260807_055121_194,2026-08-07 05:51:21,False,10000,97,0.0,0,0.52,0.1,0.3,0,0.5,10,9.5,10,rrt_20260807_055121_194.png
20260807_055121_730,2026-08-07 05:51:21,True,1285,54,17.159999999999997,34,0.52,0.1,0.3,0,0.5,10,9.5,10,rrt_20260807_055121_730.png
20260807_055123_268,2026-08-07 05:51:23,False,10000,95,0.0,0,0.52,0.1,0.3,0,0.5,10,9.5,10,rrt_20260807_055123_268.png
20260807_055124_686,2026-08-07 05:51:24,True,7980,113,17.662664562867217,35,0.52,0.1,0.3,0,0.5,10,9.5,10,rrt_20260807_055124_686.png
20260807_055126_054,2026-08-07 05:51:26,False,10000,55,0.0,0,0.52,0.1,0.3,0,0.5,10,9.5,10,rrt_20260807_055126_054.png
20260807_055126_561,2026-08-07 05:51:26,True,1046,49,17.159999999999997,34,0.52,0.1,0.3,0,0.5,10,9.5,10,rrt_20260807_055126_561.png
20260807_055128_134,2026-08-07 05:51:28,False,10000,89,0.0,0,0.52,0.1,0.3,0,0.5,10,9.5,10,rrt_20260807_055128_134.png
20260807_055129_828,2026-08-07 05:51:29,False,10000,101,0.0,0,0.52,0.1,0.3,0,0.5,10,9.5,10,rrt_20260807_055129_828.png
20260807_055131_506,2026-08-07 05:51:31,False,10000,98,0.0,0,0.52,0.1,0.3,0,0.5,10,9.5,10,rrt_20260807_055131_506.png
20260807_055132_787,2026-08-07 05:51:32,False,10000,46,0.0,0,0.52,0.1,0.3,0,0.5,10,9.5,10,rrt_20260807_055132_787.png
20260807_055134_597,2026-08-07 05:51:34,False,10000,130,0.0,0,0.52,0.1,0.3,0,0.5,10,9.5,10,rrt_20260807_055134_597.png
20260807_055135_930,2026-08-07 05:51:35,True,7259,107,17.632873340408914,35,0.52,0.1,0.3,0,0.5,10,9.5,10,rrt_20260807_055135_930.png
20260807_055137_459,2026-08-07 05:51:37,False,10000,88,0.0,0,0.52,0.1,0.3,0,0.5,10,9.5,10,rrt_20260807_055137_459.png
20260807_055139_565,2026-08-07 05:51:39,False,10000,92,0.0,0,0.52,0.1,0.3,0,0.5,10,9.5,10,rrt_20260807_055139_565.png
20260807_055141_452,2026-08-07 05:51:41,False,10000,118,0.0,0,0.52,0.1,0.3,0,0.5,10,9.5,10,rrt_20260807_055141_452.png
20260807_055143_305,2026-08-07 05:51:43,False,10000,102,0.0,0,0.52,0.1,0.3,0,0.5,10,9.5,10,rrt_20260807_055143_305.png
20260807_055145_142,2026-08-07 05:51:45,False,10000,134,0.0,0,0.52,0.1,0.3,0,0.5,10,9.5,10,rrt_20260807_055145_142.png
20260807_055146_432,2026-08-07 05:51:46,False,10000,41,0.0,0,0.52,0.1,0.3,0,0.5,10,9.5,10,rrt_20260807_055146_432.png
20260807_055146_957,2026-08-07 05:51:46,True,845,47,18.199999999999996,36,0.52,0.1,0.3,0,0.5,10,9.5,10,rrt_20260807_055146_957.png
20260807_055147_565,2026-08-07 05:51:47,True,1333,58,17.159999999999997,34,0.52,0.1,0.3,0,0.5,10,9.5,10,rrt_20260807_055147_565.png
20260807_055149_304,2026-08-07 05:51:49,False,10000,110,0.0,0,0.52,0.1,0.3,0,0.5,10,9.5,10,rrt_20260807_055149_304.png
20260807_055150_979,2026-08-07 05:51:50,False,10000,104,0.0,0,0.52,0.1,0.3,0,0.5,10,9.5,10,rrt_20260807_055150_979.png
20260807_055152_751,2026-08-07 05:51:52,False,10000,87,0.0,0,0.52,0.1,0.3,0,0.5,10,9.5,10,rrt_20260807_055152_751.png
20260807_055154_650,2026-08-07 05:51:54,False,10000,101,0.0,0,0.52,0.1,0.3,0,0.5,10,9.5,10,rrt_20260807_055154_650.png
20260807_055156_257,2026-08-07 05:51:56,False,10000,110,0.0,0,0.52,0.1,0.3,0,0.5,10,9.5,10,rrt_20260807_055156_257.png
20260807_055157_709,2026-08-07 05:51:57,False,10000,83,0.0,0,0.52,0.1,0.3,0,0.5,10,9.5,10,rrt_20260807_055157_709.png
20260807_055159_413,2026-08-07 05:51:59,False,10000,97,0.0,0,0.52,0.1,0.3,0,0.5,10,9.5,10,rrt_20260807_055159_413.png
20260807_055201_262,2026-08-07 05:52:01,False,10000,111,0.0,0,0.52,0.1,0.3,0,0.5,10,9.5,10,rrt_20260807_055201_262.png
20260807_055202_788,2026-08-07 05:52:02,False,10000,80,0.0,0,0.52,0.1,0.3,0,0.5,10,9.5,10,rrt_20260807_055202_788.png
20260807_055204_700,2026-08-07 05:52:04,False,10000,113,0.0,0,0.52,0.1,0.3,0,0.5,10,9.5,10,rrt_20260807_055204_700.png
20260807_055206_246,2026-08-07 05:52:06,False,10000,85,0.0,0,0.52,0.1,0.3,0,0.5,10,9.5,10,rrt_20260807_055206_246.png
20260807_055208_104,2026-08-07 05:52:08,True,8782,117,18.719999999999995,37,0.52,0.1,0.3,0,0.5,10,9.5,10,rrt_20260807_055208_104.png
20260807_055209_814,2026-08-07 05:52:09,False,10000,104,0.0,0,0.52,0.1,0.3,0,0.5,10,9.5,10,rrt_20260807_055209_814.png
20260807_055211_839,2026-08-07 05:52:11,False,10000,100,0.0,0,0.52,0.1,0.3,0,0.5,10,9.5,10,rrt_20260807_055211_839.png
20260807_055213_458,2026-08-07 05:52:13,False,10000,89,0.0,0,0.52,0.1,0.3,0,0.5,10,9.5,10,rrt_20260807_055213_458.png
20260807_055214_591,2026-08-07 05:52:14,True,4401,113,17.679999999999996,35,0.52,0.1,0.3,0,0.5,10,9.5,10,rrt_20260807_055214_591.png
20260807_055216_286,2026-08-07 05:52:16,False,10000,109,0.0,0,0.52,0.1,0.3,0,0.5,10,9.5,10,rrt_20260807_055216_286.png
20260807_055218_084,2026-08-07 05:52:18,False,10000,99,0.0,0,0.52,0.1,0.3,0,0.5,10,9.5,10,rrt_20260807_055218_084.png
20260807_055219_206,2026-08-07 05:52:19,False,10000,51,0.0,0,0.52,0.1,0.3,0,0.5,10,9.5,10,rrt_20260807_055219_206.png
20260807_055220_714,2026-08-07 05:52:20,True,8780,119,19.16080449004654,38,0.52,0.1,0.3,0,0.5,10,9.5,10,rrt_20260807_055220_714.png
20260807_055222_018,2026-08-07 05:52:22,True,4415,111,18.714058782459325,37,0.52,0.1,0.3,0,0.5,10,9.5,10,rrt_20260807_055222_018.png
20260807_055223_481,2026-08-07 05:52:23,False,10000,91,0.0,0,0.52,0.1,0.3,0,0.5,10,9.5,10,rrt_20260807_055223_481.png
20260807_055224_816,2026-08-07 05:52:24,False,10000,50,0.0,0,0.52,0.1,0.3,0,0.5,10,9.5,10,rrt_20260807_055224_816.png
20260807_055226_379,2026-08-07 05:52:26,False,10000,92,0.0,0,0.52,0.1,0.3,0,0.5,10,9.5,10,rrt_20260807_055226_379.png
20260807_055227_911,2026-08-07 05:52:27,False,10000,80,0.0,0,0.52,0.1,0.3,0,0.5,10,9.5,10,rrt_20260807_055227_911.png
20260807_055229_544,2026-08-07 05:52:29,False,10000,104,0.0,0,0.52,0.1,0.3,0,0.5,10,9.5,10,rrt_20260807_055229_544.png
20260807_055230_722,2026-08-07 05:52:30,True,5835,120,20.271247718238264,40,0.52,0.1,0.3,0,0.5,10,9.5,10,rrt_20260807_055230_722.png
20260807_055232_458,2026-08-07 05:52:32,False,10000,112,0.0,0,0.52,0.1,0.3,0,0.5,10,9.5,10,rrt_20260807_055232_458.png
20260807_055234_597,2026-08-07 05:52:34,False,10000,95,0.0,0,0.52,0.1,0.3,0,0.5,10,9.5,10,rrt_20260807_055234_597.png
20260807_055236_310,2026-08-07 05:52:36,False,10000,109,0.0,0,0.52,0.2,0.3,0,0.5,10,9.5,10,rrt_20260807_055236_310.png
20260807_055237_375,2026-08-07 05:52:37,True,2548,99,17.623947390902494,35,0.52,0.2,0.3,0,0.5,10,9.5,10,rrt_20260807_055237_375.png
20260807_055239_251,2026-08-07 05:52:39,False,10000,95,0.0,0,0.52,0.2,0.3,0,0.5,10,9.5,10,rrt_20260807_055239_251.png
20260807_055241_177,2026-08-07 05:52:41,False,10000,120,0.0,0,0.52,0.2,0.3,0,0.5,10,9.5,10,rrt_20260807_055241_177.png
20260807_055242_636,2026-08-07 05:52:42,False,10000,69,0.0,0,0.52,0.2,0.3,0,0.5,10,9.5,10,rrt_20260807_055242_636.png
20260807_055244_517,2026-08-07 05:52:44,False,10000,88,0.0,0,0.52,0.2,0.3,0,0.5,10,9.5,10,rrt_20260807_055244_517.png
20260807_055246_653,2026-08-07 05:52:46,False,10000,109,0.0,0,0.52,0.2,0.3,0,0.5,10,9.5,10,rrt_20260807_055246_653.png
20260807_055247_641,2026-08-07 05:52:47,True,4278,119,18.129879743303103,36,0.52,0.2,0.3,0,0.5,10,9.5,10,rrt_20260807_055247_641.png
20260807_055249_375,2026-08-07 05:52:49,False,10000,82,0.0,0,0.52,0.2,0.3,0,0.5,10,9.5,10,rrt_20260807_055249_375.png
20260807_055250_150,2026-08-07 05:52:50,True,2995,111,19.203113296246205,38,0.52,0.2,0.3,0,0.5,10,9.5,10,rrt_20260807_055250_150.png
20260807_055251_026,2026-08-07 05:52:51,True,3529,117,17.679999999999993,35,0.52,0.2,0.3,0,0.5,10,9.5,10,rrt_20260807_055251_026.png
20260807_055252_754,2026-08-07 05:52:52,False,10000,105,0.0,0,0.52,0.2,0.3,0,0.5,10,9.5,10,rrt_20260807_055252_754.png
20260807_055254_387,2026-08-07 05:52:54,False,10000,98,0.0,0,0.52,0.2,0.3,0,0.5,10,9.5,10,rrt_20260807_055254_387.png
20260807_055256_051,2026-08-07 05:52:56,False,10000,96,0.0,0,0.52,0.2,0.3,0,0.5,10,9.5,10,rrt_20260807_055256_051.png
20260807_055256_552,2026-08-07 05:52:56,True,206,44,16.639999999999997,33,0.52,0.2,0.3,0,0.5,10,9.5,10,rrt_20260807_055256_552.png
20260807_055258_308,2026-08-07 05:52:58,False,10000,100,0.0,0,0.52,0.2,0.3,0,0.5,10,9.5,10,rrt_20260807_055258_308.png
20260807_055300_067,2026-08-07 05:53:00,False,10000,100,0.0,0,0.52,0.2,0.3,0,0.5,10,9.5,10,rrt_20260807_055300_067.png
20260807_055302_414,2026-08-07 05:53:02,False,10000,132,0.0,0,0.52,0.2,0.3,0,0.5,10,9.5,10,rrt_20260807_055302_414.png
20260807_055304_290,2026-08-07 05:53:04,False,10000,119,0.0,0,0.52,0.2,0.3,0,0.5,10,9.5,10,rrt_20260807_055304_290.png
20260807_055304_898,2026-08-07 05:53:04,True,1774,72,21.839999999999993,43,0.52,0.2,0.3,0,0.5,10,9.5,10,rrt_20260807_055304_898.png
20260807_055305_363,2026-08-07 05:53:05,True,657,53,17.159999999999993,34,0.52,0.2,0.3,0,0.5,10,9.5,10,rrt_20260807_055305_363.png
20260807_055307_275,2026-08-07 05:53:07,False,10000,100,0.0,0,0.52,0.2,0.3,0,0.5,10,9.5,10,rrt_20260807_055307_275.png
20260807_055309_240,2026-08-07 05:53:09,False,10000,136,0.0,0,0.52,0.2,0.3,0,0.5,10,9.5,10,rrt_20260807_055309_240.png
20260807_055311_124,2026-08-07 05:53:11,False,10000,90,0.0,0,0.52,0.2,0.3,0,0.5,10,9.5,10,rrt_20260807_055311_124.png
20260807_055312_907,2026-08-07 05:53:12,False,10000,106,0.0,0,0.52,0.2,0.3,0,0.5,10,9.5,10,rrt_20260807_055312_907.png
20260807_055315_243,2026-08-07 05:53:15,False,10000,114,0.0,0,0.52,0.2,0.3,0,0.5,10,9.5,10,rrt_20260807_055315_243.png
20260807_055316_148,2026-08-07 05:53:16,True,2096,99,16.602950377413983,33,0.52,0.2,0.3,0,0.5,10,9.5,10,rrt_20260807_055316_148.png
20260807_055317_952,2026-08-07 05:53:17,False,10000,111,0.0,0,0.52,0.2,0.3,0,0.5,10,9.5,10,rrt_20260807_055317_952.png
20260807_055319_127,2026-08-07 05:53:19,False,10000,51,0.0,0,0.52,0.2,0.3,0,0.5,10,9.5,10,rrt_20260807_055319_127.png
20260807_055320_323,2026-08-07 05:53:20,True,4850,121,18.140767455089545,36,0.52,0.2,0.3,0,0.5,10,9.5,10,rrt_20260807_055320_323.png
20260807_055321_014,2026-08-07 05:53:21,True,1931,76,18.14624572119835,36,0.52,0.2,0.3,0,0.5,10,9.5,10,rrt_20260807_055321_014.png
20260807_055322_293,2026-08-07 05:53:22,False,10000,63,0.0,0,0.52,0.2,0.3,0,0.5,10,9.5,10,rrt_20260807_055322_293.png
20260807_055323_682,2026-08-07 05:53:23,False,10000,51,0.0,0,0.52,0.2,0.3,0,0.5,10,9.5,10,rrt_20260807_055323_682.png
20260807_055325_770,2026-08-07 05:53:25,False,10000,114,0.0,0,0.52,0.2,0.3,0,0.5,10,9.5,10,rrt_20260807_055325_770.png
20260807_055327_435,2026-08-07 05:53:27,False,10000,94,0.0,0,0.52,0.2,0.3,0,0.5,10,9.5,10,rrt_20260807_055327_435.png
20260807_055328_310,2026-08-07 05:53:28,True,1327,97,17.524047284268768,35,0.52,0.2,0.3,0,0.5,10,9.5,10,rrt_20260807_055328_310.png
20260807_055330_240,2026-08-07 05:53:30,False,10000,122,0.0,0,0.52,0.2,0.3,0,0.5,10,9.5,10,rrt_20260807_055330_240.png
20260807_055330_791,2026-08-07 05:53:30,True,602,54,16.639999999999997,33,0.52,0.2,0.3,0,0.5,10,9.5,10,rrt_20260807_055330_791.png
20260807_055332_544,2026-08-07 05:53:32,False,10000,108,0.0,0,0.52,0.2,0.3,0,0.5,10,9.5,10,rrt_20260807_055332_544.png
20260807_055334_253,2026-08-07 05:53:34,False,10000,99,0.0,0,0.52,0.2,0.3,0,0.5,10,9.5,10,rrt_20260807_055334_253.png
20260807_055336_006,2026-08-07 05:53:36,False,10000,99,0.0,0,0.52,0.2,0.3,0,0.5,10,9.5,10,rrt_20260807_055336_006.png
20260807_055338_195,2026-08-07 05:53:38,False,10000,127,0.0,0,0.52,0.2,0.3,0,0.5,10,9.5,10,rrt_20260807_055338_195.png
20260807_055339_587,2026-08-07 05:53:39,False,10000,52,0.0,0,0.52,0.2,0.3,0,0.5,10,9.5,10,rrt_20260807_055339_587.png
20260807_055340_416,2026-08-07 05:53:40,True,2529,108,17.679999999999993,35,0.52,0.2,0.3,0,0.5,10,9.5,10,rrt_20260807_055340_416.png
20260807_055341_557,2026-08-07 05:53:41,True,3693,110,17.16,34,0.52,0.2,0.3,0,0.5,10,9.5,10,rrt_20260807_055341_557.png
20260807_055343_175,2026-08-07 05:53:43,False,10000,88,0.0,0,0.52,0.2,0.3,0,0.5,10,9.5,10,rrt_20260807_055343_175.png
20260807_055345_156,2026-08-07 05:53:45,False,10000,101,0.0,0,0.52,0.2,0.3,0,0.5,10,9.5,10,rrt_20260807_055345_156.png
20260807_055346_470,2026-08-07 05:53:46,True,6040,118,18.63637504179462,37,0.52,0.2,0.3,0,0.5,10,9.5,10,rrt_20260807_055346_470.png
20260807_055347_973,2026-08-07 05:53:47,False,10000,77,0.0,0,0.52,0.2,0.3,0,0.5,10,9.5,10,rrt_20260807_055347_973.png
20260807_055349_733,2026-08-07 05:53:49,False,10000,99,0.0,0,0.52,0.2,0.3,0,0.5,10,9.5,10,rrt_20260807_055349_733.png
20260807_055350_948,2026-08-07 05:53:50,True,5188,111,17.158211852678328,34,0.52,0.2,0.3,0,0.5,10,9.5,10,rrt_20260807_055350_948.png
20260807_055352_617,2026-08-07 05:53:52,False,10000,96,0.0,0,0.52,0.2,0.3,0,0.5,10,9.5,10,rrt_20260807_055352_617.png
20260807_055354_012,2026-08-07 05:53:54,False,10000,50,0.0,0,0.52,0.2,0.3,0,0.5,10,9.5,10,rrt_20260807_055354_012.png
20260807_055355_427,2026-08-07 05:53:55,True,7507,96,17.159999999999997,34,0.52,0.2,0.3,0,0.5,10,9.5,10,rrt_20260807_055355_427.png
20260807_055357_008,2026-08-07 05:53:57,False,10000,93,0.0,0,0.52,0.2,0.3,0,0.5,10,9.5,10,rrt_20260807_055357_008.png
20260807_055357_997,2026-08-07 05:53:57,True,4995,101,18.719999999999995,37,0.52,0.2,0.3,0,0.5,10,9.5,10,rrt_20260807_055357_997.png
20260807_055359_740,2026-08-07 05:53:59,False,10000,103,0.0,0,0.52,0.2,0.3,0,0.5,10,9.5,10,rrt_20260807_055359_740.png
20260807_055401_950,2026-08-07 05:54:01,False,10000,131,0.0,0,0.52,0.2,0.3,0,0.5,10,9.5,10,rrt_20260807_055401_950.png
20260807_055402_554,2026-08-07 05:54:02,True,1448,78,18.199999999999992,36,0.52,0.2,0.3,0,0.5,10,9.5,10,rrt_20260807_055402_554.png
20260807_055404_503,2026-08-07 05:54:04,False,10000,105,0.0,0,0.52,0.2,0.3,0,0.5,10,9.5,10,rrt_20260807_055404_503.png
20260807_055406_182,2026-08-07 05:54:06,False,10000,92,0.0,0,0.52,0.2,0.3,0,0.5,10,9.5,10,rrt_20260807_055406_182.png
20260807_055407_846,2026-08-07 05:54:07,False,10000,81,0.0,0,0.52,0.2,0.3,0,0.5,10,9.5,10,rrt_20260807_055407_846.png
20260807_055409_775,2026-08-07 05:54:09,False,10000,88,0.0,0,0.52,0.2,0.3,0,0.5,10,9.5,10,rrt_20260807_055409_775.png
20260807_055411_291,2026-08-07 05:54:11,False,10000,69,0.0,0,0.52,0.2,0.3,0,0.5,10,9.5,10,rrt_20260807_055411_291.png
20260807_055412_855,2026-08-07 05:54:12,False,10000,84,0.0,0,0.52,0.2,0.3,0,0.5,10,9.5,10,rrt_20260807_055412_855.png
20260807_055414_625,2026-08-07 05:54:14,False,10000,78,0.0,0,0.52,0.2,0.3,0,0.5,10,9.5,10,rrt_20260807_055414_625.png
20260807_055416_663,2026-08-07 05:54:16,False,10000,100,0.0,0,0.52,0.2,0.3,0,0.5,10,9.5,10,rrt_20260807_055416_663.png
20260807_055417_621,2026-08-07 05:54:17,True,4200,110,17.66727787379176,35,0.52,0.2,0.3,0,0.5,10,9.5,10,rrt_20260807_055417_621.png
20260807_055419_572,2026-08-07 05:54:19,False,10000,94,0.0,0,0.52,0.2,0.3,0,0.5,10,9.5,10,rrt_20260807_055419_572.png
20260807_055421_518,2026-08-07 05:54:21,False,10000,114,0.0,0,0.52,0.2,0.3,0,0.5,10,9.5,10,rrt_20260807_055421_518.png
20260807_055423_227,2026-08-07 05:54:23,True,5960,162,17.12493743069644,34,0.52,0.2,0.3,0,0.5,10,9.5,10,rrt_20260807_055423_227.png
20260807_055424_938,2026-08-07 05:54:24,False,10000,73,0.0,0,0.52,0.2,0.3,0,0.5,10,9.5,10,rrt_20260807_055424_938.png
20260807_055425_976,2026-08-07 05:54:25,True,4993,103,18.6707660663215,37,0.52,0.2,0.3,0,0.5,10,9.5,10,rrt_20260807_055425_976.png
20260807_055427_031,2026-08-07 05:54:27,False,10000,42,0.0,0,0.52,0.2,0.3,0,0.5,10,9.5,10,rrt_20260807_055427_031.png
20260807_055428_572,2026-08-07 05:54:28,False,10000,65,0.0,0,0.52,0.2,0.3,0,0.5,10,9.5,10,rrt_20260807_055428_572.png
20260807_055430_690,2026-08-07 05:54:30,False,10000,102,0.0,0,0.52,0.2,0.3,0,0.5,10,9.5,10,rrt_20260807_055430_690.png
20260807_055432_288,2026-08-07 05:54:32,True,7141,112,22.790866895059622,45,0.52,0.2,0.3,0,0.5,10,9.5,10,rrt_20260807_055432_288.png
20260807_055434_122,2026-08-07 05:54:34,False,10000,107,0.0,0,0.52,0.2,0.3,0,0.5,10,9.5,10,rrt_20260807_055434_122.png
20260807_055436_100,2026-08-07 05:54:36,False,10000,97,0.0,0,0.52,0.2,0.3,0,0.5,10,9.5,10,rrt_20260807_055436_100.png
20260807_055438_169,2026-08-07 05:54:38,False,10000,100,0.0,0,0.52,0.2,0.3,0,0.5,10,9.5,10,rrt_20260807_055438_169.png
20260807_055439_920,2026-08-07 05:54:39,False,10000,77,0.0,0,0.52,0.2,0.3,0,0.5,10,9.5,10,rrt_20260807_055439_920.png
20260807_055441_737,2026-08-07 05:54:41,False,10000,105,0.0,0,0.52,0.2,0.3,0,0.5,10,9.5,10,rrt_20260807_055441_737.png
20260807_055443_759,2026-08-07 05:54:43,False,10000,103,0.0,0,0.52,0.2,0.3,0,0.5,10,9.5,10,rrt_20260807_055443_759.png
20260807_055445_691,2026-08-07 05:54:45,False,10000,124,0.0,0,0.52,0.2,0.3,0,0.5,10,9.5,10,rrt_20260807_055445_691.png
20260807_055447_588,2026-08-07 05:54:47,False,10000,114,0.0,0,0.52,0.2,0.3,0,0.5,10,9.5,10,rrt_20260807_055447_588.png
20260807_055448_787,2026-08-07 05:54:48,True,5531,119,18.120397784944917,36,0.52,0.2,0.3,0,0.5,10,9.5,10,rrt_20260807_055448_787.png
20260807_055450_721,2026-08-07 05:54:50,False,10000,121,0.0,0,0.52,0.2,0.3,0,0.5,10,9.5,10,rrt_20260807_055450_721.png
20260807_055452_625,2026-08-07 05:54:52,False,10000,97,0.0,0,0.52,0.2,0.3,0,0.5,10,9.5,10,rrt_20260807_055452_625.png
20260807_055453_605,2026-08-07 05:54:53,True,814,75,17.07809866347047,34,0.52,0.2,0.3,0,0.5,10,9.5,10,rrt_20260807_055453_605.png
20260807_055455_368,2026-08-07 05:54:55,False,10000,122,0.0,0,0.52,0.2,0.3,0,0.5,10,9.5,10,rrt_20260807_055455_368.png
20260807_055457_014,2026-08-07 05:54:57,False,10000,106,0.0,0,0.52,0.2,0.3,0,0.5,10,9.5,10,rrt_20260807_055457_014.png
20260807_055458_005,2026-08-07 05:54:58,True,3634,111,17.14695248424569,34,0.52,0.2,0.3,0,0.5,10,9.5,10,rrt_20260807_055458_005.png
20260807_055458_972,2026-08-07 05:54:58,True,4177,117,17.654286299874514,35,0.52,0.2,0.3,0,0.5,10,9.5,10,rrt_20260807_055458_972.png
20260807_055459_677,2026-08-07 05:54:59,True,2237,104,17.679999999999996,35,0.52,0.2,0.3,0,0.5,10,9.5,10,rrt_20260807_055459_677.png
20260807_055500_283,2026-08-07 05:55:00,True,1321,77,16.639999999999997,33,0.52,0.2,0.3,0,0.5,10,9.5,10,rrt_20260807_055500_283.png
20260807_055501_425,2026-08-07 05:55:01,False,10000,50,0.0,0,0.52,0.2,0.3,0,0.5,10,9.5,10,rrt_20260807_055501_425.png
20260807_055503_099,2026-08-07 05:55:03,False,10000,92,0.0,0,0.52,0.2,0.3,0,0.5,10,9.5,10,rrt_20260807_055503_099.png
20260807_055505_441,2026-08-07 05:55:05,False,10000,104,0.0,0,0.52,0.2,0.3,0,0.5,10,9.5,10,rrt_20260807_055505_441.png
20260807_055506_313,2026-08-07 05:55:06,True,2060,111,18.16670970833667,36,0.52,0.2,0.3,0,0.5,10,9.5,10,rrt_20260807_055506_313.png
20260807_055507_138,2026-08-07 05:55:07,True,3506,111,18.2,36,0.52,0.2,0.3,0,0.5,10,9.5,10,rrt_20260807_055507_138.png
20260807_055508_757,2026-08-07 05:55:08,False,10000,87,0.0,0,0.52,0.3,0.3,0,0.5,10,9.5,10,rrt_20260807_055508_757.png
20260807_055510_867,2026-08-07 05:55:10,False,10000,108,0.0,0,0.52,0.3,0.3,0,0.5,10,9.5,10,rrt_20260807_055510_867.png
20260807_055512_571,2026-08-07 05:55:12,False,10000,85,0.0,0,0.52,0.3,0.3,0,0.5,10,9.5,10,rrt_20260807_055512_571.png
20260807_055513_493,2026-08-07 05:55:13,True,2615,116,18.199999999999992,36,0.52,0.3,0.3,0,0.5,10,9.5,10,rrt_20260807_055513_493.png
20260807_055514_672,2026-08-07 05:55:14,False,10000,52,0.0,0,0.52,0.3,0.3,0,0.5,10,9.5,10,rrt_20260807_055514_672.png
20260807_055516_283,2026-08-07 05:55:16,False,10000,90,0.0,0,0.52,0.3,0.3,0,0.5,10,9.5,10,rrt_20260807_055516_283.png
20260807_055518_342,2026-08-07 05:55:18,False,10000,94,0.0,0,0.52,0.3,0.3,0,0.5,10,9.5,10,rrt_20260807_055518_342.png
20260807_055519_912,2026-08-07 05:55:19,False,10000,79,0.0,0,0.52,0.3,0.3,0,0.5,10,9.5,10,rrt_20260807_055519_912.png
20260807_055521_937,2026-08-07 05:55:21,False,10000,107,0.0,0,0.52,0.3,0.3,0,0.5,10,9.5,10,rrt_20260807_055521_937.png
20260807_055523_493,2026-08-07 05:55:23,False,10000,77,0.0,0,0.52,0.3,0.3,0,0.5,10,9.5,10,rrt_20260807_055523_493.png
20260807_055525_356,2026-08-07 05:55:25,False,10000,115,0.0,0,0.52,0.3,0.3,0,0.5,10,9.5,10,rrt_20260807_055525_356.png
20260807_055526_980,2026-08-07 05:55:26,False,10000,83,0.0,0,0.52,0.3,0.3,0,0.5,10,9.5,10,rrt_20260807_055526_980.png
20260807_055529_055,2026-08-07 05:55:29,False,10000,111,0.0,0,0.52,0.3,0.3,0,0.5,10,9.5,10,rrt_20260807_055529_055.png
20260807_055530_912,2026-08-07 05:55:30,False,10000,110,0.0,0,0.52,0.3,0.3,0,0.5,10,9.5,10,rrt_20260807_055530_912.png
20260807_055533_090,2026-08-07 05:55:33,False,10000,142,0.0,0,0.52,0.3,0.3,0,0.5,10,9.5,10,rrt_20260807_055533_090.png
20260807_055535_427,2026-08-07 05:55:35,False,10000,136,0.0,0,0.52,0.3,0.3,0,0.5,10,9.5,10,rrt_20260807_055535_427.png
20260807_055536_890,2026-08-07 05:55:36,False,10000,42,0.0,0,0.52,0.3,0.3,0,0.5,10,9.5,10,rrt_20260807_055536_890.png
20260807_055538_413,2026-08-07 05:55:38,False,10000,78,0.0,0,0.52,0.3,0.3,0,0.5,10,9.5,10,rrt_20260807_055538_413.png
20260807_055540_759,2026-08-07 05:55:40,False,10000,127,0.0,0,0.52,0.3,0.3,0,0.5,10,9.5,10,rrt_20260807_055540_759.png
20260807_055542_581,2026-08-07 05:55:42,False,10000,83,0.0,0,0.52,0.3,0.3,0,0.5,10,9.5,10,rrt_20260807_055542_581.png
20260807_055544_628,2026-08-07 05:55:44,False,10000,112,0.0,0,0.52,0.3,0.3,0,0.5,10,9.5,10,rrt_20260807_055544_628.png
20260807_055545_310,2026-08-07 05:55:45,True,716,77,17.159999999999997,34,0.52,0.3,0.3,0,0.5,10,9.5,10,rrt_20260807_055545_310.png
20260807_055546_007,2026-08-07 05:55:46,True,2343,103,18.12263740458969,36,0.52,0.3,0.3,0,0.5,10,9.5,10,rrt_20260807_055546_007.png
20260807_055546_677,2026-08-07 05:55:46,True,2113,115,18.199999999999996,36,0.52,0.3,0.3,0,0.5,10,9.5,10,rrt_20260807_055546_677.png
20260807_055548_106,2026-08-07 05:55:48,False,10000,46,0.0,0,0.52,0.3,0.3,0,0.5,10,9.5,10,rrt_20260807_055548_106.png
20260807_055549_011,2026-08-07 05:55:49,True,3462,136,18.719999999999988,37,0.52,0.3,0.3,0,0.5,10,9.5,10,rrt_20260807_055549_011.png
20260807_055550_719,2026-08-07 05:55:50,False,10000,98,0.0,0,0.52,0.3,0.3,0,0.5,10,9.5,10,rrt_20260807_055550_719.png
20260807_055551_349,2026-08-07 05:55:51,True,2107,73,17.605215000870764,35,0.52,0.3,0.3,0,0.5,10,9.5,10,rrt_20260807_055551_349.png
20260807_055553_012,2026-08-07 05:55:53,False,10000,93,0.0,0,0.52,0.3,0.3,0,0.5,10,9.5,10,rrt_20260807_055553_012.png
20260807_055553_879,2026-08-07 05:55:53,True,3068,137,18.590284904609273,37,0.52,0.3,0.3,0,0.5,10,9.5,10,rrt_20260807_055553_879.png
20260807_055555_405,2026-08-07 05:55:55,False,10000,71,0.0,0,0.52,0.3,0.3,0,0.5,10,9.5,10,rrt_20260807_055555_405.png
20260807_055557_402,2026-08-07 05:55:57,False,10000,104,0.0,0,0.52,0.3,0.3,0,0.5,10,9.5,10,rrt_20260807_055557_402.png
20260807_055558_288,2026-08-07 05:55:58,True,750,77,17.159999999999997,34,0.52,0.3,0.3,0,0.5,10,9.5,10,rrt_20260807_055558_288.png
20260807_055600_159,2026-08-07 05:56:00,False,10000,95,0.0,0,0.52,0.3,0.3,0,0.5,10,9.5,10,rrt_20260807_055600_159.png
20260807_055602_084,2026-08-07 05:56:02,False,10000,108,0.0,0,0.52,0.3,0.3,0,0.5,10,9.5,10,rrt_20260807_055602_084.png
20260807_055602_855,2026-08-07 05:56:02,True,2917,90,17.159999999999997,34,0.52,0.3,0.3,0,0.5,10,9.5,10,rrt_20260807_055602_855.png
20260807_055603_310,2026-08-07 05:56:03,True,337,63,16.64,33,0.52,0.3,0.3,0,0.5,10,9.5,10,rrt_20260807_055603_310.png
20260807_055603_841,2026-08-07 05:56:03,True,1049,87,18.199999999999992,36,0.52,0.3,0.3,0,0.5,10,9.5,10,rrt_20260807_055603_841.png
20260807_055604_686,2026-08-07 05:56:04,True,3404,118,17.649257812258973,35,0.52,0.3,0.3,0,0.5,10,9.5,10,rrt_20260807_055604_686.png
20260807_055605_235,2026-08-07 05:56:05,True,1571,76,17.63988225449819,35,0.52,0.3,0.3,0,0.5,10,9.5,10,rrt_20260807_055605_235.png
20260807_055605_940,2026-08-07 05:56:05,True,2485,98,18.15249193707,36,0.52,0.3,0.3,0,0.5,10,9.5,10,rrt_20260807_055605_940.png
20260807_055606_775,2026-08-07 05:56:06,True,2029,97,18.640534789159705,37,0.52,0.3,0.3,0,0.5,10,9.5,10,rrt_20260807_055606_775.png
20260807_055607_284,2026-08-07 05:56:07,True,682,67,16.639999999999997,33,0.52,0.3,0.3,0,0.5,10,9.5,10,rrt_20260807_055607_284.png
20260807_055609_056,2026-08-07 05:56:09,False,10000,113,0.0,0,0.52,0.3,0.3,0,0.5,10,9.5,10,rrt_20260807_055609_056.png
20260807_055611_128,2026-08-07 05:56:11,False,10000,135,0.0,0,0.52,0.3,0.3,0,0.5,10,9.5,10,rrt_20260807_055611_128.png
20260807_055613_028,2026-08-07 05:56:13,False,10000,107,0.0,0,0.52,0.3,0.3,0,0.5,10,9.5,10,rrt_20260807_055613_028.png
20260807_055614_656,2026-08-07 05:56:14,False,10000,83,0.0,0,0.52,0.3,0.3,0,0.5,10,9.5,10,rrt_20260807_055614_656.png
20260807_055615_819,2026-08-07 05:56:15,True,3822,111,17.65999875129526,35,0.52,0.3,0.3,0,0.5,10,9.5,10,rrt_20260807_055615_819.png
20260807_055617_604,2026-08-07 05:56:17,False,10000,105,0.0,0,0.52,0.3,0.3,0,0.5,10,9.5,10,rrt_20260807_055617_604.png
20260807_055618_474,2026-08-07 05:56:18,True,2864,121,17.130486844664297,34,0.52,0.3,0.3,0,0.5,10,9.5,10,rrt_20260807_055618_474.png
20260807_055619_341,2026-08-07 05:56:19,True,2037,105,18.199999999999996,36,0.52,0.3,0.3,0,0.5,10,9.5,10,rrt_20260807_055619_341.png
20260807_055620_837,2026-08-07 05:56:20,False,10000,78,0.0,0,0.52,0.3,0.3,0,0.5,10,9.5,10,rrt_20260807_055620_837.png
20260807_055622_432,2026-08-07 05:56:22,False,10000,82,0.0,0,0.52,0.3,0.3,0,0.5,10,9.5,10,rrt_20260807_055622_432.png
20260807_055624_289,2026-08-07 05:56:24,False,10000,104,0.0,0,0.52,0.3,0.3,0,0.5,10,9.5,10,rrt_20260807_055624_289.png
20260807_055626_068,2026-08-07 05:56:26,False,10000,97,0.0,0,0.52,0.3,0.3,0,0.5,10,9.5,10,rrt_20260807_055626_068.png
20260807_055627_829,2026-08-07 05:56:27,False,10000,94,0.0,0,0.52,0.3,0.3,0,0.5,10,9.5,10,rrt_20260807_055627_829.png
20260807_055628_343,2026-08-07 05:56:28,True,705,64,17.159999999999993,34,0.52,0.3,0.3,0,0.5,10,9.5,10,rrt_20260807_055628_343.png
20260807_055629_613,2026-08-07 05:56:29,False,10000,44,0.0,0,0.52,0.3,0.3,0,0.5,10,9.5,10,rrt_20260807_055629_613.png
20260807_055630_207,2026-08-07 05:56:30,True,1089,96,18.199999999999992,36,0.52,0.3,0.3,0,0.5,10,9.5,10,rrt_20260807_055630_207.png
20260807_055632_358,2026-08-07 05:56:32,False,10000,91,0.0,0,0.52,0.3,0.3,0,0.5,10,9.5,10,rrt_20260807_055632_358.png
20260807_055633_097,2026-08-07 05:56:33,True,2242,109,17.09150246181468,34,0.52,0.3,0.3,0,0.5,10,9.5,10,rrt_20260807_055633_097.png
20260807_055634_567,2026-08-07 05:56:34,True,8015,104,18.199999999999992,36,0.52,0.3,0.3,0,0.5,10,9.5,10,rrt_20260807_055634_567.png
20260807_055636_364,2026-08-07 05:56:36,False,10000,102,0.0,0,0.52,0.3,0.3,0,0.5,10,9.5,10,rrt_20260807_055636_364.png
20260807_055637_422,2026-08-07 05:56:37,False,10000,41,0.0,0,0.52,0.3,0.3,0,0.5,10,9.5,10,rrt_20260807_055637_422.png
20260807_055639_212,2026-08-07 05:56:39,False,10000,113,0.0,0,0.52,0.3,0.3,0,0.5,10,9.5,10,rrt_20260807_055639_212.png
20260807_055641_080,2026-08-07 05:56:41,False,10000,110,0.0,0,0.52,0.3,0.3,0,0.5,10,9.5,10,rrt_20260807_055641_080.png
20260807_055642_779,2026-08-07 05:56:42,False,10000,94,0.0,0,0.52,0.3,0.3,0,0.5,10,9.5,10,rrt_20260807_055642_779.png
20260807_055644_817,2026-08-07 05:56:44,False,10000,109,0.0,0,0.52,0.3,0.3,0,0.5,10,9.5,10,rrt_20260807_055644_817.png
20260807_055645_576,2026-08-07 05:56:45,True,340,47,17.99112032176422,36,0.52,0.3,0.3,0,0.5,10,9.5,10,rrt_20260807_055645_576.png
20260807_055647_206,2026-08-07 05:56:47,False,10000,88,0.0,0,0.52,0.3,0.3,0,0.5,10,9.5,10,rrt_20260807_055647_206.png
20260807_055648_965,2026-08-07 05:56:48,False,10000,102,0.0,0,0.52,0.3,0.3,0,0.5,10,9.5,10,rrt_20260807_055648_965.png
20260807_055650_240,2026-08-07 05:56:50,False,10000,49,0.0,0,0.52,0.3,0.3,0,0.5,10,9.5,10,rrt_20260807_055650_240.png
20260807_055652_140,2026-08-07 05:56:52,False,10000,116,0.0,0,0.52,0.3,0.3,0,0.5,10,9.5,10,rrt_20260807_055652_140.png
20260807_055653_500,2026-08-07 05:56:53,False,10000,48,0.0,0,0.52,0.3,0.3,0,0.5,10,9.5,10,rrt_20260807_055653_500.png
20260807_055655_148,2026-08-07 05:56:55,False,10000,91,0.0,0,0.52,0.3,0.3,0,0.5,10,9.5,10,rrt_20260807_055655_148.png
20260807_055656_991,2026-08-07 05:56:56,False,10000,110,0.0,0,0.52,0.3,0.3,0,0.5,10,9.5,10,rrt_20260807_055656_991.png
20260807_055657_595,2026-08-07 05:56:57,True,775,69,17.679999999999993,35,0.52,0.3,0.3,0,0.5,10,9.5,10,rrt_20260807_055657_595.png
20260807_055659_299,2026-08-07 05:56:59,False,10000,70,0.0,0,0.52,0.3,0.3,0,0.5,10,9.5,10,rrt_20260807_055659_299.png
20260807_055701_133,2026-08-07 05:57:01,False,10000,80,0.0,0,0.52,0.3,0.3,0,0.5,10,9.5,10,rrt_20260807_055701_133.png
20260807_055701_754,2026-08-07 05:57:01,True,1453,105,17.679999999999993,35,0.52,0.3,0.3,0,0.5,10,9.5,10,rrt_20260807_055701_754.png
20260807_055702_605,2026-08-07 05:57:02,True,3945,94,19.17173392749603,38,0.52,0.3,0.3,0,0.5,10,9.5,10,rrt_20260807_055702_605.png
20260807_055704_218,2026-08-07 05:57:04,False,10000,85,0.0,0,0.52,0.3,0.3,0,0.5,10,9.5,10,rrt_20260807_055704_218.png
20260807_055706_127,2026-08-07 05:57:06,False,10000,90,0.0,0,0.52,0.3,0.3,0,0.5,10,9.5,10,rrt_20260807_055706_127.png
20260807_055708_099,2026-08-07 05:57:08,False,10000,91,0.0,0,0.52,0.3,0.3,0,0.5,10,9.5,10,rrt_20260807_055708_099.png
20260807_055710_209,2026-08-07 05:57:10,False,10000,109,0.0,0,0.52,0.3,0.3,0,0.5,10,9.5,10,rrt_20260807_055710_209.png
20260807_055711_697,2026-08-07 05:57:11,False,10000,50,0.0,0,0.52,0.3,0.3,0,0.5,10,9.5,10,rrt_20260807_055711_697.png
20260807_055713_720,2026-08-07 05:57:13,False,10000,79,0.0,0,0.52,0.3,0.3,0,0.5,10,9.5,10,rrt_20260807_055713_720.png
20260807_055714_238,2026-08-07 05:57:14,True,748,77,18.199999999999992,36,0.52,0.3,0.3,0,0.5,10,9.5,10,rrt_20260807_055714_238.png
20260807_055716_323,2026-08-07 05:57:16,False,10000,127,0.0,0,0.52,0.3,0.3,0,0.5,10,9.5,10,rrt_20260807_055716_323.png
20260807_055718_511,2026-08-07 05:57:18,False,10000,104,0.0,0,0.52,0.3,0.3,0,0.5,10,9.5,10,rrt_20260807_055718_511.png
20260807_055720_165,2026-08-07 05:57:20,False,10000,92,0.0,0,0.52,0.3,0.3,0,0.5,10,9.5,10,rrt_20260807_055720_165.png
20260807_055720_742,2026-08-07 05:57:20,True,584,58,19.239999999999995,38,0.52,0.3,0.3,0,0.5,10,9.5,10,rrt_20260807_055720_742.png
20260807_055722_433,2026-08-07 05:57:22,False,10000,98,0.0,0,0.52,0.3,0.3,0,0.5,10,9.5,10,rrt_20260807_055722_433.png
20260807_055724_453,2026-08-07 05:57:24,False,10000,132,0.0,0,0.52,0.3,0.3,0,0.5,10,9.5,10,rrt_20260807_055724_453.png
20260807_055724_969,2026-08-07 05:57:24,True,554,57,18.147473677114927,36,0.52,0.3,0.3,0,0.5,10,9.5,10,rrt_20260807_055724_969.png
20260807_055727_019,2026-08-07 05:57:27,False,10000,91,0.0,0,0.52,0.3,0.3,0,0.5,10,9.5,10,rrt_20260807_055727_019.png
20260807_055727_738,2026-08-07 05:57:27,True,2224,122,18.686190326141418,37,0.52,0.3,0.3,0,0.5,10,9.5,10,rrt_20260807_055727_738.png
20260807_055728_228,2026-08-07 05:57:28,True,742,68,19.670564274797925,39,0.52,0.3,0.3,0,0.5,10,9.5,10,rrt_20260807_055728_228.png
20260807_055730_038,2026-08-07 05:57:30,False,10000,111,0.0,0,0.52,0.3,0.3,0,0.5,10,9.5,10,rrt_20260807_055730_038.png
20260807_055731_855,2026-08-07 05:57:31,False,10000,82,0.0,0,0.52,0.3,0.3,0,0.5,10,9.5,10,rrt_20260807_055731_855.png
20260807_055733_908,2026-08-07 05:57:33,False,10000,113,0.0,0,0.52,0.4,0.3,0,0.5,10,9.5,10,rrt_20260807_055733_908.png
20260807_055735_850,2026-08-07 05:57:35,False,10000,117,0.0,0,0.52,0.4,0.3,0,0.5,10,9.5,10,rrt_20260807_055735_850.png
20260807_055736_715,2026-08-07 05:57:36,True,2786,141,18.12484146177676,36,0.52,0.4,0.3,0,0.5,10,9.5,10,rrt_20260807_055736_715.png
20260807_055737_515,2026-08-07 05:57:37,True,1589,116,17.097286121851905,34,0.52,0.4,0.3,0,0.5,10,9.5,10,rrt_20260807_055737_515.png
20260807_055738_116,2026-08-07 05:57:38,True,1587,94,17.679999999999996,35,0.52,0.4,0.3,0,0.5,10,9.5,10,rrt_20260807_055738_116.png
20260807_055739_430,2026-08-07 05:57:39,False,10000,41,0.0,0,0.52,0.4,0.3,0,0.5,10,9.5,10,rrt_20260807_055739_430.png
20260807_055740_030,2026-08-07 05:57:40,True,1378,106,17.159999999999993,34,0.52,0.4,0.3,0,0.5,10,9.5,10,rrt_20260807_055740_030.png
20260807_055740_794,2026-08-07 05:57:40,True,2248,116,17.604371305558054,35,0.52,0.4,0.3,0,0.5,10,9.5,10,rrt_20260807_055740_794.png
20260807_055741_956,2026-08-07 05:57:41,False,10000,50,0.0,0,0.52,0.4,0.3,0,0.5,10,9.5,10,rrt_20260807_055741_956.png
20260807_055743_985,2026-08-07 05:57:43,False,10000,127,0.0,0,0.52,0.4,0.3,0,0.5,10,9.5,10,rrt_20260807_055743_985.png
20260807_055745_751,2026-08-07 05:57:45,False,10000,97,0.0,0,0.52,0.4,0.3,0,0.5,10,9.5,10,rrt_20260807_055745_751.png
20260807_055746_367,2026-08-07 05:57:46,True,1667,90,20.279999999999994,40,0.52,0.4,0.3,0,0.5,10,9.5,10,rrt_20260807_055746_367.png
20260807_055748_415,2026-08-07 05:57:48,False,10000,76,0.0,0,0.52,0.4,0.3,0,0.5,10,9.5,10,rrt_20260807_055748_415.png
20260807_055749_228,2026-08-07 05:57:49,True,2522,112,17.08171427598449,34,0.52,0.4,0.3,0,0.5,10,9.5,10,rrt_20260807_055749_228.png
20260807_055751_176,2026-08-07 05:57:51,False,10000,100,0.0,0,0.52,0.4,0.3,0,0.5,10,9.5,10,rrt_20260807_055751_176.png
20260807_055753_046,2026-08-07 05:57:53,False,10000,109,0.0,0,0.52,0.4,0.3,0,0.5,10,9.5,10,rrt_20260807_055753_046.png
20260807_055754_617,2026-08-07 05:57:54,False,10000,77,0.0,0,0.52,0.4,0.3,0,0.5,10,9.5,10,rrt_20260807_055754_617.png
20260807_055756_346,2026-08-07 05:57:56,False,10000,93,0.0,0,0.52,0.4,0.3,0,0.5,10,9.5,10,rrt_20260807_055756_346.png
20260807_055756_894,2026-08-07 05:57:56,True,902,90,16.625136477930607,33,0.52,0.4,0.3,0,0.5,10,9.5,10,rrt_20260807_055756_894.png
20260807_055758_835,2026-08-07 05:57:58,False,10000,101,0.0,0,0.52,0.4,0.3,0,0.5,10,9.5,10,rrt_20260807_055758_835.png
20260807_055800_915,2026-08-07 05:58:00,False,10000,109,0.0,0,0.52,0.4,0.3,0,0.5,10,9.5,10,rrt_20260807_055800_915.png
20260807_055803_112,2026-08-07 05:58:03,False,10000,101,0.0,0,0.52,0.4,0.3,0,0.5,10,9.5,10,rrt_20260807_055803_112.png
20260807_055803_593,2026-08-07 05:58:03,True,374,53,18.705520418008113,37,0.52,0.4,0.3,0,0.5,10,9.5,10,rrt_20260807_055803_593.png
20260807_055804_023,2026-08-07 05:58:04,True,391,69,16.639999999999997,33,0.52,0.4,0.3,0,0.5,10,9.5,10,rrt_20260807_055804_023.png
20260807_055804_471,2026-08-07 05:58:04,True,476,62,18.199999999999992,36,0.52,0.4,0.3,0,0.5,10,9.5,10,rrt_20260807_055804_471.png
20260807_055806_175,2026-08-07 05:58:06,False,10000,99,0.0,0,0.52,0.4,0.3,0,0.5,10,9.5,10,rrt_20260807_055806_175.png
20260807_055808_130,2026-08-07 05:58:08,False,10000,112,0.0,0,0.52,0.4,0.3,0,0.5,10,9.5,10,rrt_20260807_055808_130.png
20260807_055810_215,2026-08-07 05:58:10,False,10000,129,0.0,0,0.52,0.4,0.3,0,0.5,10,9.5,10,rrt_20260807_055810_215.png
20260807_055810_851,2026-08-07 05:58:10,True,582,90,18.10869988131358,36,0.52,0.4,0.3,0,0.5,10,9.5,10,rrt_20260807_055810_851.png
20260807_055812_819,2026-08-07 05:58:12,False,10000,120,0.0,0,0.52,0.4,0.3,0,0.5,10,9.5,10,rrt_20260807_055812_819.png
20260807_055813_604,2026-08-07 05:58:13,True,420,64,16.639999999999993,33,0.52,0.4,0.3,0,0.5,10,9.5,10,rrt_20260807_055813_604.png
20260807_055815_434,2026-08-07 05:58:15,False,10000,109,0.0,0,0.52,0.4,0.3,0,0.5,10,9.5,10,rrt_20260807_055815_434.png
20260807_055817_323,2026-08-07 05:58:17,False,10000,111,0.0,0,0.52,0.4,0.3,0,0.5,10,9.5,10,rrt_20260807_055817_323.png
20260807_055819_521,2026-08-07 05:58:19,False,10000,119,0.0,0,0.52,0.4,0.3,0,0.5,10,9.5,10,rrt_20260807_055819_521.png
20260807_055821_291,2026-08-07 05:58:21,False,10000,101,0.0,0,0.52,0.4,0.3,0,0.5,10,9.5,10,rrt_20260807_055821_291.png
20260807_055823_092,2026-08-07 05:58:23,False,10000,88,0.0,0,0.52,0.4,0.3,0,0.5,10,9.5,10,rrt_20260807_055823_092.png
20260807_055825_191,2026-08-07 05:58:25,False,10000,114,0.0,0,0.52,0.4,0.3,0,0.5,10,9.5,10,rrt_20260807_055825_191.png
20260807_055826_334,2026-08-07 05:58:26,False,10000,43,0.0,0,0.52,0.4,0.3,0,0.5,10,9.5,10,rrt_20260807_055826_334.png
20260807_055828_404,2026-08-07 05:58:28,False,10000,134,0.0,0,0.52,0.4,0.3,0,0.5,10,9.5,10,rrt_20260807_055828_404.png
20260807_055829_854,2026-08-07 05:58:29,False,10000,50,0.0,0,0.52,0.4,0.3,0,0.5,10,9.5,10,rrt_20260807_055829_854.png
20260807_055832_200,2026-08-07 05:58:32,False,10000,143,0.0,0,0.52,0.4,0.3,0,0.5,10,9.5,10,rrt_20260807_055832_200.png
20260807_055833_932,2026-08-07 05:58:33,False,10000,91,0.0,0,0.52,0.4,0.3,0,0.5,10,9.5,10,rrt_20260807_055833_932.png
20260807_055834_878,2026-08-07 05:58:34,True,3301,142,17.60624163379037,35,0.52,0.4,0.3,0,0.5,10,9.5,10,rrt_20260807_055834_878.png
20260807_055836_866,2026-08-07 05:58:36,False,10000,104,0.0,0,0.52,0.4,0.3,0,0.5,10,9.5,10,rrt_20260807_055836_866.png
20260807_055839_070,2026-08-07 05:58:39,False,10000,115,0.0,0,0.52,0.4,0.3,0,0.5,10,9.5,10,rrt_20260807_055839_070.png
20260807_055841_017,2026-08-07 05:58:41,False,10000,112,0.0,0,0.52,0.4,0.3,0,0.5,10,9.5,10,rrt_20260807_055841_017.png
20260807_055842_692,2026-08-07 05:58:42,False,10000,86,0.0,0,0.52,0.4,0.3,0,0.5,10,9.5,10,rrt_20260807_055842_692.png
20260807_055844_449,2026-08-07 05:58:44,False,10000,99,0.0,0,0.52,0.4,0.3,0,0.5,10,9.5,10,rrt_20260807_055844_449.png
20260807_055845_265,2026-08-07 05:58:45,True,1045,97,17.609393782839668,35,0.52,0.4,0.3,0,0.5,10,9.5,10,rrt_20260807_055845_265.png
20260807_055847_096,2026-08-07 05:58:47,False,10000,78,0.0,0,0.52,0.4,0.3,0,0.5,10,9.5,10,rrt_20260807_055847_096.png
20260807_055847_814,2026-08-07 05:58:47,True,1922,119,16.602925021250922,33,0.52,0.4,0.3,0,0.5,10,9.5,10,rrt_20260807_055847_814.png
20260807_055849_673,2026-08-07 05:58:49,False,10000,112,0.0,0,0.52,0.4,0.3,0,0.5,10,9.5,10,rrt_20260807_055849_673.png
20260807_055851_408,2026-08-07 05:58:51,False,10000,95,0.0,0,0.52,0.4,0.3,0,0.5,10,9.5,10,rrt_20260807_055851_408.png
20260807_055852_100,2026-08-07 05:58:52,True,2207,94,17.679999999999996,35,0.52,0.4,0.3,0,0.5,10,9.5,10,rrt_20260807_055852_100.png
20260807_055852_783,2026-08-07 05:58:52,True,2061,118,17.159999999999997,34,0.52,0.4,0.3,0,0.5,10,9.5,10,rrt_20260807_055852_783.png
20260807_055854_763,2026-08-07 05:58:54,False,10000,123,0.0,0,0.52,0.4,0.3,0,0.5,10,9.5,10,rrt_20260807_055854_763.png
20260807_055856_625,2026-08-07 05:58:56,False,10000,107,0.0,0,0.52,0.4,0.3,0,0.5,10,9.5,10,rrt_20260807_055856_625.png
20260807_055858_737,2026-08-07 05:58:58,False,10000,108,0.0,0,0.52,0.4,0.3,0,0.5,10,9.5,10,rrt_20260807_055858_737.png
20260807_055859_517,2026-08-07 05:58:59,True,2199,113,18.656255040731192,37,0.52,0.4,0.3,0,0.5,10,9.5,10,rrt_20260807_055859_517.png
20260807_055901_205,2026-08-07 05:59:01,False,10000,93,0.0,0,0.52,0.4,0.3,0,0.5,10,9.5,10,rrt_20260807_055901_205.png
20260807_055903_388,2026-08-07 05:59:03,False,10000,124,0.0,0,0.52,0.4,0.3,0,0.5,10,9.5,10,rrt_20260807_055903_388.png
20260807_055905_153,2026-08-07 05:59:05,False,10000,99,0.0,0,0.52,0.4,0.3,0,0.5,10,9.5,10,rrt_20260807_055905_153.png
20260807_055907_229,2026-08-07 05:59:07,False,10000,117,0.0,0,0.52,0.4,0.3,0,0.5,10,9.5,10,rrt_20260807_055907_229.png
20260807_055909_232,2026-08-07 05:59:09,False,10000,102,0.0,0,0.52,0.4,0.3,0,0.5,10,9.5,10,rrt_20260807_055909_232.png
20260807_055911_228,2026-08-07 05:59:11,False,10000,96,0.0,0,0.52,0.4,0.3,0,0.5,10,9.5,10,rrt_20260807_055911_228.png
20260807_055912_112,2026-08-07 05:59:12,True,2122,104,19.704831648177787,39,0.52,0.4,0.3,0,0.5,10,9.5,10,rrt_20260807_055912_112.png
20260807_055913_932,2026-08-07 05:59:13,False,10000,107,0.0,0,0.52,0.4,0.3,0,0.5,10,9.5,10,rrt_20260807_055913_932.png
20260807_055915_899,2026-08-07 05:59:15,False,10000,99,0.0,0,0.52,0.4,0.3,0,0.5,10,9.5,10,rrt_20260807_055915_899.png
20260807_055917_523,2026-08-07 05:59:17,False,10000,85,0.0,0,0.52,0.4,0.3,0,0.5,10,9.5,10,rrt_20260807_055917_523.png
20260807_055919_010,2026-08-07 05:59:19,False,10000,72,0.0,0,0.52,0.4,0.3,0,0.5,10,9.5,10,rrt_20260807_055919_010.png
20260807_055920_747,2026-08-07 05:59:20,False,10000,96,0.0,0,0.52,0.4,0.3,0,0.5,10,9.5,10,rrt_20260807_055920_747.png
20260807_055921_867,2026-08-07 05:59:21,False,10000,43,0.0,0,0.52,0.4,0.3,0,0.5,10,9.5,10,rrt_20260807_055921_867.png
20260807_055923_759,2026-08-07 05:59:23,False,10000,91,0.0,0,0.52,0.4,0.3,0,0.5,10,9.5,10,rrt_20260807_055923_759.png
20260807_055925_560,2026-08-07 05:59:25,False,10000,93,0.0,0,0.52,0.4,0.3,0,0.5,10,9.5,10,rrt_20260807_055925_560.png
20260807_055927_552,2026-08-07 05:59:27,False,10000,77,0.0,0,0.52,0.4,0.3,0,0.5,10,9.5,10,rrt_20260807_055927_552.png
20260807_055928_229,2026-08-07 05:59:28,True,1720,113,17.48515342383619,35,0.52,0.4,0.3,0,0.5,10,9.5,10,rrt_20260807_055928_229.png
20260807_055929_786,2026-08-07 05:59:29,False,10000,81,0.0,0,0.52,0.4,0.3,0,0.5,10,9.5,10,rrt_20260807_055929_786.png
20260807_055931_680,2026-08-07 05:59:31,False,10000,90,0.0,0,0.52,0.4,0.3,0,0.5,10,9.5,10,rrt_20260807_055931_680.png
20260807_055932_222,2026-08-07 05:59:32,True,712,75,16.600084976978533,33,0.52,0.4,0.3,0,0.5,10,9.5,10,rrt_20260807_055932_222.png
20260807_055934_091,2026-08-07 05:59:34,False,10000,100,0.0,0,0.52,0.4,0.3,0,0.5,10,9.5,10,rrt_20260807_055934_091.png
20260807_055935_958,2026-08-07 05:59:35,False,10000,108,0.0,0,0.52,0.4,0.3,0,0.5,10,9.5,10,rrt_20260807_055935_958.png
20260807_055937_245,2026-08-07 05:59:37,False,10000,51,0.0,0,0.52,0.4,0.3,0,0.5,10,9.5,10,rrt_20260807_055937_245.png
20260807_055938_211,2026-08-07 05:59:38,True,4108,112,18.719999999999995,37,0.52,0.4,0.3,0,0.5,10,9.5,10,rrt_20260807_055938_211.png
20260807_055940_285,2026-08-07 05:59:40,False,10000,110,0.0,0,0.52,0.4,0.3,0,0.5,10,9.5,10,rrt_20260807_055940_285.png
20260807_055942_204,2026-08-07 05:59:42,False,10000,98,0.0,0,0.52,0.4,0.3,0,0.5,10,9.5,10,rrt_20260807_055942_204.png
20260807_055944_103,2026-08-07 05:59:44,False,10000,90,0.0,0,0.52,0.4,0.3,0,0.5,10,9.5,10,rrt_20260807_055944_103.png
20260807_055945_925,2026-08-07 05:59:45,False,10000,104,0.0,0,0.52,0.4,0.3,0,0.5,10,9.5,10,rrt_20260807_055945_925.png
20260807_055947_826,2026-08-07 05:59:47,False,10000,113,0.0,0,0.52,0.4,0.3,0,0.5,10,9.5,10,rrt_20260807_055947_826.png
20260807_055948_956,2026-08-07 05:59:48,False,10000,43,0.0,0,0.52,0.4,0.3,0,0.5,10,9.5,10,rrt_20260807_055948_956.png
20260807_055950_142,2026-08-07 05:59:50,False,10000,50,0.0,0,0.52,0.4,0.3,0,0.5,10,9.5,10,rrt_20260807_055950_142.png
20260807_055950_811,2026-08-07 05:59:50,True,1897,109,18.168460179504628,36,0.52,0.4,0.3,0,0.5,10,9.5,10,rrt_20260807_055950_811.png
20260807_055951_282,2026-08-07 05:59:51,True,647,77,20.79999999999999,41,0.52,0.4,0.3,0,0.5,10,9.5,10,rrt_20260807_055951_282.png
20260807_055953_243,2026-08-07 05:59:53,False,10000,103,0.0,0,0.52,0.4,0.3,0,0.5,10,9.5,10,rrt_20260807_055953_243.png
20260807_055955_175,2026-08-07 05:59:55,False,10000,92,0.0,0,0.52,0.4,0.3,0,0.5,10,9.5,10,rrt_20260807_055955_175.png
20260807_055956_969,2026-08-07 05:59:56,False,10000,99,0.0,0,0.52,0.4,0.3,0,0.5,10,9.5,10,rrt_20260807_055956_969.png
20260807_055957_470,2026-08-07 05:59:57,True,616,80,20.79999999999999,41,0.52,0.4,0.3,0,0.5,10,9.5,10,rrt_20260807_055957_470.png
20260807_055959_094,2026-08-07 05:59:59,False,10000,69,0.0,0,0.52,0.4,0.3,0,0.5,10,9.5,10,rrt_20260807_055959_094.png
20260807_060001_016,2026-08-07 06:00:01,False,10000,110,0.0,0,0.52,0.4,0.3,0,0.5,10,9.5,10,rrt_20260807_060001_016.png
20260807_060002_555,2026-08-07 06:00:02,False,10000,76,0.0,0,0.52,0.4,0.3,0,0.5,10,9.5,10,rrt_20260807_060002_555.png
20260807_060004_201,2026-08-07 06:00:04,False,10000,82,0.0,0,0.52,0.4,0.3,0,0.5,10,9.5,10,rrt_20260807_060004_201.png
20260807_060005_759,2026-08-07 06:00:05,False,10000,74,0.0,0,0.52,0.5,0.3,0,0.5,10,9.5,10,rrt_20260807_060005_759.png
20260807_060006_786,2026-08-07 06:00:06,True,2638,105,20.20427296459343,40,0.52,0.5,0.3,0,0.5,10,9.5,10,rrt_20260807_060006_786.png
20260807_060007_463,2026-08-07 06:00:07,True,1318,109,17.117599515931396,34,0.52,0.5,0.3,0,0.5,10,9.5,10,rrt_20260807_060007_463.png
20260807_060009_523,2026-08-07 06:00:09,False,10000,112,0.0,0,0.52,0.5,0.3,0,0.5,10,9.5,10,rrt_20260807_060009_523.png
20260807_060011_436,2026-08-07 06:00:11,False,10000,104,0.0,0,0.52,0.5,0.3,0,0.5,10,9.5,10,rrt_20260807_060011_436.png
20260807_060013_381,2026-08-07 06:00:13,False,10000,106,0.0,0,0.52,0.5,0.3,0,0.5,10,9.5,10,rrt_20260807_060013_381.png
20260807_060014_836,2026-08-07 06:00:14,False,10000,62,0.0,0,0.52,0.5,0.3,0,0.5,10,9.5,10,rrt_20260807_060014_836.png
20260807_060017_281,2026-08-07 06:00:17,False,10000,148,0.0,0,0.52,0.5,0.3,0,0.5,10,9.5,10,rrt_20260807_060017_281.png
20260807_060018_254,2026-08-07 06:00:18,True,1122,86,19.75999999999999,39,0.52,0.5,0.3,0,0.5,10,9.5,10,rrt_20260807_060018_254.png
20260807_060019_917,2026-08-07 06:00:19,False,10000,87,0.0,0,0.52,0.5,0.3,0,0.5,10,9.5,10,rrt_20260807_060019_917.png
20260807_060022_103,2026-08-07 06:00:22,False,10000,105,0.0,0,0.52,0.5,0.3,0,0.5,10,9.5,10,rrt_20260807_060022_103.png
20260807_060022_623,2026-08-07 06:00:22,True,633,97,19.735240452729105,39,0.52,0.5,0.3,0,0.5,10,9.5,10,rrt_20260807_060022_623.png
20260807_060024_157,2026-08-07 06:00:24,False,10000,85,0.0,0,0.52,0.5,0.3,0,0.5,10,9.5,10,rrt_20260807_060024_157.png
20260807_060024_803,2026-08-07 06:00:24,True,1423,105,18.199999999999992,36,0.52,0.5,0.3,0,0.5,10,9.5,10,rrt_20260807_060024_803.png
20260807_060026_824,2026-08-07 06:00:26,False,10000,127,0.0,0,0.52,0.5,0.3,0,0.5,10,9.5,10,rrt_20260807_060026_824.png
20260807_060028_677,2026-08-07 06:00:28,False,10000,107,0.0,0,0.52,0.5,0.3,0,0.5,10,9.5,10,rrt_20260807_060028_677.png
20260807_060030_803,2026-08-07 06:00:30,False,10000,109,0.0,0,0.52,0.5,0.3,0,0.5,10,9.5,10,rrt_20260807_060030_803.png
20260807_060033_109,2026-08-07 06:00:33,False,10000,139,0.0,0,0.52,0.5,0.3,0,0.5,10,9.5,10,rrt_20260807_060033_109.png
20260807_060033_958,2026-08-07 06:00:33,True,3262,100,18.666638708590682,37,0.52,0.5,0.3,0,0.5,10,9.5,10,rrt_20260807_060033_958.png
20260807_060036_284,2026-08-07 06:00:36,False,10000,120,0.0,0,0.52,0.5,0.3,0,0.5,10,9.5,10,rrt_20260807_060036_284.png
20260807_060038_503,2026-08-07 06:00:38,False,10000,140,0.0,0,0.52,0.5,0.3,0,0.5,10,9.5,10,rrt_20260807_060038_503.png
20260807_060040_497,2026-08-07 06:00:40,False,10000,103,0.0,0,0.52,0.5,0.3,0,0.5,10,9.5,10,rrt_20260807_060040_497.png
20260807_060042_199,2026-08-07 06:00:42,False,10000,83,0.0,0,0.52,0.5,0.3,0,0.5,10,9.5,10,rrt_20260807_060042_199.png
20260807_060043_989,2026-08-07 06:00:43,False,10000,99,0.0,0,0.52,0.5,0.3,0,0.5,10,9.5,10,rrt_20260807_060043_989.png
20260807_060044_725,2026-08-07 06:00:44,True,2269,100,17.12104427925803,34,0.52,0.5,0.3,0,0.5,10,9.5,10,rrt_20260807_060044_725.png
20260807_060046_753,2026-08-07 06:00:46,False,10000,108,0.0,0,0.52,0.5,0.3,0,0.5,10,9.5,10,rrt_20260807_060046_753.png
20260807_060048_662,2026-08-07 06:00:48,False,10000,111,0.0,0,0.52,0.5,0.3,0,0.5,10,9.5,10,rrt_20260807_060048_662.png
20260807_060050_490,2026-08-07 06:00:50,False,10000,87,0.0,0,0.52,0.5,0.3,0,0.5,10,9.5,10,rrt_20260807_060050_490.png
20260807_060052_381,2026-08-07 06:00:52,False,10000,90,0.0,0,0.52,0.5,0.3,0,0.5,10,9.5,10,rrt_20260807_060052_381.png
20260807_060054_137,2026-08-07 06:00:54,False,10000,97,0.0,0,0.52,0.5,0.3,0,0.5,10,9.5,10,rrt_20260807_060054_137.png
20260807_060055_713,2026-08-07 06:00:55,False,10000,69,0.0,0,0.52,0.5,0.3,0,0.5,10,9.5,10,rrt_20260807_060055_713.png
20260807_060057_375,2026-08-07 06:00:57,False,10000,83,0.0,0,0.52,0.5,0.3,0,0.5,10,9.5,10,rrt_20260807_060057_375.png
20260807_060058_591,2026-08-07 06:00:58,False,10000,51,0.0,0,0.52,0.5,0.3,0,0.5,10,9.5,10,rrt_20260807_060058_591.png
20260807_060059_206,2026-08-07 06:00:59,True,1445,95,17.679999999999993,35,0.52,0.5,0.3,0,0.5,10,9.5,10,rrt_20260807_060059_206.png
20260807_060059_874,2026-08-07 06:00:59,True,1058,108,17.67400712610525,35,0.52,0.5,0.3,0,0.5,10,9.5,10,rrt_20260807_060059_874.png
20260807_060100_772,2026-08-07 06:01:00,True,831,92,17.1459857730589,34,0.52,0.5,0.3,0,0.5,10,9.5,10,rrt_20260807_060100_772.png
20260807_060101_432,2026-08-07 06:01:01,True,244,60,17.679999999999996,35,0.52,0.5,0.3,0,0.5,10,9.5,10,rrt_20260807_060101_432.png
20260807_060103_289,2026-08-07 06:01:03,False,10000,101,0.0,0,0.52,0.5,0.3,0,0.5,10,9.5,10,rrt_20260807_060103_289.png
20260807_060105_119,2026-08-07 06:01:05,False,10000,101,0.0,0,0.52,0.5,0.3,0,0.5,10,9.5,10,rrt_20260807_060105_119.png
20260807_060106_973,2026-08-07 06:01:06,False,10000,99,0.0,0,0.52,0.5,0.3,0,0.5,10,9.5,10,rrt_20260807_060106_973.png
20260807_060107_475,2026-08-07 06:01:07,True,480,72,20.79999999999999,41,0.52,0.5,0.3,0,0.5,10,9.5,10,rrt_20260807_060107_475.png
20260807_060109_430,2026-08-07 06:01:09,False,10000,109,0.0,0,0.52,0.5,0.3,0,0.5,10,9.5,10,rrt_20260807_060109_430.png
20260807_060110_686,2026-08-07 06:01:10,False,10000,49,0.0,0,0.52,0.5,0.3,0,0.5,10,9.5,10,rrt_20260807_060110_686.png
20260807_060112_599,2026-08-07 06:01:12,False,10000,104,0.0,0,0.52,0.5,0.3,0,0.5,10,9.5,10,rrt_20260807_060112_599.png
20260807_060114_493,2026-08-07 06:01:14,False,10000,111,0.0,0,0.52,0.5,0.3,0,0.5,10,9.5,10,rrt_20260807_060114_493.png
20260807_060115_674,2026-08-07 06:01:15,True,2535,134,18.127999679382317,36,0.52,0.5,0.3,0,0.5,10,9.5,10,rrt_20260807_060115_674.png
20260807_060117_475,2026-08-07 06:01:17,False,10000,103,0.0,0,0.52,0.5,0.3,0,0.5,10,9.5,10,rrt_20260807_060117_475.png
20260807_060118_973,2026-08-07 06:01:18,False,10000,69,0.0,0,0.52,0.5,0.3,0,0.5,10,9.5,10,rrt_20260807_060118_973.png
20260807_060120_749,2026-08-07 06:01:20,False,10000,101,0.0,0,0.52,0.5,0.3,0,0.5,10,9.5,10,rrt_20260807_060120_749.png
20260807_060121_340,2026-08-07 06:01:21,True,1211,106,19.22819908682735,38,0.52,0.5,0.3,0,0.5,10,9.5,10,rrt_20260807_060121_340.png
20260807_060122_636,2026-08-07 06:01:22,False,10000,49,0.0,0,0.52,0.5,0.3,0,0.5,10,9.5,10,rrt_20260807_060122_636.png
20260807_060124_322,2026-08-07 06:01:24,False,10000,87,0.0,0,0.52,0.5,0.3,0,0.5,10,9.5,10,rrt_20260807_060124_322.png
20260807_060125_123,2026-08-07 06:01:25,True,1832,100,20.749398136402196,41,0.52,0.5,0.3,0,0.5,10,9.5,10,rrt_20260807_060125_123.png
20260807_060126_920,2026-08-07 06:01:26,False,10000,85,0.0,0,0.52,0.5,0.3,0,0.5,10,9.5,10,rrt_20260807_060126_920.png
20260807_060128_962,2026-08-07 06:01:28,False,10000,98,0.0,0,0.52,0.5,0.3,0,0.5,10,9.5,10,rrt_20260807_060128_962.png
20260807_060129_592,2026-08-07 06:01:29,True,1212,81,20.221803366876046,40,0.52,0.5,0.3,0,0.5,10,9.5,10,rrt_20260807_060129_592.png
20260807_060130_177,2026-08-07 06:01:30,True,1151,125,18.195093010074995,36,0.52,0.5,0.3,0,0.5,10,9.5,10,rrt_20260807_060130_177.png
20260807_060131_736,2026-08-07 06:01:31,False,10000,81,0.0,0,0.52,0.5,0.3,0,0.5,10,9.5,10,rrt_20260807_060131_736.png
20260807_060133_807,2026-08-07 06:01:33,False,10000,130,0.0,0,0.52,0.5,0.3,0,0.5,10,9.5,10,rrt_20260807_060133_807.png
20260807_060135_686,2026-08-07 06:01:35,False,10000,106,0.0,0,0.52,0.5,0.3,0,0.5,10,9.5,10,rrt_20260807_060135_686.png
20260807_060136_172,2026-08-07 06:01:36,True,271,69,17.088035820914957,34,0.52,0.5,0.3,0,0.5,10,9.5,10,rrt_20260807_060136_172.png
20260807_060137_438,2026-08-07 06:01:37,False,10000,47,0.0,0,0.52,0.5,0.3,0,0.5,10,9.5,10,rrt_20260807_060137_438.png
20260807_060138_129,2026-08-07 06:01:38,True,1650,152,17.066861005257827,34,0.52,0.5,0.3,0,0.5,10,9.5,10,rrt_20260807_060138_129.png
20260807_060140_197,2026-08-07 06:01:40,False,10000,103,0.0,0,0.52,0.5,0.3,0,0.5,10,9.5,10,rrt_20260807_060140_197.png
20260807_060141_357,2026-08-07 06:01:41,False,10000,48,0.0,0,0.52,0.5,0.3,0,0.5,10,9.5,10,rrt_20260807_060141_357.png
20260807_060142_255,2026-08-07 06:01:42,True,3424,114,18.707948954101518,37,0.52,0.5,0.3,0,0.5,10,9.5,10,rrt_20260807_060142_255.png
20260807_060144_201,2026-08-07 06:01:44,False,10000,110,0.0,0,0.52,0.5,0.3,0,0.5,10,9.5,10,rrt_20260807_060144_201.png
20260807_060145_834,2026-08-07 06:01:45,False,10000,67,0.0,0,0.52,0.5,0.3,0,0.5,10,9.5,10,rrt_20260807_060145_834.png
20260807_060146_757,2026-08-07 06:01:46,True,2308,111,17.16,34,0.52,0.5,0.3,0,0.5,10,9.5,10,rrt_20260807_060146_757.png
20260807_060148_373,2026-08-07 06:01:48,False,10000,87,0.0,0,0.52,0.5,0.3,0,0.5,10,9.5,10,rrt_20260807_060148_373.png
20260807_060149_647,2026-08-07 06:01:49,False,10000,51,0.0,0,0.52,0.5,0.3,0,0.5,10,9.5,10,rrt_20260807_060149_647.png
20260807_060150_294,2026-08-07 06:01:50,True,1468,133,16.063376441795327,32,0.52,0.5,0.3,0,0.5,10,9.5,10,rrt_20260807_060150_294.png
20260807_060152_693,2026-08-07 06:01:52,False,10000,109,0.0,0,0.52,0.5,0.3,0,0.5,10,9.5,10,rrt_20260807_060152_693.png
20260807_060154_425,2026-08-07 06:01:54,False,10000,94,0.0,0,0.52,0.5,0.3,0,0.5,10,9.5,10,rrt_20260807_060154_425.png
20260807_060156_087,2026-08-07 06:01:56,False,10000,86,0.0,0,0.52,0.5,0.3,0,0.5,10,9.5,10,rrt_20260807_060156_087.png
20260807_060157_927,2026-08-07 06:01:57,False,10000,102,0.0,0,0.52,0.5,0.3,0,0.5,10,9.5,10,rrt_20260807_060157_927.png
20260807_060159_689,2026-08-07 06:01:59,False,10000,98,0.0,0,0.52,0.5,0.3,0,0.5,10,9.5,10,rrt_20260807_060159_689.png
20260807_060201_676,2026-08-07 06:02:01,False,10000,113,0.0,0,0.52,0.5,0.3,0,0.5,10,9.5,10,rrt_20260807_060201_676.png
20260807_060202_445,2026-08-07 06:02:02,True,2297,119,17.68,35,0.52,0.5,0.3,0,0.5,10,9.5,10,rrt_20260807_060202_445.png
20260807_060203_893,2026-08-07 06:02:03,False,10000,67,0.0,0,0.52,0.5,0.3,0,0.5,10,9.5,10,rrt_20260807_060203_893.png
20260807_060205_773,2026-08-07 06:02:05,False,10000,110,0.0,0,0.52,0.5,0.3,0,0.5,10,9.5,10,rrt_20260807_060205_773.png
20260807_060207_311,2026-08-07 06:02:07,True,4403,110,18.199999999999992,36,0.52,0.5,0.3,0,0.5,10,9.5,10,rrt_20260807_060207_311.png
20260807_060208_934,2026-08-07 06:02:08,False,10000,83,0.0,0,0.52,0.5,0.3,0,0.5,10,9.5,10,rrt_20260807_060208_934.png
20260807_060210_895,2026-08-07 06:02:10,False,10000,111,0.0,0,0.52,0.5,0.3,0,0.5,10,9.5,10,rrt_20260807_060210_895.png
20260807_060212_871,2026-08-07 06:02:12,False,10000,98,0.0,0,0.52,0.5,0.3,0,0.5,10,9.5,10,rrt_20260807_060212_871.png
20260807_060214_631,2026-08-07 06:02:14,False,10000,98,0.0,0,0.52,0.5,0.3,0,0.5,10,9.5,10,rrt_20260807_060214_631.png
20260807_060215_550,2026-08-07 06:02:15,True,2749,109,17.09157015234006,34,0.52,0.5,0.3,0,0.5,10,9.5,10,rrt_20260807_060215_550.png
20260807_060217_259,2026-08-07 06:02:17,False,10000,97,0.0,0,0.52,0.5,0.3,0,0.5,10,9.5,10,rrt_20260807_060217_259.png
20260807_060217_828,2026-08-07 06:02:17,True,1037,98,17.529626019503745,35,0.52,0.5,0.3,0,0.5,10,9.5,10,rrt_20260807_060217_828.png
20260807_060219_441,2026-08-07 06:02:19,False,10000,88,0.0,0,0.52,0.5,0.3,0,0.5,10,9.5,10,rrt_20260807_060219_441.png
20260807_060221_698,2026-08-07 06:02:21,False,10000,79,0.0,0,0.52,0.5,0.3,0,0.5,10,9.5,10,rrt_20260807_060221_698.png
20260807_060223_709,2026-08-07 06:02:23,False,10000,121,0.0,0,0.52,0.5,0.3,0,0.5,10,9.5,10,rrt_20260807_060223_709.png
20260807_060225_908,2026-08-07 06:02:25,False,10000,143,0.0,0,0.52,0.5,0.3,0,0.5,10,9.5,10,rrt_20260807_060225_908.png
20260807_060226_699,2026-08-07 06:02:26,True,2492,132,18.696612006274915,37,0.52,0.5,0.3,0,0.5,10,9.5,10,rrt_20260807_060226_699.png
20260807_060228_804,2026-08-07 06:02:28,False,10000,110,0.0,0,0.52,0.5,0.3,0,0.5,10,9.5,10,rrt_20260807_060228_804.png
20260807_060230_658,2026-08-07 06:02:30,False,10000,88,0.0,0,0.52,0.5,0.3,0,0.5,10,9.5,10,rrt_20260807_060230_658.png
20260807_060233_047,2026-08-07 06:02:33,False,10000,116,0.0,0,0.52,0.5,0.3,0,0.5,10,9.5,10,rrt_20260807_060233_047.png
20260807_060235_190,2026-08-07 06:02:35,False,10000,128,0.0,0,0.52,0.5,0.3,0,0.5,10,9.5,10,rrt_20260807_060235_190.png
20260807_060236_106,2026-08-07 06:02:36,True,1868,98,18.650311715708394,37,0.52,0.5,0.3,0,0.5,10,9.5,10,rrt_20260807_060236_106.png
20260807_060236_566,2026-08-07 06:02:36,True,328,70,17.679999999999993,35,0.52,0.5,0.3,0,0.5,10,9.5,10,rrt_20260807_060236_566.png
20260807_060238_338,2026-08-07 06:02:38,False,10000,101,0.0,0,0.52,0.6,0.3,0,0.5,10,9.5,10,rrt_20260807_060238_338.png
20260807_060239_042,2026-08-07 06:02:39,True,1951,105,20.799999999999994,41,0.52,0.6,0.3,0,0.5,10,9.5,10,rrt_20260807_060239_042.png
20260807_060240_883,2026-08-07 06:02:40,False,10000,96,0.0,0,0.52,0.6,0.3,0,0.5,10,9.5,10,rrt_20260807_060240_883.png
20260807_060241_472,2026-08-07 06:02:41,True,1009,121,17.06726623086836,34,0.52,0.6,0.3,0,0.5,10,9.5,10,rrt_20260807_060241_472.png
20260807_060243_180,2026-08-07 06:02:43,False,10000,100,0.0,0,0.52,0.6,0.3,0,0.5,10,9.5,10,rrt_20260807_060243_180.png
20260807_060243_694,2026-08-07 06:02:43,True,524,79,17.62831776379642,35,0.52,0.6,0.3,0,0.5,10,9.5,10,rrt_20260807_060243_694.png
20260807_060245_743,2026-08-07 06:02:45,False,10000,115,0.0,0,0.52,0.6,0.3,0,0.5,10,9.5,10,rrt_20260807_060245_743.png
20260807_060247_731,2026-08-07 06:02:47,False,10000,92,0.0,0,0.52,0.6,0.3,0,0.5,10,9.5,10,rrt_20260807_060247_731.png
20260807_060248_429,2026-08-07 06:02:48,True,1768,104,20.180273463747568,40,0.52,0.6,0.3,0,0.5,10,9.5,10,rrt_20260807_060248_429.png
20260807_060251_026,2026-08-07 06:02:51,False,10000,162,0.0,0,0.52,0.6,0.3,0,0.5,10,9.5,10,rrt_20260807_060251_026.png
20260807_060252_914,2026-08-07 06:02:52,False,10000,100,0.0,0,0.52,0.6,0.3,0,0.5,10,9.5,10,rrt_20260807_060252_914.png
20260807_060254_834,2026-08-07 06:02:54,False,10000,109,0.0,0,0.52,0.6,0.3,0,0.5,10,9.5,10,rrt_20260807_060254_834.png
20260807_060255_539,2026-08-07 06:02:55,True,1967,116,20.27999999999999,40,0.52,0.6,0.3,0,0.5,10,9.5,10,rrt_20260807_060255_539.png
20260807_060257_203,2026-08-07 06:02:57,False,10000,86,0.0,0,0.52,0.6,0.3,0,0.5,10,9.5,10,rrt_20260807_060257_203.png
20260807_060259_278,2026-08-07 06:02:59,False,10000,132,0.0,0,0.52,0.6,0.3,0,0.5,10,9.5,10,rrt_20260807_060259_278.png
20260807_060301_065,2026-08-07 06:03:01,False,10000,96,0.0,0,0.52,0.6,0.3,0,0.5,10,9.5,10,rrt_20260807_060301_065.png
20260807_060303_059,2026-08-07 06:03:03,False,10000,93,0.0,0,0.52,0.6,0.3,0,0.5,10,9.5,10,rrt_20260807_060303_059.png
20260807_060303_756,2026-08-07 06:03:03,True,1529,143,21.29799412753833,42,0.52,0.6,0.3,0,0.5,10,9.5,10,rrt_20260807_060303_756.png
20260807_060305_960,2026-08-07 06:03:05,False,10000,146,0.0,0,0.52,0.6,0.3,0,0.5,10,9.5,10,rrt_20260807_060305_960.png
20260807_060307_677,2026-08-07 06:03:07,False,10000,93,0.0,0,0.52,0.6,0.3,0,0.5,10,9.5,10,rrt_20260807_060307_677.png
20260807_060309_754,2026-08-07 06:03:09,False,10000,126,0.0,0,0.52,0.6,0.3,0,0.5,10,9.5,10,rrt_20260807_060309_754.png
20260807_060311_531,2026-08-07 06:03:11,False,10000,81,0.0,0,0.52,0.6,0.3,0,0.5,10,9.5,10,rrt_20260807_060311_531.png
20260807_060312_189,2026-08-07 06:03:12,True,1528,111,17.624764968871947,35,0.52,0.6,0.3,0,0.5,10,9.5,10,rrt_20260807_060312_189.png
20260807_060313_390,2026-08-07 06:03:13,False,10000,40,0.0,0,0.52,0.6,0.3,0,0.5,10,9.5,10,rrt_20260807_060313_390.png
20260807_060314_050,2026-08-07 06:03:14,True,1756,87,18.719999999999995,37,0.52,0.6,0.3,0,0.5,10,9.5,10,rrt_20260807_060314_050.png
20260807_060316_190,2026-08-07 06:03:16,False,10000,75,0.0,0,0.52,0.6,0.3,0,0.5,10,9.5,10,rrt_20260807_060316_190.png
20260807_060317_914,2026-08-07 06:03:17,False,10000,81,0.0,0,0.52,0.6,0.3,0,0.5,10,9.5,10,rrt_20260807_060317_914.png
20260807_060319_652,2026-08-07 06:03:19,False,10000,91,0.0,0,0.52,0.6,0.3,0,0.5,10,9.5,10,rrt_20260807_060319_652.png
20260807_060321_732,2026-08-07 06:03:21,False,10000,112,0.0,0,0.52,0.6,0.3,0,0.5,10,9.5,10,rrt_20260807_060321_732.png
20260807_060323_474,2026-08-07 06:03:23,False,10000,92,0.0,0,0.52,0.6,0.3,0,0.5,10,9.5,10,rrt_20260807_060323_474.png
20260807_060325_278,2026-08-07 06:03:25,False,10000,89,0.0,0,0.52,0.6,0.3,0,0.5,10,9.5,10,rrt_20260807_060325_278.png
20260807_060327_193,2026-08-07 06:03:27,False,10000,97,0.0,0,0.52,0.6,0.3,0,0.5,10,9.5,10,rrt_20260807_060327_193.png
20260807_060328_381,2026-08-07 06:03:28,False,10000,43,0.0,0,0.52,0.6,0.3,0,0.5,10,9.5,10,rrt_20260807_060328_381.png
20260807_060330_147,2026-08-07 06:03:30,False,10000,85,0.0,0,0.52,0.6,0.3,0,0.5,10,9.5,10,rrt_20260807_060330_147.png
20260807_060332_137,2026-08-07 06:03:32,False,10000,89,0.0,0,0.52,0.6,0.3,0,0.5,10,9.5,10,rrt_20260807_060332_137.png
20260807_060334_327,2026-08-07 06:03:34,False,10000,122,0.0,0,0.52,0.6,0.3,0,0.5,10,9.5,10,rrt_20260807_060334_327.png
20260807_060335_856,2026-08-07 06:03:35,False,10000,72,0.0,0,0.52,0.6,0.3,0,0.5,10,9.5,10,rrt_20260807_060335_856.png
20260807_060337_557,2026-08-07 06:03:37,False,10000,92,0.0,0,0.52,0.6,0.3,0,0.5,10,9.5,10,rrt_20260807_060337_557.png
20260807_060339_714,2026-08-07 06:03:39,False,10000,139,0.0,0,0.52,0.6,0.3,0,0.5,10,9.5,10,rrt_20260807_060339_714.png
20260807_060341_624,2026-08-07 06:03:41,False,10000,88,0.0,0,0.52,0.6,0.3,0,0.5,10,9.5,10,rrt_20260807_060341_624.png
20260807_060342_114,2026-08-07 06:03:42,True,223,56,17.024638179224233,34,0.52,0.6,0.3,0,0.5,10,9.5,10,rrt_20260807_060342_114.png
20260807_060343_521,2026-08-07 06:03:43,False,10000,70,0.0,0,0.52,0.6,0.3,0,0.5,10,9.5,10,rrt_20260807_060343_521.png
20260807_060345_172,2026-08-07 06:03:45,False,10000,88,0.0,0,0.52,0.6,0.3,0,0.5,10,9.5,10,rrt_20260807_060345_172.png
20260807_060347_346,2026-08-07 06:03:47,False,10000,105,0.0,0,0.52,0.6,0.3,0,0.5,10,9.5,10,rrt_20260807_060347_346.png
20260807_060349_245,2026-08-07 06:03:49,False,10000,108,0.0,0,0.52,0.6,0.3,0,0.5,10,9.5,10,rrt_20260807_060349_245.png
20260807_060350_929,2026-08-07 06:03:50,False,10000,70,0.0,0,0.52,0.6,0.3,0,0.5,10,9.5,10,rrt_20260807_060350_929.png
20260807_060352_559,2026-08-07 06:03:52,False,10000,80,0.0,0,0.52,0.6,0.3,0,0.5,10,9.5,10,rrt_20260807_060352_559.png
20260807_060354_531,2026-08-07 06:03:54,False,10000,106,0.0,0,0.52,0.6,0.3,0,0.5,10,9.5,10,rrt_20260807_060354_531.png
20260807_060356_371,2026-08-07 06:03:56,False,10000,103,0.0,0,0.52,0.6,0.3,0,0.5,10,9.5,10,rrt_20260807_060356_371.png
20260807_060358_310,2026-08-07 06:03:58,False,10000,115,0.0,0,0.52,0.6,0.3,0,0.5,10,9.5,10,rrt_20260807_060358_310.png
20260807_060359_562,2026-08-07 06:03:59,False,10000,49,0.0,0,0.52,0.6,0.3,0,0.5,10,9.5,10,rrt_20260807_060359_562.png
20260807_060401_332,2026-08-07 06:04:01,False,10000,100,0.0,0,0.52,0.6,0.3,0,0.5,10,9.5,10,rrt_20260807_060401_332.png
20260807_060403_573,2026-08-07 06:04:03,False,10000,119,0.0,0,0.52,0.6,0.3,0,0.5,10,9.5,10,rrt_20260807_060403_573.png
20260807_060405_718,2026-08-07 06:04:05,False,10000,122,0.0,0,0.52,0.6,0.3,0,0.5,10,9.5,10,rrt_20260807_060405_718.png
20260807_060408_164,2026-08-07 06:04:08,False,10000,150,0.0,0,0.52,0.6,0.3,0,0.5,10,9.5,10,rrt_20260807_060408_164.png
20260807_060410_162,2026-08-07 06:04:10,False,10000,106,0.0,0,0.52,0.6,0.3,0,0.5,10,9.5,10,rrt_20260807_060410_162.png
20260807_060410_848,2026-08-07 06:04:10,True,558,85,17.086864458787268,34,0.52,0.6,0.3,0,0.5,10,9.5,10,rrt_20260807_060410_848.png
20260807_060411_307,2026-08-07 06:04:11,True,413,67,17.491108268230562,35,0.52,0.6,0.3,0,0.5,10,9.5,10,rrt_20260807_060411_307.png
20260807_060413_206,2026-08-07 06:04:13,False,10000,101,0.0,0,0.52,0.6,0.3,0,0.5,10,9.5,10,rrt_20260807_060413_206.png
20260807_060414_981,2026-08-07 06:04:14,False,10000,97,0.0,0,0.52,0.6,0.3,0,0.5,10,9.5,10,rrt_20260807_060414_981.png
20260807_060415_748,2026-08-07 06:04:15,True,1075,107,17.159999999999993,34,0.52,0.6,0.3,0,0.5,10,9.5,10,rrt_20260807_060415_748.png
20260807_060416_612,2026-08-07 06:04:16,True,1350,85,17.679999999999993,35,0.52,0.6,0.3,0,0.5,10,9.5,10,rrt_20260807_060416_612.png
20260807_060417_951,2026-08-07 06:04:17,False,10000,50,0.0,0,0.52,0.6,0.3,0,0.5,10,9.5,10,rrt_20260807_060417_951.png
20260807_060420_076,2026-08-07 06:04:20,False,10000,126,0.0,0,0.52,0.6,0.3,0,0.5,10,9.5,10,rrt_20260807_060420_076.png
20260807_060421_904,2026-08-07 06:04:21,False,10000,85,0.0,0,0.52,0.6,0.3,0,0.5,10,9.5,10,rrt_20260807_060421_904.png
20260807_060423_823,2026-08-07 06:04:23,False,10000,111,0.0,0,0.52,0.6,0.3,0,0.5,10,9.5,10,rrt_20260807_060423_823.png
20260807_060425_564,2026-08-07 06:04:25,False,10000,78,0.0,0,0.52,0.6,0.3,0,0.5,10,9.5,10,rrt_20260807_060425_564.png
20260807_060426_200,2026-08-07 06:04:26,True,1195,107,19.234311454363397,38,0.52,0.6,0.3,0,0.5,10,9.5,10,rrt_20260807_060426_200.png
20260807_060426_787,2026-08-07 06:04:26,True,1244,119,19.240000000000002,38,0.52,0.6,0.3,0,0.5,10,9.5,10,rrt_20260807_060426_787.png
20260807_060429_197,2026-08-07 06:04:29,False,10000,103,0.0,0,0.52,0.6,0.3,0,0.5,10,9.5,10,rrt_20260807_060429_197.png
20260807_060431_171,2026-08-07 06:04:31,False,10000,98,0.0,0,0.52,0.6,0.3,0,0.5,10,9.5,10,rrt_20260807_060431_171.png
20260807_060432_460,2026-08-07 06:04:32,False,10000,46,0.0,0,0.52,0.6,0.3,0,0.5,10,9.5,10,rrt_20260807_060432_460.png
20260807_060434_244,2026-08-07 06:04:34,False,10000,97,0.0,0,0.52,0.6,0.3,0,0.5,10,9.5,10,rrt_20260807_060434_244.png
20260807_060436_201,2026-08-07 06:04:36,False,10000,108,0.0,0,0.52,0.6,0.3,0,0.5,10,9.5,10,rrt_20260807_060436_201.png
20260807_060437_902,2026-08-07 06:04:37,False,10000,92,0.0,0,0.52,0.6,0.3,0,0.5,10,9.5,10,rrt_20260807_060437_902.png
20260807_060438_600,2026-08-07 06:04:38,True,2046,107,18.71999999999999,37,0.52,0.6,0.3,0,0.5,10,9.5,10,rrt_20260807_060438_600.png
20260807_060440_341,2026-08-07 06:04:40,False,10000,99,0.0,0,0.52,0.6,0.3,0,0.5,10,9.5,10,rrt_20260807_060440_341.png
20260807_060442_182,2026-08-07 06:04:42,False,10000,97,0.0,0,0.52,0.6,0.3,0,0.5,10,9.5,10,rrt_20260807_060442_182.png
20260807_060444_047,2026-08-07 06:04:44,False,10000,76,0.0,0,0.52,0.6,0.3,0,0.5,10,9.5,10,rrt_20260807_060444_047.png
20260807_060445_982,2026-08-07 06:04:45,False,10000,110,0.0,0,0.52,0.6,0.3,0,0.5,10,9.5,10,rrt_20260807_060445_982.png
20260807_060446_623,2026-08-07 06:04:46,True,1407,102,17.679999999999993,35,0.52,0.6,0.3,0,0.5,10,9.5,10,rrt_20260807_060446_623.png
20260807_060448_396,2026-08-07 06:04:48,False,10000,86,0.0,0,0.52,0.6,0.3,0,0.5,10,9.5,10,rrt_20260807_060448_396.png
20260807_060449_058,2026-08-07 06:04:49,True,578,76,17.679999999999996,35,0.52,0.6,0.3,0,0.5,10,9.5,10,rrt_20260807_060449_058.png
20260807_060449_615,2026-08-07 06:04:49,True,671,88,18.719999999999995,37,0.52,0.6,0.3,0,0.5,10,9.5,10,rrt_20260807_060449_615.png
20260807_060450_188,2026-08-07 06:04:50,True,1342,115,18.153971403563435,36,0.52,0.6,0.3,0,0.5,10,9.5,10,rrt_20260807_060450_188.png
20260807_060451_936,2026-08-07 06:04:51,False,10000,89,0.0,0,0.52,0.6,0.3,0,0.5,10,9.5,10,rrt_20260807_060451_936.png
20260807_060453_834,2026-08-07 06:04:53,False,10000,107,0.0,0,0.52,0.6,0.3,0,0.5,10,9.5,10,rrt_20260807_060453_834.png
20260807_060455_848,2026-08-07 06:04:55,False,10000,99,0.0,0,0.52,0.6,0.3,0,0.5,10,9.5,10,rrt_20260807_060455_848.png
20260807_060457_599,2026-08-07 06:04:57,False,10000,84,0.0,0,0.52,0.6,0.3,0,0.5,10,9.5,10,rrt_20260807_060457_599.png
20260807_060458_162,2026-08-07 06:04:58,True,1068,114,18.048671051623415,36,0.52,0.6,0.3,0,0.5,10,9.5,10,rrt_20260807_060458_162.png
20260807_060459_858,2026-08-07 06:04:59,False,10000,90,0.0,0,0.52,0.6,0.3,0,0.5,10,9.5,10,rrt_20260807_060459_858.png
20260807_060501_839,2026-08-07 06:05:01,False,10000,90,0.0,0,0.52,0.6,0.3,0,0.5,10,9.5,10,rrt_20260807_060501_839.png
20260807_060503_616,2026-08-07 06:05:03,False,10000,91,0.0,0,0.52,0.6,0.3,0,0.5,10,9.5,10,rrt_20260807_060503_616.png
20260807_060505_732,2026-08-07 06:05:05,False,10000,130,0.0,0,0.52,0.6,0.3,0,0.5,10,9.5,10,rrt_20260807_060505_732.png
20260807_060507_701,2026-08-07 06:05:07,False,10000,115,0.0,0,0.52,0.6,0.3,0,0.5,10,9.5,10,rrt_20260807_060507_701.png
20260807_060509_702,2026-08-07 06:05:09,False,10000,119,0.0,0,0.52,0.6,0.3,0,0.5,10,9.5,10,rrt_20260807_060509_702.png
20260807_060512_122,2026-08-07 06:05:12,False,10000,101,0.0,0,0.52,0.6,0.3,0,0.5,10,9.5,10,rrt_20260807_060512_122.png
20260807_060513_743,2026-08-07 06:05:13,False,10000,80,0.0,0,0.52,0.6,0.3,0,0.5,10,9.5,10,rrt_20260807_060513_743.png
20260807_060514_650,2026-08-07 06:05:14,True,1619,135,17.159999999999997,34,0.52,0.6,0.3,0,0.5,10,9.5,10,rrt_20260807_060514_650.png
20260807_060515_896,2026-08-07 06:05:15,False,10000,51,0.0,0,0.52,0.6,0.3,0,0.5,10,9.5,10,rrt_20260807_060515_896.png
20260807_060516_654,2026-08-07 06:05:16,True,1943,107,18.622180827492002,37,0.52,0.7,0.3,0,0.5,10,9.5,10,rrt_20260807_060516_654.png
20260807_060518_363,2026-08-07 06:05:18,False,10000,92,0.0,0,0.52,0.7,0.3,0,0.5,10,9.5,10,rrt_20260807_060518_363.png
20260807_060520_138,2026-08-07 06:05:20,False,10000,96,0.0,0,0.52,0.7,0.3,0,0.5,10,9.5,10,rrt_20260807_060520_138.png
20260807_060522_084,2026-08-07 06:05:22,False,10000,103,0.0,0,0.52,0.7,0.3,0,0.5,10,9.5,10,rrt_20260807_060522_084.png
20260807_060522_720,2026-08-07 06:05:22,True,1304,100,19.732435842357837,39,0.52,0.7,0.3,0,0.5,10,9.5,10,rrt_20260807_060522_720.png
20260807_060524_648,2026-08-07 06:05:24,False,10000,98,0.0,0,0.52,0.7,0.3,0,0.5,10,9.5,10,rrt_20260807_060524_648.png
20260807_060525_392,2026-08-07 06:05:25,True,2188,118,21.30540059865899,42,0.52,0.7,0.3,0,0.5,10,9.5,10,rrt_20260807_060525_392.png
20260807_060527_445,2026-08-07 06:05:27,False,10000,117,0.0,0,0.52,0.7,0.3,0,0.5,10,9.5,10,rrt_20260807_060527_445.png
20260807_060528_781,2026-08-07 06:05:28,False,10000,47,0.0,0,0.52,0.7,0.3,0,0.5,10,9.5,10,rrt_20260807_060528_781.png
20260807_060530_754,2026-08-07 06:05:30,False,10000,112,0.0,0,0.52,0.7,0.3,0,0.5,10,9.5,10,rrt_20260807_060530_754.png
20260807_060532_273,2026-08-07 06:05:32,False,10000,71,0.0,0,0.52,0.7,0.3,0,0.5,10,9.5,10,rrt_20260807_060532_273.png
20260807_060532_932,2026-08-07 06:05:32,True,1469,120,17.679999999999993,35,0.52,0.7,0.3,0,0.5,10,9.5,10,rrt_20260807_060532_932.png
20260807_060534_564,2026-08-07 06:05:34,False,10000,84,0.0,0,0.52,0.7,0.3,0,0.5,10,9.5,10,rrt_20260807_060534_564.png
20260807_060536_313,2026-08-07 06:05:36,False,10000,78,0.0,0,0.52,0.7,0.3,0,0.5,10,9.5,10,rrt_20260807_060536_313.png
20260807_060538_184,2026-08-07 06:05:38,False,10000,91,0.0,0,0.52,0.7,0.3,0,0.5,10,9.5,10,rrt_20260807_060538_184.png
20260807_060539_924,2026-08-07 06:05:39,False,10000,81,0.0,0,0.52,0.7,0.3,0,0.5,10,9.5,10,rrt_20260807_060539_924.png
20260807_060541_904,2026-08-07 06:05:41,False,10000,115,0.0,0,0.52,0.7,0.3,0,0.5,10,9.5,10,rrt_20260807_060541_904.png
20260807_060543_737,2026-08-07 06:05:43,False,10000,92,0.0,0,0.52,0.7,0.3,0,0.5,10,9.5,10,rrt_20260807_060543_737.png
20260807_060545_718,2026-08-07 06:05:45,False,10000,103,0.0,0,0.52,0.7,0.3,0,0.5,10,9.5,10,rrt_20260807_060545_718.png
20260807_060546_245,2026-08-07 06:05:46,True,583,93,18.713814209940537,37,0.52,0.7,0.3,0,0.5,10,9.5,10,rrt_20260807_060546_245.png
20260807_060547_544,2026-08-07 06:05:47,False,10000,48,0.0,0,0.52,0.7,0.3,0,0.5,10,9.5,10,rrt_20260807_060547_544.png
20260807_060548_120,2026-08-07 06:05:48,True,333,63,16.513207108522536,33,0.52,0.7,0.3,0,0.5,10,9.5,10,rrt_20260807_060548_120.png
20260807_060549_659,2026-08-07 06:05:49,False,10000,78,0.0,0,0.52,0.7,0.3,0,0.5,10,9.5,10,rrt_20260807_060549_659.png
20260807_060551_923,2026-08-07 06:05:51,False,10000,117,0.0,0,0.52,0.7,0.3,0,0.5,10,9.5,10,rrt_20260807_060551_923.png
20260807_060552_641,2026-08-07 06:05:52,True,1843,103,18.6974285382744,37,0.52,0.7,0.3,0,0.5,10,9.5,10,rrt_20260807_060552_641.png
20260807_060553_153,2026-08-07 06:05:53,True,923,80,19.759999999999987,39,0.52,0.7,0.3,0,0.5,10,9.5,10,rrt_20260807_060553_153.png
20260807_060554_989,2026-08-07 06:05:54,False,10000,108,0.0,0,0.52,0.7,0.3,0,0.5,10,9.5,10,rrt_20260807_060554_989.png
20260807_060557_195,2026-08-07 06:05:57,False,10000,125,0.0,0,0.52,0.7,0.3,0,0.5,10,9.5,10,rrt_20260807_060557_195.png
20260807_060559_282,2026-08-07 06:05:59,False,10000,114,0.0,0,0.52,0.7,0.3,0,0.5,10,9.5,10,rrt_20260807_060559_282.png
20260807_060601_158,2026-08-07 06:06:01,False,10000,107,0.0,0,0.52,0.7,0.3,0,0.5,10,9.5,10,rrt_20260807_060601_158.png
20260807_060602_991,2026-08-07 06:06:02,False,10000,97,0.0,0,0.52,0.7,0.3,0,0.5,10,9.5,10,rrt_20260807_060602_991.png
20260807_060604_943,2026-08-07 06:06:04,False,10000,94,0.0,0,0.52,0.7,0.3,0,0.5,10,9.5,10,rrt_20260807_060604_943.png
20260807_060605_445,2026-08-07 06:06:05,True,324,75,20.224763450414926,40,0.52,0.7,0.3,0,0.5,10,9.5,10,rrt_20260807_060605_445.png
20260807_060607_404,2026-08-07 06:06:07,False,10000,123,0.0,0,0.52,0.7,0.3,0,0.5,10,9.5,10,rrt_20260807_060607_404.png
20260807_060609_143,2026-08-07 06:06:09,False,10000,96,0.0,0,0.52,0.7,0.3,0,0.5,10,9.5,10,rrt_20260807_060609_143.png
20260807_060610_813,2026-08-07 06:06:10,False,10000,80,0.0,0,0.52,0.7,0.3,0,0.5,10,9.5,10,rrt_20260807_060610_813.png
20260807_060611_446,2026-08-07 06:06:11,True,1233,93,22.222293258700553,44,0.52,0.7,0.3,0,0.5,10,9.5,10,rrt_20260807_060611_446.png
20260807_060612_801,2026-08-07 06:06:12,False,10000,40,0.0,0,0.52,0.7,0.3,0,0.5,10,9.5,10,rrt_20260807_060612_801.png
20260807_060614_488,2026-08-07 06:06:14,False,10000,79,0.0,0,0.52,0.7,0.3,0,0.5,10,9.5,10,rrt_20260807_060614_488.png
20260807_060615_088,2026-08-07 06:06:15,True,976,71,19.759999999999994,39,0.52,0.7,0.3,0,0.5,10,9.5,10,rrt_20260807_060615_088.png
20260807_060615_925,2026-08-07 06:06:15,True,1263,98,18.694196086501446,37,0.52,0.7,0.3,0,0.5,10,9.5,10,rrt_20260807_060615_925.png
20260807_060617_555,2026-08-07 06:06:17,False,10000,85,0.0,0,0.52,0.7,0.3,0,0.5,10,9.5,10,rrt_20260807_060617_555.png
20260807_060619_390,2026-08-07 06:06:19,False,10000,84,0.0,0,0.52,0.7,0.3,0,0.5,10,9.5,10,rrt_20260807_060619_390.png
20260807_060621_285,2026-08-07 06:06:21,False,10000,105,0.0,0,0.52,0.7,0.3,0,0.5,10,9.5,10,rrt_20260807_060621_285.png
20260807_060622_897,2026-08-07 06:06:22,False,10000,79,0.0,0,0.52,0.7,0.3,0,0.5,10,9.5,10,rrt_20260807_060622_897.png
20260807_060624_522,2026-08-07 06:06:24,False,10000,80,0.0,0,0.52,0.7,0.3,0,0.5,10,9.5,10,rrt_20260807_060624_522.png
20260807_060626_192,2026-08-07 06:06:26,False,10000,83,0.0,0,0.52,0.7,0.3,0,0.5,10,9.5,10,rrt_20260807_060626_192.png
20260807_060628_016,2026-08-07 06:06:28,False,10000,90,0.0,0,0.52,0.7,0.3,0,0.5,10,9.5,10,rrt_20260807_060628_016.png
20260807_060630_333,2026-08-07 06:06:30,False,10000,138,0.0,0,0.52,0.7,0.3,0,0.5,10,9.5,10,rrt_20260807_060630_333.png
20260807_060631_909,2026-08-07 06:06:31,False,10000,43,0.0,0,0.52,0.7,0.3,0,0.5,10,9.5,10,rrt_20260807_060631_909.png
20260807_060633_637,2026-08-07 06:06:33,False,10000,88,0.0,0,0.52,0.7,0.3,0,0.5,10,9.5,10,rrt_20260807_060633_637.png
20260807_060635_490,2026-08-07 06:06:35,False,10000,101,0.0,0,0.52,0.7,0.3,0,0.5,10,9.5,10,rrt_20260807_060635_490.png
20260807_060637_443,2026-08-07 06:06:37,False,10000,101,0.0,0,0.52,0.7,0.3,0,0.5,10,9.5,10,rrt_20260807_060637_443.png
20260807_060638_653,2026-08-07 06:06:38,False,10000,48,0.0,0,0.52,0.7,0.3,0,0.5,10,9.5,10,rrt_20260807_060638_653.png
20260807_060640_570,2026-08-07 06:06:40,False,10000,109,0.0,0,0.52,0.7,0.3,0,0.5,10,9.5,10,rrt_20260807_060640_570.png
20260807_060642_741,2026-08-07 06:06:42,False,10000,97,0.0,0,0.52,0.7,0.3,0,0.5,10,9.5,10,rrt_20260807_060642_741.png
20260807_060643_318,2026-08-07 06:06:43,True,393,73,17.48187547621293,35,0.52,0.7,0.3,0,0.5,10,9.5,10,rrt_20260807_060643_318.png
20260807_060645_019,2026-08-07 06:06:45,False,10000,83,0.0,0,0.52,0.7,0.3,0,0.5,10,9.5,10,rrt_20260807_060645_019.png
20260807_060646_445,2026-08-07 06:06:46,False,10000,40,0.0,0,0.52,0.7,0.3,0,0.5,10,9.5,10,rrt_20260807_060646_445.png
20260807_060648_201,2026-08-07 06:06:48,False,10000,84,0.0,0,0.52,0.7,0.3,0,0.5,10,9.5,10,rrt_20260807_060648_201.png
20260807_060648_846,2026-08-07 06:06:48,True,1436,103,17.618521230199327,35,0.52,0.7,0.3,0,0.5,10,9.5,10,rrt_20260807_060648_846.png
20260807_060650_822,2026-08-07 06:06:50,False,10000,110,0.0,0,0.52,0.7,0.3,0,0.5,10,9.5,10,rrt_20260807_060650_822.png
20260807_060652_183,2026-08-07 06:06:52,False,10000,53,0.0,0,0.52,0.7,0.3,0,0.5,10,9.5,10,rrt_20260807_060652_183.png
20260807_060653_960,2026-08-07 06:06:53,False,10000,94,0.0,0,0.52,0.7,0.3,0,0.5,10,9.5,10,rrt_20260807_060653_960.png
20260807_060655_365,2026-08-07 06:06:55,False,10000,50,0.0,0,0.52,0.7,0.3,0,0.5,10,9.5,10,rrt_20260807_060655_365.png
20260807_060657_101,2026-08-07 06:06:57,False,10000,93,0.0,0,0.52,0.7,0.3,0,0.5,10,9.5,10,rrt_20260807_060657_101.png
20260807_060658_662,2026-08-07 06:06:58,False,10000,70,0.0,0,0.52,0.7,0.3,0,0.5,10,9.5,10,rrt_20260807_060658_662.png
20260807_060659_468,2026-08-07 06:06:59,True,513,74,17.159999999999993,34,0.52,0.7,0.3,0,0.5,10,9.5,10,rrt_20260807_060659_468.png
20260807_060659_958,2026-08-07 06:06:59,True,453,89,17.095379779624423,34,0.52,0.7,0.3,0,0.5,10,9.5,10,rrt_20260807_060659_958.png
20260807_060701_604,2026-08-07 06:07:01,False,10000,88,0.0,0,0.52,0.7,0.3,0,0.5,10,9.5,10,rrt_20260807_060701_604.png
20260807_060703_846,2026-08-07 06:07:03,False,10000,134,0.0,0,0.52,0.7,0.3,0,0.5,10,9.5,10,rrt_20260807_060703_846.png
20260807_060704_749,2026-08-07 06:07:04,True,1685,113,17.679999999999993,35,0.52,0.7,0.3,0,0.5,10,9.5,10,rrt_20260807_060704_749.png
20260807_060706_627,2026-08-07 06:07:06,False,10000,107,0.0,0,0.52,0.7,0.3,0,0.5,10,9.5,10,rrt_20260807_060706_627.png
20260807_060708_446,2026-08-07 06:07:08,False,10000,91,0.0,0,0.52,0.7,0.3,0,0.5,10,9.5,10,rrt_20260807_060708_446.png
20260807_060709_201,2026-08-07 06:07:09,True,2201,110,17.623401546846903,35,0.52,0.7,0.3,0,0.5,10,9.5,10,rrt_20260807_060709_201.png
20260807_060711_299,2026-08-07 06:07:11,False,10000,124,0.0,0,0.52,0.7,0.3,0,0.5,10,9.5,10,rrt_20260807_060711_299.png
20260807_060712_222,2026-08-07 06:07:12,True,1188,125,18.71999999999999,37,0.52,0.7,0.3,0,0.5,10,9.5,10,rrt_20260807_060712_222.png
20260807_060713_889,2026-08-07 06:07:13,False,10000,77,0.0,0,0.52,0.7,0.3,0,0.5,10,9.5,10,rrt_20260807_060713_889.png
20260807_060714_582,2026-08-07 06:07:14,True,1749,103,18.171497621091543,36,0.52,0.7,0.3,0,0.5,10,9.5,10,rrt_20260807_060714_582.png
20260807_060716_425,2026-08-07 06:07:16,False,10000,91,0.0,0,0.52,0.7,0.3,0,0.5,10,9.5,10,rrt_20260807_060716_425.png
20260807_060717_907,2026-08-07 06:07:17,False,10000,62,0.0,0,0.52,0.7,0.3,0,0.5,10,9.5,10,rrt_20260807_060717_907.png
20260807_060719_899,2026-08-07 06:07:19,False,10000,115,0.0,0,0.52,0.7,0.3,0,0.5,10,9.5,10,rrt_20260807_060719_899.png
20260807_060720_395,2026-08-07 06:07:20,True,223,70,18.199999999999996,36,0.52,0.7,0.3,0,0.5,10,9.5,10,rrt_20260807_060720_395.png
20260807_060722_653,2026-08-07 06:07:22,False,10000,145,0.0,0,0.52,0.7,0.3,0,0.5,10,9.5,10,rrt_20260807_060722_653.png
20260807_060723_324,2026-08-07 06:07:23,True,1369,125,18.199999999999992,36,0.52,0.7,0.3,0,0.5,10,9.5,10,rrt_20260807_060723_324.png
20260807_060725_243,2026-08-07 06:07:25,False,10000,83,0.0,0,0.52,0.7,0.3,0,0.5,10,9.5,10,rrt_20260807_060725_243.png
20260807_060727_173,2026-08-07 06:07:27,False,10000,81,0.0,0,0.52,0.7,0.3,0,0.5,10,9.5,10,rrt_20260807_060727_173.png
20260807_060727_824,2026-08-07 06:07:27,True,873,95,18.199999999999996,36,0.52,0.7,0.3,0,0.5,10,9.5,10,rrt_20260807_060727_824.png
20260807_060729_975,2026-08-07 06:07:29,False,10000,137,0.0,0,0.52,0.7,0.3,0,0.5,10,9.5,10,rrt_20260807_060729_975.png
20260807_060732_061,2026-08-07 06:07:32,False,10000,116,0.0,0,0.52,0.7,0.3,0,0.5,10,9.5,10,rrt_20260807_060732_061.png
20260807_060733_887,2026-08-07 06:07:33,False,10000,87,0.0,0,0.52,0.7,0.3,0,0.5,10,9.5,10,rrt_20260807_060733_887.png
20260807_060734_765,2026-08-07 06:07:34,True,1199,111,17.679999999999996,35,0.52,0.7,0.3,0,0.5,10,9.5,10,rrt_20260807_060734_765.png
20260807_060735_239,2026-08-07 06:07:35,True,319,65,19.629936110501486,39,0.52,0.7,0.3,0,0.5,10,9.5,10,rrt_20260807_060735_239.png
20260807_060737_033,2026-08-07 06:07:37,False,10000,100,0.0,0,0.52,0.7,0.3,0,0.5,10,9.5,10,rrt_20260807_060737_033.png
20260807_060737_751,2026-08-07 06:07:37,True,496,66,16.980996013919526,34,0.52,0.7,0.3,0,0.5,10,9.5,10,rrt_20260807_060737_751.png
20260807_060739_470,2026-08-07 06:07:39,False,10000,82,0.0,0,0.52,0.7,0.3,0,0.5,10,9.5,10,rrt_20260807_060739_470.png
20260807_060741_419,2026-08-07 06:07:41,False,10000,97,0.0,0,0.52,0.7,0.3,0,0.5,10,9.5,10,rrt_20260807_060741_419.png
20260807_060741_965,2026-08-07 06:07:41,True,680,86,17.601219417920912,35,0.52,0.7,0.3,0,0.5,10,9.5,10,rrt_20260807_060741_965.png
20260807_060743_842,2026-08-07 06:07:43,False,10000,109,0.0,0,0.52,0.7,0.3,0,0.5,10,9.5,10,rrt_20260807_060743_842.png
20260807_060745_967,2026-08-07 06:07:45,False,10000,122,0.0,0,0.52,0.7,0.3,0,0.5,10,9.5,10,rrt_20260807_060745_967.png
20260807_060747_463,2026-08-07 06:07:47,False,10000,46,0.0,0,0.52,0.8,0.3,0,0.5,10,9.5,10,rrt_20260807_060747_463.png
20260807_060749_577,2026-08-07 06:07:49,False,10000,131,0.0,0,0.52,0.8,0.3,0,0.5,10,9.5,10,rrt_20260807_060749_577.png
20260807_060752_004,2026-08-07 06:07:52,False,10000,125,0.0,0,0.52,0.8,0.3,0,0.5,10,9.5,10,rrt_20260807_060752_004.png
20260807_060752_689,2026-08-07 06:07:52,True,1498,115,18.5597024201474,37,0.52,0.8,0.3,0,0.5,10,9.5,10,rrt_20260807_060752_689.png
20260807_060754_513,2026-08-07 06:07:54,False,10000,103,0.0,0,0.52,0.8,0.3,0,0.5,10,9.5,10,rrt_20260807_060754_513.png
20260807_060756_411,2026-08-07 06:07:56,False,10000,101,0.0,0,0.52,0.8,0.3,0,0.5,10,9.5,10,rrt_20260807_060756_411.png
20260807_060757_097,2026-08-07 06:07:57,True,1420,117,18.589880911053687,37,0.52,0.8,0.3,0,0.5,10,9.5,10,rrt_20260807_060757_097.png
20260807_060758_691,2026-08-07 06:07:58,False,10000,72,0.0,0,0.52,0.8,0.3,0,0.5,10,9.5,10,rrt_20260807_060758_691.png
20260807_060800_307,2026-08-07 06:08:00,False,10000,80,0.0,0,0.52,0.8,0.3,0,0.5,10,9.5,10,rrt_20260807_060800_307.png
20260807_060802_430,2026-08-07 06:08:02,False,10000,128,0.0,0,0.52,0.8,0.3,0,0.5,10,9.5,10,rrt_20260807_060802_430.png
20260807_060803_254,2026-08-07 06:08:03,True,774,139,21.31999999999999,42,0.52,0.8,0.3,0,0.5,10,9.5,10,rrt_20260807_060803_254.png
20260807_060803_928,2026-08-07 06:08:03,True,178,65,17.159999999999993,34,0.52,0.8,0.3,0,0.5,10,9.5,10,rrt_20260807_060803_928.png
20260807_060805_791,2026-08-07 06:08:05,False,10000,107,0.0,0,0.52,0.8,0.3,0,0.5,10,9.5,10,rrt_20260807_060805_791.png
20260807_060806_301,2026-08-07 06:08:06,True,266,69,18.199999999999996,36,0.52,0.8,0.3,0,0.5,10,9.5,10,rrt_20260807_060806_301.png
20260807_060807_789,2026-08-07 06:08:07,False,10000,70,0.0,0,0.52,0.8,0.3,0,0.5,10,9.5,10,rrt_20260807_060807_789.png
20260807_060809_134,2026-08-07 06:08:09,False,10000,41,0.0,0,0.52,0.8,0.3,0,0.5,10,9.5,10,rrt_20260807_060809_134.png
20260807_060811_212,2026-08-07 06:08:11,False,10000,122,0.0,0,0.52,0.8,0.3,0,0.5,10,9.5,10,rrt_20260807_060811_212.png
20260807_060811_778,2026-08-07 06:08:11,True,380,71,18.008087873755322,36,0.52,0.8,0.3,0,0.5,10,9.5,10,rrt_20260807_060811_778.png
20260807_060812_875,2026-08-07 06:08:12,False,10000,41,0.0,0,0.52,0.8,0.3,0,0.5,10,9.5,10,rrt_20260807_060812_875.png
20260807_060815_122,2026-08-07 06:08:15,False,10000,135,0.0,0,0.52,0.8,0.3,0,0.5,10,9.5,10,rrt_20260807_060815_122.png
20260807_060817_478,2026-08-07 06:08:17,False,10000,97,0.0,0,0.52,0.8,0.3,0,0.5,10,9.5,10,rrt_20260807_060817_478.png
20260807_060819_401,2026-08-07 06:08:19,False,10000,101,0.0,0,0.52,0.8,0.3,0,0.5,10,9.5,10,rrt_20260807_060819_401.png
20260807_060819_910,2026-08-07 06:08:19,True,398,68,18.669828701901736,37,0.52,0.8,0.3,0,0.5,10,9.5,10,rrt_20260807_060819_910.png
20260807_060820_417,2026-08-07 06:08:20,True,455,78,19.75999999999999,39,0.52,0.8,0.3,0,0.5,10,9.5,10,rrt_20260807_060820_417.png
20260807_060820_913,2026-08-07 06:08:20,True,518,93,17.134458237959706,34,0.52,0.8,0.3,0,0.5,10,9.5,10,rrt_20260807_060820_913.png
20260807_060821_430,2026-08-07 06:08:21,True,639,112,17.68,35,0.52,0.8,0.3,0,0.5,10,9.5,10,rrt_20260807_060821_430.png
20260807_060823_101,2026-08-07 06:08:23,False,10000,90,0.0,0,0.52,0.8,0.3,0,0.5,10,9.5,10,rrt_20260807_060823_101.png
20260807_060825_292,2026-08-07 06:08:25,False,10000,125,0.0,0,0.52,0.8,0.3,0,0.5,10,9.5,10,rrt_20260807_060825_292.png
20260807_060826_010,2026-08-07 06:08:26,True,757,100,19.75999999999999,39,0.52,0.8,0.3,0,0.5,10,9.5,10,rrt_20260807_060826_010.png
20260807_060828_128,2026-08-07 06:08:28,False,10000,114,0.0,0,0.52,0.8,0.3,0,0.5,10,9.5,10,rrt_20260807_060828_128.png
20260807_060830_223,2026-08-07 06:08:30,False,10000,109,0.0,0,0.52,0.8,0.3,0,0.5,10,9.5,10,rrt_20260807_060830_223.png
20260807_060831_007,2026-08-07 06:08:31,True,1155,118,18.641411577200657,37,0.52,0.8,0.3,0,0.5,10,9.5,10,rrt_20260807_060831_007.png
20260807_060832_632,2026-08-07 06:08:32,False,10000,76,0.0,0,0.52,0.8,0.3,0,0.5,10,9.5,10,rrt_20260807_060832_632.png
20260807_060834_357,2026-08-07 06:08:34,False,10000,86,0.0,0,0.52,0.8,0.3,0,0.5,10,9.5,10,rrt_20260807_060834_357.png
20260807_060836_399,2026-08-07 06:08:36,False,10000,121,0.0,0,0.52,0.8,0.3,0,0.5,10,9.5,10,rrt_20260807_060836_399.png
20260807_060838_201,2026-08-07 06:08:38,False,10000,84,0.0,0,0.52,0.8,0.3,0,0.5,10,9.5,10,rrt_20260807_060838_201.png
20260807_060840_180,2026-08-07 06:08:40,False,10000,108,0.0,0,0.52,0.8,0.3,0,0.5,10,9.5,10,rrt_20260807_060840_180.png
20260807_060840_830,2026-08-07 06:08:40,True,1278,112,17.611221174193524,35,0.52,0.8,0.3,0,0.5,10,9.5,10,rrt_20260807_060840_830.png
20260807_060842_861,2026-08-07 06:08:42,False,10000,97,0.0,0,0.52,0.8,0.3,0,0.5,10,9.5,10,rrt_20260807_060842_861.png
20260807_060844_701,2026-08-07 06:08:44,False,10000,102,0.0,0,0.52,0.8,0.3,0,0.5,10,9.5,10,rrt_20260807_060844_701.png
20260807_060846_525,2026-08-07 06:08:46,False,10000,92,0.0,0,0.52,0.8,0.3,0,0.5,10,9.5,10,rrt_20260807_060846_525.png
20260807_060847_713,2026-08-07 06:08:47,False,10000,41,0.0,0,0.52,0.8,0.3,0,0.5,10,9.5,10,rrt_20260807_060847_713.png
20260807_060849_163,2026-08-07 06:08:49,False,10000,61,0.0,0,0.52,0.8,0.3,0,0.5,10,9.5,10,rrt_20260807_060849_163.png
20260807_060851_065,2026-08-07 06:08:51,False,10000,107,0.0,0,0.52,0.8,0.3,0,0.5,10,9.5,10,rrt_20260807_060851_065.png
20260807_060851_785,2026-08-07 06:08:51,True,794,88,18.199999999999996,36,0.52,0.8,0.3,0,0.5,10,9.5,10,rrt_20260807_060851_785.png
20260807_060853_861,2026-08-07 06:08:53,False,10000,126,0.0,0,0.52,0.8,0.3,0,0.5,10,9.5,10,rrt_20260807_060853_861.png
20260807_060855_208,2026-08-07 06:08:55,False,10000,46,0.0,0,0.52,0.8,0.3,0,0.5,10,9.5,10,rrt_20260807_060855_208.png
20260807_060857_224,2026-08-07 06:08:57,False,10000,97,0.0,0,0.52,0.8,0.3,0,0.5,10,9.5,10,rrt_20260807_060857_224.png
20260807_060857_850,2026-08-07 06:08:57,True,1148,98,18.145774773607044,36,0.52,0.8,0.3,0,0.5,10,9.5,10,rrt_20260807_060857_850.png
20260807_060858_483,2026-08-07 06:08:58,True,1624,107,17.679999999999993,35,0.52,0.8,0.3,0,0.5,10,9.5,10,rrt_20260807_060858_483.png
20260807_060900_276,2026-08-07 06:09:00,False,10000,100,0.0,0,0.52,0.8,0.3,0,0.5,10,9.5,10,rrt_20260807_060900_276.png
20260807_060901_932,2026-08-07 06:09:01,False,10000,78,0.0,0,0.52,0.8,0.3,0,0.5,10,9.5,10,rrt_20260807_060901_932.png
20260807_060903_575,2026-08-07 06:09:03,False,10000,70,0.0,0,0.52,0.8,0.3,0,0.5,10,9.5,10,rrt_20260807_060903_575.png
20260807_060904_872,2026-08-07 06:09:04,False,10000,45,0.0,0,0.52,0.8,0.3,0,0.5,10,9.5,10,rrt_20260807_060904_872.png
20260807_060906_952,2026-08-07 06:09:06,False,10000,120,0.0,0,0.52,0.8,0.3,0,0.5,10,9.5,10,rrt_20260807_060906_952.png
20260807_060908_224,2026-08-07 06:09:08,False,10000,47,0.0,0,0.52,0.8,0.3,0,0.5,10,9.5,10,rrt_20260807_060908_224.png
20260807_060909_115,2026-08-07 06:09:09,True,1432,98,17.679999999999993,35,0.52,0.8,0.3,0,0.5,10,9.5,10,rrt_20260807_060909_115.png
20260807_060910_962,2026-08-07 06:09:10,False,10000,100,0.0,0,0.52,0.8,0.3,0,0.5,10,9.5,10,rrt_20260807_060910_962.png
20260807_060913_031,2026-08-07 06:09:13,False,10000,99,0.0,0,0.52,0.8,0.3,0,0.5,10,9.5,10,rrt_20260807_060913_031.png
20260807_060913_874,2026-08-07 06:09:13,True,1086,106,19.21715826604779,38,0.52,0.8,0.3,0,0.5,10,9.5,10,rrt_20260807_060913_874.png
20260807_060915_685,2026-08-07 06:09:15,False,10000,100,0.0,0,0.52,0.8,0.3,0,0.5,10,9.5,10,rrt_20260807_060915_685.png
20260807_060917_390,2026-08-07 06:09:17,False,10000,87,0.0,0,0.52,0.8,0.3,0,0.5,10,9.5,10,rrt_20260807_060917_390.png
20260807_060917_891,2026-08-07 06:09:17,True,227,63,19.592116040077276,39,0.52,0.8,0.3,0,0.5,10,9.5,10,rrt_20260807_060917_891.png
20260807_060918_376,2026-08-07 06:09:18,True,412,72,18.199999999999996,36,0.52,0.8,0.3,0,0.5,10,9.5,10,rrt_20260807_060918_376.png
20260807_060920_249,2026-08-07 06:09:20,False,10000,87,0.0,0,0.52,0.8,0.3,0,0.5,10,9.5,10,rrt_20260807_060920_249.png
20260807_060922_043,2026-08-07 06:09:22,False,10000,91,0.0,0,0.52,0.8,0.3,0,0.5,10,9.5,10,rrt_20260807_060922_043.png
20260807_060923_700,2026-08-07 06:09:23,False,10000,82,0.0,0,0.52,0.8,0.3,0,0.5,10,9.5,10,rrt_20260807_060923_700.png
20260807_060925_602,2026-08-07 06:09:25,False,10000,95,0.0,0,0.52,0.8,0.3,0,0.5,10,9.5,10,rrt_20260807_060925_602.png
20260807_060926_179,2026-08-07 06:09:26,True,902,106,19.23999999999999,38,0.52,0.8,0.3,0,0.5,10,9.5,10,rrt_20260807_060926_179.png
20260807_060926_672,2026-08-07 06:09:26,True,570,75,19.551631753198954,39,0.52,0.8,0.3,0,0.5,10,9.5,10,rrt_20260807_060926_672.png
20260807_060928_510,2026-08-07 06:09:28,False,10000,105,0.0,0,0.52,0.8,0.3,0,0.5,10,9.5,10,rrt_20260807_060928_510.png
20260807_060930_191,2026-08-07 06:09:30,False,10000,77,0.0,0,0.52,0.8,0.3,0,0.5,10,9.5,10,rrt_20260807_060930_191.png
20260807_060931_830,2026-08-07 06:09:31,False,10000,74,0.0,0,0.52,0.8,0.3,0,0.5,10,9.5,10,rrt_20260807_060931_830.png
20260807_060932_934,2026-08-07 06:09:32,True,1141,116,19.75999999999999,39,0.52,0.8,0.3,0,0.5,10,9.5,10,rrt_20260807_060932_934.png
20260807_060934_804,2026-08-07 06:09:34,False,10000,100,0.0,0,0.52,0.8,0.3,0,0.5,10,9.5,10,rrt_20260807_060934_804.png
20260807_060935_381,2026-08-07 06:09:35,True,447,92,17.506092942911128,35,0.52,0.8,0.3,0,0.5,10,9.5,10,rrt_20260807_060935_381.png
20260807_060937_124,2026-08-07 06:09:37,False,10000,96,0.0,0,0.52,0.8,0.3,0,0.5,10,9.5,10,rrt_20260807_060937_124.png
20260807_060937_701,2026-08-07 06:09:37,True,915,109,18.136912236932464,36,0.52,0.8,0.3,0,0.5,10,9.5,10,rrt_20260807_060937_701.png
20260807_060940_053,2026-08-07 06:09:40,False,10000,148,0.0,0,0.52,0.8,0.3,0,0.5,10,9.5,10,rrt_20260807_060940_053.png
20260807_060942_108,2026-08-07 06:09:42,False,10000,119,0.0,0,0.52,0.8,0.3,0,0.5,10,9.5,10,rrt_20260807_060942_108.png
20260807_060942_873,2026-08-07 06:09:42,True,2474,92,20.79999999999999,41,0.52,0.8,0.3,0,0.5,10,9.5,10,rrt_20260807_060942_873.png
20260807_060943_455,2026-08-07 06:09:43,True,1088,129,21.73104444345757,43,0.52,0.8,0.3,0,0.5,10,9.5,10,rrt_20260807_060943_455.png
20260807_060945_689,2026-08-07 06:09:45,False,10000,99,0.0,0,0.52,0.8,0.3,0,0.5,10,9.5,10,rrt_20260807_060945_689.png
20260807_060947_697,2026-08-07 06:09:47,False,10000,85,0.0,0,0.52,0.8,0.3,0,0.5,10,9.5,10,rrt_20260807_060947_697.png
20260807_060949_341,2026-08-07 06:09:49,False,10000,85,0.0,0,0.52,0.8,0.3,0,0.5,10,9.5,10,rrt_20260807_060949_341.png
20260807_060951_129,2026-08-07 06:09:51,False,10000,91,0.0,0,0.52,0.8,0.3,0,0.5,10,9.5,10,rrt_20260807_060951_129.png
20260807_060951_629,2026-08-07 06:09:51,True,222,74,19.026965088260734,38,0.52,0.8,0.3,0,0.5,10,9.5,10,rrt_20260807_060951_629.png
20260807_060953_568,2026-08-07 06:09:53,False,10000,114,0.0,0,0.52,0.8,0.3,0,0.5,10,9.5,10,rrt_20260807_060953_568.png
20260807_060955_345,2026-08-07 06:09:55,False,10000,84,0.0,0,0.52,0.8,0.3,0,0.5,10,9.5,10,rrt_20260807_060955_345.png
20260807_060957_097,2026-08-07 06:09:57,False,10000,94,0.0,0,0.52,0.8,0.3,0,0.5,10,9.5,10,rrt_20260807_060957_097.png
20260807_060958_924,2026-08-07 06:09:58,False,10000,100,0.0,0,0.52,0.8,0.3,0,0.5,10,9.5,10,rrt_20260807_060958_924.png
20260807_061001_045,2026-08-07 06:10:01,False,10000,102,0.0,0,0.52,0.8,0.3,0,0.5,10,9.5,10,rrt_20260807_061001_045.png
20260807_061003_398,2026-08-07 06:10:03,False,10000,148,0.0,0,0.52,0.8,0.3,0,0.5,10,9.5,10,rrt_20260807_061003_398.png
20260807_061005_075,2026-08-07 06:10:05,False,10000,87,0.0,0,0.52,0.8,0.3,0,0.5,10,9.5,10,rrt_20260807_061005_075.png
20260807_061005_719,2026-08-07 06:10:05,True,955,118,19.18887882455977,38,0.52,0.8,0.3,0,0.5,10,9.5,10,rrt_20260807_061005_719.png
20260807_061007_552,2026-08-07 06:10:07,False,10000,94,0.0,0,0.52,0.8,0.3,0,0.5,10,9.5,10,rrt_20260807_061007_552.png
20260807_061009_508,2026-08-07 06:10:09,False,10000,111,0.0,0,0.52,0.8,0.3,0,0.5,10,9.5,10,rrt_20260807_061009_508.png
20260807_061010_021,2026-08-07 06:10:10,True,319,79,18.199999999999996,36,0.52,0.8,0.3,0,0.5,10,9.5,10,rrt_20260807_061010_021.png
20260807_061010_748,2026-08-07 06:10:10,True,1562,106,17.65535489319854,35,0.52,0.8,0.3,0,0.5,10,9.5,10,rrt_20260807_061010_748.png
20260807_061011_632,2026-08-07 06:10:11,True,3210,107,21.27581014035064,42,0.52,0.8,0.3,0,0.5,10,9.5,10,rrt_20260807_061011_632.png
20260807_061013_513,2026-08-07 06:10:13,False,10000,74,0.0,0,0.52,0.9,0.3,0,0.5,10,9.5,10,rrt_20260807_061013_513.png
20260807_061015_876,2026-08-07 06:10:15,False,10000,133,0.0,0,0.52,0.9,0.3,0,0.5,10,9.5,10,rrt_20260807_061015_876.png
20260807_061017_225,2026-08-07 06:10:17,False,10000,47,0.0,0,0.52,0.9,0.3,0,0.5,10,9.5,10,rrt_20260807_061017_225.png
20260807_061017_973,2026-08-07 06:10:17,True,1239,104,17.124082678673236,34,0.52,0.9,0.3,0,0.5,10,9.5,10,rrt_20260807_061017_973.png
20260807_061018_602,2026-08-07 06:10:18,True,1230,103,20.218066962997757,40,0.52,0.9,0.3,0,0.5,10,9.5,10,rrt_20260807_061018_602.png
20260807_061019_183,2026-08-07 06:10:19,True,1052,94,20.210937853661928,40,0.52,0.9,0.3,0,0.5,10,9.5,10,rrt_20260807_061019_183.png
20260807_061019_701,2026-08-07 06:10:19,True,443,108,20.71664846884202,41,0.52,0.9,0.3,0,0.5,10,9.5,10,rrt_20260807_061019_701.png
20260807_061020_237,2026-08-07 06:10:20,True,546,94,19.166187711269774,38,0.52,0.9,0.3,0,0.5,10,9.5,10,rrt_20260807_061020_237.png
20260807_061021_810,2026-08-07 06:10:21,False,10000,74,0.0,0,0.52,0.9,0.3,0,0.5,10,9.5,10,rrt_20260807_061021_810.png
20260807_061024_138,2026-08-07 06:10:24,False,10000,126,0.0,0,0.52,0.9,0.3,0,0.5,10,9.5,10,rrt_20260807_061024_138.png
20260807_061024_717,2026-08-07 06:10:24,True,539,97,17.68,35,0.52,0.9,0.3,0,0.5,10,9.5,10,rrt_20260807_061024_717.png
20260807_061026_287,2026-08-07 06:10:26,False,10000,72,0.0,0,0.52,0.9,0.3,0,0.5,10,9.5,10,rrt_20260807_061026_287.png
20260807_061027_890,2026-08-07 06:10:27,False,10000,72,0.0,0,0.52,0.9,0.3,0,0.5,10,9.5,10,rrt_20260807_061027_890.png
20260807_061029_811,2026-08-07 06:10:29,False,10000,107,0.0,0,0.52,0.9,0.3,0,0.5,10,9.5,10,rrt_20260807_061029_811.png
20260807_061032_071,2026-08-07 06:10:32,False,10000,130,0.0,0,0.52,0.9,0.3,0,0.5,10,9.5,10,rrt_20260807_061032_071.png
20260807_061033_700,2026-08-07 06:10:33,False,10000,67,0.0,0,0.52,0.9,0.3,0,0.5,10,9.5,10,rrt_20260807_061033_700.png
20260807_061035_397,2026-08-07 06:10:35,False,10000,87,0.0,0,0.52,0.9,0.3,0,0.5,10,9.5,10,rrt_20260807_061035_397.png
20260807_061037_503,2026-08-07 06:10:37,False,10000,97,0.0,0,0.52,0.9,0.3,0,0.5,10,9.5,10,rrt_20260807_061037_503.png
20260807_061038_258,2026-08-07 06:10:38,True,251,76,17.679999999999993,35,0.52,0.9,0.3,0,0.5,10,9.5,10,rrt_20260807_061038_258.png
20260807_061040_036,2026-08-07 06:10:40,False,10000,85,0.0,0,0.52,0.9,0.3,0,0.5,10,9.5,10,rrt_20260807_061040_036.png
20260807_061041_870,2026-08-07 06:10:41,False,10000,98,0.0,0,0.52,0.9,0.3,0,0.5,10,9.5,10,rrt_20260807_061041_870.png
20260807_061043_735,2026-08-07 06:10:43,False,10000,99,0.0,0,0.52,0.9,0.3,0,0.5,10,9.5,10,rrt_20260807_061043_735.png
20260807_061044_331,2026-08-07 06:10:44,True,744,98,18.58132722396456,37,0.52,0.9,0.3,0,0.5,10,9.5,10,rrt_20260807_061044_331.png
20260807_061044_900,2026-08-07 06:10:44,True,449,86,17.660520742411652,35,0.52,0.9,0.3,0,0.5,10,9.5,10,rrt_20260807_061044_900.png
20260807_061046_909,2026-08-07 06:10:46,False,10000,119,0.0,0,0.52,0.9,0.3,0,0.5,10,9.5,10,rrt_20260807_061046_909.png
20260807_061048_671,2026-08-07 06:10:48,False,10000,86,0.0,0,0.52,0.9,0.3,0,0.5,10,9.5,10,rrt_20260807_061048_671.png
20260807_061051_211,2026-08-07 06:10:51,False,10000,139,0.0,0,0.52,0.9,0.3,0,0.5,10,9.5,10,rrt_20260807_061051_211.png
20260807_061051_808,2026-08-07 06:10:51,True,303,81,17.480718888315103,35,0.52,0.9,0.3,0,0.5,10,9.5,10,rrt_20260807_061051_808.png
20260807_061052_414,2026-08-07 06:10:52,True,1257,94,17.655773375783582,35,0.52,0.9,0.3,0,0.5,10,9.5,10,rrt_20260807_061052_414.png
20260807_061054_234,2026-08-07 06:10:54,False,10000,101,0.0,0,0.52,0.9,0.3,0,0.5,10,9.5,10,rrt_20260807_061054_234.png
20260807_061056_200,2026-08-07 06:10:56,False,10000,105,0.0,0,0.52,0.9,0.3,0,0.5,10,9.5,10,rrt_20260807_061056_200.png
20260807_061058_355,2026-08-07 06:10:58,False,10000,124,0.0,0,0.52,0.9,0.3,0,0.5,10,9.5,10,rrt_20260807_061058_355.png
20260807_061100_127,2026-08-07 06:11:00,False,10000,69,0.0,0,0.52,0.9,0.3,0,0.5,10,9.5,10,rrt_20260807_061100_127.png
20260807_061102_150,2026-08-07 06:11:02,False,10000,115,0.0,0,0.52,0.9,0.3,0,0.5,10,9.5,10,rrt_20260807_061102_150.png
20260807_061104_369,2026-08-07 06:11:04,False,10000,133,0.0,0,0.52,0.9,0.3,0,0.5,10,9.5,10,rrt_20260807_061104_369.png
20260807_061106_536,2026-08-07 06:11:06,False,10000,112,0.0,0,0.52,0.9,0.3,0,0.5,10,9.5,10,rrt_20260807_061106_536.png
20260807_061107_883,2026-08-07 06:11:07,False,10000,57,0.0,0,0.52,0.9,0.3,0,0.5,10,9.5,10,rrt_20260807_061107_883.png
20260807_061108_383,2026-08-07 06:11:08,True,325,81,19.759999999999998,39,0.52,0.9,0.3,0,0.5,10,9.5,10,rrt_20260807_061108_383.png
20260807_061108_911,2026-08-07 06:11:08,True,414,96,17.159999999999997,34,0.52,0.9,0.3,0,0.5,10,9.5,10,rrt_20260807_061108_911.png
20260807_061110_842,2026-08-07 06:11:10,False,10000,105,0.0,0,0.52,0.9,0.3,0,0.5,10,9.5,10,rrt_20260807_061110_842.png
20260807_061111_396,2026-08-07 06:11:11,True,226,56,17.152537188944372,34,0.52,0.9,0.3,0,0.5,10,9.5,10,rrt_20260807_061111_396.png
20260807_061113_166,2026-08-07 06:11:13,False,10000,98,0.0,0,0.52,0.9,0.3,0,0.5,10,9.5,10,rrt_20260807_061113_166.png
20260807_061114_933,2026-08-07 06:11:14,False,10000,89,0.0,0,0.52,0.9,0.3,0,0.5,10,9.5,10,rrt_20260807_061114_933.png
20260807_061116_701,2026-08-07 06:11:16,False,10000,78,0.0,0,0.52,0.9,0.3,0,0.5,10,9.5,10,rrt_20260807_061116_701.png
20260807_061118_727,2026-08-07 06:11:18,False,10000,84,0.0,0,0.52,0.9,0.3,0,0.5,10,9.5,10,rrt_20260807_061118_727.png
20260807_061120_587,2026-08-07 06:11:20,False,10000,102,0.0,0,0.52,0.9,0.3,0,0.5,10,9.5,10,rrt_20260807_061120_587.png
20260807_061122_300,2026-08-07 06:11:22,False,10000,82,0.0,0,0.52,0.9,0.3,0,0.5,10,9.5,10,rrt_20260807_061122_300.png
20260807_061122_902,2026-08-07 06:11:22,True,169,69,18.71999999999999,37,0.52,0.9,0.3,0,0.5,10,9.5,10,rrt_20260807_061122_902.png
20260807_061123_476,2026-08-07 06:11:23,True,1390,83,19.689846397169426,39,0.52,0.9,0.3,0,0.5,10,9.5,10,rrt_20260807_061123_476.png
20260807_061125_063,2026-08-07 06:11:25,False,10000,81,0.0,0,0.52,0.9,0.3,0,0.5,10,9.5,10,rrt_20260807_061125_063.png
20260807_061125_600,2026-08-07 06:11:25,True,522,78,18.199999999999996,36,0.52,0.9,0.3,0,0.5,10,9.5,10,rrt_20260807_061125_600.png
20260807_061127_661,2026-08-07 06:11:27,False,10000,126,0.0,0,0.52,0.9,0.3,0,0.5,10,9.5,10,rrt_20260807_061127_661.png
20260807_061129_424,2026-08-07 06:11:29,False,10000,89,0.0,0,0.52,0.9,0.3,0,0.5,10,9.5,10,rrt_20260807_061129_424.png
20260807_061131_950,2026-08-07 06:11:31,False,10000,146,0.0,0,0.52,0.9,0.3,0,0.5,10,9.5,10,rrt_20260807_061131_950.png
20260807_061133_625,2026-08-07 06:11:33,False,10000,79,0.0,0,0.52,0.9,0.3,0,0.5,10,9.5,10,rrt_20260807_061133_625.png
20260807_061134_131,2026-08-07 06:11:34,True,274,78,17.497489229322706,35,0.52,0.9,0.3,0,0.5,10,9.5,10,rrt_20260807_061134_131.png
20260807_061134_694,2026-08-07 06:11:34,True,162,68,17.159999999999997,34,0.52,0.9,0.3,0,0.5,10,9.5,10,rrt_20260807_061134_694.png
20260807_061135_265,2026-08-07 06:11:35,True,994,118,18.152676354424532,36,0.52,0.9,0.3,0,0.5,10,9.5,10,rrt_20260807_061135_265.png
20260807_061136_775,2026-08-07 06:11:36,False,10000,68,0.0,0,0.52,0.9,0.3,0,0.5,10,9.5,10,rrt_20260807_061136_775.png
20260807_061138_402,2026-08-07 06:11:38,False,10000,74,0.0,0,0.52,0.9,0.3,0,0.5,10,9.5,10,rrt_20260807_061138_402.png
20260807_061140_448,2026-08-07 06:11:40,False,10000,121,0.0,0,0.52,0.9,0.3,0,0.5,10,9.5,10,rrt_20260807_061140_448.png
20260807_061141_329,2026-08-07 06:11:41,True,1868,129,19.239999999999995,38,0.52,0.9,0.3,0,0.5,10,9.5,10,rrt_20260807_061141_329.png
20260807_061143_149,2026-08-07 06:11:43,False,10000,78,0.0,0,0.52,0.9,0.3,0,0.5,10,9.5,10,rrt_20260807_061143_149.png
20260807_061144_981,2026-08-07 06:11:44,False,10000,99,0.0,0,0.52,0.9,0.3,0,0.5,10,9.5,10,rrt_20260807_061144_981.png
20260807_061145_581,2026-08-07 06:11:45,True,719,89,17.159999999999993,34,0.52,0.9,0.3,0,0.5,10,9.5,10,rrt_20260807_061145_581.png
20260807_061147_100,2026-08-07 06:11:47,False,10000,70,0.0,0,0.52,0.9,0.3,0,0.5,10,9.5,10,rrt_20260807_061147_100.png
20260807_061149_388,2026-08-07 06:11:49,False,10000,148,0.0,0,0.52,0.9,0.3,0,0.5,10,9.5,10,rrt_20260807_061149_388.png
20260807_061151_365,2026-08-07 06:11:51,False,10000,108,0.0,0,0.52,0.9,0.3,0,0.5,10,9.5,10,rrt_20260807_061151_365.png
20260807_061153_567,2026-08-07 06:11:53,False,10000,134,0.0,0,0.52,0.9,0.3,0,0.5,10,9.5,10,rrt_20260807_061153_567.png
20260807_061154_223,2026-08-07 06:11:54,True,1178,114,19.195467636209102,38,0.52,0.9,0.3,0,0.5,10,9.5,10,rrt_20260807_061154_223.png
20260807_061155_842,2026-08-07 06:11:55,False,10000,82,0.0,0,0.52,0.9,0.3,0,0.5,10,9.5,10,rrt_20260807_061155_842.png
20260807_061158_018,2026-08-07 06:11:58,False,10000,105,0.0,0,0.52,0.9,0.3,0,0.5,10,9.5,10,rrt_20260807_061158_018.png
20260807_061158_562,2026-08-07 06:11:58,True,768,81,18.669862271927695,37,0.52,0.9,0.3,0,0.5,10,9.5,10,rrt_20260807_061158_562.png
20260807_061200_483,2026-08-07 06:12:00,False,10000,107,0.0,0,0.52,0.9,0.3,0,0.5,10,9.5,10,rrt_20260807_061200_483.png
20260807_061202_526,2026-08-07 06:12:02,False,10000,106,0.0,0,0.52,0.9,0.3,0,0.5,10,9.5,10,rrt_20260807_061202_526.png
20260807_061204_299,2026-08-07 06:12:04,False,10000,95,0.0,0,0.52,0.9,0.3,0,0.5,10,9.5,10,rrt_20260807_061204_299.png
20260807_061206_021,2026-08-07 06:12:06,False,10000,80,0.0,0,0.52,0.9,0.3,0,0.5,10,9.5,10,rrt_20260807_061206_021.png
20260807_061207_951,2026-08-07 06:12:07,False,10000,106,0.0,0,0.52,0.9,0.3,0,0.5,10,9.5,10,rrt_20260807_061207_951.png
20260807_061209_956,2026-08-07 06:12:09,False,10000,112,0.0,0,0.52,0.9,0.3,0,0.5,10,9.5,10,rrt_20260807_061209_956.png
20260807_061212_114,2026-08-07 06:12:12,False,10000,126,0.0,0,0.52,0.9,0.3,0,0.5,10,9.5,10,rrt_20260807_061212_114.png
20260807_061214_247,2026-08-07 06:12:14,False,10000,100,0.0,0,0.52,0.9,0.3,0,0.5,10,9.5,10,rrt_20260807_061214_247.png
20260807_061216_194,2026-08-07 06:12:16,False,10000,103,0.0,0,0.52,0.9,0.3,0,0.5,10,9.5,10,rrt_20260807_061216_194.png
20260807_061218_130,2026-08-07 06:12:18,False,10000,108,0.0,0,0.52,0.9,0.3,0,0.5,10,9.5,10,rrt_20260807_061218_130.png
20260807_061220_186,2026-08-07 06:12:20,False,10000,121,0.0,0,0.52,0.9,0.3,0,0.5,10,9.5,10,rrt_20260807_061220_186.png
20260807_061220_750,2026-08-07 06:12:20,True,603,112,19.239999999999995,38,0.52,0.9,0.3,0,0.5,10,9.5,10,rrt_20260807_061220_750.png
20260807_061221_224,2026-08-07 06:12:21,True,322,80,17.679999999999996,35,0.52,0.9,0.3,0,0.5,10,9.5,10,rrt_20260807_061221_224.png
20260807_061221_837,2026-08-07 06:12:21,True,1280,96,18.622087009339975,37,0.52,0.9,0.3,0,0.5,10,9.5,10,rrt_20260807_061221_837.png
20260807_061223_549,2026-08-07 06:12:23,False,10000,92,0.0,0,0.52,0.9,0.3,0,0.5,10,9.5,10,rrt_20260807_061223_549.png
20260807_061225_423,2026-08-07 06:12:25,False,10000,105,0.0,0,0.52,0.9,0.3,0,0.5,10,9.5,10,rrt_20260807_061225_423.png
20260807_061226_868,2026-08-07 06:12:26,False,10000,40,0.0,0,0.52,0.9,0.3,0,0.5,10,9.5,10,rrt_20260807_061226_868.png
20260807_061227_354,2026-08-07 06:12:27,True,342,57,18.2,36,0.52,0.9,0.3,0,0.5,10,9.5,10,rrt_20260807_061227_354.png
20260807_061228_050,2026-08-07 06:12:28,True,1090,93,19.239999999999995,38,0.52,0.9,0.3,0,0.5,10,9.5,10,rrt_20260807_061228_050.png
20260807_061229_556,2026-08-07 06:12:29,False,10000,72,0.0,0,0.52,0.9,0.3,0,0.5,10,9.5,10,rrt_20260807_061229_556.png
20260807_061231_707,2026-08-07 06:12:31,False,10000,117,0.0,0,0.52,0.9,0.3,0,0.5,10,9.5,10,rrt_20260807_061231_707.png
20260807_061232_308,2026-08-07 06:12:32,True,821,95,18.68289221283442,37,0.52,0.9,0.3,0,0.5,10,9.5,10,rrt_20260807_061232_308.png
20260807_061233_814,2026-08-07 06:12:33,False,10000,72,0.0,0,0.52,0.9,0.3,0,0.5,10,9.5,10,rrt_20260807_061233_814.png
20260807_061236_012,2026-08-07 06:12:36,False,10000,135,0.0,0,0.52,0.9,0.3,0,0.5,10,9.5,10,rrt_20260807_061236_012.png
20260807_061238_146,2026-08-07 06:12:38,False,10000,106,0.0,0,0.52,0.9,0.3,0,0.5,10,9.5,10,rrt_20260807_061238_146.png
20260807_061240_197,2026-08-07 06:12:40,False,10000,115,0.0,0,0.52,0.9,0.3,0,0.5,10,9.5,10,rrt_20260807_061240_197.png
20260807_061242_044,2026-08-07 06:12:42,False,10000,101,0.0,0,0.52,0.9,0.3,0,0.5,10,9.5,10,rrt_20260807_061242_044.png
20260807_061242_645,2026-08-07 06:12:42,True,892,106,18.71999999999999,37,0.52,1.0,0.3,0,0.5,10,9.5,10,rrt_20260807_061242_645.png
20260807_061244_246,2026-08-07 06:12:44,False,10000,83,0.0,0,0.52,1.0,0.3,0,0.5,10,9.5,10,rrt_20260807_061244_246.png
20260807_061244_838,2026-08-07 06:12:44,True,430,98,18.719999999999995,37,0.52,1.0,0.3,0,0.5,10,9.5,10,rrt_20260807_061244_838.png
20260807_061246_055,2026-08-07 06:12:46,False,10000,40,0.0,0,0.52,1.0,0.3,0,0.5,10,9.5,10,rrt_20260807_061246_055.png
20260807_061247_642,2026-08-07 06:12:47,False,10000,75,0.0,0,0.52,1.0,0.3,0,0.5,10,9.5,10,rrt_20260807_061247_642.png
20260807_061249_724,2026-08-07 06:12:49,False,10000,109,0.0,0,0.52,1.0,0.3,0,0.5,10,9.5,10,rrt_20260807_061249_724.png
20260807_061252_038,2026-08-07 06:12:52,False,10000,106,0.0,0,0.52,1.0,0.3,0,0.5,10,9.5,10,rrt_20260807_061252_038.png
20260807_061253_436,2026-08-07 06:12:53,False,10000,57,0.0,0,0.52,1.0,0.3,0,0.5,10,9.5,10,rrt_20260807_061253_436.png
20260807_061255_216,2026-08-07 06:12:55,False,10000,96,0.0,0,0.52,1.0,0.3,0,0.5,10,9.5,10,rrt_20260807_061255_216.png
20260807_061255_815,2026-08-07 06:12:55,True,762,113,19.23999999999999,38,0.52,1.0,0.3,0,0.5,10,9.5,10,rrt_20260807_061255_815.png
20260807_061256_372,2026-08-07 06:12:56,True,719,112,19.759999999999994,39,0.52,1.0,0.3,0,0.5,10,9.5,10,rrt_20260807_061256_372.png
20260807_061258_155,2026-08-07 06:12:58,False,10000,82,0.0,0,0.52,1.0,0.3,0,0.5,10,9.5,10,rrt_20260807_061258_155.png
20260807_061259_785,2026-08-07 06:12:59,False,10000,81,0.0,0,0.52,1.0,0.3,0,0.5,10,9.5,10,rrt_20260807_061259_785.png
20260807_061301_652,2026-08-07 06:13:01,False,10000,102,0.0,0,0.52,1.0,0.3,0,0.5,10,9.5,10,rrt_20260807_061301_652.png
20260807_061303_153,2026-08-07 06:13:03,False,10000,54,0.0,0,0.52,1.0,0.3,0,0.5,10,9.5,10,rrt_20260807_061303_153.png
20260807_061305_504,2026-08-07 06:13:05,False,10000,104,0.0,0,0.52,1.0,0.3,0,0.5,10,9.5,10,rrt_20260807_061305_504.png
20260807_061307_208,2026-08-07 06:13:07,False,10000,86,0.0,0,0.52,1.0,0.3,0,0.5,10,9.5,10,rrt_20260807_061307_208.png
20260807_061309_002,2026-08-07 06:13:09,False,10000,90,0.0,0,0.52,1.0,0.3,0,0.5,10,9.5,10,rrt_20260807_061309_002.png
20260807_061311_362,2026-08-07 06:13:11,False,10000,142,0.0,0,0.52,1.0,0.3,0,0.5,10,9.5,10,rrt_20260807_061311_362.png
20260807_061313_605,2026-08-07 06:13:13,False,10000,133,0.0,0,0.52,1.0,0.3,0,0.5,10,9.5,10,rrt_20260807_061313_605.png
20260807_061315_333,2026-08-07 06:13:15,False,10000,61,0.0,0,0.52,1.0,0.3,0,0.5,10,9.5,10,rrt_20260807_061315_333.png
20260807_061317_257,2026-08-07 06:13:17,False,10000,107,0.0,0,0.52,1.0,0.3,0,0.5,10,9.5,10,rrt_20260807_061317_257.png
20260807_061319_055,2026-08-07 06:13:19,False,10000,94,0.0,0,0.52,1.0,0.3,0,0.5,10,9.5,10,rrt_20260807_061319_055.png
20260807_061320_322,2026-08-07 06:13:20,False,10000,46,0.0,0,0.52,1.0,0.3,0,0.5,10,9.5,10,rrt_20260807_061320_322.png
20260807_061321_069,2026-08-07 06:13:21,True,662,120,17.679999999999993,35,0.52,1.0,0.3,0,0.5,10,9.5,10,rrt_20260807_061321_069.png
20260807_061322_851,2026-08-07 06:13:22,False,10000,95,0.0,0,0.52,1.0,0.3,0,0.5,10,9.5,10,rrt_20260807_061322_851.png
20260807_061324_600,2026-08-07 06:13:24,False,10000,93,0.0,0,0.52,1.0,0.3,0,0.5,10,9.5,10,rrt_20260807_061324_600.png
20260807_061325_920,2026-08-07 06:13:25,False,10000,50,0.0,0,0.52,1.0,0.3,0,0.5,10,9.5,10,rrt_20260807_061325_920.png
20260807_061327_670,2026-08-07 06:13:27,False,10000,90,0.0,0,0.52,1.0,0.3,0,0.5,10,9.5,10,rrt_20260807_061327_670.png
20260807_061329_857,2026-08-07 06:13:29,False,10000,114,0.0,0,0.52,1.0,0.3,0,0.5,10,9.5,10,rrt_20260807_061329_857.png
20260807_061331_961,2026-08-07 06:13:31,False,10000,126,0.0,0,0.52,1.0,0.3,0,0.5,10,9.5,10,rrt_20260807_061331_961.png
20260807_061333_751,2026-08-07 06:13:33,False,10000,96,0.0,0,0.52,1.0,0.3,0,0.5,10,9.5,10,rrt_20260807_061333_751.png
20260807_061335_847,2026-08-07 06:13:35,False,10000,121,0.0,0,0.52,1.0,0.3,0,0.5,10,9.5,10,rrt_20260807_061335_847.png
20260807_061337_991,2026-08-07 06:13:37,False,10000,111,0.0,0,0.52,1.0,0.3,0,0.5,10,9.5,10,rrt_20260807_061337_991.png
20260807_061339_972,2026-08-07 06:13:39,False,10000,103,0.0,0,0.52,1.0,0.3,0,0.5,10,9.5,10,rrt_20260807_061339_972.png
20260807_061341_803,2026-08-07 06:13:41,False,10000,92,0.0,0,0.52,1.0,0.3,0,0.5,10,9.5,10,rrt_20260807_061341_803.png
20260807_061343_580,2026-08-07 06:13:43,False,10000,86,0.0,0,0.52,1.0,0.3,0,0.5,10,9.5,10,rrt_20260807_061343_580.png
20260807_061345_289,2026-08-07 06:13:45,False,10000,87,0.0,0,0.52,1.0,0.3,0,0.5,10,9.5,10,rrt_20260807_061345_289.png
20260807_061347_623,2026-08-07 06:13:47,False,10000,149,0.0,0,0.52,1.0,0.3,0,0.5,10,9.5,10,rrt_20260807_061347_623.png
20260807_061349_043,2026-08-07 06:13:49,False,10000,60,0.0,0,0.52,1.0,0.3,0,0.5,10,9.5,10,rrt_20260807_061349_043.png
20260807_061349_693,2026-08-07 06:13:49,True,1418,93,19.239999999999995,38,0.52,1.0,0.3,0,0.5,10,9.5,10,rrt_20260807_061349_693.png
20260807_061351_010,2026-08-07 06:13:51,False,10000,56,0.0,0,0.52,1.0,0.3,0,0.5,10,9.5,10,rrt_20260807_061351_010.png
20260807_061352_961,2026-08-07 06:13:52,False,10000,78,0.0,0,0.52,1.0,0.3,0,0.5,10,9.5,10,rrt_20260807_061352_961.png
20260807_061355_057,2026-08-07 06:13:55,False,10000,121,0.0,0,0.52,1.0,0.3,0,0.5,10,9.5,10,rrt_20260807_061355_057.png
20260807_061356_633,2026-08-07 06:13:56,False,10000,73,0.0,0,0.52,1.0,0.3,0,0.5,10,9.5,10,rrt_20260807_061356_633.png
20260807_061358_180,2026-08-07 06:13:58,False,10000,73,0.0,0,0.52,1.0,0.3,0,0.5,10,9.5,10,rrt_20260807_061358_180.png
20260807_061400_160,2026-08-07 06:14:00,False,10000,100,0.0,0,0.52,1.0,0.3,0,0.5,10,9.5,10,rrt_20260807_061400_160.png
20260807_061401_663,2026-08-07 06:14:01,False,10000,43,0.0,0,0.52,1.0,0.3,0,0.5,10,9.5,10,rrt_20260807_061401_663.png
20260807_061402_172,2026-08-07 06:14:02,True,361,92,18.199999999999996,36,0.52,1.0,0.3,0,0.5,10,9.5,10,rrt_20260807_061402_172.png
20260807_061403_950,2026-08-07 06:14:03,False,10000,90,0.0,0,0.52,1.0,0.3,0,0.5,10,9.5,10,rrt_20260807_061403_950.png
20260807_061405_996,2026-08-07 06:14:05,False,10000,115,0.0,0,0.52,1.0,0.3,0,0.5,10,9.5,10,rrt_20260807_061405_996.png
20260807_061407_942,2026-08-07 06:14:07,False,10000,88,0.0,0,0.52,1.0,0.3,0,0.5,10,9.5,10,rrt_20260807_061407_942.png
20260807_061409_672,2026-08-07 06:14:09,False,10000,90,0.0,0,0.52,1.0,0.3,0,0.5,10,9.5,10,rrt_20260807_061409_672.png
20260807_061411_402,2026-08-07 06:14:11,False,10000,88,0.0,0,0.52,1.0,0.3,0,0.5,10,9.5,10,rrt_20260807_061411_402.png
20260807_061413_355,2026-08-07 06:14:13,False,10000,106,0.0,0,0.52,1.0,0.3,0,0.5,10,9.5,10,rrt_20260807_061413_355.png
20260807_061415_535,2026-08-07 06:14:15,False,10000,135,0.0,0,0.52,1.0,0.3,0,0.5,10,9.5,10,rrt_20260807_061415_535.png
20260807_061417_285,2026-08-07 06:14:17,False,10000,90,0.0,0,0.52,1.0,0.3,0,0.5,10,9.5,10,rrt_20260807_061417_285.png
20260807_061419_208,2026-08-07 06:14:19,False,10000,105,0.0,0,0.52,1.0,0.3,0,0.5,10,9.5,10,rrt_20260807_061419_208.png
20260807_061420_488,2026-08-07 06:14:20,False,10000,47,0.0,0,0.52,1.0,0.3,0,0.5,10,9.5,10,rrt_20260807_061420_488.png
20260807_061422_708,2026-08-07 06:14:22,False,10000,109,0.0,0,0.52,1.0,0.3,0,0.5,10,9.5,10,rrt_20260807_061422_708.png
20260807_061424_409,2026-08-07 06:14:24,False,10000,83,0.0,0,0.52,1.0,0.3,0,0.5,10,9.5,10,rrt_20260807_061424_409.png
20260807_061426_246,2026-08-07 06:14:26,False,10000,97,0.0,0,0.52,1.0,0.3,0,0.5,10,9.5,10,rrt_20260807_061426_246.png
20260807_061428_325,2026-08-07 06:14:28,False,10000,114,0.0,0,0.52,1.0,0.3,0,0.5,10,9.5,10,rrt_20260807_061428_325.png
20260807_061429_928,2026-08-07 06:14:29,False,10000,67,0.0,0,0.52,1.0,0.3,0,0.5,10,9.5,10,rrt_20260807_061429_928.png
20260807_061430_943,2026-08-07 06:14:30,True,1558,167,18.199999999999992,36,0.52,1.0,0.3,0,0.5,10,9.5,10,rrt_20260807_061430_943.png
20260807_061432_647,2026-08-07 06:14:32,False,10000,88,0.0,0,0.52,1.0,0.3,0,0.5,10,9.5,10,rrt_20260807_061432_647.png
20260807_061434_236,2026-08-07 06:14:34,False,10000,67,0.0,0,0.52,1.0,0.3,0,0.5,10,9.5,10,rrt_20260807_061434_236.png
20260807_061436_050,2026-08-07 06:14:36,False,10000,94,0.0,0,0.52,1.0,0.3,0,0.5,10,9.5,10,rrt_20260807_061436_050.png
20260807_061437_967,2026-08-07 06:14:37,False,10000,90,0.0,0,0.52,1.0,0.3,0,0.5,10,9.5,10,rrt_20260807_061437_967.png
20260807_061439_718,2026-08-07 06:14:39,False,10000,86,0.0,0,0.52,1.0,0.3,0,0.5,10,9.5,10,rrt_20260807_061439_718.png
20260807_061441_884,2026-08-07 06:14:41,False,10000,134,0.0,0,0.52,1.0,0.3,0,0.5,10,9.5,10,rrt_20260807_061441_884.png
20260807_061443_639,2026-08-07 06:14:43,False,10000,92,0.0,0,0.52,1.0,0.3,0,0.5,10,9.5,10,rrt_20260807_061443_639.png
20260807_061445_796,2026-08-07 06:14:45,False,10000,127,0.0,0,0.52,1.0,0.3,0,0.5,10,9.5,10,rrt_20260807_061445_796.png
20260807_061447_708,2026-08-07 06:14:47,False,10000,102,0.0,0,0.52,1.0,0.3,0,0.5,10,9.5,10,rrt_20260807_061447_708.png
20260807_061449_247,2026-08-07 06:14:49,False,10000,71,0.0,0,0.52,1.0,0.3,0,0.5,10,9.5,10,rrt_20260807_061449_247.png
20260807_061450_462,2026-08-07 06:14:50,False,10000,43,0.0,0,0.52,1.0,0.3,0,0.5,10,9.5,10,rrt_20260807_061450_462.png
20260807_061452_149,2026-08-07 06:14:52,False,10000,81,0.0,0,0.52,1.0,0.3,0,0.5,10,9.5,10,rrt_20260807_061452_149.png
20260807_061454_366,2026-08-07 06:14:54,False,10000,107,0.0,0,0.52,1.0,0.3,0,0.5,10,9.5,10,rrt_20260807_061454_366.png
20260807_061456_250,2026-08-07 06:14:56,False,10000,89,0.0,0,0.52,1.0,0.3,0,0.5,10,9.5,10,rrt_20260807_061456_250.png
20260807_061456_852,2026-08-07 06:14:56,True,884,119,19.239999999999995,38,0.52,1.0,0.3,0,0.5,10,9.5,10,rrt_20260807_061456_852.png
20260807_061458_376,2026-08-07 06:14:58,False,10000,71,0.0,0,0.52,1.0,0.3,0,0.5,10,9.5,10,rrt_20260807_061458_376.png
20260807_061500_586,2026-08-07 06:15:00,False,10000,133,0.0,0,0.52,1.0,0.3,0,0.5,10,9.5,10,rrt_20260807_061500_586.png
20260807_061502_427,2026-08-07 06:15:02,False,10000,99,0.0,0,0.52,1.0,0.3,0,0.5,10,9.5,10,rrt_20260807_061502_427.png
20260807_061503_059,2026-08-07 06:15:03,True,878,93,17.679999999999993,35,0.52,1.0,0.3,0,0.5,10,9.5,10,rrt_20260807_061503_059.png
20260807_061505_665,2026-08-07 06:15:05,False,10000,164,0.0,0,0.52,1.0,0.3,0,0.5,10,9.5,10,rrt_20260807_061505_665.png
20260807_061507_125,2026-08-07 06:15:07,False,10000,63,0.0,0,0.52,1.0,0.3,0,0.5,10,9.5,10,rrt_20260807_061507_125.png
20260807_061507_866,2026-08-07 06:15:07,True,596,88,17.679999999999993,35,0.52,1.0,0.3,0,0.5,10,9.5,10,rrt_20260807_061507_866.png
20260807_061510_147,2026-08-07 06:15:10,False,10000,142,0.0,0,0.52,1.0,0.3,0,0.5,10,9.5,10,rrt_20260807_061510_147.png
20260807_061512_004,2026-08-07 06:15:12,False,10000,84,0.0,0,0.52,1.0,0.3,0,0.5,10,9.5,10,rrt_20260807_061512_004.png
20260807_061512_649,2026-08-07 06:15:12,True,1247,102,18.71999999999999,37,0.52,1.0,0.3,0,0.5,10,9.5,10,rrt_20260807_061512_649.png
20260807_061514_397,2026-08-07 06:15:14,False,10000,96,0.0,0,0.52,1.0,0.3,0,0.5,10,9.5,10,rrt_20260807_061514_397.png
20260807_061516_589,2026-08-07 06:15:16,False,10000,113,0.0,0,0.52,1.0,0.3,0,0.5,10,9.5,10,rrt_20260807_061516_589.png
20260807_061518_526,2026-08-07 06:15:18,False,10000,110,0.0,0,0.52,1.0,0.3,0,0.5,10,9.5,10,rrt_20260807_061518_526.png
20260807_061520_483,2026-08-07 06:15:20,False,10000,87,0.0,0,0.52,1.0,0.3,0,0.5,10,9.5,10,rrt_20260807_061520_483.png
20260807_061521_007,2026-08-07 06:15:21,True,462,85,20.79999999999999,41,0.52,1.0,0.3,0,0.5,10,9.5,10,rrt_20260807_061521_007.png
20260807_061523_140,2026-08-07 06:15:23,False,10000,110,0.0,0,0.52,1.0,0.3,0,0.5,10,9.5,10,rrt_20260807_061523_140.png
20260807_061525_475,2026-08-07 06:15:25,False,10000,149,0.0,0,0.52,1.0,0.3,0,0.5,10,9.5,10,rrt_20260807_061525_475.png
20260807_061527_397,2026-08-07 06:15:27,False,10000,107,0.0,0,0.52,1.0,0.3,0,0.5,10,9.5,10,rrt_20260807_061527_397.png
20260807_061529_313,2026-08-07 06:15:29,False,10000,104,0.0,0,0.52,1.0,0.3,0,0.5,10,9.5,10,rrt_20260807_061529_313.png
20260807_061531_292,2026-08-07 06:15:31,False,10000,105,0.0,0,0.52,1.0,0.3,0,0.5,10,9.5,10,rrt_20260807_061531_292.png
20260807_061533_155,2026-08-07 06:15:33,False,10000,93,0.0,0,0.55,0.1,0.3,0,0.5,10,9.5,10,rrt_20260807_061533_155.png
20260807_061534_824,2026-08-07 06:15:34,False,10000,107,0.0,0,0.55,0.1,0.3,0,0.5,10,9.5,10,rrt_20260807_061534_824.png
20260807_061536_863,2026-08-07 06:15:36,False,10000,102,0.0,0,0.55,0.1,0.3,0,0.5,10,9.5,10,rrt_20260807_061536_863.png
20260807_061538_804,2026-08-07 06:15:38,False,10000,108,0.0,0,0.55,0.1,0.3,0,0.5,10,9.5,10,rrt_20260807_061538_804.png
20260807_061540_569,2026-08-07 06:15:40,False,10000,85,0.0,0,0.55,0.1,0.3,0,0.5,10,9.5,10,rrt_20260807_061540_569.png
20260807_061542_270,2026-08-07 06:15:42,False,10000,102,0.0,0,0.55,0.1,0.3,0,0.5,10,9.5,10,rrt_20260807_061542_270.png
20260807_061544_198,2026-08-07 06:15:44,False,10000,101,0.0,0,0.55,0.1,0.3,0,0.5,10,9.5,10,rrt_20260807_061544_198.png
20260807_061545_585,2026-08-07 06:15:45,True,8557,87,19.08165600312034,36,0.55,0.1,0.3,0,0.5,10,9.5,10,rrt_20260807_061545_585.png
20260807_061546_417,2026-08-07 06:15:46,True,1093,58,18.533262359312893,35,0.55,0.1,0.3,0,0.5,10,9.5,10,rrt_20260807_061546_417.png
20260807_061548_095,2026-08-07 06:15:48,False,10000,76,0.0,0,0.55,0.1,0.3,0,0.5,10,9.5,10,rrt_20260807_061548_095.png
20260807_061549_608,2026-08-07 06:15:49,False,10000,83,0.0,0,0.55,0.1,0.3,0,0.5,10,9.5,10,rrt_20260807_061549_608.png
20260807_061551_371,2026-08-07 06:15:51,False,10000,76,0.0,0,0.55,0.1,0.3,0,0.5,10,9.5,10,rrt_20260807_061551_371.png
20260807_061553_073,2026-08-07 06:15:53,False,10000,112,0.0,0,0.55,0.1,0.3,0,0.5,10,9.5,10,rrt_20260807_061553_073.png
20260807_061554_927,2026-08-07 06:15:54,False,10000,93,0.0,0,0.55,0.1,0.3,0,0.5,10,9.5,10,rrt_20260807_061554_927.png
20260807_061556_856,2026-08-07 06:15:56,False,10000,101,0.0,0,0.55,0.1,0.3,0,0.5,10,9.5,10,rrt_20260807_061556_856.png
20260807_061558_419,2026-08-07 06:15:58,False,10000,87,0.0,0,0.55,0.1,0.3,0,0.5,10,9.5,10,rrt_20260807_061558_419.png
20260807_061600_272,2026-08-07 06:16:00,False,10000,90,0.0,0,0.55,0.1,0.3,0,0.5,10,9.5,10,rrt_20260807_061600_272.png
20260807_061601_794,2026-08-07 06:16:01,False,10000,87,0.0,0,0.55,0.1,0.3,0,0.5,10,9.5,10,rrt_20260807_061601_794.png
20260807_061603_516,2026-08-07 06:16:03,False,10000,89,0.0,0,0.55,0.1,0.3,0,0.5,10,9.5,10,rrt_20260807_061603_516.png
20260807_061605_484,2026-08-07 06:16:05,False,10000,105,0.0,0,0.55,0.1,0.3,0,0.5,10,9.5,10,rrt_20260807_061605_484.png
20260807_061607_150,2026-08-07 06:16:07,False,10000,89,0.0,0,0.55,0.1,0.3,0,0.5,10,9.5,10,rrt_20260807_061607_150.png
20260807_061609_388,2026-08-07 06:16:09,False,10000,103,0.0,0,0.55,0.1,0.3,0,0.5,10,9.5,10,rrt_20260807_061609_388.png
20260807_061610_497,2026-08-07 06:16:10,True,3464,92,17.600000000000005,33,0.55,0.1,0.3,0,0.5,10,9.5,10,rrt_20260807_061610_497.png
20260807_061611_127,2026-08-07 06:16:11,True,1841,55,16.500000000000004,31,0.55,0.1,0.3,0,0.5,10,9.5,10,rrt_20260807_061611_127.png
20260807_061612_910,2026-08-07 06:16:12,False,10000,113,0.0,0,0.55,0.1,0.3,0,0.5,10,9.5,10,rrt_20260807_061612_910.png
20260807_061614_759,2026-08-07 06:16:14,False,10000,91,0.0,0,0.55,0.1,0.3,0,0.5,10,9.5,10,rrt_20260807_061614_759.png
20260807_061615_922,2026-08-07 06:16:15,False,10000,46,0.0,0,0.55,0.1,0.3,0,0.5,10,9.5,10,rrt_20260807_061615_922.png
20260807_061617_764,2026-08-07 06:16:17,False,10000,91,0.0,0,0.55,0.1,0.3,0,0.5,10,9.5,10,rrt_20260807_061617_764.png
20260807_061619_809,2026-08-07 06:16:19,False,10000,125,0.0,0,0.55,0.1,0.3,0,0.5,10,9.5,10,rrt_20260807_061619_809.png
20260807_061621_480,2026-08-07 06:16:21,False,10000,101,0.0,0,0.55,0.1,0.3,0,0.5,10,9.5,10,rrt_20260807_061621_480.png
20260807_061623_611,2026-08-07 06:16:23,False,10000,89,0.0,0,0.55,0.1,0.3,0,0.5,10,9.5,10,rrt_20260807_061623_611.png
20260807_061624_945,2026-08-07 06:16:24,False,10000,48,0.0,0,0.55,0.1,0.3,0,0.5,10,9.5,10,rrt_20260807_061624_945.png
20260807_061625_514,2026-08-07 06:16:25,True,1280,63,17.409576194274482,33,0.55,0.1,0.3,0,0.5,10,9.5,10,rrt_20260807_061625_514.png
20260807_061627_402,2026-08-07 06:16:27,False,10000,128,0.0,0,0.55,0.1,0.3,0,0.5,10,9.5,10,rrt_20260807_061627_402.png
20260807_061629_127,2026-08-07 06:16:29,True,8454,102,18.497096174312006,35,0.55,0.1,0.3,0,0.5,10,9.5,10,rrt_20260807_061629_127.png
20260807_061631_083,2026-08-07 06:16:31,False,10000,90,0.0,0,0.55,0.1,0.3,0,0.5,10,9.5,10,rrt_20260807_061631_083.png
20260807_061631_812,2026-08-07 06:16:31,True,3016,82,17.050000000000004,32,0.55,0.1,0.3,0,0.5,10,9.5,10,rrt_20260807_061631_812.png
20260807_061633_636,2026-08-07 06:16:33,False,10000,96,0.0,0,0.55,0.1,0.3,0,0.5,10,9.5,10,rrt_20260807_061633_636.png
20260807_061635_284,2026-08-07 06:16:35,False,10000,95,0.0,0,0.55,0.1,0.3,0,0.5,10,9.5,10,rrt_20260807_061635_284.png
20260807_061637_308,2026-08-07 06:16:37,False,10000,67,0.0,0,0.55,0.1,0.3,0,0.5,10,9.5,10,rrt_20260807_061637_308.png
20260807_061638_217,2026-08-07 06:16:38,True,6389,73,18.150000000000013,34,0.55,0.1,0.3,0,0.5,10,9.5,10,rrt_20260807_061638_217.png
20260807_061639_856,2026-08-07 06:16:39,False,10000,95,0.0,0,0.55,0.1,0.3,0,0.5,10,9.5,10,rrt_20260807_061639_856.png
20260807_061641_140,2026-08-07 06:16:41,False,10000,40,0.0,0,0.55,0.1,0.3,0,0.5,10,9.5,10,rrt_20260807_061641_140.png
20260807_061641_896,2026-08-07 06:16:41,True,2920,87,17.934440282962157,34,0.55,0.1,0.3,0,0.5,10,9.5,10,rrt_20260807_061641_896.png
20260807_061643_522,2026-08-07 06:16:43,False,10000,94,0.0,0,0.55,0.1,0.3,0,0.5,10,9.5,10,rrt_20260807_061643_522.png
20260807_061645_268,2026-08-07 06:16:45,False,10000,109,0.0,0,0.55,0.1,0.3,0,0.5,10,9.5,10,rrt_20260807_061645_268.png
20260807_061646_373,2026-08-07 06:16:46,False,10000,43,0.0,0,0.55,0.1,0.3,0,0.5,10,9.5,10,rrt_20260807_061646_373.png
20260807_061647_980,2026-08-07 06:16:47,False,10000,95,0.0,0,0.55,0.1,0.3,0,0.5,10,9.5,10,rrt_20260807_061647_980.png
20260807_061649_562,2026-08-07 06:16:49,False,10000,40,0.0,0,0.55,0.1,0.3,0,0.5,10,9.5,10,rrt_20260807_061649_562.png
20260807_061650_464,2026-08-07 06:16:50,True,6338,66,17.05000000000001,32,0.55,0.1,0.3,0,0.5,10,9.5,10,rrt_20260807_061650_464.png
20260807_061652_247,2026-08-07 06:16:52,False,10000,81,0.0,0,0.55,0.1,0.3,0,0.5,10,9.5,10,rrt_20260807_061652_247.png
20260807_061654_114,2026-08-07 06:16:54,False,10000,67,0.0,0,0.55,0.1,0.3,0,0.5,10,9.5,10,rrt_20260807_061654_114.png
20260807_061655_615,2026-08-07 06:16:55,False,10000,76,0.0,0,0.55,0.1,0.3,0,0.5,10,9.5,10,rrt_20260807_061655_615.png
20260807_061657_295,2026-08-07 06:16:57,False,10000,97,0.0,0,0.55,0.1,0.3,0,0.5,10,9.5,10,rrt_20260807_061657_295.png
20260807_061658_833,2026-08-07 06:16:58,False,10000,90,0.0,0,0.55,0.1,0.3,0,0.5,10,9.5,10,rrt_20260807_061658_833.png
20260807_061659_469,2026-08-07 06:16:59,True,1998,57,17.6,33,0.55,0.1,0.3,0,0.5,10,9.5,10,rrt_20260807_061659_469.png
20260807_061700_629,2026-08-07 06:17:00,True,6421,110,19.25,36,0.55,0.1,0.3,0,0.5,10,9.5,10,rrt_20260807_061700_629.png
20260807_061702_482,2026-08-07 06:17:02,False,10000,98,0.0,0,0.55,0.1,0.3,0,0.5,10,9.5,10,rrt_20260807_061702_482.png
20260807_061704_134,2026-08-07 06:17:04,False,10000,96,0.0,0,0.55,0.1,0.3,0,0.5,10,9.5,10,rrt_20260807_061704_134.png
20260807_061704_773,2026-08-07 06:17:04,True,2166,53,17.92021844713294,34,0.55,0.1,0.3,0,0.5,10,9.5,10,rrt_20260807_061704_773.png
20260807_061706_261,2026-08-07 06:17:06,False,10000,83,0.0,0,0.55,0.1,0.3,0,0.5,10,9.5,10,rrt_20260807_061706_261.png
20260807_061707_897,2026-08-07 06:17:07,True,9501,100,16.932788060794792,32,0.55,0.1,0.3,0,0.5,10,9.5,10,rrt_20260807_061707_897.png
20260807_061709_690,2026-08-07 06:17:09,False,10000,115,0.0,0,0.55,0.1,0.3,0,0.5,10,9.5,10,rrt_20260807_061709_690.png
20260807_061711_260,2026-08-07 06:17:11,True,8632,97,17.353507406262313,33,0.55,0.1,0.3,0,0.5,10,9.5,10,rrt_20260807_061711_260.png
20260807_061712_274,2026-08-07 06:17:12,True,4859,100,18.70000000000001,35,0.55,0.1,0.3,0,0.5,10,9.5,10,rrt_20260807_061712_274.png
20260807_061713_848,2026-08-07 06:17:13,True,8992,111,20.1272758032343,38,0.55,0.1,0.3,0,0.5,10,9.5,10,rrt_20260807_061713_848.png
20260807_061715_207,2026-08-07 06:17:15,True,3867,82,19.01448592858426,36,0.55,0.1,0.3,0,0.5,10,9.5,10,rrt_20260807_061715_207.png
20260807_061715_773,2026-08-07 06:17:15,True,866,48,17.050000000000008,32,0.55,0.1,0.3,0,0.5,10,9.5,10,rrt_20260807_061715_773.png
20260807_061717_068,2026-08-07 06:17:17,True,7104,83,17.928750809455767,34,0.55,0.1,0.3,0,0.5,10,9.5,10,rrt_20260807_061717_068.png
20260807_061718_617,2026-08-07 06:17:18,False,10000,86,0.0,0,0.55,0.1,0.3,0,0.5,10,9.5,10,rrt_20260807_061718_617.png
20260807_061720_078,2026-08-07 06:17:20,False,10000,92,0.0,0,0.55,0.1,0.3,0,0.5,10,9.5,10,rrt_20260807_061720_078.png
20260807_061721_005,2026-08-07 06:17:21,True,3844,115,18.575364631663895,35,0.55,0.1,0.3,0,0.5,10,9.5,10,rrt_20260807_061721_005.png
20260807_061722_955,2026-08-07 06:17:22,False,10000,131,0.0,0,0.55,0.1,0.3,0,0.5,10,9.5,10,rrt_20260807_061722_955.png
20260807_061724_823,2026-08-07 06:17:24,False,10000,122,0.0,0,0.55,0.1,0.3,0,0.5,10,9.5,10,rrt_20260807_061724_823.png
20260807_061726_402,2026-08-07 06:17:26,False,10000,93,0.0,0,0.55,0.1,0.3,0,0.5,10,9.5,10,rrt_20260807_061726_402.png
20260807_061728_453,2026-08-07 06:17:28,False,10000,86,0.0,0,0.55,0.1,0.3,0,0.5,10,9.5,10,rrt_20260807_061728_453.png
20260807_061729_703,2026-08-07 06:17:29,False,10000,40,0.0,0,0.55,0.1,0.3,0,0.5,10,9.5,10,rrt_20260807_061729_703.png
20260807_061731_637,2026-08-07 06:17:31,False,10000,97,0.0,0,0.55,0.1,0.3,0,0.5,10,9.5,10,rrt_20260807_061731_637.png
20260807_061732_174,2026-08-07 06:17:32,True,966,49,17.9135293855584,34,0.55,0.1,0.3,0,0.5,10,9.5,10,rrt_20260807_061732_174.png
20260807_061733_914,2026-08-07 06:17:33,False,10000,78,0.0,0,0.55,0.1,0.3,0,0.5,10,9.5,10,rrt_20260807_061733_914.png
20260807_061735_269,2026-08-07 06:17:35,False,10000,70,0.0,0,0.55,0.1,0.3,0,0.5,10,9.5,10,rrt_20260807_061735_269.png
20260807_061737_626,2026-08-07 06:17:37,False,10000,112,0.0,0,0.55,0.1,0.3,0,0.5,10,9.5,10,rrt_20260807_061737_626.png
20260807_061739_114,2026-08-07 06:17:39,False,10000,77,0.0,0,0.55,0.1,0.3,0,0.5,10,9.5,10,rrt_20260807_061739_114.png
20260807_061740_381,2026-08-07 06:17:40,False,10000,39,0.0,0,0.55,0.1,0.3,0,0.5,10,9.5,10,rrt_20260807_061740_381.png
20260807_061742_141,2026-08-07 06:17:42,False,10000,95,0.0,0,0.55,0.1,0.3,0,0.5,10,9.5,10,rrt_20260807_061742_141.png
20260807_061743_621,2026-08-07 06:17:43,False,10000,60,0.0,0,0.55,0.1,0.3,0,0.5,10,9.5,10,rrt_20260807_061743_621.png
20260807_061745_332,2026-08-07 06:17:45,False,10000,99,0.0,0,0.55,0.1,0.3,0,0.5,10,9.5,10,rrt_20260807_061745_332.png
20260807_061747_245,2026-08-07 06:17:47,False,10000,100,0.0,0,0.55,0.1,0.3,0,0.5,10,9.5,10,rrt_20260807_061747_245.png
20260807_061748_772,2026-08-07 06:17:48,False,10000,96,0.0,0,0.55,0.1,0.3,0,0.5,10,9.5,10,rrt_20260807_061748_772.png
20260807_061749_913,2026-08-07 06:17:49,False,10000,45,0.0,0,0.55,0.1,0.3,0,0.5,10,9.5,10,rrt_20260807_061749_913.png
20260807_061750_457,2026-08-07 06:17:50,True,868,47,17.378815234392324,33,0.55,0.1,0.3,0,0.5,10,9.5,10,rrt_20260807_061750_457.png
20260807_061751_971,2026-08-07 06:17:51,False,10000,86,0.0,0,0.55,0.1,0.3,0,0.5,10,9.5,10,rrt_20260807_061751_971.png
20260807_061753_896,2026-08-07 06:17:53,False,10000,95,0.0,0,0.55,0.1,0.3,0,0.5,10,9.5,10,rrt_20260807_061753_896.png
20260807_061755_778,2026-08-07 06:17:55,False,10000,92,0.0,0,0.55,0.1,0.3,0,0.5,10,9.5,10,rrt_20260807_061755_778.png
20260807_061757_687,2026-08-07 06:17:57,False,10000,79,0.0,0,0.55,0.1,0.3,0,0.5,10,9.5,10,rrt_20260807_061757_687.png
20260807_061759_196,2026-08-07 06:17:59,False,10000,59,0.0,0,0.55,0.1,0.3,0,0.5,10,9.5,10,rrt_20260807_061759_196.png
20260807_061800_822,2026-08-07 06:18:00,False,10000,91,0.0,0,0.55,0.1,0.3,0,0.5,10,9.5,10,rrt_20260807_061800_822.png
20260807_061801_665,2026-08-07 06:18:01,True,3856,93,16.839356951386645,32,0.55,0.1,0.3,0,0.5,10,9.5,10,rrt_20260807_061801_665.png
20260807_061802_790,2026-08-07 06:18:02,False,10000,48,0.0,0,0.55,0.1,0.3,0,0.5,10,9.5,10,rrt_20260807_061802_790.png
20260807_061804_242,2026-08-07 06:18:04,False,10000,74,0.0,0,0.55,0.1,0.3,0,0.5,10,9.5,10,rrt_20260807_061804_242.png
20260807_061805_312,2026-08-07 06:18:05,False,10000,37,0.0,0,0.55,0.2,0.3,0,0.5,10,9.5,10,rrt_20260807_061805_312.png
20260807_061806_605,2026-08-07 06:18:06,True,5666,89,18.00000910198016,34,0.55,0.2,0.3,0,0.5,10,9.5,10,rrt_20260807_061806_605.png
20260807_061808_485,2026-08-07 06:18:08,False,10000,109,0.0,0,0.55,0.2,0.3,0,0.5,10,9.5,10,rrt_20260807_061808_485.png
20260807_061810_443,2026-08-07 06:18:10,False,10000,78,0.0,0,0.55,0.2,0.3,0,0.5,10,9.5,10,rrt_20260807_061810_443.png
20260807_061812_601,2026-08-07 06:18:12,False,10000,103,0.0,0,0.55,0.2,0.3,0,0.5,10,9.5,10,rrt_20260807_061812_601.png
20260807_061813_758,2026-08-07 06:18:13,True,5994,90,19.19008507495359,36,0.55,0.2,0.3,0,0.5,10,9.5,10,rrt_20260807_061813_758.png
20260807_061814_881,2026-08-07 06:18:14,False,10000,41,0.0,0,0.55,0.2,0.3,0,0.5,10,9.5,10,rrt_20260807_061814_881.png
20260807_061816_706,2026-08-07 06:18:16,False,10000,81,0.0,0,0.55,0.2,0.3,0,0.5,10,9.5,10,rrt_20260807_061816_706.png
20260807_061817_759,2026-08-07 06:18:17,True,5053,99,17.91761855433883,34,0.55,0.2,0.3,0,0.5,10,9.5,10,rrt_20260807_061817_759.png
20260807_061819_628,2026-08-07 06:18:19,False,10000,125,0.0,0,0.55,0.2,0.3,0,0.5,10,9.5,10,rrt_20260807_061819_628.png
20260807_061821_883,2026-08-07 06:18:21,False,10000,102,0.0,0,0.55,0.2,0.3,0,0.5,10,9.5,10,rrt_20260807_061821_883.png
20260807_061822_406,2026-08-07 06:18:22,True,680,57,18.70000000000001,35,0.55,0.2,0.3,0,0.5,10,9.5,10,rrt_20260807_061822_406.png
20260807_061823_193,2026-08-07 06:18:23,True,3115,88,17.41463404964026,33,0.55,0.2,0.3,0,0.5,10,9.5,10,rrt_20260807_061823_193.png
20260807_061824_905,2026-08-07 06:18:24,False,10000,93,0.0,0,0.55,0.2,0.3,0,0.5,10,9.5,10,rrt_20260807_061824_905.png
20260807_061826_275,2026-08-07 06:18:26,False,10000,40,0.0,0,0.55,0.2,0.3,0,0.5,10,9.5,10,rrt_20260807_061826_275.png
20260807_061826_857,2026-08-07 06:18:26,True,1536,71,20.882820756548618,39,0.55,0.2,0.3,0,0.5,10,9.5,10,rrt_20260807_061826_857.png
20260807_061828_304,2026-08-07 06:18:28,False,10000,61,0.0,0,0.55,0.2,0.3,0,0.5,10,9.5,10,rrt_20260807_061828_304.png
20260807_061830_162,2026-08-07 06:18:30,False,10000,81,0.0,0,0.55,0.2,0.3,0,0.5,10,9.5,10,rrt_20260807_061830_162.png
20260807_061831_645,2026-08-07 06:18:31,False,10000,59,0.0,0,0.55,0.2,0.3,0,0.5,10,9.5,10,rrt_20260807_061831_645.png
20260807_061833_853,2026-08-07 06:18:33,False,10000,117,0.0,0,0.55,0.2,0.3,0,0.5,10,9.5,10,rrt_20260807_061833_853.png
20260807_061835_953,2026-08-07 06:18:35,False,10000,106,0.0,0,0.55,0.2,0.3,0,0.5,10,9.5,10,rrt_20260807_061835_953.png
20260807_061837_662,2026-08-07 06:18:37,False,10000,67,0.0,0,0.55,0.2,0.3,0,0.5,10,9.5,10,rrt_20260807_061837_662.png
20260807_061839_477,2026-08-07 06:18:39,False,10000,77,0.0,0,0.55,0.2,0.3,0,0.5,10,9.5,10,rrt_20260807_061839_477.png
20260807_061841_836,2026-08-07 06:18:41,False,10000,140,0.0,0,0.55,0.2,0.3,0,0.5,10,9.5,10,rrt_20260807_061841_836.png
20260807_061842_693,2026-08-07 06:18:42,True,2883,100,17.939404573866476,34,0.55,0.2,0.3,0,0.5,10,9.5,10,rrt_20260807_061842_693.png
20260807_061844_173,2026-08-07 06:18:44,True,5493,128,19.800000000000008,37,0.55,0.2,0.3,0,0.5,10,9.5,10,rrt_20260807_061844_173.png
20260807_061846_193,2026-08-07 06:18:46,False,10000,92,0.0,0,0.55,0.2,0.3,0,0.5,10,9.5,10,rrt_20260807_061846_193.png
20260807_061847_079,2026-08-07 06:18:47,True,3517,103,17.600000000000005,33,0.55,0.2,0.3,0,0.5,10,9.5,10,rrt_20260807_061847_079.png
20260807_061848_879,2026-08-07 06:18:48,False,10000,60,0.0,0,0.55,0.2,0.3,0,0.5,10,9.5,10,rrt_20260807_061848_879.png
20260807_061850_139,2026-08-07 06:18:50,False,10000,36,0.0,0,0.55,0.2,0.3,0,0.5,10,9.5,10,rrt_20260807_061850_139.png
20260807_061851_980,2026-08-07 06:18:51,False,10000,90,0.0,0,0.55,0.2,0.3,0,0.5,10,9.5,10,rrt_20260807_061851_980.png
20260807_061853_579,2026-08-07 06:18:53,False,10000,79,0.0,0,0.55,0.2,0.3,0,0.5,10,9.5,10,rrt_20260807_061853_579.png
20260807_061855_379,2026-08-07 06:18:55,False,10000,104,0.0,0,0.55,0.2,0.3,0,0.5,10,9.5,10,rrt_20260807_061855_379.png
20260807_061857_407,2026-08-07 06:18:57,False,10000,106,0.0,0,0.55,0.2,0.3,0,0.5,10,9.5,10,rrt_20260807_061857_407.png
20260807_061859_415,2026-08-07 06:18:59,False,10000,98,0.0,0,0.55,0.2,0.3,0,0.5,10,9.5,10,rrt_20260807_061859_415.png
20260807_061901_633,2026-08-07 06:19:01,False,10000,103,0.0,0,0.55,0.2,0.3,0,0.5,10,9.5,10,rrt_20260807_061901_633.png
20260807_061903_213,2026-08-07 06:19:03,False,10000,78,0.0,0,0.55,0.2,0.3,0,0.5,10,9.5,10,rrt_20260807_061903_213.png
20260807_061905_095,2026-08-07 06:19:05,False,10000,72,0.0,0,0.55,0.2,0.3,0,0.5,10,9.5,10,rrt_20260807_061905_095.png
20260807_061906_340,2026-08-07 06:19:06,True,6679,99,17.928454116921156,34,0.55,0.2,0.3,0,0.5,10,9.5,10,rrt_20260807_061906_340.png
20260807_061908_345,2026-08-07 06:19:08,False,10000,88,0.0,0,0.55,0.2,0.3,0,0.5,10,9.5,10,rrt_20260807_061908_345.png
20260807_061909_824,2026-08-07 06:19:09,False,10000,65,0.0,0,0.55,0.2,0.3,0,0.5,10,9.5,10,rrt_20260807_061909_824.png
20260807_061911_852,2026-08-07 06:19:11,False,10000,96,0.0,0,0.55,0.2,0.3,0,0.5,10,9.5,10,rrt_20260807_061911_852.png
20260807_061912_610,2026-08-07 06:19:12,True,2005,89,18.70000000000001,35,0.55,0.2,0.3,0,0.5,10,9.5,10,rrt_20260807_061912_610.png
20260807_061914_654,2026-08-07 06:19:14,False,10000,104,0.0,0,0.55,0.2,0.3,0,0.5,10,9.5,10,rrt_20260807_061914_654.png
20260807_061916_432,2026-08-07 06:19:16,False,10000,95,0.0,0,0.55,0.2,0.3,0,0.5,10,9.5,10,rrt_20260807_061916_432.png
20260807_061918_093,2026-08-07 06:19:18,False,10000,87,0.0,0,0.55,0.2,0.3,0,0.5,10,9.5,10,rrt_20260807_061918_093.png
20260807_061920_144,2026-08-07 06:19:20,False,10000,100,0.0,0,0.55,0.2,0.3,0,0.5,10,9.5,10,rrt_20260807_061920_144.png
20260807_061921_866,2026-08-07 06:19:21,False,10000,83,0.0,0,0.55,0.2,0.3,0,0.5,10,9.5,10,rrt_20260807_061921_866.png
20260807_061923_729,2026-08-07 06:19:23,False,10000,76,0.0,0,0.55,0.2,0.3,0,0.5,10,9.5,10,rrt_20260807_061923_729.png
20260807_061925_899,2026-08-07 06:19:25,False,10000,97,0.0,0,0.55,0.2,0.3,0,0.5,10,9.5,10,rrt_20260807_061925_899.png
20260807_061926_460,2026-08-07 06:19:26,True,1031,62,17.60000000000001,33,0.55,0.2,0.3,0,0.5,10,9.5,10,rrt_20260807_061926_460.png
20260807_061927_708,2026-08-07 06:19:27,False,10000,40,0.0,0,0.55,0.2,0.3,0,0.5,10,9.5,10,rrt_20260807_061927_708.png
20260807_061929_475,2026-08-07 06:19:29,False,10000,106,0.0,0,0.55,0.2,0.3,0,0.5,10,9.5,10,rrt_20260807_061929_475.png
20260807_061931_090,2026-08-07 06:19:31,False,10000,91,0.0,0,0.55,0.2,0.3,0,0.5,10,9.5,10,rrt_20260807_061931_090.png
20260807_061932_101,2026-08-07 06:19:32,True,3649,91,18.700000000000006,35,0.55,0.2,0.3,0,0.5,10,9.5,10,rrt_20260807_061932_101.png
20260807_061933_406,2026-08-07 06:19:33,False,10000,41,0.0,0,0.55,0.2,0.3,0,0.5,10,9.5,10,rrt_20260807_061933_406.png
20260807_061933_979,2026-08-07 06:19:33,True,833,78,17.600000000000012,33,0.55,0.2,0.3,0,0.5,10,9.5,10,rrt_20260807_061933_979.png
20260807_061935_365,2026-08-07 06:19:35,False,10000,64,0.0,0,0.55,0.2,0.3,0,0.5,10,9.5,10,rrt_20260807_061935_365.png
20260807_061936_643,2026-08-07 06:19:36,False,10000,39,0.0,0,0.55,0.2,0.3,0,0.5,10,9.5,10,rrt_20260807_061936_643.png
20260807_061938_368,2026-08-07 06:19:38,False,10000,97,0.0,0,0.55,0.2,0.3,0,0.5,10,9.5,10,rrt_20260807_061938_368.png
20260807_061940_336,2026-08-07 06:19:40,False,10000,102,0.0,0,0.55,0.2,0.3,0,0.5,10,9.5,10,rrt_20260807_061940_336.png
20260807_061941_360,2026-08-07 06:19:41,True,4662,102,17.35238396632241,33,0.55,0.2,0.3,0,0.5,10,9.5,10,rrt_20260807_061941_360.png
20260807_061942_645,2026-08-07 06:19:42,False,10000,39,0.0,0,0.55,0.2,0.3,0,0.5,10,9.5,10,rrt_20260807_061942_645.png
20260807_061944_077,2026-08-07 06:19:44,True,5055,100,17.90706044703822,34,0.55,0.2,0.3,0,0.5,10,9.5,10,rrt_20260807_061944_077.png
20260807_061945_977,2026-08-07 06:19:45,False,10000,115,0.0,0,0.55,0.2,0.3,0,0.5,10,9.5,10,rrt_20260807_061945_977.png
20260807_061947_581,2026-08-07 06:19:47,False,10000,81,0.0,0,0.55,0.2,0.3,0,0.5,10,9.5,10,rrt_20260807_061947_581.png
20260807_061949_340,2026-08-07 06:19:49,False,10000,99,0.0,0,0.55,0.2,0.3,0,0.5,10,9.5,10,rrt_20260807_061949_340.png
20260807_061950_123,2026-08-07 06:19:50,True,2969,59,17.05,32,0.55,0.2,0.3,0,0.5,10,9.5,10,rrt_20260807_061950_123.png
20260807_061952_123,2026-08-07 06:19:52,False,10000,91,0.0,0,0.55,0.2,0.3,0,0.5,10,9.5,10,rrt_20260807_061952_123.png
20260807_061953_792,2026-08-07 06:19:53,False,10000,87,0.0,0,0.55,0.2,0.3,0,0.5,10,9.5,10,rrt_20260807_061953_792.png
20260807_061955_065,2026-08-07 06:19:55,False,10000,39,0.0,0,0.55,0.2,0.3,0,0.5,10,9.5,10,rrt_20260807_061955_065.png
20260807_061956_303,2026-08-07 06:19:56,False,10000,35,0.0,0,0.55,0.2,0.3,0,0.5,10,9.5,10,rrt_20260807_061956_303.png
20260807_061957_453,2026-08-07 06:19:57,True,5207,79,19.129791470739555,36,0.55,0.2,0.3,0,0.5,10,9.5,10,rrt_20260807_061957_453.png
20260807_061959_146,2026-08-07 06:19:59,False,10000,94,0.0,0,0.55,0.2,0.3,0,0.5,10,9.5,10,rrt_20260807_061959_146.png
20260807_062000_950,2026-08-07 06:20:00,False,10000,109,0.0,0,0.55,0.2,0.3,0,0.5,10,9.5,10,rrt_20260807_062000_950.png
20260807_062002_563,2026-08-07 06:20:02,False,10000,82,0.0,0,0.55,0.2,0.3,0,0.5,10,9.5,10,rrt_20260807_062002_563.png
20260807_062004_589,2026-08-07 06:20:04,False,10000,128,0.0,0,0.55,0.2,0.3,0,0.5,10,9.5,10,rrt_20260807_062004_589.png
20260807_062006_343,2026-08-07 06:20:06,False,10000,123,0.0,0,0.55,0.2,0.3,0,0.5,10,9.5,10,rrt_20260807_062006_343.png
20260807_062006_887,2026-08-07 06:20:06,True,807,56,17.56509853632703,33,0.55,0.2,0.3,0,0.5,10,9.5,10,rrt_20260807_062006_887.png
20260807_062008_107,2026-08-07 06:20:08,False,10000,39,0.0,0,0.55,0.2,0.3,0,0.5,10,9.5,10,rrt_20260807_062008_107.png
20260807_062009_841,2026-08-07 06:20:09,False,10000,93,0.0,0,0.55,0.2,0.3,0,0.5,10,9.5,10,rrt_20260807_062009_841.png
20260807_062011_952,2026-08-07 06:20:11,False,10000,91,0.0,0,0.55,0.2,0.3,0,0.5,10,9.5,10,rrt_20260807_062011_952.png
20260807_062012_926,2026-08-07 06:20:12,True,4237,105,19.241425933314943,36,0.55,0.2,0.3,0,0.5,10,9.5,10,rrt_20260807_062012_926.png
20260807_062014_545,2026-08-07 06:20:14,False,10000,59,0.0,0,0.55,0.2,0.3,0,0.5,10,9.5,10,rrt_20260807_062014_545.png
20260807_062016_324,2026-08-07 06:20:16,False,10000,92,0.0,0,0.55,0.2,0.3,0,0.5,10,9.5,10,rrt_20260807_062016_324.png
20260807_062018_180,2026-08-07 06:20:18,False,10000,103,0.0,0,0.55,0.2,0.3,0,0.5,10,9.5,10,rrt_20260807_062018_180.png
20260807_062020_034,2026-08-07 06:20:20,False,10000,92,0.0,0,0.55,0.2,0.3,0,0.5,10,9.5,10,rrt_20260807_062020_034.png
20260807_062021_961,2026-08-07 06:20:21,False,10000,126,0.0,0,0.55,0.2,0.3,0,0.5,10,9.5,10,rrt_20260807_062021_961.png
20260807_062023_982,2026-08-07 06:20:23,False,10000,99,0.0,0,0.55,0.2,0.3,0,0.5,10,9.5,10,rrt_20260807_062023_982.png
20260807_062025_313,2026-08-07 06:20:25,False,10000,45,0.0,0,0.55,0.2,0.3,0,0.5,10,9.5,10,rrt_20260807_062025_313.png
20260807_062027_587,2026-08-07 06:20:27,False,10000,124,0.0,0,0.55,0.2,0.3,0,0.5,10,9.5,10,rrt_20260807_062027_587.png
20260807_062029_760,2026-08-07 06:20:29,False,10000,107,0.0,0,0.55,0.2,0.3,0,0.5,10,9.5,10,rrt_20260807_062029_760.png
20260807_062031_049,2026-08-07 06:20:31,False,10000,39,0.0,0,0.55,0.2,0.3,0,0.5,10,9.5,10,rrt_20260807_062031_049.png
20260807_062032_987,2026-08-07 06:20:32,False,10000,91,0.0,0,0.55,0.2,0.3,0,0.5,10,9.5,10,rrt_20260807_062032_987.png
20260807_062034_109,2026-08-07 06:20:34,False,10000,41,0.0,0,0.55,0.2,0.3,0,0.5,10,9.5,10,rrt_20260807_062034_109.png
20260807_062035_491,2026-08-07 06:20:35,False,10000,74,0.0,0,0.55,0.2,0.3,0,0.5,10,9.5,10,rrt_20260807_062035_491.png
20260807_062036_629,2026-08-07 06:20:36,False,10000,45,0.0,0,0.55,0.2,0.3,0,0.5,10,9.5,10,rrt_20260807_062036_629.png
20260807_062038_682,2026-08-07 06:20:38,False,10000,138,0.0,0,0.55,0.2,0.3,0,0.5,10,9.5,10,rrt_20260807_062038_682.png
20260807_062040_486,2026-08-07 06:20:40,False,10000,80,0.0,0,0.55,0.2,0.3,0,0.5,10,9.5,10,rrt_20260807_062040_486.png
20260807_062042_401,2026-08-07 06:20:42,False,10000,97,0.0,0,0.55,0.2,0.3,0,0.5,10,9.5,10,rrt_20260807_062042_401.png
20260807_062043_885,2026-08-07 06:20:43,False,10000,70,0.0,0,0.55,0.3,0.3,0,0.5,10,9.5,10,rrt_20260807_062043_885.png
20260807_062045_761,2026-08-07 06:20:45,False,10000,105,0.0,0,0.55,0.3,0.3,0,0.5,10,9.5,10,rrt_20260807_062045_761.png
20260807_062047_364,2026-08-07 06:20:47,False,10000,78,0.0,0,0.55,0.3,0.3,0,0.5,10,9.5,10,rrt_20260807_062047_364.png
20260807_062048_981,2026-08-07 06:20:48,False,10000,74,0.0,0,0.55,0.3,0.3,0,0.5,10,9.5,10,rrt_20260807_062048_981.png
20260807_062050_512,2026-08-07 06:20:50,False,10000,73,0.0,0,0.55,0.3,0.3,0,0.5,10,9.5,10,rrt_20260807_062050_512.png
20260807_062051_955,2026-08-07 06:20:51,False,10000,58,0.0,0,0.55,0.3,0.3,0,0.5,10,9.5,10,rrt_20260807_062051_955.png
20260807_062054_116,2026-08-07 06:20:54,False,10000,140,0.0,0,0.55,0.3,0.3,0,0.5,10,9.5,10,rrt_20260807_062054_116.png
20260807_062055_807,2026-08-07 06:20:55,False,10000,88,0.0,0,0.55,0.3,0.3,0,0.5,10,9.5,10,rrt_20260807_062055_807.png
20260807_062057_810,2026-08-07 06:20:57,False,10000,99,0.0,0,0.55,0.3,0.3,0,0.5,10,9.5,10,rrt_20260807_062057_810.png
20260807_062059_324,2026-08-07 06:20:59,False,10000,69,0.0,0,0.55,0.3,0.3,0,0.5,10,9.5,10,rrt_20260807_062059_324.png
20260807_062101_196,2026-08-07 06:21:01,False,10000,86,0.0,0,0.55,0.3,0.3,0,0.5,10,9.5,10,rrt_20260807_062101_196.png
20260807_062102_769,2026-08-07 06:21:02,False,10000,78,0.0,0,0.55,0.3,0.3,0,0.5,10,9.5,10,rrt_20260807_062102_769.png
20260807_062103_587,2026-08-07 06:21:03,True,1360,85,18.15000000000001,34,0.55,0.3,0.3,0,0.5,10,9.5,10,rrt_20260807_062103_587.png
20260807_062105_379,2026-08-07 06:21:05,False,10000,98,0.0,0,0.55,0.3,0.3,0,0.5,10,9.5,10,rrt_20260807_062105_379.png
20260807_062106_985,2026-08-07 06:21:06,False,10000,80,0.0,0,0.55,0.3,0.3,0,0.5,10,9.5,10,rrt_20260807_062106_985.png
20260807_062108_370,2026-08-07 06:21:08,False,10000,47,0.0,0,0.55,0.3,0.3,0,0.5,10,9.5,10,rrt_20260807_062108_370.png
20260807_062110_533,2026-08-07 06:21:10,False,10000,114,0.0,0,0.55,0.3,0.3,0,0.5,10,9.5,10,rrt_20260807_062110_533.png
20260807_062112_646,2026-08-07 06:21:12,False,10000,75,0.0,0,0.55,0.3,0.3,0,0.5,10,9.5,10,rrt_20260807_062112_646.png
20260807_062114_258,2026-08-07 06:21:14,False,10000,87,0.0,0,0.55,0.3,0.3,0,0.5,10,9.5,10,rrt_20260807_062114_258.png
20260807_062116_096,2026-08-07 06:21:16,False,10000,94,0.0,0,0.55,0.3,0.3,0,0.5,10,9.5,10,rrt_20260807_062116_096.png
20260807_062117_832,2026-08-07 06:21:17,False,10000,91,0.0,0,0.55,0.3,0.3,0,0.5,10,9.5,10,rrt_20260807_062117_832.png
20260807_062119_562,2026-08-07 06:21:19,False,10000,97,0.0,0,0.55,0.3,0.3,0,0.5,10,9.5,10,rrt_20260807_062119_562.png
20260807_062121_640,2026-08-07 06:21:21,False,10000,103,0.0,0,0.55,0.3,0.3,0,0.5,10,9.5,10,rrt_20260807_062121_640.png
20260807_062123_401,2026-08-07 06:21:23,False,10000,97,0.0,0,0.55,0.3,0.3,0,0.5,10,9.5,10,rrt_20260807_062123_401.png
20260807_062124_939,2026-08-07 06:21:24,False,10000,76,0.0,0,0.55,0.3,0.3,0,0.5,10,9.5,10,rrt_20260807_062124_939.png
20260807_062126_822,2026-08-07 06:21:26,False,10000,64,0.0,0,0.55,0.3,0.3,0,0.5,10,9.5,10,rrt_20260807_062126_822.png
20260807_062128_897,2026-08-07 06:21:28,False,10000,106,0.0,0,0.55,0.3,0.3,0,0.5,10,9.5,10,rrt_20260807_062128_897.png
20260807_062130_590,2026-08-07 06:21:30,False,10000,76,0.0,0,0.55,0.3,0.3,0,0.5,10,9.5,10,rrt_20260807_062130_590.png
20260807_062132_295,2026-08-07 06:21:32,False,10000,87,0.0,0,0.55,0.3,0.3,0,0.5,10,9.5,10,rrt_20260807_062132_295.png
20260807_062133_590,2026-08-07 06:21:33,False,10000,58,0.0,0,0.55,0.3,0.3,0,0.5,10,9.5,10,rrt_20260807_062133_590.png
20260807_062135_336,2026-08-07 06:21:35,False,10000,98,0.0,0,0.55,0.3,0.3,0,0.5,10,9.5,10,rrt_20260807_062135_336.png
20260807_062137_156,2026-08-07 06:21:37,False,10000,102,0.0,0,0.55,0.3,0.3,0,0.5,10,9.5,10,rrt_20260807_062137_156.png
20260807_062137_783,2026-08-07 06:21:37,True,1709,75,20.350000000000005,38,0.55,0.3,0.3,0,0.5,10,9.5,10,rrt_20260807_062137_783.png
20260807_062139_021,2026-08-07 06:21:39,False,10000,57,0.0,0,0.55,0.3,0.3,0,0.5,10,9.5,10,rrt_20260807_062139_021.png
20260807_062141_578,2026-08-07 06:21:41,False,10000,121,0.0,0,0.55,0.3,0.3,0,0.5,10,9.5,10,rrt_20260807_062141_578.png
20260807_062143_617,2026-08-07 06:21:43,False,10000,98,0.0,0,0.55,0.3,0.3,0,0.5,10,9.5,10,rrt_20260807_062143_617.png
20260807_062145_165,2026-08-07 06:21:45,False,10000,78,0.0,0,0.55,0.3,0.3,0,0.5,10,9.5,10,rrt_20260807_062145_165.png
20260807_062147_331,2026-08-07 06:21:47,False,10000,113,0.0,0,0.55,0.3,0.3,0,0.5,10,9.5,10,rrt_20260807_062147_331.png
20260807_062149_324,2026-08-07 06:21:49,False,10000,124,0.0,0,0.55,0.3,0.3,0,0.5,10,9.5,10,rrt_20260807_062149_324.png
20260807_062150_284,2026-08-07 06:21:50,True,3502,121,19.204520525702918,36,0.55,0.3,0.3,0,0.5,10,9.5,10,rrt_20260807_062150_284.png
20260807_062152_360,2026-08-07 06:21:52,False,10000,96,0.0,0,0.55,0.3,0.3,0,0.5,10,9.5,10,rrt_20260807_062152_360.png
20260807_062153_980,2026-08-07 06:21:53,False,10000,82,0.0,0,0.55,0.3,0.3,0,0.5,10,9.5,10,rrt_20260807_062153_980.png
20260807_062155_959,2026-08-07 06:21:55,False,10000,108,0.0,0,0.55,0.3,0.3,0,0.5,10,9.5,10,rrt_20260807_062155_959.png
20260807_062157_569,2026-08-07 06:21:57,False,10000,49,0.0,0,0.55,0.3,0.3,0,0.5,10,9.5,10,rrt_20260807_062157_569.png
20260807_062159_376,2026-08-07 06:21:59,False,10000,92,0.0,0,0.55,0.3,0.3,0,0.5,10,9.5,10,rrt_20260807_062159_376.png
20260807_062201_340,2026-08-07 06:22:01,False,10000,93,0.0,0,0.55,0.3,0.3,0,0.5,10,9.5,10,rrt_20260807_062201_340.png
20260807_062203_229,2026-08-07 06:22:03,False,10000,108,0.0,0,0.55,0.3,0.3,0,0.5,10,9.5,10,rrt_20260807_062203_229.png
20260807_062204_884,2026-08-07 06:22:04,False,10000,89,0.0,0,0.55,0.3,0.3,0,0.5,10,9.5,10,rrt_20260807_062204_884.png
20260807_062206_602,2026-08-07 06:22:06,False,10000,67,0.0,0,0.55,0.3,0.3,0,0.5,10,9.5,10,rrt_20260807_062206_602.png
20260807_062207_787,2026-08-07 06:22:07,False,10000,48,0.0,0,0.55,0.3,0.3,0,0.5,10,9.5,10,rrt_20260807_062207_787.png
20260807_062209_268,2026-08-07 06:22:09,False,10000,68,0.0,0,0.55,0.3,0.3,0,0.5,10,9.5,10,rrt_20260807_062209_268.png
20260807_062210_774,2026-08-07 06:22:10,False,10000,60,0.0,0,0.55,0.3,0.3,0,0.5,10,9.5,10,rrt_20260807_062210_774.png
20260807_062212_985,2026-08-07 06:22:12,False,10000,112,0.0,0,0.55,0.3,0.3,0,0.5,10,9.5,10,rrt_20260807_062212_985.png
20260807_062213_731,2026-08-07 06:22:13,True,2335,93,18.47251052909219,35,0.55,0.3,0.3,0,0.5,10,9.5,10,rrt_20260807_062213_731.png
20260807_062215_250,2026-08-07 06:22:15,False,10000,71,0.0,0,0.55,0.3,0.3,0,0.5,10,9.5,10,rrt_20260807_062215_250.png
20260807_062216_654,2026-08-07 06:22:16,False,10000,46,0.0,0,0.55,0.3,0.3,0,0.5,10,9.5,10,rrt_20260807_062216_654.png
20260807_062217_362,2026-08-07 06:22:17,True,775,61,17.36674545439132,33,0.55,0.3,0.3,0,0.5,10,9.5,10,rrt_20260807_062217_362.png
20260807_062219_124,2026-08-07 06:22:19,False,10000,104,0.0,0,0.55,0.3,0.3,0,0.5,10,9.5,10,rrt_20260807_062219_124.png
20260807_062221_177,2026-08-07 06:22:21,False,10000,95,0.0,0,0.55,0.3,0.3,0,0.5,10,9.5,10,rrt_20260807_062221_177.png
20260807_062222_807,2026-08-07 06:22:22,False,10000,64,0.0,0,0.55,0.3,0.3,0,0.5,10,9.5,10,rrt_20260807_062222_807.png
20260807_062224_546,2026-08-07 06:22:24,False,10000,74,0.0,0,0.55,0.3,0.3,0,0.5,10,9.5,10,rrt_20260807_062224_546.png
20260807_062226_364,2026-08-07 06:22:26,False,10000,79,0.0,0,0.55,0.3,0.3,0,0.5,10,9.5,10,rrt_20260807_062226_364.png
20260807_062228_216,2026-08-07 06:22:28,False,10000,104,0.0,0,0.55,0.3,0.3,0,0.5,10,9.5,10,rrt_20260807_062228_216.png
20260807_062230_382,2026-08-07 06:22:30,False,10000,143,0.0,0,0.55,0.3,0.3,0,0.5,10,9.5,10,rrt_20260807_062230_382.png
20260807_062232_363,2026-08-07 06:22:32,False,10000,94,0.0,0,0.55,0.3,0.3,0,0.5,10,9.5,10,rrt_20260807_062232_363.png
20260807_062233_971,2026-08-07 06:22:33,False,10000,76,0.0,0,0.55,0.3,0.3,0,0.5,10,9.5,10,rrt_20260807_062233_971.png
20260807_062235_323,2026-08-07 06:22:35,False,10000,46,0.0,0,0.55,0.3,0.3,0,0.5,10,9.5,10,rrt_20260807_062235_323.png
20260807_062237_000,2026-08-07 06:22:37,False,10000,90,0.0,0,0.55,0.3,0.3,0,0.5,10,9.5,10,rrt_20260807_062237_000.png
20260807_062239_190,2026-08-07 06:22:39,False,10000,121,0.0,0,0.55,0.3,0.3,0,0.5,10,9.5,10,rrt_20260807_062239_190.png
20260807_062239_935,2026-08-07 06:22:39,True,1312,74,21.76442685052937,41,0.55,0.3,0.3,0,0.5,10,9.5,10,rrt_20260807_062239_935.png
20260807_062241_170,2026-08-07 06:22:41,True,3742,107,17.358656451150594,33,0.55,0.3,0.3,0,0.5,10,9.5,10,rrt_20260807_062241_170.png
20260807_062241_833,2026-08-07 06:22:41,True,202,48,17.600000000000012,33,0.55,0.3,0.3,0,0.5,10,9.5,10,rrt_20260807_062241_833.png
20260807_062242_312,2026-08-07 06:22:42,True,801,55,19.800000000000008,37,0.55,0.3,0.3,0,0.5,10,9.5,10,rrt_20260807_062242_312.png
20260807_062244_141,2026-08-07 06:22:44,False,10000,88,0.0,0,0.55,0.3,0.3,0,0.5,10,9.5,10,rrt_20260807_062244_141.png
20260807_062245_786,2026-08-07 06:22:45,False,10000,72,0.0,0,0.55,0.3,0.3,0,0.5,10,9.5,10,rrt_20260807_062245_786.png
20260807_062247_537,2026-08-07 06:22:47,False,10000,93,0.0,0,0.55,0.3,0.3,0,0.5,10,9.5,10,rrt_20260807_062247_537.png
20260807_062248_317,2026-08-07 06:22:48,True,2426,113,20.115302232690343,38,0.55,0.3,0.3,0,0.5,10,9.5,10,rrt_20260807_062248_317.png
20260807_062250_296,2026-08-07 06:22:50,False,10000,94,0.0,0,0.55,0.3,0.3,0,0.5,10,9.5,10,rrt_20260807_062250_296.png
20260807_062252_142,2026-08-07 06:22:52,False,10000,103,0.0,0,0.55,0.3,0.3,0,0.5,10,9.5,10,rrt_20260807_062252_142.png
20260807_062253_964,2026-08-07 06:22:53,False,10000,62,0.0,0,0.55,0.3,0.3,0,0.5,10,9.5,10,rrt_20260807_062253_964.png
20260807_062254_691,2026-08-07 06:22:54,True,2223,109,17.930420826700352,34,0.55,0.3,0.3,0,0.5,10,9.5,10,rrt_20260807_062254_691.png
20260807_062256_601,2026-08-07 06:22:56,False,10000,94,0.0,0,0.55,0.3,0.3,0,0.5,10,9.5,10,rrt_20260807_062256_601.png
20260807_062258_627,2026-08-07 06:22:58,False,10000,102,0.0,0,0.55,0.3,0.3,0,0.5,10,9.5,10,rrt_20260807_062258_627.png
20260807_062259_149,2026-08-07 06:22:59,True,418,57,17.91339738332086,34,0.55,0.3,0.3,0,0.5,10,9.5,10,rrt_20260807_062259_149.png
20260807_062300_853,2026-08-07 06:23:00,False,10000,88,0.0,0,0.55,0.3,0.3,0,0.5,10,9.5,10,rrt_20260807_062300_853.png
20260807_062302_407,2026-08-07 06:23:02,False,10000,42,0.0,0,0.55,0.3,0.3,0,0.5,10,9.5,10,rrt_20260807_062302_407.png
20260807_062304_605,2026-08-07 06:23:04,False,10000,142,0.0,0,0.55,0.3,0.3,0,0.5,10,9.5,10,rrt_20260807_062304_605.png
20260807_062306_496,2026-08-07 06:23:06,False,10000,85,0.0,0,0.55,0.3,0.3,0,0.5,10,9.5,10,rrt_20260807_062306_496.png
20260807_062308_365,2026-08-07 06:23:08,False,10000,89,0.0,0,0.55,0.3,0.3,0,0.5,10,9.5,10,rrt_20260807_062308_365.png
20260807_062309_344,2026-08-07 06:23:09,True,4086,79,17.91707184004368,34,0.55,0.3,0.3,0,0.5,10,9.5,10,rrt_20260807_062309_344.png
20260807_062310_733,2026-08-07 06:23:10,False,10000,45,0.0,0,0.55,0.3,0.3,0,0.5,10,9.5,10,rrt_20260807_062310_733.png
20260807_062312_610,2026-08-07 06:23:12,False,10000,76,0.0,0,0.55,0.3,0.3,0,0.5,10,9.5,10,rrt_20260807_062312_610.png
20260807_062314_418,2026-08-07 06:23:14,False,10000,84,0.0,0,0.55,0.3,0.3,0,0.5,10,9.5,10,rrt_20260807_062314_418.png
20260807_062316_041,2026-08-07 06:23:16,False,10000,77,0.0,0,0.55,0.3,0.3,0,0.5,10,9.5,10,rrt_20260807_062316_041.png
20260807_062317_560,2026-08-07 06:23:17,False,10000,72,0.0,0,0.55,0.3,0.3,0,0.5,10,9.5,10,rrt_20260807_062317_560.png
20260807_062319_615,2026-08-07 06:23:19,False,10000,103,0.0,0,0.55,0.3,0.3,0,0.5,10,9.5,10,rrt_20260807_062319_615.png
20260807_062321_110,2026-08-07 06:23:21,False,10000,58,0.0,0,0.55,0.3,0.3,0,0.5,10,9.5,10,rrt_20260807_062321_110.png
20260807_062323_091,2026-08-07 06:23:23,False,10000,96,0.0,0,0.55,0.3,0.3,0,0.5,10,9.5,10,rrt_20260807_062323_091.png
20260807_062324_805,2026-08-07 06:23:24,False,10000,92,0.0,0,0.55,0.3,0.3,0,0.5,10,9.5,10,rrt_20260807_062324_805.png
20260807_062325_590,2026-08-07 06:23:25,True,2353,111,17.941227217603817,34,0.55,0.3,0.3,0,0.5,10,9.5,10,rrt_20260807_062325_590.png
20260807_062326_232,2026-08-07 06:23:26,True,1022,94,16.877772879651616,32,0.55,0.4,0.3,0,0.5,10,9.5,10,rrt_20260807_062326_232.png
20260807_062326_925,2026-08-07 06:23:26,True,1765,103,19.011608790429946,36,0.55,0.4,0.3,0,0.5,10,9.5,10,rrt_20260807_062326_925.png
20260807_062328_889,2026-08-07 06:23:28,False,10000,100,0.0,0,0.55,0.4,0.3,0,0.5,10,9.5,10,rrt_20260807_062328_889.png
20260807_062330_825,2026-08-07 06:23:30,False,10000,73,0.0,0,0.55,0.4,0.3,0,0.5,10,9.5,10,rrt_20260807_062330_825.png
20260807_062332_949,2026-08-07 06:23:32,False,10000,113,0.0,0,0.55,0.4,0.3,0,0.5,10,9.5,10,rrt_20260807_062332_949.png
20260807_062335_062,2026-08-07 06:23:35,False,10000,97,0.0,0,0.55,0.4,0.3,0,0.5,10,9.5,10,rrt_20260807_062335_062.png
20260807_062337_060,2026-08-07 06:23:37,False,10000,100,0.0,0,0.55,0.4,0.3,0,0.5,10,9.5,10,rrt_20260807_062337_060.png
20260807_062337_634,2026-08-07 06:23:37,True,961,76,20.177506032310614,38,0.55,0.4,0.3,0,0.5,10,9.5,10,rrt_20260807_062337_634.png
20260807_062339_903,2026-08-07 06:23:39,False,10000,128,0.0,0,0.55,0.4,0.3,0,0.5,10,9.5,10,rrt_20260807_062339_903.png
20260807_062341_297,2026-08-07 06:23:41,False,10000,46,0.0,0,0.55,0.4,0.3,0,0.5,10,9.5,10,rrt_20260807_062341_297.png
20260807_062343_046,2026-08-07 06:23:43,False,10000,95,0.0,0,0.55,0.4,0.3,0,0.5,10,9.5,10,rrt_20260807_062343_046.png
20260807_062344_354,2026-08-07 06:23:44,False,10000,44,0.0,0,0.55,0.4,0.3,0,0.5,10,9.5,10,rrt_20260807_062344_354.png
20260807_062345_618,2026-08-07 06:23:45,False,10000,46,0.0,0,0.55,0.4,0.3,0,0.5,10,9.5,10,rrt_20260807_062345_618.png
20260807_062347_678,2026-08-07 06:23:47,False,10000,99,0.0,0,0.55,0.4,0.3,0,0.5,10,9.5,10,rrt_20260807_062347_678.png
20260807_062349_746,2026-08-07 06:23:49,False,10000,86,0.0,0,0.55,0.4,0.3,0,0.5,10,9.5,10,rrt_20260807_062349_746.png
20260807_062351_487,2026-08-07 06:23:51,False,10000,85,0.0,0,0.55,0.4,0.3,0,0.5,10,9.5,10,rrt_20260807_062351_487.png
20260807_062353_444,2026-08-07 06:23:53,False,10000,112,0.0,0,0.55,0.4,0.3,0,0.5,10,9.5,10,rrt_20260807_062353_444.png
20260807_062355_091,2026-08-07 06:23:55,False,10000,80,0.0,0,0.55,0.4,0.3,0,0.5,10,9.5,10,rrt_20260807_062355_091.png
20260807_062355_679,2026-08-07 06:23:55,True,733,68,19.008127798980926,36,0.55,0.4,0.3,0,0.5,10,9.5,10,rrt_20260807_062355_679.png
20260807_062357_535,2026-08-07 06:23:57,False,10000,110,0.0,0,0.55,0.4,0.3,0,0.5,10,9.5,10,rrt_20260807_062357_535.png
20260807_062359_207,2026-08-07 06:23:59,False,10000,86,0.0,0,0.55,0.4,0.3,0,0.5,10,9.5,10,rrt_20260807_062359_207.png
20260807_062401_083,2026-08-07 06:24:01,False,10000,106,0.0,0,0.55,0.4,0.3,0,0.5,10,9.5,10,rrt_20260807_062401_083.png
20260807_062402_536,2026-08-07 06:24:02,False,10000,60,0.0,0,0.55,0.4,0.3,0,0.5,10,9.5,10,rrt_20260807_062402_536.png
20260807_062404_491,2026-08-07 06:24:04,False,10000,89,0.0,0,0.55,0.4,0.3,0,0.5,10,9.5,10,rrt_20260807_062404_491.png
20260807_062406_238,2026-08-07 06:24:06,False,10000,92,0.0,0,0.55,0.4,0.3,0,0.5,10,9.5,10,rrt_20260807_062406_238.png
20260807_062406_953,2026-08-07 06:24:06,True,2047,95,17.942245622284815,34,0.55,0.4,0.3,0,0.5,10,9.5,10,rrt_20260807_062406_953.png
20260807_062408_544,2026-08-07 06:24:08,False,10000,82,0.0,0,0.55,0.4,0.3,0,0.5,10,9.5,10,rrt_20260807_062408_544.png
20260807_062410_330,2026-08-07 06:24:10,False,10000,97,0.0,0,0.55,0.4,0.3,0,0.5,10,9.5,10,rrt_20260807_062410_330.png
20260807_062412_270,2026-08-07 06:24:12,False,10000,84,0.0,0,0.55,0.4,0.3,0,0.5,10,9.5,10,rrt_20260807_062412_270.png
20260807_062414_641,2026-08-07 06:24:14,False,10000,130,0.0,0,0.55,0.4,0.3,0,0.5,10,9.5,10,rrt_20260807_062414_641.png
20260807_062415_214,2026-08-07 06:24:15,True,440,55,17.477253117312735,33,0.55,0.4,0.3,0,0.5,10,9.5,10,rrt_20260807_062415_214.png
20260807_062416_687,2026-08-07 06:24:16,False,10000,60,0.0,0,0.55,0.4,0.3,0,0.5,10,9.5,10,rrt_20260807_062416_687.png
20260807_062418_565,2026-08-07 06:24:18,False,10000,88,0.0,0,0.55,0.4,0.3,0,0.5,10,9.5,10,rrt_20260807_062418_565.png
20260807_062419_110,2026-08-07 06:24:19,True,771,76,19.250000000000004,36,0.55,0.4,0.3,0,0.5,10,9.5,10,rrt_20260807_062419_110.png
20260807_062419_619,2026-08-07 06:24:19,True,865,79,19.250000000000007,36,0.55,0.4,0.3,0,0.5,10,9.5,10,rrt_20260807_062419_619.png
20260807_062421_674,2026-08-07 06:24:21,False,10000,112,0.0,0,0.55,0.4,0.3,0,0.5,10,9.5,10,rrt_20260807_062421_674.png
20260807_062422_367,2026-08-07 06:24:22,True,2087,97,18.457048751800652,35,0.55,0.4,0.3,0,0.5,10,9.5,10,rrt_20260807_062422_367.png
20260807_062424_111,2026-08-07 06:24:24,False,10000,99,0.0,0,0.55,0.4,0.3,0,0.5,10,9.5,10,rrt_20260807_062424_111.png
20260807_062426_000,2026-08-07 06:24:26,False,10000,105,0.0,0,0.55,0.4,0.3,0,0.5,10,9.5,10,rrt_20260807_062426_000.png
20260807_062427_585,2026-08-07 06:24:27,False,10000,76,0.0,0,0.55,0.4,0.3,0,0.5,10,9.5,10,rrt_20260807_062427_585.png
20260807_062429_075,2026-08-07 06:24:29,False,10000,59,0.0,0,0.55,0.4,0.3,0,0.5,10,9.5,10,rrt_20260807_062429_075.png
20260807_062431_191,2026-08-07 06:24:31,False,10000,100,0.0,0,0.55,0.4,0.3,0,0.5,10,9.5,10,rrt_20260807_062431_191.png
20260807_062431_766,2026-08-07 06:24:31,True,803,92,20.17407309402279,38,0.55,0.4,0.3,0,0.5,10,9.5,10,rrt_20260807_062431_766.png
20260807_062433_439,2026-08-07 06:24:33,False,10000,90,0.0,0,0.55,0.4,0.3,0,0.5,10,9.5,10,rrt_20260807_062433_439.png
20260807_062434_951,2026-08-07 06:24:34,False,10000,46,0.0,0,0.55,0.4,0.3,0,0.5,10,9.5,10,rrt_20260807_062434_951.png
20260807_062435_455,2026-08-07 06:24:35,True,299,57,17.364272829268405,33,0.55,0.4,0.3,0,0.5,10,9.5,10,rrt_20260807_062435_455.png
20260807_062437_254,2026-08-07 06:24:37,False,10000,107,0.0,0,0.55,0.4,0.3,0,0.5,10,9.5,10,rrt_20260807_062437_254.png
20260807_062437_835,2026-08-07 06:24:37,True,1112,83,17.967043839544605,34,0.55,0.4,0.3,0,0.5,10,9.5,10,rrt_20260807_062437_835.png
20260807_062439_598,2026-08-07 06:24:39,False,10000,83,0.0,0,0.55,0.4,0.3,0,0.5,10,9.5,10,rrt_20260807_062439_598.png
20260807_062441_431,2026-08-07 06:24:41,False,10000,102,0.0,0,0.55,0.4,0.3,0,0.5,10,9.5,10,rrt_20260807_062441_431.png
20260807_062443_442,2026-08-07 06:24:43,False,10000,94,0.0,0,0.55,0.4,0.3,0,0.5,10,9.5,10,rrt_20260807_062443_442.png
20260807_062445_250,2026-08-07 06:24:45,False,10000,83,0.0,0,0.55,0.4,0.3,0,0.5,10,9.5,10,rrt_20260807_062445_250.png
20260807_062447_265,2026-08-07 06:24:47,False,10000,100,0.0,0,0.55,0.4,0.3,0,0.5,10,9.5,10,rrt_20260807_062447_265.png
20260807_062448_154,2026-08-07 06:24:48,True,2804,141,18.628923657052784,35,0.55,0.4,0.3,0,0.5,10,9.5,10,rrt_20260807_062448_154.png
20260807_062450_252,2026-08-07 06:24:50,False,10000,113,0.0,0,0.55,0.4,0.3,0,0.5,10,9.5,10,rrt_20260807_062450_252.png
20260807_062452_220,2026-08-07 06:24:52,False,10000,114,0.0,0,0.55,0.4,0.3,0,0.5,10,9.5,10,rrt_20260807_062452_220.png
20260807_062453_972,2026-08-07 06:24:53,False,10000,96,0.0,0,0.55,0.4,0.3,0,0.5,10,9.5,10,rrt_20260807_062453_972.png
20260807_062455_707,2026-08-07 06:24:55,False,10000,96,0.0,0,0.55,0.4,0.3,0,0.5,10,9.5,10,rrt_20260807_062455_707.png
20260807_062456_410,2026-08-07 06:24:56,True,241,47,16.500000000000007,31,0.55,0.4,0.3,0,0.5,10,9.5,10,rrt_20260807_062456_410.png
20260807_062458_025,2026-08-07 06:24:58,False,10000,69,0.0,0,0.55,0.4,0.3,0,0.5,10,9.5,10,rrt_20260807_062458_025.png
20260807_062458_582,2026-08-07 06:24:58,True,430,56,18.124030238438625,34,0.55,0.4,0.3,0,0.5,10,9.5,10,rrt_20260807_062458_582.png
20260807_062500_675,2026-08-07 06:25:00,False,10000,99,0.0,0,0.55,0.4,0.3,0,0.5,10,9.5,10,rrt_20260807_062500_675.png
20260807_062502_368,2026-08-07 06:25:02,False,10000,85,0.0,0,0.55,0.4,0.3,0,0.5,10,9.5,10,rrt_20260807_062502_368.png
20260807_062504_102,2026-08-07 06:25:04,False,10000,92,0.0,0,0.55,0.4,0.3,0,0.5,10,9.5,10,rrt_20260807_062504_102.png
20260807_062505_739,2026-08-07 06:25:05,False,10000,83,0.0,0,0.55,0.4,0.3,0,0.5,10,9.5,10,rrt_20260807_062505_739.png
20260807_062507_399,2026-08-07 06:25:07,False,10000,90,0.0,0,0.55,0.4,0.3,0,0.5,10,9.5,10,rrt_20260807_062507_399.png
20260807_062509_275,2026-08-07 06:25:09,False,10000,89,0.0,0,0.55,0.4,0.3,0,0.5,10,9.5,10,rrt_20260807_062509_275.png
20260807_062511_286,2026-08-07 06:25:11,False,10000,68,0.0,0,0.55,0.4,0.3,0,0.5,10,9.5,10,rrt_20260807_062511_286.png
20260807_062513_460,2026-08-07 06:25:13,False,10000,97,0.0,0,0.55,0.4,0.3,0,0.5,10,9.5,10,rrt_20260807_062513_460.png
20260807_062515_068,2026-08-07 06:25:15,False,10000,80,0.0,0,0.55,0.4,0.3,0,0.5,10,9.5,10,rrt_20260807_062515_068.png
20260807_062516_766,2026-08-07 06:25:16,False,10000,83,0.0,0,0.55,0.4,0.3,0,0.5,10,9.5,10,rrt_20260807_062516_766.png
20260807_062517_330,2026-08-07 06:25:17,True,1177,80,19.18671814348112,36,0.55,0.4,0.3,0,0.5,10,9.5,10,rrt_20260807_062517_330.png
20260807_062517_929,2026-08-07 06:25:17,True,1309,100,18.450883456308407,35,0.55,0.4,0.3,0,0.5,10,9.5,10,rrt_20260807_062517_929.png
20260807_062519_996,2026-08-07 06:25:19,False,10000,91,0.0,0,0.55,0.4,0.3,0,0.5,10,9.5,10,rrt_20260807_062519_996.png
20260807_062520_523,2026-08-07 06:25:20,True,621,55,19.250000000000007,36,0.55,0.4,0.3,0,0.5,10,9.5,10,rrt_20260807_062520_523.png
20260807_062522_562,2026-08-07 06:25:22,False,10000,111,0.0,0,0.55,0.4,0.3,0,0.5,10,9.5,10,rrt_20260807_062522_562.png
20260807_062523_266,2026-08-07 06:25:23,True,413,74,19.01087510297754,36,0.55,0.4,0.3,0,0.5,10,9.5,10,rrt_20260807_062523_266.png
20260807_062524_886,2026-08-07 06:25:24,False,10000,85,0.0,0,0.55,0.4,0.3,0,0.5,10,9.5,10,rrt_20260807_062524_886.png
20260807_062526_644,2026-08-07 06:25:26,False,10000,103,0.0,0,0.55,0.4,0.3,0,0.5,10,9.5,10,rrt_20260807_062526_644.png
20260807_062528_273,2026-08-07 06:25:28,False,10000,82,0.0,0,0.55,0.4,0.3,0,0.5,10,9.5,10,rrt_20260807_062528_273.png
20260807_062530_408,2026-08-07 06:25:30,False,10000,138,0.0,0,0.55,0.4,0.3,0,0.5,10,9.5,10,rrt_20260807_062530_408.png
20260807_062532_014,2026-08-07 06:25:32,False,10000,81,0.0,0,0.55,0.4,0.3,0,0.5,10,9.5,10,rrt_20260807_062532_014.png
20260807_062533_702,2026-08-07 06:25:33,False,10000,91,0.0,0,0.55,0.4,0.3,0,0.5,10,9.5,10,rrt_20260807_062533_702.png
20260807_062535_631,2026-08-07 06:25:35,False,10000,96,0.0,0,0.55,0.4,0.3,0,0.5,10,9.5,10,rrt_20260807_062535_631.png
20260807_062537_443,2026-08-07 06:25:37,False,10000,101,0.0,0,0.55,0.4,0.3,0,0.5,10,9.5,10,rrt_20260807_062537_443.png
20260807_062538_188,2026-08-07 06:25:38,True,694,63,17.60000000000001,33,0.55,0.4,0.3,0,0.5,10,9.5,10,rrt_20260807_062538_188.png
20260807_062540_015,2026-08-07 06:25:40,False,10000,103,0.0,0,0.55,0.4,0.3,0,0.5,10,9.5,10,rrt_20260807_062540_015.png
20260807_062541_785,2026-08-07 06:25:41,False,10000,99,0.0,0,0.55,0.4,0.3,0,0.5,10,9.5,10,rrt_20260807_062541_785.png
20260807_062543_204,2026-08-07 06:25:43,False,10000,45,0.0,0,0.55,0.4,0.3,0,0.5,10,9.5,10,rrt_20260807_062543_204.png
20260807_062544_794,2026-08-07 06:25:44,False,10000,80,0.0,0,0.55,0.4,0.3,0,0.5,10,9.5,10,rrt_20260807_062544_794.png
20260807_062545_513,2026-08-07 06:25:45,True,2060,89,18.569255662373564,35,0.55,0.4,0.3,0,0.5,10,9.5,10,rrt_20260807_062545_513.png
20260807_062547_244,2026-08-07 06:25:47,False,10000,99,0.0,0,0.55,0.4,0.3,0,0.5,10,9.5,10,rrt_20260807_062547_244.png
20260807_062548_913,2026-08-07 06:25:48,False,10000,85,0.0,0,0.55,0.4,0.3,0,0.5,10,9.5,10,rrt_20260807_062548_913.png
20260807_062550_375,2026-08-07 06:25:50,False,10000,57,0.0,0,0.55,0.4,0.3,0,0.5,10,9.5,10,rrt_20260807_062550_375.png
20260807_062552_780,2026-08-07 06:25:52,False,10000,88,0.0,0,0.55,0.4,0.3,0,0.5,10,9.5,10,rrt_20260807_062552_780.png
20260807_062554_692,2026-08-07 06:25:54,False,10000,90,0.0,0,0.55,0.4,0.3,0,0.5,10,9.5,10,rrt_20260807_062554_692.png
20260807_062556_380,2026-08-07 06:25:56,False,10000,68,0.0,0,0.55,0.4,0.3,0,0.5,10,9.5,10,rrt_20260807_062556_380.png
20260807_062558_412,2026-08-07 06:25:58,False,10000,106,0.0,0,0.55,0.4,0.3,0,0.5,10,9.5,10,rrt_20260807_062558_412.png
20260807_062600_279,2026-08-07 06:26:00,False,10000,87,0.0,0,0.55,0.4,0.3,0,0.5,10,9.5,10,rrt_20260807_062600_279.png
20260807_062602_427,2026-08-07 06:26:02,False,10000,113,0.0,0,0.55,0.4,0.3,0,0.5,10,9.5,10,rrt_20260807_062602_427.png
20260807_062603_080,2026-08-07 06:26:03,True,339,71,17.482834422262783,33,0.55,0.5,0.3,0,0.5,10,9.5,10,rrt_20260807_062603_080.png
20260807_062603_653,2026-08-07 06:26:03,True,973,90,17.94363330853942,34,0.55,0.5,0.3,0,0.5,10,9.5,10,rrt_20260807_062603_653.png
20260807_062605_049,2026-08-07 06:26:05,False,10000,58,0.0,0,0.55,0.5,0.3,0,0.5,10,9.5,10,rrt_20260807_062605_049.png
20260807_062606_553,2026-08-07 06:26:06,False,10000,40,0.0,0,0.55,0.5,0.3,0,0.5,10,9.5,10,rrt_20260807_062606_553.png
20260807_062608_423,2026-08-07 06:26:08,False,10000,90,0.0,0,0.55,0.5,0.3,0,0.5,10,9.5,10,rrt_20260807_062608_423.png
20260807_062608_984,2026-08-07 06:26:08,True,225,53,17.500158706628334,33,0.55,0.5,0.3,0,0.5,10,9.5,10,rrt_20260807_062608_984.png
20260807_062609_555,2026-08-07 06:26:09,True,1177,93,18.458958596187003,35,0.55,0.5,0.3,0,0.5,10,9.5,10,rrt_20260807_062609_555.png
20260807_062610_076,2026-08-07 06:26:10,True,910,94,17.05,32,0.55,0.5,0.3,0,0.5,10,9.5,10,rrt_20260807_062610_076.png
20260807_062611_423,2026-08-07 06:26:11,False,10000,36,0.0,0,0.55,0.5,0.3,0,0.5,10,9.5,10,rrt_20260807_062611_423.png
20260807_062613_384,2026-08-07 06:26:13,False,10000,100,0.0,0,0.55,0.5,0.3,0,0.5,10,9.5,10,rrt_20260807_062613_384.png
20260807_062615_300,2026-08-07 06:26:15,False,10000,106,0.0,0,0.55,0.5,0.3,0,0.5,10,9.5,10,rrt_20260807_062615_300.png
20260807_062617_304,2026-08-07 06:26:17,False,10000,117,0.0,0,0.55,0.5,0.3,0,0.5,10,9.5,10,rrt_20260807_062617_304.png
20260807_062619_388,2026-08-07 06:26:19,False,10000,98,0.0,0,0.55,0.5,0.3,0,0.5,10,9.5,10,rrt_20260807_062619_388.png
20260807_062619_893,2026-08-07 06:26:19,True,320,63,17.050000000000008,32,0.55,0.5,0.3,0,0.5,10,9.5,10,rrt_20260807_062619_893.png
20260807_062621_395,2026-08-07 06:26:21,False,10000,65,0.0,0,0.55,0.5,0.3,0,0.5,10,9.5,10,rrt_20260807_062621_395.png
20260807_062623_358,2026-08-07 06:26:23,False,10000,102,0.0,0,0.55,0.5,0.3,0,0.5,10,9.5,10,rrt_20260807_062623_358.png
20260807_062624_858,2026-08-07 06:26:24,False,10000,69,0.0,0,0.55,0.5,0.3,0,0.5,10,9.5,10,rrt_20260807_062624_858.png
20260807_062626_843,2026-08-07 06:26:26,False,10000,87,0.0,0,0.55,0.5,0.3,0,0.5,10,9.5,10,rrt_20260807_062626_843.png
20260807_062628_354,2026-08-07 06:26:28,False,10000,76,0.0,0,0.55,0.5,0.3,0,0.5,10,9.5,10,rrt_20260807_062628_354.png
20260807_062630_455,2026-08-07 06:26:30,False,10000,114,0.0,0,0.55,0.5,0.3,0,0.5,10,9.5,10,rrt_20260807_062630_455.png
20260807_062632_793,2026-08-07 06:26:32,False,10000,114,0.0,0,0.55,0.5,0.3,0,0.5,10,9.5,10,rrt_20260807_062632_793.png
20260807_062633_375,2026-08-07 06:26:33,True,908,95,18.04825702836475,34,0.55,0.5,0.3,0,0.5,10,9.5,10,rrt_20260807_062633_375.png
20260807_062635_004,2026-08-07 06:26:35,False,10000,72,0.0,0,0.55,0.5,0.3,0,0.5,10,9.5,10,rrt_20260807_062635_004.png
20260807_062636_778,2026-08-07 06:26:36,False,10000,71,0.0,0,0.55,0.5,0.3,0,0.5,10,9.5,10,rrt_20260807_062636_778.png
20260807_062638_650,2026-08-07 06:26:38,False,10000,104,0.0,0,0.55,0.5,0.3,0,0.5,10,9.5,10,rrt_20260807_062638_650.png
20260807_062640_467,2026-08-07 06:26:40,False,10000,84,0.0,0,0.55,0.5,0.3,0,0.5,10,9.5,10,rrt_20260807_062640_467.png
20260807_062640_992,2026-08-07 06:26:40,True,513,68,17.050000000000008,32,0.55,0.5,0.3,0,0.5,10,9.5,10,rrt_20260807_062640_992.png
20260807_062642_696,2026-08-07 06:26:42,False,10000,94,0.0,0,0.55,0.5,0.3,0,0.5,10,9.5,10,rrt_20260807_062642_696.png
20260807_062644_334,2026-08-07 06:26:44,False,10000,78,0.0,0,0.55,0.5,0.3,0,0.5,10,9.5,10,rrt_20260807_062644_334.png
20260807_062646_214,2026-08-07 06:26:46,False,10000,79,0.0,0,0.55,0.5,0.3,0,0.5,10,9.5,10,rrt_20260807_062646_214.png
20260807_062648_117,2026-08-07 06:26:48,False,10000,95,0.0,0,0.55,0.5,0.3,0,0.5,10,9.5,10,rrt_20260807_062648_117.png
20260807_062649_939,2026-08-07 06:26:49,False,10000,98,0.0,0,0.55,0.5,0.3,0,0.5,10,9.5,10,rrt_20260807_062649_939.png
20260807_062651_995,2026-08-07 06:26:51,False,10000,100,0.0,0,0.55,0.5,0.3,0,0.5,10,9.5,10,rrt_20260807_062651_995.png
20260807_062653_691,2026-08-07 06:26:53,False,10000,88,0.0,0,0.55,0.5,0.3,0,0.5,10,9.5,10,rrt_20260807_062653_691.png
20260807_062654_337,2026-08-07 06:26:54,True,1351,97,18.15000000000001,34,0.55,0.5,0.3,0,0.5,10,9.5,10,rrt_20260807_062654_337.png
20260807_062655_045,2026-08-07 06:26:55,True,1933,108,19.059471720894187,36,0.55,0.5,0.3,0,0.5,10,9.5,10,rrt_20260807_062655_045.png
20260807_062656_358,2026-08-07 06:26:56,False,10000,47,0.0,0,0.55,0.5,0.3,0,0.5,10,9.5,10,rrt_20260807_062656_358.png
20260807_062658_056,2026-08-07 06:26:58,False,10000,92,0.0,0,0.55,0.5,0.3,0,0.5,10,9.5,10,rrt_20260807_062658_056.png
20260807_062700_033,2026-08-07 06:27:00,False,10000,82,0.0,0,0.55,0.5,0.3,0,0.5,10,9.5,10,rrt_20260807_062700_033.png
20260807_062701_671,2026-08-07 06:27:01,False,10000,79,0.0,0,0.55,0.5,0.3,0,0.5,10,9.5,10,rrt_20260807_062701_671.png
20260807_062703_021,2026-08-07 06:27:03,False,10000,47,0.0,0,0.55,0.5,0.3,0,0.5,10,9.5,10,rrt_20260807_062703_021.png
20260807_062704_550,2026-08-07 06:27:04,False,10000,67,0.0,0,0.55,0.5,0.3,0,0.5,10,9.5,10,rrt_20260807_062704_550.png
20260807_062706_119,2026-08-07 06:27:06,False,10000,79,0.0,0,0.55,0.5,0.3,0,0.5,10,9.5,10,rrt_20260807_062706_119.png
20260807_062706_877,2026-08-07 06:27:06,True,1817,123,17.468096420008987,33,0.55,0.5,0.3,0,0.5,10,9.5,10,rrt_20260807_062706_877.png
20260807_062708_618,2026-08-07 06:27:08,False,10000,79,0.0,0,0.55,0.5,0.3,0,0.5,10,9.5,10,rrt_20260807_062708_618.png
20260807_062710_004,2026-08-07 06:27:10,False,10000,60,0.0,0,0.55,0.5,0.3,0,0.5,10,9.5,10,rrt_20260807_062710_004.png
20260807_062710_841,2026-08-07 06:27:10,True,336,69,17.6,33,0.55,0.5,0.3,0,0.5,10,9.5,10,rrt_20260807_062710_841.png
20260807_062712_647,2026-08-07 06:27:12,False,10000,79,0.0,0,0.55,0.5,0.3,0,0.5,10,9.5,10,rrt_20260807_062712_647.png
20260807_062714_314,2026-08-07 06:27:14,False,10000,92,0.0,0,0.55,0.5,0.3,0,0.5,10,9.5,10,rrt_20260807_062714_314.png
20260807_062716_572,2026-08-07 06:27:16,False,10000,127,0.0,0,0.55,0.5,0.3,0,0.5,10,9.5,10,rrt_20260807_062716_572.png
20260807_062718_222,2026-08-07 06:27:18,False,10000,87,0.0,0,0.55,0.5,0.3,0,0.5,10,9.5,10,rrt_20260807_062718_222.png
20260807_062718_757,2026-08-07 06:27:18,True,494,71,17.53719151819677,33,0.55,0.5,0.3,0,0.5,10,9.5,10,rrt_20260807_062718_757.png
20260807_062719_233,2026-08-07 06:27:19,True,573,69,18.5208146497316,35,0.55,0.5,0.3,0,0.5,10,9.5,10,rrt_20260807_062719_233.png
20260807_062719_958,2026-08-07 06:27:19,True,1826,105,19.80000000000001,37,0.55,0.5,0.3,0,0.5,10,9.5,10,rrt_20260807_062719_958.png
20260807_062721_752,2026-08-07 06:27:21,False,10000,100,0.0,0,0.55,0.5,0.3,0,0.5,10,9.5,10,rrt_20260807_062721_752.png
20260807_062723_778,2026-08-07 06:27:23,False,10000,105,0.0,0,0.55,0.5,0.3,0,0.5,10,9.5,10,rrt_20260807_062723_778.png
20260807_062725_772,2026-08-07 06:27:25,False,10000,84,0.0,0,0.55,0.5,0.3,0,0.5,10,9.5,10,rrt_20260807_062725_772.png
20260807_062727_724,2026-08-07 06:27:27,False,10000,101,0.0,0,0.55,0.5,0.3,0,0.5,10,9.5,10,rrt_20260807_062727_724.png
20260807_062729_443,2026-08-07 06:27:29,False,10000,92,0.0,0,0.55,0.5,0.3,0,0.5,10,9.5,10,rrt_20260807_062729_443.png
20260807_062731_421,2026-08-07 06:27:31,False,10000,86,0.0,0,0.55,0.5,0.3,0,0.5,10,9.5,10,rrt_20260807_062731_421.png
20260807_062733_171,2026-08-07 06:27:33,False,10000,95,0.0,0,0.55,0.5,0.3,0,0.5,10,9.5,10,rrt_20260807_062733_171.png
20260807_062734_904,2026-08-07 06:27:34,False,10000,86,0.0,0,0.55,0.5,0.3,0,0.5,10,9.5,10,rrt_20260807_062734_904.png
20260807_062735_419,2026-08-07 06:27:35,True,364,60,18.70000000000001,35,0.55,0.5,0.3,0,0.5,10,9.5,10,rrt_20260807_062735_419.png
20260807_062735_984,2026-08-07 06:27:35,True,1013,95,18.595327740617968,35,0.55,0.5,0.3,0,0.5,10,9.5,10,rrt_20260807_062735_984.png
20260807_062737_686,2026-08-07 06:27:37,False,10000,96,0.0,0,0.55,0.5,0.3,0,0.5,10,9.5,10,rrt_20260807_062737_686.png
20260807_062739_885,2026-08-07 06:27:39,False,10000,106,0.0,0,0.55,0.5,0.3,0,0.5,10,9.5,10,rrt_20260807_062739_885.png
20260807_062741_674,2026-08-07 06:27:41,False,10000,97,0.0,0,0.55,0.5,0.3,0,0.5,10,9.5,10,rrt_20260807_062741_674.png
20260807_062743_479,2026-08-07 06:27:43,False,10000,98,0.0,0,0.55,0.5,0.3,0,0.5,10,9.5,10,rrt_20260807_062743_479.png
20260807_062744_146,2026-08-07 06:27:44,True,1654,104,18.471151617866667,35,0.55,0.5,0.3,0,0.5,10,9.5,10,rrt_20260807_062744_146.png
20260807_062744_728,2026-08-07 06:27:44,True,1115,84,21.45000000000001,40,0.55,0.5,0.3,0,0.5,10,9.5,10,rrt_20260807_062744_728.png
20260807_062745_353,2026-08-07 06:27:45,True,1395,87,17.948436738320254,34,0.55,0.5,0.3,0,0.5,10,9.5,10,rrt_20260807_062745_353.png
20260807_062747_046,2026-08-07 06:27:47,False,10000,72,0.0,0,0.55,0.5,0.3,0,0.5,10,9.5,10,rrt_20260807_062747_046.png
20260807_062748_859,2026-08-07 06:27:48,False,10000,105,0.0,0,0.55,0.5,0.3,0,0.5,10,9.5,10,rrt_20260807_062748_859.png
20260807_062750_657,2026-08-07 06:27:50,False,10000,84,0.0,0,0.55,0.5,0.3,0,0.5,10,9.5,10,rrt_20260807_062750_657.png
20260807_062752_604,2026-08-07 06:27:52,False,10000,88,0.0,0,0.55,0.5,0.3,0,0.5,10,9.5,10,rrt_20260807_062752_604.png
20260807_062754_124,2026-08-07 06:27:54,False,10000,69,0.0,0,0.55,0.5,0.3,0,0.5,10,9.5,10,rrt_20260807_062754_124.png
20260807_062755_577,2026-08-07 06:27:55,False,10000,42,0.0,0,0.55,0.5,0.3,0,0.5,10,9.5,10,rrt_20260807_062755_577.png
20260807_062757_006,2026-08-07 06:27:57,False,10000,64,0.0,0,0.55,0.5,0.3,0,0.5,10,9.5,10,rrt_20260807_062757_006.png
20260807_062759_095,2026-08-07 06:27:59,False,10000,127,0.0,0,0.55,0.5,0.3,0,0.5,10,9.5,10,rrt_20260807_062759_095.png
20260807_062800_882,2026-08-07 06:28:00,False,10000,79,0.0,0,0.55,0.5,0.3,0,0.5,10,9.5,10,rrt_20260807_062800_882.png
20260807_062802_983,2026-08-07 06:28:02,False,10000,114,0.0,0,0.55,0.5,0.3,0,0.5,10,9.5,10,rrt_20260807_062802_983.png
20260807_062803_592,2026-08-07 06:28:03,True,1202,88,18.03677119614287,34,0.55,0.5,0.3,0,0.5,10,9.5,10,rrt_20260807_062803_592.png
20260807_062805_676,2026-08-07 06:28:05,False,10000,117,0.0,0,0.55,0.5,0.3,0,0.5,10,9.5,10,rrt_20260807_062805_676.png
20260807_062807_739,2026-08-07 06:28:07,False,10000,95,0.0,0,0.55,0.5,0.3,0,0.5,10,9.5,10,rrt_20260807_062807_739.png
20260807_062809_944,2026-08-07 06:28:09,False,10000,132,0.0,0,0.55,0.5,0.3,0,0.5,10,9.5,10,rrt_20260807_062809_944.png
20260807_062811_192,2026-08-07 06:28:11,False,10000,43,0.0,0,0.55,0.5,0.3,0,0.5,10,9.5,10,rrt_20260807_062811_192.png
20260807_062813_131,2026-08-07 06:28:13,False,10000,92,0.0,0,0.55,0.5,0.3,0,0.5,10,9.5,10,rrt_20260807_062813_131.png
20260807_062814_740,2026-08-07 06:28:14,False,10000,80,0.0,0,0.55,0.5,0.3,0,0.5,10,9.5,10,rrt_20260807_062814_740.png
20260807_062816_560,2026-08-07 06:28:16,False,10000,98,0.0,0,0.55,0.5,0.3,0,0.5,10,9.5,10,rrt_20260807_062816_560.png
20260807_062818_309,2026-08-07 06:28:18,False,10000,93,0.0,0,0.55,0.5,0.3,0,0.5,10,9.5,10,rrt_20260807_062818_309.png
20260807_062820_351,2026-08-07 06:28:20,False,10000,97,0.0,0,0.55,0.5,0.3,0,0.5,10,9.5,10,rrt_20260807_062820_351.png
20260807_062821_240,2026-08-07 06:28:21,True,1526,130,19.25000000000001,36,0.55,0.5,0.3,0,0.5,10,9.5,10,rrt_20260807_062821_240.png
20260807_062822_979,2026-08-07 06:28:22,False,10000,98,0.0,0,0.55,0.5,0.3,0,0.5,10,9.5,10,rrt_20260807_062822_979.png
20260807_062824_679,2026-08-07 06:28:24,False,10000,90,0.0,0,0.55,0.5,0.3,0,0.5,10,9.5,10,rrt_20260807_062824_679.png
20260807_062825_329,2026-08-07 06:28:25,True,1207,101,17.3751883867925,33,0.55,0.5,0.3,0,0.5,10,9.5,10,rrt_20260807_062825_329.png
20260807_062826_836,2026-08-07 06:28:26,False,10000,73,0.0,0,0.55,0.5,0.3,0,0.5,10,9.5,10,rrt_20260807_062826_836.png
20260807_062828_831,2026-08-07 06:28:28,False,10000,112,0.0,0,0.55,0.5,0.3,0,0.5,10,9.5,10,rrt_20260807_062828_831.png
20260807_062830_806,2026-08-07 06:28:30,False,10000,116,0.0,0,0.55,0.5,0.3,0,0.5,10,9.5,10,rrt_20260807_062830_806.png
20260807_062831_363,2026-08-07 06:28:31,True,525,67,18.01950667121033,34,0.55,0.5,0.3,0,0.5,10,9.5,10,rrt_20260807_062831_363.png
20260807_062832_518,2026-08-07 06:28:32,False,10000,37,0.0,0,0.55,0.5,0.3,0,0.5,10,9.5,10,rrt_20260807_062832_518.png
20260807_062833_250,2026-08-07 06:28:33,True,453,70,19.249999999999996,36,0.55,0.6,0.3,0,0.5,10,9.5,10,rrt_20260807_062833_250.png
20260807_062833_768,2026-08-07 06:28:33,True,631,79,17.600000000000012,33,0.55,0.6,0.3,0,0.5,10,9.5,10,rrt_20260807_062833_768.png
20260807_062834_384,2026-08-07 06:28:34,True,1565,100,18.012199512405886,34,0.55,0.6,0.3,0,0.5,10,9.5,10,rrt_20260807_062834_384.png
20260807_062836_145,2026-08-07 06:28:36,False,10000,84,0.0,0,0.55,0.6,0.3,0,0.5,10,9.5,10,rrt_20260807_062836_145.png
20260807_062837_465,2026-08-07 06:28:37,False,10000,49,0.0,0,0.55,0.6,0.3,0,0.5,10,9.5,10,rrt_20260807_062837_465.png
20260807_062839_788,2026-08-07 06:28:39,False,10000,125,0.0,0,0.55,0.6,0.3,0,0.5,10,9.5,10,rrt_20260807_062839_788.png
20260807_062841_560,2026-08-07 06:28:41,False,10000,94,0.0,0,0.55,0.6,0.3,0,0.5,10,9.5,10,rrt_20260807_062841_560.png
20260807_062843_739,2026-08-07 06:28:43,False,10000,126,0.0,0,0.55,0.6,0.3,0,0.5,10,9.5,10,rrt_20260807_062843_739.png
20260807_062844_602,2026-08-07 06:28:44,True,2910,109,21.450000000000014,40,0.55,0.6,0.3,0,0.5,10,9.5,10,rrt_20260807_062844_602.png
20260807_062845_397,2026-08-07 06:28:45,True,604,81,17.050000000000008,32,0.55,0.6,0.3,0,0.5,10,9.5,10,rrt_20260807_062845_397.png
20260807_062847_147,2026-08-07 06:28:47,False,10000,84,0.0,0,0.55,0.6,0.3,0,0.5,10,9.5,10,rrt_20260807_062847_147.png
20260807_062848_389,2026-08-07 06:28:48,False,10000,39,0.0,0,0.55,0.6,0.3,0,0.5,10,9.5,10,rrt_20260807_062848_389.png
20260807_062850_132,2026-08-07 06:28:50,False,10000,85,0.0,0,0.55,0.6,0.3,0,0.5,10,9.5,10,rrt_20260807_062850_132.png
20260807_062850_827,2026-08-07 06:28:50,True,1588,111,17.954292841215516,34,0.55,0.6,0.3,0,0.5,10,9.5,10,rrt_20260807_062850_827.png
20260807_062851_591,2026-08-07 06:28:51,True,458,72,17.967782504799892,34,0.55,0.6,0.3,0,0.5,10,9.5,10,rrt_20260807_062851_591.png
20260807_062853_135,2026-08-07 06:28:53,False,10000,68,0.0,0,0.55,0.6,0.3,0,0.5,10,9.5,10,rrt_20260807_062853_135.png
20260807_062854_347,2026-08-07 06:28:54,False,10000,43,0.0,0,0.55,0.6,0.3,0,0.5,10,9.5,10,rrt_20260807_062854_347.png
20260807_062855_840,2026-08-07 06:28:55,False,10000,68,0.0,0,0.55,0.6,0.3,0,0.5,10,9.5,10,rrt_20260807_062855_840.png
20260807_062857_855,2026-08-07 06:28:57,False,10000,95,0.0,0,0.55,0.6,0.3,0,0.5,10,9.5,10,rrt_20260807_062857_855.png
20260807_062859_596,2026-08-07 06:28:59,False,10000,90,0.0,0,0.55,0.6,0.3,0,0.5,10,9.5,10,rrt_20260807_062859_596.png
20260807_062900_307,2026-08-07 06:29:00,True,682,72,20.90000000000001,39,0.55,0.6,0.3,0,0.5,10,9.5,10,rrt_20260807_062900_307.png
20260807_062900_965,2026-08-07 06:29:00,True,1772,105,19.250000000000007,36,0.55,0.6,0.3,0,0.5,10,9.5,10,rrt_20260807_062900_965.png
20260807_062902_709,2026-08-07 06:29:02,False,10000,85,0.0,0,0.55,0.6,0.3,0,0.5,10,9.5,10,rrt_20260807_062902_709.png
20260807_062904_448,2026-08-07 06:29:04,False,10000,92,0.0,0,0.55,0.6,0.3,0,0.5,10,9.5,10,rrt_20260807_062904_448.png
20260807_062906_624,2026-08-07 06:29:06,False,10000,124,0.0,0,0.55,0.6,0.3,0,0.5,10,9.5,10,rrt_20260807_062906_624.png
20260807_062908_381,2026-08-07 06:29:08,False,10000,85,0.0,0,0.55,0.6,0.3,0,0.5,10,9.5,10,rrt_20260807_062908_381.png
20260807_062910_323,2026-08-07 06:29:10,False,10000,111,0.0,0,0.55,0.6,0.3,0,0.5,10,9.5,10,rrt_20260807_062910_323.png
20260807_062911_445,2026-08-07 06:29:11,True,596,94,18.150000000000006,34,0.55,0.6,0.3,0,0.5,10,9.5,10,rrt_20260807_062911_445.png
20260807_062912_557,2026-08-07 06:29:12,True,4252,123,23.43638765585396,44,0.55,0.6,0.3,0,0.5,10,9.5,10,rrt_20260807_062912_557.png
20260807_062913_109,2026-08-07 06:29:13,True,851,98,17.94689104911285,34,0.55,0.6,0.3,0,0.5,10,9.5,10,rrt_20260807_062913_109.png
20260807_062914_697,2026-08-07 06:29:14,False,10000,82,0.0,0,0.55,0.6,0.3,0,0.5,10,9.5,10,rrt_20260807_062914_697.png
20260807_062916_244,2026-08-07 06:29:16,False,10000,66,0.0,0,0.55,0.6,0.3,0,0.5,10,9.5,10,rrt_20260807_062916_244.png
20260807_062918_158,2026-08-07 06:29:18,False,10000,117,0.0,0,0.55,0.6,0.3,0,0.5,10,9.5,10,rrt_20260807_062918_158.png
20260807_062918_903,2026-08-07 06:29:18,True,659,68,16.905778885043606,32,0.55,0.6,0.3,0,0.5,10,9.5,10,rrt_20260807_062918_903.png
20260807_062920_122,2026-08-07 06:29:20,False,10000,46,0.0,0,0.55,0.6,0.3,0,0.5,10,9.5,10,rrt_20260807_062920_122.png
20260807_062921_567,2026-08-07 06:29:21,False,10000,59,0.0,0,0.55,0.6,0.3,0,0.5,10,9.5,10,rrt_20260807_062921_567.png
20260807_062923_221,2026-08-07 06:29:23,False,10000,65,0.0,0,0.55,0.6,0.3,0,0.5,10,9.5,10,rrt_20260807_062923_221.png
20260807_062924_859,2026-08-07 06:29:24,False,10000,83,0.0,0,0.55,0.6,0.3,0,0.5,10,9.5,10,rrt_20260807_062924_859.png
20260807_062925_380,2026-08-07 06:29:25,True,332,67,17.441647068981293,33,0.55,0.6,0.3,0,0.5,10,9.5,10,rrt_20260807_062925_380.png
20260807_062926_911,2026-08-07 06:29:26,False,10000,71,0.0,0,0.55,0.6,0.3,0,0.5,10,9.5,10,rrt_20260807_062926_911.png
20260807_062927_439,2026-08-07 06:29:27,True,652,68,16.837816210022698,32,0.55,0.6,0.3,0,0.5,10,9.5,10,rrt_20260807_062927_439.png
20260807_062929_131,2026-08-07 06:29:29,False,10000,93,0.0,0,0.55,0.6,0.3,0,0.5,10,9.5,10,rrt_20260807_062929_131.png
20260807_062931_015,2026-08-07 06:29:31,False,10000,104,0.0,0,0.55,0.6,0.3,0,0.5,10,9.5,10,rrt_20260807_062931_015.png
20260807_062932_769,2026-08-07 06:29:32,False,10000,92,0.0,0,0.55,0.6,0.3,0,0.5,10,9.5,10,rrt_20260807_062932_769.png
20260807_062933_349,2026-08-07 06:29:33,True,1070,76,17.050000000000008,32,0.55,0.6,0.3,0,0.5,10,9.5,10,rrt_20260807_062933_349.png
20260807_062934_935,2026-08-07 06:29:34,False,10000,60,0.0,0,0.55,0.6,0.3,0,0.5,10,9.5,10,rrt_20260807_062934_935.png
20260807_062936_761,2026-08-07 06:29:36,False,10000,102,0.0,0,0.55,0.6,0.3,0,0.5,10,9.5,10,rrt_20260807_062936_761.png
20260807_062938_578,2026-08-07 06:29:38,False,10000,88,0.0,0,0.55,0.6,0.3,0,0.5,10,9.5,10,rrt_20260807_062938_578.png
20260807_062939_258,2026-08-07 06:29:39,True,1919,95,18.610431327858958,35,0.55,0.6,0.3,0,0.5,10,9.5,10,rrt_20260807_062939_258.png
20260807_062941_120,2026-08-07 06:29:41,False,10000,80,0.0,0,0.55,0.6,0.3,0,0.5,10,9.5,10,rrt_20260807_062941_120.png
20260807_062941_736,2026-08-07 06:29:41,True,213,53,16.283109277135935,31,0.55,0.6,0.3,0,0.5,10,9.5,10,rrt_20260807_062941_736.png
20260807_062943_831,2026-08-07 06:29:43,False,10000,108,0.0,0,0.55,0.6,0.3,0,0.5,10,9.5,10,rrt_20260807_062943_831.png
20260807_062946_049,2026-08-07 06:29:46,False,10000,123,0.0,0,0.55,0.6,0.3,0,0.5,10,9.5,10,rrt_20260807_062946_049.png
20260807_062947_789,2026-08-07 06:29:47,False,10000,74,0.0,0,0.55,0.6,0.3,0,0.5,10,9.5,10,rrt_20260807_062947_789.png
20260807_062948_294,2026-08-07 06:29:48,True,322,75,16.500000000000007,31,0.55,0.6,0.3,0,0.5,10,9.5,10,rrt_20260807_062948_294.png
20260807_062948_903,2026-08-07 06:29:48,True,1401,106,19.800000000000008,37,0.55,0.6,0.3,0,0.5,10,9.5,10,rrt_20260807_062948_903.png
20260807_062949_562,2026-08-07 06:29:49,True,2681,74,19.800000000000015,37,0.55,0.6,0.3,0,0.5,10,9.5,10,rrt_20260807_062949_562.png
20260807_062950_052,2026-08-07 06:29:50,True,557,74,17.60000000000001,33,0.55,0.6,0.3,0,0.5,10,9.5,10,rrt_20260807_062950_052.png
20260807_062951_660,2026-08-07 06:29:51,False,10000,85,0.0,0,0.55,0.6,0.3,0,0.5,10,9.5,10,rrt_20260807_062951_660.png
20260807_062952_961,2026-08-07 06:29:52,False,10000,48,0.0,0,0.55,0.6,0.3,0,0.5,10,9.5,10,rrt_20260807_062952_961.png
20260807_062954_763,2026-08-07 06:29:54,False,10000,95,0.0,0,0.55,0.6,0.3,0,0.5,10,9.5,10,rrt_20260807_062954_763.png
20260807_062956_532,2026-08-07 06:29:56,False,10000,96,0.0,0,0.55,0.6,0.3,0,0.5,10,9.5,10,rrt_20260807_062956_532.png
20260807_062957_260,2026-08-07 06:29:57,True,324,84,18.101131817412607,34,0.55,0.6,0.3,0,0.5,10,9.5,10,rrt_20260807_062957_260.png
20260807_062958_611,2026-08-07 06:29:58,False,10000,53,0.0,0,0.55,0.6,0.3,0,0.5,10,9.5,10,rrt_20260807_062958_611.png
20260807_062959_174,2026-08-07 06:29:59,True,725,89,18.556086321017467,35,0.55,0.6,0.3,0,0.5,10,9.5,10,rrt_20260807_062959_174.png
20260807_063001_237,2026-08-07 06:30:01,False,10000,112,0.0,0,0.55,0.6,0.3,0,0.5,10,9.5,10,rrt_20260807_063001_237.png
20260807_063001_798,2026-08-07 06:30:01,True,704,109,19.05891820320157,36,0.55,0.6,0.3,0,0.5,10,9.5,10,rrt_20260807_063001_798.png
20260807_063002_897,2026-08-07 06:30:02,False,10000,42,0.0,0,0.55,0.6,0.3,0,0.5,10,9.5,10,rrt_20260807_063002_897.png
20260807_063004_462,2026-08-07 06:30:04,False,10000,63,0.0,0,0.55,0.6,0.3,0,0.5,10,9.5,10,rrt_20260807_063004_462.png
20260807_063006_369,2026-08-07 06:30:06,False,10000,88,0.0,0,0.55,0.6,0.3,0,0.5,10,9.5,10,rrt_20260807_063006_369.png
20260807_063006_994,2026-08-07 06:30:06,True,1406,80,18.51310817808372,35,0.55,0.6,0.3,0,0.5,10,9.5,10,rrt_20260807_063006_994.png
20260807_063009_014,2026-08-07 06:30:09,False,10000,91,0.0,0,0.55,0.6,0.3,0,0.5,10,9.5,10,rrt_20260807_063009_014.png
20260807_063010_611,2026-08-07 06:30:10,False,10000,76,0.0,0,0.55,0.6,0.3,0,0.5,10,9.5,10,rrt_20260807_063010_611.png
20260807_063011_815,2026-08-07 06:30:11,False,10000,45,0.0,0,0.55,0.6,0.3,0,0.5,10,9.5,10,rrt_20260807_063011_815.png
20260807_063012_360,2026-08-07 06:30:12,True,814,88,19.63156844682572,37,0.55,0.6,0.3,0,0.5,10,9.5,10,rrt_20260807_063012_360.png
20260807_063014_347,2026-08-07 06:30:14,False,10000,117,0.0,0,0.55,0.6,0.3,0,0.5,10,9.5,10,rrt_20260807_063014_347.png
20260807_063015_782,2026-08-07 06:30:15,False,10000,59,0.0,0,0.55,0.6,0.3,0,0.5,10,9.5,10,rrt_20260807_063015_782.png
20260807_063017_677,2026-08-07 06:30:17,False,10000,95,0.0,0,0.55,0.6,0.3,0,0.5,10,9.5,10,rrt_20260807_063017_677.png
20260807_063019_548,2026-08-07 06:30:19,False,10000,71,0.0,0,0.55,0.6,0.3,0,0.5,10,9.5,10,rrt_20260807_063019_548.png
20260807_063021_569,2026-08-07 06:30:21,False,10000,122,0.0,0,0.55,0.6,0.3,0,0.5,10,9.5,10,rrt_20260807_063021_569.png
20260807_063023_462,2026-08-07 06:30:23,False,10000,90,0.0,0,0.55,0.6,0.3,0,0.5,10,9.5,10,rrt_20260807_063023_462.png
20260807_063024_128,2026-08-07 06:30:24,True,1144,105,19.084827011590402,36,0.55,0.6,0.3,0,0.5,10,9.5,10,rrt_20260807_063024_128.png
20260807_063025_865,2026-08-07 06:30:25,False,10000,77,0.0,0,0.55,0.6,0.3,0,0.5,10,9.5,10,rrt_20260807_063025_865.png
20260807_063027_628,2026-08-07 06:30:27,False,10000,81,0.0,0,0.55,0.6,0.3,0,0.5,10,9.5,10,rrt_20260807_063027_628.png
20260807_063029_159,2026-08-07 06:30:29,False,10000,73,0.0,0,0.55,0.6,0.3,0,0.5,10,9.5,10,rrt_20260807_063029_159.png
20260807_063031_216,2026-08-07 06:30:31,False,10000,102,0.0,0,0.55,0.6,0.3,0,0.5,10,9.5,10,rrt_20260807_063031_216.png
20260807_063033_029,2026-08-07 06:30:33,False,10000,99,0.0,0,0.55,0.6,0.3,0,0.5,10,9.5,10,rrt_20260807_063033_029.png
20260807_063035_114,2026-08-07 06:30:35,False,10000,102,0.0,0,0.55,0.6,0.3,0,0.5,10,9.5,10,rrt_20260807_063035_114.png
20260807_063036_677,2026-08-07 06:30:36,False,10000,74,0.0,0,0.55,0.6,0.3,0,0.5,10,9.5,10,rrt_20260807_063036_677.png
20260807_063038_516,2026-08-07 06:30:38,False,10000,86,0.0,0,0.55,0.6,0.3,0,0.5,10,9.5,10,rrt_20260807_063038_516.png
20260807_063040_576,2026-08-07 06:30:40,False,10000,125,0.0,0,0.55,0.6,0.3,0,0.5,10,9.5,10,rrt_20260807_063040_576.png
20260807_063042_478,2026-08-07 06:30:42,False,10000,104,0.0,0,0.55,0.6,0.3,0,0.5,10,9.5,10,rrt_20260807_063042_478.png
20260807_063044_297,2026-08-07 06:30:44,False,10000,96,0.0,0,0.55,0.6,0.3,0,0.5,10,9.5,10,rrt_20260807_063044_297.png
20260807_063046_129,2026-08-07 06:30:46,False,10000,88,0.0,0,0.55,0.6,0.3,0,0.5,10,9.5,10,rrt_20260807_063046_129.png
20260807_063047_866,2026-08-07 06:30:47,False,10000,94,0.0,0,0.55,0.6,0.3,0,0.5,10,9.5,10,rrt_20260807_063047_866.png
20260807_063049_768,2026-08-07 06:30:49,False,10000,107,0.0,0,0.55,0.6,0.3,0,0.5,10,9.5,10,rrt_20260807_063049_768.png
20260807_063051_631,2026-08-07 06:30:51,False,10000,105,0.0,0,0.55,0.6,0.3,0,0.5,10,9.5,10,rrt_20260807_063051_631.png
20260807_063052_878,2026-08-07 06:30:52,False,10000,42,0.0,0,0.55,0.6,0.3,0,0.5,10,9.5,10,rrt_20260807_063052_878.png
20260807_063055_138,2026-08-07 06:30:55,False,10000,121,0.0,0,0.55,0.6,0.3,0,0.5,10,9.5,10,rrt_20260807_063055_138.png
20260807_063056_851,2026-08-07 06:30:56,False,10000,87,0.0,0,0.55,0.6,0.3,0,0.5,10,9.5,10,rrt_20260807_063056_851.png
20260807_063058_354,2026-08-07 06:30:58,False,10000,68,0.0,0,0.55,0.7,0.3,0,0.5,10,9.5,10,rrt_20260807_063058_354.png
20260807_063100_354,2026-08-07 06:31:00,False,10000,118,0.0,0,0.55,0.7,0.3,0,0.5,10,9.5,10,rrt_20260807_063100_354.png
20260807_063102_478,2026-08-07 06:31:02,False,10000,133,0.0,0,0.55,0.7,0.3,0,0.5,10,9.5,10,rrt_20260807_063102_478.png
20260807_063104_453,2026-08-07 06:31:04,False,10000,110,0.0,0,0.55,0.7,0.3,0,0.5,10,9.5,10,rrt_20260807_063104_453.png
20260807_063106_162,2026-08-07 06:31:06,False,10000,88,0.0,0,0.55,0.7,0.3,0,0.5,10,9.5,10,rrt_20260807_063106_162.png
20260807_063108_061,2026-08-07 06:31:08,False,10000,98,0.0,0,0.55,0.7,0.3,0,0.5,10,9.5,10,rrt_20260807_063108_061.png
20260807_063108_996,2026-08-07 06:31:08,True,528,71,19.80000000000001,37,0.55,0.7,0.3,0,0.5,10,9.5,10,rrt_20260807_063108_996.png
20260807_063111_191,2026-08-07 06:31:11,False,10000,88,0.0,0,0.55,0.7,0.3,0,0.5,10,9.5,10,rrt_20260807_063111_191.png
20260807_063113_038,2026-08-07 06:31:13,False,10000,96,0.0,0,0.55,0.7,0.3,0,0.5,10,9.5,10,rrt_20260807_063113_038.png
20260807_063114_433,2026-08-07 06:31:14,False,10000,45,0.0,0,0.55,0.7,0.3,0,0.5,10,9.5,10,rrt_20260807_063114_433.png
20260807_063115_096,2026-08-07 06:31:15,True,800,117,18.000440070248644,34,0.55,0.7,0.3,0,0.5,10,9.5,10,rrt_20260807_063115_096.png
20260807_063115_662,2026-08-07 06:31:15,True,447,88,17.418464035984574,33,0.55,0.7,0.3,0,0.5,10,9.5,10,rrt_20260807_063115_662.png
20260807_063117_144,2026-08-07 06:31:17,False,10000,71,0.0,0,0.55,0.7,0.3,0,0.5,10,9.5,10,rrt_20260807_063117_144.png
20260807_063118_879,2026-08-07 06:31:18,False,10000,93,0.0,0,0.55,0.7,0.3,0,0.5,10,9.5,10,rrt_20260807_063118_879.png
20260807_063120_361,2026-08-07 06:31:20,False,10000,64,0.0,0,0.55,0.7,0.3,0,0.5,10,9.5,10,rrt_20260807_063120_361.png
20260807_063120_935,2026-08-07 06:31:20,True,729,108,18.538194528397863,35,0.55,0.7,0.3,0,0.5,10,9.5,10,rrt_20260807_063120_935.png
20260807_063122_354,2026-08-07 06:31:22,False,10000,42,0.0,0,0.55,0.7,0.3,0,0.5,10,9.5,10,rrt_20260807_063122_354.png
20260807_063122_973,2026-08-07 06:31:22,True,1444,94,19.022471509068755,36,0.55,0.7,0.3,0,0.5,10,9.5,10,rrt_20260807_063122_973.png
20260807_063124_748,2026-08-07 06:31:24,False,10000,100,0.0,0,0.55,0.7,0.3,0,0.5,10,9.5,10,rrt_20260807_063124_748.png
20260807_063126_045,2026-08-07 06:31:26,False,10000,39,0.0,0,0.55,0.7,0.3,0,0.5,10,9.5,10,rrt_20260807_063126_045.png
20260807_063127_536,2026-08-07 06:31:27,False,10000,74,0.0,0,0.55,0.7,0.3,0,0.5,10,9.5,10,rrt_20260807_063127_536.png
20260807_063129_160,2026-08-07 06:31:29,False,10000,82,0.0,0,0.55,0.7,0.3,0,0.5,10,9.5,10,rrt_20260807_063129_160.png
20260807_063131_300,2026-08-07 06:31:31,False,10000,100,0.0,0,0.55,0.7,0.3,0,0.5,10,9.5,10,rrt_20260807_063131_300.png
20260807_063132_406,2026-08-07 06:31:32,False,10000,37,0.0,0,0.55,0.7,0.3,0,0.5,10,9.5,10,rrt_20260807_063132_406.png
20260807_063133_273,2026-08-07 06:31:33,True,1262,115,18.150000000000006,34,0.55,0.7,0.3,0,0.5,10,9.5,10,rrt_20260807_063133_273.png
20260807_063134_792,2026-08-07 06:31:34,False,10000,64,0.0,0,0.55,0.7,0.3,0,0.5,10,9.5,10,rrt_20260807_063134_792.png
20260807_063136_610,2026-08-07 06:31:36,False,10000,100,0.0,0,0.55,0.7,0.3,0,0.5,10,9.5,10,rrt_20260807_063136_610.png
20260807_063138_311,2026-08-07 06:31:38,False,10000,87,0.0,0,0.55,0.7,0.3,0,0.5,10,9.5,10,rrt_20260807_063138_311.png
20260807_063139_881,2026-08-07 06:31:39,False,10000,65,0.0,0,0.55,0.7,0.3,0,0.5,10,9.5,10,rrt_20260807_063139_881.png
20260807_063141_520,2026-08-07 06:31:41,False,10000,82,0.0,0,0.55,0.7,0.3,0,0.5,10,9.5,10,rrt_20260807_063141_520.png
20260807_063143_423,2026-08-07 06:31:43,False,10000,106,0.0,0,0.55,0.7,0.3,0,0.5,10,9.5,10,rrt_20260807_063143_423.png
20260807_063143_999,2026-08-07 06:31:43,True,819,93,20.25856431457911,38,0.55,0.7,0.3,0,0.5,10,9.5,10,rrt_20260807_063143_999.png
20260807_063145_593,2026-08-07 06:31:45,False,10000,78,0.0,0,0.55,0.7,0.3,0,0.5,10,9.5,10,rrt_20260807_063145_593.png
20260807_063146_335,2026-08-07 06:31:46,True,485,83,18.60551796142685,35,0.55,0.7,0.3,0,0.5,10,9.5,10,rrt_20260807_063146_335.png
20260807_063147_886,2026-08-07 06:31:47,False,10000,81,0.0,0,0.55,0.7,0.3,0,0.5,10,9.5,10,rrt_20260807_063147_886.png
20260807_063148_576,2026-08-07 06:31:48,True,1400,91,18.04211376712547,34,0.55,0.7,0.3,0,0.5,10,9.5,10,rrt_20260807_063148_576.png
20260807_063149_080,2026-08-07 06:31:49,True,812,75,20.350000000000012,38,0.55,0.7,0.3,0,0.5,10,9.5,10,rrt_20260807_063149_080.png
20260807_063149_839,2026-08-07 06:31:49,True,1112,115,18.690428218522914,35,0.55,0.7,0.3,0,0.5,10,9.5,10,rrt_20260807_063149_839.png
20260807_063150_415,2026-08-07 06:31:50,True,1017,100,17.585840542193743,33,0.55,0.7,0.3,0,0.5,10,9.5,10,rrt_20260807_063150_415.png
20260807_063150_952,2026-08-07 06:31:50,True,303,59,20.35000000000001,38,0.55,0.7,0.3,0,0.5,10,9.5,10,rrt_20260807_063150_952.png
20260807_063152_667,2026-08-07 06:31:52,False,10000,77,0.0,0,0.55,0.7,0.3,0,0.5,10,9.5,10,rrt_20260807_063152_667.png
20260807_063154_460,2026-08-07 06:31:54,False,10000,91,0.0,0,0.55,0.7,0.3,0,0.5,10,9.5,10,rrt_20260807_063154_460.png
20260807_063156_800,2026-08-07 06:31:56,False,10000,127,0.0,0,0.55,0.7,0.3,0,0.5,10,9.5,10,rrt_20260807_063156_800.png
20260807_063158_646,2026-08-07 06:31:58,False,10000,93,0.0,0,0.55,0.7,0.3,0,0.5,10,9.5,10,rrt_20260807_063158_646.png
20260807_063159_278,2026-08-07 06:31:59,True,819,119,19.03801812703777,36,0.55,0.7,0.3,0,0.5,10,9.5,10,rrt_20260807_063159_278.png
20260807_063200_868,2026-08-07 06:32:00,False,10000,79,0.0,0,0.55,0.7,0.3,0,0.5,10,9.5,10,rrt_20260807_063200_868.png
20260807_063201_431,2026-08-07 06:32:01,True,917,70,19.80000000000001,37,0.55,0.7,0.3,0,0.5,10,9.5,10,rrt_20260807_063201_431.png
20260807_063203_210,2026-08-07 06:32:03,False,10000,97,0.0,0,0.55,0.7,0.3,0,0.5,10,9.5,10,rrt_20260807_063203_210.png
20260807_063205_066,2026-08-07 06:32:05,False,10000,94,0.0,0,0.55,0.7,0.3,0,0.5,10,9.5,10,rrt_20260807_063205_066.png
20260807_063206_302,2026-08-07 06:32:06,False,10000,46,0.0,0,0.55,0.7,0.3,0,0.5,10,9.5,10,rrt_20260807_063206_302.png
20260807_063207_554,2026-08-07 06:32:07,False,10000,50,0.0,0,0.55,0.7,0.3,0,0.5,10,9.5,10,rrt_20260807_063207_554.png
20260807_063209_981,2026-08-07 06:32:09,False,10000,103,0.0,0,0.55,0.7,0.3,0,0.5,10,9.5,10,rrt_20260807_063209_981.png
20260807_063211_970,2026-08-07 06:32:11,False,10000,103,0.0,0,0.55,0.7,0.3,0,0.5,10,9.5,10,rrt_20260807_063211_970.png
20260807_063213_610,2026-08-07 06:32:13,False,10000,76,0.0,0,0.55,0.7,0.3,0,0.5,10,9.5,10,rrt_20260807_063213_610.png
20260807_063215_331,2026-08-07 06:32:15,False,10000,82,0.0,0,0.55,0.7,0.3,0,0.5,10,9.5,10,rrt_20260807_063215_331.png
20260807_063217_140,2026-08-07 06:32:17,False,10000,99,0.0,0,0.55,0.7,0.3,0,0.5,10,9.5,10,rrt_20260807_063217_140.png
20260807_063218_877,2026-08-07 06:32:18,False,10000,92,0.0,0,0.55,0.7,0.3,0,0.5,10,9.5,10,rrt_20260807_063218_877.png
20260807_063220_721,2026-08-07 06:32:20,False,10000,105,0.0,0,0.55,0.7,0.3,0,0.5,10,9.5,10,rrt_20260807_063220_721.png
20260807_063222_475,2026-08-07 06:32:22,False,10000,96,0.0,0,0.55,0.7,0.3,0,0.5,10,9.5,10,rrt_20260807_063222_475.png
20260807_063224_258,2026-08-07 06:32:24,False,10000,97,0.0,0,0.55,0.7,0.3,0,0.5,10,9.5,10,rrt_20260807_063224_258.png
20260807_063226_230,2026-08-07 06:32:26,False,10000,86,0.0,0,0.55,0.7,0.3,0,0.5,10,9.5,10,rrt_20260807_063226_230.png
20260807_063227_545,2026-08-07 06:32:27,False,10000,41,0.0,0,0.55,0.7,0.3,0,0.5,10,9.5,10,rrt_20260807_063227_545.png
20260807_063228_185,2026-08-07 06:32:28,True,1373,107,18.46220953675157,35,0.55,0.7,0.3,0,0.5,10,9.5,10,rrt_20260807_063228_185.png
20260807_063229_336,2026-08-07 06:32:29,False,10000,41,0.0,0,0.55,0.7,0.3,0,0.5,10,9.5,10,rrt_20260807_063229_336.png
20260807_063229_836,2026-08-07 06:32:29,True,235,58,17.549623986422922,33,0.55,0.7,0.3,0,0.5,10,9.5,10,rrt_20260807_063229_836.png
20260807_063230_405,2026-08-07 06:32:30,True,1678,72,22.000000000000014,41,0.55,0.7,0.3,0,0.5,10,9.5,10,rrt_20260807_063230_405.png
20260807_063232_307,2026-08-07 06:32:32,False,10000,94,0.0,0,0.55,0.7,0.3,0,0.5,10,9.5,10,rrt_20260807_063232_307.png
20260807_063234_273,2026-08-07 06:32:34,False,10000,104,0.0,0,0.55,0.7,0.3,0,0.5,10,9.5,10,rrt_20260807_063234_273.png
20260807_063236_009,2026-08-07 06:32:36,False,10000,90,0.0,0,0.55,0.7,0.3,0,0.5,10,9.5,10,rrt_20260807_063236_009.png
20260807_063236_869,2026-08-07 06:32:36,True,489,90,17.600000000000005,33,0.55,0.7,0.3,0,0.5,10,9.5,10,rrt_20260807_063236_869.png
20260807_063238_727,2026-08-07 06:32:38,False,10000,97,0.0,0,0.55,0.7,0.3,0,0.5,10,9.5,10,rrt_20260807_063238_727.png
20260807_063240_679,2026-08-07 06:32:40,False,10000,114,0.0,0,0.55,0.7,0.3,0,0.5,10,9.5,10,rrt_20260807_063240_679.png
20260807_063242_704,2026-08-07 06:32:42,False,10000,121,0.0,0,0.55,0.7,0.3,0,0.5,10,9.5,10,rrt_20260807_063242_704.png
20260807_063243_428,2026-08-07 06:32:43,True,2061,92,18.05032976315998,34,0.55,0.7,0.3,0,0.5,10,9.5,10,rrt_20260807_063243_428.png
20260807_063245_146,2026-08-07 06:32:45,False,10000,90,0.0,0,0.55,0.7,0.3,0,0.5,10,9.5,10,rrt_20260807_063245_146.png
20260807_063246_828,2026-08-07 06:32:46,False,10000,80,0.0,0,0.55,0.7,0.3,0,0.5,10,9.5,10,rrt_20260807_063246_828.png
20260807_063248_510,2026-08-07 06:32:48,False,10000,81,0.0,0,0.55,0.7,0.3,0,0.5,10,9.5,10,rrt_20260807_063248_510.png
20260807_063249_804,2026-08-07 06:32:49,False,10000,56,0.0,0,0.55,0.7,0.3,0,0.5,10,9.5,10,rrt_20260807_063249_804.png
20260807_063250_644,2026-08-07 06:32:50,True,1652,90,19.00844903837939,36,0.55,0.7,0.3,0,0.5,10,9.5,10,rrt_20260807_063250_644.png
20260807_063252_338,2026-08-07 06:32:52,False,10000,68,0.0,0,0.55,0.7,0.3,0,0.5,10,9.5,10,rrt_20260807_063252_338.png
20260807_063254_309,2026-08-07 06:32:54,False,10000,98,0.0,0,0.55,0.7,0.3,0,0.5,10,9.5,10,rrt_20260807_063254_309.png
20260807_063255_771,2026-08-07 06:32:55,False,10000,65,0.0,0,0.55,0.7,0.3,0,0.5,10,9.5,10,rrt_20260807_063255_771.png
20260807_063256_951,2026-08-07 06:32:56,False,10000,36,0.0,0,0.55,0.7,0.3,0,0.5,10,9.5,10,rrt_20260807_063256_951.png
20260807_063258_856,2026-08-07 06:32:58,False,10000,106,0.0,0,0.55,0.7,0.3,0,0.5,10,9.5,10,rrt_20260807_063258_856.png
20260807_063300_596,2026-08-07 06:33:00,False,10000,82,0.0,0,0.55,0.7,0.3,0,0.5,10,9.5,10,rrt_20260807_063300_596.png
20260807_063302_210,2026-08-07 06:33:02,False,10000,79,0.0,0,0.55,0.7,0.3,0,0.5,10,9.5,10,rrt_20260807_063302_210.png
20260807_063304_046,2026-08-07 06:33:04,False,10000,69,0.0,0,0.55,0.7,0.3,0,0.5,10,9.5,10,rrt_20260807_063304_046.png
20260807_063304_650,2026-08-07 06:33:04,True,1110,99,17.577352864521526,33,0.55,0.7,0.3,0,0.5,10,9.5,10,rrt_20260807_063304_650.png
20260807_063306_557,2026-08-07 06:33:06,False,10000,110,0.0,0,0.55,0.7,0.3,0,0.5,10,9.5,10,rrt_20260807_063306_557.png
20260807_063308_376,2026-08-07 06:33:08,False,10000,103,0.0,0,0.55,0.7,0.3,0,0.5,10,9.5,10,rrt_20260807_063308_376.png
20260807_063310_334,2026-08-07 06:33:10,False,10000,114,0.0,0,0.55,0.7,0.3,0,0.5,10,9.5,10,rrt_20260807_063310_334.png
20260807_063312_640,2026-08-07 06:33:12,False,10000,123,0.0,0,0.55,0.7,0.3,0,0.5,10,9.5,10,rrt_20260807_063312_640.png
20260807_063313_252,2026-08-07 06:33:13,True,759,89,21.22447429536022,40,0.55,0.7,0.3,0,0.5,10,9.5,10,rrt_20260807_063313_252.png
20260807_063315_020,2026-08-07 06:33:15,False,10000,97,0.0,0,0.55,0.7,0.3,0,0.5,10,9.5,10,rrt_20260807_063315_020.png
20260807_063316_590,2026-08-07 06:33:16,False,10000,65,0.0,0,0.55,0.7,0.3,0,0.5,10,9.5,10,rrt_20260807_063316_590.png
20260807_063318_700,2026-08-07 06:33:18,False,10000,84,0.0,0,0.55,0.7,0.3,0,0.5,10,9.5,10,rrt_20260807_063318_700.png
20260807_063320_697,2026-08-07 06:33:20,False,10000,111,0.0,0,0.55,0.7,0.3,0,0.5,10,9.5,10,rrt_20260807_063320_697.png
20260807_063322_320,2026-08-07 06:33:22,False,10000,75,0.0,0,0.55,0.7,0.3,0,0.5,10,9.5,10,rrt_20260807_063322_320.png
20260807_063324_294,2026-08-07 06:33:24,False,10000,107,0.0,0,0.55,0.7,0.3,0,0.5,10,9.5,10,rrt_20260807_063324_294.png
20260807_063326_234,2026-08-07 06:33:26,False,10000,108,0.0,0,0.55,0.7,0.3,0,0.5,10,9.5,10,rrt_20260807_063326_234.png
20260807_063326_828,2026-08-07 06:33:26,True,656,108,18.57466702792151,35,0.55,0.8,0.3,0,0.5,10,9.5,10,rrt_20260807_063326_828.png
20260807_063328_578,2026-08-07 06:33:28,False,10000,95,0.0,0,0.55,0.8,0.3,0,0.5,10,9.5,10,rrt_20260807_063328_578.png
20260807_063329_185,2026-08-07 06:33:29,True,665,90,19.75350564056571,37,0.55,0.8,0.3,0,0.5,10,9.5,10,rrt_20260807_063329_185.png
20260807_063329_711,2026-08-07 06:33:29,True,694,75,19.25000000000001,36,0.55,0.8,0.3,0,0.5,10,9.5,10,rrt_20260807_063329_711.png
20260807_063331_259,2026-08-07 06:33:31,False,10000,45,0.0,0,0.55,0.8,0.3,0,0.5,10,9.5,10,rrt_20260807_063331_259.png
20260807_063331_763,2026-08-07 06:33:31,True,329,67,17.42693909178309,33,0.55,0.8,0.3,0,0.5,10,9.5,10,rrt_20260807_063331_763.png
20260807_063332_904,2026-08-07 06:33:32,False,10000,44,0.0,0,0.55,0.8,0.3,0,0.5,10,9.5,10,rrt_20260807_063332_904.png
20260807_063334_742,2026-08-07 06:33:34,False,10000,92,0.0,0,0.55,0.8,0.3,0,0.5,10,9.5,10,rrt_20260807_063334_742.png
20260807_063335_420,2026-08-07 06:33:35,True,426,70,20.869695651155364,39,0.55,0.8,0.3,0,0.5,10,9.5,10,rrt_20260807_063335_420.png
20260807_063337_262,2026-08-07 06:33:37,False,10000,93,0.0,0,0.55,0.8,0.3,0,0.5,10,9.5,10,rrt_20260807_063337_262.png
20260807_063339_445,2026-08-07 06:33:39,False,10000,110,0.0,0,0.55,0.8,0.3,0,0.5,10,9.5,10,rrt_20260807_063339_445.png
20260807_063340_696,2026-08-07 06:33:40,False,10000,49,0.0,0,0.55,0.8,0.3,0,0.5,10,9.5,10,rrt_20260807_063340_696.png
20260807_063342_475,2026-08-07 06:33:42,False,10000,96,0.0,0,0.55,0.8,0.3,0,0.5,10,9.5,10,rrt_20260807_063342_475.png
20260807_063344_402,2026-08-07 06:33:44,False,10000,91,0.0,0,0.55,0.8,0.3,0,0.5,10,9.5,10,rrt_20260807_063344_402.png
20260807_063345_044,2026-08-07 06:33:45,True,1381,81,17.9565657302357,34,0.55,0.8,0.3,0,0.5,10,9.5,10,rrt_20260807_063345_044.png
20260807_063346_996,2026-08-07 06:33:46,False,10000,105,0.0,0,0.55,0.8,0.3,0,0.5,10,9.5,10,rrt_20260807_063346_996.png
20260807_063348_784,2026-08-07 06:33:48,False,10000,98,0.0,0,0.55,0.8,0.3,0,0.5,10,9.5,10,rrt_20260807_063348_784.png
20260807_063349_390,2026-08-07 06:33:49,True,988,120,19.044728427606746,36,0.55,0.8,0.3,0,0.5,10,9.5,10,rrt_20260807_063349_390.png
20260807_063349_988,2026-08-07 06:33:49,True,1613,88,19.022149378439174,36,0.55,0.8,0.3,0,0.5,10,9.5,10,rrt_20260807_063349_988.png
20260807_063351_789,2026-08-07 06:33:51,False,10000,101,0.0,0,0.55,0.8,0.3,0,0.5,10,9.5,10,rrt_20260807_063351_789.png
20260807_063353_527,2026-08-07 06:33:53,False,10000,83,0.0,0,0.55,0.8,0.3,0,0.5,10,9.5,10,rrt_20260807_063353_527.png
20260807_063355_297,2026-08-07 06:33:55,False,10000,90,0.0,0,0.55,0.8,0.3,0,0.5,10,9.5,10,rrt_20260807_063355_297.png
20260807_063356_402,2026-08-07 06:33:56,True,2017,136,19.104822296866736,36,0.55,0.8,0.3,0,0.5,10,9.5,10,rrt_20260807_063356_402.png
20260807_063358_187,2026-08-07 06:33:58,False,10000,95,0.0,0,0.55,0.8,0.3,0,0.5,10,9.5,10,rrt_20260807_063358_187.png
20260807_063359_875,2026-08-07 06:33:59,False,10000,77,0.0,0,0.55,0.8,0.3,0,0.5,10,9.5,10,rrt_20260807_063359_875.png
20260807_063401_829,2026-08-07 06:34:01,False,10000,104,0.0,0,0.55,0.8,0.3,0,0.5,10,9.5,10,rrt_20260807_063401_829.png
20260807_063402_419,2026-08-07 06:34:02,True,971,80,19.25000000000001,36,0.55,0.8,0.3,0,0.5,10,9.5,10,rrt_20260807_063402_419.png
20260807_063404_115,2026-08-07 06:34:04,False,10000,93,0.0,0,0.55,0.8,0.3,0,0.5,10,9.5,10,rrt_20260807_063404_115.png
20260807_063405_908,2026-08-07 06:34:05,False,10000,95,0.0,0,0.55,0.8,0.3,0,0.5,10,9.5,10,rrt_20260807_063405_908.png
20260807_063407_704,2026-08-07 06:34:07,False,10000,88,0.0,0,0.55,0.8,0.3,0,0.5,10,9.5,10,rrt_20260807_063407_704.png
20260807_063409_423,2026-08-07 06:34:09,False,10000,83,0.0,0,0.55,0.8,0.3,0,0.5,10,9.5,10,rrt_20260807_063409_423.png
20260807_063411_184,2026-08-07 06:34:11,False,10000,62,0.0,0,0.55,0.8,0.3,0,0.5,10,9.5,10,rrt_20260807_063411_184.png
20260807_063412_953,2026-08-07 06:34:12,False,10000,93,0.0,0,0.55,0.8,0.3,0,0.5,10,9.5,10,rrt_20260807_063412_953.png
20260807_063414_661,2026-08-07 06:34:14,False,10000,90,0.0,0,0.55,0.8,0.3,0,0.5,10,9.5,10,rrt_20260807_063414_661.png
20260807_063416_629,2026-08-07 06:34:16,False,10000,77,0.0,0,0.55,0.8,0.3,0,0.5,10,9.5,10,rrt_20260807_063416_629.png
20260807_063418_576,2026-08-07 06:34:18,False,10000,106,0.0,0,0.55,0.8,0.3,0,0.5,10,9.5,10,rrt_20260807_063418_576.png
20260807_063420_327,2026-08-07 06:34:20,False,10000,92,0.0,0,0.55,0.8,0.3,0,0.5,10,9.5,10,rrt_20260807_063420_327.png
20260807_063422_058,2026-08-07 06:34:22,False,10000,84,0.0,0,0.55,0.8,0.3,0,0.5,10,9.5,10,rrt_20260807_063422_058.png
20260807_063423_788,2026-08-07 06:34:23,False,10000,84,0.0,0,0.55,0.8,0.3,0,0.5,10,9.5,10,rrt_20260807_063423_788.png
20260807_063425_583,2026-08-07 06:34:25,False,10000,89,0.0,0,0.55,0.8,0.3,0,0.5,10,9.5,10,rrt_20260807_063425_583.png
20260807_063427_327,2026-08-07 06:34:27,False,10000,72,0.0,0,0.55,0.8,0.3,0,0.5,10,9.5,10,rrt_20260807_063427_327.png
20260807_063429_013,2026-08-07 06:34:29,False,10000,81,0.0,0,0.55,0.8,0.3,0,0.5,10,9.5,10,rrt_20260807_063429_013.png
20260807_063430_837,2026-08-07 06:34:30,False,10000,97,0.0,0,0.55,0.8,0.3,0,0.5,10,9.5,10,rrt_20260807_063430_837.png
20260807_063432_647,2026-08-07 06:34:32,False,10000,97,0.0,0,0.55,0.8,0.3,0,0.5,10,9.5,10,rrt_20260807_063432_647.png
20260807_063434_496,2026-08-07 06:34:34,False,10000,101,0.0,0,0.55,0.8,0.3,0,0.5,10,9.5,10,rrt_20260807_063434_496.png
20260807_063436_535,2026-08-07 06:34:36,False,10000,117,0.0,0,0.55,0.8,0.3,0,0.5,10,9.5,10,rrt_20260807_063436_535.png
20260807_063438_229,2026-08-07 06:34:38,False,10000,87,0.0,0,0.55,0.8,0.3,0,0.5,10,9.5,10,rrt_20260807_063438_229.png
20260807_063438_938,2026-08-07 06:34:38,True,1685,105,18.452097909390027,35,0.55,0.8,0.3,0,0.5,10,9.5,10,rrt_20260807_063438_938.png
20260807_063439_500,2026-08-07 06:34:39,True,736,104,17.91177294069945,34,0.55,0.8,0.3,0,0.5,10,9.5,10,rrt_20260807_063439_500.png
20260807_063440_285,2026-08-07 06:34:40,True,198,67,17.60000000000001,33,0.55,0.8,0.3,0,0.5,10,9.5,10,rrt_20260807_063440_285.png
20260807_063441_881,2026-08-07 06:34:41,False,10000,83,0.0,0,0.55,0.8,0.3,0,0.5,10,9.5,10,rrt_20260807_063441_881.png
20260807_063443_879,2026-08-07 06:34:43,False,10000,110,0.0,0,0.55,0.8,0.3,0,0.5,10,9.5,10,rrt_20260807_063443_879.png
20260807_063445_671,2026-08-07 06:34:45,False,10000,75,0.0,0,0.55,0.8,0.3,0,0.5,10,9.5,10,rrt_20260807_063445_671.png
20260807_063447_502,2026-08-07 06:34:47,False,10000,92,0.0,0,0.55,0.8,0.3,0,0.5,10,9.5,10,rrt_20260807_063447_502.png
20260807_063448_257,2026-08-07 06:34:48,True,1367,107,17.914332265244415,34,0.55,0.8,0.3,0,0.5,10,9.5,10,rrt_20260807_063448_257.png
20260807_063450_122,2026-08-07 06:34:50,False,10000,99,0.0,0,0.55,0.8,0.3,0,0.5,10,9.5,10,rrt_20260807_063450_122.png
20260807_063451_367,2026-08-07 06:34:51,False,10000,44,0.0,0,0.55,0.8,0.3,0,0.5,10,9.5,10,rrt_20260807_063451_367.png
20260807_063452_121,2026-08-07 06:34:52,True,552,79,19.771445564378944,37,0.55,0.8,0.3,0,0.5,10,9.5,10,rrt_20260807_063452_121.png
20260807_063452_670,2026-08-07 06:34:52,True,878,118,17.97180605529466,34,0.55,0.8,0.3,0,0.5,10,9.5,10,rrt_20260807_063452_670.png
20260807_063454_213,2026-08-07 06:34:54,False,10000,74,0.0,0,0.55,0.8,0.3,0,0.5,10,9.5,10,rrt_20260807_063454_213.png
20260807_063456_340,2026-08-07 06:34:56,False,10000,116,0.0,0,0.55,0.8,0.3,0,0.5,10,9.5,10,rrt_20260807_063456_340.png
20260807_063456_987,2026-08-07 06:34:56,True,221,62,17.599999999999994,33,0.55,0.8,0.3,0,0.5,10,9.5,10,rrt_20260807_063456_987.png
20260807_063458_755,2026-08-07 06:34:58,False,10000,99,0.0,0,0.55,0.8,0.3,0,0.5,10,9.5,10,rrt_20260807_063458_755.png
20260807_063459_453,2026-08-07 06:34:59,True,1242,108,18.150000000000006,34,0.55,0.8,0.3,0,0.5,10,9.5,10,rrt_20260807_063459_453.png
20260807_063500_032,2026-08-07 06:35:00,True,817,102,18.662119274473543,35,0.55,0.8,0.3,0,0.5,10,9.5,10,rrt_20260807_063500_032.png
20260807_063501_748,2026-08-07 06:35:01,False,10000,92,0.0,0,0.55,0.8,0.3,0,0.5,10,9.5,10,rrt_20260807_063501_748.png
20260807_063503_805,2026-08-07 06:35:03,False,10000,92,0.0,0,0.55,0.8,0.3,0,0.5,10,9.5,10,rrt_20260807_063503_805.png
20260807_063505_526,2026-08-07 06:35:05,False,10000,84,0.0,0,0.55,0.8,0.3,0,0.5,10,9.5,10,rrt_20260807_063505_526.png
20260807_063507_594,2026-08-07 06:35:07,False,10000,100,0.0,0,0.55,0.8,0.3,0,0.5,10,9.5,10,rrt_20260807_063507_594.png
20260807_063509_404,2026-08-07 06:35:09,False,10000,88,0.0,0,0.55,0.8,0.3,0,0.5,10,9.5,10,rrt_20260807_063509_404.png
20260807_063511_662,2026-08-07 06:35:11,False,10000,124,0.0,0,0.55,0.8,0.3,0,0.5,10,9.5,10,rrt_20260807_063511_662.png
20260807_063513_958,2026-08-07 06:35:13,False,10000,142,0.0,0,0.55,0.8,0.3,0,0.5,10,9.5,10,rrt_20260807_063513_958.png
20260807_063515_748,2026-08-07 06:35:15,False,10000,87,0.0,0,0.55,0.8,0.3,0,0.5,10,9.5,10,rrt_20260807_063515_748.png
20260807_063516_354,2026-08-07 06:35:16,True,634,93,19.008537900367347,36,0.55,0.8,0.3,0,0.5,10,9.5,10,rrt_20260807_063516_354.png
20260807_063516_822,2026-08-07 06:35:16,True,271,68,18.150000000000002,34,0.55,0.8,0.3,0,0.5,10,9.5,10,rrt_20260807_063516_822.png
20260807_063519_044,2026-08-07 06:35:19,False,10000,111,0.0,0,0.55,0.8,0.3,0,0.5,10,9.5,10,rrt_20260807_063519_044.png
20260807_063520_706,2026-08-07 06:35:20,False,10000,86,0.0,0,0.55,0.8,0.3,0,0.5,10,9.5,10,rrt_20260807_063520_706.png
20260807_063522_922,2026-08-07 06:35:22,False,10000,132,0.0,0,0.55,0.8,0.3,0,0.5,10,9.5,10,rrt_20260807_063522_922.png
20260807_063524_672,2026-08-07 06:35:24,False,10000,96,0.0,0,0.55,0.8,0.3,0,0.5,10,9.5,10,rrt_20260807_063524_672.png
20260807_063526_485,2026-08-07 06:35:26,False,10000,96,0.0,0,0.55,0.8,0.3,0,0.5,10,9.5,10,rrt_20260807_063526_485.png
20260807_063527_017,2026-08-07 06:35:27,True,460,87,17.050000000000008,32,0.55,0.8,0.3,0,0.5,10,9.5,10,rrt_20260807_063527_017.png
20260807_063529_094,2026-08-07 06:35:29,False,10000,120,0.0,0,0.55,0.8,0.3,0,0.5,10,9.5,10,rrt_20260807_063529_094.png
20260807_063530_577,2026-08-07 06:35:30,False,10000,62,0.0,0,0.55,0.8,0.3,0,0.5,10,9.5,10,rrt_20260807_063530_577.png
20260807_063532_362,2026-08-07 06:35:32,False,10000,81,0.0,0,0.55,0.8,0.3,0,0.5,10,9.5,10,rrt_20260807_063532_362.png
20260807_063534_436,2026-08-07 06:35:34,False,10000,94,0.0,0,0.55,0.8,0.3,0,0.5,10,9.5,10,rrt_20260807_063534_436.png
20260807_063536_228,2026-08-07 06:35:36,False,10000,95,0.0,0,0.55,0.8,0.3,0,0.5,10,9.5,10,rrt_20260807_063536_228.png
20260807_063537_895,2026-08-07 06:35:37,False,10000,83,0.0,0,0.55,0.8,0.3,0,0.5,10,9.5,10,rrt_20260807_063537_895.png
20260807_063538_413,2026-08-07 06:35:38,True,421,76,17.483413790605468,33,0.55,0.8,0.3,0,0.5,10,9.5,10,rrt_20260807_063538_413.png
20260807_063540_531,2026-08-07 06:35:40,False,10000,130,0.0,0,0.55,0.8,0.3,0,0.5,10,9.5,10,rrt_20260807_063540_531.png
20260807_063542_139,2026-08-07 06:35:42,False,10000,67,0.0,0,0.55,0.8,0.3,0,0.5,10,9.5,10,rrt_20260807_063542_139.png
20260807_063544_415,2026-08-07 06:35:44,False,10000,138,0.0,0,0.55,0.8,0.3,0,0.5,10,9.5,10,rrt_20260807_063544_415.png
20260807_063545_012,2026-08-07 06:35:45,True,697,107,17.909269335102664,34,0.55,0.8,0.3,0,0.5,10,9.5,10,rrt_20260807_063545_012.png
20260807_063546_570,2026-08-07 06:35:46,False,10000,61,0.0,0,0.55,0.8,0.3,0,0.5,10,9.5,10,rrt_20260807_063546_570.png
20260807_063548_236,2026-08-07 06:35:48,False,10000,46,0.0,0,0.55,0.8,0.3,0,0.5,10,9.5,10,rrt_20260807_063548_236.png
20260807_063550_285,2026-08-07 06:35:50,False,10000,118,0.0,0,0.55,0.8,0.3,0,0.5,10,9.5,10,rrt_20260807_063550_285.png
20260807_063551_986,2026-08-07 06:35:51,False,10000,87,0.0,0,0.55,0.8,0.3,0,0.5,10,9.5,10,rrt_20260807_063551_986.png
20260807_063553_971,2026-08-07 06:35:53,False,10000,105,0.0,0,0.55,0.8,0.3,0,0.5,10,9.5,10,rrt_20260807_063553_971.png
20260807_063554_691,2026-08-07 06:35:54,True,438,86,18.142070098871674,34,0.55,0.8,0.3,0,0.5,10,9.5,10,rrt_20260807_063554_691.png
20260807_063556_361,2026-08-07 06:35:56,False,10000,90,0.0,0,0.55,0.8,0.3,0,0.5,10,9.5,10,rrt_20260807_063556_361.png
20260807_063558_051,2026-08-07 06:35:58,False,10000,79,0.0,0,0.55,0.8,0.3,0,0.5,10,9.5,10,rrt_20260807_063558_051.png
20260807_063559_841,2026-08-07 06:35:59,False,10000,92,0.0,0,0.55,0.9,0.3,0,0.5,10,9.5,10,rrt_20260807_063559_841.png
20260807_063600_385,2026-08-07 06:36:00,True,324,76,20.285427788886874,38,0.55,0.9,0.3,0,0.5,10,9.5,10,rrt_20260807_063600_385.png
20260807_063601_047,2026-08-07 06:36:01,True,163,68,17.050000000000008,32,0.55,0.9,0.3,0,0.5,10,9.5,10,rrt_20260807_063601_047.png
20260807_063601_548,2026-08-07 06:36:01,True,722,102,20.35000000000001,38,0.55,0.9,0.3,0,0.5,10,9.5,10,rrt_20260807_063601_548.png
20260807_063602_069,2026-08-07 06:36:02,True,628,109,17.354344749214746,33,0.55,0.9,0.3,0,0.5,10,9.5,10,rrt_20260807_063602_069.png
20260807_063604_193,2026-08-07 06:36:04,False,10000,130,0.0,0,0.55,0.9,0.3,0,0.5,10,9.5,10,rrt_20260807_063604_193.png
20260807_063605_667,2026-08-07 06:36:05,False,10000,62,0.0,0,0.55,0.9,0.3,0,0.5,10,9.5,10,rrt_20260807_063605_667.png
20260807_063607_156,2026-08-07 06:36:07,False,10000,61,0.0,0,0.55,0.9,0.3,0,0.5,10,9.5,10,rrt_20260807_063607_156.png
20260807_063608_441,2026-08-07 06:36:08,False,10000,47,0.0,0,0.55,0.9,0.3,0,0.5,10,9.5,10,rrt_20260807_063608_441.png
20260807_063609_060,2026-08-07 06:36:09,True,1171,88,19.034598255688895,36,0.55,0.9,0.3,0,0.5,10,9.5,10,rrt_20260807_063609_060.png
20260807_063610_904,2026-08-07 06:36:10,False,10000,99,0.0,0,0.55,0.9,0.3,0,0.5,10,9.5,10,rrt_20260807_063610_904.png
20260807_063612_999,2026-08-07 06:36:12,False,10000,103,0.0,0,0.55,0.9,0.3,0,0.5,10,9.5,10,rrt_20260807_063612_999.png
20260807_063615_143,2026-08-07 06:36:15,False,10000,101,0.0,0,0.55,0.9,0.3,0,0.5,10,9.5,10,rrt_20260807_063615_143.png
20260807_063616_840,2026-08-07 06:36:16,False,10000,79,0.0,0,0.55,0.9,0.3,0,0.5,10,9.5,10,rrt_20260807_063616_840.png
20260807_063618_221,2026-08-07 06:36:18,False,10000,68,0.0,0,0.55,0.9,0.3,0,0.5,10,9.5,10,rrt_20260807_063618_221.png
20260807_063620_162,2026-08-07 06:36:20,False,10000,113,0.0,0,0.55,0.9,0.3,0,0.5,10,9.5,10,rrt_20260807_063620_162.png
20260807_063621_351,2026-08-07 06:36:21,False,10000,43,0.0,0,0.55,0.9,0.3,0,0.5,10,9.5,10,rrt_20260807_063621_351.png
20260807_063622_859,2026-08-07 06:36:22,False,10000,72,0.0,0,0.55,0.9,0.3,0,0.5,10,9.5,10,rrt_20260807_063622_859.png
20260807_063624_617,2026-08-07 06:36:24,False,10000,96,0.0,0,0.55,0.9,0.3,0,0.5,10,9.5,10,rrt_20260807_063624_617.png
20260807_063626_355,2026-08-07 06:36:26,False,10000,68,0.0,0,0.55,0.9,0.3,0,0.5,10,9.5,10,rrt_20260807_063626_355.png
20260807_063628_000,2026-08-07 06:36:28,False,10000,77,0.0,0,0.55,0.9,0.3,0,0.5,10,9.5,10,rrt_20260807_063628_000.png
20260807_063628_527,2026-08-07 06:36:28,True,485,67,18.15000000000001,34,0.55,0.9,0.3,0,0.5,10,9.5,10,rrt_20260807_063628_527.png
20260807_063629_951,2026-08-07 06:36:29,False,10000,63,0.0,0,0.55,0.9,0.3,0,0.5,10,9.5,10,rrt_20260807_063629_951.png
20260807_063632_299,2026-08-07 06:36:32,False,10000,143,0.0,0,0.55,0.9,0.3,0,0.5,10,9.5,10,rrt_20260807_063632_299.png
20260807_063633_594,2026-08-07 06:36:33,False,10000,45,0.0,0,0.55,0.9,0.3,0,0.5,10,9.5,10,rrt_20260807_063633_594.png
20260807_063634_621,2026-08-07 06:36:34,True,2103,135,19.068116155746466,36,0.55,0.9,0.3,0,0.5,10,9.5,10,rrt_20260807_063634_621.png
20260807_063636_425,2026-08-07 06:36:36,False,10000,95,0.0,0,0.55,0.9,0.3,0,0.5,10,9.5,10,rrt_20260807_063636_425.png
20260807_063637_973,2026-08-07 06:36:37,False,10000,63,0.0,0,0.55,0.9,0.3,0,0.5,10,9.5,10,rrt_20260807_063637_973.png
20260807_063640_046,2026-08-07 06:36:40,False,10000,99,0.0,0,0.55,0.9,0.3,0,0.5,10,9.5,10,rrt_20260807_063640_046.png
20260807_063640_621,2026-08-07 06:36:40,True,729,98,19.014528620827143,36,0.55,0.9,0.3,0,0.5,10,9.5,10,rrt_20260807_063640_621.png
20260807_063642_147,2026-08-07 06:36:42,False,10000,77,0.0,0,0.55,0.9,0.3,0,0.5,10,9.5,10,rrt_20260807_063642_147.png
20260807_063644_052,2026-08-07 06:36:44,False,10000,105,0.0,0,0.55,0.9,0.3,0,0.5,10,9.5,10,rrt_20260807_063644_052.png
20260807_063645_815,2026-08-07 06:36:45,False,10000,87,0.0,0,0.55,0.9,0.3,0,0.5,10,9.5,10,rrt_20260807_063645_815.png
20260807_063647_788,2026-08-07 06:36:47,False,10000,110,0.0,0,0.55,0.9,0.3,0,0.5,10,9.5,10,rrt_20260807_063647_788.png
20260807_063648_370,2026-08-07 06:36:48,True,893,106,18.459461611640517,35,0.55,0.9,0.3,0,0.5,10,9.5,10,rrt_20260807_063648_370.png
20260807_063650_291,2026-08-07 06:36:50,False,10000,113,0.0,0,0.55,0.9,0.3,0,0.5,10,9.5,10,rrt_20260807_063650_291.png
20260807_063652_199,2026-08-07 06:36:52,False,10000,98,0.0,0,0.55,0.9,0.3,0,0.5,10,9.5,10,rrt_20260807_063652_199.png
20260807_063654_473,2026-08-07 06:36:54,False,10000,108,0.0,0,0.55,0.9,0.3,0,0.5,10,9.5,10,rrt_20260807_063654_473.png
20260807_063656_207,2026-08-07 06:36:56,False,10000,87,0.0,0,0.55,0.9,0.3,0,0.5,10,9.5,10,rrt_20260807_063656_207.png
20260807_063657_856,2026-08-07 06:36:57,False,10000,78,0.0,0,0.55,0.9,0.3,0,0.5,10,9.5,10,rrt_20260807_063657_856.png
20260807_063658_490,2026-08-07 06:36:58,True,976,108,19.667455894680355,37,0.55,0.9,0.3,0,0.5,10,9.5,10,rrt_20260807_063658_490.png
20260807_063700_586,2026-08-07 06:37:00,False,10000,104,0.0,0,0.55,0.9,0.3,0,0.5,10,9.5,10,rrt_20260807_063700_586.png
20260807_063702_441,2026-08-07 06:37:02,False,10000,97,0.0,0,0.55,0.9,0.3,0,0.5,10,9.5,10,rrt_20260807_063702_441.png
20260807_063703_062,2026-08-07 06:37:03,True,301,80,19.25000000000001,36,0.55,0.9,0.3,0,0.5,10,9.5,10,rrt_20260807_063703_062.png
20260807_063705_115,2026-08-07 06:37:05,False,10000,116,0.0,0,0.55,0.9,0.3,0,0.5,10,9.5,10,rrt_20260807_063705_115.png
20260807_063706_884,2026-08-07 06:37:06,False,10000,88,0.0,0,0.55,0.9,0.3,0,0.5,10,9.5,10,rrt_20260807_063706_884.png
20260807_063708_978,2026-08-07 06:37:08,False,10000,102,0.0,0,0.55,0.9,0.3,0,0.5,10,9.5,10,rrt_20260807_063708_978.png
20260807_063710_929,2026-08-07 06:37:10,False,10000,100,0.0,0,0.55,0.9,0.3,0,0.5,10,9.5,10,rrt_20260807_063710_929.png
20260807_063712_224,2026-08-07 06:37:12,False,10000,38,0.0,0,0.55,0.9,0.3,0,0.5,10,9.5,10,rrt_20260807_063712_224.png
20260807_063714_242,2026-08-07 06:37:14,False,10000,108,0.0,0,0.55,0.9,0.3,0,0.5,10,9.5,10,rrt_20260807_063714_242.png
20260807_063716_233,2026-08-07 06:37:16,False,10000,96,0.0,0,0.55,0.9,0.3,0,0.5,10,9.5,10,rrt_20260807_063716_233.png
20260807_063717_885,2026-08-07 06:37:17,False,10000,69,0.0,0,0.55,0.9,0.3,0,0.5,10,9.5,10,rrt_20260807_063717_885.png
20260807_063719_739,2026-08-07 06:37:19,False,10000,96,0.0,0,0.55,0.9,0.3,0,0.5,10,9.5,10,rrt_20260807_063719_739.png
20260807_063721_381,2026-08-07 06:37:21,False,10000,74,0.0,0,0.55,0.9,0.3,0,0.5,10,9.5,10,rrt_20260807_063721_381.png
20260807_063722_047,2026-08-07 06:37:22,True,1149,106,18.45635895598685,35,0.55,0.9,0.3,0,0.5,10,9.5,10,rrt_20260807_063722_047.png
20260807_063722_935,2026-08-07 06:37:22,True,918,118,19.250000000000007,36,0.55,0.9,0.3,0,0.5,10,9.5,10,rrt_20260807_063722_935.png
20260807_063723_675,2026-08-07 06:37:23,True,847,97,17.60000000000001,33,0.55,0.9,0.3,0,0.5,10,9.5,10,rrt_20260807_063723_675.png
20260807_063725_571,2026-08-07 06:37:25,False,10000,108,0.0,0,0.55,0.9,0.3,0,0.5,10,9.5,10,rrt_20260807_063725_571.png
20260807_063727_487,2026-08-07 06:37:27,False,10000,101,0.0,0,0.55,0.9,0.3,0,0.5,10,9.5,10,rrt_20260807_063727_487.png
20260807_063728_174,2026-08-07 06:37:28,True,1137,105,18.598398938172153,35,0.55,0.9,0.3,0,0.5,10,9.5,10,rrt_20260807_063728_174.png
20260807_063729_965,2026-08-07 06:37:29,False,10000,91,0.0,0,0.55,0.9,0.3,0,0.5,10,9.5,10,rrt_20260807_063729_965.png
20260807_063731_702,2026-08-07 06:37:31,False,10000,77,0.0,0,0.55,0.9,0.3,0,0.5,10,9.5,10,rrt_20260807_063731_702.png
20260807_063733_454,2026-08-07 06:37:33,False,10000,71,0.0,0,0.55,0.9,0.3,0,0.5,10,9.5,10,rrt_20260807_063733_454.png
20260807_063734_036,2026-08-07 06:37:34,True,333,77,20.35000000000001,38,0.55,0.9,0.3,0,0.5,10,9.5,10,rrt_20260807_063734_036.png
20260807_063736_183,2026-08-07 06:37:36,False,10000,113,0.0,0,0.55,0.9,0.3,0,0.5,10,9.5,10,rrt_20260807_063736_183.png
20260807_063737_940,2026-08-07 06:37:37,False,10000,89,0.0,0,0.55,0.9,0.3,0,0.5,10,9.5,10,rrt_20260807_063737_940.png
20260807_063738_516,2026-08-07 06:37:38,True,1017,84,20.90000000000001,39,0.55,0.9,0.3,0,0.5,10,9.5,10,rrt_20260807_063738_516.png
20260807_063738_986,2026-08-07 06:37:38,True,171,60,16.500000000000007,31,0.55,0.9,0.3,0,0.5,10,9.5,10,rrt_20260807_063738_986.png
20260807_063741_097,2026-08-07 06:37:41,False,10000,130,0.0,0,0.55,0.9,0.3,0,0.5,10,9.5,10,rrt_20260807_063741_097.png
20260807_063743_114,2026-08-07 06:37:43,False,10000,120,0.0,0,0.55,0.9,0.3,0,0.5,10,9.5,10,rrt_20260807_063743_114.png
20260807_063744_862,2026-08-07 06:37:44,False,10000,91,0.0,0,0.55,0.9,0.3,0,0.5,10,9.5,10,rrt_20260807_063744_862.png
20260807_063746_729,2026-08-07 06:37:46,False,10000,82,0.0,0,0.55,0.9,0.3,0,0.5,10,9.5,10,rrt_20260807_063746_729.png
20260807_063748_494,2026-08-07 06:37:48,False,10000,95,0.0,0,0.55,0.9,0.3,0,0.5,10,9.5,10,rrt_20260807_063748_494.png
20260807_063750_402,2026-08-07 06:37:50,False,10000,82,0.0,0,0.55,0.9,0.3,0,0.5,10,9.5,10,rrt_20260807_063750_402.png
20260807_063752_225,2026-08-07 06:37:52,False,10000,101,0.0,0,0.55,0.9,0.3,0,0.5,10,9.5,10,rrt_20260807_063752_225.png
20260807_063753_918,2026-08-07 06:37:53,False,10000,86,0.0,0,0.55,0.9,0.3,0,0.5,10,9.5,10,rrt_20260807_063753_918.png
20260807_063755_491,2026-08-07 06:37:55,False,10000,72,0.0,0,0.55,0.9,0.3,0,0.5,10,9.5,10,rrt_20260807_063755_491.png
20260807_063757_285,2026-08-07 06:37:57,False,10000,99,0.0,0,0.55,0.9,0.3,0,0.5,10,9.5,10,rrt_20260807_063757_285.png
20260807_063759_183,2026-08-07 06:37:59,False,10000,106,0.0,0,0.55,0.9,0.3,0,0.5,10,9.5,10,rrt_20260807_063759_183.png
20260807_063801_068,2026-08-07 06:38:01,False,10000,106,0.0,0,0.55,0.9,0.3,0,0.5,10,9.5,10,rrt_20260807_063801_068.png
20260807_063803_015,2026-08-07 06:38:03,False,10000,105,0.0,0,0.55,0.9,0.3,0,0.5,10,9.5,10,rrt_20260807_063803_015.png
20260807_063803_560,2026-08-07 06:38:03,True,590,82,17.375895565154305,33,0.55,0.9,0.3,0,0.5,10,9.5,10,rrt_20260807_063803_560.png
20260807_063804_965,2026-08-07 06:38:04,False,10000,38,0.0,0,0.55,0.9,0.3,0,0.5,10,9.5,10,rrt_20260807_063804_965.png
20260807_063806_955,2026-08-07 06:38:06,False,10000,116,0.0,0,0.55,0.9,0.3,0,0.5,10,9.5,10,rrt_20260807_063806_955.png
20260807_063809_141,2026-08-07 06:38:09,False,10000,135,0.0,0,0.55,0.9,0.3,0,0.5,10,9.5,10,rrt_20260807_063809_141.png
20260807_063810_604,2026-08-07 06:38:10,False,10000,49,0.0,0,0.55,0.9,0.3,0,0.5,10,9.5,10,rrt_20260807_063810_604.png
20260807_063811_170,2026-08-07 06:38:11,True,427,94,18.04942678519531,34,0.55,0.9,0.3,0,0.5,10,9.5,10,rrt_20260807_063811_170.png
20260807_063811_719,2026-08-07 06:38:11,True,960,121,20.350000000000012,38,0.55,0.9,0.3,0,0.5,10,9.5,10,rrt_20260807_063811_719.png
20260807_063812_264,2026-08-07 06:38:12,True,1158,81,19.25000000000001,36,0.55,0.9,0.3,0,0.5,10,9.5,10,rrt_20260807_063812_264.png
20260807_063814_375,2026-08-07 06:38:14,False,10000,130,0.0,0,0.55,0.9,0.3,0,0.5,10,9.5,10,rrt_20260807_063814_375.png
20260807_063815_274,2026-08-07 06:38:15,True,1008,111,18.108292135478614,34,0.55,0.9,0.3,0,0.5,10,9.5,10,rrt_20260807_063815_274.png
20260807_063815_809,2026-08-07 06:38:15,True,218,76,16.826775250545666,32,0.55,0.9,0.3,0,0.5,10,9.5,10,rrt_20260807_063815_809.png
20260807_063817_286,2026-08-07 06:38:17,False,10000,67,0.0,0,0.55,0.9,0.3,0,0.5,10,9.5,10,rrt_20260807_063817_286.png
20260807_063819_072,2026-08-07 06:38:19,False,10000,97,0.0,0,0.55,0.9,0.3,0,0.5,10,9.5,10,rrt_20260807_063819_072.png
20260807_063819_616,2026-08-07 06:38:19,True,428,99,19.250000000000007,36,0.55,0.9,0.3,0,0.5,10,9.5,10,rrt_20260807_063819_616.png
20260807_063820_108,2026-08-07 06:38:20,True,316,86,17.600000000000005,33,0.55,0.9,0.3,0,0.5,10,9.5,10,rrt_20260807_063820_108.png
20260807_063821_849,2026-08-07 06:38:21,False,10000,95,0.0,0,0.55,0.9,0.3,0,0.5,10,9.5,10,rrt_20260807_063821_849.png
20260807_063823_745,2026-08-07 06:38:23,False,10000,108,0.0,0,0.55,0.9,0.3,0,0.5,10,9.5,10,rrt_20260807_063823_745.png
20260807_063826_189,2026-08-07 06:38:26,False,10000,136,0.0,0,0.55,0.9,0.3,0,0.5,10,9.5,10,rrt_20260807_063826_189.png
20260807_063828_108,2026-08-07 06:38:28,False,10000,89,0.0,0,0.55,0.9,0.3,0,0.5,10,9.5,10,rrt_20260807_063828_108.png
20260807_063829_759,2026-08-07 06:38:29,False,10000,73,0.0,0,0.55,1.0,0.3,0,0.5,10,9.5,10,rrt_20260807_063829_759.png
20260807_063831_437,2026-08-07 06:38:31,False,10000,82,0.0,0,0.55,1.0,0.3,0,0.5,10,9.5,10,rrt_20260807_063831_437.png
20260807_063833_000,2026-08-07 06:38:33,False,10000,71,0.0,0,0.55,1.0,0.3,0,0.5,10,9.5,10,rrt_20260807_063833_000.png
20260807_063834_759,2026-08-07 06:38:34,False,10000,94,0.0,0,0.55,1.0,0.3,0,0.5,10,9.5,10,rrt_20260807_063834_759.png
20260807_063836_425,2026-08-07 06:38:36,False,10000,82,0.0,0,0.55,1.0,0.3,0,0.5,10,9.5,10,rrt_20260807_063836_425.png
20260807_063838_310,2026-08-07 06:38:38,False,10000,104,0.0,0,0.55,1.0,0.3,0,0.5,10,9.5,10,rrt_20260807_063838_310.png
20260807_063840_370,2026-08-07 06:38:40,False,10000,116,0.0,0,0.55,1.0,0.3,0,0.5,10,9.5,10,rrt_20260807_063840_370.png
20260807_063842_092,2026-08-07 06:38:42,False,10000,88,0.0,0,0.55,1.0,0.3,0,0.5,10,9.5,10,rrt_20260807_063842_092.png
20260807_063843_537,2026-08-07 06:38:43,False,10000,44,0.0,0,0.55,1.0,0.3,0,0.5,10,9.5,10,rrt_20260807_063843_537.png
20260807_063845_324,2026-08-07 06:38:45,False,10000,95,0.0,0,0.55,1.0,0.3,0,0.5,10,9.5,10,rrt_20260807_063845_324.png
20260807_063847_192,2026-08-07 06:38:47,False,10000,90,0.0,0,0.55,1.0,0.3,0,0.5,10,9.5,10,rrt_20260807_063847_192.png
20260807_063848_776,2026-08-07 06:38:48,False,10000,75,0.0,0,0.55,1.0,0.3,0,0.5,10,9.5,10,rrt_20260807_063848_776.png
20260807_063850_808,2026-08-07 06:38:50,False,10000,123,0.0,0,0.55,1.0,0.3,0,0.5,10,9.5,10,rrt_20260807_063850_808.png
20260807_063851_418,2026-08-07 06:38:51,True,1029,103,19.250000000000007,36,0.55,1.0,0.3,0,0.5,10,9.5,10,rrt_20260807_063851_418.png
20260807_063852_984,2026-08-07 06:38:52,False,10000,78,0.0,0,0.55,1.0,0.3,0,0.5,10,9.5,10,rrt_20260807_063852_984.png
20260807_063854_565,2026-08-07 06:38:54,False,10000,56,0.0,0,0.55,1.0,0.3,0,0.5,10,9.5,10,rrt_20260807_063854_565.png
20260807_063856_131,2026-08-07 06:38:56,False,10000,69,0.0,0,0.55,1.0,0.3,0,0.5,10,9.5,10,rrt_20260807_063856_131.png
20260807_063856_996,2026-08-07 06:38:56,True,1221,79,19.800000000000004,37,0.55,1.0,0.3,0,0.5,10,9.5,10,rrt_20260807_063856_996.png
20260807_063858_892,2026-08-07 06:38:58,False,10000,107,0.0,0,0.55,1.0,0.3,0,0.5,10,9.5,10,rrt_20260807_063858_892.png
20260807_063900_811,2026-08-07 06:39:00,False,10000,106,0.0,0,0.55,1.0,0.3,0,0.5,10,9.5,10,rrt_20260807_063900_811.png
20260807_063902_508,2026-08-07 06:39:02,False,10000,88,0.0,0,0.55,1.0,0.3,0,0.5,10,9.5,10,rrt_20260807_063902_508.png
20260807_063904_217,2026-08-07 06:39:04,False,10000,89,0.0,0,0.55,1.0,0.3,0,0.5,10,9.5,10,rrt_20260807_063904_217.png
20260807_063906_295,2026-08-07 06:39:06,False,10000,123,0.0,0,0.55,1.0,0.3,0,0.5,10,9.5,10,rrt_20260807_063906_295.png
20260807_063907_925,2026-08-07 06:39:07,False,10000,82,0.0,0,0.55,1.0,0.3,0,0.5,10,9.5,10,rrt_20260807_063907_925.png
20260807_063909_710,2026-08-07 06:39:09,False,10000,97,0.0,0,0.55,1.0,0.3,0,0.5,10,9.5,10,rrt_20260807_063909_710.png
20260807_063911_606,2026-08-07 06:39:11,False,10000,99,0.0,0,0.55,1.0,0.3,0,0.5,10,9.5,10,rrt_20260807_063911_606.png
20260807_063913_711,2026-08-07 06:39:13,False,10000,102,0.0,0,0.55,1.0,0.3,0,0.5,10,9.5,10,rrt_20260807_063913_711.png
20260807_063915_619,2026-08-07 06:39:15,False,10000,106,0.0,0,0.55,1.0,0.3,0,0.5,10,9.5,10,rrt_20260807_063915_619.png
20260807_063917_448,2026-08-07 06:39:17,False,10000,92,0.0,0,0.55,1.0,0.3,0,0.5,10,9.5,10,rrt_20260807_063917_448.png
20260807_063918_832,2026-08-07 06:39:18,False,10000,38,0.0,0,0.55,1.0,0.3,0,0.5,10,9.5,10,rrt_20260807_063918_832.png
20260807_063919_404,2026-08-07 06:39:19,True,887,110,19.25,36,0.55,1.0,0.3,0,0.5,10,9.5,10,rrt_20260807_063919_404.png
20260807_063920_999,2026-08-07 06:39:20,False,10000,80,0.0,0,0.55,1.0,0.3,0,0.5,10,9.5,10,rrt_20260807_063920_999.png
20260807_063922_815,2026-08-07 06:39:22,False,10000,101,0.0,0,0.55,1.0,0.3,0,0.5,10,9.5,10,rrt_20260807_063922_815.png
20260807_063924_664,2026-08-07 06:39:24,False,10000,102,0.0,0,0.55,1.0,0.3,0,0.5,10,9.5,10,rrt_20260807_063924_664.png
20260807_063925_213,2026-08-07 06:39:25,True,452,111,18.70000000000001,35,0.55,1.0,0.3,0,0.5,10,9.5,10,rrt_20260807_063925_213.png
20260807_063926_613,2026-08-07 06:39:26,False,10000,40,0.0,0,0.55,1.0,0.3,0,0.5,10,9.5,10,rrt_20260807_063926_613.png
20260807_063928_109,2026-08-07 06:39:28,False,10000,64,0.0,0,0.55,1.0,0.3,0,0.5,10,9.5,10,rrt_20260807_063928_109.png
20260807_063930_045,2026-08-07 06:39:30,False,10000,107,0.0,0,0.55,1.0,0.3,0,0.5,10,9.5,10,rrt_20260807_063930_045.png
20260807_063931_974,2026-08-07 06:39:31,False,10000,110,0.0,0,0.55,1.0,0.3,0,0.5,10,9.5,10,rrt_20260807_063931_974.png
20260807_063933_405,2026-08-07 06:39:33,False,10000,58,0.0,0,0.55,1.0,0.3,0,0.5,10,9.5,10,rrt_20260807_063933_405.png
20260807_063934_168,2026-08-07 06:39:34,True,1409,120,17.600000000000012,33,0.55,1.0,0.3,0,0.5,10,9.5,10,rrt_20260807_063934_168.png
20260807_063935_376,2026-08-07 06:39:35,False,10000,44,0.0,0,0.55,1.0,0.3,0,0.5,10,9.5,10,rrt_20260807_063935_376.png
20260807_063937_131,2026-08-07 06:39:37,False,10000,95,0.0,0,0.55,1.0,0.3,0,0.5,10,9.5,10,rrt_20260807_063937_131.png
20260807_063938_651,2026-08-07 06:39:38,False,10000,66,0.0,0,0.55,1.0,0.3,0,0.5,10,9.5,10,rrt_20260807_063938_651.png
20260807_063941_057,2026-08-07 06:39:41,False,10000,105,0.0,0,0.55,1.0,0.3,0,0.5,10,9.5,10,rrt_20260807_063941_057.png
20260807_063942_981,2026-08-07 06:39:42,False,10000,108,0.0,0,0.55,1.0,0.3,0,0.5,10,9.5,10,rrt_20260807_063942_981.png
20260807_063944_837,2026-08-07 06:39:44,False,10000,102,0.0,0,0.55,1.0,0.3,0,0.5,10,9.5,10,rrt_20260807_063944_837.png
20260807_063946_918,2026-08-07 06:39:46,False,10000,120,0.0,0,0.55,1.0,0.3,0,0.5,10,9.5,10,rrt_20260807_063946_918.png
20260807_063948_530,2026-08-07 06:39:48,False,10000,76,0.0,0,0.55,1.0,0.3,0,0.5,10,9.5,10,rrt_20260807_063948_530.png
20260807_063950_271,2026-08-07 06:39:50,False,10000,91,0.0,0,0.55,1.0,0.3,0,0.5,10,9.5,10,rrt_20260807_063950_271.png
20260807_063951_749,2026-08-07 06:39:51,False,10000,65,0.0,0,0.55,1.0,0.3,0,0.5,10,9.5,10,rrt_20260807_063951_749.png
20260807_063953_248,2026-08-07 06:39:53,False,10000,68,0.0,0,0.55,1.0,0.3,0,0.5,10,9.5,10,rrt_20260807_063953_248.png
20260807_063954_747,2026-08-07 06:39:54,False,10000,48,0.0,0,0.55,1.0,0.3,0,0.5,10,9.5,10,rrt_20260807_063954_747.png
20260807_063956_478,2026-08-07 06:39:56,False,10000,85,0.0,0,0.55,1.0,0.3,0,0.5,10,9.5,10,rrt_20260807_063956_478.png
20260807_063958_289,2026-08-07 06:39:58,False,10000,99,0.0,0,0.55,1.0,0.3,0,0.5,10,9.5,10,rrt_20260807_063958_289.png
20260807_064000_231,2026-08-07 06:40:00,False,10000,113,0.0,0,0.55,1.0,0.3,0,0.5,10,9.5,10,rrt_20260807_064000_231.png
20260807_064001_521,2026-08-07 06:40:01,False,10000,46,0.0,0,0.55,1.0,0.3,0,0.5,10,9.5,10,rrt_20260807_064001_521.png
20260807_064003_242,2026-08-07 06:40:03,False,10000,92,0.0,0,0.55,1.0,0.3,0,0.5,10,9.5,10,rrt_20260807_064003_242.png
20260807_064004_951,2026-08-07 06:40:04,False,10000,82,0.0,0,0.55,1.0,0.3,0,0.5,10,9.5,10,rrt_20260807_064004_951.png
20260807_064006_931,2026-08-07 06:40:06,False,10000,113,0.0,0,0.55,1.0,0.3,0,0.5,10,9.5,10,rrt_20260807_064006_931.png
20260807_064008_497,2026-08-07 06:40:08,False,10000,76,0.0,0,0.55,1.0,0.3,0,0.5,10,9.5,10,rrt_20260807_064008_497.png
20260807_064010_482,2026-08-07 06:40:10,False,10000,89,0.0,0,0.55,1.0,0.3,0,0.5,10,9.5,10,rrt_20260807_064010_482.png
20260807_064012_231,2026-08-07 06:40:12,False,10000,85,0.0,0,0.55,1.0,0.3,0,0.5,10,9.5,10,rrt_20260807_064012_231.png
20260807_064013_732,2026-08-07 06:40:13,False,10000,66,0.0,0,0.55,1.0,0.3,0,0.5,10,9.5,10,rrt_20260807_064013_732.png
20260807_064015_300,2026-08-07 06:40:15,False,10000,75,0.0,0,0.55,1.0,0.3,0,0.5,10,9.5,10,rrt_20260807_064015_300.png
20260807_064015_865,2026-08-07 06:40:15,True,540,108,18.7,35,0.55,1.0,0.3,0,0.5,10,9.5,10,rrt_20260807_064015_865.png
20260807_064017_756,2026-08-07 06:40:17,False,10000,107,0.0,0,0.55,1.0,0.3,0,0.5,10,9.5,10,rrt_20260807_064017_756.png
20260807_064019_020,2026-08-07 06:40:19,False,10000,48,0.0,0,0.55,1.0,0.3,0,0.5,10,9.5,10,rrt_20260807_064019_020.png
20260807_064020_891,2026-08-07 06:40:20,False,10000,107,0.0,0,0.55,1.0,0.3,0,0.5,10,9.5,10,rrt_20260807_064020_891.png
20260807_064022_409,2026-08-07 06:40:22,False,10000,65,0.0,0,0.55,1.0,0.3,0,0.5,10,9.5,10,rrt_20260807_064022_409.png
20260807_064024_987,2026-08-07 06:40:24,False,10000,137,0.0,0,0.55,1.0,0.3,0,0.5,10,9.5,10,rrt_20260807_064024_987.png
20260807_064026_909,2026-08-07 06:40:26,False,10000,92,0.0,0,0.55,1.0,0.3,0,0.5,10,9.5,10,rrt_20260807_064026_909.png
20260807_064028_531,2026-08-07 06:40:28,False,10000,78,0.0,0,0.55,1.0,0.3,0,0.5,10,9.5,10,rrt_20260807_064028_531.png
20260807_064030_440,2026-08-07 06:40:30,False,10000,96,0.0,0,0.55,1.0,0.3,0,0.5,10,9.5,10,rrt_20260807_064030_440.png
20260807_064031_963,2026-08-07 06:40:31,False,10000,75,0.0,0,0.55,1.0,0.3,0,0.5,10,9.5,10,rrt_20260807_064031_963.png
20260807_064033_688,2026-08-07 06:40:33,False,10000,90,0.0,0,0.55,1.0,0.3,0,0.5,10,9.5,10,rrt_20260807_064033_688.png
20260807_064035_557,2026-08-07 06:40:35,False,10000,102,0.0,0,0.55,1.0,0.3,0,0.5,10,9.5,10,rrt_20260807_064035_557.png
20260807_064037_679,2026-08-07 06:40:37,False,10000,129,0.0,0,0.55,1.0,0.3,0,0.5,10,9.5,10,rrt_20260807_064037_679.png
20260807_064039_475,2026-08-07 06:40:39,False,10000,99,0.0,0,0.55,1.0,0.3,0,0.5,10,9.5,10,rrt_20260807_064039_475.png
20260807_064041_467,2026-08-07 06:40:41,False,10000,97,0.0,0,0.55,1.0,0.3,0,0.5,10,9.5,10,rrt_20260807_064041_467.png
20260807_064043_294,2026-08-07 06:40:43,False,10000,99,0.0,0,0.55,1.0,0.3,0,0.5,10,9.5,10,rrt_20260807_064043_294.png
20260807_064044_712,2026-08-07 06:40:44,False,10000,55,0.0,0,0.55,1.0,0.3,0,0.5,10,9.5,10,rrt_20260807_064044_712.png
20260807_064045_270,2026-08-07 06:40:45,True,465,97,18.150000000000013,34,0.55,1.0,0.3,0,0.5,10,9.5,10,rrt_20260807_064045_270.png
20260807_064047_055,2026-08-07 06:40:47,False,10000,102,0.0,0,0.55,1.0,0.3,0,0.5,10,9.5,10,rrt_20260807_064047_055.png
20260807_064049_219,2026-08-07 06:40:49,False,10000,137,0.0,0,0.55,1.0,0.3,0,0.5,10,9.5,10,rrt_20260807_064049_219.png
20260807_064051_039,2026-08-07 06:40:51,False,10000,95,0.0,0,0.55,1.0,0.3,0,0.5,10,9.5,10,rrt_20260807_064051_039.png
20260807_064052_792,2026-08-07 06:40:52,False,10000,92,0.0,0,0.55,1.0,0.3,0,0.5,10,9.5,10,rrt_20260807_064052_792.png
20260807_064054_967,2026-08-07 06:40:54,False,10000,135,0.0,0,0.55,1.0,0.3,0,0.5,10,9.5,10,rrt_20260807_064054_967.png
20260807_064057_715,2026-08-07 06:40:57,False,10000,149,0.0,0,0.55,1.0,0.3,0,0.5,10,9.5,10,rrt_20260807_064057_715.png
20260807_064059_324,2026-08-07 06:40:59,False,10000,76,0.0,0,0.55,1.0,0.3,0,0.5,10,9.5,10,rrt_20260807_064059_324.png
20260807_064101_123,2026-08-07 06:41:01,False,10000,92,0.0,0,0.55,1.0,0.3,0,0.5,10,9.5,10,rrt_20260807_064101_123.png
20260807_064102_836,2026-08-07 06:41:02,False,10000,84,0.0,0,0.55,1.0,0.3,0,0.5,10,9.5,10,rrt_20260807_064102_836.png
20260807_064103_426,2026-08-07 06:41:03,True,1012,106,22.000000000000014,41,0.55,1.0,0.3,0,0.5,10,9.5,10,rrt_20260807_064103_426.png
20260807_064105_146,2026-08-07 06:41:05,False,10000,95,0.0,0,0.55,1.0,0.3,0,0.5,10,9.5,10,rrt_20260807_064105_146.png
20260807_064106_919,2026-08-07 06:41:06,False,10000,97,0.0,0,0.55,1.0,0.3,0,0.5,10,9.5,10,rrt_20260807_064106_919.png
20260807_064108_931,2026-08-07 06:41:08,False,10000,116,0.0,0,0.55,1.0,0.3,0,0.5,10,9.5,10,rrt_20260807_064108_931.png
20260807_064110_852,2026-08-07 06:41:10,False,10000,99,0.0,0,0.55,1.0,0.3,0,0.5,10,9.5,10,rrt_20260807_064110_852.png
20260807_064112_583,2026-08-07 06:41:12,False,10000,71,0.0,0,0.55,1.0,0.3,0,0.5,10,9.5,10,rrt_20260807_064112_583.png
20260807_064114_645,2026-08-07 06:41:14,False,10000,121,0.0,0,0.55,1.0,0.3,0,0.5,10,9.5,10,rrt_20260807_064114_645.png
20260807_064116_584,2026-08-07 06:41:16,False,10000,101,0.0,0,0.55,1.0,0.3,0,0.5,10,9.5,10,rrt_20260807_064116_584.png
20260807_064118_279,2026-08-07 06:41:18,False,10000,95,0.0,0,0.6,0.1,0.3,0,0.5,10,9.5,10,rrt_20260807_064118_279.png
20260807_064119_740,2026-08-07 06:41:19,False,10000,67,0.0,0,0.6,0.1,0.3,0,0.5,10,9.5,10,rrt_20260807_064119_740.png
20260807_064121_700,2026-08-07 06:41:21,False,10000,117,0.0,0,0.6,0.1,0.3,0,0.5,10,9.5,10,rrt_20260807_064121_700.png
20260807_064123_212,2026-08-07 06:41:23,False,10000,91,0.0,0,0.6,0.1,0.3,0,0.5,10,9.5,10,rrt_20260807_064123_212.png
20260807_064124_599,2026-08-07 06:41:24,False,10000,75,0.0,0,0.6,0.1,0.3,0,0.5,10,9.5,10,rrt_20260807_064124_599.png
20260807_064126_012,2026-08-07 06:41:26,False,10000,78,0.0,0,0.6,0.1,0.3,0,0.5,10,9.5,10,rrt_20260807_064126_012.png
20260807_064127_451,2026-08-07 06:41:27,False,10000,36,0.0,0,0.6,0.1,0.3,0,0.5,10,9.5,10,rrt_20260807_064127_451.png
20260807_064129_052,2026-08-07 06:41:29,False,10000,104,0.0,0,0.6,0.1,0.3,0,0.5,10,9.5,10,rrt_20260807_064129_052.png
20260807_064130_688,2026-08-07 06:41:30,False,10000,102,0.0,0,0.6,0.1,0.3,0,0.5,10,9.5,10,rrt_20260807_064130_688.png
20260807_064131_270,2026-08-07 06:41:31,True,1535,48,19.8,34,0.6,0.1,0.3,0,0.5,10,9.5,10,rrt_20260807_064131_270.png
20260807_064132_786,2026-08-07 06:41:32,False,10000,86,0.0,0,0.6,0.1,0.3,0,0.5,10,9.5,10,rrt_20260807_064132_786.png
20260807_064134_394,2026-08-07 06:41:34,False,10000,95,0.0,0,0.6,0.1,0.3,0,0.5,10,9.5,10,rrt_20260807_064134_394.png
20260807_064135_220,2026-08-07 06:41:35,True,4071,85,17.375321584469365,30,0.6,0.1,0.3,0,0.5,10,9.5,10,rrt_20260807_064135_220.png
20260807_064135_889,2026-08-07 06:41:35,True,3215,62,16.748323720556552,29,0.6,0.1,0.3,0,0.5,10,9.5,10,rrt_20260807_064135_889.png
20260807_064136_533,2026-08-07 06:41:36,True,2537,63,17.856433740277794,31,0.6,0.1,0.3,0,0.5,10,9.5,10,rrt_20260807_064136_533.png
20260807_064138_208,2026-08-07 06:41:38,False,10000,76,0.0,0,0.6,0.1,0.3,0,0.5,10,9.5,10,rrt_20260807_064138_208.png
20260807_064139_795,2026-08-07 06:41:39,False,10000,85,0.0,0,0.6,0.1,0.3,0,0.5,10,9.5,10,rrt_20260807_064139_795.png
20260807_064141_575,2026-08-07 06:41:41,False,10000,91,0.0,0,0.6,0.1,0.3,0,0.5,10,9.5,10,rrt_20260807_064141_575.png
20260807_064142_815,2026-08-07 06:41:42,False,10000,69,0.0,0,0.6,0.1,0.3,0,0.5,10,9.5,10,rrt_20260807_064142_815.png
20260807_064144_577,2026-08-07 06:41:44,False,10000,77,0.0,0,0.6,0.1,0.3,0,0.5,10,9.5,10,rrt_20260807_064144_577.png
20260807_064146_293,2026-08-07 06:41:46,False,10000,107,0.0,0,0.6,0.1,0.3,0,0.5,10,9.5,10,rrt_20260807_064146_293.png
20260807_064148_197,2026-08-07 06:41:48,False,10000,104,0.0,0,0.6,0.1,0.3,0,0.5,10,9.5,10,rrt_20260807_064148_197.png
20260807_064149_815,2026-08-07 06:41:49,False,10000,93,0.0,0,0.6,0.1,0.3,0,0.5,10,9.5,10,rrt_20260807_064149_815.png
20260807_064151_461,2026-08-07 06:41:51,False,10000,78,0.0,0,0.6,0.1,0.3,0,0.5,10,9.5,10,rrt_20260807_064151_461.png
20260807_064152_745,2026-08-07 06:41:52,False,10000,43,0.0,0,0.6,0.1,0.3,0,0.5,10,9.5,10,rrt_20260807_064152_745.png
20260807_064154_258,2026-08-07 06:41:54,False,10000,93,0.0,0,0.6,0.1,0.3,0,0.5,10,9.5,10,rrt_20260807_064154_258.png
20260807_064154_933,2026-08-07 06:41:54,True,1476,53,16.799999999999997,29,0.6,0.1,0.3,0,0.5,10,9.5,10,rrt_20260807_064154_933.png
20260807_064155_581,2026-08-07 06:41:55,True,2508,62,16.69710984197767,29,0.6,0.1,0.3,0,0.5,10,9.5,10,rrt_20260807_064155_581.png
20260807_064156_612,2026-08-07 06:41:56,False,10000,42,0.0,0,0.6,0.1,0.3,0,0.5,10,9.5,10,rrt_20260807_064156_612.png
20260807_064158_407,2026-08-07 06:41:58,False,10000,91,0.0,0,0.6,0.1,0.3,0,0.5,10,9.5,10,rrt_20260807_064158_407.png
20260807_064200_007,2026-08-07 06:42:00,False,10000,92,0.0,0,0.6,0.1,0.3,0,0.5,10,9.5,10,rrt_20260807_064200_007.png
20260807_064201_430,2026-08-07 06:42:01,False,10000,67,0.0,0,0.6,0.1,0.3,0,0.5,10,9.5,10,rrt_20260807_064201_430.png
20260807_064203_613,2026-08-07 06:42:03,False,10000,67,0.0,0,0.6,0.1,0.3,0,0.5,10,9.5,10,rrt_20260807_064203_613.png
20260807_064204_810,2026-08-07 06:42:04,True,7096,92,17.71631860983188,31,0.6,0.1,0.3,0,0.5,10,9.5,10,rrt_20260807_064204_810.png
20260807_064205_370,2026-08-07 06:42:05,True,1075,41,16.799999999999997,29,0.6,0.1,0.3,0,0.5,10,9.5,10,rrt_20260807_064205_370.png
20260807_064206_623,2026-08-07 06:42:06,False,10000,60,0.0,0,0.6,0.1,0.3,0,0.5,10,9.5,10,rrt_20260807_064206_623.png
20260807_064208_448,2026-08-07 06:42:08,False,10000,92,0.0,0,0.6,0.1,0.3,0,0.5,10,9.5,10,rrt_20260807_064208_448.png
20260807_064209_769,2026-08-07 06:42:09,False,10000,78,0.0,0,0.6,0.1,0.3,0,0.5,10,9.5,10,rrt_20260807_064209_769.png
20260807_064211_428,2026-08-07 06:42:11,False,10000,91,0.0,0,0.6,0.1,0.3,0,0.5,10,9.5,10,rrt_20260807_064211_428.png
20260807_064211_956,2026-08-07 06:42:11,True,826,37,19.00384446452228,33,0.6,0.1,0.3,0,0.5,10,9.5,10,rrt_20260807_064211_956.png
20260807_064212_939,2026-08-07 06:42:12,False,10000,37,0.0,0,0.6,0.1,0.3,0,0.5,10,9.5,10,rrt_20260807_064212_939.png
20260807_064214_794,2026-08-07 06:42:14,False,10000,90,0.0,0,0.6,0.1,0.3,0,0.5,10,9.5,10,rrt_20260807_064214_794.png
20260807_064216_586,2026-08-07 06:42:16,False,10000,115,0.0,0,0.6,0.1,0.3,0,0.5,10,9.5,10,rrt_20260807_064216_586.png
20260807_064218_008,2026-08-07 06:42:18,False,10000,70,0.0,0,0.6,0.1,0.3,0,0.5,10,9.5,10,rrt_20260807_064218_008.png
20260807_064218_641,2026-08-07 06:42:18,True,2564,51,19.200000000000003,33,0.6,0.1,0.3,0,0.5,10,9.5,10,rrt_20260807_064218_641.png
20260807_064219_834,2026-08-07 06:42:19,False,10000,40,0.0,0,0.6,0.1,0.3,0,0.5,10,9.5,10,rrt_20260807_064219_834.png
20260807_064221_383,2026-08-07 06:42:21,False,10000,85,0.0,0,0.6,0.1,0.3,0,0.5,10,9.5,10,rrt_20260807_064221_383.png
20260807_064223_300,2026-08-07 06:42:23,False,10000,97,0.0,0,0.6,0.1,0.3,0,0.5,10,9.5,10,rrt_20260807_064223_300.png
20260807_064224_329,2026-08-07 06:42:24,True,6754,91,18.599999999999994,32,0.6,0.1,0.3,0,0.5,10,9.5,10,rrt_20260807_064224_329.png
20260807_064225_700,2026-08-07 06:42:25,False,10000,56,0.0,0,0.6,0.1,0.3,0,0.5,10,9.5,10,rrt_20260807_064225_700.png
20260807_064227_644,2026-08-07 06:42:27,False,10000,76,0.0,0,0.6,0.1,0.3,0,0.5,10,9.5,10,rrt_20260807_064227_644.png
20260807_064228_217,2026-08-07 06:42:28,True,1402,59,17.837758842135724,31,0.6,0.1,0.3,0,0.5,10,9.5,10,rrt_20260807_064228_217.png
20260807_064229_244,2026-08-07 06:42:29,False,10000,41,0.0,0,0.6,0.1,0.3,0,0.5,10,9.5,10,rrt_20260807_064229_244.png
20260807_064230_844,2026-08-07 06:42:30,False,10000,94,0.0,0,0.6,0.1,0.3,0,0.5,10,9.5,10,rrt_20260807_064230_844.png
20260807_064232_174,2026-08-07 06:42:32,False,10000,65,0.0,0,0.6,0.1,0.3,0,0.5,10,9.5,10,rrt_20260807_064232_174.png
20260807_064233_620,2026-08-07 06:42:33,False,10000,76,0.0,0,0.6,0.1,0.3,0,0.5,10,9.5,10,rrt_20260807_064233_620.png
20260807_064234_426,2026-08-07 06:42:34,True,3663,81,17.705102456176846,31,0.6,0.1,0.3,0,0.5,10,9.5,10,rrt_20260807_064234_426.png
20260807_064235_857,2026-08-07 06:42:35,False,10000,76,0.0,0,0.6,0.1,0.3,0,0.5,10,9.5,10,rrt_20260807_064235_857.png
20260807_064237_369,2026-08-07 06:42:37,False,10000,82,0.0,0,0.6,0.1,0.3,0,0.5,10,9.5,10,rrt_20260807_064237_369.png
20260807_064239_053,2026-08-07 06:42:39,False,10000,80,0.0,0,0.6,0.1,0.3,0,0.5,10,9.5,10,rrt_20260807_064239_053.png
20260807_064240_627,2026-08-07 06:42:40,False,10000,88,0.0,0,0.6,0.1,0.3,0,0.5,10,9.5,10,rrt_20260807_064240_627.png
20260807_064242_489,2026-08-07 06:42:42,False,10000,94,0.0,0,0.6,0.1,0.3,0,0.5,10,9.5,10,rrt_20260807_064242_489.png
20260807_064244_365,2026-08-07 06:42:44,False,10000,94,0.0,0,0.6,0.1,0.3,0,0.5,10,9.5,10,rrt_20260807_064244_365.png
20260807_064246_327,2026-08-07 06:42:46,False,10000,86,0.0,0,0.6,0.1,0.3,0,0.5,10,9.5,10,rrt_20260807_064246_327.png
20260807_064246_867,2026-08-07 06:42:46,True,707,46,17.332089752388047,30,0.6,0.1,0.3,0,0.5,10,9.5,10,rrt_20260807_064246_867.png
20260807_064247_859,2026-08-07 06:42:47,True,6160,75,18.351352286122108,32,0.6,0.1,0.3,0,0.5,10,9.5,10,rrt_20260807_064247_859.png
20260807_064249_372,2026-08-07 06:42:49,False,10000,85,0.0,0,0.6,0.1,0.3,0,0.5,10,9.5,10,rrt_20260807_064249_372.png
20260807_064250_480,2026-08-07 06:42:50,True,6066,103,18.50149347003575,32,0.6,0.1,0.3,0,0.5,10,9.5,10,rrt_20260807_064250_480.png
20260807_064251_979,2026-08-07 06:42:51,True,8771,79,18.921291556335788,33,0.6,0.1,0.3,0,0.5,10,9.5,10,rrt_20260807_064251_979.png
20260807_064253_514,2026-08-07 06:42:53,False,10000,92,0.0,0,0.6,0.1,0.3,0,0.5,10,9.5,10,rrt_20260807_064253_514.png
20260807_064255_111,2026-08-07 06:42:55,False,10000,91,0.0,0,0.6,0.1,0.3,0,0.5,10,9.5,10,rrt_20260807_064255_111.png
20260807_064256_253,2026-08-07 06:42:56,True,6099,92,17.999999999999993,31,0.6,0.1,0.3,0,0.5,10,9.5,10,rrt_20260807_064256_253.png
20260807_064257_226,2026-08-07 06:42:57,False,10000,36,0.0,0,0.6,0.1,0.3,0,0.5,10,9.5,10,rrt_20260807_064257_226.png
20260807_064258_794,2026-08-07 06:42:58,False,10000,93,0.0,0,0.6,0.1,0.3,0,0.5,10,9.5,10,rrt_20260807_064258_794.png
20260807_064300_324,2026-08-07 06:43:00,False,10000,78,0.0,0,0.6,0.1,0.3,0,0.5,10,9.5,10,rrt_20260807_064300_324.png
20260807_064302_430,2026-08-07 06:43:02,False,10000,93,0.0,0,0.6,0.1,0.3,0,0.5,10,9.5,10,rrt_20260807_064302_430.png
20260807_064303_178,2026-08-07 06:43:03,True,3053,79,17.796225715924493,31,0.6,0.1,0.3,0,0.5,10,9.5,10,rrt_20260807_064303_178.png
20260807_064304_841,2026-08-07 06:43:04,True,9743,90,17.837656344829497,31,0.6,0.1,0.3,0,0.5,10,9.5,10,rrt_20260807_064304_841.png
20260807_064306_403,2026-08-07 06:43:06,False,10000,84,0.0,0,0.6,0.1,0.3,0,0.5,10,9.5,10,rrt_20260807_064306_403.png
20260807_064307_462,2026-08-07 06:43:07,True,5885,98,17.157865895718746,30,0.6,0.1,0.3,0,0.5,10,9.5,10,rrt_20260807_064307_462.png
20260807_064308_986,2026-08-07 06:43:08,False,10000,81,0.0,0,0.6,0.1,0.3,0,0.5,10,9.5,10,rrt_20260807_064308_986.png
20260807_064309_892,2026-08-07 06:43:09,True,4389,76,18.97529997251834,33,0.6,0.1,0.3,0,0.5,10,9.5,10,rrt_20260807_064309_892.png
20260807_064311_756,2026-08-07 06:43:11,False,10000,90,0.0,0,0.6,0.1,0.3,0,0.5,10,9.5,10,rrt_20260807_064311_756.png
20260807_064312_759,2026-08-07 06:43:12,False,10000,33,0.0,0,0.6,0.1,0.3,0,0.5,10,9.5,10,rrt_20260807_064312_759.png
20260807_064313_965,2026-08-07 06:43:13,False,10000,41,0.0,0,0.6,0.1,0.3,0,0.5,10,9.5,10,rrt_20260807_064313_965.png
20260807_064315_476,2026-08-07 06:43:15,False,10000,39,0.0,0,0.6,0.1,0.3,0,0.5,10,9.5,10,rrt_20260807_064315_476.png
20260807_064316_764,2026-08-07 06:43:16,False,10000,60,0.0,0,0.6,0.1,0.3,0,0.5,10,9.5,10,rrt_20260807_064316_764.png
20260807_064317_803,2026-08-07 06:43:17,False,10000,38,0.0,0,0.6,0.1,0.3,0,0.5,10,9.5,10,rrt_20260807_064317_803.png
20260807_064318_537,2026-08-07 06:43:18,True,3748,61,18.928809993830903,33,0.6,0.1,0.3,0,0.5,10,9.5,10,rrt_20260807_064318_537.png
20260807_064319_234,2026-08-07 06:43:19,True,3621,66,17.999999999999996,31,0.6,0.1,0.3,0,0.5,10,9.5,10,rrt_20260807_064319_234.png
20260807_064320_863,2026-08-07 06:43:20,False,10000,43,0.0,0,0.6,0.1,0.3,0,0.5,10,9.5,10,rrt_20260807_064320_863.png
20260807_064322_195,2026-08-07 06:43:22,False,10000,62,0.0,0,0.6,0.1,0.3,0,0.5,10,9.5,10,rrt_20260807_064322_195.png
20260807_064322_860,2026-08-07 06:43:22,True,2695,62,21.000000000000007,36,0.6,0.1,0.3,0,0.5,10,9.5,10,rrt_20260807_064322_860.png
20260807_064324_686,2026-08-07 06:43:24,False,10000,89,0.0,0,0.6,0.1,0.3,0,0.5,10,9.5,10,rrt_20260807_064324_686.png
20260807_064326_403,2026-08-07 06:43:26,False,10000,89,0.0,0,0.6,0.1,0.3,0,0.5,10,9.5,10,rrt_20260807_064326_403.png
20260807_064327_952,2026-08-07 06:43:27,False,10000,85,0.0,0,0.6,0.1,0.3,0,0.5,10,9.5,10,rrt_20260807_064327_952.png
20260807_064329_556,2026-08-07 06:43:29,False,10000,89,0.0,0,0.6,0.1,0.3,0,0.5,10,9.5,10,rrt_20260807_064329_556.png
20260807_064331_429,2026-08-07 06:43:31,False,10000,93,0.0,0,0.6,0.1,0.3,0,0.5,10,9.5,10,rrt_20260807_064331_429.png
20260807_064333_079,2026-08-07 06:43:33,False,10000,95,0.0,0,0.6,0.1,0.3,0,0.5,10,9.5,10,rrt_20260807_064333_079.png
20260807_064334_532,2026-08-07 06:43:34,True,8668,112,20.399999999999995,35,0.6,0.1,0.3,0,0.5,10,9.5,10,rrt_20260807_064334_532.png
20260807_064336_450,2026-08-07 06:43:36,False,10000,126,0.0,0,0.6,0.2,0.3,0,0.5,10,9.5,10,rrt_20260807_064336_450.png
20260807_064338_274,2026-08-07 06:43:38,False,10000,83,0.0,0,0.6,0.2,0.3,0,0.5,10,9.5,10,rrt_20260807_064338_274.png
20260807_064340_216,2026-08-07 06:43:40,False,10000,92,0.0,0,0.6,0.2,0.3,0,0.5,10,9.5,10,rrt_20260807_064340_216.png
20260807_064342_133,2026-08-07 06:43:42,False,10000,98,0.0,0,0.6,0.2,0.3,0,0.5,10,9.5,10,rrt_20260807_064342_133.png
20260807_064343_770,2026-08-07 06:43:43,False,10000,90,0.0,0,0.6,0.2,0.3,0,0.5,10,9.5,10,rrt_20260807_064343_770.png
20260807_064345_546,2026-08-07 06:43:45,False,10000,94,0.0,0,0.6,0.2,0.3,0,0.5,10,9.5,10,rrt_20260807_064345_546.png
20260807_064346_321,2026-08-07 06:43:46,True,2733,97,18.6,32,0.6,0.2,0.3,0,0.5,10,9.5,10,rrt_20260807_064346_321.png
20260807_064348_211,2026-08-07 06:43:48,False,10000,98,0.0,0,0.6,0.2,0.3,0,0.5,10,9.5,10,rrt_20260807_064348_211.png
20260807_064349_619,2026-08-07 06:43:49,False,10000,62,0.0,0,0.6,0.2,0.3,0,0.5,10,9.5,10,rrt_20260807_064349_619.png
20260807_064351_157,2026-08-07 06:43:51,False,10000,77,0.0,0,0.6,0.2,0.3,0,0.5,10,9.5,10,rrt_20260807_064351_157.png
20260807_064352_821,2026-08-07 06:43:52,False,10000,96,0.0,0,0.6,0.2,0.3,0,0.5,10,9.5,10,rrt_20260807_064352_821.png
20260807_064354_340,2026-08-07 06:43:54,False,10000,76,0.0,0,0.6,0.2,0.3,0,0.5,10,9.5,10,rrt_20260807_064354_340.png
20260807_064355_867,2026-08-07 06:43:55,False,10000,43,0.0,0,0.6,0.2,0.3,0,0.5,10,9.5,10,rrt_20260807_064355_867.png
20260807_064356_777,2026-08-07 06:43:56,True,4235,88,17.39999999999999,30,0.6,0.2,0.3,0,0.5,10,9.5,10,rrt_20260807_064356_777.png
20260807_064358_411,2026-08-07 06:43:58,False,10000,92,0.0,0,0.6,0.2,0.3,0,0.5,10,9.5,10,rrt_20260807_064358_411.png
20260807_064400_249,2026-08-07 06:44:00,False,10000,83,0.0,0,0.6,0.2,0.3,0,0.5,10,9.5,10,rrt_20260807_064400_249.png
20260807_064402_262,2026-08-07 06:44:02,False,10000,115,0.0,0,0.6,0.2,0.3,0,0.5,10,9.5,10,rrt_20260807_064402_262.png
20260807_064402_862,2026-08-07 06:44:02,True,544,42,17.4,30,0.6,0.2,0.3,0,0.5,10,9.5,10,rrt_20260807_064402_862.png
20260807_064404_621,2026-08-07 06:44:04,False,10000,86,0.0,0,0.6,0.2,0.3,0,0.5,10,9.5,10,rrt_20260807_064404_621.png
20260807_064405_277,2026-08-07 06:44:05,True,1123,54,20.848492568956647,36,0.6,0.2,0.3,0,0.5,10,9.5,10,rrt_20260807_064405_277.png
20260807_064407_026,2026-08-07 06:44:07,False,10000,109,0.0,0,0.6,0.2,0.3,0,0.5,10,9.5,10,rrt_20260807_064407_026.png
20260807_064409_089,2026-08-07 06:44:09,False,10000,91,0.0,0,0.6,0.2,0.3,0,0.5,10,9.5,10,rrt_20260807_064409_089.png
20260807_064410_653,2026-08-07 06:44:10,False,10000,73,0.0,0,0.6,0.2,0.3,0,0.5,10,9.5,10,rrt_20260807_064410_653.png
20260807_064412_302,2026-08-07 06:44:12,False,10000,86,0.0,0,0.6,0.2,0.3,0,0.5,10,9.5,10,rrt_20260807_064412_302.png
20260807_064414_292,2026-08-07 06:44:14,False,10000,103,0.0,0,0.6,0.2,0.3,0,0.5,10,9.5,10,rrt_20260807_064414_292.png
20260807_064415_091,2026-08-07 06:44:15,True,2713,80,19.118679185440854,33,0.6,0.2,0.3,0,0.5,10,9.5,10,rrt_20260807_064415_091.png
20260807_064417_016,2026-08-07 06:44:17,False,10000,96,0.0,0,0.6,0.2,0.3,0,0.5,10,9.5,10,rrt_20260807_064417_016.png
20260807_064418_497,2026-08-07 06:44:18,False,10000,71,0.0,0,0.6,0.2,0.3,0,0.5,10,9.5,10,rrt_20260807_064418_497.png
20260807_064420_247,2026-08-07 06:44:20,False,10000,71,0.0,0,0.6,0.2,0.3,0,0.5,10,9.5,10,rrt_20260807_064420_247.png
20260807_064421_951,2026-08-07 06:44:21,False,10000,95,0.0,0,0.6,0.2,0.3,0,0.5,10,9.5,10,rrt_20260807_064421_951.png
20260807_064422_815,2026-08-07 06:44:22,True,1264,59,19.141014903050607,33,0.6,0.2,0.3,0,0.5,10,9.5,10,rrt_20260807_064422_815.png
20260807_064424_397,2026-08-07 06:44:24,False,10000,86,0.0,0,0.6,0.2,0.3,0,0.5,10,9.5,10,rrt_20260807_064424_397.png
20260807_064424_974,2026-08-07 06:44:24,True,955,62,17.999999999999986,31,0.6,0.2,0.3,0,0.5,10,9.5,10,rrt_20260807_064424_974.png
20260807_064426_478,2026-08-07 06:44:26,False,10000,74,0.0,0,0.6,0.2,0.3,0,0.5,10,9.5,10,rrt_20260807_064426_478.png
20260807_064427_641,2026-08-07 06:44:27,True,4610,92,19.200000000000006,33,0.6,0.2,0.3,0,0.5,10,9.5,10,rrt_20260807_064427_641.png
20260807_064429_206,2026-08-07 06:44:29,False,10000,81,0.0,0,0.6,0.2,0.3,0,0.5,10,9.5,10,rrt_20260807_064429_206.png
20260807_064430_405,2026-08-07 06:44:30,False,10000,42,0.0,0,0.6,0.2,0.3,0,0.5,10,9.5,10,rrt_20260807_064430_405.png
20260807_064430_908,2026-08-07 06:44:30,True,469,47,17.80777395681483,31,0.6,0.2,0.3,0,0.5,10,9.5,10,rrt_20260807_064430_908.png
20260807_064432_398,2026-08-07 06:44:32,False,10000,79,0.0,0,0.6,0.2,0.3,0,0.5,10,9.5,10,rrt_20260807_064432_398.png
20260807_064434_326,2026-08-07 06:44:34,False,10000,97,0.0,0,0.6,0.2,0.3,0,0.5,10,9.5,10,rrt_20260807_064434_326.png
20260807_064435_995,2026-08-07 06:44:35,False,10000,93,0.0,0,0.6,0.2,0.3,0,0.5,10,9.5,10,rrt_20260807_064435_995.png
20260807_064436_511,2026-08-07 06:44:36,True,500,45,17.935939943935825,31,0.6,0.2,0.3,0,0.5,10,9.5,10,rrt_20260807_064436_511.png
20260807_064437_989,2026-08-07 06:44:37,False,10000,75,0.0,0,0.6,0.2,0.3,0,0.5,10,9.5,10,rrt_20260807_064437_989.png
20260807_064439_206,2026-08-07 06:44:39,False,10000,32,0.0,0,0.6,0.2,0.3,0,0.5,10,9.5,10,rrt_20260807_064439_206.png
20260807_064441_106,2026-08-07 06:44:41,False,10000,91,0.0,0,0.6,0.2,0.3,0,0.5,10,9.5,10,rrt_20260807_064441_106.png
20260807_064442_655,2026-08-07 06:44:42,False,10000,82,0.0,0,0.6,0.2,0.3,0,0.5,10,9.5,10,rrt_20260807_064442_655.png
20260807_064443_968,2026-08-07 06:44:43,False,10000,41,0.0,0,0.6,0.2,0.3,0,0.5,10,9.5,10,rrt_20260807_064443_968.png
20260807_064446_099,2026-08-07 06:44:46,False,10000,86,0.0,0,0.6,0.2,0.3,0,0.5,10,9.5,10,rrt_20260807_064446_099.png
20260807_064447_842,2026-08-07 06:44:47,False,10000,99,0.0,0,0.6,0.2,0.3,0,0.5,10,9.5,10,rrt_20260807_064447_842.png
20260807_064450_038,2026-08-07 06:44:50,False,10000,88,0.0,0,0.6,0.2,0.3,0,0.5,10,9.5,10,rrt_20260807_064450_038.png
20260807_064451_087,2026-08-07 06:44:51,True,3889,110,18.60000000000001,32,0.6,0.2,0.3,0,0.5,10,9.5,10,rrt_20260807_064451_087.png
20260807_064452_510,2026-08-07 06:44:52,False,10000,77,0.0,0,0.6,0.2,0.3,0,0.5,10,9.5,10,rrt_20260807_064452_510.png
20260807_064454_190,2026-08-07 06:44:54,False,10000,94,0.0,0,0.6,0.2,0.3,0,0.5,10,9.5,10,rrt_20260807_064454_190.png
20260807_064455_544,2026-08-07 06:44:55,False,10000,42,0.0,0,0.6,0.2,0.3,0,0.5,10,9.5,10,rrt_20260807_064455_544.png
20260807_064457_197,2026-08-07 06:44:57,False,10000,88,0.0,0,0.6,0.2,0.3,0,0.5,10,9.5,10,rrt_20260807_064457_197.png
20260807_064458_756,2026-08-07 06:44:58,False,10000,81,0.0,0,0.6,0.2,0.3,0,0.5,10,9.5,10,rrt_20260807_064458_756.png
20260807_064500_077,2026-08-07 06:45:00,False,10000,36,0.0,0,0.6,0.2,0.3,0,0.5,10,9.5,10,rrt_20260807_064500_077.png
20260807_064500_773,2026-08-07 06:45:00,True,2226,78,16.8,29,0.6,0.2,0.3,0,0.5,10,9.5,10,rrt_20260807_064500_773.png
20260807_064502_384,2026-08-07 06:45:02,False,10000,93,0.0,0,0.6,0.2,0.3,0,0.5,10,9.5,10,rrt_20260807_064502_384.png
20260807_064503_831,2026-08-07 06:45:03,False,10000,70,0.0,0,0.6,0.2,0.3,0,0.5,10,9.5,10,rrt_20260807_064503_831.png
20260807_064505_480,2026-08-07 06:45:05,False,10000,63,0.0,0,0.6,0.2,0.3,0,0.5,10,9.5,10,rrt_20260807_064505_480.png
20260807_064505_989,2026-08-07 06:45:05,True,751,49,18.600000000000005,32,0.6,0.2,0.3,0,0.5,10,9.5,10,rrt_20260807_064505_989.png
20260807_064507_589,2026-08-07 06:45:07,False,10000,86,0.0,0,0.6,0.2,0.3,0,0.5,10,9.5,10,rrt_20260807_064507_589.png
20260807_064508_426,2026-08-07 06:45:08,True,1837,97,19.100317317101894,33,0.6,0.2,0.3,0,0.5,10,9.5,10,rrt_20260807_064508_426.png
20260807_064509_816,2026-08-07 06:45:09,False,10000,67,0.0,0,0.6,0.2,0.3,0,0.5,10,9.5,10,rrt_20260807_064509_816.png
20260807_064511_596,2026-08-07 06:45:11,False,10000,69,0.0,0,0.6,0.2,0.3,0,0.5,10,9.5,10,rrt_20260807_064511_596.png
20260807_064512_840,2026-08-07 06:45:12,False,10000,54,0.0,0,0.6,0.2,0.3,0,0.5,10,9.5,10,rrt_20260807_064512_840.png
20260807_064514_568,2026-08-07 06:45:14,False,10000,103,0.0,0,0.6,0.2,0.3,0,0.5,10,9.5,10,rrt_20260807_064514_568.png
20260807_064516_071,2026-08-07 06:45:16,False,10000,76,0.0,0,0.6,0.2,0.3,0,0.5,10,9.5,10,rrt_20260807_064516_071.png
20260807_064517_941,2026-08-07 06:45:17,False,10000,89,0.0,0,0.6,0.2,0.3,0,0.5,10,9.5,10,rrt_20260807_064517_941.png
20260807_064519_393,2026-08-07 06:45:19,False,10000,51,0.0,0,0.6,0.2,0.3,0,0.5,10,9.5,10,rrt_20260807_064519_393.png
20260807_064520_975,2026-08-07 06:45:20,False,10000,82,0.0,0,0.6,0.2,0.3,0,0.5,10,9.5,10,rrt_20260807_064520_975.png
20260807_064522_661,2026-08-07 06:45:22,False,10000,94,0.0,0,0.6,0.2,0.3,0,0.5,10,9.5,10,rrt_20260807_064522_661.png
20260807_064524_553,2026-08-07 06:45:24,False,10000,82,0.0,0,0.6,0.2,0.3,0,0.5,10,9.5,10,rrt_20260807_064524_553.png
20260807_064526_530,2026-08-07 06:45:26,False,10000,101,0.0,0,0.6,0.2,0.3,0,0.5,10,9.5,10,rrt_20260807_064526_530.png
20260807_064528_308,2026-08-07 06:45:28,False,10000,81,0.0,0,0.6,0.2,0.3,0,0.5,10,9.5,10,rrt_20260807_064528_308.png
20260807_064530_187,2026-08-07 06:45:30,False,10000,91,0.0,0,0.6,0.2,0.3,0,0.5,10,9.5,10,rrt_20260807_064530_187.png
20260807_064531_832,2026-08-07 06:45:31,False,10000,59,0.0,0,0.6,0.2,0.3,0,0.5,10,9.5,10,rrt_20260807_064531_832.png
20260807_064533_720,2026-08-07 06:45:33,False,10000,56,0.0,0,0.6,0.2,0.3,0,0.5,10,9.5,10,rrt_20260807_064533_720.png
20260807_064535_696,2026-08-07 06:45:35,False,10000,101,0.0,0,0.6,0.2,0.3,0,0.5,10,9.5,10,rrt_20260807_064535_696.png
20260807_064537_258,2026-08-07 06:45:37,False,10000,81,0.0,0,0.6,0.2,0.3,0,0.5,10,9.5,10,rrt_20260807_064537_258.png
20260807_064538_890,2026-08-07 06:45:38,False,10000,80,0.0,0,0.6,0.2,0.3,0,0.5,10,9.5,10,rrt_20260807_064538_890.png
20260807_064540_365,2026-08-07 06:45:40,False,10000,68,0.0,0,0.6,0.2,0.3,0,0.5,10,9.5,10,rrt_20260807_064540_365.png
20260807_064542_199,2026-08-07 06:45:42,False,10000,93,0.0,0,0.6,0.2,0.3,0,0.5,10,9.5,10,rrt_20260807_064542_199.png
20260807_064544_090,2026-08-07 06:45:44,False,10000,112,0.0,0,0.6,0.2,0.3,0,0.5,10,9.5,10,rrt_20260807_064544_090.png
20260807_064545_723,2026-08-07 06:45:45,False,10000,85,0.0,0,0.6,0.2,0.3,0,0.5,10,9.5,10,rrt_20260807_064545_723.png
20260807_064547_304,2026-08-07 06:45:47,False,10000,88,0.0,0,0.6,0.2,0.3,0,0.5,10,9.5,10,rrt_20260807_064547_304.png
20260807_064547_852,2026-08-07 06:45:47,True,1046,49,21.6,37,0.6,0.2,0.3,0,0.5,10,9.5,10,rrt_20260807_064547_852.png
20260807_064549_452,2026-08-07 06:45:49,False,10000,85,0.0,0,0.6,0.2,0.3,0,0.5,10,9.5,10,rrt_20260807_064549_452.png
20260807_064551_609,2026-08-07 06:45:51,False,10000,126,0.0,0,0.6,0.2,0.3,0,0.5,10,9.5,10,rrt_20260807_064551_609.png
20260807_064553_300,2026-08-07 06:45:53,False,10000,92,0.0,0,0.6,0.2,0.3,0,0.5,10,9.5,10,rrt_20260807_064553_300.png
20260807_064555_157,2026-08-07 06:45:55,False,10000,88,0.0,0,0.6,0.2,0.3,0,0.5,10,9.5,10,rrt_20260807_064555_157.png
20260807_064556_780,2026-08-07 06:45:56,False,10000,41,0.0,0,0.6,0.2,0.3,0,0.5,10,9.5,10,rrt_20260807_064556_780.png
20260807_064557_597,2026-08-07 06:45:57,True,3959,83,18.59999999999999,32,0.6,0.2,0.3,0,0.5,10,9.5,10,rrt_20260807_064557_597.png
20260807_064558_619,2026-08-07 06:45:58,False,10000,36,0.0,0,0.6,0.2,0.3,0,0.5,10,9.5,10,rrt_20260807_064558_619.png
20260807_064559_224,2026-08-07 06:45:59,True,1246,65,18.570124429256136,32,0.6,0.2,0.3,0,0.5,10,9.5,10,rrt_20260807_064559_224.png
20260807_064600_989,2026-08-07 06:46:00,False,10000,100,0.0,0,0.6,0.2,0.3,0,0.5,10,9.5,10,rrt_20260807_064600_989.png
20260807_064601_686,2026-08-07 06:46:01,True,2179,94,18.0,31,0.6,0.2,0.3,0,0.5,10,9.5,10,rrt_20260807_064601_686.png
20260807_064602_218,2026-08-07 06:46:02,True,1219,63,20.400000000000006,35,0.6,0.2,0.3,0,0.5,10,9.5,10,rrt_20260807_064602_218.png
20260807_064603_680,2026-08-07 06:46:03,False,10000,79,0.0,0,0.6,0.2,0.3,0,0.5,10,9.5,10,rrt_20260807_064603_680.png
20260807_064605_209,2026-08-07 06:46:05,False,10000,72,0.0,0,0.6,0.3,0.3,0,0.5,10,9.5,10,rrt_20260807_064605_209.png
20260807_064606_740,2026-08-07 06:46:06,False,10000,41,0.0,0,0.6,0.3,0.3,0,0.5,10,9.5,10,rrt_20260807_064606_740.png
20260807_064608_200,2026-08-07 06:46:08,False,10000,69,0.0,0,0.6,0.3,0.3,0,0.5,10,9.5,10,rrt_20260807_064608_200.png
20260807_064608_855,2026-08-07 06:46:08,True,1621,88,18.0,31,0.6,0.3,0.3,0,0.5,10,9.5,10,rrt_20260807_064608_855.png
20260807_064610_511,2026-08-07 06:46:10,False,10000,88,0.0,0,0.6,0.3,0.3,0,0.5,10,9.5,10,rrt_20260807_064610_511.png
20260807_064611_672,2026-08-07 06:46:11,False,10000,41,0.0,0,0.6,0.3,0.3,0,0.5,10,9.5,10,rrt_20260807_064611_672.png
20260807_064613_495,2026-08-07 06:46:13,False,10000,81,0.0,0,0.6,0.3,0.3,0,0.5,10,9.5,10,rrt_20260807_064613_495.png
20260807_064615_632,2026-08-07 06:46:15,False,10000,72,0.0,0,0.6,0.3,0.3,0,0.5,10,9.5,10,rrt_20260807_064615_632.png
20260807_064617_452,2026-08-07 06:46:17,False,10000,75,0.0,0,0.6,0.3,0.3,0,0.5,10,9.5,10,rrt_20260807_064617_452.png
20260807_064618_784,2026-08-07 06:46:18,False,10000,53,0.0,0,0.6,0.3,0.3,0,0.5,10,9.5,10,rrt_20260807_064618_784.png
20260807_064619_559,2026-08-07 06:46:19,True,1307,62,19.200000000000003,33,0.6,0.3,0.3,0,0.5,10,9.5,10,rrt_20260807_064619_559.png
20260807_064621_065,2026-08-07 06:46:21,False,10000,77,0.0,0,0.6,0.3,0.3,0,0.5,10,9.5,10,rrt_20260807_064621_065.png
20260807_064622_455,2026-08-07 06:46:22,False,10000,62,0.0,0,0.6,0.3,0.3,0,0.5,10,9.5,10,rrt_20260807_064622_455.png
20260807_064623_923,2026-08-07 06:46:23,False,10000,70,0.0,0,0.6,0.3,0.3,0,0.5,10,9.5,10,rrt_20260807_064623_923.png
20260807_064625_662,2026-08-07 06:46:25,False,10000,93,0.0,0,0.6,0.3,0.3,0,0.5,10,9.5,10,rrt_20260807_064625_662.png
20260807_064627_625,2026-08-07 06:46:27,False,10000,113,0.0,0,0.6,0.3,0.3,0,0.5,10,9.5,10,rrt_20260807_064627_625.png
20260807_064629_534,2026-08-07 06:46:29,False,10000,88,0.0,0,0.6,0.3,0.3,0,0.5,10,9.5,10,rrt_20260807_064629_534.png
20260807_064630_068,2026-08-07 06:46:30,True,542,62,19.095878539334436,33,0.6,0.3,0.3,0,0.5,10,9.5,10,rrt_20260807_064630_068.png
20260807_064630_911,2026-08-07 06:46:30,True,968,60,19.19750014950035,33,0.6,0.3,0.3,0,0.5,10,9.5,10,rrt_20260807_064630_911.png
20260807_064631_630,2026-08-07 06:46:31,True,1857,66,18.0,31,0.6,0.3,0.3,0,0.5,10,9.5,10,rrt_20260807_064631_630.png
20260807_064633_352,2026-08-07 06:46:33,False,10000,69,0.0,0,0.6,0.3,0.3,0,0.5,10,9.5,10,rrt_20260807_064633_352.png
20260807_064635_288,2026-08-07 06:46:35,False,10000,89,0.0,0,0.6,0.3,0.3,0,0.5,10,9.5,10,rrt_20260807_064635_288.png
20260807_064636_905,2026-08-07 06:46:36,False,10000,72,0.0,0,0.6,0.3,0.3,0,0.5,10,9.5,10,rrt_20260807_064636_905.png
20260807_064638_856,2026-08-07 06:46:38,False,10000,97,0.0,0,0.6,0.3,0.3,0,0.5,10,9.5,10,rrt_20260807_064638_856.png
20260807_064640_500,2026-08-07 06:46:40,False,10000,85,0.0,0,0.6,0.3,0.3,0,0.5,10,9.5,10,rrt_20260807_064640_500.png
20260807_064642_340,2026-08-07 06:46:42,False,10000,82,0.0,0,0.6,0.3,0.3,0,0.5,10,9.5,10,rrt_20260807_064642_340.png
20260807_064643_825,2026-08-07 06:46:43,False,10000,58,0.0,0,0.6,0.3,0.3,0,0.5,10,9.5,10,rrt_20260807_064643_825.png
20260807_064644_732,2026-08-07 06:46:44,True,736,64,17.37828149121613,30,0.6,0.3,0.3,0,0.5,10,9.5,10,rrt_20260807_064644_732.png
20260807_064646_532,2026-08-07 06:46:46,False,10000,107,0.0,0,0.6,0.3,0.3,0,0.5,10,9.5,10,rrt_20260807_064646_532.png
20260807_064647_949,2026-08-07 06:46:47,False,10000,59,0.0,0,0.6,0.3,0.3,0,0.5,10,9.5,10,rrt_20260807_064647_949.png
20260807_064649_945,2026-08-07 06:46:49,False,10000,97,0.0,0,0.6,0.3,0.3,0,0.5,10,9.5,10,rrt_20260807_064649_945.png
20260807_064651_697,2026-08-07 06:46:51,False,10000,95,0.0,0,0.6,0.3,0.3,0,0.5,10,9.5,10,rrt_20260807_064651_697.png
20260807_064652_358,2026-08-07 06:46:52,True,1957,75,17.399999999999988,30,0.6,0.3,0.3,0,0.5,10,9.5,10,rrt_20260807_064652_358.png
20260807_064654_035,2026-08-07 06:46:54,False,10000,86,0.0,0,0.6,0.3,0.3,0,0.5,10,9.5,10,rrt_20260807_064654_035.png
20260807_064655_875,2026-08-07 06:46:55,False,10000,104,0.0,0,0.6,0.3,0.3,0,0.5,10,9.5,10,rrt_20260807_064655_875.png
20260807_064657_258,2026-08-07 06:46:57,False,10000,59,0.0,0,0.6,0.3,0.3,0,0.5,10,9.5,10,rrt_20260807_064657_258.png
20260807_064659_391,2026-08-07 06:46:59,False,10000,63,0.0,0,0.6,0.3,0.3,0,0.5,10,9.5,10,rrt_20260807_064659_391.png
20260807_064701_489,2026-08-07 06:47:01,False,10000,113,0.0,0,0.6,0.3,0.3,0,0.5,10,9.5,10,rrt_20260807_064701_489.png
20260807_064703_491,2026-08-07 06:47:03,False,10000,124,0.0,0,0.6,0.3,0.3,0,0.5,10,9.5,10,rrt_20260807_064703_491.png
20260807_064705_216,2026-08-07 06:47:05,False,10000,88,0.0,0,0.6,0.3,0.3,0,0.5,10,9.5,10,rrt_20260807_064705_216.png
20260807_064706_851,2026-08-07 06:47:06,False,10000,79,0.0,0,0.6,0.3,0.3,0,0.5,10,9.5,10,rrt_20260807_064706_851.png
20260807_064707_414,2026-08-07 06:47:07,True,1148,66,19.199999999999992,33,0.6,0.3,0.3,0,0.5,10,9.5,10,rrt_20260807_064707_414.png
20260807_064709_202,2026-08-07 06:47:09,False,10000,83,0.0,0,0.6,0.3,0.3,0,0.5,10,9.5,10,rrt_20260807_064709_202.png
20260807_064710_974,2026-08-07 06:47:10,False,10000,94,0.0,0,0.6,0.3,0.3,0,0.5,10,9.5,10,rrt_20260807_064710_974.png
20260807_064712_789,2026-08-07 06:47:12,False,10000,94,0.0,0,0.6,0.3,0.3,0,0.5,10,9.5,10,rrt_20260807_064712_789.png
20260807_064714_824,2026-08-07 06:47:14,False,10000,71,0.0,0,0.6,0.3,0.3,0,0.5,10,9.5,10,rrt_20260807_064714_824.png
20260807_064716_185,2026-08-07 06:47:16,False,10000,39,0.0,0,0.6,0.3,0.3,0,0.5,10,9.5,10,rrt_20260807_064716_185.png
20260807_064717_742,2026-08-07 06:47:17,False,10000,77,0.0,0,0.6,0.3,0.3,0,0.5,10,9.5,10,rrt_20260807_064717_742.png
20260807_064719_540,2026-08-07 06:47:19,False,10000,98,0.0,0,0.6,0.3,0.3,0,0.5,10,9.5,10,rrt_20260807_064719_540.png
20260807_064720_511,2026-08-07 06:47:20,True,3578,99,16.8,29,0.6,0.3,0.3,0,0.5,10,9.5,10,rrt_20260807_064720_511.png
20260807_064722_231,2026-08-07 06:47:22,False,10000,73,0.0,0,0.6,0.3,0.3,0,0.5,10,9.5,10,rrt_20260807_064722_231.png
20260807_064724_222,2026-08-07 06:47:24,False,10000,88,0.0,0,0.6,0.3,0.3,0,0.5,10,9.5,10,rrt_20260807_064724_222.png
20260807_064725_037,2026-08-07 06:47:25,True,3169,82,19.70220389789545,34,0.6,0.3,0.3,0,0.5,10,9.5,10,rrt_20260807_064725_037.png
20260807_064725_573,2026-08-07 06:47:25,True,944,68,18.0,31,0.6,0.3,0.3,0,0.5,10,9.5,10,rrt_20260807_064725_573.png
20260807_064727_413,2026-08-07 06:47:27,False,10000,89,0.0,0,0.6,0.3,0.3,0,0.5,10,9.5,10,rrt_20260807_064727_413.png
20260807_064729_242,2026-08-07 06:47:29,False,10000,86,0.0,0,0.6,0.3,0.3,0,0.5,10,9.5,10,rrt_20260807_064729_242.png
20260807_064730_973,2026-08-07 06:47:30,False,10000,95,0.0,0,0.6,0.3,0.3,0,0.5,10,9.5,10,rrt_20260807_064730_973.png
20260807_064732_643,2026-08-07 06:47:32,False,10000,76,0.0,0,0.6,0.3,0.3,0,0.5,10,9.5,10,rrt_20260807_064732_643.png
20260807_064734_348,2026-08-07 06:47:34,False,10000,92,0.0,0,0.6,0.3,0.3,0,0.5,10,9.5,10,rrt_20260807_064734_348.png
20260807_064735_948,2026-08-07 06:47:35,False,10000,83,0.0,0,0.6,0.3,0.3,0,0.5,10,9.5,10,rrt_20260807_064735_948.png
20260807_064736_481,2026-08-07 06:47:36,True,328,48,17.4,30,0.6,0.3,0.3,0,0.5,10,9.5,10,rrt_20260807_064736_481.png
20260807_064738_001,2026-08-07 06:47:38,False,10000,80,0.0,0,0.6,0.3,0.3,0,0.5,10,9.5,10,rrt_20260807_064738_001.png
20260807_064740_081,2026-08-07 06:47:40,False,10000,109,0.0,0,0.6,0.3,0.3,0,0.5,10,9.5,10,rrt_20260807_064740_081.png
20260807_064740_807,2026-08-07 06:47:40,True,313,42,17.38103126048601,30,0.6,0.3,0.3,0,0.5,10,9.5,10,rrt_20260807_064740_807.png
20260807_064742_678,2026-08-07 06:47:42,False,10000,95,0.0,0,0.6,0.3,0.3,0,0.5,10,9.5,10,rrt_20260807_064742_678.png
20260807_064744_431,2026-08-07 06:47:44,False,10000,94,0.0,0,0.6,0.3,0.3,0,0.5,10,9.5,10,rrt_20260807_064744_431.png
20260807_064746_285,2026-08-07 06:47:46,False,10000,91,0.0,0,0.6,0.3,0.3,0,0.5,10,9.5,10,rrt_20260807_064746_285.png
20260807_064747_955,2026-08-07 06:47:47,False,10000,82,0.0,0,0.6,0.3,0.3,0,0.5,10,9.5,10,rrt_20260807_064747_955.png
20260807_064749_484,2026-08-07 06:47:49,False,10000,71,0.0,0,0.6,0.3,0.3,0,0.5,10,9.5,10,rrt_20260807_064749_484.png
20260807_064750_783,2026-08-07 06:47:50,False,10000,41,0.0,0,0.6,0.3,0.3,0,0.5,10,9.5,10,rrt_20260807_064750_783.png
20260807_064752_444,2026-08-07 06:47:52,False,10000,67,0.0,0,0.6,0.3,0.3,0,0.5,10,9.5,10,rrt_20260807_064752_444.png
20260807_064754_038,2026-08-07 06:47:54,False,10000,87,0.0,0,0.6,0.3,0.3,0,0.5,10,9.5,10,rrt_20260807_064754_038.png
20260807_064755_247,2026-08-07 06:47:55,True,3540,94,17.906591695769503,31,0.6,0.3,0.3,0,0.5,10,9.5,10,rrt_20260807_064755_247.png
20260807_064756_892,2026-08-07 06:47:56,False,10000,88,0.0,0,0.6,0.3,0.3,0,0.5,10,9.5,10,rrt_20260807_064756_892.png
20260807_064758_508,2026-08-07 06:47:58,False,10000,84,0.0,0,0.6,0.3,0.3,0,0.5,10,9.5,10,rrt_20260807_064758_508.png
20260807_064759_668,2026-08-07 06:47:59,False,10000,30,0.0,0,0.6,0.3,0.3,0,0.5,10,9.5,10,rrt_20260807_064759_668.png
20260807_064800_777,2026-08-07 06:48:00,False,10000,38,0.0,0,0.6,0.3,0.3,0,0.5,10,9.5,10,rrt_20260807_064800_777.png
20260807_064802_334,2026-08-07 06:48:02,False,10000,79,0.0,0,0.6,0.3,0.3,0,0.5,10,9.5,10,rrt_20260807_064802_334.png
20260807_064804_098,2026-08-07 06:48:04,False,10000,78,0.0,0,0.6,0.3,0.3,0,0.5,10,9.5,10,rrt_20260807_064804_098.png
20260807_064805_976,2026-08-07 06:48:05,False,10000,83,0.0,0,0.6,0.3,0.3,0,0.5,10,9.5,10,rrt_20260807_064805_976.png
20260807_064807_827,2026-08-07 06:48:07,False,10000,69,0.0,0,0.6,0.3,0.3,0,0.5,10,9.5,10,rrt_20260807_064807_827.png
20260807_064809_449,2026-08-07 06:48:09,False,10000,83,0.0,0,0.6,0.3,0.3,0,0.5,10,9.5,10,rrt_20260807_064809_449.png
20260807_064811_304,2026-08-07 06:48:11,False,10000,61,0.0,0,0.6,0.3,0.3,0,0.5,10,9.5,10,rrt_20260807_064811_304.png
20260807_064813_126,2026-08-07 06:48:13,False,10000,104,0.0,0,0.6,0.3,0.3,0,0.5,10,9.5,10,rrt_20260807_064813_126.png
20260807_064814_991,2026-08-07 06:48:14,False,10000,108,0.0,0,0.6,0.3,0.3,0,0.5,10,9.5,10,rrt_20260807_064814_991.png
20260807_064816_305,2026-08-07 06:48:16,False,10000,37,0.0,0,0.6,0.3,0.3,0,0.5,10,9.5,10,rrt_20260807_064816_305.png
20260807_064816_786,2026-08-07 06:48:16,True,232,38,17.400000000000002,30,0.6,0.3,0.3,0,0.5,10,9.5,10,rrt_20260807_064816_786.png
20260807_064818_531,2026-08-07 06:48:18,False,10000,103,0.0,0,0.6,0.3,0.3,0,0.5,10,9.5,10,rrt_20260807_064818_531.png
20260807_064819_065,2026-08-07 06:48:19,True,458,51,17.856338601058617,31,0.6,0.3,0.3,0,0.5,10,9.5,10,rrt_20260807_064819_065.png
20260807_064820_374,2026-08-07 06:48:20,False,10000,35,0.0,0,0.6,0.3,0.3,0,0.5,10,9.5,10,rrt_20260807_064820_374.png
20260807_064821_872,2026-08-07 06:48:21,False,10000,74,0.0,0,0.6,0.3,0.3,0,0.5,10,9.5,10,rrt_20260807_064821_872.png
20260807_064822_370,2026-08-07 06:48:22,True,358,43,17.12517300351484,30,0.6,0.3,0.3,0,0.5,10,9.5,10,rrt_20260807_064822_370.png
20260807_064823_982,2026-08-07 06:48:23,False,10000,65,0.0,0,0.6,0.3,0.3,0,0.5,10,9.5,10,rrt_20260807_064823_982.png
20260807_064824_729,2026-08-07 06:48:24,True,2364,86,18.46911264105845,32,0.6,0.3,0.3,0,0.5,10,9.5,10,rrt_20260807_064824_729.png
20260807_064825_987,2026-08-07 06:48:25,False,10000,40,0.0,0,0.6,0.3,0.3,0,0.5,10,9.5,10,rrt_20260807_064825_987.png
20260807_064827_856,2026-08-07 06:48:27,False,10000,89,0.0,0,0.6,0.3,0.3,0,0.5,10,9.5,10,rrt_20260807_064827_856.png
20260807_064829_714,2026-08-07 06:48:29,False,10000,85,0.0,0,0.6,0.3,0.3,0,0.5,10,9.5,10,rrt_20260807_064829_714.png
20260807_064831_456,2026-08-07 06:48:31,False,10000,95,0.0,0,0.6,0.3,0.3,0,0.5,10,9.5,10,rrt_20260807_064831_456.png
20260807_064833_456,2026-08-07 06:48:33,False,10000,87,0.0,0,0.6,0.3,0.3,0,0.5,10,9.5,10,rrt_20260807_064833_456.png
20260807_064835_164,2026-08-07 06:48:35,False,10000,92,0.0,0,0.6,0.3,0.3,0,0.5,10,9.5,10,rrt_20260807_064835_164.png
20260807_064836_667,2026-08-07 06:48:36,False,10000,66,0.0,0,0.6,0.4,0.3,0,0.5,10,9.5,10,rrt_20260807_064836_667.png
20260807_064838_491,2026-08-07 06:48:38,False,10000,86,0.0,0,0.6,0.4,0.3,0,0.5,10,9.5,10,rrt_20260807_064838_491.png
20260807_064840_391,2026-08-07 06:48:40,False,10000,111,0.0,0,0.6,0.4,0.3,0,0.5,10,9.5,10,rrt_20260807_064840_391.png
20260807_064842_041,2026-08-07 06:48:42,False,10000,84,0.0,0,0.6,0.4,0.3,0,0.5,10,9.5,10,rrt_20260807_064842_041.png
20260807_064843_933,2026-08-07 06:48:43,False,10000,106,0.0,0,0.6,0.4,0.3,0,0.5,10,9.5,10,rrt_20260807_064843_933.png
20260807_064845_454,2026-08-07 06:48:45,False,10000,68,0.0,0,0.6,0.4,0.3,0,0.5,10,9.5,10,rrt_20260807_064845_454.png
20260807_064846_981,2026-08-07 06:48:46,False,10000,77,0.0,0,0.6,0.4,0.3,0,0.5,10,9.5,10,rrt_20260807_064846_981.png
20260807_064849_007,2026-08-07 06:48:49,False,10000,82,0.0,0,0.6,0.4,0.3,0,0.5,10,9.5,10,rrt_20260807_064849_007.png
20260807_064849_577,2026-08-07 06:48:49,True,725,81,17.879352452379134,31,0.6,0.4,0.3,0,0.5,10,9.5,10,rrt_20260807_064849_577.png
20260807_064851_034,2026-08-07 06:48:51,False,10000,61,0.0,0,0.6,0.4,0.3,0,0.5,10,9.5,10,rrt_20260807_064851_034.png
20260807_064852_890,2026-08-07 06:48:52,False,10000,87,0.0,0,0.6,0.4,0.3,0,0.5,10,9.5,10,rrt_20260807_064852_890.png
20260807_064853_435,2026-08-07 06:48:53,True,833,67,20.181472150807412,35,0.6,0.4,0.3,0,0.5,10,9.5,10,rrt_20260807_064853_435.png
20260807_064855_075,2026-08-07 06:48:55,False,10000,72,0.0,0,0.6,0.4,0.3,0,0.5,10,9.5,10,rrt_20260807_064855_075.png
20260807_064855_715,2026-08-07 06:48:55,True,1431,84,19.200000000000003,33,0.6,0.4,0.3,0,0.5,10,9.5,10,rrt_20260807_064855_715.png
20260807_064857_630,2026-08-07 06:48:57,False,10000,98,0.0,0,0.6,0.4,0.3,0,0.5,10,9.5,10,rrt_20260807_064857_630.png
20260807_064858_329,2026-08-07 06:48:58,True,1944,96,18.599999999999998,32,0.6,0.4,0.3,0,0.5,10,9.5,10,rrt_20260807_064858_329.png
20260807_064900_426,2026-08-07 06:49:00,False,10000,95,0.0,0,0.6,0.4,0.3,0,0.5,10,9.5,10,rrt_20260807_064900_426.png
20260807_064901_641,2026-08-07 06:49:01,False,10000,36,0.0,0,0.6,0.4,0.3,0,0.5,10,9.5,10,rrt_20260807_064901_641.png
20260807_064902_221,2026-08-07 06:49:02,True,1076,92,17.4,30,0.6,0.4,0.3,0,0.5,10,9.5,10,rrt_20260807_064902_221.png
20260807_064903_738,2026-08-07 06:49:03,False,10000,66,0.0,0,0.6,0.4,0.3,0,0.5,10,9.5,10,rrt_20260807_064903_738.png
20260807_064905_375,2026-08-07 06:49:05,False,10000,86,0.0,0,0.6,0.4,0.3,0,0.5,10,9.5,10,rrt_20260807_064905_375.png
20260807_064907_014,2026-08-07 06:49:07,False,10000,80,0.0,0,0.6,0.4,0.3,0,0.5,10,9.5,10,rrt_20260807_064907_014.png
20260807_064908_599,2026-08-07 06:49:08,False,10000,80,0.0,0,0.6,0.4,0.3,0,0.5,10,9.5,10,rrt_20260807_064908_599.png
20260807_064910_326,2026-08-07 06:49:10,False,10000,75,0.0,0,0.6,0.4,0.3,0,0.5,10,9.5,10,rrt_20260807_064910_326.png
20260807_064911_152,2026-08-07 06:49:11,True,720,66,18.0,31,0.6,0.4,0.3,0,0.5,10,9.5,10,rrt_20260807_064911_152.png
20260807_064912_985,2026-08-07 06:49:12,False,10000,80,0.0,0,0.6,0.4,0.3,0,0.5,10,9.5,10,rrt_20260807_064912_985.png
20260807_064914_755,2026-08-07 06:49:14,False,10000,80,0.0,0,0.6,0.4,0.3,0,0.5,10,9.5,10,rrt_20260807_064914_755.png
20260807_064916_043,2026-08-07 06:49:16,False,10000,35,0.0,0,0.6,0.4,0.3,0,0.5,10,9.5,10,rrt_20260807_064916_043.png
20260807_064918_042,2026-08-07 06:49:18,False,10000,127,0.0,0,0.6,0.4,0.3,0,0.5,10,9.5,10,rrt_20260807_064918_042.png
20260807_064918_739,2026-08-07 06:49:18,True,1217,87,18.0,31,0.6,0.4,0.3,0,0.5,10,9.5,10,rrt_20260807_064918_739.png
20260807_064920_517,2026-08-07 06:49:20,False,10000,95,0.0,0,0.6,0.4,0.3,0,0.5,10,9.5,10,rrt_20260807_064920_517.png
20260807_064922_363,2026-08-07 06:49:22,False,10000,110,0.0,0,0.6,0.4,0.3,0,0.5,10,9.5,10,rrt_20260807_064922_363.png
20260807_064923_757,2026-08-07 06:49:23,False,10000,55,0.0,0,0.6,0.4,0.3,0,0.5,10,9.5,10,rrt_20260807_064923_757.png
20260807_064925_113,2026-08-07 06:49:25,False,10000,55,0.0,0,0.6,0.4,0.3,0,0.5,10,9.5,10,rrt_20260807_064925_113.png
20260807_064926_926,2026-08-07 06:49:26,False,10000,68,0.0,0,0.6,0.4,0.3,0,0.5,10,9.5,10,rrt_20260807_064926_926.png
20260807_064928_190,2026-08-07 06:49:28,False,10000,39,0.0,0,0.6,0.4,0.3,0,0.5,10,9.5,10,rrt_20260807_064928_190.png
20260807_064930_045,2026-08-07 06:49:30,False,10000,102,0.0,0,0.6,0.4,0.3,0,0.5,10,9.5,10,rrt_20260807_064930_045.png
20260807_064931_810,2026-08-07 06:49:31,False,10000,81,0.0,0,0.6,0.4,0.3,0,0.5,10,9.5,10,rrt_20260807_064931_810.png
20260807_064932_667,2026-08-07 06:49:32,True,3310,95,19.799999999999994,34,0.6,0.4,0.3,0,0.5,10,9.5,10,rrt_20260807_064932_667.png
20260807_064934_217,2026-08-07 06:49:34,False,10000,71,0.0,0,0.6,0.4,0.3,0,0.5,10,9.5,10,rrt_20260807_064934_217.png
20260807_064934_739,2026-08-07 06:49:34,True,307,49,17.86949107297405,31,0.6,0.4,0.3,0,0.5,10,9.5,10,rrt_20260807_064934_739.png
20260807_064936_332,2026-08-07 06:49:36,False,10000,81,0.0,0,0.6,0.4,0.3,0,0.5,10,9.5,10,rrt_20260807_064936_332.png
20260807_064936_848,2026-08-07 06:49:36,True,395,62,19.74179700570126,34,0.6,0.4,0.3,0,0.5,10,9.5,10,rrt_20260807_064936_848.png
20260807_064938_807,2026-08-07 06:49:38,False,10000,87,0.0,0,0.6,0.4,0.3,0,0.5,10,9.5,10,rrt_20260807_064938_807.png
20260807_064940_654,2026-08-07 06:49:40,False,10000,86,0.0,0,0.6,0.4,0.3,0,0.5,10,9.5,10,rrt_20260807_064940_654.png
20260807_064941_201,2026-08-07 06:49:41,True,543,63,18.000000000000004,31,0.6,0.4,0.3,0,0.5,10,9.5,10,rrt_20260807_064941_201.png
20260807_064943_185,2026-08-07 06:49:43,False,10000,104,0.0,0,0.6,0.4,0.3,0,0.5,10,9.5,10,rrt_20260807_064943_185.png
20260807_064944_785,2026-08-07 06:49:44,False,10000,80,0.0,0,0.6,0.4,0.3,0,0.5,10,9.5,10,rrt_20260807_064944_785.png
20260807_064945_405,2026-08-07 06:49:45,True,784,81,18.517036946062273,32,0.6,0.4,0.3,0,0.5,10,9.5,10,rrt_20260807_064945_405.png
20260807_064947_460,2026-08-07 06:49:47,False,10000,110,0.0,0,0.6,0.4,0.3,0,0.5,10,9.5,10,rrt_20260807_064947_460.png
20260807_064948_200,2026-08-07 06:49:48,True,2405,91,17.114087327498854,30,0.6,0.4,0.3,0,0.5,10,9.5,10,rrt_20260807_064948_200.png
20260807_064948_976,2026-08-07 06:49:48,True,1078,86,16.781940250828413,29,0.6,0.4,0.3,0,0.5,10,9.5,10,rrt_20260807_064948_976.png
20260807_064950_729,2026-08-07 06:49:50,False,10000,102,0.0,0,0.6,0.4,0.3,0,0.5,10,9.5,10,rrt_20260807_064950_729.png
20260807_064952_723,2026-08-07 06:49:52,False,10000,81,0.0,0,0.6,0.4,0.3,0,0.5,10,9.5,10,rrt_20260807_064952_723.png
20260807_064954_523,2026-08-07 06:49:54,False,10000,81,0.0,0,0.6,0.4,0.3,0,0.5,10,9.5,10,rrt_20260807_064954_523.png
20260807_064956_375,2026-08-07 06:49:56,False,10000,78,0.0,0,0.6,0.4,0.3,0,0.5,10,9.5,10,rrt_20260807_064956_375.png
20260807_064958_203,2026-08-07 06:49:58,False,10000,85,0.0,0,0.6,0.4,0.3,0,0.5,10,9.5,10,rrt_20260807_064958_203.png
20260807_065000_153,2026-08-07 06:50:00,False,10000,100,0.0,0,0.6,0.4,0.3,0,0.5,10,9.5,10,rrt_20260807_065000_153.png
20260807_065000_868,2026-08-07 06:50:00,True,1117,81,17.4,30,0.6,0.4,0.3,0,0.5,10,9.5,10,rrt_20260807_065000_868.png
20260807_065002_302,2026-08-07 06:50:02,False,10000,66,0.0,0,0.6,0.4,0.3,0,0.5,10,9.5,10,rrt_20260807_065002_302.png
20260807_065004_108,2026-08-07 06:50:04,False,10000,75,0.0,0,0.6,0.4,0.3,0,0.5,10,9.5,10,rrt_20260807_065004_108.png
20260807_065004_658,2026-08-07 06:50:04,True,307,56,16.199999999999996,28,0.6,0.4,0.3,0,0.5,10,9.5,10,rrt_20260807_065004_658.png
20260807_065006_234,2026-08-07 06:50:06,False,10000,82,0.0,0,0.6,0.4,0.3,0,0.5,10,9.5,10,rrt_20260807_065006_234.png
20260807_065008_136,2026-08-07 06:50:08,False,10000,92,0.0,0,0.6,0.4,0.3,0,0.5,10,9.5,10,rrt_20260807_065008_136.png
20260807_065009_770,2026-08-07 06:50:09,False,10000,83,0.0,0,0.6,0.4,0.3,0,0.5,10,9.5,10,rrt_20260807_065009_770.png
20260807_065011_477,2026-08-07 06:50:11,False,10000,85,0.0,0,0.6,0.4,0.3,0,0.5,10,9.5,10,rrt_20260807_065011_477.png
20260807_065013_062,2026-08-07 06:50:13,False,10000,78,0.0,0,0.6,0.4,0.3,0,0.5,10,9.5,10,rrt_20260807_065013_062.png
20260807_065014_370,2026-08-07 06:50:14,False,10000,54,0.0,0,0.6,0.4,0.3,0,0.5,10,9.5,10,rrt_20260807_065014_370.png
20260807_065016_211,2026-08-07 06:50:16,False,10000,80,0.0,0,0.6,0.4,0.3,0,0.5,10,9.5,10,rrt_20260807_065016_211.png
20260807_065017_765,2026-08-07 06:50:17,False,10000,42,0.0,0,0.6,0.4,0.3,0,0.5,10,9.5,10,rrt_20260807_065017_765.png
20260807_065019_365,2026-08-07 06:50:19,False,10000,83,0.0,0,0.6,0.4,0.3,0,0.5,10,9.5,10,rrt_20260807_065019_365.png
20260807_065019_988,2026-08-07 06:50:19,True,1274,85,17.4,30,0.6,0.4,0.3,0,0.5,10,9.5,10,rrt_20260807_065019_988.png
20260807_065021_402,2026-08-07 06:50:21,False,10000,66,0.0,0,0.6,0.4,0.3,0,0.5,10,9.5,10,rrt_20260807_065021_402.png
20260807_065023_022,2026-08-07 06:50:23,False,10000,73,0.0,0,0.6,0.4,0.3,0,0.5,10,9.5,10,rrt_20260807_065023_022.png
20260807_065024_741,2026-08-07 06:50:24,False,10000,69,0.0,0,0.6,0.4,0.3,0,0.5,10,9.5,10,rrt_20260807_065024_741.png
20260807_065025_270,2026-08-07 06:50:25,True,385,56,16.784773403358543,29,0.6,0.4,0.3,0,0.5,10,9.5,10,rrt_20260807_065025_270.png
20260807_065026_858,2026-08-07 06:50:26,False,10000,65,0.0,0,0.6,0.4,0.3,0,0.5,10,9.5,10,rrt_20260807_065026_858.png
20260807_065028_475,2026-08-07 06:50:28,False,10000,80,0.0,0,0.6,0.4,0.3,0,0.5,10,9.5,10,rrt_20260807_065028_475.png
20260807_065030_488,2026-08-07 06:50:30,False,10000,94,0.0,0,0.6,0.4,0.3,0,0.5,10,9.5,10,rrt_20260807_065030_488.png
20260807_065031_107,2026-08-07 06:50:31,True,540,65,17.92398068035237,31,0.6,0.4,0.3,0,0.5,10,9.5,10,rrt_20260807_065031_107.png
20260807_065032_565,2026-08-07 06:50:32,False,10000,67,0.0,0,0.6,0.4,0.3,0,0.5,10,9.5,10,rrt_20260807_065032_565.png
20260807_065033_208,2026-08-07 06:50:33,True,1609,92,17.4,30,0.6,0.4,0.3,0,0.5,10,9.5,10,rrt_20260807_065033_208.png
20260807_065034_870,2026-08-07 06:50:34,False,10000,85,0.0,0,0.6,0.4,0.3,0,0.5,10,9.5,10,rrt_20260807_065034_870.png
20260807_065035_573,2026-08-07 06:50:35,True,603,52,20.29605664384504,35,0.6,0.4,0.3,0,0.5,10,9.5,10,rrt_20260807_065035_573.png
20260807_065036_114,2026-08-07 06:50:36,True,1234,80,18.599999999999998,32,0.6,0.4,0.3,0,0.5,10,9.5,10,rrt_20260807_065036_114.png
20260807_065037_772,2026-08-07 06:50:37,False,10000,89,0.0,0,0.6,0.4,0.3,0,0.5,10,9.5,10,rrt_20260807_065037_772.png
20260807_065038_372,2026-08-07 06:50:38,True,1444,92,19.799999999999994,34,0.6,0.4,0.3,0,0.5,10,9.5,10,rrt_20260807_065038_372.png
20260807_065040_248,2026-08-07 06:50:40,False,10000,88,0.0,0,0.6,0.4,0.3,0,0.5,10,9.5,10,rrt_20260807_065040_248.png
20260807_065041_901,2026-08-07 06:50:41,False,10000,63,0.0,0,0.6,0.4,0.3,0,0.5,10,9.5,10,rrt_20260807_065041_901.png
20260807_065043_498,2026-08-07 06:50:43,False,10000,79,0.0,0,0.6,0.4,0.3,0,0.5,10,9.5,10,rrt_20260807_065043_498.png
20260807_065045_515,2026-08-07 06:50:45,False,10000,116,0.0,0,0.6,0.4,0.3,0,0.5,10,9.5,10,rrt_20260807_065045_515.png
20260807_065047_416,2026-08-07 06:50:47,False,10000,88,0.0,0,0.6,0.4,0.3,0,0.5,10,9.5,10,rrt_20260807_065047_416.png
20260807_065049_362,2026-08-07 06:50:49,False,10000,91,0.0,0,0.6,0.4,0.3,0,0.5,10,9.5,10,rrt_20260807_065049_362.png
20260807_065050_086,2026-08-07 06:50:50,True,1610,84,16.200000000000003,28,0.6,0.4,0.3,0,0.5,10,9.5,10,rrt_20260807_065050_086.png
20260807_065050_629,2026-08-07 06:50:50,True,549,64,17.22275136821299,30,0.6,0.4,0.3,0,0.5,10,9.5,10,rrt_20260807_065050_629.png
20260807_065052_417,2026-08-07 06:50:52,False,10000,84,0.0,0,0.6,0.4,0.3,0,0.5,10,9.5,10,rrt_20260807_065052_417.png
20260807_065053_216,2026-08-07 06:50:53,True,820,92,16.8,29,0.6,0.4,0.3,0,0.5,10,9.5,10,rrt_20260807_065053_216.png
20260807_065055_142,2026-08-07 06:50:55,False,10000,93,0.0,0,0.6,0.4,0.3,0,0.5,10,9.5,10,rrt_20260807_065055_142.png
20260807_065056_614,2026-08-07 06:50:56,False,10000,74,0.0,0,0.6,0.4,0.3,0,0.5,10,9.5,10,rrt_20260807_065056_614.png
20260807_065058_405,2026-08-07 06:50:58,False,10000,100,0.0,0,0.6,0.4,0.3,0,0.5,10,9.5,10,rrt_20260807_065058_405.png
20260807_065100_034,2026-08-07 06:51:00,False,10000,70,0.0,0,0.6,0.5,0.3,0,0.5,10,9.5,10,rrt_20260807_065100_034.png
20260807_065101_744,2026-08-07 06:51:01,False,10000,89,0.0,0,0.6,0.5,0.3,0,0.5,10,9.5,10,rrt_20260807_065101_744.png
20260807_065103_293,2026-08-07 06:51:03,False,10000,75,0.0,0,0.6,0.5,0.3,0,0.5,10,9.5,10,rrt_20260807_065103_293.png
20260807_065104_731,2026-08-07 06:51:04,False,10000,67,0.0,0,0.6,0.5,0.3,0,0.5,10,9.5,10,rrt_20260807_065104_731.png
20260807_065106_745,2026-08-07 06:51:06,False,10000,121,0.0,0,0.6,0.5,0.3,0,0.5,10,9.5,10,rrt_20260807_065106_745.png
20260807_065108_668,2026-08-07 06:51:08,False,10000,86,0.0,0,0.6,0.5,0.3,0,0.5,10,9.5,10,rrt_20260807_065108_668.png
20260807_065110_586,2026-08-07 06:51:10,False,10000,85,0.0,0,0.6,0.5,0.3,0,0.5,10,9.5,10,rrt_20260807_065110_586.png
20260807_065112_353,2026-08-07 06:51:12,False,10000,75,0.0,0,0.6,0.5,0.3,0,0.5,10,9.5,10,rrt_20260807_065112_353.png
20260807_065114_056,2026-08-07 06:51:14,False,10000,88,0.0,0,0.6,0.5,0.3,0,0.5,10,9.5,10,rrt_20260807_065114_056.png
20260807_065114_697,2026-08-07 06:51:14,True,1339,87,17.4,30,0.6,0.5,0.3,0,0.5,10,9.5,10,rrt_20260807_065114_697.png
20260807_065116_540,2026-08-07 06:51:16,False,10000,71,0.0,0,0.6,0.5,0.3,0,0.5,10,9.5,10,rrt_20260807_065116_540.png
20260807_065118_386,2026-08-07 06:51:18,False,10000,90,0.0,0,0.6,0.5,0.3,0,0.5,10,9.5,10,rrt_20260807_065118_386.png
20260807_065120_113,2026-08-07 06:51:20,False,10000,82,0.0,0,0.6,0.5,0.3,0,0.5,10,9.5,10,rrt_20260807_065120_113.png
20260807_065122_212,2026-08-07 06:51:22,False,10000,109,0.0,0,0.6,0.5,0.3,0,0.5,10,9.5,10,rrt_20260807_065122_212.png
20260807_065123_955,2026-08-07 06:51:23,False,10000,94,0.0,0,0.6,0.5,0.3,0,0.5,10,9.5,10,rrt_20260807_065123_955.png
20260807_065125_491,2026-08-07 06:51:25,False,10000,70,0.0,0,0.6,0.5,0.3,0,0.5,10,9.5,10,rrt_20260807_065125_491.png
20260807_065127_158,2026-08-07 06:51:27,False,10000,86,0.0,0,0.6,0.5,0.3,0,0.5,10,9.5,10,rrt_20260807_065127_158.png
20260807_065128_703,2026-08-07 06:51:28,False,10000,71,0.0,0,0.6,0.5,0.3,0,0.5,10,9.5,10,rrt_20260807_065128_703.png
20260807_065130_006,2026-08-07 06:51:30,False,10000,42,0.0,0,0.6,0.5,0.3,0,0.5,10,9.5,10,rrt_20260807_065130_006.png
20260807_065131_891,2026-08-07 06:51:31,False,10000,110,0.0,0,0.6,0.5,0.3,0,0.5,10,9.5,10,rrt_20260807_065131_891.png
20260807_065133_829,2026-08-07 06:51:33,False,10000,92,0.0,0,0.6,0.5,0.3,0,0.5,10,9.5,10,rrt_20260807_065133_829.png
20260807_065134_583,2026-08-07 06:51:34,True,2081,65,19.2,33,0.6,0.5,0.3,0,0.5,10,9.5,10,rrt_20260807_065134_583.png
20260807_065136_840,2026-08-07 06:51:36,False,10000,93,0.0,0,0.6,0.5,0.3,0,0.5,10,9.5,10,rrt_20260807_065136_840.png
20260807_065138_629,2026-08-07 06:51:38,False,10000,83,0.0,0,0.6,0.5,0.3,0,0.5,10,9.5,10,rrt_20260807_065138_629.png
20260807_065139_244,2026-08-07 06:51:39,True,1086,95,17.999999999999993,31,0.6,0.5,0.3,0,0.5,10,9.5,10,rrt_20260807_065139_244.png
20260807_065141_141,2026-08-07 06:51:41,False,10000,95,0.0,0,0.6,0.5,0.3,0,0.5,10,9.5,10,rrt_20260807_065141_141.png
20260807_065142_403,2026-08-07 06:51:42,False,10000,39,0.0,0,0.6,0.5,0.3,0,0.5,10,9.5,10,rrt_20260807_065142_403.png
20260807_065143_659,2026-08-07 06:51:43,False,10000,39,0.0,0,0.6,0.5,0.3,0,0.5,10,9.5,10,rrt_20260807_065143_659.png
20260807_065145_448,2026-08-07 06:51:45,False,10000,84,0.0,0,0.6,0.5,0.3,0,0.5,10,9.5,10,rrt_20260807_065145_448.png
20260807_065147_087,2026-08-07 06:51:47,False,10000,77,0.0,0,0.6,0.5,0.3,0,0.5,10,9.5,10,rrt_20260807_065147_087.png
20260807_065148_625,2026-08-07 06:51:48,False,10000,72,0.0,0,0.6,0.5,0.3,0,0.5,10,9.5,10,rrt_20260807_065148_625.png
20260807_065150_816,2026-08-07 06:51:50,False,10000,102,0.0,0,0.6,0.5,0.3,0,0.5,10,9.5,10,rrt_20260807_065150_816.png
20260807_065151_929,2026-08-07 06:51:51,False,10000,40,0.0,0,0.6,0.5,0.3,0,0.5,10,9.5,10,rrt_20260807_065151_929.png
20260807_065153_515,2026-08-07 06:51:53,False,10000,81,0.0,0,0.6,0.5,0.3,0,0.5,10,9.5,10,rrt_20260807_065153_515.png
20260807_065154_992,2026-08-07 06:51:54,False,10000,67,0.0,0,0.6,0.5,0.3,0,0.5,10,9.5,10,rrt_20260807_065154_992.png
20260807_065156_794,2026-08-07 06:51:56,False,10000,84,0.0,0,0.6,0.5,0.3,0,0.5,10,9.5,10,rrt_20260807_065156_794.png
20260807_065158_510,2026-08-07 06:51:58,False,10000,91,0.0,0,0.6,0.5,0.3,0,0.5,10,9.5,10,rrt_20260807_065158_510.png
20260807_065159_169,2026-08-07 06:51:59,True,1198,91,18.0,31,0.6,0.5,0.3,0,0.5,10,9.5,10,rrt_20260807_065159_169.png
20260807_065159_745,2026-08-07 06:51:59,True,1206,85,18.528814743302696,32,0.6,0.5,0.3,0,0.5,10,9.5,10,rrt_20260807_065159_745.png
20260807_065201_350,2026-08-07 06:52:01,False,10000,64,0.0,0,0.6,0.5,0.3,0,0.5,10,9.5,10,rrt_20260807_065201_350.png
20260807_065202_157,2026-08-07 06:52:02,True,1065,94,17.999999999999993,31,0.6,0.5,0.3,0,0.5,10,9.5,10,rrt_20260807_065202_157.png
20260807_065204_084,2026-08-07 06:52:04,False,10000,95,0.0,0,0.6,0.5,0.3,0,0.5,10,9.5,10,rrt_20260807_065204_084.png
20260807_065205_541,2026-08-07 06:52:05,False,10000,67,0.0,0,0.6,0.5,0.3,0,0.5,10,9.5,10,rrt_20260807_065205_541.png
20260807_065207_026,2026-08-07 06:52:07,False,10000,68,0.0,0,0.6,0.5,0.3,0,0.5,10,9.5,10,rrt_20260807_065207_026.png
20260807_065207_558,2026-08-07 06:52:07,True,393,62,17.960968537045055,31,0.6,0.5,0.3,0,0.5,10,9.5,10,rrt_20260807_065207_558.png
20260807_065209_103,2026-08-07 06:52:09,False,10000,78,0.0,0,0.6,0.5,0.3,0,0.5,10,9.5,10,rrt_20260807_065209_103.png
20260807_065211_129,2026-08-07 06:52:11,False,10000,116,0.0,0,0.6,0.5,0.3,0,0.5,10,9.5,10,rrt_20260807_065211_129.png
20260807_065211_866,2026-08-07 06:52:11,True,277,59,18.6,32,0.6,0.5,0.3,0,0.5,10,9.5,10,rrt_20260807_065211_866.png
20260807_065212_636,2026-08-07 06:52:12,True,1884,89,20.400000000000002,35,0.6,0.5,0.3,0,0.5,10,9.5,10,rrt_20260807_065212_636.png
20260807_065214_697,2026-08-07 06:52:14,False,10000,82,0.0,0,0.6,0.5,0.3,0,0.5,10,9.5,10,rrt_20260807_065214_697.png
20260807_065216_589,2026-08-07 06:52:16,False,10000,95,0.0,0,0.6,0.5,0.3,0,0.5,10,9.5,10,rrt_20260807_065216_589.png
20260807_065217_108,2026-08-07 06:52:17,True,394,69,16.641879340497944,29,0.6,0.5,0.3,0,0.5,10,9.5,10,rrt_20260807_065217_108.png
20260807_065217_586,2026-08-07 06:52:17,True,279,47,16.597480114470358,29,0.6,0.5,0.3,0,0.5,10,9.5,10,rrt_20260807_065217_586.png
20260807_065219_214,2026-08-07 06:52:19,False,10000,92,0.0,0,0.6,0.5,0.3,0,0.5,10,9.5,10,rrt_20260807_065219_214.png
20260807_065220_950,2026-08-07 06:52:20,False,10000,76,0.0,0,0.6,0.5,0.3,0,0.5,10,9.5,10,rrt_20260807_065220_950.png
20260807_065222_747,2026-08-07 06:52:22,False,10000,101,0.0,0,0.6,0.5,0.3,0,0.5,10,9.5,10,rrt_20260807_065222_747.png
20260807_065224_401,2026-08-07 06:52:24,False,10000,62,0.0,0,0.6,0.5,0.3,0,0.5,10,9.5,10,rrt_20260807_065224_401.png
20260807_065226_130,2026-08-07 06:52:26,False,10000,81,0.0,0,0.6,0.5,0.3,0,0.5,10,9.5,10,rrt_20260807_065226_130.png
20260807_065228_287,2026-08-07 06:52:28,False,10000,114,0.0,0,0.6,0.5,0.3,0,0.5,10,9.5,10,rrt_20260807_065228_287.png
20260807_065229_803,2026-08-07 06:52:29,False,10000,72,0.0,0,0.6,0.5,0.3,0,0.5,10,9.5,10,rrt_20260807_065229_803.png
20260807_065231_101,2026-08-07 06:52:31,False,10000,46,0.0,0,0.6,0.5,0.3,0,0.5,10,9.5,10,rrt_20260807_065231_101.png
20260807_065232_484,2026-08-07 06:52:32,False,10000,58,0.0,0,0.6,0.5,0.3,0,0.5,10,9.5,10,rrt_20260807_065232_484.png
20260807_065233_152,2026-08-07 06:52:33,True,1492,100,17.39999999999999,30,0.6,0.5,0.3,0,0.5,10,9.5,10,rrt_20260807_065233_152.png
20260807_065234_275,2026-08-07 06:52:34,False,10000,43,0.0,0,0.6,0.5,0.3,0,0.5,10,9.5,10,rrt_20260807_065234_275.png
20260807_065236_123,2026-08-07 06:52:36,False,10000,88,0.0,0,0.6,0.5,0.3,0,0.5,10,9.5,10,rrt_20260807_065236_123.png
20260807_065238_077,2026-08-07 06:52:38,False,10000,109,0.0,0,0.6,0.5,0.3,0,0.5,10,9.5,10,rrt_20260807_065238_077.png
20260807_065238_639,2026-08-07 06:52:38,True,505,63,18.0,31,0.6,0.5,0.3,0,0.5,10,9.5,10,rrt_20260807_065238_639.png
20260807_065240_549,2026-08-07 06:52:40,False,10000,92,0.0,0,0.6,0.5,0.3,0,0.5,10,9.5,10,rrt_20260807_065240_549.png
20260807_065242_157,2026-08-07 06:52:42,False,10000,82,0.0,0,0.6,0.5,0.3,0,0.5,10,9.5,10,rrt_20260807_065242_157.png
20260807_065243_816,2026-08-07 06:52:43,False,10000,85,0.0,0,0.6,0.5,0.3,0,0.5,10,9.5,10,rrt_20260807_065243_816.png
20260807_065245_517,2026-08-07 06:52:45,False,10000,64,0.0,0,0.6,0.5,0.3,0,0.5,10,9.5,10,rrt_20260807_065245_517.png
20260807_065247_233,2026-08-07 06:52:47,False,10000,78,0.0,0,0.6,0.5,0.3,0,0.5,10,9.5,10,rrt_20260807_065247_233.png
20260807_065249_037,2026-08-07 06:52:49,False,10000,83,0.0,0,0.6,0.5,0.3,0,0.5,10,9.5,10,rrt_20260807_065249_037.png
20260807_065250_557,2026-08-07 06:52:50,False,10000,69,0.0,0,0.6,0.5,0.3,0,0.5,10,9.5,10,rrt_20260807_065250_557.png
20260807_065252_218,2026-08-07 06:52:52,False,10000,83,0.0,0,0.6,0.5,0.3,0,0.5,10,9.5,10,rrt_20260807_065252_218.png
20260807_065253_880,2026-08-07 06:52:53,False,10000,85,0.0,0,0.6,0.5,0.3,0,0.5,10,9.5,10,rrt_20260807_065253_880.png
20260807_065255_785,2026-08-07 06:52:55,False,10000,89,0.0,0,0.6,0.5,0.3,0,0.5,10,9.5,10,rrt_20260807_065255_785.png
20260807_065257_196,2026-08-07 06:52:57,False,10000,69,0.0,0,0.6,0.5,0.3,0,0.5,10,9.5,10,rrt_20260807_065257_196.png
20260807_065258_911,2026-08-07 06:52:58,False,10000,73,0.0,0,0.6,0.5,0.3,0,0.5,10,9.5,10,rrt_20260807_065258_911.png
20260807_065300_717,2026-08-07 06:53:00,False,10000,77,0.0,0,0.6,0.5,0.3,0,0.5,10,9.5,10,rrt_20260807_065300_717.png
20260807_065302_450,2026-08-07 06:53:02,False,10000,91,0.0,0,0.6,0.5,0.3,0,0.5,10,9.5,10,rrt_20260807_065302_450.png
20260807_065304_115,2026-08-07 06:53:04,False,10000,83,0.0,0,0.6,0.5,0.3,0,0.5,10,9.5,10,rrt_20260807_065304_115.png
20260807_065304_626,2026-08-07 06:53:04,True,174,43,19.719168413679544,34,0.6,0.5,0.3,0,0.5,10,9.5,10,rrt_20260807_065304_626.png
20260807_065305_374,2026-08-07 06:53:05,True,602,75,16.799999999999997,29,0.6,0.5,0.3,0,0.5,10,9.5,10,rrt_20260807_065305_374.png
20260807_065306_054,2026-08-07 06:53:06,True,313,60,17.399999999999995,30,0.6,0.5,0.3,0,0.5,10,9.5,10,rrt_20260807_065306_054.png
20260807_065308_053,2026-08-07 06:53:08,False,10000,100,0.0,0,0.6,0.5,0.3,0,0.5,10,9.5,10,rrt_20260807_065308_053.png
20260807_065308_672,2026-08-07 06:53:08,True,1132,72,18.0,31,0.6,0.5,0.3,0,0.5,10,9.5,10,rrt_20260807_065308_672.png
20260807_065310_641,2026-08-07 06:53:10,False,10000,99,0.0,0,0.6,0.5,0.3,0,0.5,10,9.5,10,rrt_20260807_065310_641.png
20260807_065311_237,2026-08-07 06:53:11,True,256,61,18.0,31,0.6,0.5,0.3,0,0.5,10,9.5,10,rrt_20260807_065311_237.png
20260807_065312_274,2026-08-07 06:53:12,False,10000,34,0.0,0,0.6,0.5,0.3,0,0.5,10,9.5,10,rrt_20260807_065312_274.png
20260807_065313_850,2026-08-07 06:53:13,False,10000,63,0.0,0,0.6,0.5,0.3,0,0.5,10,9.5,10,rrt_20260807_065313_850.png
20260807_065315_592,2026-08-07 06:53:15,False,10000,87,0.0,0,0.6,0.5,0.3,0,0.5,10,9.5,10,rrt_20260807_065315_592.png
20260807_065316_820,2026-08-07 06:53:16,False,10000,42,0.0,0,0.6,0.5,0.3,0,0.5,10,9.5,10,rrt_20260807_065316_820.png
20260807_065318_852,2026-08-07 06:53:18,False,10000,91,0.0,0,0.6,0.5,0.3,0,0.5,10,9.5,10,rrt_20260807_065318_852.png
20260807_065320_537,2026-08-07 06:53:20,False,10000,83,0.0,0,0.6,0.5,0.3,0,0.5,10,9.5,10,rrt_20260807_065320_537.png
20260807_065321_292,2026-08-07 06:53:21,True,2038,113,18.000000000000004,31,0.6,0.5,0.3,0,0.5,10,9.5,10,rrt_20260807_065321_292.png
20260807_065323_044,2026-08-07 06:53:23,False,10000,95,0.0,0,0.6,0.5,0.3,0,0.5,10,9.5,10,rrt_20260807_065323_044.png
20260807_065324_721,2026-08-07 06:53:24,False,10000,86,0.0,0,0.6,0.5,0.3,0,0.5,10,9.5,10,rrt_20260807_065324_721.png
20260807_065326_261,2026-08-07 06:53:26,False,10000,69,0.0,0,0.6,0.5,0.3,0,0.5,10,9.5,10,rrt_20260807_065326_261.png
20260807_065327_880,2026-08-07 06:53:27,False,10000,82,0.0,0,0.6,0.5,0.3,0,0.5,10,9.5,10,rrt_20260807_065327_880.png
20260807_065329_828,2026-08-07 06:53:29,False,10000,77,0.0,0,0.6,0.6,0.3,0,0.5,10,9.5,10,rrt_20260807_065329_828.png
20260807_065331_572,2026-08-07 06:53:31,False,10000,91,0.0,0,0.6,0.6,0.3,0,0.5,10,9.5,10,rrt_20260807_065331_572.png
20260807_065333_075,2026-08-07 06:53:33,False,10000,35,0.0,0,0.6,0.6,0.3,0,0.5,10,9.5,10,rrt_20260807_065333_075.png
20260807_065334_816,2026-08-07 06:53:34,False,10000,84,0.0,0,0.6,0.6,0.3,0,0.5,10,9.5,10,rrt_20260807_065334_816.png
20260807_065335_425,2026-08-07 06:53:35,True,1077,87,17.4,30,0.6,0.6,0.3,0,0.5,10,9.5,10,rrt_20260807_065335_425.png
20260807_065337_111,2026-08-07 06:53:37,False,10000,76,0.0,0,0.6,0.6,0.3,0,0.5,10,9.5,10,rrt_20260807_065337_111.png
20260807_065337_696,2026-08-07 06:53:37,True,209,48,19.05894120454704,33,0.6,0.6,0.3,0,0.5,10,9.5,10,rrt_20260807_065337_696.png
20260807_065339_336,2026-08-07 06:53:39,False,10000,87,0.0,0,0.6,0.6,0.3,0,0.5,10,9.5,10,rrt_20260807_065339_336.png
20260807_065341_138,2026-08-07 06:53:41,False,10000,97,0.0,0,0.6,0.6,0.3,0,0.5,10,9.5,10,rrt_20260807_065341_138.png
20260807_065341_688,2026-08-07 06:53:41,True,577,85,17.378491690010215,30,0.6,0.6,0.3,0,0.5,10,9.5,10,rrt_20260807_065341_688.png
20260807_065343_658,2026-08-07 06:53:43,False,10000,120,0.0,0,0.6,0.6,0.3,0,0.5,10,9.5,10,rrt_20260807_065343_658.png
20260807_065345_784,2026-08-07 06:53:45,False,10000,94,0.0,0,0.6,0.6,0.3,0,0.5,10,9.5,10,rrt_20260807_065345_784.png
20260807_065346_396,2026-08-07 06:53:46,True,1454,67,22.730719079636334,39,0.6,0.6,0.3,0,0.5,10,9.5,10,rrt_20260807_065346_396.png
20260807_065347_952,2026-08-07 06:53:47,False,10000,77,0.0,0,0.6,0.6,0.3,0,0.5,10,9.5,10,rrt_20260807_065347_952.png
20260807_065348_670,2026-08-07 06:53:48,True,570,87,17.39999999999999,30,0.6,0.6,0.3,0,0.5,10,9.5,10,rrt_20260807_065348_670.png
20260807_065350_514,2026-08-07 06:53:50,False,10000,108,0.0,0,0.6,0.6,0.3,0,0.5,10,9.5,10,rrt_20260807_065350_514.png
20260807_065352_224,2026-08-07 06:53:52,False,10000,79,0.0,0,0.6,0.6,0.3,0,0.5,10,9.5,10,rrt_20260807_065352_224.png
20260807_065353_734,2026-08-07 06:53:53,False,10000,58,0.0,0,0.6,0.6,0.3,0,0.5,10,9.5,10,rrt_20260807_065353_734.png
20260807_065355_288,2026-08-07 06:53:55,False,10000,62,0.0,0,0.6,0.6,0.3,0,0.5,10,9.5,10,rrt_20260807_065355_288.png
20260807_065355_835,2026-08-07 06:53:55,True,343,58,20.24856643910845,35,0.6,0.6,0.3,0,0.5,10,9.5,10,rrt_20260807_065355_835.png
20260807_065357_820,2026-08-07 06:53:57,False,10000,83,0.0,0,0.6,0.6,0.3,0,0.5,10,9.5,10,rrt_20260807_065357_820.png
20260807_065359_569,2026-08-07 06:53:59,False,10000,94,0.0,0,0.6,0.6,0.3,0,0.5,10,9.5,10,rrt_20260807_065359_569.png
20260807_065401_123,2026-08-07 06:54:01,False,10000,65,0.0,0,0.6,0.6,0.3,0,0.5,10,9.5,10,rrt_20260807_065401_123.png
20260807_065401_802,2026-08-07 06:54:01,True,1595,82,19.2,33,0.6,0.6,0.3,0,0.5,10,9.5,10,rrt_20260807_065401_802.png
20260807_065403_651,2026-08-07 06:54:03,False,10000,97,0.0,0,0.6,0.6,0.3,0,0.5,10,9.5,10,rrt_20260807_065403_651.png
20260807_065405_112,2026-08-07 06:54:05,False,10000,65,0.0,0,0.6,0.6,0.3,0,0.5,10,9.5,10,rrt_20260807_065405_112.png
20260807_065407_049,2026-08-07 06:54:07,False,10000,118,0.0,0,0.6,0.6,0.3,0,0.5,10,9.5,10,rrt_20260807_065407_049.png
20260807_065409_241,2026-08-07 06:54:09,False,10000,123,0.0,0,0.6,0.6,0.3,0,0.5,10,9.5,10,rrt_20260807_065409_241.png
20260807_065410_956,2026-08-07 06:54:10,False,10000,85,0.0,0,0.6,0.6,0.3,0,0.5,10,9.5,10,rrt_20260807_065410_956.png
20260807_065413_195,2026-08-07 06:54:13,False,10000,85,0.0,0,0.6,0.6,0.3,0,0.5,10,9.5,10,rrt_20260807_065413_195.png
20260807_065415_073,2026-08-07 06:54:15,False,10000,87,0.0,0,0.6,0.6,0.3,0,0.5,10,9.5,10,rrt_20260807_065415_073.png
20260807_065417_092,2026-08-07 06:54:17,False,10000,114,0.0,0,0.6,0.6,0.3,0,0.5,10,9.5,10,rrt_20260807_065417_092.png
20260807_065418_766,2026-08-07 06:54:18,False,10000,71,0.0,0,0.6,0.6,0.3,0,0.5,10,9.5,10,rrt_20260807_065418_766.png
20260807_065420_431,2026-08-07 06:54:20,False,10000,73,0.0,0,0.6,0.6,0.3,0,0.5,10,9.5,10,rrt_20260807_065420_431.png
20260807_065421_976,2026-08-07 06:54:21,False,10000,72,0.0,0,0.6,0.6,0.3,0,0.5,10,9.5,10,rrt_20260807_065421_976.png
20260807_065423_795,2026-08-07 06:54:23,False,10000,99,0.0,0,0.6,0.6,0.3,0,0.5,10,9.5,10,rrt_20260807_065423_795.png
20260807_065425_472,2026-08-07 06:54:25,False,10000,81,0.0,0,0.6,0.6,0.3,0,0.5,10,9.5,10,rrt_20260807_065425_472.png
20260807_065426_066,2026-08-07 06:54:26,True,813,120,17.110670882239937,30,0.6,0.6,0.3,0,0.5,10,9.5,10,rrt_20260807_065426_066.png
20260807_065427_786,2026-08-07 06:54:27,False,10000,44,0.0,0,0.6,0.6,0.3,0,0.5,10,9.5,10,rrt_20260807_065427_786.png
20260807_065428_887,2026-08-07 06:54:28,False,10000,34,0.0,0,0.6,0.6,0.3,0,0.5,10,9.5,10,rrt_20260807_065428_887.png
20260807_065430_367,2026-08-07 06:54:30,False,10000,66,0.0,0,0.6,0.6,0.3,0,0.5,10,9.5,10,rrt_20260807_065430_367.png
20260807_065432_026,2026-08-07 06:54:32,False,10000,86,0.0,0,0.6,0.6,0.3,0,0.5,10,9.5,10,rrt_20260807_065432_026.png
20260807_065433_831,2026-08-07 06:54:33,False,10000,84,0.0,0,0.6,0.6,0.3,0,0.5,10,9.5,10,rrt_20260807_065433_831.png
20260807_065435_042,2026-08-07 06:54:35,False,10000,46,0.0,0,0.6,0.6,0.3,0,0.5,10,9.5,10,rrt_20260807_065435_042.png
20260807_065436_965,2026-08-07 06:54:36,False,10000,90,0.0,0,0.6,0.6,0.3,0,0.5,10,9.5,10,rrt_20260807_065436_965.png
20260807_065438_712,2026-08-07 06:54:38,False,10000,81,0.0,0,0.6,0.6,0.3,0,0.5,10,9.5,10,rrt_20260807_065438_712.png
20260807_065439_523,2026-08-07 06:54:39,True,638,76,17.999999999999996,31,0.6,0.6,0.3,0,0.5,10,9.5,10,rrt_20260807_065439_523.png
20260807_065440_640,2026-08-07 06:54:40,False,10000,43,0.0,0,0.6,0.6,0.3,0,0.5,10,9.5,10,rrt_20260807_065440_640.png
20260807_065442_304,2026-08-07 06:54:42,False,10000,88,0.0,0,0.6,0.6,0.3,0,0.5,10,9.5,10,rrt_20260807_065442_304.png
20260807_065444_065,2026-08-07 06:54:44,False,10000,83,0.0,0,0.6,0.6,0.3,0,0.5,10,9.5,10,rrt_20260807_065444_065.png
20260807_065444_683,2026-08-07 06:54:44,True,808,86,17.4,30,0.6,0.6,0.3,0,0.5,10,9.5,10,rrt_20260807_065444_683.png
20260807_065446_415,2026-08-07 06:54:46,False,10000,79,0.0,0,0.6,0.6,0.3,0,0.5,10,9.5,10,rrt_20260807_065446_415.png
20260807_065448_506,2026-08-07 06:54:48,False,10000,121,0.0,0,0.6,0.6,0.3,0,0.5,10,9.5,10,rrt_20260807_065448_506.png
20260807_065449_718,2026-08-07 06:54:49,False,10000,47,0.0,0,0.6,0.6,0.3,0,0.5,10,9.5,10,rrt_20260807_065449_718.png
20260807_065451_215,2026-08-07 06:54:51,False,10000,65,0.0,0,0.6,0.6,0.3,0,0.5,10,9.5,10,rrt_20260807_065451_215.png
20260807_065453_290,2026-08-07 06:54:53,False,10000,95,0.0,0,0.6,0.6,0.3,0,0.5,10,9.5,10,rrt_20260807_065453_290.png
20260807_065454_656,2026-08-07 06:54:54,False,10000,50,0.0,0,0.6,0.6,0.3,0,0.5,10,9.5,10,rrt_20260807_065454_656.png
20260807_065455_454,2026-08-07 06:54:55,True,1341,90,18.441185440123114,32,0.6,0.6,0.3,0,0.5,10,9.5,10,rrt_20260807_065455_454.png
20260807_065456_839,2026-08-07 06:54:56,False,10000,43,0.0,0,0.6,0.6,0.3,0,0.5,10,9.5,10,rrt_20260807_065456_839.png
20260807_065457_335,2026-08-07 06:54:57,True,207,53,18.6,32,0.6,0.6,0.3,0,0.5,10,9.5,10,rrt_20260807_065457_335.png
20260807_065459_008,2026-08-07 06:54:59,False,10000,88,0.0,0,0.6,0.6,0.3,0,0.5,10,9.5,10,rrt_20260807_065459_008.png
20260807_065501_126,2026-08-07 06:55:01,False,10000,119,0.0,0,0.6,0.6,0.3,0,0.5,10,9.5,10,rrt_20260807_065501_126.png
20260807_065502_252,2026-08-07 06:55:02,False,10000,36,0.0,0,0.6,0.6,0.3,0,0.5,10,9.5,10,rrt_20260807_065502_252.png
20260807_065503_317,2026-08-07 06:55:03,False,10000,37,0.0,0,0.6,0.6,0.3,0,0.5,10,9.5,10,rrt_20260807_065503_317.png
20260807_065505_276,2026-08-07 06:55:05,False,10000,83,0.0,0,0.6,0.6,0.3,0,0.5,10,9.5,10,rrt_20260807_065505_276.png
20260807_065506_933,2026-08-07 06:55:06,False,10000,83,0.0,0,0.6,0.6,0.3,0,0.5,10,9.5,10,rrt_20260807_065506_933.png
20260807_065508_703,2026-08-07 06:55:08,False,10000,89,0.0,0,0.6,0.6,0.3,0,0.5,10,9.5,10,rrt_20260807_065508_703.png
20260807_065510_868,2026-08-07 06:55:10,False,10000,128,0.0,0,0.6,0.6,0.3,0,0.5,10,9.5,10,rrt_20260807_065510_868.png
20260807_065512_718,2026-08-07 06:55:12,False,10000,102,0.0,0,0.6,0.6,0.3,0,0.5,10,9.5,10,rrt_20260807_065512_718.png
20260807_065514_218,2026-08-07 06:55:14,False,10000,66,0.0,0,0.6,0.6,0.3,0,0.5,10,9.5,10,rrt_20260807_065514_218.png
20260807_065515_709,2026-08-07 06:55:15,False,10000,61,0.0,0,0.6,0.6,0.3,0,0.5,10,9.5,10,rrt_20260807_065515_709.png
20260807_065517_542,2026-08-07 06:55:17,False,10000,89,0.0,0,0.6,0.6,0.3,0,0.5,10,9.5,10,rrt_20260807_065517_542.png
20260807_065519_185,2026-08-07 06:55:19,False,10000,85,0.0,0,0.6,0.6,0.3,0,0.5,10,9.5,10,rrt_20260807_065519_185.png
20260807_065521_503,2026-08-07 06:55:21,False,10000,87,0.0,0,0.6,0.6,0.3,0,0.5,10,9.5,10,rrt_20260807_065521_503.png
20260807_065523_650,2026-08-07 06:55:23,False,10000,120,0.0,0,0.6,0.6,0.3,0,0.5,10,9.5,10,rrt_20260807_065523_650.png
20260807_065525_672,2026-08-07 06:55:25,False,10000,99,0.0,0,0.6,0.6,0.3,0,0.5,10,9.5,10,rrt_20260807_065525_672.png
20260807_065527_310,2026-08-07 06:55:27,False,10000,85,0.0,0,0.6,0.6,0.3,0,0.5,10,9.5,10,rrt_20260807_065527_310.png
20260807_065527_930,2026-08-07 06:55:27,True,1193,87,21.000000000000007,36,0.6,0.6,0.3,0,0.5,10,9.5,10,rrt_20260807_065527_930.png
20260807_065529_584,2026-08-07 06:55:29,False,10000,77,0.0,0,0.6,0.6,0.3,0,0.5,10,9.5,10,rrt_20260807_065529_584.png
20260807_065531_420,2026-08-07 06:55:31,False,10000,93,0.0,0,0.6,0.6,0.3,0,0.5,10,9.5,10,rrt_20260807_065531_420.png
20260807_065533_157,2026-08-07 06:55:33,False,10000,88,0.0,0,0.6,0.6,0.3,0,0.5,10,9.5,10,rrt_20260807_065533_157.png
20260807_065533_728,2026-08-07 06:55:33,True,427,65,17.83579980678913,31,0.6,0.6,0.3,0,0.5,10,9.5,10,rrt_20260807_065533_728.png
20260807_065534_526,2026-08-07 06:55:34,True,267,70,17.129344580398516,30,0.6,0.6,0.3,0,0.5,10,9.5,10,rrt_20260807_065534_526.png
20260807_065535_723,2026-08-07 06:55:35,False,10000,37,0.0,0,0.6,0.6,0.3,0,0.5,10,9.5,10,rrt_20260807_065535_723.png
20260807_065537_154,2026-08-07 06:55:37,False,10000,67,0.0,0,0.6,0.6,0.3,0,0.5,10,9.5,10,rrt_20260807_065537_154.png
20260807_065537_795,2026-08-07 06:55:37,True,1428,78,17.278770016254285,30,0.6,0.6,0.3,0,0.5,10,9.5,10,rrt_20260807_065537_795.png
20260807_065539_193,2026-08-07 06:55:39,False,10000,60,0.0,0,0.6,0.6,0.3,0,0.5,10,9.5,10,rrt_20260807_065539_193.png
20260807_065541_119,2026-08-07 06:55:41,False,10000,93,0.0,0,0.6,0.6,0.3,0,0.5,10,9.5,10,rrt_20260807_065541_119.png
20260807_065542_886,2026-08-07 06:55:42,False,10000,94,0.0,0,0.6,0.6,0.3,0,0.5,10,9.5,10,rrt_20260807_065542_886.png
20260807_065544_572,2026-08-07 06:55:44,False,10000,82,0.0,0,0.6,0.6,0.3,0,0.5,10,9.5,10,rrt_20260807_065544_572.png
20260807_065545_195,2026-08-07 06:55:45,True,630,89,17.904378030341896,31,0.6,0.6,0.3,0,0.5,10,9.5,10,rrt_20260807_065545_195.png
20260807_065546_974,2026-08-07 06:55:46,False,10000,74,0.0,0,0.6,0.6,0.3,0,0.5,10,9.5,10,rrt_20260807_065546_974.png
20260807_065548_795,2026-08-07 06:55:48,False,10000,102,0.0,0,0.6,0.6,0.3,0,0.5,10,9.5,10,rrt_20260807_065548_795.png
20260807_065549_619,2026-08-07 06:55:49,True,788,73,19.200000000000003,33,0.6,0.6,0.3,0,0.5,10,9.5,10,rrt_20260807_065549_619.png
20260807_065550_826,2026-08-07 06:55:50,False,10000,46,0.0,0,0.6,0.6,0.3,0,0.5,10,9.5,10,rrt_20260807_065550_826.png
20260807_065551_359,2026-08-07 06:55:51,True,565,76,19.800000000000008,34,0.6,0.6,0.3,0,0.5,10,9.5,10,rrt_20260807_065551_359.png
20260807_065553_295,2026-08-07 06:55:53,False,10000,103,0.0,0,0.6,0.6,0.3,0,0.5,10,9.5,10,rrt_20260807_065553_295.png
20260807_065554_940,2026-08-07 06:55:54,False,10000,71,0.0,0,0.6,0.6,0.3,0,0.5,10,9.5,10,rrt_20260807_065554_940.png
20260807_065556_236,2026-08-07 06:55:56,False,10000,50,0.0,0,0.6,0.6,0.3,0,0.5,10,9.5,10,rrt_20260807_065556_236.png
20260807_065557_416,2026-08-07 06:55:57,False,10000,42,0.0,0,0.6,0.6,0.3,0,0.5,10,9.5,10,rrt_20260807_065557_416.png
20260807_065558_252,2026-08-07 06:55:58,True,1126,99,21.000000000000007,36,0.6,0.7,0.3,0,0.5,10,9.5,10,rrt_20260807_065558_252.png
20260807_065559_627,2026-08-07 06:55:59,False,10000,58,0.0,0,0.6,0.7,0.3,0,0.5,10,9.5,10,rrt_20260807_065559_627.png
20260807_065601_391,2026-08-07 06:56:01,False,10000,79,0.0,0,0.6,0.7,0.3,0,0.5,10,9.5,10,rrt_20260807_065601_391.png
20260807_065602_996,2026-08-07 06:56:02,False,10000,79,0.0,0,0.6,0.7,0.3,0,0.5,10,9.5,10,rrt_20260807_065602_996.png
20260807_065605_061,2026-08-07 06:56:05,False,10000,113,0.0,0,0.6,0.7,0.3,0,0.5,10,9.5,10,rrt_20260807_065605_061.png
20260807_065606_269,2026-08-07 06:56:06,False,10000,40,0.0,0,0.6,0.7,0.3,0,0.5,10,9.5,10,rrt_20260807_065606_269.png
20260807_065608_137,2026-08-07 06:56:08,False,10000,91,0.0,0,0.6,0.7,0.3,0,0.5,10,9.5,10,rrt_20260807_065608_137.png
20260807_065610_040,2026-08-07 06:56:10,False,10000,106,0.0,0,0.6,0.7,0.3,0,0.5,10,9.5,10,rrt_20260807_065610_040.png
20260807_065611_733,2026-08-07 06:56:11,False,10000,79,0.0,0,0.6,0.7,0.3,0,0.5,10,9.5,10,rrt_20260807_065611_733.png
20260807_065613_612,2026-08-07 06:56:13,False,10000,75,0.0,0,0.6,0.7,0.3,0,0.5,10,9.5,10,rrt_20260807_065613_612.png
20260807_065614_201,2026-08-07 06:56:14,True,543,73,16.759090419538225,29,0.6,0.7,0.3,0,0.5,10,9.5,10,rrt_20260807_065614_201.png
20260807_065615_592,2026-08-07 06:56:15,False,10000,38,0.0,0,0.6,0.7,0.3,0,0.5,10,9.5,10,rrt_20260807_065615_592.png
20260807_065616_261,2026-08-07 06:56:16,True,411,74,19.622064462796775,34,0.6,0.7,0.3,0,0.5,10,9.5,10,rrt_20260807_065616_261.png
20260807_065618_171,2026-08-07 06:56:18,False,10000,91,0.0,0,0.6,0.7,0.3,0,0.5,10,9.5,10,rrt_20260807_065618_171.png
20260807_065620_081,2026-08-07 06:56:20,False,10000,93,0.0,0,0.6,0.7,0.3,0,0.5,10,9.5,10,rrt_20260807_065620_081.png
20260807_065621_820,2026-08-07 06:56:21,False,10000,71,0.0,0,0.6,0.7,0.3,0,0.5,10,9.5,10,rrt_20260807_065621_820.png
20260807_065623_480,2026-08-07 06:56:23,False,10000,62,0.0,0,0.6,0.7,0.3,0,0.5,10,9.5,10,rrt_20260807_065623_480.png
20260807_065625_384,2026-08-07 06:56:25,False,10000,60,0.0,0,0.6,0.7,0.3,0,0.5,10,9.5,10,rrt_20260807_065625_384.png
20260807_065627_105,2026-08-07 06:56:27,False,10000,84,0.0,0,0.6,0.7,0.3,0,0.5,10,9.5,10,rrt_20260807_065627_105.png
20260807_065628_660,2026-08-07 06:56:28,False,10000,69,0.0,0,0.6,0.7,0.3,0,0.5,10,9.5,10,rrt_20260807_065628_660.png
20260807_065630_326,2026-08-07 06:56:30,False,10000,79,0.0,0,0.6,0.7,0.3,0,0.5,10,9.5,10,rrt_20260807_065630_326.png
20260807_065630_849,2026-08-07 06:56:30,True,154,50,18.0,31,0.6,0.7,0.3,0,0.5,10,9.5,10,rrt_20260807_065630_849.png
20260807_065631_373,2026-08-07 06:56:31,True,560,75,19.199999999999992,33,0.6,0.7,0.3,0,0.5,10,9.5,10,rrt_20260807_065631_373.png
20260807_065632_959,2026-08-07 06:56:32,False,10000,81,0.0,0,0.6,0.7,0.3,0,0.5,10,9.5,10,rrt_20260807_065632_959.png
20260807_065634_656,2026-08-07 06:56:34,False,10000,81,0.0,0,0.6,0.7,0.3,0,0.5,10,9.5,10,rrt_20260807_065634_656.png
20260807_065636_494,2026-08-07 06:56:36,False,10000,94,0.0,0,0.6,0.7,0.3,0,0.5,10,9.5,10,rrt_20260807_065636_494.png
20260807_065637_456,2026-08-07 06:56:37,True,950,100,18.43368072462383,32,0.6,0.7,0.3,0,0.5,10,9.5,10,rrt_20260807_065637_456.png
20260807_065639_267,2026-08-07 06:56:39,False,10000,87,0.0,0,0.6,0.7,0.3,0,0.5,10,9.5,10,rrt_20260807_065639_267.png
20260807_065641_014,2026-08-07 06:56:41,False,10000,89,0.0,0,0.6,0.7,0.3,0,0.5,10,9.5,10,rrt_20260807_065641_014.png
20260807_065642_966,2026-08-07 06:56:42,False,10000,108,0.0,0,0.6,0.7,0.3,0,0.5,10,9.5,10,rrt_20260807_065642_966.png
20260807_065644_673,2026-08-07 06:56:44,False,10000,69,0.0,0,0.6,0.7,0.3,0,0.5,10,9.5,10,rrt_20260807_065644_673.png
20260807_065645_369,2026-08-07 06:56:45,True,328,56,20.256163363096494,35,0.6,0.7,0.3,0,0.5,10,9.5,10,rrt_20260807_065645_369.png
20260807_065645_856,2026-08-07 06:56:45,True,264,81,18.540060033776392,32,0.6,0.7,0.3,0,0.5,10,9.5,10,rrt_20260807_065645_856.png
20260807_065647_127,2026-08-07 06:56:47,False,10000,43,0.0,0,0.6,0.7,0.3,0,0.5,10,9.5,10,rrt_20260807_065647_127.png
20260807_065648_785,2026-08-07 06:56:48,False,10000,82,0.0,0,0.6,0.7,0.3,0,0.5,10,9.5,10,rrt_20260807_065648_785.png
20260807_065649_615,2026-08-07 06:56:49,True,797,76,18.503965309018344,32,0.6,0.7,0.3,0,0.5,10,9.5,10,rrt_20260807_065649_615.png
20260807_065651_160,2026-08-07 06:56:51,False,10000,67,0.0,0,0.6,0.7,0.3,0,0.5,10,9.5,10,rrt_20260807_065651_160.png
20260807_065653_129,2026-08-07 06:56:53,False,10000,105,0.0,0,0.6,0.7,0.3,0,0.5,10,9.5,10,rrt_20260807_065653_129.png
20260807_065654_764,2026-08-07 06:56:54,False,10000,81,0.0,0,0.6,0.7,0.3,0,0.5,10,9.5,10,rrt_20260807_065654_764.png
20260807_065656_186,2026-08-07 06:56:56,False,10000,55,0.0,0,0.6,0.7,0.3,0,0.5,10,9.5,10,rrt_20260807_065656_186.png
20260807_065656_699,2026-08-07 06:56:56,True,113,44,17.39999999999999,30,0.6,0.7,0.3,0,0.5,10,9.5,10,rrt_20260807_065656_699.png
20260807_065658_492,2026-08-07 06:56:58,False,10000,100,0.0,0,0.6,0.7,0.3,0,0.5,10,9.5,10,rrt_20260807_065658_492.png
20260807_065700_134,2026-08-07 06:57:00,False,10000,80,0.0,0,0.6,0.7,0.3,0,0.5,10,9.5,10,rrt_20260807_065700_134.png
20260807_065701_817,2026-08-07 06:57:01,False,10000,80,0.0,0,0.6,0.7,0.3,0,0.5,10,9.5,10,rrt_20260807_065701_817.png
20260807_065703_868,2026-08-07 06:57:03,False,10000,89,0.0,0,0.6,0.7,0.3,0,0.5,10,9.5,10,rrt_20260807_065703_868.png
20260807_065705_346,2026-08-07 06:57:05,False,10000,65,0.0,0,0.6,0.7,0.3,0,0.5,10,9.5,10,rrt_20260807_065705_346.png
20260807_065706_979,2026-08-07 06:57:06,False,10000,59,0.0,0,0.6,0.7,0.3,0,0.5,10,9.5,10,rrt_20260807_065706_979.png
20260807_065708_602,2026-08-07 06:57:08,False,10000,76,0.0,0,0.6,0.7,0.3,0,0.5,10,9.5,10,rrt_20260807_065708_602.png
20260807_065710_228,2026-08-07 06:57:10,False,10000,73,0.0,0,0.6,0.7,0.3,0,0.5,10,9.5,10,rrt_20260807_065710_228.png
20260807_065712_433,2026-08-07 06:57:12,False,10000,105,0.0,0,0.6,0.7,0.3,0,0.5,10,9.5,10,rrt_20260807_065712_433.png
20260807_065714_121,2026-08-07 06:57:14,False,10000,70,0.0,0,0.6,0.7,0.3,0,0.5,10,9.5,10,rrt_20260807_065714_121.png
20260807_065715_790,2026-08-07 06:57:15,False,10000,63,0.0,0,0.6,0.7,0.3,0,0.5,10,9.5,10,rrt_20260807_065715_790.png
20260807_065717_381,2026-08-07 06:57:17,False,10000,68,0.0,0,0.6,0.7,0.3,0,0.5,10,9.5,10,rrt_20260807_065717_381.png
20260807_065718_250,2026-08-07 06:57:18,True,228,60,17.898884308417735,31,0.6,0.7,0.3,0,0.5,10,9.5,10,rrt_20260807_065718_250.png
20260807_065719_421,2026-08-07 06:57:19,False,10000,45,0.0,0,0.6,0.7,0.3,0,0.5,10,9.5,10,rrt_20260807_065719_421.png
20260807_065721_228,2026-08-07 06:57:21,False,10000,95,0.0,0,0.6,0.7,0.3,0,0.5,10,9.5,10,rrt_20260807_065721_228.png
20260807_065722_798,2026-08-07 06:57:22,False,10000,72,0.0,0,0.6,0.7,0.3,0,0.5,10,9.5,10,rrt_20260807_065722_798.png
20260807_065724_502,2026-08-07 06:57:24,False,10000,79,0.0,0,0.6,0.7,0.3,0,0.5,10,9.5,10,rrt_20260807_065724_502.png
20260807_065725_662,2026-08-07 06:57:25,False,10000,38,0.0,0,0.6,0.7,0.3,0,0.5,10,9.5,10,rrt_20260807_065725_662.png
20260807_065726_804,2026-08-07 06:57:26,False,10000,39,0.0,0,0.6,0.7,0.3,0,0.5,10,9.5,10,rrt_20260807_065726_804.png
20260807_065728_226,2026-08-07 06:57:28,False,10000,60,0.0,0,0.6,0.7,0.3,0,0.5,10,9.5,10,rrt_20260807_065728_226.png
20260807_065730_116,2026-08-07 06:57:30,False,10000,86,0.0,0,0.6,0.7,0.3,0,0.5,10,9.5,10,rrt_20260807_065730_116.png
20260807_065732_339,2026-08-07 06:57:32,False,10000,99,0.0,0,0.6,0.7,0.3,0,0.5,10,9.5,10,rrt_20260807_065732_339.png
20260807_065734_172,2026-08-07 06:57:34,False,10000,95,0.0,0,0.6,0.7,0.3,0,0.5,10,9.5,10,rrt_20260807_065734_172.png
20260807_065735_802,2026-08-07 06:57:35,False,10000,80,0.0,0,0.6,0.7,0.3,0,0.5,10,9.5,10,rrt_20260807_065735_802.png
20260807_065737_351,2026-08-07 06:57:37,False,10000,70,0.0,0,0.6,0.7,0.3,0,0.5,10,9.5,10,rrt_20260807_065737_351.png
20260807_065737_974,2026-08-07 06:57:37,True,429,64,18.6,32,0.6,0.7,0.3,0,0.5,10,9.5,10,rrt_20260807_065737_974.png
20260807_065739_898,2026-08-07 06:57:39,False,10000,113,0.0,0,0.6,0.7,0.3,0,0.5,10,9.5,10,rrt_20260807_065739_898.png
20260807_065741_048,2026-08-07 06:57:41,False,10000,38,0.0,0,0.6,0.7,0.3,0,0.5,10,9.5,10,rrt_20260807_065741_048.png
20260807_065742_528,2026-08-07 06:57:42,False,10000,64,0.0,0,0.6,0.7,0.3,0,0.5,10,9.5,10,rrt_20260807_065742_528.png
20260807_065744_311,2026-08-07 06:57:44,False,10000,84,0.0,0,0.6,0.7,0.3,0,0.5,10,9.5,10,rrt_20260807_065744_311.png
20260807_065746_313,2026-08-07 06:57:46,False,10000,76,0.0,0,0.6,0.7,0.3,0,0.5,10,9.5,10,rrt_20260807_065746_313.png
20260807_065748_335,2026-08-07 06:57:48,False,10000,116,0.0,0,0.6,0.7,0.3,0,0.5,10,9.5,10,rrt_20260807_065748_335.png
20260807_065749_932,2026-08-07 06:57:49,False,10000,75,0.0,0,0.6,0.7,0.3,0,0.5,10,9.5,10,rrt_20260807_065749_932.png
20260807_065751_575,2026-08-07 06:57:51,False,10000,79,0.0,0,0.6,0.7,0.3,0,0.5,10,9.5,10,rrt_20260807_065751_575.png
20260807_065753_535,2026-08-07 06:57:53,False,10000,93,0.0,0,0.6,0.7,0.3,0,0.5,10,9.5,10,rrt_20260807_065753_535.png
20260807_065755_297,2026-08-07 06:57:55,False,10000,91,0.0,0,0.6,0.7,0.3,0,0.5,10,9.5,10,rrt_20260807_065755_297.png
20260807_065757_142,2026-08-07 06:57:57,False,10000,79,0.0,0,0.6,0.7,0.3,0,0.5,10,9.5,10,rrt_20260807_065757_142.png
20260807_065758_973,2026-08-07 06:57:58,False,10000,95,0.0,0,0.6,0.7,0.3,0,0.5,10,9.5,10,rrt_20260807_065758_973.png
20260807_065800_576,2026-08-07 06:58:00,False,10000,39,0.0,0,0.6,0.7,0.3,0,0.5,10,9.5,10,rrt_20260807_065800_576.png
20260807_065801_914,2026-08-07 06:58:01,False,10000,43,0.0,0,0.6,0.7,0.3,0,0.5,10,9.5,10,rrt_20260807_065801_914.png
20260807_065803_743,2026-08-07 06:58:03,False,10000,84,0.0,0,0.6,0.7,0.3,0,0.5,10,9.5,10,rrt_20260807_065803_743.png
20260807_065805_330,2026-08-07 06:58:05,False,10000,75,0.0,0,0.6,0.7,0.3,0,0.5,10,9.5,10,rrt_20260807_065805_330.png
20260807_065806_860,2026-08-07 06:58:06,False,10000,66,0.0,0,0.6,0.7,0.3,0,0.5,10,9.5,10,rrt_20260807_065806_860.png
20260807_065807_411,2026-08-07 06:58:07,True,779,61,20.313257609138766,35,0.6,0.7,0.3,0,0.5,10,9.5,10,rrt_20260807_065807_411.png
20260807_065808_775,2026-08-07 06:58:08,False,10000,40,0.0,0,0.6,0.7,0.3,0,0.5,10,9.5,10,rrt_20260807_065808_775.png
20260807_065810_745,2026-08-07 06:58:10,False,10000,97,0.0,0,0.6,0.7,0.3,0,0.5,10,9.5,10,rrt_20260807_065810_745.png
20260807_065812_794,2026-08-07 06:58:12,False,10000,106,0.0,0,0.6,0.7,0.3,0,0.5,10,9.5,10,rrt_20260807_065812_794.png
20260807_065814_937,2026-08-07 06:58:14,False,10000,96,0.0,0,0.6,0.7,0.3,0,0.5,10,9.5,10,rrt_20260807_065814_937.png
20260807_065816_655,2026-08-07 06:58:16,False,10000,74,0.0,0,0.6,0.7,0.3,0,0.5,10,9.5,10,rrt_20260807_065816_655.png
20260807_065818_825,2026-08-07 06:58:18,False,10000,117,0.0,0,0.6,0.7,0.3,0,0.5,10,9.5,10,rrt_20260807_065818_825.png
20260807_065820_566,2026-08-07 06:58:20,False,10000,91,0.0,0,0.6,0.7,0.3,0,0.5,10,9.5,10,rrt_20260807_065820_566.png
20260807_065821_235,2026-08-07 06:58:21,True,1616,67,19.2,33,0.6,0.7,0.3,0,0.5,10,9.5,10,rrt_20260807_065821_235.png
20260807_065821_753,2026-08-07 06:58:21,True,562,81,19.58745448576152,34,0.6,0.7,0.3,0,0.5,10,9.5,10,rrt_20260807_065821_753.png
20260807_065823_432,2026-08-07 06:58:23,False,10000,86,0.0,0,0.6,0.7,0.3,0,0.5,10,9.5,10,rrt_20260807_065823_432.png
20260807_065825_169,2026-08-07 06:58:25,False,10000,93,0.0,0,0.6,0.7,0.3,0,0.5,10,9.5,10,rrt_20260807_065825_169.png
20260807_065826_702,2026-08-07 06:58:26,False,10000,70,0.0,0,0.6,0.7,0.3,0,0.5,10,9.5,10,rrt_20260807_065826_702.png
20260807_065828_409,2026-08-07 06:58:28,False,10000,41,0.0,0,0.6,0.7,0.3,0,0.5,10,9.5,10,rrt_20260807_065828_409.png
20260807_065830_144,2026-08-07 06:58:30,False,10000,79,0.0,0,0.6,0.7,0.3,0,0.5,10,9.5,10,rrt_20260807_065830_144.png
20260807_065831_631,2026-08-07 06:58:31,False,10000,66,0.0,0,0.6,0.7,0.3,0,0.5,10,9.5,10,rrt_20260807_065831_631.png
20260807_065833_149,2026-08-07 06:58:33,False,10000,69,0.0,0,0.6,0.8,0.3,0,0.5,10,9.5,10,rrt_20260807_065833_149.png
20260807_065834_360,2026-08-07 06:58:34,False,10000,39,0.0,0,0.6,0.8,0.3,0,0.5,10,9.5,10,rrt_20260807_065834_360.png
20260807_065835_921,2026-08-07 06:58:35,False,10000,71,0.0,0,0.6,0.8,0.3,0,0.5,10,9.5,10,rrt_20260807_065835_921.png
20260807_065837_629,2026-08-07 06:58:37,False,10000,71,0.0,0,0.6,0.8,0.3,0,0.5,10,9.5,10,rrt_20260807_065837_629.png
20260807_065839_435,2026-08-07 06:58:39,False,10000,86,0.0,0,0.6,0.8,0.3,0,0.5,10,9.5,10,rrt_20260807_065839_435.png
20260807_065840_041,2026-08-07 06:58:40,True,666,87,17.4,30,0.6,0.8,0.3,0,0.5,10,9.5,10,rrt_20260807_065840_041.png
20260807_065841_920,2026-08-07 06:58:41,False,10000,78,0.0,0,0.6,0.8,0.3,0,0.5,10,9.5,10,rrt_20260807_065841_920.png
20260807_065843_899,2026-08-07 06:58:43,False,10000,107,0.0,0,0.6,0.8,0.3,0,0.5,10,9.5,10,rrt_20260807_065843_899.png
20260807_065844_491,2026-08-07 06:58:44,True,542,61,21.90096225001809,38,0.6,0.8,0.3,0,0.5,10,9.5,10,rrt_20260807_065844_491.png
20260807_065846_065,2026-08-07 06:58:46,False,10000,61,0.0,0,0.6,0.8,0.3,0,0.5,10,9.5,10,rrt_20260807_065846_065.png
20260807_065846_594,2026-08-07 06:58:46,True,231,59,17.399999999999995,30,0.6,0.8,0.3,0,0.5,10,9.5,10,rrt_20260807_065846_594.png
20260807_065847_167,2026-08-07 06:58:47,True,1015,94,18.6,32,0.6,0.8,0.3,0,0.5,10,9.5,10,rrt_20260807_065847_167.png
20260807_065848_784,2026-08-07 06:58:48,False,10000,85,0.0,0,0.6,0.8,0.3,0,0.5,10,9.5,10,rrt_20260807_065848_784.png
20260807_065850_352,2026-08-07 06:58:50,False,10000,72,0.0,0,0.6,0.8,0.3,0,0.5,10,9.5,10,rrt_20260807_065850_352.png
20260807_065851_844,2026-08-07 06:58:51,False,10000,69,0.0,0,0.6,0.8,0.3,0,0.5,10,9.5,10,rrt_20260807_065851_844.png
20260807_065853_770,2026-08-07 06:58:53,False,10000,81,0.0,0,0.6,0.8,0.3,0,0.5,10,9.5,10,rrt_20260807_065853_770.png
20260807_065854_400,2026-08-07 06:58:54,True,1042,112,17.99999999999999,31,0.6,0.8,0.3,0,0.5,10,9.5,10,rrt_20260807_065854_400.png
20260807_065855_868,2026-08-07 06:58:55,False,10000,66,0.0,0,0.6,0.8,0.3,0,0.5,10,9.5,10,rrt_20260807_065855_868.png
20260807_065857_421,2026-08-07 06:58:57,False,10000,63,0.0,0,0.6,0.8,0.3,0,0.5,10,9.5,10,rrt_20260807_065857_421.png
20260807_065859_113,2026-08-07 06:58:59,False,10000,70,0.0,0,0.6,0.8,0.3,0,0.5,10,9.5,10,rrt_20260807_065859_113.png
20260807_065900_767,2026-08-07 06:59:00,False,10000,60,0.0,0,0.6,0.8,0.3,0,0.5,10,9.5,10,rrt_20260807_065900_767.png
20260807_065902_841,2026-08-07 06:59:02,False,10000,107,0.0,0,0.6,0.8,0.3,0,0.5,10,9.5,10,rrt_20260807_065902_841.png
20260807_065904_594,2026-08-07 06:59:04,False,10000,88,0.0,0,0.6,0.8,0.3,0,0.5,10,9.5,10,rrt_20260807_065904_594.png
20260807_065906_192,2026-08-07 06:59:06,False,10000,73,0.0,0,0.6,0.8,0.3,0,0.5,10,9.5,10,rrt_20260807_065906_192.png
20260807_065907_916,2026-08-07 06:59:07,False,10000,67,0.0,0,0.6,0.8,0.3,0,0.5,10,9.5,10,rrt_20260807_065907_916.png
20260807_065909_428,2026-08-07 06:59:09,False,10000,69,0.0,0,0.6,0.8,0.3,0,0.5,10,9.5,10,rrt_20260807_065909_428.png
20260807_065911_121,2026-08-07 06:59:11,False,10000,81,0.0,0,0.6,0.8,0.3,0,0.5,10,9.5,10,rrt_20260807_065911_121.png
20260807_065913_009,2026-08-07 06:59:13,False,10000,95,0.0,0,0.6,0.8,0.3,0,0.5,10,9.5,10,rrt_20260807_065913_009.png
20260807_065914_536,2026-08-07 06:59:14,False,10000,66,0.0,0,0.6,0.8,0.3,0,0.5,10,9.5,10,rrt_20260807_065914_536.png
20260807_065915_117,2026-08-07 06:59:15,True,366,76,19.199999999999992,33,0.6,0.8,0.3,0,0.5,10,9.5,10,rrt_20260807_065915_117.png
20260807_065916_465,2026-08-07 06:59:16,False,10000,49,0.0,0,0.6,0.8,0.3,0,0.5,10,9.5,10,rrt_20260807_065916_465.png
20260807_065917_923,2026-08-07 06:59:17,False,10000,60,0.0,0,0.6,0.8,0.3,0,0.5,10,9.5,10,rrt_20260807_065917_923.png
20260807_065919_690,2026-08-07 06:59:19,False,10000,92,0.0,0,0.6,0.8,0.3,0,0.5,10,9.5,10,rrt_20260807_065919_690.png
20260807_065920_689,2026-08-07 06:59:20,True,1554,100,18.6,32,0.6,0.8,0.3,0,0.5,10,9.5,10,rrt_20260807_065920_689.png
20260807_065922_611,2026-08-07 06:59:22,False,10000,91,0.0,0,0.6,0.8,0.3,0,0.5,10,9.5,10,rrt_20260807_065922_611.png
20260807_065924_384,2026-08-07 06:59:24,False,10000,90,0.0,0,0.6,0.8,0.3,0,0.5,10,9.5,10,rrt_20260807_065924_384.png
20260807_065924_958,2026-08-07 06:59:24,True,390,68,19.120603499987183,33,0.6,0.8,0.3,0,0.5,10,9.5,10,rrt_20260807_065924_958.png
20260807_065926_624,2026-08-07 06:59:26,False,10000,82,0.0,0,0.6,0.8,0.3,0,0.5,10,9.5,10,rrt_20260807_065926_624.png
20260807_065928_370,2026-08-07 06:59:28,False,10000,87,0.0,0,0.6,0.8,0.3,0,0.5,10,9.5,10,rrt_20260807_065928_370.png
20260807_065929_860,2026-08-07 06:59:29,False,10000,41,0.0,0,0.6,0.8,0.3,0,0.5,10,9.5,10,rrt_20260807_065929_860.png
20260807_065931_647,2026-08-07 06:59:31,False,10000,94,0.0,0,0.6,0.8,0.3,0,0.5,10,9.5,10,rrt_20260807_065931_647.png
20260807_065933_706,2026-08-07 06:59:33,False,10000,118,0.0,0,0.6,0.8,0.3,0,0.5,10,9.5,10,rrt_20260807_065933_706.png
20260807_065935_657,2026-08-07 06:59:35,False,10000,75,0.0,0,0.6,0.8,0.3,0,0.5,10,9.5,10,rrt_20260807_065935_657.png
20260807_065937_225,2026-08-07 06:59:37,False,10000,72,0.0,0,0.6,0.8,0.3,0,0.5,10,9.5,10,rrt_20260807_065937_225.png
20260807_065938_928,2026-08-07 06:59:38,False,10000,86,0.0,0,0.6,0.8,0.3,0,0.5,10,9.5,10,rrt_20260807_065938_928.png
20260807_065941_031,2026-08-07 06:59:41,False,10000,120,0.0,0,0.6,0.8,0.3,0,0.5,10,9.5,10,rrt_20260807_065941_031.png
20260807_065943_015,2026-08-07 06:59:43,False,10000,114,0.0,0,0.6,0.8,0.3,0,0.5,10,9.5,10,rrt_20260807_065943_015.png
20260807_065944_844,2026-08-07 06:59:44,False,10000,98,0.0,0,0.6,0.8,0.3,0,0.5,10,9.5,10,rrt_20260807_065944_844.png
20260807_065946_277,2026-08-07 06:59:46,False,10000,41,0.0,0,0.6,0.8,0.3,0,0.5,10,9.5,10,rrt_20260807_065946_277.png
20260807_065947_025,2026-08-07 06:59:47,True,1587,100,18.600000000000005,32,0.6,0.8,0.3,0,0.5,10,9.5,10,rrt_20260807_065947_025.png
20260807_065948_837,2026-08-07 06:59:48,False,10000,79,0.0,0,0.6,0.8,0.3,0,0.5,10,9.5,10,rrt_20260807_065948_837.png
20260807_065949_423,2026-08-07 06:59:49,True,691,104,19.800000000000004,34,0.6,0.8,0.3,0,0.5,10,9.5,10,rrt_20260807_065949_423.png
20260807_065951_149,2026-08-07 06:59:51,False,10000,93,0.0,0,0.6,0.8,0.3,0,0.5,10,9.5,10,rrt_20260807_065951_149.png
20260807_065951_798,2026-08-07 06:59:51,True,1222,85,18.0,31,0.6,0.8,0.3,0,0.5,10,9.5,10,rrt_20260807_065951_798.png
20260807_065953_505,2026-08-07 06:59:53,False,10000,86,0.0,0,0.6,0.8,0.3,0,0.5,10,9.5,10,rrt_20260807_065953_505.png
20260807_065955_156,2026-08-07 06:59:55,False,10000,71,0.0,0,0.6,0.8,0.3,0,0.5,10,9.5,10,rrt_20260807_065955_156.png
20260807_065955_686,2026-08-07 06:59:55,True,147,48,16.545104959365155,29,0.6,0.8,0.3,0,0.5,10,9.5,10,rrt_20260807_065955_686.png
20260807_065957_403,2026-08-07 06:59:57,False,10000,82,0.0,0,0.6,0.8,0.3,0,0.5,10,9.5,10,rrt_20260807_065957_403.png
20260807_065958_953,2026-08-07 06:59:58,False,10000,62,0.0,0,0.6,0.8,0.3,0,0.5,10,9.5,10,rrt_20260807_065958_953.png
20260807_070000_619,2026-08-07 07:00:00,False,10000,56,0.0,0,0.6,0.8,0.3,0,0.5,10,9.5,10,rrt_20260807_070000_619.png
20260807_070002_323,2026-08-07 07:00:02,False,10000,84,0.0,0,0.6,0.8,0.3,0,0.5,10,9.5,10,rrt_20260807_070002_323.png
20260807_070004_005,2026-08-07 07:00:04,False,10000,84,0.0,0,0.6,0.8,0.3,0,0.5,10,9.5,10,rrt_20260807_070004_005.png
20260807_070004_546,2026-08-07 07:00:04,True,352,78,19.199999999999996,33,0.6,0.8,0.3,0,0.5,10,9.5,10,rrt_20260807_070004_546.png
20260807_070005_236,2026-08-07 07:00:05,True,558,77,17.399999999999995,30,0.6,0.8,0.3,0,0.5,10,9.5,10,rrt_20260807_070005_236.png
20260807_070005_717,2026-08-07 07:00:05,True,217,58,18.6,32,0.6,0.8,0.3,0,0.5,10,9.5,10,rrt_20260807_070005_717.png
20260807_070006_205,2026-08-07 07:00:06,True,275,54,18.583246800474047,32,0.6,0.8,0.3,0,0.5,10,9.5,10,rrt_20260807_070006_205.png
20260807_070007_872,2026-08-07 07:00:07,False,10000,79,0.0,0,0.6,0.8,0.3,0,0.5,10,9.5,10,rrt_20260807_070007_872.png
20260807_070009_228,2026-08-07 07:00:09,False,10000,43,0.0,0,0.6,0.8,0.3,0,0.5,10,9.5,10,rrt_20260807_070009_228.png
20260807_070010_081,2026-08-07 07:00:10,True,293,66,17.764174983362135,31,0.6,0.8,0.3,0,0.5,10,9.5,10,rrt_20260807_070010_081.png
20260807_070011_850,2026-08-07 07:00:11,False,10000,86,0.0,0,0.6,0.8,0.3,0,0.5,10,9.5,10,rrt_20260807_070011_850.png
20260807_070012_537,2026-08-07 07:00:12,True,1437,96,17.999999999999993,31,0.6,0.8,0.3,0,0.5,10,9.5,10,rrt_20260807_070012_537.png
20260807_070014_250,2026-08-07 07:00:14,False,10000,83,0.0,0,0.6,0.8,0.3,0,0.5,10,9.5,10,rrt_20260807_070014_250.png
20260807_070015_925,2026-08-07 07:00:15,False,10000,65,0.0,0,0.6,0.8,0.3,0,0.5,10,9.5,10,rrt_20260807_070015_925.png
20260807_070017_425,2026-08-07 07:00:17,False,10000,63,0.0,0,0.6,0.8,0.3,0,0.5,10,9.5,10,rrt_20260807_070017_425.png
20260807_070018_945,2026-08-07 07:00:18,False,10000,70,0.0,0,0.6,0.8,0.3,0,0.5,10,9.5,10,rrt_20260807_070018_945.png
20260807_070021_100,2026-08-07 07:00:21,False,10000,127,0.0,0,0.6,0.8,0.3,0,0.5,10,9.5,10,rrt_20260807_070021_100.png
20260807_070021_872,2026-08-07 07:00:21,True,369,65,19.8,34,0.6,0.8,0.3,0,0.5,10,9.5,10,rrt_20260807_070021_872.png
20260807_070022_752,2026-08-07 07:00:22,True,1693,90,19.199999999999996,33,0.6,0.8,0.3,0,0.5,10,9.5,10,rrt_20260807_070022_752.png
20260807_070024_534,2026-08-07 07:00:24,False,10000,87,0.0,0,0.6,0.8,0.3,0,0.5,10,9.5,10,rrt_20260807_070024_534.png
20260807_070025_239,2026-08-07 07:00:25,True,2008,80,17.999999999999996,31,0.6,0.8,0.3,0,0.5,10,9.5,10,rrt_20260807_070025_239.png
20260807_070025_757,2026-08-07 07:00:25,True,144,47,16.783112150058418,29,0.6,0.8,0.3,0,0.5,10,9.5,10,rrt_20260807_070025_757.png
20260807_070027_228,2026-08-07 07:00:27,False,10000,69,0.0,0,0.6,0.8,0.3,0,0.5,10,9.5,10,rrt_20260807_070027_228.png
20260807_070027_814,2026-08-07 07:00:27,True,693,89,18.6,32,0.6,0.8,0.3,0,0.5,10,9.5,10,rrt_20260807_070027_814.png
20260807_070028_354,2026-08-07 07:00:28,True,656,76,19.5559028369115,34,0.6,0.8,0.3,0,0.5,10,9.5,10,rrt_20260807_070028_354.png
20260807_070029_748,2026-08-07 07:00:29,False,10000,53,0.0,0,0.6,0.8,0.3,0,0.5,10,9.5,10,rrt_20260807_070029_748.png
20260807_070031_281,2026-08-07 07:00:31,False,10000,72,0.0,0,0.6,0.8,0.3,0,0.5,10,9.5,10,rrt_20260807_070031_281.png
20260807_070033_329,2026-08-07 07:00:33,False,10000,90,0.0,0,0.6,0.8,0.3,0,0.5,10,9.5,10,rrt_20260807_070033_329.png
20260807_070035_110,2026-08-07 07:00:35,False,10000,85,0.0,0,0.6,0.8,0.3,0,0.5,10,9.5,10,rrt_20260807_070035_110.png
20260807_070036_807,2026-08-07 07:00:36,False,10000,76,0.0,0,0.6,0.8,0.3,0,0.5,10,9.5,10,rrt_20260807_070036_807.png
20260807_070037_333,2026-08-07 07:00:37,True,361,66,17.999999999999996,31,0.6,0.8,0.3,0,0.5,10,9.5,10,rrt_20260807_070037_333.png
20260807_070037_906,2026-08-07 07:00:37,True,1129,93,18.459900754655298,32,0.6,0.8,0.3,0,0.5,10,9.5,10,rrt_20260807_070037_906.png
20260807_070039_302,2026-08-07 07:00:39,False,10000,60,0.0,0,0.6,0.8,0.3,0,0.5,10,9.5,10,rrt_20260807_070039_302.png
20260807_070041_036,2026-08-07 07:00:41,False,10000,67,0.0,0,0.6,0.8,0.3,0,0.5,10,9.5,10,rrt_20260807_070041_036.png
20260807_070041_606,2026-08-07 07:00:41,True,329,62,17.36926336791293,30,0.6,0.8,0.3,0,0.5,10,9.5,10,rrt_20260807_070041_606.png
20260807_070043_249,2026-08-07 07:00:43,False,10000,76,0.0,0,0.6,0.8,0.3,0,0.5,10,9.5,10,rrt_20260807_070043_249.png
20260807_070044_161,2026-08-07 07:00:44,True,1700,95,17.999999999999993,31,0.6,0.8,0.3,0,0.5,10,9.5,10,rrt_20260807_070044_161.png
20260807_070045_911,2026-08-07 07:00:45,False,10000,82,0.0,0,0.6,0.8,0.3,0,0.5,10,9.5,10,rrt_20260807_070045_911.png
20260807_070047_511,2026-08-07 07:00:47,False,10000,68,0.0,0,0.6,0.8,0.3,0,0.5,10,9.5,10,rrt_20260807_070047_511.png
20260807_070049_632,2026-08-07 07:00:49,False,10000,125,0.0,0,0.6,0.8,0.3,0,0.5,10,9.5,10,rrt_20260807_070049_632.png
20260807_070051_445,2026-08-07 07:00:51,False,10000,95,0.0,0,0.6,0.8,0.3,0,0.5,10,9.5,10,rrt_20260807_070051_445.png
20260807_070053_156,2026-08-07 07:00:53,False,10000,87,0.0,0,0.6,0.9,0.3,0,0.5,10,9.5,10,rrt_20260807_070053_156.png
20260807_070055_132,2026-08-07 07:00:55,False,10000,108,0.0,0,0.6,0.9,0.3,0,0.5,10,9.5,10,rrt_20260807_070055_132.png
20260807_070056_265,2026-08-07 07:00:56,False,10000,35,0.0,0,0.6,0.9,0.3,0,0.5,10,9.5,10,rrt_20260807_070056_265.png
20260807_070057_952,2026-08-07 07:00:57,False,10000,86,0.0,0,0.6,0.9,0.3,0,0.5,10,9.5,10,rrt_20260807_070057_952.png
20260807_070058_798,2026-08-07 07:00:58,True,456,96,18.0,31,0.6,0.9,0.3,0,0.5,10,9.5,10,rrt_20260807_070058_798.png
20260807_070100_424,2026-08-07 07:01:00,False,10000,77,0.0,0,0.6,0.9,0.3,0,0.5,10,9.5,10,rrt_20260807_070100_424.png
20260807_070100_999,2026-08-07 07:01:00,True,360,74,17.820191103875143,31,0.6,0.9,0.3,0,0.5,10,9.5,10,rrt_20260807_070100_999.png
20260807_070101_743,2026-08-07 07:01:01,True,795,123,18.0,31,0.6,0.9,0.3,0,0.5,10,9.5,10,rrt_20260807_070101_743.png
20260807_070103_647,2026-08-07 07:01:03,False,10000,108,0.0,0,0.6,0.9,0.3,0,0.5,10,9.5,10,rrt_20260807_070103_647.png
20260807_070105_154,2026-08-07 07:01:05,False,10000,63,0.0,0,0.6,0.9,0.3,0,0.5,10,9.5,10,rrt_20260807_070105_154.png
20260807_070106_793,2026-08-07 07:01:06,False,10000,83,0.0,0,0.6,0.9,0.3,0,0.5,10,9.5,10,rrt_20260807_070106_793.png
20260807_070108_093,2026-08-07 07:01:08,False,10000,52,0.0,0,0.6,0.9,0.3,0,0.5,10,9.5,10,rrt_20260807_070108_093.png
20260807_070109_874,2026-08-07 07:01:09,False,10000,69,0.0,0,0.6,0.9,0.3,0,0.5,10,9.5,10,rrt_20260807_070109_874.png
20260807_070110_588,2026-08-07 07:01:10,True,363,75,17.999999999999996,31,0.6,0.9,0.3,0,0.5,10,9.5,10,rrt_20260807_070110_588.png
20260807_070111_229,2026-08-07 07:01:11,True,514,88,17.999999999999993,31,0.6,0.9,0.3,0,0.5,10,9.5,10,rrt_20260807_070111_229.png
20260807_070112_800,2026-08-07 07:01:12,False,10000,76,0.0,0,0.6,0.9,0.3,0,0.5,10,9.5,10,rrt_20260807_070112_800.png
20260807_070114_399,2026-08-07 07:01:14,False,10000,76,0.0,0,0.6,0.9,0.3,0,0.5,10,9.5,10,rrt_20260807_070114_399.png
20260807_070115_673,2026-08-07 07:01:15,False,10000,38,0.0,0,0.6,0.9,0.3,0,0.5,10,9.5,10,rrt_20260807_070115_673.png
20260807_070117_202,2026-08-07 07:01:17,False,10000,67,0.0,0,0.6,0.9,0.3,0,0.5,10,9.5,10,rrt_20260807_070117_202.png
20260807_070118_757,2026-08-07 07:01:18,False,10000,70,0.0,0,0.6,0.9,0.3,0,0.5,10,9.5,10,rrt_20260807_070118_757.png
20260807_070120_333,2026-08-07 07:01:20,False,10000,70,0.0,0,0.6,0.9,0.3,0,0.5,10,9.5,10,rrt_20260807_070120_333.png
20260807_070122_686,2026-08-07 07:01:22,False,10000,102,0.0,0,0.6,0.9,0.3,0,0.5,10,9.5,10,rrt_20260807_070122_686.png
20260807_070124_670,2026-08-07 07:01:24,False,10000,110,0.0,0,0.6,0.9,0.3,0,0.5,10,9.5,10,rrt_20260807_070124_670.png
20260807_070126_267,2026-08-07 07:01:26,False,10000,72,0.0,0,0.6,0.9,0.3,0,0.5,10,9.5,10,rrt_20260807_070126_267.png
20260807_070128_180,2026-08-07 07:01:28,False,10000,91,0.0,0,0.6,0.9,0.3,0,0.5,10,9.5,10,rrt_20260807_070128_180.png
20260807_070129_847,2026-08-07 07:01:29,False,10000,80,0.0,0,0.6,0.9,0.3,0,0.5,10,9.5,10,rrt_20260807_070129_847.png
20260807_070131_094,2026-08-07 07:01:31,False,10000,42,0.0,0,0.6,0.9,0.3,0,0.5,10,9.5,10,rrt_20260807_070131_094.png
20260807_070132_744,2026-08-07 07:01:32,False,10000,76,0.0,0,0.6,0.9,0.3,0,0.5,10,9.5,10,rrt_20260807_070132_744.png
20260807_070133_865,2026-08-07 07:01:33,False,10000,32,0.0,0,0.6,0.9,0.3,0,0.5,10,9.5,10,rrt_20260807_070133_865.png
20260807_070135_415,2026-08-07 07:01:35,False,10000,68,0.0,0,0.6,0.9,0.3,0,0.5,10,9.5,10,rrt_20260807_070135_415.png
20260807_070137_021,2026-08-07 07:01:37,False,10000,51,0.0,0,0.6,0.9,0.3,0,0.5,10,9.5,10,rrt_20260807_070137_021.png
20260807_070138_958,2026-08-07 07:01:38,False,10000,97,0.0,0,0.6,0.9,0.3,0,0.5,10,9.5,10,rrt_20260807_070138_958.png
20260807_070140_686,2026-08-07 07:01:40,False,10000,83,0.0,0,0.6,0.9,0.3,0,0.5,10,9.5,10,rrt_20260807_070140_686.png
20260807_070142_244,2026-08-07 07:01:42,False,10000,71,0.0,0,0.6,0.9,0.3,0,0.5,10,9.5,10,rrt_20260807_070142_244.png
20260807_070142_790,2026-08-07 07:01:42,True,398,66,17.999999999999996,31,0.6,0.9,0.3,0,0.5,10,9.5,10,rrt_20260807_070142_790.png
20260807_070144_025,2026-08-07 07:01:44,False,10000,42,0.0,0,0.6,0.9,0.3,0,0.5,10,9.5,10,rrt_20260807_070144_025.png
20260807_070145_951,2026-08-07 07:01:45,False,10000,94,0.0,0,0.6,0.9,0.3,0,0.5,10,9.5,10,rrt_20260807_070145_951.png
20260807_070146_529,2026-08-07 07:01:46,True,404,83,18.336494764043422,32,0.6,0.9,0.3,0,0.5,10,9.5,10,rrt_20260807_070146_529.png
20260807_070147_959,2026-08-07 07:01:47,False,10000,64,0.0,0,0.6,0.9,0.3,0,0.5,10,9.5,10,rrt_20260807_070147_959.png
20260807_070149_956,2026-08-07 07:01:49,False,10000,89,0.0,0,0.6,0.9,0.3,0,0.5,10,9.5,10,rrt_20260807_070149_956.png
20260807_070151_649,2026-08-07 07:01:51,False,10000,82,0.0,0,0.6,0.9,0.3,0,0.5,10,9.5,10,rrt_20260807_070151_649.png
20260807_070153_450,2026-08-07 07:01:53,False,10000,91,0.0,0,0.6,0.9,0.3,0,0.5,10,9.5,10,rrt_20260807_070153_450.png
20260807_070155_307,2026-08-07 07:01:55,False,10000,101,0.0,0,0.6,0.9,0.3,0,0.5,10,9.5,10,rrt_20260807_070155_307.png
20260807_070156_867,2026-08-07 07:01:56,False,10000,67,0.0,0,0.6,0.9,0.3,0,0.5,10,9.5,10,rrt_20260807_070156_867.png
20260807_070158_642,2026-08-07 07:01:58,False,10000,88,0.0,0,0.6,0.9,0.3,0,0.5,10,9.5,10,rrt_20260807_070158_642.png
20260807_070200_238,2026-08-07 07:02:00,False,10000,68,0.0,0,0.6,0.9,0.3,0,0.5,10,9.5,10,rrt_20260807_070200_238.png
20260807_070201_887,2026-08-07 07:02:01,False,10000,80,0.0,0,0.6,0.9,0.3,0,0.5,10,9.5,10,rrt_20260807_070201_887.png
20260807_070203_568,2026-08-07 07:02:03,False,10000,83,0.0,0,0.6,0.9,0.3,0,0.5,10,9.5,10,rrt_20260807_070203_568.png
20260807_070205_368,2026-08-07 07:02:05,False,10000,68,0.0,0,0.6,0.9,0.3,0,0.5,10,9.5,10,rrt_20260807_070205_368.png
20260807_070206_967,2026-08-07 07:02:06,False,10000,46,0.0,0,0.6,0.9,0.3,0,0.5,10,9.5,10,rrt_20260807_070206_967.png
20260807_070208_705,2026-08-07 07:02:08,False,10000,89,0.0,0,0.6,0.9,0.3,0,0.5,10,9.5,10,rrt_20260807_070208_705.png
20260807_070210_001,2026-08-07 07:02:10,False,10000,41,0.0,0,0.6,0.9,0.3,0,0.5,10,9.5,10,rrt_20260807_070210_001.png
20260807_070211_664,2026-08-07 07:02:11,False,10000,71,0.0,0,0.6,0.9,0.3,0,0.5,10,9.5,10,rrt_20260807_070211_664.png
20260807_070213_391,2026-08-07 07:02:13,False,10000,91,0.0,0,0.6,0.9,0.3,0,0.5,10,9.5,10,rrt_20260807_070213_391.png
20260807_070215_293,2026-08-07 07:02:15,False,10000,101,0.0,0,0.6,0.9,0.3,0,0.5,10,9.5,10,rrt_20260807_070215_293.png
20260807_070216_991,2026-08-07 07:02:16,False,10000,76,0.0,0,0.6,0.9,0.3,0,0.5,10,9.5,10,rrt_20260807_070216_991.png
20260807_070218_834,2026-08-07 07:02:18,False,10000,97,0.0,0,0.6,0.9,0.3,0,0.5,10,9.5,10,rrt_20260807_070218_834.png
20260807_070220_835,2026-08-07 07:02:20,False,10000,83,0.0,0,0.6,0.9,0.3,0,0.5,10,9.5,10,rrt_20260807_070220_835.png
20260807_070221_438,2026-08-07 07:02:21,True,1181,90,20.400000000000006,35,0.6,0.9,0.3,0,0.5,10,9.5,10,rrt_20260807_070221_438.png
20260807_070222_816,2026-08-07 07:02:22,False,10000,58,0.0,0,0.6,0.9,0.3,0,0.5,10,9.5,10,rrt_20260807_070222_816.png
20260807_070224_254,2026-08-07 07:02:24,False,10000,58,0.0,0,0.6,0.9,0.3,0,0.5,10,9.5,10,rrt_20260807_070224_254.png
20260807_070225_755,2026-08-07 07:02:25,False,10000,64,0.0,0,0.6,0.9,0.3,0,0.5,10,9.5,10,rrt_20260807_070225_755.png
20260807_070227_550,2026-08-07 07:02:27,False,10000,91,0.0,0,0.6,0.9,0.3,0,0.5,10,9.5,10,rrt_20260807_070227_550.png
20260807_070229_074,2026-08-07 07:02:29,False,10000,68,0.0,0,0.6,0.9,0.3,0,0.5,10,9.5,10,rrt_20260807_070229_074.png
20260807_070231_114,2026-08-07 07:02:31,False,10000,111,0.0,0,0.6,0.9,0.3,0,0.5,10,9.5,10,rrt_20260807_070231_114.png
20260807_070232_906,2026-08-07 07:02:32,False,10000,76,0.0,0,0.6,0.9,0.3,0,0.5,10,9.5,10,rrt_20260807_070232_906.png
20260807_070233_829,2026-08-07 07:02:33,True,1466,104,21.000000000000007,36,0.6,0.9,0.3,0,0.5,10,9.5,10,rrt_20260807_070233_829.png
20260807_070235_377,2026-08-07 07:02:35,False,10000,66,0.0,0,0.6,0.9,0.3,0,0.5,10,9.5,10,rrt_20260807_070235_377.png
20260807_070236_800,2026-08-07 07:02:36,False,10000,59,0.0,0,0.6,0.9,0.3,0,0.5,10,9.5,10,rrt_20260807_070236_800.png
20260807_070237_409,2026-08-07 07:02:37,True,1141,75,17.4,30,0.6,0.9,0.3,0,0.5,10,9.5,10,rrt_20260807_070237_409.png
20260807_070239_007,2026-08-07 07:02:39,False,10000,81,0.0,0,0.6,0.9,0.3,0,0.5,10,9.5,10,rrt_20260807_070239_007.png
20260807_070239_560,2026-08-07 07:02:39,True,365,76,19.2,33,0.6,0.9,0.3,0,0.5,10,9.5,10,rrt_20260807_070239_560.png
20260807_070241_231,2026-08-07 07:02:41,False,10000,83,0.0,0,0.6,0.9,0.3,0,0.5,10,9.5,10,rrt_20260807_070241_231.png
20260807_070242_969,2026-08-07 07:02:42,False,10000,88,0.0,0,0.6,0.9,0.3,0,0.5,10,9.5,10,rrt_20260807_070242_969.png
20260807_070243_716,2026-08-07 07:02:43,True,244,70,17.399999999999995,30,0.6,0.9,0.3,0,0.5,10,9.5,10,rrt_20260807_070243_716.png
20260807_070245_394,2026-08-07 07:02:45,False,10000,85,0.0,0,0.6,0.9,0.3,0,0.5,10,9.5,10,rrt_20260807_070245_394.png
20260807_070247_037,2026-08-07 07:02:47,False,10000,73,0.0,0,0.6,0.9,0.3,0,0.5,10,9.5,10,rrt_20260807_070247_037.png
20260807_070249_121,2026-08-07 07:02:49,False,10000,115,0.0,0,0.6,0.9,0.3,0,0.5,10,9.5,10,rrt_20260807_070249_121.png
20260807_070250_670,2026-08-07 07:02:50,False,10000,68,0.0,0,0.6,0.9,0.3,0,0.5,10,9.5,10,rrt_20260807_070250_670.png
20260807_070252_712,2026-08-07 07:02:52,False,10000,121,0.0,0,0.6,0.9,0.3,0,0.5,10,9.5,10,rrt_20260807_070252_712.png
20260807_070254_160,2026-08-07 07:02:54,False,10000,36,0.0,0,0.6,0.9,0.3,0,0.5,10,9.5,10,rrt_20260807_070254_160.png
20260807_070255_814,2026-08-07 07:02:55,False,10000,67,0.0,0,0.6,0.9,0.3,0,0.5,10,9.5,10,rrt_20260807_070255_814.png
20260807_070257_440,2026-08-07 07:02:57,False,10000,78,0.0,0,0.6,0.9,0.3,0,0.5,10,9.5,10,rrt_20260807_070257_440.png
20260807_070258_316,2026-08-07 07:02:58,True,1171,99,19.030485132835473,33,0.6,0.9,0.3,0,0.5,10,9.5,10,rrt_20260807_070258_316.png
20260807_070259_756,2026-08-07 07:02:59,False,10000,60,0.0,0,0.6,0.9,0.3,0,0.5,10,9.5,10,rrt_20260807_070259_756.png
20260807_070301_705,2026-08-07 07:03:01,False,10000,106,0.0,0,0.6,0.9,0.3,0,0.5,10,9.5,10,rrt_20260807_070301_705.png
20260807_070303_535,2026-08-07 07:03:03,False,10000,77,0.0,0,0.6,0.9,0.3,0,0.5,10,9.5,10,rrt_20260807_070303_535.png
20260807_070304_086,2026-08-07 07:03:04,True,498,73,18.599999999999998,32,0.6,0.9,0.3,0,0.5,10,9.5,10,rrt_20260807_070304_086.png
20260807_070305_494,2026-08-07 07:03:05,False,10000,60,0.0,0,0.6,0.9,0.3,0,0.5,10,9.5,10,rrt_20260807_070305_494.png
20260807_070307_125,2026-08-07 07:03:07,False,10000,79,0.0,0,0.6,0.9,0.3,0,0.5,10,9.5,10,rrt_20260807_070307_125.png
20260807_070308_511,2026-08-07 07:03:08,False,10000,54,0.0,0,0.6,0.9,0.3,0,0.5,10,9.5,10,rrt_20260807_070308_511.png
20260807_070309_086,2026-08-07 07:03:09,True,712,89,21.317492039257953,37,0.6,0.9,0.3,0,0.5,10,9.5,10,rrt_20260807_070309_086.png
20260807_070311_111,2026-08-07 07:03:11,False,10000,80,0.0,0,0.6,0.9,0.3,0,0.5,10,9.5,10,rrt_20260807_070311_111.png
20260807_070312_941,2026-08-07 07:03:12,False,10000,95,0.0,0,0.6,0.9,0.3,0,0.5,10,9.5,10,rrt_20260807_070312_941.png
20260807_070313_536,2026-08-07 07:03:13,True,724,94,20.10291096338525,35,0.6,0.9,0.3,0,0.5,10,9.5,10,rrt_20260807_070313_536.png
20260807_070315_285,2026-08-07 07:03:15,False,10000,76,0.0,0,0.6,0.9,0.3,0,0.5,10,9.5,10,rrt_20260807_070315_285.png
20260807_070316_750,2026-08-07 07:03:16,False,10000,44,0.0,0,0.6,0.9,0.3,0,0.5,10,9.5,10,rrt_20260807_070316_750.png
20260807_070317_373,2026-08-07 07:03:17,True,1221,82,19.646846733447195,34,0.6,0.9,0.3,0,0.5,10,9.5,10,rrt_20260807_070317_373.png
20260807_070318_808,2026-08-07 07:03:18,False,10000,57,0.0,0,0.6,0.9,0.3,0,0.5,10,9.5,10,rrt_20260807_070318_808.png
20260807_070320_523,2026-08-07 07:03:20,False,10000,88,0.0,0,0.6,0.9,0.3,0,0.5,10,9.5,10,rrt_20260807_070320_523.png
20260807_070322_037,2026-08-07 07:03:22,False,10000,65,0.0,0,0.6,1.0,0.3,0,0.5,10,9.5,10,rrt_20260807_070322_037.png
20260807_070323_749,2026-08-07 07:03:23,False,10000,66,0.0,0,0.6,1.0,0.3,0,0.5,10,9.5,10,rrt_20260807_070323_749.png
20260807_070325_370,2026-08-07 07:03:25,False,10000,76,0.0,0,0.6,1.0,0.3,0,0.5,10,9.5,10,rrt_20260807_070325_370.png
20260807_070326_841,2026-08-07 07:03:26,False,10000,65,0.0,0,0.6,1.0,0.3,0,0.5,10,9.5,10,rrt_20260807_070326_841.png
20260807_070328_647,2026-08-07 07:03:28,False,10000,82,0.0,0,0.6,1.0,0.3,0,0.5,10,9.5,10,rrt_20260807_070328_647.png
20260807_070330_254,2026-08-07 07:03:30,False,10000,74,0.0,0,0.6,1.0,0.3,0,0.5,10,9.5,10,rrt_20260807_070330_254.png
20260807_070331_420,2026-08-07 07:03:31,False,10000,34,0.0,0,0.6,1.0,0.3,0,0.5,10,9.5,10,rrt_20260807_070331_420.png
20260807_070333_075,2026-08-07 07:03:33,False,10000,82,0.0,0,0.6,1.0,0.3,0,0.5,10,9.5,10,rrt_20260807_070333_075.png
20260807_070334_702,2026-08-07 07:03:34,False,10000,77,0.0,0,0.6,1.0,0.3,0,0.5,10,9.5,10,rrt_20260807_070334_702.png
20260807_070336_508,2026-08-07 07:03:36,False,10000,84,0.0,0,0.6,1.0,0.3,0,0.5,10,9.5,10,rrt_20260807_070336_508.png
20260807_070338_587,2026-08-07 07:03:38,False,10000,83,0.0,0,0.6,1.0,0.3,0,0.5,10,9.5,10,rrt_20260807_070338_587.png
20260807_070340_361,2026-08-07 07:03:40,False,10000,89,0.0,0,0.6,1.0,0.3,0,0.5,10,9.5,10,rrt_20260807_070340_361.png
20260807_070340_946,2026-08-07 07:03:40,True,413,85,16.799999999999997,29,0.6,1.0,0.3,0,0.5,10,9.5,10,rrt_20260807_070340_946.png
20260807_070341_458,2026-08-07 07:03:41,True,397,83,18.599999999999998,32,0.6,1.0,0.3,0,0.5,10,9.5,10,rrt_20260807_070341_458.png
20260807_070342_853,2026-08-07 07:03:42,False,10000,61,0.0,0,0.6,1.0,0.3,0,0.5,10,9.5,10,rrt_20260807_070342_853.png
20260807_070344_822,2026-08-07 07:03:44,False,10000,110,0.0,0,0.6,1.0,0.3,0,0.5,10,9.5,10,rrt_20260807_070344_822.png
20260807_070346_382,2026-08-07 07:03:46,False,10000,67,0.0,0,0.6,1.0,0.3,0,0.5,10,9.5,10,rrt_20260807_070346_382.png
20260807_070348_221,2026-08-07 07:03:48,False,10000,99,0.0,0,0.6,1.0,0.3,0,0.5,10,9.5,10,rrt_20260807_070348_221.png
20260807_070349_901,2026-08-07 07:03:49,False,10000,85,0.0,0,0.6,1.0,0.3,0,0.5,10,9.5,10,rrt_20260807_070349_901.png
20260807_070351_955,2026-08-07 07:03:51,False,10000,89,0.0,0,0.6,1.0,0.3,0,0.5,10,9.5,10,rrt_20260807_070351_955.png
20260807_070353_693,2026-08-07 07:03:53,False,10000,84,0.0,0,0.6,1.0,0.3,0,0.5,10,9.5,10,rrt_20260807_070353_693.png
20260807_070355_488,2026-08-07 07:03:55,False,10000,93,0.0,0,0.6,1.0,0.3,0,0.5,10,9.5,10,rrt_20260807_070355_488.png
20260807_070357_063,2026-08-07 07:03:57,False,10000,56,0.0,0,0.6,1.0,0.3,0,0.5,10,9.5,10,rrt_20260807_070357_063.png
20260807_070358_711,2026-08-07 07:03:58,False,10000,77,0.0,0,0.6,1.0,0.3,0,0.5,10,9.5,10,rrt_20260807_070358_711.png
20260807_070400_347,2026-08-07 07:04:00,False,10000,67,0.0,0,0.6,1.0,0.3,0,0.5,10,9.5,10,rrt_20260807_070400_347.png
20260807_070402_304,2026-08-07 07:04:02,False,10000,109,0.0,0,0.6,1.0,0.3,0,0.5,10,9.5,10,rrt_20260807_070402_304.png
20260807_070404_458,2026-08-07 07:04:04,False,10000,129,0.0,0,0.6,1.0,0.3,0,0.5,10,9.5,10,rrt_20260807_070404_458.png
20260807_070406_119,2026-08-07 07:04:06,False,10000,80,0.0,0,0.6,1.0,0.3,0,0.5,10,9.5,10,rrt_20260807_070406_119.png
20260807_070408_357,2026-08-07 07:04:08,False,10000,106,0.0,0,0.6,1.0,0.3,0,0.5,10,9.5,10,rrt_20260807_070408_357.png
20260807_070410_022,2026-08-07 07:04:10,False,10000,83,0.0,0,0.6,1.0,0.3,0,0.5,10,9.5,10,rrt_20260807_070410_022.png
20260807_070411_953,2026-08-07 07:04:11,False,10000,96,0.0,0,0.6,1.0,0.3,0,0.5,10,9.5,10,rrt_20260807_070411_953.png
20260807_070412_555,2026-08-07 07:04:12,True,472,81,18.0,31,0.6,1.0,0.3,0,0.5,10,9.5,10,rrt_20260807_070412_555.png
20260807_070414_164,2026-08-07 07:04:14,False,10000,81,0.0,0,0.6,1.0,0.3,0,0.5,10,9.5,10,rrt_20260807_070414_164.png
20260807_070416_174,2026-08-07 07:04:16,False,10000,108,0.0,0,0.6,1.0,0.3,0,0.5,10,9.5,10,rrt_20260807_070416_174.png
20260807_070417_936,2026-08-07 07:04:17,False,10000,91,0.0,0,0.6,1.0,0.3,0,0.5,10,9.5,10,rrt_20260807_070417_936.png
20260807_070419_121,2026-08-07 07:04:19,False,10000,36,0.0,0,0.6,1.0,0.3,0,0.5,10,9.5,10,rrt_20260807_070419_121.png
20260807_070421_049,2026-08-07 07:04:21,False,10000,108,0.0,0,0.6,1.0,0.3,0,0.5,10,9.5,10,rrt_20260807_070421_049.png
20260807_070421_951,2026-08-07 07:04:21,True,349,89,17.999999999999996,31,0.6,1.0,0.3,0,0.5,10,9.5,10,rrt_20260807_070421_951.png
20260807_070423_780,2026-08-07 07:04:23,False,10000,92,0.0,0,0.6,1.0,0.3,0,0.5,10,9.5,10,rrt_20260807_070423_780.png
20260807_070426_733,2026-08-07 07:04:26,False,10000,72,0.0,0,0.6,1.0,0.3,0,0.5,10,9.5,10,rrt_20260807_070426_733.png
20260807_070429_043,2026-08-07 07:04:29,False,10000,71,0.0,0,0.6,1.0,0.3,0,0.5,10,9.5,10,rrt_20260807_070429_043.png
20260807_070430_044,2026-08-07 07:04:30,True,837,93,18.6,32,0.6,1.0,0.3,0,0.5,10,9.5,10,rrt_20260807_070430_044.png
20260807_070431_391,2026-08-07 07:04:31,False,10000,41,0.0,0,0.6,1.0,0.3,0,0.5,10,9.5,10,rrt_20260807_070431_391.png
20260807_070433_057,2026-08-07 07:04:33,False,10000,57,0.0,0,0.6,1.0,0.3,0,0.5,10,9.5,10,rrt_20260807_070433_057.png
20260807_070435_027,2026-08-07 07:04:35,False,10000,94,0.0,0,0.6,1.0,0.3,0,0.5,10,9.5,10,rrt_20260807_070435_027.png
20260807_070437_026,2026-08-07 07:04:37,False,10000,70,0.0,0,0.6,1.0,0.3,0,0.5,10,9.5,10,rrt_20260807_070437_026.png
20260807_070438_868,2026-08-07 07:04:38,False,10000,65,0.0,0,0.6,1.0,0.3,0,0.5,10,9.5,10,rrt_20260807_070438_868.png
20260807_070440_213,2026-08-07 07:04:40,False,10000,33,0.0,0,0.6,1.0,0.3,0,0.5,10,9.5,10,rrt_20260807_070440_213.png
20260807_070442_157,2026-08-07 07:04:42,False,10000,90,0.0,0,0.6,1.0,0.3,0,0.5,10,9.5,10,rrt_20260807_070442_157.png
20260807_070444_003,2026-08-07 07:04:44,False,10000,75,0.0,0,0.6,1.0,0.3,0,0.5,10,9.5,10,rrt_20260807_070444_003.png
20260807_070446_383,2026-08-07 07:04:46,False,10000,117,0.0,0,0.6,1.0,0.3,0,0.5,10,9.5,10,rrt_20260807_070446_383.png
20260807_070447_283,2026-08-07 07:04:47,True,1035,80,21.0,36,0.6,1.0,0.3,0,0.5,10,9.5,10,rrt_20260807_070447_283.png
20260807_070448_881,2026-08-07 07:04:48,False,10000,73,0.0,0,0.6,1.0,0.3,0,0.5,10,9.5,10,rrt_20260807_070448_881.png
20260807_070451_184,2026-08-07 07:04:51,False,10000,101,0.0,0,0.6,1.0,0.3,0,0.5,10,9.5,10,rrt_20260807_070451_184.png
20260807_070453_143,2026-08-07 07:04:53,False,10000,83,0.0,0,0.6,1.0,0.3,0,0.5,10,9.5,10,rrt_20260807_070453_143.png
20260807_070455_305,2026-08-07 07:04:55,False,10000,117,0.0,0,0.6,1.0,0.3,0,0.5,10,9.5,10,rrt_20260807_070455_305.png
20260807_070457_246,2026-08-07 07:04:57,False,10000,97,0.0,0,0.6,1.0,0.3,0,0.5,10,9.5,10,rrt_20260807_070457_246.png
20260807_070459_195,2026-08-07 07:04:59,False,10000,98,0.0,0,0.6,1.0,0.3,0,0.5,10,9.5,10,rrt_20260807_070459_195.png
20260807_070501_378,2026-08-07 07:05:01,False,10000,91,0.0,0,0.6,1.0,0.3,0,0.5,10,9.5,10,rrt_20260807_070501_378.png
20260807_070503_769,2026-08-07 07:05:03,False,10000,90,0.0,0,0.6,1.0,0.3,0,0.5,10,9.5,10,rrt_20260807_070503_769.png
20260807_070505_370,2026-08-07 07:05:05,False,10000,64,0.0,0,0.6,1.0,0.3,0,0.5,10,9.5,10,rrt_20260807_070505_370.png
20260807_070505_977,2026-08-07 07:05:05,True,856,83,18.000000000000004,31,0.6,1.0,0.3,0,0.5,10,9.5,10,rrt_20260807_070505_977.png
20260807_070507_802,2026-08-07 07:05:07,False,10000,80,0.0,0,0.6,1.0,0.3,0,0.5,10,9.5,10,rrt_20260807_070507_802.png
20260807_070509_987,2026-08-07 07:05:09,False,10000,78,0.0,0,0.6,1.0,0.3,0,0.5,10,9.5,10,rrt_20260807_070509_987.png
20260807_070512_500,2026-08-07 07:05:12,False,10000,114,0.0,0,0.6,1.0,0.3,0,0.5,10,9.5,10,rrt_20260807_070512_500.png
20260807_070514_193,2026-08-07 07:05:14,False,10000,68,0.0,0,0.6,1.0,0.3,0,0.5,10,9.5,10,rrt_20260807_070514_193.png
20260807_070516_207,2026-08-07 07:05:16,False,10000,98,0.0,0,0.6,1.0,0.3,0,0.5,10,9.5,10,rrt_20260807_070516_207.png
20260807_070518_073,2026-08-07 07:05:18,False,10000,88,0.0,0,0.6,1.0,0.3,0,0.5,10,9.5,10,rrt_20260807_070518_073.png
20260807_070520_036,2026-08-07 07:05:20,False,10000,81,0.0,0,0.6,1.0,0.3,0,0.5,10,9.5,10,rrt_20260807_070520_036.png
20260807_070520_611,2026-08-07 07:05:20,True,550,99,19.8,34,0.6,1.0,0.3,0,0.5,10,9.5,10,rrt_20260807_070520_611.png
20260807_070521_200,2026-08-07 07:05:21,True,1083,88,19.199999999999996,33,0.6,1.0,0.3,0,0.5,10,9.5,10,rrt_20260807_070521_200.png
20260807_070522_648,2026-08-07 07:05:22,False,10000,68,0.0,0,0.6,1.0,0.3,0,0.5,10,9.5,10,rrt_20260807_070522_648.png
20260807_070524_370,2026-08-07 07:05:24,False,10000,69,0.0,0,0.6,1.0,0.3,0,0.5,10,9.5,10,rrt_20260807_070524_370.png
20260807_070526_163,2026-08-07 07:05:26,False,10000,93,0.0,0,0.6,1.0,0.3,0,0.5,10,9.5,10,rrt_20260807_070526_163.png
20260807_070528_161,2026-08-07 07:05:28,False,10000,99,0.0,0,0.6,1.0,0.3,0,0.5,10,9.5,10,rrt_20260807_070528_161.png
20260807_070530_054,2026-08-07 07:05:30,False,10000,102,0.0,0,0.6,1.0,0.3,0,0.5,10,9.5,10,rrt_20260807_070530_054.png
20260807_070531_951,2026-08-07 07:05:31,False,10000,108,0.0,0,0.6,1.0,0.3,0,0.5,10,9.5,10,rrt_20260807_070531_951.png
20260807_070533_838,2026-08-07 07:05:33,False,10000,77,0.0,0,0.6,1.0,0.3,0,0.5,10,9.5,10,rrt_20260807_070533_838.png
20260807_070535_638,2026-08-07 07:05:35,False,10000,98,0.0,0,0.6,1.0,0.3,0,0.5,10,9.5,10,rrt_20260807_070535_638.png
20260807_070537_218,2026-08-07 07:05:37,False,10000,71,0.0,0,0.6,1.0,0.3,0,0.5,10,9.5,10,rrt_20260807_070537_218.png
20260807_070538_967,2026-08-07 07:05:38,False,10000,87,0.0,0,0.6,1.0,0.3,0,0.5,10,9.5,10,rrt_20260807_070538_967.png
20260807_070541_417,2026-08-07 07:05:41,False,10000,131,0.0,0,0.6,1.0,0.3,0,0.5,10,9.5,10,rrt_20260807_070541_417.png
20260807_070542_242,2026-08-07 07:05:42,True,1016,111,19.799999999999997,34,0.6,1.0,0.3,0,0.5,10,9.5,10,rrt_20260807_070542_242.png
20260807_070544_023,2026-08-07 07:05:44,False,10000,98,0.0,0,0.6,1.0,0.3,0,0.5,10,9.5,10,rrt_20260807_070544_023.png
20260807_070545_934,2026-08-07 07:05:45,False,10000,102,0.0,0,0.6,1.0,0.3,0,0.5,10,9.5,10,rrt_20260807_070545_934.png
20260807_070546_547,2026-08-07 07:05:46,True,843,117,21.600000000000005,37,0.6,1.0,0.3,0,0.5,10,9.5,10,rrt_20260807_070546_547.png
20260807_070548_481,2026-08-07 07:05:48,False,10000,91,0.0,0,0.6,1.0,0.3,0,0.5,10,9.5,10,rrt_20260807_070548_481.png
20260807_070550_349,2026-08-07 07:05:50,False,10000,108,0.0,0,0.6,1.0,0.3,0,0.5,10,9.5,10,rrt_20260807_070550_349.png
20260807_070551_995,2026-08-07 07:05:51,False,10000,78,0.0,0,0.6,1.0,0.3,0,0.5,10,9.5,10,rrt_20260807_070551_995.png
20260807_070552_587,2026-08-07 07:05:52,True,807,95,17.999999999999993,31,0.6,1.0,0.3,0,0.5,10,9.5,10,rrt_20260807_070552_587.png
20260807_070554_406,2026-08-07 07:05:54,False,10000,62,0.0,0,0.6,1.0,0.3,0,0.5,10,9.5,10,rrt_20260807_070554_406.png
20260807_070555_917,2026-08-07 07:05:55,False,10000,67,0.0,0,0.6,1.0,0.3,0,0.5,10,9.5,10,rrt_20260807_070555_917.png
20260807_070557_710,2026-08-07 07:05:57,False,10000,94,0.0,0,0.6,1.0,0.3,0,0.5,10,9.5,10,rrt_20260807_070557_710.png
20260807_070559_338,2026-08-07 07:05:59,False,10000,74,0.0,0,0.6,1.0,0.3,0,0.5,10,9.5,10,rrt_20260807_070559_338.png
20260807_070600_937,2026-08-07 07:06:00,False,10000,75,0.0,0,0.6,1.0,0.3,0,0.5,10,9.5,10,rrt_20260807_070600_937.png
20260807_070602_660,2026-08-07 07:06:02,False,10000,63,0.0,0,0.6,1.0,0.3,0,0.5,10,9.5,10,rrt_20260807_070602_660.png
20260807_070604_746,2026-08-07 07:06:04,False,10000,124,0.0,0,0.6,1.0,0.3,0,0.5,10,9.5,10,rrt_20260807_070604_746.png
20260807_070606_448,2026-08-07 07:06:06,False,10000,80,0.0,0,0.6,1.0,0.3,0,0.5,10,9.5,10,rrt_20260807_070606_448.png
20260807_070608_214,2026-08-07 07:06:08,False,10000,93,0.0,0,0.6,1.0,0.3,0,0.5,10,9.5,10,rrt_20260807_070608_214.png
20260807_070609_932,2026-08-07 07:06:09,False,10000,67,0.0,0,0.6,1.0,0.3,0,0.5,10,9.5,10,rrt_20260807_070609_932.png
