run_key,timestamp,path_found,iterations,nodes_in_tree,path_length,path_nodes,step_size,random_rate,goal_tolerance,start_x,start_y,goal_x,goal_y,map_size,image_filename
20260806_224926_938,2026-08-06 22:49:26,True,465,55,15.600000000000003,40,0.4,0.1,0.2,0,0.5,10,9.5,10,rrt_20260806_224926_938.png
20260806_224928_337,2026-08-06 22:49:28,False,10000,67,0.0,0,0.4,0.1,0.2,0,0.5,10,9.5,10,rrt_20260806_224928_337.png
20260806_224928_656,2026-08-06 22:49:28,True,973,51,15.535792601354602,40,0.4,0.1,0.2,0,0.5,10,9.5,10,rrt_20260806_224928_656.png
20260806_224929_672,2026-08-06 22:49:29,True,8582,115,21.19999999999999,54,0.4,0.1,0.2,0,0.5,10,9.5,10,rrt_20260806_224929_672.png
20260806_224929_937,2026-08-06 22:49:29,True,1000,67,14.8,38,0.4,0.1,0.2,0,0.5,10,9.5,10,rrt_20260806_224929_937.png
20260806_224931_149,2026-08-06 22:49:31,False,10000,69,0.0,0,0.4,0.1,0.2,0,0.5,10,9.5,10,rrt_20260806_224931_149.png
20260806_224931_513,2026-08-06 22:49:31,True,2280,99,18.000000000000004,46,0.4,0.1,0.2,0,0.5,10,9.5,10,rrt_20260806_224931_513.png
20260806_224931_717,2026-08-06 22:49:31,True,1118,52,16.400000000000006,42,0.4,0.1,0.2,0,0.5,10,9.5,10,rrt_20260806_224931_717.png
20260806_224931_908,2026-08-06 22:49:31,True,901,48,15.200000000000003,39,0.4,0.1,0.2,0,0.5,10,9.5,10,rrt_20260806_224931_908.png
20260806_224932_057,2026-08-06 22:49:32,True,449,45,14.609971052116636,38,0.4,0.1,0.2,0,0.5,10,9.5,10,rrt_20260806_224932_057.png
20260806_224933_058,2026-08-06 22:49:33,False,10000,70,0.0,0,0.4,0.1,0.2,0,0.5,10,9.5,10,rrt_20260806_224933_058.png
20260806_224933_505,2026-08-06 22:49:33,True,3470,76,15.831747927049667,41,0.4,0.1,0.2,0,0.5,10,9.5,10,rrt_20260806_224933_505.png
20260806_224933_810,2026-08-06 22:49:33,True,1934,88,16.65652891591549,43,0.4,0.1,0.2,0,0.5,10,9.5,10,rrt_20260806_224933_810.png
20260806_224934_014,2026-08-06 22:49:34,True,1059,68,17.600000000000016,45,0.4,0.1,0.2,0,0.5,10,9.5,10,rrt_20260806_224934_014.png
20260806_224934_164,2026-08-06 22:49:34,True,319,49,14.4,37,0.4,0.1,0.2,0,0.5,10,9.5,10,rrt_20260806_224934_164.png
20260806_224934_346,2026-08-06 22:49:34,True,565,50,15.600000000000007,40,0.4,0.1,0.2,0,0.5,10,9.5,10,rrt_20260806_224934_346.png
20260806_224934_659,2026-08-06 22:49:34,True,2427,88,17.433367322805605,45,0.4,0.1,0.2,0,0.5,10,9.5,10,rrt_20260806_224934_659.png
20260806_224935_970,2026-08-06 22:49:35,False,10000,124,0.0,0,0.4,0.1,0.2,0,0.5,10,9.5,10,rrt_20260806_224935_970.png
20260806_224936_287,2026-08-06 22:49:36,True,1846,86,17.600000000000005,45,0.4,0.1,0.2,0,0.5,10,9.5,10,rrt_20260806_224936_287.png
20260806_224937_506,2026-08-06 22:49:37,False,10000,73,0.0,0,0.4,0.1,0.2,0,0.5,10,9.5,10,rrt_20260806_224937_506.png
20260806_224937_714,2026-08-06 22:49:37,True,200,44,15.14669948007152,39,0.4,0.1,0.2,0,0.5,10,9.5,10,rrt_20260806_224937_714.png
20260806_224937_856,2026-08-06 22:49:37,True,352,47,15.40290650538894,40,0.4,0.1,0.2,0,0.5,10,9.5,10,rrt_20260806_224937_856.png
20260806_224938_050,2026-08-06 22:49:38,True,1058,69,16.700827753330138,43,0.4,0.1,0.2,0,0.5,10,9.5,10,rrt_20260806_224938_050.png
20260806_224938_245,2026-08-06 22:49:38,True,780,60,15.200000000000005,39,0.4,0.1,0.2,0,0.5,10,9.5,10,rrt_20260806_224938_245.png
20260806_224938_389,2026-08-06 22:49:38,True,246,50,14.800000000000008,38,0.4,0.1,0.2,0,0.5,10,9.5,10,rrt_20260806_224938_389.png
20260806_224938_532,2026-08-06 22:49:38,True,311,45,16.00000000000001,41,0.4,0.1,0.2,0,0.5,10,9.5,10,rrt_20260806_224938_532.png
20260806_224940_284,2026-08-06 22:49:40,False,10000,146,0.0,0,0.4,0.1,0.2,0,0.5,10,9.5,10,rrt_20260806_224940_284.png
20260806_224940_529,2026-08-06 22:49:40,True,838,57,15.144031521922646,39,0.4,0.1,0.2,0,0.5,10,9.5,10,rrt_20260806_224940_529.png
20260806_224942_069,2026-08-06 22:49:42,False,10000,140,0.0,0,0.4,0.1,0.2,0,0.5,10,9.5,10,rrt_20260806_224942_069.png
20260806_224942_336,2026-08-06 22:49:42,True,1041,59,15.581410666145798,40,0.4,0.1,0.2,0,0.5,10,9.5,10,rrt_20260806_224942_336.png
20260806_224942_507,2026-08-06 22:49:42,True,244,46,15.105988705657149,39,0.4,0.1,0.2,0,0.5,10,9.5,10,rrt_20260806_224942_507.png
20260806_224942_646,2026-08-06 22:49:42,True,300,44,15.068187684763833,39,0.4,0.1,0.2,0,0.5,10,9.5,10,rrt_20260806_224942_646.png
20260806_224942_911,2026-08-06 22:49:42,True,1796,80,18.392142035083808,47,0.4,0.1,0.2,0,0.5,10,9.5,10,rrt_20260806_224942_911.png
20260806_224943_148,2026-08-06 22:49:43,True,1379,71,17.20000000000001,44,0.4,0.1,0.2,0,0.5,10,9.5,10,rrt_20260806_224943_148.png
20260806_224944_009,2026-08-06 22:49:44,False,10000,61,0.0,0,0.4,0.1,0.2,0,0.5,10,9.5,10,rrt_20260806_224944_009.png
20260806_224944_194,2026-08-06 22:49:44,True,283,48,15.200000000000005,39,0.4,0.1,0.2,0,0.5,10,9.5,10,rrt_20260806_224944_194.png
20260806_224945_385,2026-08-06 22:49:45,False,10000,67,0.0,0,0.4,0.1,0.2,0,0.5,10,9.5,10,rrt_20260806_224945_385.png
20260806_224947_186,2026-08-06 22:49:47,False,10000,169,0.0,0,0.4,0.1,0.2,0,0.5,10,9.5,10,rrt_20260806_224947_186.png
20260806_224947_446,2026-08-06 22:49:47,True,868,65,17.2,44,0.4,0.1,0.2,0,0.5,10,9.5,10,rrt_20260806_224947_446.png
20260806_224947_623,2026-08-06 22:49:47,True,802,61,16.800000000000004,43,0.4,0.1,0.2,0,0.5,10,9.5,10,rrt_20260806_224947_623.png
20260806_224947_881,2026-08-06 22:49:47,True,1475,74,18.647402652928946,48,0.4,0.1,0.2,0,0.5,10,9.5,10,rrt_20260806_224947_881.png
20260806_224948_032,2026-08-06 22:49:48,True,288,53,15.44040053813338,40,0.4,0.1,0.2,0,0.5,10,9.5,10,rrt_20260806_224948_032.png
20260806_224948_167,2026-08-06 22:49:48,True,205,41,14.799999999999997,38,0.4,0.1,0.2,0,0.5,10,9.5,10,rrt_20260806_224948_167.png
20260806_224948_526,2026-08-06 22:49:48,True,2813,86,15.887742754006723,41,0.4,0.1,0.2,0,0.5,10,9.5,10,rrt_20260806_224948_526.png
20260806_224948_684,2026-08-06 22:49:48,True,216,47,14.800000000000008,38,0.4,0.1,0.2,0,0.5,10,9.5,10,rrt_20260806_224948_684.png
20260806_224950_118,2026-08-06 22:49:50,False,10000,134,0.0,0,0.4,0.1,0.2,0,0.5,10,9.5,10,rrt_20260806_224950_118.png
20260806_224950_387,2026-08-06 22:49:50,True,758,54,15.994507935359756,41,0.4,0.1,0.2,0,0.5,10,9.5,10,rrt_20260806_224950_387.png
20260806_224950_603,2026-08-06 22:49:50,True,1206,77,17.599999999999998,45,0.4,0.1,0.2,0,0.5,10,9.5,10,rrt_20260806_224950_603.png
20260806_224950_775,2026-08-06 22:49:50,True,604,48,15.600000000000007,40,0.4,0.1,0.2,0,0.5,10,9.5,10,rrt_20260806_224950_775.png
20260806_224951_973,2026-08-06 22:49:51,False,10000,69,0.0,0,0.4,0.1,0.2,0,0.5,10,9.5,10,rrt_20260806_224951_973.png
20260806_224952_426,2026-08-06 22:49:52,True,4560,76,15.200000000000005,39,0.4,0.1,0.2,0,0.5,10,9.5,10,rrt_20260806_224952_426.png
20260806_224954_087,2026-08-06 22:49:54,False,10000,148,0.0,0,0.4,0.1,0.2,0,0.5,10,9.5,10,rrt_20260806_224954_087.png
20260806_224954_315,2026-08-06 22:49:54,True,133,42,15.028539764333694,39,0.4,0.1,0.2,0,0.5,10,9.5,10,rrt_20260806_224954_315.png
20260806_224954_501,2026-08-06 22:49:54,True,385,47,15.200000000000005,39,0.4,0.1,0.2,0,0.5,10,9.5,10,rrt_20260806_224954_501.png
20260806_224954_633,2026-08-06 22:49:54,True,110,39,14.4,37,0.4,0.1,0.2,0,0.5,10,9.5,10,rrt_20260806_224954_633.png
20260806_224955_573,2026-08-06 22:49:55,False,10000,85,0.0,0,0.4,0.1,0.2,0,0.5,10,9.5,10,rrt_20260806_224955_573.png
20260806_224956_995,2026-08-06 22:49:56,False,10000,145,0.0,0,0.4,0.1,0.2,0,0.5,10,9.5,10,rrt_20260806_224956_995.png
20260806_224958_190,2026-08-06 22:49:58,False,10000,67,0.0,0,0.4,0.1,0.2,0,0.5,10,9.5,10,rrt_20260806_224958_190.png
20260806_224959_422,2026-08-06 22:49:59,False,10000,74,0.0,0,0.4,0.1,0.2,0,0.5,10,9.5,10,rrt_20260806_224959_422.png
20260806_224959_712,2026-08-06 22:49:59,True,1161,66,16.400000000000002,42,0.4,0.1,0.2,0,0.5,10,9.5,10,rrt_20260806_224959_712.png
20260806_224959_867,2026-08-06 22:49:59,True,446,53,15.43465158298908,40,0.4,0.1,0.2,0,0.5,10,9.5,10,rrt_20260806_224959_867.png
20260806_225000_023,2026-08-06 22:50:00,True,550,51,14.400000000000006,37,0.4,0.1,0.2,0,0.5,10,9.5,10,rrt_20260806_225000_023.png
20260806_225001_646,2026-08-06 22:50:01,False,10000,155,0.0,0,0.4,0.1,0.2,0,0.5,10,9.5,10,rrt_20260806_225001_646.png
20260806_225002_031,2026-08-06 22:50:02,True,2171,82,18.260625554644108,47,0.4,0.1,0.2,0,0.5,10,9.5,10,rrt_20260806_225002_031.png
20260806_225002_244,2026-08-06 22:50:02,True,705,54,15.421532311480838,40,0.4,0.1,0.2,0,0.5,10,9.5,10,rrt_20260806_225002_244.png
20260806_225003_019,2026-08-06 22:50:03,False,10000,77,0.0,0,0.4,0.1,0.2,0,0.5,10,9.5,10,rrt_20260806_225003_019.png
20260806_225004_058,2026-08-06 22:50:04,False,10000,70,0.0,0,0.4,0.1,0.2,0,0.5,10,9.5,10,rrt_20260806_225004_058.png
20260806_225004_338,2026-08-06 22:50:04,True,1429,72,16.38549401882602,42,0.4,0.1,0.2,0,0.5,10,9.5,10,rrt_20260806_225004_338.png
20260806_225004_496,2026-08-06 22:50:04,True,492,49,14.800000000000008,38,0.4,0.1,0.2,0,0.5,10,9.5,10,rrt_20260806_225004_496.png
20260806_225004_686,2026-08-06 22:50:04,True,492,48,15.54995572902985,40,0.4,0.1,0.2,0,0.5,10,9.5,10,rrt_20260806_225004_686.png
20260806_225004_830,2026-08-06 22:50:04,True,344,47,15.072478322531143,39,0.4,0.1,0.2,0,0.5,10,9.5,10,rrt_20260806_225004_830.png
20260806_225005_117,2026-08-06 22:50:05,True,2138,99,18.0,46,0.4,0.1,0.2,0,0.5,10,9.5,10,rrt_20260806_225005_117.png
20260806_225006_380,2026-08-06 22:50:06,True,9022,149,19.942086710241554,51,0.4,0.1,0.2,0,0.5,10,9.5,10,rrt_20260806_225006_380.png
20260806_225006_628,2026-08-06 22:50:06,True,835,60,16.69045935449916,43,0.4,0.1,0.2,0,0.5,10,9.5,10,rrt_20260806_225006_628.png
20260806_225007_639,2026-08-06 22:50:07,False,10000,84,0.0,0,0.4,0.1,0.2,0,0.5,10,9.5,10,rrt_20260806_225007_639.png
20260806_225007_896,2026-08-06 22:50:07,True,1178,62,15.600000000000005,40,0.4,0.1,0.2,0,0.5,10,9.5,10,rrt_20260806_225007_896.png
20260806_225008_053,2026-08-06 22:50:08,True,464,53,15.001172341004915,39,0.4,0.1,0.2,0,0.5,10,9.5,10,rrt_20260806_225008_053.png
20260806_225009_813,2026-08-06 22:50:09,False,10000,161,0.0,0,0.4,0.1,0.2,0,0.5,10,9.5,10,rrt_20260806_225009_813.png
20260806_225010_277,2026-08-06 22:50:10,True,2901,125,18.000000000000014,46,0.4,0.1,0.2,0,0.5,10,9.5,10,rrt_20260806_225010_277.png
20260806_225010_519,2026-08-06 22:50:10,True,840,62,15.600000000000003,40,0.4,0.1,0.2,0,0.5,10,9.5,10,rrt_20260806_225010_519.png
20260806_225010_661,2026-08-06 22:50:10,True,205,43,14.708158676918801,38,0.4,0.1,0.2,0,0.5,10,9.5,10,rrt_20260806_225010_661.png
20260806_225010_868,2026-08-06 22:50:10,True,351,45,14.400000000000004,37,0.4,0.1,0.2,0,0.5,10,9.5,10,rrt_20260806_225010_868.png
20260806_225012_080,2026-08-06 22:50:12,False,10000,70,0.0,0,0.4,0.1,0.2,0,0.5,10,9.5,10,rrt_20260806_225012_080.png
20260806_225012_406,2026-08-06 22:50:12,True,1792,91,16.68391534939059,43,0.4,0.1,0.2,0,0.5,10,9.5,10,rrt_20260806_225012_406.png
20260806_225012_697,2026-08-06 22:50:12,True,1060,78,16.74516288769711,43,0.4,0.1,0.2,0,0.5,10,9.5,10,rrt_20260806_225012_697.png
20260806_225013_918,2026-08-06 22:50:13,False,10000,68,0.0,0,0.4,0.1,0.2,0,0.5,10,9.5,10,rrt_20260806_225013_918.png
20260806_225014_134,2026-08-06 22:50:14,True,588,57,15.431107179694713,40,0.4,0.1,0.2,0,0.5,10,9.5,10,rrt_20260806_225014_134.png
20260806_225015_233,2026-08-06 22:50:15,False,10000,60,0.0,0,0.4,0.1,0.2,0,0.5,10,9.5,10,rrt_20260806_225015_233.png
20260806_225015_453,2026-08-06 22:50:15,True,466,49,15.200000000000003,39,0.4,0.1,0.2,0,0.5,10,9.5,10,rrt_20260806_225015_453.png
20260806_225015_694,2026-08-06 22:50:15,True,1094,59,15.200000000000006,39,0.4,0.1,0.2,0,0.5,10,9.5,10,rrt_20260806_225015_694.png
20260806_225016_806,2026-08-06 22:50:16,False,10000,71,0.0,0,0.4,0.1,0.2,0,0.5,10,9.5,10,rrt_20260806_225016_806.png
20260806_225017_476,2026-08-06 22:50:17,True,6415,92,16.34703493403473,42,0.4,0.1,0.2,0,0.5,10,9.5,10,rrt_20260806_225017_476.png
20260806_225017_858,2026-08-06 22:50:17,True,3309,79,15.200000000000008,39,0.4,0.1,0.2,0,0.5,10,9.5,10,rrt_20260806_225017_858.png
20260806_225018_792,2026-08-06 22:50:18,False,10000,61,0.0,0,0.4,0.1,0.2,0,0.5,10,9.5,10,rrt_20260806_225018_792.png
20260806_225020_058,2026-08-06 22:50:20,False,10000,72,0.0,0,0.4,0.1,0.2,0,0.5,10,9.5,10,rrt_20260806_225020_058.png
20260806_225020_249,2026-08-06 22:50:20,True,338,47,14.800000000000004,38,0.4,0.1,0.2,0,0.5,10,9.5,10,rrt_20260806_225020_249.png
20260806_225020_393,2026-08-06 22:50:20,True,402,47,14.702208426314685,38,0.4,0.1,0.2,0,0.5,10,9.5,10,rrt_20260806_225020_393.png
20260806_225021_186,2026-08-06 22:50:21,True,6168,112,17.801001450190682,46,0.4,0.1,0.2,0,0.5,10,9.5,10,rrt_20260806_225021_186.png
20260806_225022_204,2026-08-06 22:50:22,False,10000,70,0.0,0,0.4,0.1,0.2,0,0.5,10,9.5,10,rrt_20260806_225022_204.png
20260806_225022_513,2026-08-06 22:50:22,True,2419,69,15.42035843176002,40,0.4,0.1,0.2,0,0.5,10,9.5,10,rrt_20260806_225022_513.png
20260806_225022_668,2026-08-06 22:50:22,True,241,56,15.094295627914047,39,0.4,0.2,0.2,0,0.5,10,9.5,10,rrt_20260806_225022_668.png
20260806_225022_846,2026-08-06 22:50:22,True,315,43,15.2,39,0.4,0.2,0.2,0,0.5,10,9.5,10,rrt_20260806_225022_846.png
20260806_225023_079,2026-08-06 22:50:23,True,983,92,16.669092174236106,43,0.4,0.2,0.2,0,0.5,10,9.5,10,rrt_20260806_225023_079.png
20260806_225023_248,2026-08-06 22:50:23,True,449,66,16.00000000000001,41,0.4,0.2,0.2,0,0.5,10,9.5,10,rrt_20260806_225023_248.png
20260806_225023_537,2026-08-06 22:50:23,True,1651,84,16.800000000000008,43,0.4,0.2,0.2,0,0.5,10,9.5,10,rrt_20260806_225023_537.png
20260806_225024_731,2026-08-06 22:50:24,False,10000,73,0.0,0,0.4,0.2,0.2,0,0.5,10,9.5,10,rrt_20260806_225024_731.png
20260806_225025_214,2026-08-06 22:50:25,True,3420,115,22.000000000000004,56,0.4,0.2,0.2,0,0.5,10,9.5,10,rrt_20260806_225025_214.png
20260806_225026_875,2026-08-06 22:50:26,False,10000,136,0.0,0,0.4,0.2,0.2,0,0.5,10,9.5,10,rrt_20260806_225026_875.png
20260806_225027_171,2026-08-06 22:50:27,True,1095,84,16.25806841586518,42,0.4,0.2,0.2,0,0.5,10,9.5,10,rrt_20260806_225027_171.png
20260806_225027_315,2026-08-06 22:50:27,True,137,49,15.2,39,0.4,0.2,0.2,0,0.5,10,9.5,10,rrt_20260806_225027_315.png
20260806_225028_436,2026-08-06 22:50:28,False,10000,60,0.0,0,0.4,0.2,0.2,0,0.5,10,9.5,10,rrt_20260806_225028_436.png
20260806_225028_621,2026-08-06 22:50:28,True,206,54,15.579774618921421,40,0.4,0.2,0.2,0,0.5,10,9.5,10,rrt_20260806_225028_621.png
20260806_225028_832,2026-08-06 22:50:28,True,979,93,18.000000000000004,46,0.4,0.2,0.2,0,0.5,10,9.5,10,rrt_20260806_225028_832.png
20260806_225029_029,2026-08-06 22:50:29,True,312,47,15.200000000000008,39,0.4,0.2,0.2,0,0.5,10,9.5,10,rrt_20260806_225029_029.png
20260806_225029_178,2026-08-06 22:50:29,True,502,54,15.200000000000008,39,0.4,0.2,0.2,0,0.5,10,9.5,10,rrt_20260806_225029_178.png
20260806_225029_405,2026-08-06 22:50:29,True,1069,98,17.6,45,0.4,0.2,0.2,0,0.5,10,9.5,10,rrt_20260806_225029_405.png
20260806_225029_579,2026-08-06 22:50:29,True,270,50,15.530491817277557,40,0.4,0.2,0.2,0,0.5,10,9.5,10,rrt_20260806_225029_579.png
20260806_225029_741,2026-08-06 22:50:29,True,548,60,17.200000000000003,44,0.4,0.2,0.2,0,0.5,10,9.5,10,rrt_20260806_225029_741.png
20260806_225031_188,2026-08-06 22:50:31,False,10000,91,0.0,0,0.4,0.2,0.2,0,0.5,10,9.5,10,rrt_20260806_225031_188.png
20260806_225031_449,2026-08-06 22:50:31,True,712,71,15.200000000000006,39,0.4,0.2,0.2,0,0.5,10,9.5,10,rrt_20260806_225031_449.png
20260806_225031_590,2026-08-06 22:50:31,True,166,44,14.400000000000004,37,0.4,0.2,0.2,0,0.5,10,9.5,10,rrt_20260806_225031_590.png
20260806_225031_748,2026-08-06 22:50:31,True,445,58,15.03911843357101,39,0.4,0.2,0.2,0,0.5,10,9.5,10,rrt_20260806_225031_748.png
20260806_225032_666,2026-08-06 22:50:32,False,10000,61,0.0,0,0.4,0.2,0.2,0,0.5,10,9.5,10,rrt_20260806_225032_666.png
20260806_225034_472,2026-08-06 22:50:34,False,10000,142,0.0,0,0.4,0.2,0.2,0,0.5,10,9.5,10,rrt_20260806_225034_472.png
20260806_225034_727,2026-08-06 22:50:34,True,441,61,15.831779426911956,41,0.4,0.2,0.2,0,0.5,10,9.5,10,rrt_20260806_225034_727.png
20260806_225034_911,2026-08-06 22:50:34,True,805,62,15.600000000000003,40,0.4,0.2,0.2,0,0.5,10,9.5,10,rrt_20260806_225034_911.png
20260806_225035_053,2026-08-06 22:50:35,True,243,53,15.600000000000003,40,0.4,0.2,0.2,0,0.5,10,9.5,10,rrt_20260806_225035_053.png
20260806_225036_952,2026-08-06 22:50:36,False,10000,168,0.0,0,0.4,0.2,0.2,0,0.5,10,9.5,10,rrt_20260806_225036_952.png
20260806_225037_156,2026-08-06 22:50:37,True,117,43,15.170331168738864,39,0.4,0.2,0.2,0,0.5,10,9.5,10,rrt_20260806_225037_156.png
20260806_225037_355,2026-08-06 22:50:37,True,768,76,17.414054349807266,45,0.4,0.2,0.2,0,0.5,10,9.5,10,rrt_20260806_225037_355.png
20260806_225038_382,2026-08-06 22:50:38,False,10000,68,0.0,0,0.4,0.2,0.2,0,0.5,10,9.5,10,rrt_20260806_225038_382.png
20260806_225038_647,2026-08-06 22:50:38,True,953,85,17.600000000000005,45,0.4,0.2,0.2,0,0.5,10,9.5,10,rrt_20260806_225038_647.png
20260806_225038_793,2026-08-06 22:50:38,True,152,40,14.682058309395412,38,0.4,0.2,0.2,0,0.5,10,9.5,10,rrt_20260806_225038_793.png
20260806_225039_025,2026-08-06 22:50:39,True,1145,94,18.000000000000004,46,0.4,0.2,0.2,0,0.5,10,9.5,10,rrt_20260806_225039_025.png
20260806_225040_071,2026-08-06 22:50:40,False,10000,69,0.0,0,0.4,0.2,0.2,0,0.5,10,9.5,10,rrt_20260806_225040_071.png
20260806_225040_266,2026-08-06 22:50:40,True,498,51,15.2,39,0.4,0.2,0.2,0,0.5,10,9.5,10,rrt_20260806_225040_266.png
20260806_225040_449,2026-08-06 22:50:40,True,616,72,15.457710344636698,40,0.4,0.2,0.2,0,0.5,10,9.5,10,rrt_20260806_225040_449.png
20260806_225040_624,2026-08-06 22:50:40,True,631,54,15.199999999999998,39,0.4,0.2,0.2,0,0.5,10,9.5,10,rrt_20260806_225040_624.png
20260806_225040_784,2026-08-06 22:50:40,True,400,56,15.954572848320343,41,0.4,0.2,0.2,0,0.5,10,9.5,10,rrt_20260806_225040_784.png
20260806_225042_574,2026-08-06 22:50:42,False,10000,144,0.0,0,0.4,0.2,0.2,0,0.5,10,9.5,10,rrt_20260806_225042_574.png
20260806_225042_822,2026-08-06 22:50:42,True,433,69,17.6,45,0.4,0.2,0.2,0,0.5,10,9.5,10,rrt_20260806_225042_822.png
20260806_225043_185,2026-08-06 22:50:43,True,2912,94,15.600000000000001,40,0.4,0.2,0.2,0,0.5,10,9.5,10,rrt_20260806_225043_185.png
20260806_225044_198,2026-08-06 22:50:44,False,10000,69,0.0,0,0.4,0.2,0.2,0,0.5,10,9.5,10,rrt_20260806_225044_198.png
20260806_225044_568,2026-08-06 22:50:44,True,2123,89,15.600000000000009,40,0.4,0.2,0.2,0,0.5,10,9.5,10,rrt_20260806_225044_568.png
20260806_225045_873,2026-08-06 22:50:45,False,10000,69,0.0,0,0.4,0.2,0.2,0,0.5,10,9.5,10,rrt_20260806_225045_873.png
20260806_225046_057,2026-08-06 22:50:46,True,212,47,14.800000000000002,38,0.4,0.2,0.2,0,0.5,10,9.5,10,rrt_20260806_225046_057.png
20260806_225046_196,2026-08-06 22:50:46,True,190,49,14.800000000000006,38,0.4,0.2,0.2,0,0.5,10,9.5,10,rrt_20260806_225046_196.png
20260806_225046_333,2026-08-06 22:50:46,True,177,47,15.553921638917844,40,0.4,0.2,0.2,0,0.5,10,9.5,10,rrt_20260806_225046_333.png
20260806_225048_058,2026-08-06 22:50:48,False,10000,132,0.0,0,0.4,0.2,0.2,0,0.5,10,9.5,10,rrt_20260806_225048_058.png
20260806_225049_781,2026-08-06 22:50:49,False,10000,128,0.0,0,0.4,0.2,0.2,0,0.5,10,9.5,10,rrt_20260806_225049_781.png
20260806_225051_703,2026-08-06 22:50:51,False,10000,161,0.0,0,0.4,0.2,0.2,0,0.5,10,9.5,10,rrt_20260806_225051_703.png
20260806_225053_109,2026-08-06 22:50:53,False,10000,90,0.0,0,0.4,0.2,0.2,0,0.5,10,9.5,10,rrt_20260806_225053_109.png
20260806_225053_318,2026-08-06 22:50:53,True,473,63,15.559732513026828,40,0.4,0.2,0.2,0,0.5,10,9.5,10,rrt_20260806_225053_318.png
20260806_225053_489,2026-08-06 22:50:53,True,162,50,14.800000000000008,38,0.4,0.2,0.2,0,0.5,10,9.5,10,rrt_20260806_225053_489.png
20260806_225053_668,2026-08-06 22:50:53,True,816,61,16.400000000000006,42,0.4,0.2,0.2,0,0.5,10,9.5,10,rrt_20260806_225053_668.png
20260806_225055_942,2026-08-06 22:50:55,False,10000,214,0.0,0,0.4,0.2,0.2,0,0.5,10,9.5,10,rrt_20260806_225055_942.png
20260806_225056_159,2026-08-06 22:50:56,True,237,49,15.159685350686415,39,0.4,0.2,0.2,0,0.5,10,9.5,10,rrt_20260806_225056_159.png
20260806_225056_377,2026-08-06 22:50:56,True,1141,71,16.800000000000004,43,0.4,0.2,0.2,0,0.5,10,9.5,10,rrt_20260806_225056_377.png
20260806_225056_548,2026-08-06 22:50:56,True,263,48,15.200000000000001,39,0.4,0.2,0.2,0,0.5,10,9.5,10,rrt_20260806_225056_548.png
20260806_225058_250,2026-08-06 22:50:58,False,10000,147,0.0,0,0.4,0.2,0.2,0,0.5,10,9.5,10,rrt_20260806_225058_250.png
20260806_225058_463,2026-08-06 22:50:58,True,369,59,17.007274792555858,44,0.4,0.2,0.2,0,0.5,10,9.5,10,rrt_20260806_225058_463.png
20260806_225058_628,2026-08-06 22:50:58,True,570,80,16.800000000000015,43,0.4,0.2,0.2,0,0.5,10,9.5,10,rrt_20260806_225058_628.png
20260806_225058_784,2026-08-06 22:50:58,True,315,55,16.000000000000007,41,0.4,0.2,0.2,0,0.5,10,9.5,10,rrt_20260806_225058_784.png
20260806_225100_408,2026-08-06 22:51:00,False,10000,124,0.0,0,0.4,0.2,0.2,0,0.5,10,9.5,10,rrt_20260806_225100_408.png
20260806_225100_616,2026-08-06 22:51:00,True,282,51,15.200000000000003,39,0.4,0.2,0.2,0,0.5,10,9.5,10,rrt_20260806_225100_616.png
20260806_225100_772,2026-08-06 22:51:00,True,407,61,16.40000000000001,42,0.4,0.2,0.2,0,0.5,10,9.5,10,rrt_20260806_225100_772.png
20260806_225100_925,2026-08-06 22:51:00,True,488,55,15.948962538247514,41,0.4,0.2,0.2,0,0.5,10,9.5,10,rrt_20260806_225100_925.png
20260806_225101_830,2026-08-06 22:51:01,False,10000,59,0.0,0,0.4,0.2,0.2,0,0.5,10,9.5,10,rrt_20260806_225101_830.png
20260806_225102_047,2026-08-06 22:51:02,True,309,53,15.200000000000001,39,0.4,0.2,0.2,0,0.5,10,9.5,10,rrt_20260806_225102_047.png
20260806_225104_111,2026-08-06 22:51:04,False,10000,193,0.0,0,0.4,0.2,0.2,0,0.5,10,9.5,10,rrt_20260806_225104_111.png
20260806_225104_360,2026-08-06 22:51:04,True,856,70,15.460823968070997,40,0.4,0.2,0.2,0,0.5,10,9.5,10,rrt_20260806_225104_360.png
20260806_225104_514,2026-08-06 22:51:04,True,280,59,17.093399012634645,44,0.4,0.2,0.2,0,0.5,10,9.5,10,rrt_20260806_225104_514.png
20260806_225104_650,2026-08-06 22:51:04,True,163,48,15.898687391398672,41,0.4,0.2,0.2,0,0.5,10,9.5,10,rrt_20260806_225104_650.png
20260806_225104_820,2026-08-06 22:51:04,True,253,45,15.048462768467859,39,0.4,0.2,0.2,0,0.5,10,9.5,10,rrt_20260806_225104_820.png
20260806_225104_975,2026-08-06 22:51:04,True,400,57,15.200000000000008,39,0.4,0.2,0.2,0,0.5,10,9.5,10,rrt_20260806_225104_975.png
20260806_225106_977,2026-08-06 22:51:06,False,10000,181,0.0,0,0.4,0.2,0.2,0,0.5,10,9.5,10,rrt_20260806_225106_977.png
20260806_225107_187,2026-08-06 22:51:07,True,123,44,14.7319836508113,38,0.4,0.2,0.2,0,0.5,10,9.5,10,rrt_20260806_225107_187.png
20260806_225107_336,2026-08-06 22:51:07,True,368,55,14.800000000000004,38,0.4,0.2,0.2,0,0.5,10,9.5,10,rrt_20260806_225107_336.png
20260806_225107_936,2026-08-06 22:51:07,True,4967,121,21.942494803427547,56,0.4,0.2,0.2,0,0.5,10,9.5,10,rrt_20260806_225107_936.png
20260806_225108_506,2026-08-06 22:51:08,True,3848,114,17.044482938225276,44,0.4,0.2,0.2,0,0.5,10,9.5,10,rrt_20260806_225108_506.png
20260806_225108_713,2026-08-06 22:51:08,True,700,76,16.645688981526476,43,0.4,0.2,0.2,0,0.5,10,9.5,10,rrt_20260806_225108_713.png
20260806_225108_859,2026-08-06 22:51:08,True,297,46,15.199999999999998,39,0.4,0.2,0.2,0,0.5,10,9.5,10,rrt_20260806_225108_859.png
20260806_225109_017,2026-08-06 22:51:09,True,374,56,15.151888031517638,39,0.4,0.2,0.2,0,0.5,10,9.5,10,rrt_20260806_225109_017.png
20260806_225109_162,2026-08-06 22:51:09,True,168,48,15.200000000000005,39,0.4,0.2,0.2,0,0.5,10,9.5,10,rrt_20260806_225109_162.png
20260806_225109_355,2026-08-06 22:51:09,True,369,59,15.600000000000009,40,0.4,0.2,0.2,0,0.5,10,9.5,10,rrt_20260806_225109_355.png
20260806_225110_349,2026-08-06 22:51:10,False,10000,68,0.0,0,0.4,0.2,0.2,0,0.5,10,9.5,10,rrt_20260806_225110_349.png
20260806_225110_535,2026-08-06 22:51:10,True,382,46,15.150944233712103,39,0.4,0.2,0.2,0,0.5,10,9.5,10,rrt_20260806_225110_535.png
20260806_225110_672,2026-08-06 22:51:10,True,204,52,16.000000000000007,41,0.4,0.2,0.2,0,0.5,10,9.5,10,rrt_20260806_225110_672.png
20260806_225110_861,2026-08-06 22:51:10,True,144,45,14.4,37,0.4,0.2,0.2,0,0.5,10,9.5,10,rrt_20260806_225110_861.png
20260806_225111_080,2026-08-06 22:51:11,True,327,51,15.448076813069235,40,0.4,0.2,0.2,0,0.5,10,9.5,10,rrt_20260806_225111_080.png
20260806_225111_294,2026-08-06 22:51:11,True,606,72,17.04315888456457,44,0.4,0.2,0.2,0,0.5,10,9.5,10,rrt_20260806_225111_294.png
20260806_225112_848,2026-08-06 22:51:12,False,10000,110,0.0,0,0.4,0.2,0.2,0,0.5,10,9.5,10,rrt_20260806_225112_848.png
20260806_225114_119,2026-08-06 22:51:14,False,10000,70,0.0,0,0.4,0.2,0.2,0,0.5,10,9.5,10,rrt_20260806_225114_119.png
20260806_225114_301,2026-08-06 22:51:14,True,137,48,14.64575479731766,38,0.4,0.2,0.2,0,0.5,10,9.5,10,rrt_20260806_225114_301.png
20260806_225114_478,2026-08-06 22:51:14,True,696,76,17.42094747121056,45,0.4,0.2,0.2,0,0.5,10,9.5,10,rrt_20260806_225114_478.png
20260806_225114_660,2026-08-06 22:51:14,True,184,45,14.800000000000006,38,0.4,0.2,0.2,0,0.5,10,9.5,10,rrt_20260806_225114_660.png
20260806_225116_287,2026-08-06 22:51:16,False,10000,107,0.0,0,0.4,0.2,0.2,0,0.5,10,9.5,10,rrt_20260806_225116_287.png
20260806_225116_523,2026-08-06 22:51:16,True,338,55,15.853526564805664,41,0.4,0.2,0.2,0,0.5,10,9.5,10,rrt_20260806_225116_523.png
20260806_225118_314,2026-08-06 22:51:18,False,10000,146,0.0,0,0.4,0.2,0.2,0,0.5,10,9.5,10,rrt_20260806_225118_314.png
20260806_225119_579,2026-08-06 22:51:19,False,10000,64,0.0,0,0.4,0.2,0.2,0,0.5,10,9.5,10,rrt_20260806_225119_579.png
20260806_225119_759,2026-08-06 22:51:19,True,157,49,15.999999999999995,41,0.4,0.3,0.2,0,0.5,10,9.5,10,rrt_20260806_225119_759.png
20260806_225119_897,2026-08-06 22:51:19,True,140,48,14.800000000000006,38,0.4,0.3,0.2,0,0.5,10,9.5,10,rrt_20260806_225119_897.png
20260806_225121_796,2026-08-06 22:51:21,False,10000,150,0.0,0,0.4,0.3,0.2,0,0.5,10,9.5,10,rrt_20260806_225121_796.png
20260806_225122_031,2026-08-06 22:51:22,True,531,78,17.086781298564556,44,0.4,0.3,0.2,0,0.5,10,9.5,10,rrt_20260806_225122_031.png
20260806_225123_715,2026-08-06 22:51:23,False,10000,122,0.0,0,0.4,0.3,0.2,0,0.5,10,9.5,10,rrt_20260806_225123_715.png
20260806_225123_911,2026-08-06 22:51:23,True,187,51,14.606504402831119,38,0.4,0.3,0.2,0,0.5,10,9.5,10,rrt_20260806_225123_911.png
20260806_225124_045,2026-08-06 22:51:24,True,131,49,15.187074248637533,39,0.4,0.3,0.2,0,0.5,10,9.5,10,rrt_20260806_225124_045.png
20260806_225124_182,2026-08-06 22:51:24,True,211,46,14.742070560218224,38,0.4,0.3,0.2,0,0.5,10,9.5,10,rrt_20260806_225124_182.png
20260806_225124_318,2026-08-06 22:51:24,True,166,47,14.699161791963459,38,0.4,0.3,0.2,0,0.5,10,9.5,10,rrt_20260806_225124_318.png
20260806_225124_451,2026-08-06 22:51:24,True,155,45,14.800000000000004,38,0.4,0.3,0.2,0,0.5,10,9.5,10,rrt_20260806_225124_451.png
20260806_225124_630,2026-08-06 22:51:24,True,337,70,16.8,43,0.4,0.3,0.2,0,0.5,10,9.5,10,rrt_20260806_225124_630.png
20260806_225124_933,2026-08-06 22:51:24,True,1978,86,20.0,51,0.4,0.3,0.2,0,0.5,10,9.5,10,rrt_20260806_225124_933.png
20260806_225125_082,2026-08-06 22:51:25,True,116,49,15.600000000000005,40,0.4,0.3,0.2,0,0.5,10,9.5,10,rrt_20260806_225125_082.png
20260806_225125_271,2026-08-06 22:51:25,True,191,48,15.143576086022627,39,0.4,0.3,0.2,0,0.5,10,9.5,10,rrt_20260806_225125_271.png
20260806_225125_464,2026-08-06 22:51:25,True,130,50,14.400000000000006,37,0.4,0.3,0.2,0,0.5,10,9.5,10,rrt_20260806_225125_464.png
20260806_225125_639,2026-08-06 22:51:25,True,370,63,16.291578232674432,42,0.4,0.3,0.2,0,0.5,10,9.5,10,rrt_20260806_225125_639.png
20260806_225125_848,2026-08-06 22:51:25,True,124,48,15.130063595101888,39,0.4,0.3,0.2,0,0.5,10,9.5,10,rrt_20260806_225125_848.png
20260806_225127_346,2026-08-06 22:51:27,False,10000,89,0.0,0,0.4,0.3,0.2,0,0.5,10,9.5,10,rrt_20260806_225127_346.png
20260806_225127_555,2026-08-06 22:51:27,True,280,53,16.000000000000004,41,0.4,0.3,0.2,0,0.5,10,9.5,10,rrt_20260806_225127_555.png
20260806_225127_844,2026-08-06 22:51:27,True,1640,108,19.999999999999996,51,0.4,0.3,0.2,0,0.5,10,9.5,10,rrt_20260806_225127_844.png
20260806_225128_003,2026-08-06 22:51:28,True,195,50,16.295778218749515,42,0.4,0.3,0.2,0,0.5,10,9.5,10,rrt_20260806_225128_003.png
20260806_225128_136,2026-08-06 22:51:28,True,99,51,15.414336229286734,40,0.4,0.3,0.2,0,0.5,10,9.5,10,rrt_20260806_225128_136.png
20260806_225128_383,2026-08-06 22:51:28,True,810,95,18.617455016286154,48,0.4,0.3,0.2,0,0.5,10,9.5,10,rrt_20260806_225128_383.png
20260806_225130_186,2026-08-06 22:51:30,False,10000,138,0.0,0,0.4,0.3,0.2,0,0.5,10,9.5,10,rrt_20260806_225130_186.png
20260806_225131_509,2026-08-06 22:51:31,False,10000,73,0.0,0,0.4,0.3,0.2,0,0.5,10,9.5,10,rrt_20260806_225131_509.png
20260806_225131_856,2026-08-06 22:51:31,True,2182,91,19.20000000000002,49,0.4,0.3,0.2,0,0.5,10,9.5,10,rrt_20260806_225131_856.png
20260806_225132_047,2026-08-06 22:51:32,True,401,64,15.200000000000006,39,0.4,0.3,0.2,0,0.5,10,9.5,10,rrt_20260806_225132_047.png
20260806_225132_185,2026-08-06 22:51:32,True,153,52,15.573712206143771,40,0.4,0.3,0.2,0,0.5,10,9.5,10,rrt_20260806_225132_185.png
20260806_225133_398,2026-08-06 22:51:33,False,10000,69,0.0,0,0.4,0.3,0.2,0,0.5,10,9.5,10,rrt_20260806_225133_398.png
20260806_225133_584,2026-08-06 22:51:33,True,227,52,15.600000000000007,40,0.4,0.3,0.2,0,0.5,10,9.5,10,rrt_20260806_225133_584.png
20260806_225133_723,2026-08-06 22:51:33,True,124,48,14.800000000000004,38,0.4,0.3,0.2,0,0.5,10,9.5,10,rrt_20260806_225133_723.png
20260806_225133_888,2026-08-06 22:51:33,True,258,59,15.187597546126524,39,0.4,0.3,0.2,0,0.5,10,9.5,10,rrt_20260806_225133_888.png
20260806_225135_706,2026-08-06 22:51:35,False,10000,141,0.0,0,0.4,0.3,0.2,0,0.5,10,9.5,10,rrt_20260806_225135_706.png
20260806_225135_920,2026-08-06 22:51:35,True,367,64,16.400000000000002,42,0.4,0.3,0.2,0,0.5,10,9.5,10,rrt_20260806_225135_920.png
20260806_225136_073,2026-08-06 22:51:36,True,333,60,15.600000000000003,40,0.4,0.3,0.2,0,0.5,10,9.5,10,rrt_20260806_225136_073.png
20260806_225136_209,2026-08-06 22:51:36,True,136,46,15.200000000000008,39,0.4,0.3,0.2,0,0.5,10,9.5,10,rrt_20260806_225136_209.png
20260806_225136_348,2026-08-06 22:51:36,True,140,52,15.600000000000007,40,0.4,0.3,0.2,0,0.5,10,9.5,10,rrt_20260806_225136_348.png
20260806_225136_498,2026-08-06 22:51:36,True,301,53,14.783145756595054,38,0.4,0.3,0.2,0,0.5,10,9.5,10,rrt_20260806_225136_498.png
20260806_225138_147,2026-08-06 22:51:38,False,10000,106,0.0,0,0.4,0.3,0.2,0,0.5,10,9.5,10,rrt_20260806_225138_147.png
20260806_225139_804,2026-08-06 22:51:39,False,10000,131,0.0,0,0.4,0.3,0.2,0,0.5,10,9.5,10,rrt_20260806_225139_804.png
20260806_225141_814,2026-08-06 22:51:41,False,10000,155,0.0,0,0.4,0.3,0.2,0,0.5,10,9.5,10,rrt_20260806_225141_814.png
20260806_225142_052,2026-08-06 22:51:42,True,196,55,15.600000000000007,40,0.4,0.3,0.2,0,0.5,10,9.5,10,rrt_20260806_225142_052.png
20260806_225142_207,2026-08-06 22:51:42,True,404,76,14.619676265562543,38,0.4,0.3,0.2,0,0.5,10,9.5,10,rrt_20260806_225142_207.png
20260806_225142_378,2026-08-06 22:51:42,True,473,66,15.552603561553873,40,0.4,0.3,0.2,0,0.5,10,9.5,10,rrt_20260806_225142_378.png
20260806_225143_446,2026-08-06 22:51:43,False,10000,72,0.0,0,0.4,0.3,0.2,0,0.5,10,9.5,10,rrt_20260806_225143_446.png
20260806_225143_638,2026-08-06 22:51:43,True,221,56,15.200000000000001,39,0.4,0.3,0.2,0,0.5,10,9.5,10,rrt_20260806_225143_638.png
20260806_225143_782,2026-08-06 22:51:43,True,176,53,15.079603318406567,39,0.4,0.3,0.2,0,0.5,10,9.5,10,rrt_20260806_225143_782.png
20260806_225143_954,2026-08-06 22:51:43,True,141,51,14.719648958245575,38,0.4,0.3,0.2,0,0.5,10,9.5,10,rrt_20260806_225143_954.png
20260806_225144_092,2026-08-06 22:51:44,True,160,53,15.200000000000008,39,0.4,0.3,0.2,0,0.5,10,9.5,10,rrt_20260806_225144_092.png
20260806_225145_189,2026-08-06 22:51:45,False,10000,71,0.0,0,0.4,0.3,0.2,0,0.5,10,9.5,10,rrt_20260806_225145_189.png
20260806_225145_416,2026-08-06 22:51:45,True,580,83,16.800000000000008,43,0.4,0.3,0.2,0,0.5,10,9.5,10,rrt_20260806_225145_416.png
20260806_225145_601,2026-08-06 22:51:45,True,405,82,17.200000000000014,44,0.4,0.3,0.2,0,0.5,10,9.5,10,rrt_20260806_225145_601.png
20260806_225145_775,2026-08-06 22:51:45,True,177,49,15.2,39,0.4,0.3,0.2,0,0.5,10,9.5,10,rrt_20260806_225145_775.png
20260806_225145_909,2026-08-06 22:51:45,True,117,49,15.6,40,0.4,0.3,0.2,0,0.5,10,9.5,10,rrt_20260806_225145_909.png
20260806_225146_061,2026-08-06 22:51:46,True,336,60,15.60000000000001,40,0.4,0.3,0.2,0,0.5,10,9.5,10,rrt_20260806_225146_061.png
20260806_225148_242,2026-08-06 22:51:48,False,10000,187,0.0,0,0.4,0.3,0.2,0,0.5,10,9.5,10,rrt_20260806_225148_242.png
20260806_225148_456,2026-08-06 22:51:48,True,115,50,15.200000000000006,39,0.4,0.3,0.2,0,0.5,10,9.5,10,rrt_20260806_225148_456.png
20260806_225148_613,2026-08-06 22:51:48,True,417,68,17.074760280834155,44,0.4,0.3,0.2,0,0.5,10,9.5,10,rrt_20260806_225148_613.png
20260806_225148_792,2026-08-06 22:51:48,True,223,62,15.048854522551016,39,0.4,0.3,0.2,0,0.5,10,9.5,10,rrt_20260806_225148_792.png
20260806_225148_939,2026-08-06 22:51:48,True,186,46,15.515377511196995,40,0.4,0.3,0.2,0,0.5,10,9.5,10,rrt_20260806_225148_939.png
20260806_225149_102,2026-08-06 22:51:49,True,346,72,15.600000000000007,40,0.4,0.3,0.2,0,0.5,10,9.5,10,rrt_20260806_225149_102.png
20260806_225149_242,2026-08-06 22:51:49,True,106,49,15.579699289817261,40,0.4,0.3,0.2,0,0.5,10,9.5,10,rrt_20260806_225149_242.png
20260806_225149_419,2026-08-06 22:51:49,True,548,91,15.13402483308335,39,0.4,0.3,0.2,0,0.5,10,9.5,10,rrt_20260806_225149_419.png
20260806_225149_568,2026-08-06 22:51:49,True,221,52,14.800000000000006,38,0.4,0.3,0.2,0,0.5,10,9.5,10,rrt_20260806_225149_568.png
20260806_225149_745,2026-08-06 22:51:49,True,277,62,15.600000000000009,40,0.4,0.3,0.2,0,0.5,10,9.5,10,rrt_20260806_225149_745.png
20260806_225149_910,2026-08-06 22:51:49,True,519,67,18.215086180836817,47,0.4,0.3,0.2,0,0.5,10,9.5,10,rrt_20260806_225149_910.png
20260806_225151_855,2026-08-06 22:51:51,False,10000,153,0.0,0,0.4,0.3,0.2,0,0.5,10,9.5,10,rrt_20260806_225151_855.png
20260806_225152_932,2026-08-06 22:51:52,False,10000,67,0.0,0,0.4,0.3,0.2,0,0.5,10,9.5,10,rrt_20260806_225152_932.png
20260806_225153_501,2026-08-06 22:51:53,True,3361,134,21.60000000000002,55,0.4,0.3,0.2,0,0.5,10,9.5,10,rrt_20260806_225153_501.png
20260806_225153_721,2026-08-06 22:51:53,True,170,49,15.545152456440578,40,0.4,0.3,0.2,0,0.5,10,9.5,10,rrt_20260806_225153_721.png
20260806_225153_878,2026-08-06 22:51:53,True,445,73,17.558330874625764,45,0.4,0.3,0.2,0,0.5,10,9.5,10,rrt_20260806_225153_878.png
20260806_225154_027,2026-08-06 22:51:54,True,366,56,17.116664835296703,44,0.4,0.3,0.2,0,0.5,10,9.5,10,rrt_20260806_225154_027.png
20260806_225154_162,2026-08-06 22:51:54,True,114,43,14.400000000000007,37,0.4,0.3,0.2,0,0.5,10,9.5,10,rrt_20260806_225154_162.png
20260806_225155_867,2026-08-06 22:51:55,False,10000,128,0.0,0,0.4,0.3,0.2,0,0.5,10,9.5,10,rrt_20260806_225155_867.png
20260806_225156_102,2026-08-06 22:51:56,True,272,54,15.917607910246641,41,0.4,0.3,0.2,0,0.5,10,9.5,10,rrt_20260806_225156_102.png
20260806_225157_183,2026-08-06 22:51:57,False,10000,73,0.0,0,0.4,0.3,0.2,0,0.5,10,9.5,10,rrt_20260806_225157_183.png
20260806_225157_448,2026-08-06 22:51:57,True,1011,100,18.610738855844314,48,0.4,0.3,0.2,0,0.5,10,9.5,10,rrt_20260806_225157_448.png
20260806_225157_598,2026-08-06 22:51:57,True,174,50,15.600000000000003,40,0.4,0.3,0.2,0,0.5,10,9.5,10,rrt_20260806_225157_598.png
20260806_225158_029,2026-08-06 22:51:58,True,2910,118,18.000000000000004,46,0.4,0.3,0.2,0,0.5,10,9.5,10,rrt_20260806_225158_029.png
20260806_225158_240,2026-08-06 22:51:58,True,434,72,17.5923632441359,45,0.4,0.3,0.2,0,0.5,10,9.5,10,rrt_20260806_225158_240.png
20260806_225200_015,2026-08-06 22:52:00,False,10000,133,0.0,0,0.4,0.3,0.2,0,0.5,10,9.5,10,rrt_20260806_225200_015.png
20260806_225201_162,2026-08-06 22:52:01,False,10000,70,0.0,0,0.4,0.3,0.2,0,0.5,10,9.5,10,rrt_20260806_225201_162.png
20260806_225203_162,2026-08-06 22:52:03,False,10000,158,0.0,0,0.4,0.3,0.2,0,0.5,10,9.5,10,rrt_20260806_225203_162.png
20260806_225203_395,2026-08-06 22:52:03,True,227,49,15.191279381051462,39,0.4,0.3,0.2,0,0.5,10,9.5,10,rrt_20260806_225203_395.png
20260806_225204_496,2026-08-06 22:52:04,False,10000,57,0.0,0,0.4,0.3,0.2,0,0.5,10,9.5,10,rrt_20260806_225204_496.png
20260806_225204_678,2026-08-06 22:52:04,True,164,56,14.799999999999999,38,0.4,0.3,0.2,0,0.5,10,9.5,10,rrt_20260806_225204_678.png
20260806_225204_825,2026-08-06 22:52:04,True,194,55,14.799999999999995,38,0.4,0.3,0.2,0,0.5,10,9.5,10,rrt_20260806_225204_825.png
20260806_225204_968,2026-08-06 22:52:04,True,160,52,14.770549502087263,38,0.4,0.3,0.2,0,0.5,10,9.5,10,rrt_20260806_225204_968.png
20260806_225206_668,2026-08-06 22:52:06,False,10000,132,0.0,0,0.4,0.3,0.2,0,0.5,10,9.5,10,rrt_20260806_225206_668.png
20260806_225206_968,2026-08-06 22:52:06,True,1125,96,18.73296054866151,48,0.4,0.3,0.2,0,0.5,10,9.5,10,rrt_20260806_225206_968.png
20260806_225208_228,2026-08-06 22:52:08,False,10000,73,0.0,0,0.4,0.3,0.2,0,0.5,10,9.5,10,rrt_20260806_225208_228.png
20260806_225208_413,2026-08-06 22:52:08,True,131,53,15.500331105793784,40,0.4,0.3,0.2,0,0.5,10,9.5,10,rrt_20260806_225208_413.png
20260806_225208_553,2026-08-06 22:52:08,True,222,52,15.600000000000001,40,0.4,0.3,0.2,0,0.5,10,9.5,10,rrt_20260806_225208_553.png
20260806_225209_690,2026-08-06 22:52:09,False,10000,74,0.0,0,0.4,0.3,0.2,0,0.5,10,9.5,10,rrt_20260806_225209_690.png
20260806_225209_934,2026-08-06 22:52:09,True,840,100,18.000000000000007,46,0.4,0.3,0.2,0,0.5,10,9.5,10,rrt_20260806_225209_934.png
20260806_225212_503,2026-08-06 22:52:12,False,10000,226,0.0,0,0.4,0.3,0.2,0,0.5,10,9.5,10,rrt_20260806_225212_503.png
20260806_225214_262,2026-08-06 22:52:14,False,10000,128,0.0,0,0.4,0.3,0.2,0,0.5,10,9.5,10,rrt_20260806_225214_262.png
20260806_225214_460,2026-08-06 22:52:14,True,101,46,14.799999999999999,38,0.4,0.3,0.2,0,0.5,10,9.5,10,rrt_20260806_225214_460.png
20260806_225216_294,2026-08-06 22:52:16,False,10000,145,0.0,0,0.4,0.3,0.2,0,0.5,10,9.5,10,rrt_20260806_225216_294.png
20260806_225216_500,2026-08-06 22:52:16,True,170,46,14.800000000000004,38,0.4,0.3,0.2,0,0.5,10,9.5,10,rrt_20260806_225216_500.png
20260806_225217_749,2026-08-06 22:52:17,False,10000,71,0.0,0,0.4,0.4,0.2,0,0.5,10,9.5,10,rrt_20260806_225217_749.png
20260806_225217_965,2026-08-06 22:52:17,True,195,53,15.50486990725276,40,0.4,0.4,0.2,0,0.5,10,9.5,10,rrt_20260806_225217_965.png
20260806_225218_101,2026-08-06 22:52:18,True,161,52,14.800000000000004,38,0.4,0.4,0.2,0,0.5,10,9.5,10,rrt_20260806_225218_101.png
20260806_225218_242,2026-08-06 22:52:18,True,229,55,15.600000000000009,40,0.4,0.4,0.2,0,0.5,10,9.5,10,rrt_20260806_225218_242.png
20260806_225218_404,2026-08-06 22:52:18,True,394,82,18.4,47,0.4,0.4,0.2,0,0.5,10,9.5,10,rrt_20260806_225218_404.png
20260806_225219_645,2026-08-06 22:52:19,False,10000,72,0.0,0,0.4,0.4,0.2,0,0.5,10,9.5,10,rrt_20260806_225219_645.png
20260806_225219_866,2026-08-06 22:52:19,True,537,86,19.599999999999994,50,0.4,0.4,0.2,0,0.5,10,9.5,10,rrt_20260806_225219_866.png
20260806_225221_051,2026-08-06 22:52:21,False,10000,63,0.0,0,0.4,0.4,0.2,0,0.5,10,9.5,10,rrt_20260806_225221_051.png
20260806_225221_244,2026-08-06 22:52:21,True,230,60,15.600000000000005,40,0.4,0.4,0.2,0,0.5,10,9.5,10,rrt_20260806_225221_244.png
20260806_225221_389,2026-08-06 22:52:21,True,169,55,16.400000000000013,42,0.4,0.4,0.2,0,0.5,10,9.5,10,rrt_20260806_225221_389.png
20260806_225221_526,2026-08-06 22:52:21,True,143,53,15.49067417664332,40,0.4,0.4,0.2,0,0.5,10,9.5,10,rrt_20260806_225221_526.png
20260806_225221_680,2026-08-06 22:52:21,True,225,54,15.200000000000008,39,0.4,0.4,0.2,0,0.5,10,9.5,10,rrt_20260806_225221_680.png
20260806_225221_941,2026-08-06 22:52:21,True,157,54,14.800000000000006,38,0.4,0.4,0.2,0,0.5,10,9.5,10,rrt_20260806_225221_941.png
20260806_225223_735,2026-08-06 22:52:23,False,10000,119,0.0,0,0.4,0.4,0.2,0,0.5,10,9.5,10,rrt_20260806_225223_735.png
20260806_225223_932,2026-08-06 22:52:23,True,108,51,14.748537536228632,38,0.4,0.4,0.2,0,0.5,10,9.5,10,rrt_20260806_225223_932.png
20260806_225225_164,2026-08-06 22:52:25,False,10000,72,0.0,0,0.4,0.4,0.2,0,0.5,10,9.5,10,rrt_20260806_225225_164.png
20260806_225225_359,2026-08-06 22:52:25,True,230,61,15.111549549466615,39,0.4,0.4,0.2,0,0.5,10,9.5,10,rrt_20260806_225225_359.png
20260806_225225_542,2026-08-06 22:52:25,True,141,57,15.000879545455431,39,0.4,0.4,0.2,0,0.5,10,9.5,10,rrt_20260806_225225_542.png
20260806_225225_691,2026-08-06 22:52:25,True,210,62,16.211247271068185,42,0.4,0.4,0.2,0,0.5,10,9.5,10,rrt_20260806_225225_691.png
20260806_225225_831,2026-08-06 22:52:25,True,166,51,15.476759713749352,40,0.4,0.4,0.2,0,0.5,10,9.5,10,rrt_20260806_225225_831.png
20260806_225225_968,2026-08-06 22:52:25,True,188,61,15.600000000000007,40,0.4,0.4,0.2,0,0.5,10,9.5,10,rrt_20260806_225225_968.png
20260806_225227_197,2026-08-06 22:52:27,False,10000,70,0.0,0,0.4,0.4,0.2,0,0.5,10,9.5,10,rrt_20260806_225227_197.png
20260806_225228_370,2026-08-06 22:52:28,False,10000,58,0.0,0,0.4,0.4,0.2,0,0.5,10,9.5,10,rrt_20260806_225228_370.png
20260806_225228_546,2026-08-06 22:52:28,True,94,50,14.400000000000007,37,0.4,0.4,0.2,0,0.5,10,9.5,10,rrt_20260806_225228_546.png
20260806_225229_803,2026-08-06 22:52:29,False,10000,87,0.0,0,0.4,0.4,0.2,0,0.5,10,9.5,10,rrt_20260806_225229_803.png
20260806_225230_003,2026-08-06 22:52:30,True,79,49,14.80000000000001,38,0.4,0.4,0.2,0,0.5,10,9.5,10,rrt_20260806_225230_003.png
20260806_225230_157,2026-08-06 22:52:30,True,150,53,15.458507648592484,40,0.4,0.4,0.2,0,0.5,10,9.5,10,rrt_20260806_225230_157.png
20260806_225230_295,2026-08-06 22:52:30,True,169,60,15.17957837771138,39,0.4,0.4,0.2,0,0.5,10,9.5,10,rrt_20260806_225230_295.png
20260806_225230_464,2026-08-06 22:52:30,True,91,51,15.600000000000005,40,0.4,0.4,0.2,0,0.5,10,9.5,10,rrt_20260806_225230_464.png
20260806_225230_602,2026-08-06 22:52:30,True,151,52,15.894384488057677,41,0.4,0.4,0.2,0,0.5,10,9.5,10,rrt_20260806_225230_602.png
20260806_225232_368,2026-08-06 22:52:32,False,10000,139,0.0,0,0.4,0.4,0.2,0,0.5,10,9.5,10,rrt_20260806_225232_368.png
20260806_225232_698,2026-08-06 22:52:32,True,1672,83,15.599999999999998,40,0.4,0.4,0.2,0,0.5,10,9.5,10,rrt_20260806_225232_698.png
20260806_225232_850,2026-08-06 22:52:32,True,135,54,15.200000000000003,39,0.4,0.4,0.2,0,0.5,10,9.5,10,rrt_20260806_225232_850.png
20260806_225233_010,2026-08-06 22:52:33,True,450,66,15.200000000000006,39,0.4,0.4,0.2,0,0.5,10,9.5,10,rrt_20260806_225233_010.png
20260806_225234_291,2026-08-06 22:52:34,False,10000,87,0.0,0,0.4,0.4,0.2,0,0.5,10,9.5,10,rrt_20260806_225234_291.png
20260806_225234_511,2026-08-06 22:52:34,True,414,91,16.728664038830637,43,0.4,0.4,0.2,0,0.5,10,9.5,10,rrt_20260806_225234_511.png
20260806_225234_655,2026-08-06 22:52:34,True,126,49,14.713075026072755,38,0.4,0.4,0.2,0,0.5,10,9.5,10,rrt_20260806_225234_655.png
20260806_225234_980,2026-08-06 22:52:34,True,2180,116,17.6,45,0.4,0.4,0.2,0,0.5,10,9.5,10,rrt_20260806_225234_980.png
20260806_225235_152,2026-08-06 22:52:35,True,333,75,18.000000000000004,46,0.4,0.4,0.2,0,0.5,10,9.5,10,rrt_20260806_225235_152.png
20260806_225235_320,2026-08-06 22:52:35,True,138,51,15.199999999999992,39,0.4,0.4,0.2,0,0.5,10,9.5,10,rrt_20260806_225235_320.png
20260806_225236_595,2026-08-06 22:52:36,False,10000,74,0.0,0,0.4,0.4,0.2,0,0.5,10,9.5,10,rrt_20260806_225236_595.png
20260806_225236_854,2026-08-06 22:52:36,True,734,110,17.200000000000006,44,0.4,0.4,0.2,0,0.5,10,9.5,10,rrt_20260806_225236_854.png
20260806_225237_002,2026-08-06 22:52:37,True,128,51,15.103066486147618,39,0.4,0.4,0.2,0,0.5,10,9.5,10,rrt_20260806_225237_002.png
20260806_225237_181,2026-08-06 22:52:37,True,222,58,16.21246765541347,42,0.4,0.4,0.2,0,0.5,10,9.5,10,rrt_20260806_225237_181.png
20260806_225237_405,2026-08-06 22:52:37,True,482,87,17.067001678747967,44,0.4,0.4,0.2,0,0.5,10,9.5,10,rrt_20260806_225237_405.png
20260806_225237_607,2026-08-06 22:52:37,True,915,101,20.000000000000007,51,0.4,0.4,0.2,0,0.5,10,9.5,10,rrt_20260806_225237_607.png
20260806_225237_759,2026-08-06 22:52:37,True,111,50,14.8,38,0.4,0.4,0.2,0,0.5,10,9.5,10,rrt_20260806_225237_759.png
20260806_225238_830,2026-08-06 22:52:38,False,10000,71,0.0,0,0.4,0.4,0.2,0,0.5,10,9.5,10,rrt_20260806_225238_830.png
20260806_225239_012,2026-08-06 22:52:39,True,90,50,14.759571038294975,38,0.4,0.4,0.2,0,0.5,10,9.5,10,rrt_20260806_225239_012.png
20260806_225239_185,2026-08-06 22:52:39,True,519,81,15.200000000000006,39,0.4,0.4,0.2,0,0.5,10,9.5,10,rrt_20260806_225239_185.png
20260806_225239_372,2026-08-06 22:52:39,True,191,57,15.518011709324995,40,0.4,0.4,0.2,0,0.5,10,9.5,10,rrt_20260806_225239_372.png
20260806_225239_506,2026-08-06 22:52:39,True,69,45,14.742694214929363,38,0.4,0.4,0.2,0,0.5,10,9.5,10,rrt_20260806_225239_506.png
20260806_225239_636,2026-08-06 22:52:39,True,107,52,15.985876161469127,41,0.4,0.4,0.2,0,0.5,10,9.5,10,rrt_20260806_225239_636.png
20260806_225239_773,2026-08-06 22:52:39,True,122,53,14.399999999999995,37,0.4,0.4,0.2,0,0.5,10,9.5,10,rrt_20260806_225239_773.png
20260806_225240_999,2026-08-06 22:52:40,False,10000,70,0.0,0,0.4,0.4,0.2,0,0.5,10,9.5,10,rrt_20260806_225240_999.png
20260806_225241_181,2026-08-06 22:52:41,True,112,53,15.109507064263422,39,0.4,0.4,0.2,0,0.5,10,9.5,10,rrt_20260806_225241_181.png
20260806_225242_619,2026-08-06 22:52:42,False,10000,89,0.0,0,0.4,0.4,0.2,0,0.5,10,9.5,10,rrt_20260806_225242_619.png
20260806_225242_810,2026-08-06 22:52:42,True,193,50,15.115249672251986,39,0.4,0.4,0.2,0,0.5,10,9.5,10,rrt_20260806_225242_810.png
20260806_225242_947,2026-08-06 22:52:42,True,162,57,15.14319059149366,39,0.4,0.4,0.2,0,0.5,10,9.5,10,rrt_20260806_225242_947.png
20260806_225244_837,2026-08-06 22:52:44,False,10000,147,0.0,0,0.4,0.4,0.2,0,0.5,10,9.5,10,rrt_20260806_225244_837.png
20260806_225245_173,2026-08-06 22:52:45,True,997,84,16.27188703136337,42,0.4,0.4,0.2,0,0.5,10,9.5,10,rrt_20260806_225245_173.png
20260806_225245_323,2026-08-06 22:52:45,True,142,51,15.538600964407399,40,0.4,0.4,0.2,0,0.5,10,9.5,10,rrt_20260806_225245_323.png
20260806_225247_795,2026-08-06 22:52:47,False,10000,220,0.0,0,0.4,0.4,0.2,0,0.5,10,9.5,10,rrt_20260806_225247_795.png
20260806_225248_013,2026-08-06 22:52:48,True,101,50,15.976566726664789,41,0.4,0.4,0.2,0,0.5,10,9.5,10,rrt_20260806_225248_013.png
20260806_225248_163,2026-08-06 22:52:48,True,241,53,15.435523934122543,40,0.4,0.4,0.2,0,0.5,10,9.5,10,rrt_20260806_225248_163.png
20260806_225248_356,2026-08-06 22:52:48,True,90,44,14.800000000000006,38,0.4,0.4,0.2,0,0.5,10,9.5,10,rrt_20260806_225248_356.png
20260806_225249_292,2026-08-06 22:52:49,False,10000,59,0.0,0,0.4,0.4,0.2,0,0.5,10,9.5,10,rrt_20260806_225249_292.png
20260806_225250_601,2026-08-06 22:52:50,False,10000,92,0.0,0,0.4,0.4,0.2,0,0.5,10,9.5,10,rrt_20260806_225250_601.png
20260806_225250_868,2026-08-06 22:52:50,True,758,100,16.000000000000004,41,0.4,0.4,0.2,0,0.5,10,9.5,10,rrt_20260806_225250_868.png
20260806_225252_789,2026-08-06 22:52:52,False,10000,144,0.0,0,0.4,0.4,0.2,0,0.5,10,9.5,10,rrt_20260806_225252_789.png
20260806_225253_024,2026-08-06 22:52:53,True,537,77,14.800000000000006,38,0.4,0.4,0.2,0,0.5,10,9.5,10,rrt_20260806_225253_024.png
20260806_225253_167,2026-08-06 22:52:53,True,193,60,14.70033389794363,38,0.4,0.4,0.2,0,0.5,10,9.5,10,rrt_20260806_225253_167.png
20260806_225253_319,2026-08-06 22:52:53,True,342,58,15.16840993527851,39,0.4,0.4,0.2,0,0.5,10,9.5,10,rrt_20260806_225253_319.png
20260806_225253_484,2026-08-06 22:52:53,True,468,80,15.144426293583372,39,0.4,0.4,0.2,0,0.5,10,9.5,10,rrt_20260806_225253_484.png
20260806_225253_624,2026-08-06 22:52:53,True,101,52,15.592449783476823,40,0.4,0.4,0.2,0,0.5,10,9.5,10,rrt_20260806_225253_624.png
20260806_225253_802,2026-08-06 22:52:53,True,141,55,14.800000000000006,38,0.4,0.4,0.2,0,0.5,10,9.5,10,rrt_20260806_225253_802.png
20260806_225253_935,2026-08-06 22:52:53,True,97,48,15.137686011327972,39,0.4,0.4,0.2,0,0.5,10,9.5,10,rrt_20260806_225253_935.png
20260806_225255_231,2026-08-06 22:52:55,False,10000,89,0.0,0,0.4,0.4,0.2,0,0.5,10,9.5,10,rrt_20260806_225255_231.png
20260806_225255_455,2026-08-06 22:52:55,True,457,87,18.308167478788352,47,0.4,0.4,0.2,0,0.5,10,9.5,10,rrt_20260806_225255_455.png
20260806_225255_636,2026-08-06 22:52:55,True,722,75,15.470253619044689,40,0.4,0.4,0.2,0,0.5,10,9.5,10,rrt_20260806_225255_636.png
20260806_225257_402,2026-08-06 22:52:57,False,10000,135,0.0,0,0.4,0.4,0.2,0,0.5,10,9.5,10,rrt_20260806_225257_402.png
20260806_225257_608,2026-08-06 22:52:57,True,235,53,16.000000000000007,41,0.4,0.4,0.2,0,0.5,10,9.5,10,rrt_20260806_225257_608.png
20260806_225257_749,2026-08-06 22:52:57,True,133,48,15.436385027561426,40,0.4,0.4,0.2,0,0.5,10,9.5,10,rrt_20260806_225257_749.png
20260806_225257_885,2026-08-06 22:52:57,True,157,55,15.089536617362931,39,0.4,0.4,0.2,0,0.5,10,9.5,10,rrt_20260806_225257_885.png
20260806_225258_994,2026-08-06 22:52:58,False,10000,60,0.0,0,0.4,0.4,0.2,0,0.5,10,9.5,10,rrt_20260806_225258_994.png
20260806_225259_176,2026-08-06 22:52:59,True,109,52,15.2,39,0.4,0.4,0.2,0,0.5,10,9.5,10,rrt_20260806_225259_176.png
20260806_225301_097,2026-08-06 22:53:01,False,10000,144,0.0,0,0.4,0.4,0.2,0,0.5,10,9.5,10,rrt_20260806_225301_097.png
20260806_225301_296,2026-08-06 22:53:01,True,100,51,14.800000000000006,38,0.4,0.4,0.2,0,0.5,10,9.5,10,rrt_20260806_225301_296.png
20260806_225302_503,2026-08-06 22:53:02,False,10000,87,0.0,0,0.4,0.4,0.2,0,0.5,10,9.5,10,rrt_20260806_225302_503.png
20260806_225302_688,2026-08-06 22:53:02,True,82,45,15.06504260536318,39,0.4,0.4,0.2,0,0.5,10,9.5,10,rrt_20260806_225302_688.png
20260806_225302_827,2026-08-06 22:53:02,True,170,61,15.999999999999995,41,0.4,0.4,0.2,0,0.5,10,9.5,10,rrt_20260806_225302_827.png
20260806_225302_991,2026-08-06 22:53:02,True,161,45,15.600000000000009,40,0.4,0.4,0.2,0,0.5,10,9.5,10,rrt_20260806_225302_991.png
20260806_225303_135,2026-08-06 22:53:03,True,207,69,15.841777788575616,41,0.4,0.4,0.2,0,0.5,10,9.5,10,rrt_20260806_225303_135.png
20260806_225305_003,2026-08-06 22:53:05,False,10000,139,0.0,0,0.4,0.4,0.2,0,0.5,10,9.5,10,rrt_20260806_225305_003.png
20260806_225305_204,2026-08-06 22:53:05,True,79,42,14.70766243596347,38,0.4,0.4,0.2,0,0.5,10,9.5,10,rrt_20260806_225305_204.png
20260806_225305_393,2026-08-06 22:53:05,True,673,107,18.000000000000004,46,0.4,0.4,0.2,0,0.5,10,9.5,10,rrt_20260806_225305_393.png
20260806_225305_570,2026-08-06 22:53:05,True,89,52,15.031122377977868,39,0.4,0.4,0.2,0,0.5,10,9.5,10,rrt_20260806_225305_570.png
20260806_225306_700,2026-08-06 22:53:06,False,10000,74,0.0,0,0.4,0.4,0.2,0,0.5,10,9.5,10,rrt_20260806_225306_700.png
20260806_225306_908,2026-08-06 22:53:06,True,430,75,16.80000000000001,43,0.4,0.4,0.2,0,0.5,10,9.5,10,rrt_20260806_225306_908.png
20260806_225307_099,2026-08-06 22:53:07,True,645,78,15.924897496087643,41,0.4,0.4,0.2,0,0.5,10,9.5,10,rrt_20260806_225307_099.png
20260806_225307_264,2026-08-06 22:53:07,True,431,72,16.000000000000004,41,0.4,0.5,0.2,0,0.5,10,9.5,10,rrt_20260806_225307_264.png
20260806_225307_434,2026-08-06 22:53:07,True,136,53,16.000000000000004,41,0.4,0.5,0.2,0,0.5,10,9.5,10,rrt_20260806_225307_434.png
20260806_225309_459,2026-08-06 22:53:09,False,10000,153,0.0,0,0.4,0.5,0.2,0,0.5,10,9.5,10,rrt_20260806_225309_459.png
20260806_225311_568,2026-08-06 22:53:11,False,10000,153,0.0,0,0.4,0.5,0.2,0,0.5,10,9.5,10,rrt_20260806_225311_568.png
20260806_225311_783,2026-08-06 22:53:11,True,172,54,15.200000000000008,39,0.4,0.5,0.2,0,0.5,10,9.5,10,rrt_20260806_225311_783.png
20260806_225311_923,2026-08-06 22:53:11,True,100,53,15.5419278837735,40,0.4,0.5,0.2,0,0.5,10,9.5,10,rrt_20260806_225311_923.png
20260806_225312_095,2026-08-06 22:53:12,True,104,54,15.600000000000007,40,0.4,0.5,0.2,0,0.5,10,9.5,10,rrt_20260806_225312_095.png
20260806_225312_232,2026-08-06 22:53:12,True,148,63,15.200000000000008,39,0.4,0.5,0.2,0,0.5,10,9.5,10,rrt_20260806_225312_232.png
20260806_225312_380,2026-08-06 22:53:12,True,91,49,14.780426775778178,38,0.4,0.5,0.2,0,0.5,10,9.5,10,rrt_20260806_225312_380.png
20260806_225314_741,2026-08-06 22:53:14,False,10000,187,0.0,0,0.4,0.5,0.2,0,0.5,10,9.5,10,rrt_20260806_225314_741.png
20260806_225316_001,2026-08-06 22:53:16,False,10000,59,0.0,0,0.4,0.5,0.2,0,0.5,10,9.5,10,rrt_20260806_225316_001.png
20260806_225316_359,2026-08-06 22:53:16,True,1643,144,16.76327735692697,43,0.4,0.5,0.2,0,0.5,10,9.5,10,rrt_20260806_225316_359.png
20260806_225316_531,2026-08-06 22:53:16,True,108,58,14.374411336128311,37,0.4,0.5,0.2,0,0.5,10,9.5,10,rrt_20260806_225316_531.png
20260806_225316_689,2026-08-06 22:53:16,True,436,72,16.400000000000006,42,0.4,0.5,0.2,0,0.5,10,9.5,10,rrt_20260806_225316_689.png
20260806_225316_845,2026-08-06 22:53:16,True,232,76,15.813828208526475,41,0.4,0.5,0.2,0,0.5,10,9.5,10,rrt_20260806_225316_845.png
20260806_225317_835,2026-08-06 22:53:17,False,10000,62,0.0,0,0.4,0.5,0.2,0,0.5,10,9.5,10,rrt_20260806_225317_835.png
20260806_225319_172,2026-08-06 22:53:19,False,10000,89,0.0,0,0.4,0.5,0.2,0,0.5,10,9.5,10,rrt_20260806_225319_172.png
20260806_225319_365,2026-08-06 22:53:19,True,77,50,14.799999999999999,38,0.4,0.5,0.2,0,0.5,10,9.5,10,rrt_20260806_225319_365.png
20260806_225319_496,2026-08-06 22:53:19,True,83,44,14.800000000000006,38,0.4,0.5,0.2,0,0.5,10,9.5,10,rrt_20260806_225319_496.png
20260806_225319_625,2026-08-06 22:53:19,True,89,57,14.766116049805705,38,0.4,0.5,0.2,0,0.5,10,9.5,10,rrt_20260806_225319_625.png
20260806_225319_775,2026-08-06 22:53:19,True,224,69,17.55891483741163,45,0.4,0.5,0.2,0,0.5,10,9.5,10,rrt_20260806_225319_775.png
20260806_225321_714,2026-08-06 22:53:21,False,10000,144,0.0,0,0.4,0.5,0.2,0,0.5,10,9.5,10,rrt_20260806_225321_714.png
20260806_225321_916,2026-08-06 22:53:21,True,76,51,15.450864718833955,40,0.4,0.5,0.2,0,0.5,10,9.5,10,rrt_20260806_225321_916.png
20260806_225323_069,2026-08-06 22:53:23,False,10000,76,0.0,0,0.4,0.5,0.2,0,0.5,10,9.5,10,rrt_20260806_225323_069.png
20260806_225324_377,2026-08-06 22:53:24,False,10000,71,0.0,0,0.4,0.5,0.2,0,0.5,10,9.5,10,rrt_20260806_225324_377.png
20260806_225324_599,2026-08-06 22:53:24,True,167,68,15.200000000000005,39,0.4,0.5,0.2,0,0.5,10,9.5,10,rrt_20260806_225324_599.png
20260806_225324_749,2026-08-06 22:53:24,True,263,70,15.448709707768925,40,0.4,0.5,0.2,0,0.5,10,9.5,10,rrt_20260806_225324_749.png
20260806_225324_896,2026-08-06 22:53:24,True,199,65,15.84054113451354,41,0.4,0.5,0.2,0,0.5,10,9.5,10,rrt_20260806_225324_896.png
20260806_225325_106,2026-08-06 22:53:25,True,1066,92,16.72816075152437,43,0.4,0.5,0.2,0,0.5,10,9.5,10,rrt_20260806_225325_106.png
20260806_225326_296,2026-08-06 22:53:26,False,10000,64,0.0,0,0.4,0.5,0.2,0,0.5,10,9.5,10,rrt_20260806_225326_296.png
20260806_225326_489,2026-08-06 22:53:26,True,234,64,15.600000000000003,40,0.4,0.5,0.2,0,0.5,10,9.5,10,rrt_20260806_225326_489.png
20260806_225328_309,2026-08-06 22:53:28,False,10000,133,0.0,0,0.4,0.5,0.2,0,0.5,10,9.5,10,rrt_20260806_225328_309.png
20260806_225328_520,2026-08-06 22:53:28,True,219,72,16.3266565070527,42,0.4,0.5,0.2,0,0.5,10,9.5,10,rrt_20260806_225328_520.png
20260806_225328_678,2026-08-06 22:53:28,True,398,85,15.200000000000003,39,0.4,0.5,0.2,0,0.5,10,9.5,10,rrt_20260806_225328_678.png
20260806_225328_862,2026-08-06 22:53:28,True,516,104,18.8,48,0.4,0.5,0.2,0,0.5,10,9.5,10,rrt_20260806_225328_862.png
20260806_225329_020,2026-08-06 22:53:29,True,133,62,15.02685586521706,39,0.4,0.5,0.2,0,0.5,10,9.5,10,rrt_20260806_225329_020.png
20260806_225329_192,2026-08-06 22:53:29,True,149,74,17.600000000000005,45,0.4,0.5,0.2,0,0.5,10,9.5,10,rrt_20260806_225329_192.png
20260806_225329_339,2026-08-06 22:53:29,True,124,57,14.800000000000006,38,0.4,0.5,0.2,0,0.5,10,9.5,10,rrt_20260806_225329_339.png
20260806_225330_467,2026-08-06 22:53:30,False,10000,72,0.0,0,0.4,0.5,0.2,0,0.5,10,9.5,10,rrt_20260806_225330_467.png
20260806_225330_649,2026-08-06 22:53:30,True,79,46,15.200000000000001,39,0.4,0.5,0.2,0,0.5,10,9.5,10,rrt_20260806_225330_649.png
20260806_225330_794,2026-08-06 22:53:30,True,122,53,14.8,38,0.4,0.5,0.2,0,0.5,10,9.5,10,rrt_20260806_225330_794.png
20260806_225330_946,2026-08-06 22:53:30,True,171,63,15.200000000000006,39,0.4,0.5,0.2,0,0.5,10,9.5,10,rrt_20260806_225330_946.png
20260806_225331_173,2026-08-06 22:53:31,True,224,60,14.400000000000006,37,0.4,0.5,0.2,0,0.5,10,9.5,10,rrt_20260806_225331_173.png
20260806_225331_322,2026-08-06 22:53:31,True,322,71,15.999999999999998,41,0.4,0.5,0.2,0,0.5,10,9.5,10,rrt_20260806_225331_322.png
20260806_225331_475,2026-08-06 22:53:31,True,256,78,17.53206473385566,45,0.4,0.5,0.2,0,0.5,10,9.5,10,rrt_20260806_225331_475.png
20260806_225332_792,2026-08-06 22:53:32,False,10000,90,0.0,0,0.4,0.5,0.2,0,0.5,10,9.5,10,rrt_20260806_225332_792.png
20260806_225332_983,2026-08-06 22:53:32,True,135,55,15.2,39,0.4,0.5,0.2,0,0.5,10,9.5,10,rrt_20260806_225332_983.png
20260806_225333_153,2026-08-06 22:53:33,True,177,59,14.708559860747487,38,0.4,0.5,0.2,0,0.5,10,9.5,10,rrt_20260806_225333_153.png
20260806_225333_293,2026-08-06 22:53:33,True,186,59,15.200000000000005,39,0.4,0.5,0.2,0,0.5,10,9.5,10,rrt_20260806_225333_293.png
20260806_225333_436,2026-08-06 22:53:33,True,189,58,16.000000000000004,41,0.4,0.5,0.2,0,0.5,10,9.5,10,rrt_20260806_225333_436.png
20260806_225333_584,2026-08-06 22:53:33,True,265,67,16.63314104655511,43,0.4,0.5,0.2,0,0.5,10,9.5,10,rrt_20260806_225333_584.png
20260806_225333_741,2026-08-06 22:53:33,True,313,77,16.000000000000007,41,0.4,0.5,0.2,0,0.5,10,9.5,10,rrt_20260806_225333_741.png
20260806_225333_889,2026-08-06 22:53:33,True,196,73,16.40000000000001,42,0.4,0.5,0.2,0,0.5,10,9.5,10,rrt_20260806_225333_889.png
20260806_225334_036,2026-08-06 22:53:34,True,127,55,16.000000000000007,41,0.4,0.5,0.2,0,0.5,10,9.5,10,rrt_20260806_225334_036.png
20260806_225334_222,2026-08-06 22:53:34,True,320,76,16.672949834594597,43,0.4,0.5,0.2,0,0.5,10,9.5,10,rrt_20260806_225334_222.png
20260806_225334_363,2026-08-06 22:53:34,True,76,47,16.239653533236662,42,0.4,0.5,0.2,0,0.5,10,9.5,10,rrt_20260806_225334_363.png
20260806_225334_517,2026-08-06 22:53:34,True,289,82,17.82095526256042,46,0.4,0.5,0.2,0,0.5,10,9.5,10,rrt_20260806_225334_517.png
20260806_225334_675,2026-08-06 22:53:34,True,213,68,15.200000000000005,39,0.4,0.5,0.2,0,0.5,10,9.5,10,rrt_20260806_225334_675.png
20260806_225334_815,2026-08-06 22:53:34,True,98,56,14.800000000000006,38,0.4,0.5,0.2,0,0.5,10,9.5,10,rrt_20260806_225334_815.png
20260806_225334_954,2026-08-06 22:53:34,True,151,61,15.200000000000005,39,0.4,0.5,0.2,0,0.5,10,9.5,10,rrt_20260806_225334_954.png
20260806_225335_122,2026-08-06 22:53:35,True,147,53,15.455847430579933,40,0.4,0.5,0.2,0,0.5,10,9.5,10,rrt_20260806_225335_122.png
20260806_225335_265,2026-08-06 22:53:35,True,173,67,16.400000000000002,42,0.4,0.5,0.2,0,0.5,10,9.5,10,rrt_20260806_225335_265.png
20260806_225335_448,2026-08-06 22:53:35,True,496,114,17.2,44,0.4,0.5,0.2,0,0.5,10,9.5,10,rrt_20260806_225335_448.png
20260806_225335_607,2026-08-06 22:53:35,True,288,78,16.800000000000004,43,0.4,0.5,0.2,0,0.5,10,9.5,10,rrt_20260806_225335_607.png
20260806_225335_793,2026-08-06 22:53:35,True,593,92,17.527246505713023,45,0.4,0.5,0.2,0,0.5,10,9.5,10,rrt_20260806_225335_793.png
20260806_225335_946,2026-08-06 22:53:35,True,159,53,15.600000000000003,40,0.4,0.5,0.2,0,0.5,10,9.5,10,rrt_20260806_225335_946.png
20260806_225336_125,2026-08-06 22:53:36,True,195,72,16.400000000000006,42,0.4,0.5,0.2,0,0.5,10,9.5,10,rrt_20260806_225336_125.png
20260806_225336_263,2026-08-06 22:53:36,True,108,51,15.02221559030514,39,0.4,0.5,0.2,0,0.5,10,9.5,10,rrt_20260806_225336_263.png
20260806_225336_400,2026-08-06 22:53:36,True,163,64,16.32833409255183,42,0.4,0.5,0.2,0,0.5,10,9.5,10,rrt_20260806_225336_400.png
20260806_225336_633,2026-08-06 22:53:36,True,1191,79,16.000000000000004,41,0.4,0.5,0.2,0,0.5,10,9.5,10,rrt_20260806_225336_633.png
20260806_225336_806,2026-08-06 22:53:36,True,347,70,15.2,39,0.4,0.5,0.2,0,0.5,10,9.5,10,rrt_20260806_225336_806.png
20260806_225336_954,2026-08-06 22:53:36,True,216,78,17.600000000000016,45,0.4,0.5,0.2,0,0.5,10,9.5,10,rrt_20260806_225336_954.png
20260806_225337_137,2026-08-06 22:53:37,True,304,72,15.41863667855955,40,0.4,0.5,0.2,0,0.5,10,9.5,10,rrt_20260806_225337_137.png
20260806_225338_243,2026-08-06 22:53:38,False,10000,58,0.0,0,0.4,0.5,0.2,0,0.5,10,9.5,10,rrt_20260806_225338_243.png
20260806_225338_423,2026-08-06 22:53:38,True,140,53,15.600000000000003,40,0.4,0.5,0.2,0,0.5,10,9.5,10,rrt_20260806_225338_423.png
20260806_225340_397,2026-08-06 22:53:40,False,10000,152,0.0,0,0.4,0.5,0.2,0,0.5,10,9.5,10,rrt_20260806_225340_397.png
20260806_225340_635,2026-08-06 22:53:40,True,342,84,18.000000000000007,46,0.4,0.5,0.2,0,0.5,10,9.5,10,rrt_20260806_225340_635.png
20260806_225341_927,2026-08-06 22:53:41,False,10000,70,0.0,0,0.4,0.5,0.2,0,0.5,10,9.5,10,rrt_20260806_225341_927.png
20260806_225342_110,2026-08-06 22:53:42,True,106,49,15.600000000000005,40,0.4,0.5,0.2,0,0.5,10,9.5,10,rrt_20260806_225342_110.png
20260806_225343_175,2026-08-06 22:53:43,False,10000,57,0.0,0,0.4,0.5,0.2,0,0.5,10,9.5,10,rrt_20260806_225343_175.png
20260806_225343_353,2026-08-06 22:53:43,True,63,48,14.652315154215598,38,0.4,0.5,0.2,0,0.5,10,9.5,10,rrt_20260806_225343_353.png
20260806_225343_495,2026-08-06 22:53:43,True,108,52,15.45980349202698,40,0.4,0.5,0.2,0,0.5,10,9.5,10,rrt_20260806_225343_495.png
20260806_225343_661,2026-08-06 22:53:43,True,219,61,15.200000000000008,39,0.4,0.5,0.2,0,0.5,10,9.5,10,rrt_20260806_225343_661.png
20260806_225344_881,2026-08-06 22:53:44,False,10000,70,0.0,0,0.4,0.5,0.2,0,0.5,10,9.5,10,rrt_20260806_225344_881.png
20260806_225345_081,2026-08-06 22:53:45,True,275,75,15.600000000000009,40,0.4,0.5,0.2,0,0.5,10,9.5,10,rrt_20260806_225345_081.png
20260806_225345_249,2026-08-06 22:53:45,True,406,87,15.119069702259026,39,0.4,0.5,0.2,0,0.5,10,9.5,10,rrt_20260806_225345_249.png
20260806_225345_422,2026-08-06 22:53:45,True,99,50,14.800000000000008,38,0.4,0.5,0.2,0,0.5,10,9.5,10,rrt_20260806_225345_422.png
20260806_225345_578,2026-08-06 22:53:45,True,281,71,15.816089567561104,41,0.4,0.5,0.2,0,0.5,10,9.5,10,rrt_20260806_225345_578.png
20260806_225347_046,2026-08-06 22:53:47,False,10000,92,0.0,0,0.4,0.5,0.2,0,0.5,10,9.5,10,rrt_20260806_225347_046.png
20260806_225347_240,2026-08-06 22:53:47,True,137,74,16.000000000000007,41,0.4,0.5,0.2,0,0.5,10,9.5,10,rrt_20260806_225347_240.png
20260806_225347_387,2026-08-06 22:53:47,True,164,65,15.200000000000001,39,0.4,0.5,0.2,0,0.5,10,9.5,10,rrt_20260806_225347_387.png
20260806_225347_582,2026-08-06 22:53:47,True,308,83,17.999999999999996,46,0.4,0.5,0.2,0,0.5,10,9.5,10,rrt_20260806_225347_582.png
20260806_225347_744,2026-08-06 22:53:47,True,110,51,15.600000000000005,40,0.4,0.5,0.2,0,0.5,10,9.5,10,rrt_20260806_225347_744.png
20260806_225347_905,2026-08-06 22:53:47,True,92,51,15.917658681392108,41,0.4,0.5,0.2,0,0.5,10,9.5,10,rrt_20260806_225347_905.png
20260806_225348_037,2026-08-06 22:53:48,True,79,50,15.198704795640737,39,0.4,0.5,0.2,0,0.5,10,9.5,10,rrt_20260806_225348_037.png
20260806_225349_188,2026-08-06 22:53:49,False,10000,61,0.0,0,0.4,0.5,0.2,0,0.5,10,9.5,10,rrt_20260806_225349_188.png
20260806_225349_378,2026-08-06 22:53:49,True,143,58,15.836033232160458,41,0.4,0.5,0.2,0,0.5,10,9.5,10,rrt_20260806_225349_378.png
20260806_225349_523,2026-08-06 22:53:49,True,150,61,16.367026869147967,42,0.4,0.5,0.2,0,0.5,10,9.5,10,rrt_20260806_225349_523.png
20260806_225349_666,2026-08-06 22:53:49,True,139,51,14.800000000000008,38,0.4,0.5,0.2,0,0.5,10,9.5,10,rrt_20260806_225349_666.png
20260806_225349_891,2026-08-06 22:53:49,True,824,103,19.594260098024765,50,0.4,0.5,0.2,0,0.5,10,9.5,10,rrt_20260806_225349_891.png
20260806_225350_043,2026-08-06 22:53:50,True,133,64,15.200000000000003,39,0.4,0.6,0.2,0,0.5,10,9.5,10,rrt_20260806_225350_043.png
20260806_225350_182,2026-08-06 22:53:50,True,110,68,15.071489942460563,39,0.4,0.6,0.2,0,0.5,10,9.5,10,rrt_20260806_225350_182.png
20260806_225350_330,2026-08-06 22:53:50,True,151,64,16.00000000000001,41,0.4,0.6,0.2,0,0.5,10,9.5,10,rrt_20260806_225350_330.png
20260806_225350_543,2026-08-06 22:53:50,True,891,90,15.581219653410333,40,0.4,0.6,0.2,0,0.5,10,9.5,10,rrt_20260806_225350_543.png
20260806_225350_694,2026-08-06 22:53:50,True,120,59,15.918879581492426,41,0.4,0.6,0.2,0,0.5,10,9.5,10,rrt_20260806_225350_694.png
20260806_225350_864,2026-08-06 22:53:50,True,172,65,15.17695354499686,39,0.4,0.6,0.2,0,0.5,10,9.5,10,rrt_20260806_225350_864.png
20260806_225351_003,2026-08-06 22:53:51,True,101,58,15.867722440629429,41,0.4,0.6,0.2,0,0.5,10,9.5,10,rrt_20260806_225351_003.png
20260806_225352_224,2026-08-06 22:53:52,False,10000,71,0.0,0,0.4,0.6,0.2,0,0.5,10,9.5,10,rrt_20260806_225352_224.png
20260806_225352_422,2026-08-06 22:53:52,True,286,83,17.83838492282477,46,0.4,0.6,0.2,0,0.5,10,9.5,10,rrt_20260806_225352_422.png
20260806_225352_613,2026-08-06 22:53:52,True,507,85,17.200000000000003,44,0.4,0.6,0.2,0,0.5,10,9.5,10,rrt_20260806_225352_613.png
20260806_225352_774,2026-08-06 22:53:52,True,276,82,17.600000000000005,45,0.4,0.6,0.2,0,0.5,10,9.5,10,rrt_20260806_225352_774.png
20260806_225352_952,2026-08-06 22:53:52,True,172,61,15.1308055671915,39,0.4,0.6,0.2,0,0.5,10,9.5,10,rrt_20260806_225352_952.png
20260806_225353_101,2026-08-06 22:53:53,True,208,77,17.96059389438247,46,0.4,0.6,0.2,0,0.5,10,9.5,10,rrt_20260806_225353_101.png
20260806_225353_252,2026-08-06 22:53:53,True,208,77,16.400000000000006,42,0.4,0.6,0.2,0,0.5,10,9.5,10,rrt_20260806_225353_252.png
20260806_225353_411,2026-08-06 22:53:53,True,300,96,19.061141999430056,49,0.4,0.6,0.2,0,0.5,10,9.5,10,rrt_20260806_225353_411.png
20260806_225354_607,2026-08-06 22:53:54,False,10000,67,0.0,0,0.4,0.6,0.2,0,0.5,10,9.5,10,rrt_20260806_225354_607.png
20260806_225354_851,2026-08-06 22:53:54,True,137,60,15.07525332608316,39,0.4,0.6,0.2,0,0.5,10,9.5,10,rrt_20260806_225354_851.png
20260806_225355_019,2026-08-06 22:53:55,True,206,65,16.695636873236904,43,0.4,0.6,0.2,0,0.5,10,9.5,10,rrt_20260806_225355_019.png
20260806_225355_183,2026-08-06 22:53:55,True,357,62,16.400000000000013,42,0.4,0.6,0.2,0,0.5,10,9.5,10,rrt_20260806_225355_183.png
20260806_225355_343,2026-08-06 22:53:55,True,146,58,15.200000000000006,39,0.4,0.6,0.2,0,0.5,10,9.5,10,rrt_20260806_225355_343.png
20260806_225357_859,2026-08-06 22:53:57,False,10000,209,0.0,0,0.4,0.6,0.2,0,0.5,10,9.5,10,rrt_20260806_225357_859.png
20260806_225358_192,2026-08-06 22:53:58,True,101,56,15.199999999999996,39,0.4,0.6,0.2,0,0.5,10,9.5,10,rrt_20260806_225358_192.png
20260806_225358_356,2026-08-06 22:53:58,True,338,85,17.989012813673057,46,0.4,0.6,0.2,0,0.5,10,9.5,10,rrt_20260806_225358_356.png
20260806_225358_503,2026-08-06 22:53:58,True,112,58,15.021008595022492,39,0.4,0.6,0.2,0,0.5,10,9.5,10,rrt_20260806_225358_503.png
20260806_225358_661,2026-08-06 22:53:58,True,372,80,16.615660441727155,43,0.4,0.6,0.2,0,0.5,10,9.5,10,rrt_20260806_225358_661.png
20260806_225400_443,2026-08-06 22:54:00,False,10000,127,0.0,0,0.4,0.6,0.2,0,0.5,10,9.5,10,rrt_20260806_225400_443.png
20260806_225400_678,2026-08-06 22:54:00,True,100,56,16.2599684611989,42,0.4,0.6,0.2,0,0.5,10,9.5,10,rrt_20260806_225400_678.png
20260806_225400_861,2026-08-06 22:54:00,True,478,116,18.0,46,0.4,0.6,0.2,0,0.5,10,9.5,10,rrt_20260806_225400_861.png
20260806_225401_028,2026-08-06 22:54:01,True,272,84,16.383109905812056,42,0.4,0.6,0.2,0,0.5,10,9.5,10,rrt_20260806_225401_028.png
20260806_225401_171,2026-08-06 22:54:01,True,124,61,15.985920130338464,41,0.4,0.6,0.2,0,0.5,10,9.5,10,rrt_20260806_225401_171.png
20260806_225401_307,2026-08-06 22:54:01,True,69,51,14.800000000000006,38,0.4,0.6,0.2,0,0.5,10,9.5,10,rrt_20260806_225401_307.png
20260806_225401_451,2026-08-06 22:54:01,True,181,66,16.000000000000007,41,0.4,0.6,0.2,0,0.5,10,9.5,10,rrt_20260806_225401_451.png
20260806_225403_257,2026-08-06 22:54:03,False,10000,130,0.0,0,0.4,0.6,0.2,0,0.5,10,9.5,10,rrt_20260806_225403_257.png
20260806_225403_463,2026-08-06 22:54:03,True,96,60,14.797688036466694,38,0.4,0.6,0.2,0,0.5,10,9.5,10,rrt_20260806_225403_463.png
20260806_225403_628,2026-08-06 22:54:03,True,278,92,18.000000000000014,46,0.4,0.6,0.2,0,0.5,10,9.5,10,rrt_20260806_225403_628.png
20260806_225403_780,2026-08-06 22:54:03,True,231,71,17.200000000000006,44,0.4,0.6,0.2,0,0.5,10,9.5,10,rrt_20260806_225403_780.png
20260806_225403_941,2026-08-06 22:54:03,True,309,89,16.782431445924303,43,0.4,0.6,0.2,0,0.5,10,9.5,10,rrt_20260806_225403_941.png
20260806_225404_102,2026-08-06 22:54:04,True,352,67,16.400000000000002,42,0.4,0.6,0.2,0,0.5,10,9.5,10,rrt_20260806_225404_102.png
20260806_225404_269,2026-08-06 22:54:04,True,121,61,14.400000000000007,37,0.4,0.6,0.2,0,0.5,10,9.5,10,rrt_20260806_225404_269.png
20260806_225404_416,2026-08-06 22:54:04,True,103,61,15.589550546394301,40,0.4,0.6,0.2,0,0.5,10,9.5,10,rrt_20260806_225404_416.png
20260806_225404_557,2026-08-06 22:54:04,True,159,68,15.600000000000009,40,0.4,0.6,0.2,0,0.5,10,9.5,10,rrt_20260806_225404_557.png
20260806_225404_697,2026-08-06 22:54:04,True,106,49,15.154997867249374,39,0.4,0.6,0.2,0,0.5,10,9.5,10,rrt_20260806_225404_697.png
20260806_225405_800,2026-08-06 22:54:05,False,10000,72,0.0,0,0.4,0.6,0.2,0,0.5,10,9.5,10,rrt_20260806_225405_800.png
20260806_225406_015,2026-08-06 22:54:06,True,150,51,15.600000000000005,40,0.4,0.6,0.2,0,0.5,10,9.5,10,rrt_20260806_225406_015.png
20260806_225406_229,2026-08-06 22:54:06,True,927,108,21.069567178141558,54,0.4,0.6,0.2,0,0.5,10,9.5,10,rrt_20260806_225406_229.png
20260806_225406_379,2026-08-06 22:54:06,True,115,58,15.200000000000005,39,0.4,0.6,0.2,0,0.5,10,9.5,10,rrt_20260806_225406_379.png
20260806_225406_512,2026-08-06 22:54:06,True,79,54,14.800000000000002,38,0.4,0.6,0.2,0,0.5,10,9.5,10,rrt_20260806_225406_512.png
20260806_225406_654,2026-08-06 22:54:06,True,171,72,15.051037141202796,39,0.4,0.6,0.2,0,0.5,10,9.5,10,rrt_20260806_225406_654.png
20260806_225406_807,2026-08-06 22:54:06,True,215,75,17.137358358167383,44,0.4,0.6,0.2,0,0.5,10,9.5,10,rrt_20260806_225406_807.png
20260806_225406_981,2026-08-06 22:54:06,True,125,60,15.200000000000003,39,0.4,0.6,0.2,0,0.5,10,9.5,10,rrt_20260806_225406_981.png
20260806_225407_120,2026-08-06 22:54:07,True,140,59,15.976940180188908,41,0.4,0.6,0.2,0,0.5,10,9.5,10,rrt_20260806_225407_120.png
20260806_225407_264,2026-08-06 22:54:07,True,196,61,15.600000000000007,40,0.4,0.6,0.2,0,0.5,10,9.5,10,rrt_20260806_225407_264.png
20260806_225409_499,2026-08-06 22:54:09,False,10000,174,0.0,0,0.4,0.6,0.2,0,0.5,10,9.5,10,rrt_20260806_225409_499.png
20260806_225409_728,2026-08-06 22:54:09,True,376,80,15.925353656861851,41,0.4,0.6,0.2,0,0.5,10,9.5,10,rrt_20260806_225409_728.png
20260806_225411_051,2026-08-06 22:54:11,False,10000,74,0.0,0,0.4,0.6,0.2,0,0.5,10,9.5,10,rrt_20260806_225411_051.png
20260806_225411_245,2026-08-06 22:54:11,True,115,53,16.000000000000007,41,0.4,0.6,0.2,0,0.5,10,9.5,10,rrt_20260806_225411_245.png
20260806_225411_393,2026-08-06 22:54:11,True,253,71,16.800000000000015,43,0.4,0.6,0.2,0,0.5,10,9.5,10,rrt_20260806_225411_393.png
20260806_225411_675,2026-08-06 22:54:11,True,799,97,19.113741183171573,49,0.4,0.6,0.2,0,0.5,10,9.5,10,rrt_20260806_225411_675.png
20260806_225413_945,2026-08-06 22:54:13,False,10000,179,0.0,0,0.4,0.6,0.2,0,0.5,10,9.5,10,rrt_20260806_225413_945.png
20260806_225414_183,2026-08-06 22:54:14,True,94,54,16.00000000000001,41,0.4,0.6,0.2,0,0.5,10,9.5,10,rrt_20260806_225414_183.png
20260806_225414_326,2026-08-06 22:54:14,True,116,52,15.838594300872504,41,0.4,0.6,0.2,0,0.5,10,9.5,10,rrt_20260806_225414_326.png
20260806_225414_537,2026-08-06 22:54:14,True,688,91,15.200000000000006,39,0.4,0.6,0.2,0,0.5,10,9.5,10,rrt_20260806_225414_537.png
20260806_225414_735,2026-08-06 22:54:14,True,622,87,14.697845859523612,38,0.4,0.6,0.2,0,0.5,10,9.5,10,rrt_20260806_225414_735.png
20260806_225414_888,2026-08-06 22:54:14,True,84,48,15.199999999999994,39,0.4,0.6,0.2,0,0.5,10,9.5,10,rrt_20260806_225414_888.png
20260806_225415_079,2026-08-06 22:54:15,True,749,92,16.400000000000006,42,0.4,0.6,0.2,0,0.5,10,9.5,10,rrt_20260806_225415_079.png
20260806_225415_261,2026-08-06 22:54:15,True,105,51,15.200000000000003,39,0.4,0.6,0.2,0,0.5,10,9.5,10,rrt_20260806_225415_261.png
20260806_225416_411,2026-08-06 22:54:16,False,10000,73,0.0,0,0.4,0.6,0.2,0,0.5,10,9.5,10,rrt_20260806_225416_411.png
20260806_225416_626,2026-08-06 22:54:16,True,441,100,17.2,44,0.4,0.6,0.2,0,0.5,10,9.5,10,rrt_20260806_225416_626.png
20260806_225416_780,2026-08-06 22:54:16,True,89,55,15.580694023415532,40,0.4,0.6,0.2,0,0.5,10,9.5,10,rrt_20260806_225416_780.png
20260806_225416_940,2026-08-06 22:54:16,True,323,96,18.675820253369853,48,0.4,0.6,0.2,0,0.5,10,9.5,10,rrt_20260806_225416_940.png
20260806_225417_177,2026-08-06 22:54:17,True,928,97,19.200000000000003,49,0.4,0.6,0.2,0,0.5,10,9.5,10,rrt_20260806_225417_177.png
20260806_225417_327,2026-08-06 22:54:17,True,132,67,15.425392886048245,40,0.4,0.6,0.2,0,0.5,10,9.5,10,rrt_20260806_225417_327.png
20260806_225418_583,2026-08-06 22:54:18,False,10000,72,0.0,0,0.4,0.6,0.2,0,0.5,10,9.5,10,rrt_20260806_225418_583.png
20260806_225418_785,2026-08-06 22:54:18,True,195,65,15.115656415891884,39,0.4,0.6,0.2,0,0.5,10,9.5,10,rrt_20260806_225418_785.png
20260806_225420_610,2026-08-06 22:54:20,False,10000,138,0.0,0,0.4,0.6,0.2,0,0.5,10,9.5,10,rrt_20260806_225420_610.png
20260806_225420_850,2026-08-06 22:54:20,True,179,75,16.314521987627167,42,0.4,0.6,0.2,0,0.5,10,9.5,10,rrt_20260806_225420_850.png
20260806_225421_050,2026-08-06 22:54:21,True,887,86,15.600000000000003,40,0.4,0.6,0.2,0,0.5,10,9.5,10,rrt_20260806_225421_050.png
20260806_225421_260,2026-08-06 22:54:21,True,673,92,16.291728755670828,42,0.4,0.6,0.2,0,0.5,10,9.5,10,rrt_20260806_225421_260.png
20260806_225421_419,2026-08-06 22:54:21,True,124,58,15.597639832883736,40,0.4,0.6,0.2,0,0.5,10,9.5,10,rrt_20260806_225421_419.png
20260806_225421_555,2026-08-06 22:54:21,True,125,60,15.452318453338876,40,0.4,0.6,0.2,0,0.5,10,9.5,10,rrt_20260806_225421_555.png
20260806_225421_699,2026-08-06 22:54:21,True,110,59,14.800000000000002,38,0.4,0.6,0.2,0,0.5,10,9.5,10,rrt_20260806_225421_699.png
20260806_225421_875,2026-08-06 22:54:21,True,121,53,15.489996148932326,40,0.4,0.6,0.2,0,0.5,10,9.5,10,rrt_20260806_225421_875.png
20260806_225422_019,2026-08-06 22:54:22,True,229,67,15.175922135229662,39,0.4,0.6,0.2,0,0.5,10,9.5,10,rrt_20260806_225422_019.png
20260806_225422_161,2026-08-06 22:54:22,True,152,54,16.32516741587026,42,0.4,0.6,0.2,0,0.5,10,9.5,10,rrt_20260806_225422_161.png
20260806_225422_351,2026-08-06 22:54:22,True,541,102,18.243336411324158,47,0.4,0.6,0.2,0,0.5,10,9.5,10,rrt_20260806_225422_351.png
20260806_225422_511,2026-08-06 22:54:22,True,229,71,15.600000000000007,40,0.4,0.6,0.2,0,0.5,10,9.5,10,rrt_20260806_225422_511.png
20260806_225422_660,2026-08-06 22:54:22,True,199,73,15.431909393833354,40,0.4,0.6,0.2,0,0.5,10,9.5,10,rrt_20260806_225422_660.png
20260806_225422_834,2026-08-06 22:54:22,True,140,68,15.591388975388803,40,0.4,0.6,0.2,0,0.5,10,9.5,10,rrt_20260806_225422_834.png
20260806_225423_004,2026-08-06 22:54:23,True,462,96,18.606366038201813,48,0.4,0.6,0.2,0,0.5,10,9.5,10,rrt_20260806_225423_004.png
20260806_225424_090,2026-08-06 22:54:24,False,10000,70,0.0,0,0.4,0.6,0.2,0,0.5,10,9.5,10,rrt_20260806_225424_090.png
20260806_225426_640,2026-08-06 22:54:26,False,10000,200,0.0,0,0.4,0.6,0.2,0,0.5,10,9.5,10,rrt_20260806_225426_640.png
20260806_225428_813,2026-08-06 22:54:28,False,10000,160,0.0,0,0.4,0.6,0.2,0,0.5,10,9.5,10,rrt_20260806_225428_813.png
20260806_225429_021,2026-08-06 22:54:29,True,88,58,15.2,39,0.4,0.6,0.2,0,0.5,10,9.5,10,rrt_20260806_225429_021.png
20260806_225429_166,2026-08-06 22:54:29,True,135,56,15.008390032619776,39,0.4,0.6,0.2,0,0.5,10,9.5,10,rrt_20260806_225429_166.png
20260806_225429_309,2026-08-06 22:54:29,True,133,65,16.000000000000007,41,0.4,0.6,0.2,0,0.5,10,9.5,10,rrt_20260806_225429_309.png
20260806_225429_461,2026-08-06 22:54:29,True,248,78,17.4455692346165,45,0.4,0.6,0.2,0,0.5,10,9.5,10,rrt_20260806_225429_461.png
20260806_225429_613,2026-08-06 22:54:29,True,185,74,17.20000000000001,44,0.4,0.6,0.2,0,0.5,10,9.5,10,rrt_20260806_225429_613.png
20260806_225429_792,2026-08-06 22:54:29,True,149,68,16.35991884019043,42,0.4,0.6,0.2,0,0.5,10,9.5,10,rrt_20260806_225429_792.png
20260806_225429_942,2026-08-06 22:54:29,True,188,68,16.33627618249841,42,0.4,0.6,0.2,0,0.5,10,9.5,10,rrt_20260806_225429_942.png
20260806_225430_148,2026-08-06 22:54:30,True,512,105,19.010489664780042,49,0.4,0.6,0.2,0,0.5,10,9.5,10,rrt_20260806_225430_148.png
20260806_225430_314,2026-08-06 22:54:30,True,164,74,16.800000000000004,43,0.4,0.7,0.2,0,0.5,10,9.5,10,rrt_20260806_225430_314.png
20260806_225430_493,2026-08-06 22:54:30,True,112,71,15.190839296054374,39,0.4,0.7,0.2,0,0.5,10,9.5,10,rrt_20260806_225430_493.png
20260806_225430_708,2026-08-06 22:54:30,True,657,127,17.134092026961564,44,0.4,0.7,0.2,0,0.5,10,9.5,10,rrt_20260806_225430_708.png
20260806_225431_907,2026-08-06 22:54:31,False,10000,74,0.0,0,0.4,0.7,0.2,0,0.5,10,9.5,10,rrt_20260806_225431_907.png
20260806_225433_038,2026-08-06 22:54:33,False,10000,70,0.0,0,0.4,0.7,0.2,0,0.5,10,9.5,10,rrt_20260806_225433_038.png
20260806_225434_031,2026-08-06 22:54:34,False,10000,58,0.0,0,0.4,0.7,0.2,0,0.5,10,9.5,10,rrt_20260806_225434_031.png
20260806_225434_213,2026-08-06 22:54:34,True,114,69,15.941340718298518,41,0.4,0.7,0.2,0,0.5,10,9.5,10,rrt_20260806_225434_213.png
20260806_225434_389,2026-08-06 22:54:34,True,223,80,18.000000000000014,46,0.4,0.7,0.2,0,0.5,10,9.5,10,rrt_20260806_225434_389.png
20260806_225434_541,2026-08-06 22:54:34,True,179,66,15.418517865086939,40,0.4,0.7,0.2,0,0.5,10,9.5,10,rrt_20260806_225434_541.png
20260806_225434_722,2026-08-06 22:54:34,True,470,100,17.200000000000014,44,0.4,0.7,0.2,0,0.5,10,9.5,10,rrt_20260806_225434_722.png
20260806_225435_935,2026-08-06 22:54:35,False,10000,69,0.0,0,0.4,0.7,0.2,0,0.5,10,9.5,10,rrt_20260806_225435_935.png
20260806_225436_124,2026-08-06 22:54:36,True,116,55,15.20000000000001,39,0.4,0.7,0.2,0,0.5,10,9.5,10,rrt_20260806_225436_124.png
20260806_225436_298,2026-08-06 22:54:36,True,146,70,16.000000000000004,41,0.4,0.7,0.2,0,0.5,10,9.5,10,rrt_20260806_225436_298.png
20260806_225436_438,2026-08-06 22:54:36,True,144,63,16.400000000000006,42,0.4,0.7,0.2,0,0.5,10,9.5,10,rrt_20260806_225436_438.png
20260806_225436_578,2026-08-06 22:54:36,True,124,70,15.546817820383463,40,0.4,0.7,0.2,0,0.5,10,9.5,10,rrt_20260806_225436_578.png
20260806_225436_741,2026-08-06 22:54:36,True,310,98,17.562567398336878,45,0.4,0.7,0.2,0,0.5,10,9.5,10,rrt_20260806_225436_741.png
20260806_225436_932,2026-08-06 22:54:36,True,437,124,19.01889441562892,49,0.4,0.7,0.2,0,0.5,10,9.5,10,rrt_20260806_225436_932.png
20260806_225438_733,2026-08-06 22:54:38,False,10000,130,0.0,0,0.4,0.7,0.2,0,0.5,10,9.5,10,rrt_20260806_225438_733.png
20260806_225438_933,2026-08-06 22:54:38,True,100,59,14.400000000000007,37,0.4,0.7,0.2,0,0.5,10,9.5,10,rrt_20260806_225438_933.png
20260806_225439_072,2026-08-06 22:54:39,True,126,61,16.000000000000004,41,0.4,0.7,0.2,0,0.5,10,9.5,10,rrt_20260806_225439_072.png
20260806_225439_232,2026-08-06 22:54:39,True,365,82,17.182741074898576,44,0.4,0.7,0.2,0,0.5,10,9.5,10,rrt_20260806_225439_232.png
20260806_225440_440,2026-08-06 22:54:40,False,10000,77,0.0,0,0.4,0.7,0.2,0,0.5,10,9.5,10,rrt_20260806_225440_440.png
20260806_225440_653,2026-08-06 22:54:40,True,73,50,14.715699101875757,38,0.4,0.7,0.2,0,0.5,10,9.5,10,rrt_20260806_225440_653.png
20260806_225440_792,2026-08-06 22:54:40,True,148,62,16.0,41,0.4,0.7,0.2,0,0.5,10,9.5,10,rrt_20260806_225440_792.png
20260806_225441_950,2026-08-06 22:54:41,False,10000,67,0.0,0,0.4,0.7,0.2,0,0.5,10,9.5,10,rrt_20260806_225441_950.png
20260806_225442_135,2026-08-06 22:54:42,True,181,59,15.811324801215315,41,0.4,0.7,0.2,0,0.5,10,9.5,10,rrt_20260806_225442_135.png
20260806_225442_286,2026-08-06 22:54:42,True,299,87,15.832374466382268,41,0.4,0.7,0.2,0,0.5,10,9.5,10,rrt_20260806_225442_286.png
20260806_225442_473,2026-08-06 22:54:42,True,531,106,17.92016624744119,46,0.4,0.7,0.2,0,0.5,10,9.5,10,rrt_20260806_225442_473.png
20260806_225442_654,2026-08-06 22:54:42,True,124,60,16.00000000000001,41,0.4,0.7,0.2,0,0.5,10,9.5,10,rrt_20260806_225442_654.png
20260806_225442_799,2026-08-06 22:54:42,True,217,69,15.541774701386217,40,0.4,0.7,0.2,0,0.5,10,9.5,10,rrt_20260806_225442_799.png
20260806_225444_034,2026-08-06 22:54:44,False,10000,73,0.0,0,0.4,0.7,0.2,0,0.5,10,9.5,10,rrt_20260806_225444_034.png
20260806_225444_220,2026-08-06 22:54:44,True,125,58,15.81115652843027,41,0.4,0.7,0.2,0,0.5,10,9.5,10,rrt_20260806_225444_220.png
20260806_225446_022,2026-08-06 22:54:46,False,10000,122,0.0,0,0.4,0.7,0.2,0,0.5,10,9.5,10,rrt_20260806_225446_022.png
20260806_225446_279,2026-08-06 22:54:46,True,135,54,16.222395197413366,42,0.4,0.7,0.2,0,0.5,10,9.5,10,rrt_20260806_225446_279.png
20260806_225446_423,2026-08-06 22:54:46,True,173,74,16.400000000000002,42,0.4,0.7,0.2,0,0.5,10,9.5,10,rrt_20260806_225446_423.png
20260806_225446_568,2026-08-06 22:54:46,True,147,65,15.6,40,0.4,0.7,0.2,0,0.5,10,9.5,10,rrt_20260806_225446_568.png
20260806_225446_738,2026-08-06 22:54:46,True,336,98,17.0032569239068,44,0.4,0.7,0.2,0,0.5,10,9.5,10,rrt_20260806_225446_738.png
20260806_225446_888,2026-08-06 22:54:46,True,145,57,16.666523615058946,43,0.4,0.7,0.2,0,0.5,10,9.5,10,rrt_20260806_225446_888.png
20260806_225447_034,2026-08-06 22:54:47,True,146,77,17.6,45,0.4,0.7,0.2,0,0.5,10,9.5,10,rrt_20260806_225447_034.png
20260806_225447_336,2026-08-06 22:54:47,True,226,76,18.400000000000006,47,0.4,0.7,0.2,0,0.5,10,9.5,10,rrt_20260806_225447_336.png
20260806_225448_736,2026-08-06 22:54:48,False,10000,89,0.0,0,0.4,0.7,0.2,0,0.5,10,9.5,10,rrt_20260806_225448_736.png
20260806_225448_928,2026-08-06 22:54:48,True,98,61,16.215937736491096,42,0.4,0.7,0.2,0,0.5,10,9.5,10,rrt_20260806_225448_928.png
20260806_225450_479,2026-08-06 22:54:50,False,10000,108,0.0,0,0.4,0.7,0.2,0,0.5,10,9.5,10,rrt_20260806_225450_479.png
20260806_225450_676,2026-08-06 22:54:50,True,108,60,16.727243543051447,43,0.4,0.7,0.2,0,0.5,10,9.5,10,rrt_20260806_225450_676.png
20260806_225452_339,2026-08-06 22:54:52,False,10000,121,0.0,0,0.4,0.7,0.2,0,0.5,10,9.5,10,rrt_20260806_225452_339.png
20260806_225452_548,2026-08-06 22:54:52,True,144,68,15.163144073500906,39,0.4,0.7,0.2,0,0.5,10,9.5,10,rrt_20260806_225452_548.png
20260806_225452_687,2026-08-06 22:54:52,True,116,70,15.816149253709588,41,0.4,0.7,0.2,0,0.5,10,9.5,10,rrt_20260806_225452_687.png
20260806_225452_836,2026-08-06 22:54:52,True,212,74,15.600000000000009,40,0.4,0.7,0.2,0,0.5,10,9.5,10,rrt_20260806_225452_836.png
20260806_225454_715,2026-08-06 22:54:54,False,10000,125,0.0,0,0.4,0.7,0.2,0,0.5,10,9.5,10,rrt_20260806_225454_715.png
20260806_225454_937,2026-08-06 22:54:54,True,326,88,16.40000000000001,42,0.4,0.7,0.2,0,0.5,10,9.5,10,rrt_20260806_225454_937.png
20260806_225456_948,2026-08-06 22:54:56,False,10000,151,0.0,0,0.4,0.7,0.2,0,0.5,10,9.5,10,rrt_20260806_225456_948.png
20260806_225457_312,2026-08-06 22:54:57,True,1267,135,21.02761584346968,54,0.4,0.7,0.2,0,0.5,10,9.5,10,rrt_20260806_225457_312.png
20260806_225459_462,2026-08-06 22:54:59,False,10000,164,0.0,0,0.4,0.7,0.2,0,0.5,10,9.5,10,rrt_20260806_225459_462.png
20260806_225459_699,2026-08-06 22:54:59,True,125,57,16.000000000000004,41,0.4,0.7,0.2,0,0.5,10,9.5,10,rrt_20260806_225459_699.png
20260806_225459_866,2026-08-06 22:54:59,True,281,82,16.000000000000007,41,0.4,0.7,0.2,0,0.5,10,9.5,10,rrt_20260806_225459_866.png
20260806_225500_014,2026-08-06 22:55:00,True,118,60,16.331588096892652,42,0.4,0.7,0.2,0,0.5,10,9.5,10,rrt_20260806_225500_014.png
20260806_225501_258,2026-08-06 22:55:01,False,10000,72,0.0,0,0.4,0.7,0.2,0,0.5,10,9.5,10,rrt_20260806_225501_258.png
20260806_225501_472,2026-08-06 22:55:01,True,125,56,16.00000000000001,41,0.4,0.7,0.2,0,0.5,10,9.5,10,rrt_20260806_225501_472.png
20260806_225501_616,2026-08-06 22:55:01,True,185,71,15.600000000000001,40,0.4,0.7,0.2,0,0.5,10,9.5,10,rrt_20260806_225501_616.png
20260806_225501_794,2026-08-06 22:55:01,True,468,116,20.799999999999994,53,0.4,0.7,0.2,0,0.5,10,9.5,10,rrt_20260806_225501_794.png
20260806_225501_954,2026-08-06 22:55:01,True,177,68,17.982513307256042,46,0.4,0.7,0.2,0,0.5,10,9.5,10,rrt_20260806_225501_954.png
20260806_225502_115,2026-08-06 22:55:02,True,213,86,18.2415347059637,47,0.4,0.7,0.2,0,0.5,10,9.5,10,rrt_20260806_225502_115.png
20260806_225503_500,2026-08-06 22:55:03,False,10000,87,0.0,0,0.4,0.7,0.2,0,0.5,10,9.5,10,rrt_20260806_225503_500.png
20260806_225503_748,2026-08-06 22:55:03,True,323,76,16.683803310648223,43,0.4,0.7,0.2,0,0.5,10,9.5,10,rrt_20260806_225503_748.png
20260806_225503_904,2026-08-06 22:55:03,True,284,86,18.000000000000007,46,0.4,0.7,0.2,0,0.5,10,9.5,10,rrt_20260806_225503_904.png
20260806_225504_976,2026-08-06 22:55:04,False,10000,55,0.0,0,0.4,0.7,0.2,0,0.5,10,9.5,10,rrt_20260806_225504_976.png
20260806_225505_152,2026-08-06 22:55:05,True,76,52,15.812112309694552,41,0.4,0.7,0.2,0,0.5,10,9.5,10,rrt_20260806_225505_152.png
20260806_225507_499,2026-08-06 22:55:07,False,10000,184,0.0,0,0.4,0.7,0.2,0,0.5,10,9.5,10,rrt_20260806_225507_499.png
20260806_225508_688,2026-08-06 22:55:08,False,10000,69,0.0,0,0.4,0.7,0.2,0,0.5,10,9.5,10,rrt_20260806_225508_688.png
20260806_225508_878,2026-08-06 22:55:08,True,181,75,16.400000000000006,42,0.4,0.7,0.2,0,0.5,10,9.5,10,rrt_20260806_225508_878.png
20260806_225509_028,2026-08-06 22:55:09,True,174,71,16.240625705548613,42,0.4,0.7,0.2,0,0.5,10,9.5,10,rrt_20260806_225509_028.png
20260806_225511_017,2026-08-06 22:55:11,False,10000,146,0.0,0,0.4,0.7,0.2,0,0.5,10,9.5,10,rrt_20260806_225511_017.png
20260806_225511_266,2026-08-06 22:55:11,True,171,57,16.225322253714793,42,0.4,0.7,0.2,0,0.5,10,9.5,10,rrt_20260806_225511_266.png
20260806_225511_405,2026-08-06 22:55:11,True,87,53,15.600000000000007,40,0.4,0.7,0.2,0,0.5,10,9.5,10,rrt_20260806_225511_405.png
20260806_225511_548,2026-08-06 22:55:11,True,116,67,15.600000000000009,40,0.4,0.7,0.2,0,0.5,10,9.5,10,rrt_20260806_225511_548.png
20260806_225511_719,2026-08-06 22:55:11,True,431,96,16.774028354359828,43,0.4,0.7,0.2,0,0.5,10,9.5,10,rrt_20260806_225511_719.png
20260806_225511_956,2026-08-06 22:55:11,True,786,143,19.079278522264424,49,0.4,0.7,0.2,0,0.5,10,9.5,10,rrt_20260806_225511_956.png
20260806_225514_030,2026-08-06 22:55:14,False,10000,150,0.0,0,0.4,0.7,0.2,0,0.5,10,9.5,10,rrt_20260806_225514_030.png
20260806_225514_232,2026-08-06 22:55:14,True,78,53,14.800000000000008,38,0.4,0.7,0.2,0,0.5,10,9.5,10,rrt_20260806_225514_232.png
20260806_225514_370,2026-08-06 22:55:14,True,114,62,15.597506986113839,40,0.4,0.7,0.2,0,0.5,10,9.5,10,rrt_20260806_225514_370.png
20260806_225514_514,2026-08-06 22:55:14,True,149,70,15.600000000000005,40,0.4,0.7,0.2,0,0.5,10,9.5,10,rrt_20260806_225514_514.png
20260806_225514_679,2026-08-06 22:55:14,True,141,61,16.400000000000006,42,0.4,0.7,0.2,0,0.5,10,9.5,10,rrt_20260806_225514_679.png
20260806_225514_946,2026-08-06 22:55:14,True,1076,145,18.8,48,0.4,0.7,0.2,0,0.5,10,9.5,10,rrt_20260806_225514_946.png
20260806_225515_138,2026-08-06 22:55:15,True,90,47,15.491334852697422,40,0.4,0.7,0.2,0,0.5,10,9.5,10,rrt_20260806_225515_138.png
20260806_225515_282,2026-08-06 22:55:15,True,199,72,15.077776661245576,39,0.4,0.7,0.2,0,0.5,10,9.5,10,rrt_20260806_225515_282.png
20260806_225515_481,2026-08-06 22:55:15,True,392,109,16.80000000000001,43,0.4,0.7,0.2,0,0.5,10,9.5,10,rrt_20260806_225515_481.png
20260806_225515_647,2026-08-06 22:55:15,True,230,82,16.65672156038132,43,0.4,0.7,0.2,0,0.5,10,9.5,10,rrt_20260806_225515_647.png
20260806_225515_803,2026-08-06 22:55:15,True,165,70,15.450263201721818,40,0.4,0.7,0.2,0,0.5,10,9.5,10,rrt_20260806_225515_803.png
20260806_225515_976,2026-08-06 22:55:15,True,155,67,16.28833755315,42,0.4,0.7,0.2,0,0.5,10,9.5,10,rrt_20260806_225515_976.png
20260806_225517_215,2026-08-06 22:55:17,False,10000,70,0.0,0,0.4,0.7,0.2,0,0.5,10,9.5,10,rrt_20260806_225517_215.png
20260806_225517_405,2026-08-06 22:55:17,True,160,69,16.4,42,0.4,0.7,0.2,0,0.5,10,9.5,10,rrt_20260806_225517_405.png
20260806_225517_548,2026-08-06 22:55:17,True,154,62,17.20000000000001,44,0.4,0.7,0.2,0,0.5,10,9.5,10,rrt_20260806_225517_548.png
20260806_225517_703,2026-08-06 22:55:17,True,277,82,15.44113914342355,40,0.4,0.7,0.2,0,0.5,10,9.5,10,rrt_20260806_225517_703.png
20260806_225517_871,2026-08-06 22:55:17,True,366,92,17.023721529301483,44,0.4,0.7,0.2,0,0.5,10,9.5,10,rrt_20260806_225517_871.png
20260806_225519_642,2026-08-06 22:55:19,False,10000,123,0.0,0,0.4,0.7,0.2,0,0.5,10,9.5,10,rrt_20260806_225519_642.png
20260806_225520_809,2026-08-06 22:55:20,False,10000,70,0.0,0,0.4,0.7,0.2,0,0.5,10,9.5,10,rrt_20260806_225520_809.png
20260806_225521_027,2026-08-06 22:55:21,True,462,102,20.367549666744956,52,0.4,0.7,0.2,0,0.5,10,9.5,10,rrt_20260806_225521_027.png
20260806_225521_209,2026-08-06 22:55:21,True,124,62,15.914991928708389,41,0.4,0.7,0.2,0,0.5,10,9.5,10,rrt_20260806_225521_209.png
20260806_225521_377,2026-08-06 22:55:21,True,141,62,16.642867008533702,43,0.4,0.7,0.2,0,0.5,10,9.5,10,rrt_20260806_225521_377.png
20260806_225521_621,2026-08-06 22:55:21,True,1113,112,18.800000000000015,48,0.4,0.7,0.2,0,0.5,10,9.5,10,rrt_20260806_225521_621.png
20260806_225522_840,2026-08-06 22:55:22,False,10000,69,0.0,0,0.4,0.8,0.2,0,0.5,10,9.5,10,rrt_20260806_225522_840.png
20260806_225523_043,2026-08-06 22:55:23,True,326,82,19.2,49,0.4,0.8,0.2,0,0.5,10,9.5,10,rrt_20260806_225523_043.png
20260806_225523_195,2026-08-06 22:55:23,True,183,72,15.41513414355748,40,0.4,0.8,0.2,0,0.5,10,9.5,10,rrt_20260806_225523_195.png
20260806_225525_150,2026-08-06 22:55:25,False,10000,143,0.0,0,0.4,0.8,0.2,0,0.5,10,9.5,10,rrt_20260806_225525_150.png
20260806_225525_357,2026-08-06 22:55:25,True,215,73,16.327193756636422,42,0.4,0.8,0.2,0,0.5,10,9.5,10,rrt_20260806_225525_357.png
20260806_225525_508,2026-08-06 22:55:25,True,123,79,16.000000000000007,41,0.4,0.8,0.2,0,0.5,10,9.5,10,rrt_20260806_225525_508.png
20260806_225525_668,2026-08-06 22:55:25,True,293,79,15.423575060312258,40,0.4,0.8,0.2,0,0.5,10,9.5,10,rrt_20260806_225525_668.png
20260806_225525_891,2026-08-06 22:55:25,True,960,116,17.6,45,0.4,0.8,0.2,0,0.5,10,9.5,10,rrt_20260806_225525_891.png
20260806_225526_065,2026-08-06 22:55:26,True,311,105,18.400000000000006,47,0.4,0.8,0.2,0,0.5,10,9.5,10,rrt_20260806_225526_065.png
20260806_225526_241,2026-08-06 22:55:26,True,93,67,15.600000000000005,40,0.4,0.8,0.2,0,0.5,10,9.5,10,rrt_20260806_225526_241.png
20260806_225527_801,2026-08-06 22:55:27,False,10000,101,0.0,0,0.4,0.8,0.2,0,0.5,10,9.5,10,rrt_20260806_225527_801.png
20260806_225527_999,2026-08-06 22:55:27,True,107,58,16.000000000000004,41,0.4,0.8,0.2,0,0.5,10,9.5,10,rrt_20260806_225527_999.png
20260806_225529_550,2026-08-06 22:55:29,False,10000,105,0.0,0,0.4,0.8,0.2,0,0.5,10,9.5,10,rrt_20260806_225529_550.png
20260806_225530_600,2026-08-06 22:55:30,False,10000,58,0.0,0,0.4,0.8,0.2,0,0.5,10,9.5,10,rrt_20260806_225530_600.png
20260806_225530_813,2026-08-06 22:55:30,True,426,107,20.399999999999995,52,0.4,0.8,0.2,0,0.5,10,9.5,10,rrt_20260806_225530_813.png
20260806_225531_097,2026-08-06 22:55:31,True,1177,140,21.8806903651263,56,0.4,0.8,0.2,0,0.5,10,9.5,10,rrt_20260806_225531_097.png
20260806_225531_255,2026-08-06 22:55:31,True,121,66,15.600000000000001,40,0.4,0.8,0.2,0,0.5,10,9.5,10,rrt_20260806_225531_255.png
20260806_225531_396,2026-08-06 22:55:31,True,136,68,16.000000000000004,41,0.4,0.8,0.2,0,0.5,10,9.5,10,rrt_20260806_225531_396.png
20260806_225531_568,2026-08-06 22:55:31,True,171,77,17.17611119706414,44,0.4,0.8,0.2,0,0.5,10,9.5,10,rrt_20260806_225531_568.png
20260806_225531_732,2026-08-06 22:55:31,True,362,83,17.6,45,0.4,0.8,0.2,0,0.5,10,9.5,10,rrt_20260806_225531_732.png
20260806_225531_890,2026-08-06 22:55:31,True,240,79,17.200000000000003,44,0.4,0.8,0.2,0,0.5,10,9.5,10,rrt_20260806_225531_890.png
20260806_225532_042,2026-08-06 22:55:32,True,224,71,15.863432374531952,41,0.4,0.8,0.2,0,0.5,10,9.5,10,rrt_20260806_225532_042.png
20260806_225532_188,2026-08-06 22:55:32,True,131,87,15.804903995953548,41,0.4,0.8,0.2,0,0.5,10,9.5,10,rrt_20260806_225532_188.png
20260806_225533_467,2026-08-06 22:55:33,False,10000,73,0.0,0,0.4,0.8,0.2,0,0.5,10,9.5,10,rrt_20260806_225533_467.png
20260806_225533_661,2026-08-06 22:55:33,True,177,87,17.13123657952019,44,0.4,0.8,0.2,0,0.5,10,9.5,10,rrt_20260806_225533_661.png
20260806_225535_687,2026-08-06 22:55:35,False,10000,152,0.0,0,0.4,0.8,0.2,0,0.5,10,9.5,10,rrt_20260806_225535_687.png
20260806_225535_898,2026-08-06 22:55:35,True,133,76,16.268178926794086,42,0.4,0.8,0.2,0,0.5,10,9.5,10,rrt_20260806_225535_898.png
20260806_225536_042,2026-08-06 22:55:36,True,145,57,15.600000000000005,40,0.4,0.8,0.2,0,0.5,10,9.5,10,rrt_20260806_225536_042.png
20260806_225536_191,2026-08-06 22:55:36,True,202,67,18.338896646739617,47,0.4,0.8,0.2,0,0.5,10,9.5,10,rrt_20260806_225536_191.png
20260806_225536_398,2026-08-06 22:55:36,True,440,107,17.4565574603506,45,0.4,0.8,0.2,0,0.5,10,9.5,10,rrt_20260806_225536_398.png
20260806_225536_595,2026-08-06 22:55:36,True,497,125,16.706156219234693,43,0.4,0.8,0.2,0,0.5,10,9.5,10,rrt_20260806_225536_595.png
20260806_225536_752,2026-08-06 22:55:36,True,123,79,16.347948004142555,42,0.4,0.8,0.2,0,0.5,10,9.5,10,rrt_20260806_225536_752.png
20260806_225536_904,2026-08-06 22:55:36,True,202,78,16.800000000000008,43,0.4,0.8,0.2,0,0.5,10,9.5,10,rrt_20260806_225536_904.png
20260806_225537_046,2026-08-06 22:55:37,True,79,57,16.311355311076287,42,0.4,0.8,0.2,0,0.5,10,9.5,10,rrt_20260806_225537_046.png
20260806_225537_231,2026-08-06 22:55:37,True,331,96,18.000000000000018,46,0.4,0.8,0.2,0,0.5,10,9.5,10,rrt_20260806_225537_231.png
20260806_225537_390,2026-08-06 22:55:37,True,238,82,15.805785263527193,41,0.4,0.8,0.2,0,0.5,10,9.5,10,rrt_20260806_225537_390.png
20260806_225539_416,2026-08-06 22:55:39,False,10000,154,0.0,0,0.4,0.8,0.2,0,0.5,10,9.5,10,rrt_20260806_225539_416.png
20260806_225539_639,2026-08-06 22:55:39,True,179,74,16.307753409983242,42,0.4,0.8,0.2,0,0.5,10,9.5,10,rrt_20260806_225539_639.png
20260806_225539_792,2026-08-06 22:55:39,True,238,83,16.22867673631546,42,0.4,0.8,0.2,0,0.5,10,9.5,10,rrt_20260806_225539_792.png
20260806_225539_986,2026-08-06 22:55:39,True,313,78,15.999999999999996,41,0.4,0.8,0.2,0,0.5,10,9.5,10,rrt_20260806_225539_986.png
20260806_225540_145,2026-08-06 22:55:40,True,247,92,18.000000000000004,46,0.4,0.8,0.2,0,0.5,10,9.5,10,rrt_20260806_225540_145.png
20260806_225540_292,2026-08-06 22:55:40,True,104,64,16.799999999999997,43,0.4,0.8,0.2,0,0.5,10,9.5,10,rrt_20260806_225540_292.png
20260806_225540_432,2026-08-06 22:55:40,True,110,65,14.799999999999997,38,0.4,0.8,0.2,0,0.5,10,9.5,10,rrt_20260806_225540_432.png
20260806_225540_586,2026-08-06 22:55:40,True,309,89,15.600000000000003,40,0.4,0.8,0.2,0,0.5,10,9.5,10,rrt_20260806_225540_586.png
20260806_225540_762,2026-08-06 22:55:40,True,285,92,16.400000000000006,42,0.4,0.8,0.2,0,0.5,10,9.5,10,rrt_20260806_225540_762.png
20260806_225540_968,2026-08-06 22:55:40,True,309,92,17.182689952551982,44,0.4,0.8,0.2,0,0.5,10,9.5,10,rrt_20260806_225540_968.png
20260806_225542_821,2026-08-06 22:55:42,False,10000,136,0.0,0,0.4,0.8,0.2,0,0.5,10,9.5,10,rrt_20260806_225542_821.png
20260806_225543_021,2026-08-06 22:55:43,True,98,59,15.977268355671246,41,0.4,0.8,0.2,0,0.5,10,9.5,10,rrt_20260806_225543_021.png
20260806_225543_162,2026-08-06 22:55:43,True,127,75,15.600000000000009,40,0.4,0.8,0.2,0,0.5,10,9.5,10,rrt_20260806_225543_162.png
20260806_225543_423,2026-08-06 22:55:43,True,1098,164,19.199999999999996,49,0.4,0.8,0.2,0,0.5,10,9.5,10,rrt_20260806_225543_423.png
20260806_225543_643,2026-08-06 22:55:43,True,383,95,18.628155906356834,48,0.4,0.8,0.2,0,0.5,10,9.5,10,rrt_20260806_225543_643.png
20260806_225543_792,2026-08-06 22:55:43,True,152,71,16.800000000000008,43,0.4,0.8,0.2,0,0.5,10,9.5,10,rrt_20260806_225543_792.png
20260806_225543_936,2026-08-06 22:55:43,True,136,62,17.200000000000003,44,0.4,0.8,0.2,0,0.5,10,9.5,10,rrt_20260806_225543_936.png
20260806_225544_080,2026-08-06 22:55:44,True,179,75,16.67082271432729,43,0.4,0.8,0.2,0,0.5,10,9.5,10,rrt_20260806_225544_080.png
20260806_225544_229,2026-08-06 22:55:44,True,208,74,16.24934435153022,42,0.4,0.8,0.2,0,0.5,10,9.5,10,rrt_20260806_225544_229.png
20260806_225544_381,2026-08-06 22:55:44,True,194,77,16.40000000000001,42,0.4,0.8,0.2,0,0.5,10,9.5,10,rrt_20260806_225544_381.png
20260806_225544_582,2026-08-06 22:55:44,True,346,109,17.905580450216153,46,0.4,0.8,0.2,0,0.5,10,9.5,10,rrt_20260806_225544_582.png
20260806_225546_900,2026-08-06 22:55:46,False,10000,180,0.0,0,0.4,0.8,0.2,0,0.5,10,9.5,10,rrt_20260806_225546_900.png
20260806_225547_120,2026-08-06 22:55:47,True,162,75,16.000000000000004,41,0.4,0.8,0.2,0,0.5,10,9.5,10,rrt_20260806_225547_120.png
20260806_225547_264,2026-08-06 22:55:47,True,118,72,15.20000000000001,39,0.4,0.8,0.2,0,0.5,10,9.5,10,rrt_20260806_225547_264.png
20260806_225547_412,2026-08-06 22:55:47,True,192,79,16.397120290373632,42,0.4,0.8,0.2,0,0.5,10,9.5,10,rrt_20260806_225547_412.png
20260806_225547_597,2026-08-06 22:55:47,True,105,74,15.029923397942431,39,0.4,0.8,0.2,0,0.5,10,9.5,10,rrt_20260806_225547_597.png
20260806_225547_759,2026-08-06 22:55:47,True,160,74,15.423573183791666,40,0.4,0.8,0.2,0,0.5,10,9.5,10,rrt_20260806_225547_759.png
20260806_225547_908,2026-08-06 22:55:47,True,165,73,16.400000000000006,42,0.4,0.8,0.2,0,0.5,10,9.5,10,rrt_20260806_225547_908.png
20260806_225548_062,2026-08-06 22:55:48,True,221,89,16.763469330789807,43,0.4,0.8,0.2,0,0.5,10,9.5,10,rrt_20260806_225548_062.png
20260806_225548_215,2026-08-06 22:55:48,True,147,78,17.2,44,0.4,0.8,0.2,0,0.5,10,9.5,10,rrt_20260806_225548_215.png
20260806_225548_364,2026-08-06 22:55:48,True,182,77,16.67729493828689,43,0.4,0.8,0.2,0,0.5,10,9.5,10,rrt_20260806_225548_364.png
20260806_225548_569,2026-08-06 22:55:48,True,482,98,18.8,48,0.4,0.8,0.2,0,0.5,10,9.5,10,rrt_20260806_225548_569.png
20260806_225548_733,2026-08-06 22:55:48,True,262,88,17.583740988482365,45,0.4,0.8,0.2,0,0.5,10,9.5,10,rrt_20260806_225548_733.png
20260806_225550_232,2026-08-06 22:55:50,False,10000,97,0.0,0,0.4,0.8,0.2,0,0.5,10,9.5,10,rrt_20260806_225550_232.png
20260806_225550_435,2026-08-06 22:55:50,True,159,75,15.993184592615554,41,0.4,0.8,0.2,0,0.5,10,9.5,10,rrt_20260806_225550_435.png
20260806_225550_576,2026-08-06 22:55:50,True,102,59,15.034671481430076,39,0.4,0.8,0.2,0,0.5,10,9.5,10,rrt_20260806_225550_576.png
20260806_225550_763,2026-08-06 22:55:50,True,269,89,15.867542864952156,41,0.4,0.8,0.2,0,0.5,10,9.5,10,rrt_20260806_225550_763.png
20260806_225550_918,2026-08-06 22:55:50,True,175,84,15.600000000000005,40,0.4,0.8,0.2,0,0.5,10,9.5,10,rrt_20260806_225550_918.png
20260806_225551_069,2026-08-06 22:55:51,True,193,79,16.000000000000007,41,0.4,0.8,0.2,0,0.5,10,9.5,10,rrt_20260806_225551_069.png
20260806_225551_215,2026-08-06 22:55:51,True,148,77,15.887985302711837,41,0.4,0.8,0.2,0,0.5,10,9.5,10,rrt_20260806_225551_215.png
20260806_225552_384,2026-08-06 22:55:52,False,10000,66,0.0,0,0.4,0.8,0.2,0,0.5,10,9.5,10,rrt_20260806_225552_384.png
20260806_225552_606,2026-08-06 22:55:52,True,170,71,16.67168201743646,43,0.4,0.8,0.2,0,0.5,10,9.5,10,rrt_20260806_225552_606.png
20260806_225552_750,2026-08-06 22:55:52,True,109,68,15.200000000000006,39,0.4,0.8,0.2,0,0.5,10,9.5,10,rrt_20260806_225552_750.png
20260806_225552_891,2026-08-06 22:55:52,True,129,71,15.577009373273485,40,0.4,0.8,0.2,0,0.5,10,9.5,10,rrt_20260806_225552_891.png
20260806_225553_062,2026-08-06 22:55:53,True,441,98,16.800000000000004,43,0.4,0.8,0.2,0,0.5,10,9.5,10,rrt_20260806_225553_062.png
20260806_225554_982,2026-08-06 22:55:54,False,10000,143,0.0,0,0.4,0.8,0.2,0,0.5,10,9.5,10,rrt_20260806_225554_982.png
20260806_225555_222,2026-08-06 22:55:55,True,203,81,16.773194198406273,43,0.4,0.8,0.2,0,0.5,10,9.5,10,rrt_20260806_225555_222.png
20260806_225556_270,2026-08-06 22:55:56,False,10000,58,0.0,0,0.4,0.8,0.2,0,0.5,10,9.5,10,rrt_20260806_225556_270.png
20260806_225557_718,2026-08-06 22:55:57,False,10000,91,0.0,0,0.4,0.8,0.2,0,0.5,10,9.5,10,rrt_20260806_225557_718.png
20260806_225557_922,2026-08-06 22:55:57,True,226,85,16.800000000000008,43,0.4,0.8,0.2,0,0.5,10,9.5,10,rrt_20260806_225557_922.png
20260806_225559_373,2026-08-06 22:55:59,False,10000,89,0.0,0,0.4,0.8,0.2,0,0.5,10,9.5,10,rrt_20260806_225559_373.png
20260806_225559_569,2026-08-06 22:55:59,True,110,57,15.200000000000006,39,0.4,0.8,0.2,0,0.5,10,9.5,10,rrt_20260806_225559_569.png
20260806_225559_748,2026-08-06 22:55:59,True,368,113,18.40000000000001,47,0.4,0.8,0.2,0,0.5,10,9.5,10,rrt_20260806_225559_748.png
20260806_225559_905,2026-08-06 22:55:59,True,188,69,16.396125753777895,42,0.4,0.8,0.2,0,0.5,10,9.5,10,rrt_20260806_225559_905.png
20260806_225600_051,2026-08-06 22:56:00,True,158,73,15.200000000000006,39,0.4,0.8,0.2,0,0.5,10,9.5,10,rrt_20260806_225600_051.png
20260806_225600_195,2026-08-06 22:56:00,True,115,60,16.75725160978782,43,0.4,0.8,0.2,0,0.5,10,9.5,10,rrt_20260806_225600_195.png
20260806_225600_388,2026-08-06 22:56:00,True,373,107,17.95433694175682,46,0.4,0.8,0.2,0,0.5,10,9.5,10,rrt_20260806_225600_388.png
20260806_225600_540,2026-08-06 22:56:00,True,145,73,15.826626830108562,41,0.4,0.8,0.2,0,0.5,10,9.5,10,rrt_20260806_225600_540.png
20260806_225600_740,2026-08-06 22:56:00,True,610,111,16.8,43,0.4,0.8,0.2,0,0.5,10,9.5,10,rrt_20260806_225600_740.png
20260806_225600_904,2026-08-06 22:56:00,True,238,85,17.807970372970182,46,0.4,0.8,0.2,0,0.5,10,9.5,10,rrt_20260806_225600_904.png
20260806_225601_084,2026-08-06 22:56:01,True,426,107,16.686976591688325,43,0.4,0.8,0.2,0,0.5,10,9.5,10,rrt_20260806_225601_084.png
20260806_225601_238,2026-08-06 22:56:01,True,160,73,16.238585980293948,42,0.4,0.8,0.2,0,0.5,10,9.5,10,rrt_20260806_225601_238.png
20260806_225601_451,2026-08-06 22:56:01,True,71,52,15.029636813478243,39,0.4,0.8,0.2,0,0.5,10,9.5,10,rrt_20260806_225601_451.png
20260806_225601_587,2026-08-06 22:56:01,True,124,67,16.00000000000001,41,0.4,0.8,0.2,0,0.5,10,9.5,10,rrt_20260806_225601_587.png
20260806_225601_728,2026-08-06 22:56:01,True,133,65,16.245392707861207,42,0.4,0.9,0.2,0,0.5,10,9.5,10,rrt_20260806_225601_728.png
20260806_225603_098,2026-08-06 22:56:03,False,10000,85,0.0,0,0.4,0.9,0.2,0,0.5,10,9.5,10,rrt_20260806_225603_098.png
20260806_225604_496,2026-08-06 22:56:04,False,10000,85,0.0,0,0.4,0.9,0.2,0,0.5,10,9.5,10,rrt_20260806_225604_496.png
20260806_225605_947,2026-08-06 22:56:05,False,10000,92,0.0,0,0.4,0.9,0.2,0,0.5,10,9.5,10,rrt_20260806_225605_947.png
20260806_225606_141,2026-08-06 22:56:06,True,151,68,17.200000000000006,44,0.4,0.9,0.2,0,0.5,10,9.5,10,rrt_20260806_225606_141.png
20260806_225606_296,2026-08-06 22:56:06,True,217,89,15.600000000000007,40,0.4,0.9,0.2,0,0.5,10,9.5,10,rrt_20260806_225606_296.png
20260806_225606_448,2026-08-06 22:56:06,True,177,95,18.0,46,0.4,0.9,0.2,0,0.5,10,9.5,10,rrt_20260806_225606_448.png
20260806_225606_634,2026-08-06 22:56:06,True,509,105,16.8,43,0.4,0.9,0.2,0,0.5,10,9.5,10,rrt_20260806_225606_634.png
20260806_225606_820,2026-08-06 22:56:06,True,193,86,17.149440750395335,44,0.4,0.9,0.2,0,0.5,10,9.5,10,rrt_20260806_225606_820.png
20260806_225606_968,2026-08-06 22:56:06,True,152,77,15.16532598504063,39,0.4,0.9,0.2,0,0.5,10,9.5,10,rrt_20260806_225606_968.png
20260806_225607_170,2026-08-06 22:56:07,True,626,126,17.200000000000006,44,0.4,0.9,0.2,0,0.5,10,9.5,10,rrt_20260806_225607_170.png
20260806_225607_329,2026-08-06 22:56:07,True,140,77,15.2,39,0.4,0.9,0.2,0,0.5,10,9.5,10,rrt_20260806_225607_329.png
20260806_225608_400,2026-08-06 22:56:08,False,10000,63,0.0,0,0.4,0.9,0.2,0,0.5,10,9.5,10,rrt_20260806_225608_400.png
20260806_225608_662,2026-08-06 22:56:08,True,314,111,18.800000000000015,48,0.4,0.9,0.2,0,0.5,10,9.5,10,rrt_20260806_225608_662.png
20260806_225611_246,2026-08-06 22:56:11,False,10000,205,0.0,0,0.4,0.9,0.2,0,0.5,10,9.5,10,rrt_20260806_225611_246.png
20260806_225611_475,2026-08-06 22:56:11,True,169,73,16.000000000000007,41,0.4,0.9,0.2,0,0.5,10,9.5,10,rrt_20260806_225611_475.png
20260806_225611_649,2026-08-06 22:56:11,True,334,94,19.2,49,0.4,0.9,0.2,0,0.5,10,9.5,10,rrt_20260806_225611_649.png
20260806_225611_849,2026-08-06 22:56:11,True,157,80,17.20000000000001,44,0.4,0.9,0.2,0,0.5,10,9.5,10,rrt_20260806_225611_849.png
20260806_225613_994,2026-08-06 22:56:13,False,10000,161,0.0,0,0.4,0.9,0.2,0,0.5,10,9.5,10,rrt_20260806_225613_994.png
20260806_225614_206,2026-08-06 22:56:14,True,138,80,16.000000000000007,41,0.4,0.9,0.2,0,0.5,10,9.5,10,rrt_20260806_225614_206.png
20260806_225614_368,2026-08-06 22:56:14,True,217,92,16.400000000000006,42,0.4,0.9,0.2,0,0.5,10,9.5,10,rrt_20260806_225614_368.png
20260806_225614_573,2026-08-06 22:56:14,True,509,160,18.39220281975478,47,0.4,0.9,0.2,0,0.5,10,9.5,10,rrt_20260806_225614_573.png
20260806_225614_788,2026-08-06 22:56:14,True,331,105,19.199999999999996,49,0.4,0.9,0.2,0,0.5,10,9.5,10,rrt_20260806_225614_788.png
20260806_225614_964,2026-08-06 22:56:14,True,265,98,17.126327746229283,44,0.4,0.9,0.2,0,0.5,10,9.5,10,rrt_20260806_225614_964.png
20260806_225615_277,2026-08-06 22:56:15,True,1239,153,20.26250758365095,52,0.4,0.9,0.2,0,0.5,10,9.5,10,rrt_20260806_225615_277.png
20260806_225615_514,2026-08-06 22:56:15,True,568,121,16.8,43,0.4,0.9,0.2,0,0.5,10,9.5,10,rrt_20260806_225615_514.png
20260806_225615_684,2026-08-06 22:56:15,True,195,90,17.821478884211366,46,0.4,0.9,0.2,0,0.5,10,9.5,10,rrt_20260806_225615_684.png
20260806_225615_879,2026-08-06 22:56:15,True,238,82,16.22925606026592,42,0.4,0.9,0.2,0,0.5,10,9.5,10,rrt_20260806_225615_879.png
20260806_225618_584,2026-08-06 22:56:18,False,10000,217,0.0,0,0.4,0.9,0.2,0,0.5,10,9.5,10,rrt_20260806_225618_584.png
20260806_225618_828,2026-08-06 22:56:18,True,140,76,15.6,40,0.4,0.9,0.2,0,0.5,10,9.5,10,rrt_20260806_225618_828.png
20260806_225619_009,2026-08-06 22:56:19,True,494,107,16.400000000000006,42,0.4,0.9,0.2,0,0.5,10,9.5,10,rrt_20260806_225619_009.png
20260806_225619_175,2026-08-06 22:56:19,True,239,104,17.999999999999996,46,0.4,0.9,0.2,0,0.5,10,9.5,10,rrt_20260806_225619_175.png
20260806_225619_373,2026-08-06 22:56:19,True,291,85,16.244279803674104,42,0.4,0.9,0.2,0,0.5,10,9.5,10,rrt_20260806_225619_373.png
20260806_225619_518,2026-08-06 22:56:19,True,111,62,15.600000000000007,40,0.4,0.9,0.2,0,0.5,10,9.5,10,rrt_20260806_225619_518.png
20260806_225621_160,2026-08-06 22:56:21,False,10000,117,0.0,0,0.4,0.9,0.2,0,0.5,10,9.5,10,rrt_20260806_225621_160.png
20260806_225621_376,2026-08-06 22:56:21,True,323,95,18.740517299537952,48,0.4,0.9,0.2,0,0.5,10,9.5,10,rrt_20260806_225621_376.png
20260806_225621_527,2026-08-06 22:56:21,True,128,64,15.999999999999998,41,0.4,0.9,0.2,0,0.5,10,9.5,10,rrt_20260806_225621_527.png
20260806_225621_721,2026-08-06 22:56:21,True,346,100,17.200000000000006,44,0.4,0.9,0.2,0,0.5,10,9.5,10,rrt_20260806_225621_721.png
20260806_225621_879,2026-08-06 22:56:21,True,214,91,17.891532231267604,46,0.4,0.9,0.2,0,0.5,10,9.5,10,rrt_20260806_225621_879.png
20260806_225622_051,2026-08-06 22:56:22,True,322,102,17.585839827971213,45,0.4,0.9,0.2,0,0.5,10,9.5,10,rrt_20260806_225622_051.png
20260806_225622_206,2026-08-06 22:56:22,True,198,87,17.200000000000006,44,0.4,0.9,0.2,0,0.5,10,9.5,10,rrt_20260806_225622_206.png
20260806_225622_361,2026-08-06 22:56:22,True,186,74,15.58699373208145,40,0.4,0.9,0.2,0,0.5,10,9.5,10,rrt_20260806_225622_361.png
20260806_225623_413,2026-08-06 22:56:23,False,10000,56,0.0,0,0.4,0.9,0.2,0,0.5,10,9.5,10,rrt_20260806_225623_413.png
20260806_225623_603,2026-08-06 22:56:23,True,165,83,16.242869347221088,42,0.4,0.9,0.2,0,0.5,10,9.5,10,rrt_20260806_225623_603.png
20260806_225623_767,2026-08-06 22:56:23,True,264,99,18.000000000000007,46,0.4,0.9,0.2,0,0.5,10,9.5,10,rrt_20260806_225623_767.png
20260806_225623_926,2026-08-06 22:56:23,True,217,91,15.83123821149423,41,0.4,0.9,0.2,0,0.5,10,9.5,10,rrt_20260806_225623_926.png
20260806_225624_125,2026-08-06 22:56:24,True,407,93,19.89297147806713,51,0.4,0.9,0.2,0,0.5,10,9.5,10,rrt_20260806_225624_125.png
20260806_225624_278,2026-08-06 22:56:24,True,207,75,15.200000000000008,39,0.4,0.9,0.2,0,0.5,10,9.5,10,rrt_20260806_225624_278.png
20260806_225624_461,2026-08-06 22:56:24,True,211,92,16.270648247321223,42,0.4,0.9,0.2,0,0.5,10,9.5,10,rrt_20260806_225624_461.png
20260806_225625_694,2026-08-06 22:56:25,False,10000,71,0.0,0,0.4,0.9,0.2,0,0.5,10,9.5,10,rrt_20260806_225625_694.png
20260806_225625_889,2026-08-06 22:56:25,True,145,84,16.000000000000004,41,0.4,0.9,0.2,0,0.5,10,9.5,10,rrt_20260806_225625_889.png
20260806_225626_044,2026-08-06 22:56:26,True,192,81,16.000000000000007,41,0.4,0.9,0.2,0,0.5,10,9.5,10,rrt_20260806_225626_044.png
20260806_225626_193,2026-08-06 22:56:26,True,143,75,15.801597241943881,41,0.4,0.9,0.2,0,0.5,10,9.5,10,rrt_20260806_225626_193.png
20260806_225626_440,2026-08-06 22:56:26,True,644,129,19.89580360331638,51,0.4,0.9,0.2,0,0.5,10,9.5,10,rrt_20260806_225626_440.png
20260806_225626_600,2026-08-06 22:56:26,True,169,82,16.40000000000001,42,0.4,0.9,0.2,0,0.5,10,9.5,10,rrt_20260806_225626_600.png
20260806_225627_616,2026-08-06 22:56:27,False,10000,62,0.0,0,0.4,0.9,0.2,0,0.5,10,9.5,10,rrt_20260806_225627_616.png
20260806_225627_808,2026-08-06 22:56:27,True,198,89,16.800000000000004,43,0.4,0.9,0.2,0,0.5,10,9.5,10,rrt_20260806_225627_808.png
20260806_225627_970,2026-08-06 22:56:27,True,228,95,16.800000000000015,43,0.4,0.9,0.2,0,0.5,10,9.5,10,rrt_20260806_225627_970.png
20260806_225629_960,2026-08-06 22:56:29,False,10000,145,0.0,0,0.4,0.9,0.2,0,0.5,10,9.5,10,rrt_20260806_225629_960.png
20260806_225630_250,2026-08-06 22:56:30,True,395,115,17.6,45,0.4,0.9,0.2,0,0.5,10,9.5,10,rrt_20260806_225630_250.png
20260806_225630_430,2026-08-06 22:56:30,True,194,101,17.071061370506335,44,0.4,0.9,0.2,0,0.5,10,9.5,10,rrt_20260806_225630_430.png
20260806_225630_609,2026-08-06 22:56:30,True,221,92,17.022928254685397,44,0.4,0.9,0.2,0,0.5,10,9.5,10,rrt_20260806_225630_609.png
20260806_225630_776,2026-08-06 22:56:30,True,141,71,15.567162075846122,40,0.4,0.9,0.2,0,0.5,10,9.5,10,rrt_20260806_225630_776.png
20260806_225630_984,2026-08-06 22:56:30,True,221,75,16.74231650233399,43,0.4,0.9,0.2,0,0.5,10,9.5,10,rrt_20260806_225630_984.png
20260806_225631_160,2026-08-06 22:56:31,True,255,93,16.749250766108656,43,0.4,0.9,0.2,0,0.5,10,9.5,10,rrt_20260806_225631_160.png
20260806_225631_327,2026-08-06 22:56:31,True,166,80,17.14360452896486,44,0.4,0.9,0.2,0,0.5,10,9.5,10,rrt_20260806_225631_327.png
20260806_225631_495,2026-08-06 22:56:31,True,243,87,15.834865341538112,41,0.4,0.9,0.2,0,0.5,10,9.5,10,rrt_20260806_225631_495.png
20260806_225631_647,2026-08-06 22:56:31,True,132,80,15.6,40,0.4,0.9,0.2,0,0.5,10,9.5,10,rrt_20260806_225631_647.png
20260806_225633_746,2026-08-06 22:56:33,False,10000,160,0.0,0,0.4,0.9,0.2,0,0.5,10,9.5,10,rrt_20260806_225633_746.png
20260806_225633_965,2026-08-06 22:56:33,True,164,84,16.000000000000007,41,0.4,0.9,0.2,0,0.5,10,9.5,10,rrt_20260806_225633_965.png
20260806_225634_139,2026-08-06 22:56:34,True,335,99,17.20000000000001,44,0.4,0.9,0.2,0,0.5,10,9.5,10,rrt_20260806_225634_139.png
20260806_225634_333,2026-08-06 22:56:34,True,637,93,19.1861980838168,49,0.4,0.9,0.2,0,0.5,10,9.5,10,rrt_20260806_225634_333.png
20260806_225634_492,2026-08-06 22:56:34,True,247,73,16.400000000000006,42,0.4,0.9,0.2,0,0.5,10,9.5,10,rrt_20260806_225634_492.png
20260806_225634_668,2026-08-06 22:56:34,True,221,85,16.216656750823258,42,0.4,0.9,0.2,0,0.5,10,9.5,10,rrt_20260806_225634_668.png
20260806_225634_816,2026-08-06 22:56:34,True,156,72,15.401760983786268,40,0.4,0.9,0.2,0,0.5,10,9.5,10,rrt_20260806_225634_816.png
20260806_225634_966,2026-08-06 22:56:34,True,143,81,15.600000000000005,40,0.4,0.9,0.2,0,0.5,10,9.5,10,rrt_20260806_225634_966.png
20260806_225635_140,2026-08-06 22:56:35,True,229,95,16.800000000000004,43,0.4,0.9,0.2,0,0.5,10,9.5,10,rrt_20260806_225635_140.png
20260806_225635_293,2026-08-06 22:56:35,True,169,78,16.40000000000001,42,0.4,0.9,0.2,0,0.5,10,9.5,10,rrt_20260806_225635_293.png
20260806_225635_452,2026-08-06 22:56:35,True,138,68,16.6499394920768,43,0.4,0.9,0.2,0,0.5,10,9.5,10,rrt_20260806_225635_452.png
20260806_225635_636,2026-08-06 22:56:35,True,133,80,16.748256132415708,43,0.4,0.9,0.2,0,0.5,10,9.5,10,rrt_20260806_225635_636.png
20260806_225637_579,2026-08-06 22:56:37,False,10000,142,0.0,0,0.4,0.9,0.2,0,0.5,10,9.5,10,rrt_20260806_225637_579.png
20260806_225637_794,2026-08-06 22:56:37,True,230,90,16.800000000000008,43,0.4,0.9,0.2,0,0.5,10,9.5,10,rrt_20260806_225637_794.png
20260806_225637_942,2026-08-06 22:56:37,True,126,83,16.392683793718007,42,0.4,0.9,0.2,0,0.5,10,9.5,10,rrt_20260806_225637_942.png
20260806_225639_934,2026-08-06 22:56:39,False,10000,150,0.0,0,0.4,0.9,0.2,0,0.5,10,9.5,10,rrt_20260806_225639_934.png
20260806_225641_729,2026-08-06 22:56:41,False,10000,122,0.0,0,0.4,0.9,0.2,0,0.5,10,9.5,10,rrt_20260806_225641_729.png
20260806_225641_949,2026-08-06 22:56:41,True,197,86,16.400000000000002,42,0.4,0.9,0.2,0,0.5,10,9.5,10,rrt_20260806_225641_949.png
20260806_225642_110,2026-08-06 22:56:42,True,155,80,16.4,42,0.4,0.9,0.2,0,0.5,10,9.5,10,rrt_20260806_225642_110.png
20260806_225642_271,2026-08-06 22:56:42,True,229,82,16.000000000000004,41,0.4,0.9,0.2,0,0.5,10,9.5,10,rrt_20260806_225642_271.png
20260806_225643_465,2026-08-06 22:56:43,False,10000,72,0.0,0,0.4,0.9,0.2,0,0.5,10,9.5,10,rrt_20260806_225643_465.png
20260806_225643_666,2026-08-06 22:56:43,True,238,101,16.357119352551514,42,0.4,0.9,0.2,0,0.5,10,9.5,10,rrt_20260806_225643_666.png
20260806_225645_196,2026-08-06 22:56:45,False,10000,98,0.0,0,0.4,0.9,0.2,0,0.5,10,9.5,10,rrt_20260806_225645_196.png
20260806_225645_432,2026-08-06 22:56:45,True,378,119,17.83968066993292,46,0.4,0.9,0.2,0,0.5,10,9.5,10,rrt_20260806_225645_432.png
20260806_225645_593,2026-08-06 22:56:45,True,147,67,16.000000000000004,41,0.4,0.9,0.2,0,0.5,10,9.5,10,rrt_20260806_225645_593.png
20260806_225645_808,2026-08-06 22:56:45,True,391,123,19.2,49,0.4,0.9,0.2,0,0.5,10,9.5,10,rrt_20260806_225645_808.png
20260806_225645_986,2026-08-06 22:56:45,True,300,98,16.23015091285865,42,0.4,0.9,0.2,0,0.5,10,9.5,10,rrt_20260806_225645_986.png
20260806_225646_151,2026-08-06 22:56:46,True,306,99,18.340692339169546,47,0.4,0.9,0.2,0,0.5,10,9.5,10,rrt_20260806_225646_151.png
20260806_225647_244,2026-08-06 22:56:47,False,10000,66,0.0,0,0.4,0.9,0.2,0,0.5,10,9.5,10,rrt_20260806_225647_244.png
20260806_225647_437,2026-08-06 22:56:47,True,192,89,17.200000000000003,44,0.4,0.9,0.2,0,0.5,10,9.5,10,rrt_20260806_225647_437.png
20260806_225647_619,2026-08-06 22:56:47,True,173,91,16.000000000000007,41,0.4,0.9,0.2,0,0.5,10,9.5,10,rrt_20260806_225647_619.png
20260806_225649_111,2026-08-06 22:56:49,False,10000,106,0.0,0,0.4,0.9,0.2,0,0.5,10,9.5,10,rrt_20260806_225649_111.png
20260806_225651_407,2026-08-06 22:56:51,False,10000,175,0.0,0,0.4,1.0,0.2,0,0.5,10,9.5,10,rrt_20260806_225651_407.png
20260806_225653_921,2026-08-06 22:56:53,False,10000,204,0.0,0,0.4,1.0,0.2,0,0.5,10,9.5,10,rrt_20260806_225653_921.png
20260806_225654_161,2026-08-06 22:56:54,True,334,93,16.40000000000001,42,0.4,1.0,0.2,0,0.5,10,9.5,10,rrt_20260806_225654_161.png
20260806_225656_197,2026-08-06 22:56:56,False,10000,153,0.0,0,0.4,1.0,0.2,0,0.5,10,9.5,10,rrt_20260806_225656_197.png
20260806_225658_264,2026-08-06 22:56:58,False,10000,147,0.0,0,0.4,1.0,0.2,0,0.5,10,9.5,10,rrt_20260806_225658_264.png
20260806_225700_828,2026-08-06 22:57:00,False,10000,198,0.0,0,0.4,1.0,0.2,0,0.5,10,9.5,10,rrt_20260806_225700_828.png
20260806_225702_838,2026-08-06 22:57:02,False,10000,144,0.0,0,0.4,1.0,0.2,0,0.5,10,9.5,10,rrt_20260806_225702_838.png
20260806_225703_191,2026-08-06 22:57:03,True,705,199,16.80000000000001,43,0.4,1.0,0.2,0,0.5,10,9.5,10,rrt_20260806_225703_191.png
20260806_225705_487,2026-08-06 22:57:05,False,10000,174,0.0,0,0.4,1.0,0.2,0,0.5,10,9.5,10,rrt_20260806_225705_487.png
20260806_225707_637,2026-08-06 22:57:07,False,10000,157,0.0,0,0.4,1.0,0.2,0,0.5,10,9.5,10,rrt_20260806_225707_637.png
20260806_225707_894,2026-08-06 22:57:07,True,437,137,16.400000000000006,42,0.4,1.0,0.2,0,0.5,10,9.5,10,rrt_20260806_225707_894.png
20260806_225709_996,2026-08-06 22:57:09,False,10000,160,0.0,0,0.4,1.0,0.2,0,0.5,10,9.5,10,rrt_20260806_225709_996.png
20260806_225712_225,2026-08-06 22:57:12,False,10000,155,0.0,0,0.4,1.0,0.2,0,0.5,10,9.5,10,rrt_20260806_225712_225.png
20260806_225714_374,2026-08-06 22:57:14,False,10000,156,0.0,0,0.4,1.0,0.2,0,0.5,10,9.5,10,rrt_20260806_225714_374.png
20260806_225714_769,2026-08-06 22:57:14,True,1286,125,17.999999999999996,46,0.4,1.0,0.2,0,0.5,10,9.5,10,rrt_20260806_225714_769.png
20260806_225716_795,2026-08-06 22:57:16,False,10000,142,0.0,0,0.4,1.0,0.2,0,0.5,10,9.5,10,rrt_20260806_225716_795.png
20260806_225719_110,2026-08-06 22:57:19,False,10000,174,0.0,0,0.4,1.0,0.2,0,0.5,10,9.5,10,rrt_20260806_225719_110.png
20260806_225721_622,2026-08-06 22:57:21,False,10000,193,0.0,0,0.4,1.0,0.2,0,0.5,10,9.5,10,rrt_20260806_225721_622.png
20260806_225723_536,2026-08-06 22:57:23,False,10000,137,0.0,0,0.4,1.0,0.2,0,0.5,10,9.5,10,rrt_20260806_225723_536.png
20260806_225725_510,2026-08-06 22:57:25,False,10000,138,0.0,0,0.4,1.0,0.2,0,0.5,10,9.5,10,rrt_20260806_225725_510.png
20260806_225725_859,2026-08-06 22:57:25,True,948,158,18.400000000000013,47,0.4,1.0,0.2,0,0.5,10,9.5,10,rrt_20260806_225725_859.png
20260806_225727_839,2026-08-06 22:57:27,False,10000,144,0.0,0,0.4,1.0,0.2,0,0.5,10,9.5,10,rrt_20260806_225727_839.png
20260806_225730_116,2026-08-06 22:57:30,False,10000,171,0.0,0,0.4,1.0,0.2,0,0.5,10,9.5,10,rrt_20260806_225730_116.png
20260806_225732_552,2026-08-06 22:57:32,False,10000,180,0.0,0,0.4,1.0,0.2,0,0.5,10,9.5,10,rrt_20260806_225732_552.png
20260806_225734_426,2026-08-06 22:57:34,False,10000,124,0.0,0,0.4,1.0,0.2,0,0.5,10,9.5,10,rrt_20260806_225734_426.png
20260806_225737_207,2026-08-06 22:57:37,False,10000,221,0.0,0,0.4,1.0,0.2,0,0.5,10,9.5,10,rrt_20260806_225737_207.png
20260806_225739_171,2026-08-06 22:57:39,False,10000,139,0.0,0,0.4,1.0,0.2,0,0.5,10,9.5,10,rrt_20260806_225739_171.png
20260806_225741_349,2026-08-06 22:57:41,False,10000,158,0.0,0,0.4,1.0,0.2,0,0.5,10,9.5,10,rrt_20260806_225741_349.png
20260806_225741_633,2026-08-06 22:57:41,True,616,145,19.200000000000003,49,0.4,1.0,0.2,0,0.5,10,9.5,10,rrt_20260806_225741_633.png
20260806_225741_845,2026-08-06 22:57:41,True,558,115,16.000000000000007,41,0.4,1.0,0.2,0,0.5,10,9.5,10,rrt_20260806_225741_845.png
20260806_225744_234,2026-08-06 22:57:44,False,10000,185,0.0,0,0.4,1.0,0.2,0,0.5,10,9.5,10,rrt_20260806_225744_234.png
20260806_225746_772,2026-08-06 22:57:46,False,10000,175,0.0,0,0.4,1.0,0.2,0,0.5,10,9.5,10,rrt_20260806_225746_772.png
20260806_225748_982,2026-08-06 22:57:48,False,10000,148,0.0,0,0.4,1.0,0.2,0,0.5,10,9.5,10,rrt_20260806_225748_982.png
20260806_225751_056,2026-08-06 22:57:51,False,10000,152,0.0,0,0.4,1.0,0.2,0,0.5,10,9.5,10,rrt_20260806_225751_056.png
20260806_225753_532,2026-08-06 22:57:53,False,10000,169,0.0,0,0.4,1.0,0.2,0,0.5,10,9.5,10,rrt_20260806_225753_532.png
20260806_225753_956,2026-08-06 22:57:53,True,1146,128,17.200000000000003,44,0.4,1.0,0.2,0,0.5,10,9.5,10,rrt_20260806_225753_956.png
20260806_225756_584,2026-08-06 22:57:56,False,10000,197,0.0,0,0.4,1.0,0.2,0,0.5,10,9.5,10,rrt_20260806_225756_584.png
20260806_225756_901,2026-08-06 22:57:56,True,489,108,16.800000000000008,43,0.4,1.0,0.2,0,0.5,10,9.5,10,rrt_20260806_225756_901.png
20260806_225758_589,2026-08-06 22:57:58,False,10000,116,0.0,0,0.4,1.0,0.2,0,0.5,10,9.5,10,rrt_20260806_225758_589.png
20260806_225759_007,2026-08-06 22:57:59,True,751,149,18.000000000000007,46,0.4,1.0,0.2,0,0.5,10,9.5,10,rrt_20260806_225759_007.png
20260806_225801_077,2026-08-06 22:58:01,False,10000,149,0.0,0,0.4,1.0,0.2,0,0.5,10,9.5,10,rrt_20260806_225801_077.png
20260806_225803_310,2026-08-06 22:58:03,False,10000,149,0.0,0,0.4,1.0,0.2,0,0.5,10,9.5,10,rrt_20260806_225803_310.png
20260806_225805_810,2026-08-06 22:58:05,False,10000,195,0.0,0,0.4,1.0,0.2,0,0.5,10,9.5,10,rrt_20260806_225805_810.png
20260806_225808_346,2026-08-06 22:58:08,False,10000,177,0.0,0,0.4,1.0,0.2,0,0.5,10,9.5,10,rrt_20260806_225808_346.png
20260806_225808_789,2026-08-06 22:58:08,True,1194,205,17.200000000000003,44,0.4,1.0,0.2,0,0.5,10,9.5,10,rrt_20260806_225808_789.png
20260806_225810_671,2026-08-06 22:58:10,False,10000,135,0.0,0,0.4,1.0,0.2,0,0.5,10,9.5,10,rrt_20260806_225810_671.png
20260806_225810_984,2026-08-06 22:58:10,True,284,103,16.800000000000008,43,0.4,1.0,0.2,0,0.5,10,9.5,10,rrt_20260806_225810_984.png
20260806_225813_103,2026-08-06 22:58:13,False,10000,153,0.0,0,0.4,1.0,0.2,0,0.5,10,9.5,10,rrt_20260806_225813_103.png
20260806_225815_948,2026-08-06 22:58:15,False,10000,205,0.0,0,0.4,1.0,0.2,0,0.5,10,9.5,10,rrt_20260806_225815_948.png
20260806_225818_352,2026-08-06 22:58:18,False,10000,178,0.0,0,0.4,1.0,0.2,0,0.5,10,9.5,10,rrt_20260806_225818_352.png
20260806_225820_444,2026-08-06 22:58:20,False,10000,153,0.0,0,0.4,1.0,0.2,0,0.5,10,9.5,10,rrt_20260806_225820_444.png
20260806_225823_008,2026-08-06 22:58:23,False,10000,200,0.0,0,0.4,1.0,0.2,0,0.5,10,9.5,10,rrt_20260806_225823_008.png
20260806_225825_678,2026-08-06 22:58:25,False,10000,206,0.0,0,0.4,1.0,0.2,0,0.5,10,9.5,10,rrt_20260806_225825_678.png
20260806_225827_024,2026-08-06 22:58:27,False,10000,71,0.0,0,0.4,1.0,0.2,0,0.5,10,9.5,10,rrt_20260806_225827_024.png
20260806_225829_531,2026-08-06 22:58:29,False,10000,188,0.0,0,0.4,1.0,0.2,0,0.5,10,9.5,10,rrt_20260806_225829_531.png
20260806_225829_913,2026-08-06 22:58:29,True,818,180,17.200000000000006,44,0.4,1.0,0.2,0,0.5,10,9.5,10,rrt_20260806_225829_913.png
20260806_225830_204,2026-08-06 22:58:30,True,864,148,19.6,50,0.4,1.0,0.2,0,0.5,10,9.5,10,rrt_20260806_225830_204.png
20260806_225832_470,2026-08-06 22:58:32,False,10000,177,0.0,0,0.4,1.0,0.2,0,0.5,10,9.5,10,rrt_20260806_225832_470.png
20260806_225832_725,2026-08-06 22:58:32,True,311,111,18.400000000000002,47,0.4,1.0,0.2,0,0.5,10,9.5,10,rrt_20260806_225832_725.png
20260806_225835_013,2026-08-06 22:58:35,False,10000,175,0.0,0,0.4,1.0,0.2,0,0.5,10,9.5,10,rrt_20260806_225835_013.png
20260806_225837_688,2026-08-06 22:58:37,False,10000,212,0.0,0,0.4,1.0,0.2,0,0.5,10,9.5,10,rrt_20260806_225837_688.png
20260806_225840_210,2026-08-06 22:58:40,False,10000,188,0.0,0,0.4,1.0,0.2,0,0.5,10,9.5,10,rrt_20260806_225840_210.png
20260806_225842_221,2026-08-06 22:58:42,False,10000,144,0.0,0,0.4,1.0,0.2,0,0.5,10,9.5,10,rrt_20260806_225842_221.png
20260806_225844_774,2026-08-06 22:58:44,False,10000,199,0.0,0,0.4,1.0,0.2,0,0.5,10,9.5,10,rrt_20260806_225844_774.png
20260806_225847_350,2026-08-06 22:58:47,False,10000,201,0.0,0,0.4,1.0,0.2,0,0.5,10,9.5,10,rrt_20260806_225847_350.png
20260806_225850_017,2026-08-06 22:58:50,False,10000,204,0.0,0,0.4,1.0,0.2,0,0.5,10,9.5,10,rrt_20260806_225850_017.png
20260806_225851_175,2026-08-06 22:58:51,False,10000,58,0.0,0,0.4,1.0,0.2,0,0.5,10,9.5,10,rrt_20260806_225851_175.png
20260806_225852_288,2026-08-06 22:58:52,False,10000,65,0.0,0,0.4,1.0,0.2,0,0.5,10,9.5,10,rrt_20260806_225852_288.png
20260806_225854_952,2026-08-06 22:58:54,False,10000,208,0.0,0,0.4,1.0,0.2,0,0.5,10,9.5,10,rrt_20260806_225854_952.png
20260806_225857_690,2026-08-06 22:58:57,False,10000,209,0.0,0,0.4,1.0,0.2,0,0.5,10,9.5,10,rrt_20260806_225857_690.png
20260806_225859_827,2026-08-06 22:58:59,False,10000,157,0.0,0,0.4,1.0,0.2,0,0.5,10,9.5,10,rrt_20260806_225859_827.png
20260806_225902_033,2026-08-06 22:59:02,False,10000,163,0.0,0,0.4,1.0,0.2,0,0.5,10,9.5,10,rrt_20260806_225902_033.png
20260806_225904_222,2026-08-06 22:59:04,False,10000,152,0.0,0,0.4,1.0,0.2,0,0.5,10,9.5,10,rrt_20260806_225904_222.png
20260806_225904_506,2026-08-06 22:59:04,True,617,137,16.800000000000004,43,0.4,1.0,0.2,0,0.5,10,9.5,10,rrt_20260806_225904_506.png
20260806_225906_300,2026-08-06 22:59:06,False,10000,125,0.0,0,0.4,1.0,0.2,0,0.5,10,9.5,10,rrt_20260806_225906_300.png
20260806_225906_683,2026-08-06 22:59:06,True,859,189,16.400000000000002,42,0.4,1.0,0.2,0,0.5,10,9.5,10,rrt_20260806_225906_683.png
20260806_225908_896,2026-08-06 22:59:08,False,10000,166,0.0,0,0.4,1.0,0.2,0,0.5,10,9.5,10,rrt_20260806_225908_896.png
20260806_225910_176,2026-08-06 22:59:10,False,10000,69,0.0,0,0.4,1.0,0.2,0,0.5,10,9.5,10,rrt_20260806_225910_176.png
20260806_225913_006,2026-08-06 22:59:13,False,10000,226,0.0,0,0.4,1.0,0.2,0,0.5,10,9.5,10,rrt_20260806_225913_006.png
20260806_225915_147,2026-08-06 22:59:15,False,10000,150,0.0,0,0.4,1.0,0.2,0,0.5,10,9.5,10,rrt_20260806_225915_147.png
20260806_225915_434,2026-08-06 22:59:15,True,421,155,17.60000000000001,45,0.4,1.0,0.2,0,0.5,10,9.5,10,rrt_20260806_225915_434.png
20260806_225918_015,2026-08-06 22:59:18,False,10000,200,0.0,0,0.4,1.0,0.2,0,0.5,10,9.5,10,rrt_20260806_225918_015.png
20260806_225920_581,2026-08-06 22:59:20,False,10000,179,0.0,0,0.4,1.0,0.2,0,0.5,10,9.5,10,rrt_20260806_225920_581.png
20260806_225922_832,2026-08-06 22:59:22,False,10000,161,0.0,0,0.4,1.0,0.2,0,0.5,10,9.5,10,rrt_20260806_225922_832.png
20260806_225925_296,2026-08-06 22:59:25,False,10000,186,0.0,0,0.4,1.0,0.2,0,0.5,10,9.5,10,rrt_20260806_225925_296.png
20260806_225927_593,2026-08-06 22:59:27,False,10000,164,0.0,0,0.4,1.0,0.2,0,0.5,10,9.5,10,rrt_20260806_225927_593.png
20260806_225928_888,2026-08-06 22:59:28,False,10000,71,0.0,0,0.4,1.0,0.2,0,0.5,10,9.5,10,rrt_20260806_225928_888.png
20260806_225930_901,2026-08-06 22:59:30,False,10000,145,0.0,0,0.4,1.0,0.2,0,0.5,10,9.5,10,rrt_20260806_225930_901.png
20260806_225931_190,2026-08-06 22:59:31,True,593,138,18.400000000000013,47,0.4,1.0,0.2,0,0.5,10,9.5,10,rrt_20260806_225931_190.png
20260806_225932_283,2026-08-06 22:59:32,False,10000,57,0.0,0,0.4,1.0,0.2,0,0.5,10,9.5,10,rrt_20260806_225932_283.png
20260806_225934_397,2026-08-06 22:59:34,False,10000,151,0.0,0,0.4,1.0,0.2,0,0.5,10,9.5,10,rrt_20260806_225934_397.png
20260806_225935_518,2026-08-06 22:59:35,False,10000,57,0.0,0,0.4,1.0,0.2,0,0.5,10,9.5,10,rrt_20260806_225935_518.png
20260806_225938_025,2026-08-06 22:59:38,False,10000,188,0.0,0,0.4,1.0,0.2,0,0.5,10,9.5,10,rrt_20260806_225938_025.png
20260806_225940_288,2026-08-06 22:59:40,False,10000,168,0.0,0,0.4,1.0,0.2,0,0.5,10,9.5,10,rrt_20260806_225940_288.png
20260806_225942_385,2026-08-06 22:59:42,False,10000,148,0.0,0,0.4,1.0,0.2,0,0.5,10,9.5,10,rrt_20260806_225942_385.png
20260806_225945_183,2026-08-06 22:59:45,False,10000,221,0.0,0,0.4,1.0,0.2,0,0.5,10,9.5,10,rrt_20260806_225945_183.png
20260806_225945_558,2026-08-06 22:59:45,True,1101,114,17.200000000000014,44,0.4,1.0,0.2,0,0.5,10,9.5,10,rrt_20260806_225945_558.png
20260806_225947_708,2026-08-06 22:59:47,False,10000,153,0.0,0,0.4,1.0,0.2,0,0.5,10,9.5,10,rrt_20260806_225947_708.png
20260806_225949_848,2026-08-06 22:59:49,False,10000,147,0.0,0,0.4,1.0,0.2,0,0.5,10,9.5,10,rrt_20260806_225949_848.png
20260806_225951_871,2026-08-06 22:59:51,False,10000,132,0.0,0,0.4,1.0,0.2,0,0.5,10,9.5,10,rrt_20260806_225951_871.png
20260806_225952_102,2026-08-06 22:59:52,True,494,47,15.140841845901738,35,0.45,0.1,0.2,0,0.5,10,9.5,10,rrt_20260806_225952_102.png
20260806_225952_298,2026-08-06 22:59:52,True,1004,49,15.261655233544905,35,0.45,0.1,0.2,0,0.5,10,9.5,10,rrt_20260806_225952_298.png
20260806_225952_461,2026-08-06 22:59:52,True,227,38,15.244786631478036,35,0.45,0.1,0.2,0,0.5,10,9.5,10,rrt_20260806_225952_461.png
20260806_225953_393,2026-08-06 22:59:53,False,10000,63,0.0,0,0.45,0.1,0.2,0,0.5,10,9.5,10,rrt_20260806_225953_393.png
20260806_225953_590,2026-08-06 22:59:53,True,299,42,14.399999999999993,33,0.45,0.1,0.2,0,0.5,10,9.5,10,rrt_20260806_225953_590.png
20260806_225953_740,2026-08-06 22:59:53,True,290,43,15.277625464473315,35,0.45,0.1,0.2,0,0.5,10,9.5,10,rrt_20260806_225953_740.png
20260806_225954_903,2026-08-06 22:59:54,False,10000,89,0.0,0,0.45,0.1,0.2,0,0.5,10,9.5,10,rrt_20260806_225954_903.png
20260806_225955_135,2026-08-06 22:59:55,True,713,50,15.749657721028205,36,0.45,0.1,0.2,0,0.5,10,9.5,10,rrt_20260806_225955_135.png
20260806_225955_334,2026-08-06 22:59:55,True,632,43,15.29999999999999,35,0.45,0.1,0.2,0,0.5,10,9.5,10,rrt_20260806_225955_334.png
20260806_225955_570,2026-08-06 22:59:55,True,1306,59,17.099999999999998,39,0.45,0.1,0.2,0,0.5,10,9.5,10,rrt_20260806_225955_570.png
20260806_225955_723,2026-08-06 22:59:55,True,215,42,14.850000000000005,34,0.45,0.1,0.2,0,0.5,10,9.5,10,rrt_20260806_225955_723.png
20260806_225955_893,2026-08-06 22:59:55,True,318,39,14.761616094792949,34,0.45,0.1,0.2,0,0.5,10,9.5,10,rrt_20260806_225955_893.png
20260806_225956_648,2026-08-06 22:59:56,True,6623,83,15.231417252257852,35,0.45,0.1,0.2,0,0.5,10,9.5,10,rrt_20260806_225956_648.png
20260806_225956_841,2026-08-06 22:59:56,True,340,46,15.73183850252801,36,0.45,0.1,0.2,0,0.5,10,9.5,10,rrt_20260806_225956_841.png
20260806_225957_082,2026-08-06 22:59:57,True,1380,77,17.09999999999999,39,0.45,0.1,0.2,0,0.5,10,9.5,10,rrt_20260806_225957_082.png
20260806_225958_587,2026-08-06 22:59:58,False,10000,127,0.0,0,0.45,0.1,0.2,0,0.5,10,9.5,10,rrt_20260806_225958_587.png
20260806_225958_830,2026-08-06 22:59:58,True,308,44,16.167749771783658,37,0.45,0.1,0.2,0,0.5,10,9.5,10,rrt_20260806_225958_830.png
20260806_225959_888,2026-08-06 22:59:59,False,10000,78,0.0,0,0.45,0.1,0.2,0,0.5,10,9.5,10,rrt_20260806_225959_888.png
20260806_230000_095,2026-08-06 23:00:00,True,495,43,15.286325776183041,35,0.45,0.1,0.2,0,0.5,10,9.5,10,rrt_20260806_230000_095.png
20260806_230001_027,2026-08-06 23:00:01,False,10000,59,0.0,0,0.45,0.1,0.2,0,0.5,10,9.5,10,rrt_20260806_230001_027.png
20260806_230001_231,2026-08-06 23:00:01,True,417,46,15.299999999999994,35,0.45,0.1,0.2,0,0.5,10,9.5,10,rrt_20260806_230001_231.png
20260806_230002_787,2026-08-06 23:00:02,False,10000,124,0.0,0,0.45,0.1,0.2,0,0.5,10,9.5,10,rrt_20260806_230002_787.png
20260806_230003_149,2026-08-06 23:00:03,True,1600,71,14.85000000000001,34,0.45,0.1,0.2,0,0.5,10,9.5,10,rrt_20260806_230003_149.png
20260806_230003_399,2026-08-06 23:00:03,True,334,41,14.76998680468071,34,0.45,0.1,0.2,0,0.5,10,9.5,10,rrt_20260806_230003_399.png
20260806_230003_601,2026-08-06 23:00:03,True,504,42,16.13212565434346,37,0.45,0.1,0.2,0,0.5,10,9.5,10,rrt_20260806_230003_601.png
20260806_230003_807,2026-08-06 23:00:03,True,566,47,15.145825418476377,35,0.45,0.1,0.2,0,0.5,10,9.5,10,rrt_20260806_230003_807.png
20260806_230003_980,2026-08-06 23:00:03,True,567,44,15.300000000000006,35,0.45,0.1,0.2,0,0.5,10,9.5,10,rrt_20260806_230003_980.png
20260806_230004_148,2026-08-06 23:00:04,True,577,49,15.658680844341184,36,0.45,0.1,0.2,0,0.5,10,9.5,10,rrt_20260806_230004_148.png
20260806_230004_337,2026-08-06 23:00:04,True,605,41,14.849999999999996,34,0.45,0.1,0.2,0,0.5,10,9.5,10,rrt_20260806_230004_337.png
20260806_230005_203,2026-08-06 23:00:05,False,10000,55,0.0,0,0.45,0.1,0.2,0,0.5,10,9.5,10,rrt_20260806_230005_203.png
20260806_230005_414,2026-08-06 23:00:05,True,588,52,15.502801432846326,36,0.45,0.1,0.2,0,0.5,10,9.5,10,rrt_20260806_230005_414.png
20260806_230005_612,2026-08-06 23:00:05,True,478,45,14.850000000000005,34,0.45,0.1,0.2,0,0.5,10,9.5,10,rrt_20260806_230005_612.png
20260806_230006_242,2026-08-06 23:00:06,True,4464,99,16.18901104496618,37,0.45,0.1,0.2,0,0.5,10,9.5,10,rrt_20260806_230006_242.png
20260806_230006_593,2026-08-06 23:00:06,True,3198,82,14.610365459378949,34,0.45,0.1,0.2,0,0.5,10,9.5,10,rrt_20260806_230006_593.png
20260806_230006_794,2026-08-06 23:00:06,True,390,41,14.688806577113505,34,0.45,0.1,0.2,0,0.5,10,9.5,10,rrt_20260806_230006_794.png
20260806_230006_959,2026-08-06 23:00:06,True,463,43,15.727143235646004,36,0.45,0.1,0.2,0,0.5,10,9.5,10,rrt_20260806_230006_959.png
20260806_230007_209,2026-08-06 23:00:07,True,1687,71,15.300000000000004,35,0.45,0.1,0.2,0,0.5,10,9.5,10,rrt_20260806_230007_209.png
20260806_230007_467,2026-08-06 23:00:07,True,1331,60,16.64323958248615,38,0.45,0.1,0.2,0,0.5,10,9.5,10,rrt_20260806_230007_467.png
20260806_230008_652,2026-08-06 23:00:08,False,10000,95,0.0,0,0.45,0.1,0.2,0,0.5,10,9.5,10,rrt_20260806_230008_652.png
20260806_230008_893,2026-08-06 23:00:08,True,895,54,14.84999999999999,34,0.45,0.1,0.2,0,0.5,10,9.5,10,rrt_20260806_230008_893.png
20260806_230009_048,2026-08-06 23:00:09,True,226,39,14.850000000000001,34,0.45,0.1,0.2,0,0.5,10,9.5,10,rrt_20260806_230009_048.png
20260806_230009_255,2026-08-06 23:00:09,True,788,52,15.749999999999995,36,0.45,0.1,0.2,0,0.5,10,9.5,10,rrt_20260806_230009_255.png
20260806_230009_470,2026-08-06 23:00:09,True,778,58,15.248000395546365,35,0.45,0.1,0.2,0,0.5,10,9.5,10,rrt_20260806_230009_470.png
20260806_230009_618,2026-08-06 23:00:09,True,207,40,14.400000000000002,33,0.45,0.1,0.2,0,0.5,10,9.5,10,rrt_20260806_230009_618.png
20260806_230010_499,2026-08-06 23:00:10,False,10000,62,0.0,0,0.45,0.1,0.2,0,0.5,10,9.5,10,rrt_20260806_230010_499.png
20260806_230010_703,2026-08-06 23:00:10,True,577,48,15.300000000000004,35,0.45,0.1,0.2,0,0.5,10,9.5,10,rrt_20260806_230010_703.png
20260806_230012_075,2026-08-06 23:00:12,False,10000,121,0.0,0,0.45,0.1,0.2,0,0.5,10,9.5,10,rrt_20260806_230012_075.png
20260806_230012_471,2026-08-06 23:00:12,True,1727,85,15.300000000000002,35,0.45,0.1,0.2,0,0.5,10,9.5,10,rrt_20260806_230012_471.png
20260806_230013_032,2026-08-06 23:00:13,True,3987,89,16.147327462821057,37,0.45,0.1,0.2,0,0.5,10,9.5,10,rrt_20260806_230013_032.png
20260806_230013_731,2026-08-06 23:00:13,True,5394,81,15.24139171164414,35,0.45,0.1,0.2,0,0.5,10,9.5,10,rrt_20260806_230013_731.png
20260806_230013_983,2026-08-06 23:00:13,True,1328,60,15.569584651881065,36,0.45,0.1,0.2,0,0.5,10,9.5,10,rrt_20260806_230013_983.png
20260806_230014_186,2026-08-06 23:00:14,True,718,50,16.200000000000006,37,0.45,0.1,0.2,0,0.5,10,9.5,10,rrt_20260806_230014_186.png
20260806_230014_370,2026-08-06 23:00:14,True,765,48,15.228130255959181,35,0.45,0.1,0.2,0,0.5,10,9.5,10,rrt_20260806_230014_370.png
20260806_230014_597,2026-08-06 23:00:14,True,388,45,15.606908911445007,36,0.45,0.1,0.2,0,0.5,10,9.5,10,rrt_20260806_230014_597.png
20260806_230014_858,2026-08-06 23:00:14,True,1459,65,18.30671284867196,42,0.45,0.1,0.2,0,0.5,10,9.5,10,rrt_20260806_230014_858.png
20260806_230015_056,2026-08-06 23:00:15,True,654,56,15.148591416396998,35,0.45,0.1,0.2,0,0.5,10,9.5,10,rrt_20260806_230015_056.png
20260806_230015_275,2026-08-06 23:00:15,True,625,49,15.196785420322716,35,0.45,0.1,0.2,0,0.5,10,9.5,10,rrt_20260806_230015_275.png
20260806_230016_286,2026-08-06 23:00:16,False,10000,63,0.0,0,0.45,0.1,0.2,0,0.5,10,9.5,10,rrt_20260806_230016_286.png
20260806_230017_635,2026-08-06 23:00:17,False,10000,76,0.0,0,0.45,0.1,0.2,0,0.5,10,9.5,10,rrt_20260806_230017_635.png
20260806_230017_841,2026-08-06 23:00:17,True,460,44,15.299999999999995,35,0.45,0.1,0.2,0,0.5,10,9.5,10,rrt_20260806_230017_841.png
20260806_230018_003,2026-08-06 23:00:18,True,370,52,15.276224744614309,35,0.45,0.1,0.2,0,0.5,10,9.5,10,rrt_20260806_230018_003.png
20260806_230018_447,2026-08-06 23:00:18,True,3749,99,18.899999999999995,43,0.45,0.1,0.2,0,0.5,10,9.5,10,rrt_20260806_230018_447.png
20260806_230018_619,2026-08-06 23:00:18,True,210,39,15.230061137666507,35,0.45,0.1,0.2,0,0.5,10,9.5,10,rrt_20260806_230018_619.png
20260806_230019_157,2026-08-06 23:00:19,True,4002,94,21.149999999999995,48,0.45,0.1,0.2,0,0.5,10,9.5,10,rrt_20260806_230019_157.png
20260806_230020_517,2026-08-06 23:00:20,False,10000,104,0.0,0,0.45,0.1,0.2,0,0.5,10,9.5,10,rrt_20260806_230020_517.png
20260806_230020_725,2026-08-06 23:00:20,True,382,45,15.193843539243456,35,0.45,0.1,0.2,0,0.5,10,9.5,10,rrt_20260806_230020_725.png
20260806_230021_780,2026-08-06 23:00:21,False,10000,61,0.0,0,0.45,0.1,0.2,0,0.5,10,9.5,10,rrt_20260806_230021_780.png
20260806_230021_983,2026-08-06 23:00:21,True,495,44,15.60329238322365,36,0.45,0.1,0.2,0,0.5,10,9.5,10,rrt_20260806_230021_983.png
20260806_230023_527,2026-08-06 23:00:23,False,10000,124,0.0,0,0.45,0.1,0.2,0,0.5,10,9.5,10,rrt_20260806_230023_527.png
20260806_230024_868,2026-08-06 23:00:24,False,10000,79,0.0,0,0.45,0.1,0.2,0,0.5,10,9.5,10,rrt_20260806_230024_868.png
20260806_230025_101,2026-08-06 23:00:25,True,999,52,15.749999999999991,36,0.45,0.1,0.2,0,0.5,10,9.5,10,rrt_20260806_230025_101.png
20260806_230025_272,2026-08-06 23:00:25,True,732,49,16.200000000000003,37,0.45,0.1,0.2,0,0.5,10,9.5,10,rrt_20260806_230025_272.png
20260806_230026_244,2026-08-06 23:00:26,False,10000,63,0.0,0,0.45,0.1,0.2,0,0.5,10,9.5,10,rrt_20260806_230026_244.png
20260806_230026_891,2026-08-06 23:00:26,True,6668,74,19.79999999999999,45,0.45,0.1,0.2,0,0.5,10,9.5,10,rrt_20260806_230026_891.png
20260806_230027_915,2026-08-06 23:00:27,True,7179,109,16.52885122410841,38,0.45,0.1,0.2,0,0.5,10,9.5,10,rrt_20260806_230027_915.png
20260806_230028_127,2026-08-06 23:00:28,True,671,49,14.850000000000001,34,0.45,0.1,0.2,0,0.5,10,9.5,10,rrt_20260806_230028_127.png
20260806_230028_465,2026-08-06 23:00:28,True,2490,84,17.511139131589392,40,0.45,0.1,0.2,0,0.5,10,9.5,10,rrt_20260806_230028_465.png
20260806_230029_721,2026-08-06 23:00:29,False,10000,67,0.0,0,0.45,0.1,0.2,0,0.5,10,9.5,10,rrt_20260806_230029_721.png
20260806_230031_281,2026-08-06 23:00:31,False,10000,125,0.0,0,0.45,0.1,0.2,0,0.5,10,9.5,10,rrt_20260806_230031_281.png
20260806_230032_686,2026-08-06 23:00:32,False,10000,126,0.0,0,0.45,0.1,0.2,0,0.5,10,9.5,10,rrt_20260806_230032_686.png
20260806_230033_918,2026-08-06 23:00:33,False,10000,80,0.0,0,0.45,0.1,0.2,0,0.5,10,9.5,10,rrt_20260806_230033_918.png
20260806_230034_260,2026-08-06 23:00:34,True,1767,67,17.487265881250213,40,0.45,0.1,0.2,0,0.5,10,9.5,10,rrt_20260806_230034_260.png
20260806_230034_433,2026-08-06 23:00:34,True,377,44,15.299999999999995,35,0.45,0.1,0.2,0,0.5,10,9.5,10,rrt_20260806_230034_433.png
20260806_230035_295,2026-08-06 23:00:35,False,10000,60,0.0,0,0.45,0.1,0.2,0,0.5,10,9.5,10,rrt_20260806_230035_295.png
20260806_230035_501,2026-08-06 23:00:35,True,515,49,14.849999999999996,34,0.45,0.1,0.2,0,0.5,10,9.5,10,rrt_20260806_230035_501.png
20260806_230035_674,2026-08-06 23:00:35,True,545,45,16.59115426940308,38,0.45,0.1,0.2,0,0.5,10,9.5,10,rrt_20260806_230035_674.png
20260806_230035_828,2026-08-06 23:00:35,True,268,42,14.836412787745427,34,0.45,0.1,0.2,0,0.5,10,9.5,10,rrt_20260806_230035_828.png
20260806_230036_072,2026-08-06 23:00:36,True,1113,55,16.65,38,0.45,0.1,0.2,0,0.5,10,9.5,10,rrt_20260806_230036_072.png
20260806_230036_280,2026-08-06 23:00:36,True,1155,65,17.01643551735881,39,0.45,0.1,0.2,0,0.5,10,9.5,10,rrt_20260806_230036_280.png
20260806_230036_521,2026-08-06 23:00:36,True,1240,63,17.81678099874134,41,0.45,0.1,0.2,0,0.5,10,9.5,10,rrt_20260806_230036_521.png
20260806_230038_185,2026-08-06 23:00:38,False,10000,111,0.0,0,0.45,0.1,0.2,0,0.5,10,9.5,10,rrt_20260806_230038_185.png
20260806_230038_407,2026-08-06 23:00:38,True,243,45,14.80537809590663,34,0.45,0.1,0.2,0,0.5,10,9.5,10,rrt_20260806_230038_407.png
20260806_230039_129,2026-08-06 23:00:39,True,5919,84,15.987726106642535,37,0.45,0.1,0.2,0,0.5,10,9.5,10,rrt_20260806_230039_129.png
20260806_230040_128,2026-08-06 23:00:40,False,10000,65,0.0,0,0.45,0.1,0.2,0,0.5,10,9.5,10,rrt_20260806_230040_128.png
20260806_230040_659,2026-08-06 23:00:40,True,4752,86,16.649999999999995,38,0.45,0.1,0.2,0,0.5,10,9.5,10,rrt_20260806_230040_659.png
20260806_230040_851,2026-08-06 23:00:40,True,574,42,15.171286396877221,35,0.45,0.1,0.2,0,0.5,10,9.5,10,rrt_20260806_230040_851.png
20260806_230041_065,2026-08-06 23:00:41,True,1074,57,15.703551937884132,36,0.45,0.1,0.2,0,0.5,10,9.5,10,rrt_20260806_230041_065.png
20260806_230041_373,2026-08-06 23:00:41,True,1830,89,17.999999999999996,41,0.45,0.1,0.2,0,0.5,10,9.5,10,rrt_20260806_230041_373.png
20260806_230041_568,2026-08-06 23:00:41,True,866,45,14.850000000000003,34,0.45,0.1,0.2,0,0.5,10,9.5,10,rrt_20260806_230041_568.png
20260806_230041_741,2026-08-06 23:00:41,True,647,47,15.299999999999992,35,0.45,0.1,0.2,0,0.5,10,9.5,10,rrt_20260806_230041_741.png
20260806_230041_965,2026-08-06 23:00:41,True,1107,63,15.581903659117174,36,0.45,0.2,0.2,0,0.5,10,9.5,10,rrt_20260806_230041_965.png
20260806_230042_124,2026-08-06 23:00:42,True,274,50,14.828426323986083,34,0.45,0.2,0.2,0,0.5,10,9.5,10,rrt_20260806_230042_124.png
20260806_230042_275,2026-08-06 23:00:42,True,353,43,14.67094844165213,34,0.45,0.2,0.2,0,0.5,10,9.5,10,rrt_20260806_230042_275.png
20260806_230042_436,2026-08-06 23:00:42,True,206,41,15.556693858493764,36,0.45,0.2,0.2,0,0.5,10,9.5,10,rrt_20260806_230042_436.png
20260806_230044_326,2026-08-06 23:00:44,False,10000,141,0.0,0,0.45,0.2,0.2,0,0.5,10,9.5,10,rrt_20260806_230044_326.png
20260806_230044_537,2026-08-06 23:00:44,True,154,40,14.400000000000006,33,0.45,0.2,0.2,0,0.5,10,9.5,10,rrt_20260806_230044_537.png
20260806_230044_678,2026-08-06 23:00:44,True,108,40,15.06216716262029,35,0.45,0.2,0.2,0,0.5,10,9.5,10,rrt_20260806_230044_678.png
20260806_230044_827,2026-08-06 23:00:44,True,232,42,14.829834367239954,34,0.45,0.2,0.2,0,0.5,10,9.5,10,rrt_20260806_230044_827.png
20260806_230044_970,2026-08-06 23:00:44,True,92,37,14.850000000000003,34,0.45,0.2,0.2,0,0.5,10,9.5,10,rrt_20260806_230044_970.png
20260806_230045_118,2026-08-06 23:00:45,True,75,36,14.849999999999998,34,0.45,0.2,0.2,0,0.5,10,9.5,10,rrt_20260806_230045_118.png
20260806_230046_091,2026-08-06 23:00:46,False,10000,62,0.0,0,0.45,0.2,0.2,0,0.5,10,9.5,10,rrt_20260806_230046_091.png
20260806_230048_149,2026-08-06 23:00:48,False,10000,171,0.0,0,0.45,0.2,0.2,0,0.5,10,9.5,10,rrt_20260806_230048_149.png
20260806_230049_385,2026-08-06 23:00:49,False,10000,80,0.0,0,0.45,0.2,0.2,0,0.5,10,9.5,10,rrt_20260806_230049_385.png
20260806_230049_601,2026-08-06 23:00:49,True,341,53,15.212861627442473,35,0.45,0.2,0.2,0,0.5,10,9.5,10,rrt_20260806_230049_601.png
20260806_230049_920,2026-08-06 23:00:49,True,1547,103,17.55,40,0.45,0.2,0.2,0,0.5,10,9.5,10,rrt_20260806_230049_920.png
20260806_230050_130,2026-08-06 23:00:50,True,780,70,16.417292018504376,38,0.45,0.2,0.2,0,0.5,10,9.5,10,rrt_20260806_230050_130.png
20260806_230050_313,2026-08-06 23:00:50,True,604,73,18.449999999999992,42,0.45,0.2,0.2,0,0.5,10,9.5,10,rrt_20260806_230050_313.png
20260806_230050_498,2026-08-06 23:00:50,True,752,65,15.299999999999997,35,0.45,0.2,0.2,0,0.5,10,9.5,10,rrt_20260806_230050_498.png
20260806_230051_699,2026-08-06 23:00:51,False,10000,62,0.0,0,0.45,0.2,0.2,0,0.5,10,9.5,10,rrt_20260806_230051_699.png
20260806_230051_982,2026-08-06 23:00:51,True,1102,71,16.982223894563507,39,0.45,0.2,0.2,0,0.5,10,9.5,10,rrt_20260806_230051_982.png
20260806_230052_142,2026-08-06 23:00:52,True,276,49,15.3,35,0.45,0.2,0.2,0,0.5,10,9.5,10,rrt_20260806_230052_142.png
20260806_230052_288,2026-08-06 23:00:52,True,225,44,15.73044244164464,36,0.45,0.2,0.2,0,0.5,10,9.5,10,rrt_20260806_230052_288.png
20260806_230052_480,2026-08-06 23:00:52,True,389,50,15.722626630736748,36,0.45,0.2,0.2,0,0.5,10,9.5,10,rrt_20260806_230052_480.png
20260806_230052_707,2026-08-06 23:00:52,True,1035,67,15.265696941321,35,0.45,0.2,0.2,0,0.5,10,9.5,10,rrt_20260806_230052_707.png
20260806_230052_869,2026-08-06 23:00:52,True,338,45,16.55460045054045,38,0.45,0.2,0.2,0,0.5,10,9.5,10,rrt_20260806_230052_869.png
20260806_230053_066,2026-08-06 23:00:53,True,462,42,14.849999999999993,34,0.45,0.2,0.2,0,0.5,10,9.5,10,rrt_20260806_230053_066.png
20260806_230053_282,2026-08-06 23:00:53,True,1029,70,15.299999999999999,35,0.45,0.2,0.2,0,0.5,10,9.5,10,rrt_20260806_230053_282.png
20260806_230054_828,2026-08-06 23:00:54,False,10000,114,0.0,0,0.45,0.2,0.2,0,0.5,10,9.5,10,rrt_20260806_230054_828.png
20260806_230055_767,2026-08-06 23:00:55,False,10000,54,0.0,0,0.45,0.2,0.2,0,0.5,10,9.5,10,rrt_20260806_230055_767.png
20260806_230055_975,2026-08-06 23:00:55,True,452,51,15.3,35,0.45,0.2,0.2,0,0.5,10,9.5,10,rrt_20260806_230055_975.png
20260806_230057_133,2026-08-06 23:00:57,False,10000,61,0.0,0,0.45,0.2,0.2,0,0.5,10,9.5,10,rrt_20260806_230057_133.png
20260806_230057_321,2026-08-06 23:00:57,True,168,45,16.53544071214256,38,0.45,0.2,0.2,0,0.5,10,9.5,10,rrt_20260806_230057_321.png
20260806_230057_757,2026-08-06 23:00:57,True,3113,87,14.736162881969618,34,0.45,0.2,0.2,0,0.5,10,9.5,10,rrt_20260806_230057_757.png
20260806_230057_958,2026-08-06 23:00:57,True,335,48,16.144782100690474,37,0.45,0.2,0.2,0,0.5,10,9.5,10,rrt_20260806_230057_958.png
20260806_230058_140,2026-08-06 23:00:58,True,495,60,15.520524021876252,36,0.45,0.2,0.2,0,0.5,10,9.5,10,rrt_20260806_230058_140.png
20260806_230058_309,2026-08-06 23:00:58,True,344,52,15.299999999999994,35,0.45,0.2,0.2,0,0.5,10,9.5,10,rrt_20260806_230058_309.png
20260806_230058_690,2026-08-06 23:00:58,True,2656,93,18.44999999999999,42,0.45,0.2,0.2,0,0.5,10,9.5,10,rrt_20260806_230058_690.png
20260806_230058_860,2026-08-06 23:00:58,True,191,48,15.149318625971272,35,0.45,0.2,0.2,0,0.5,10,9.5,10,rrt_20260806_230058_860.png
20260806_230059_052,2026-08-06 23:00:59,True,767,62,14.849999999999993,34,0.45,0.2,0.2,0,0.5,10,9.5,10,rrt_20260806_230059_052.png
20260806_230059_291,2026-08-06 23:00:59,True,972,60,15.644676517703799,36,0.45,0.2,0.2,0,0.5,10,9.5,10,rrt_20260806_230059_291.png
20260806_230059_451,2026-08-06 23:00:59,True,340,51,14.84610573087715,34,0.45,0.2,0.2,0,0.5,10,9.5,10,rrt_20260806_230059_451.png
20260806_230059_676,2026-08-06 23:00:59,True,1206,70,16.2,37,0.45,0.2,0.2,0,0.5,10,9.5,10,rrt_20260806_230059_676.png
20260806_230059_865,2026-08-06 23:00:59,True,195,46,15.953081120078512,37,0.45,0.2,0.2,0,0.5,10,9.5,10,rrt_20260806_230059_865.png
20260806_230100_009,2026-08-06 23:01:00,True,320,47,14.4,33,0.45,0.2,0.2,0,0.5,10,9.5,10,rrt_20260806_230100_009.png
20260806_230100_181,2026-08-06 23:01:00,True,224,39,14.85,34,0.45,0.2,0.2,0,0.5,10,9.5,10,rrt_20260806_230100_181.png
20260806_230100_344,2026-08-06 23:01:00,True,238,44,14.850000000000005,34,0.45,0.2,0.2,0,0.5,10,9.5,10,rrt_20260806_230100_344.png
20260806_230100_516,2026-08-06 23:01:00,True,522,59,16.98314874792363,39,0.45,0.2,0.2,0,0.5,10,9.5,10,rrt_20260806_230100_516.png
20260806_230100_663,2026-08-06 23:01:00,True,138,42,14.825966307286167,34,0.45,0.2,0.2,0,0.5,10,9.5,10,rrt_20260806_230100_663.png
20260806_230100_872,2026-08-06 23:01:00,True,1041,58,15.299999999999999,35,0.45,0.2,0.2,0,0.5,10,9.5,10,rrt_20260806_230100_872.png
20260806_230101_069,2026-08-06 23:01:01,True,355,50,15.75,36,0.45,0.2,0.2,0,0.5,10,9.5,10,rrt_20260806_230101_069.png
20260806_230101_214,2026-08-06 23:01:01,True,221,45,14.752266510313701,34,0.45,0.2,0.2,0,0.5,10,9.5,10,rrt_20260806_230101_214.png
20260806_230101_364,2026-08-06 23:01:01,True,166,41,14.850000000000009,34,0.45,0.2,0.2,0,0.5,10,9.5,10,rrt_20260806_230101_364.png
20260806_230101_509,2026-08-06 23:01:01,True,131,40,15.147000428555593,35,0.45,0.2,0.2,0,0.5,10,9.5,10,rrt_20260806_230101_509.png
20260806_230101_704,2026-08-06 23:01:01,True,707,68,17.532269337661337,40,0.45,0.2,0.2,0,0.5,10,9.5,10,rrt_20260806_230101_704.png
20260806_230101_852,2026-08-06 23:01:01,True,180,44,14.849999999999998,34,0.45,0.2,0.2,0,0.5,10,9.5,10,rrt_20260806_230101_852.png
20260806_230102_468,2026-08-06 23:01:02,True,4151,110,18.71635171647641,43,0.45,0.2,0.2,0,0.5,10,9.5,10,rrt_20260806_230102_468.png
20260806_230102_723,2026-08-06 23:01:02,True,754,61,16.650000000000002,38,0.45,0.2,0.2,0,0.5,10,9.5,10,rrt_20260806_230102_723.png
20260806_230102_895,2026-08-06 23:01:02,True,526,57,15.749999999999998,36,0.45,0.2,0.2,0,0.5,10,9.5,10,rrt_20260806_230102_895.png
20260806_230104_041,2026-08-06 23:01:04,False,10000,59,0.0,0,0.45,0.2,0.2,0,0.5,10,9.5,10,rrt_20260806_230104_041.png
20260806_230104_251,2026-08-06 23:01:04,True,289,50,16.199999999999996,37,0.45,0.2,0.2,0,0.5,10,9.5,10,rrt_20260806_230104_251.png
20260806_230104_802,2026-08-06 23:01:04,True,3944,93,20.065475031259048,46,0.45,0.2,0.2,0,0.5,10,9.5,10,rrt_20260806_230104_802.png
20260806_230106_034,2026-08-06 23:01:06,False,10000,62,0.0,0,0.45,0.2,0.2,0,0.5,10,9.5,10,rrt_20260806_230106_034.png
20260806_230107_421,2026-08-06 23:01:07,False,10000,92,0.0,0,0.45,0.2,0.2,0,0.5,10,9.5,10,rrt_20260806_230107_421.png
20260806_230107_626,2026-08-06 23:01:07,True,319,48,14.849999999999993,34,0.45,0.2,0.2,0,0.5,10,9.5,10,rrt_20260806_230107_626.png
20260806_230107_808,2026-08-06 23:01:07,True,604,76,17.4026535458932,40,0.45,0.2,0.2,0,0.5,10,9.5,10,rrt_20260806_230107_808.png
20260806_230107_969,2026-08-06 23:01:07,True,278,50,15.749999999999996,36,0.45,0.2,0.2,0,0.5,10,9.5,10,rrt_20260806_230107_969.png
20260806_230108_170,2026-08-06 23:01:08,True,284,44,14.850000000000007,34,0.45,0.2,0.2,0,0.5,10,9.5,10,rrt_20260806_230108_170.png
20260806_230108_356,2026-08-06 23:01:08,True,720,58,15.299999999999994,35,0.45,0.2,0.2,0,0.5,10,9.5,10,rrt_20260806_230108_356.png
20260806_230108_509,2026-08-06 23:01:08,True,153,43,14.81188014179569,34,0.45,0.2,0.2,0,0.5,10,9.5,10,rrt_20260806_230108_509.png
20260806_230108_730,2026-08-06 23:01:08,True,979,83,18.718214913061523,43,0.45,0.2,0.2,0,0.5,10,9.5,10,rrt_20260806_230108_730.png
20260806_230108_889,2026-08-06 23:01:08,True,223,43,15.750000000000016,36,0.45,0.2,0.2,0,0.5,10,9.5,10,rrt_20260806_230108_889.png
20260806_230110_007,2026-08-06 23:01:10,False,10000,54,0.0,0,0.45,0.2,0.2,0,0.5,10,9.5,10,rrt_20260806_230110_007.png
20260806_230110_969,2026-08-06 23:01:10,False,10000,60,0.0,0,0.45,0.2,0.2,0,0.5,10,9.5,10,rrt_20260806_230110_969.png
20260806_230111_193,2026-08-06 23:01:11,True,437,55,17.099999999999998,39,0.45,0.2,0.2,0,0.5,10,9.5,10,rrt_20260806_230111_193.png
20260806_230111_818,2026-08-06 23:01:11,True,4604,103,22.488483282819907,51,0.45,0.2,0.2,0,0.5,10,9.5,10,rrt_20260806_230111_818.png
20260806_230113_100,2026-08-06 23:01:13,False,10000,90,0.0,0,0.45,0.2,0.2,0,0.5,10,9.5,10,rrt_20260806_230113_100.png
20260806_230113_335,2026-08-06 23:01:13,True,372,53,15.550309671120631,36,0.45,0.2,0.2,0,0.5,10,9.5,10,rrt_20260806_230113_335.png
20260806_230113_486,2026-08-06 23:01:13,True,234,43,14.780265380386439,34,0.45,0.2,0.2,0,0.5,10,9.5,10,rrt_20260806_230113_486.png
20260806_230115_137,2026-08-06 23:01:15,False,10000,122,0.0,0,0.45,0.2,0.2,0,0.5,10,9.5,10,rrt_20260806_230115_137.png
20260806_230115_432,2026-08-06 23:01:15,True,221,42,15.062934639898513,35,0.45,0.2,0.2,0,0.5,10,9.5,10,rrt_20260806_230115_432.png
20260806_230115_753,2026-08-06 23:01:15,True,1385,86,17.37461925396662,40,0.45,0.2,0.2,0,0.5,10,9.5,10,rrt_20260806_230115_753.png
20260806_230117_657,2026-08-06 23:01:17,False,10000,151,0.0,0,0.45,0.2,0.2,0,0.5,10,9.5,10,rrt_20260806_230117_657.png
20260806_230118_592,2026-08-06 23:01:18,False,10000,51,0.0,0,0.45,0.2,0.2,0,0.5,10,9.5,10,rrt_20260806_230118_592.png
20260806_230118_813,2026-08-06 23:01:18,True,810,54,16.506625052856155,38,0.45,0.2,0.2,0,0.5,10,9.5,10,rrt_20260806_230118_813.png
20260806_230119_049,2026-08-06 23:01:19,True,1039,77,15.513495958430086,36,0.45,0.2,0.2,0,0.5,10,9.5,10,rrt_20260806_230119_049.png
20260806_230119_227,2026-08-06 23:01:19,True,457,64,15.749999999999996,36,0.45,0.2,0.2,0,0.5,10,9.5,10,rrt_20260806_230119_227.png
20260806_230119_527,2026-08-06 23:01:19,True,1737,77,15.5732452348856,36,0.45,0.2,0.2,0,0.5,10,9.5,10,rrt_20260806_230119_527.png
20260806_230121_275,2026-08-06 23:01:21,False,10000,144,0.0,0,0.45,0.2,0.2,0,0.5,10,9.5,10,rrt_20260806_230121_275.png
20260806_230122_437,2026-08-06 23:01:22,False,10000,53,0.0,0,0.45,0.2,0.2,0,0.5,10,9.5,10,rrt_20260806_230122_437.png
20260806_230122_641,2026-08-06 23:01:22,True,347,51,14.765709350492537,34,0.45,0.2,0.2,0,0.5,10,9.5,10,rrt_20260806_230122_641.png
20260806_230122_854,2026-08-06 23:01:22,True,889,77,18.45,42,0.45,0.2,0.2,0,0.5,10,9.5,10,rrt_20260806_230122_854.png
20260806_230123_087,2026-08-06 23:01:23,True,897,74,14.85,34,0.45,0.2,0.2,0,0.5,10,9.5,10,rrt_20260806_230123_087.png
20260806_230123_266,2026-08-06 23:01:23,True,172,45,15.749999999999996,36,0.45,0.2,0.2,0,0.5,10,9.5,10,rrt_20260806_230123_266.png
20260806_230123_454,2026-08-06 23:01:23,True,834,69,17.549999999999997,40,0.45,0.2,0.2,0,0.5,10,9.5,10,rrt_20260806_230123_454.png
20260806_230124_630,2026-08-06 23:01:24,False,10000,63,0.0,0,0.45,0.2,0.2,0,0.5,10,9.5,10,rrt_20260806_230124_630.png
20260806_230124_821,2026-08-06 23:01:24,True,155,41,15.299999999999999,35,0.45,0.2,0.2,0,0.5,10,9.5,10,rrt_20260806_230124_821.png
20260806_230124_974,2026-08-06 23:01:24,True,350,46,15.065577440196087,35,0.45,0.2,0.2,0,0.5,10,9.5,10,rrt_20260806_230124_974.png
20260806_230125_207,2026-08-06 23:01:25,True,839,68,15.749999999999995,36,0.45,0.2,0.2,0,0.5,10,9.5,10,rrt_20260806_230125_207.png
20260806_230125_368,2026-08-06 23:01:25,True,146,40,14.794584378827835,34,0.45,0.2,0.2,0,0.5,10,9.5,10,rrt_20260806_230125_368.png
20260806_230125_517,2026-08-06 23:01:25,True,350,44,15.635838903307585,36,0.45,0.2,0.2,0,0.5,10,9.5,10,rrt_20260806_230125_517.png
20260806_230126_483,2026-08-06 23:01:26,False,10000,60,0.0,0,0.45,0.3,0.2,0,0.5,10,9.5,10,rrt_20260806_230126_483.png
20260806_230126_678,2026-08-06 23:01:26,True,288,57,14.850000000000001,34,0.45,0.3,0.2,0,0.5,10,9.5,10,rrt_20260806_230126_678.png
20260806_230127_831,2026-08-06 23:01:27,False,10000,59,0.0,0,0.45,0.3,0.2,0,0.5,10,9.5,10,rrt_20260806_230127_831.png
20260806_230128_028,2026-08-06 23:01:28,True,351,53,16.199999999999992,37,0.45,0.3,0.2,0,0.5,10,9.5,10,rrt_20260806_230128_028.png
20260806_230128_279,2026-08-06 23:01:28,True,1520,85,16.649999999999995,38,0.45,0.3,0.2,0,0.5,10,9.5,10,rrt_20260806_230128_279.png
20260806_230128_544,2026-08-06 23:01:28,True,1600,96,19.79999999999999,45,0.45,0.3,0.2,0,0.5,10,9.5,10,rrt_20260806_230128_544.png
20260806_230128_714,2026-08-06 23:01:28,True,314,48,15.236914692633048,35,0.45,0.3,0.2,0,0.5,10,9.5,10,rrt_20260806_230128_714.png
20260806_230128_856,2026-08-06 23:01:28,True,142,47,14.639789873042892,34,0.45,0.3,0.2,0,0.5,10,9.5,10,rrt_20260806_230128_856.png
20260806_230129_039,2026-08-06 23:01:29,True,399,57,16.166126833288256,37,0.45,0.3,0.2,0,0.5,10,9.5,10,rrt_20260806_230129_039.png
20260806_230130_822,2026-08-06 23:01:30,False,10000,134,0.0,0,0.45,0.3,0.2,0,0.5,10,9.5,10,rrt_20260806_230130_822.png
20260806_230131_108,2026-08-06 23:01:31,True,201,52,15.670316878944957,36,0.45,0.3,0.2,0,0.5,10,9.5,10,rrt_20260806_230131_108.png
20260806_230131_273,2026-08-06 23:01:31,True,146,45,15.229032874229482,35,0.45,0.3,0.2,0,0.5,10,9.5,10,rrt_20260806_230131_273.png
20260806_230131_425,2026-08-06 23:01:31,True,207,43,16.200000000000006,37,0.45,0.3,0.2,0,0.5,10,9.5,10,rrt_20260806_230131_425.png
20260806_230131_593,2026-08-06 23:01:31,True,439,63,16.030806166246936,37,0.45,0.3,0.2,0,0.5,10,9.5,10,rrt_20260806_230131_593.png
20260806_230131_774,2026-08-06 23:01:31,True,96,35,14.849999999999994,34,0.45,0.3,0.2,0,0.5,10,9.5,10,rrt_20260806_230131_774.png
20260806_230131_947,2026-08-06 23:01:31,True,559,77,17.549999999999997,40,0.45,0.3,0.2,0,0.5,10,9.5,10,rrt_20260806_230131_947.png
20260806_230132_108,2026-08-06 23:01:32,True,202,49,15.18802499964594,35,0.45,0.3,0.2,0,0.5,10,9.5,10,rrt_20260806_230132_108.png
20260806_230132_361,2026-08-06 23:01:32,True,1215,105,19.349999999999984,44,0.45,0.3,0.2,0,0.5,10,9.5,10,rrt_20260806_230132_361.png
20260806_230133_418,2026-08-06 23:01:33,False,10000,51,0.0,0,0.45,0.3,0.2,0,0.5,10,9.5,10,rrt_20260806_230133_418.png
20260806_230133_649,2026-08-06 23:01:33,True,288,54,15.29999999999999,35,0.45,0.3,0.2,0,0.5,10,9.5,10,rrt_20260806_230133_649.png
20260806_230135_427,2026-08-06 23:01:35,False,10000,134,0.0,0,0.45,0.3,0.2,0,0.5,10,9.5,10,rrt_20260806_230135_427.png
20260806_230135_670,2026-08-06 23:01:35,True,659,65,16.984325166996655,39,0.45,0.3,0.2,0,0.5,10,9.5,10,rrt_20260806_230135_670.png
20260806_230135_819,2026-08-06 23:01:35,True,211,49,15.251178107098339,35,0.45,0.3,0.2,0,0.5,10,9.5,10,rrt_20260806_230135_819.png
20260806_230136_871,2026-08-06 23:01:36,False,10000,52,0.0,0,0.45,0.3,0.2,0,0.5,10,9.5,10,rrt_20260806_230136_871.png
20260806_230137_133,2026-08-06 23:01:37,True,552,75,16.650000000000002,38,0.45,0.3,0.2,0,0.5,10,9.5,10,rrt_20260806_230137_133.png
20260806_230137_291,2026-08-06 23:01:37,True,248,51,15.526289923114161,36,0.45,0.3,0.2,0,0.5,10,9.5,10,rrt_20260806_230137_291.png
20260806_230138_239,2026-08-06 23:01:38,False,10000,62,0.0,0,0.45,0.3,0.2,0,0.5,10,9.5,10,rrt_20260806_230138_239.png
20260806_230138_435,2026-08-06 23:01:38,True,246,55,15.661943323623781,36,0.45,0.3,0.2,0,0.5,10,9.5,10,rrt_20260806_230138_435.png
20260806_230140_223,2026-08-06 23:01:40,False,10000,138,0.0,0,0.45,0.3,0.2,0,0.5,10,9.5,10,rrt_20260806_230140_223.png
20260806_230140_494,2026-08-06 23:01:40,True,599,70,14.824539369646882,34,0.45,0.3,0.2,0,0.5,10,9.5,10,rrt_20260806_230140_494.png
20260806_230142_566,2026-08-06 23:01:42,False,10000,182,0.0,0,0.45,0.3,0.2,0,0.5,10,9.5,10,rrt_20260806_230142_566.png
20260806_230144_903,2026-08-06 23:01:44,False,10000,187,0.0,0,0.45,0.3,0.2,0,0.5,10,9.5,10,rrt_20260806_230144_903.png
20260806_230146_744,2026-08-06 23:01:46,False,10000,128,0.0,0,0.45,0.3,0.2,0,0.5,10,9.5,10,rrt_20260806_230146_744.png
20260806_230146_963,2026-08-06 23:01:46,True,146,44,15.299999999999997,35,0.45,0.3,0.2,0,0.5,10,9.5,10,rrt_20260806_230146_963.png
20260806_230147_111,2026-08-06 23:01:47,True,212,46,15.586532405665732,36,0.45,0.3,0.2,0,0.5,10,9.5,10,rrt_20260806_230147_111.png
20260806_230147_250,2026-08-06 23:01:47,True,138,46,15.21428722835417,35,0.45,0.3,0.2,0,0.5,10,9.5,10,rrt_20260806_230147_250.png
20260806_230148_976,2026-08-06 23:01:48,False,10000,133,0.0,0,0.45,0.3,0.2,0,0.5,10,9.5,10,rrt_20260806_230148_976.png
20260806_230149_277,2026-08-06 23:01:49,True,1173,73,15.283380835306323,35,0.45,0.3,0.2,0,0.5,10,9.5,10,rrt_20260806_230149_277.png
20260806_230150_260,2026-08-06 23:01:50,False,10000,59,0.0,0,0.45,0.3,0.2,0,0.5,10,9.5,10,rrt_20260806_230150_260.png
20260806_230150_498,2026-08-06 23:01:50,True,901,69,17.82446234920069,41,0.45,0.3,0.2,0,0.5,10,9.5,10,rrt_20260806_230150_498.png
20260806_230150_650,2026-08-06 23:01:50,True,129,42,15.695718695373323,36,0.45,0.3,0.2,0,0.5,10,9.5,10,rrt_20260806_230150_650.png
20260806_230150_800,2026-08-06 23:01:50,True,136,47,15.7499264740953,36,0.45,0.3,0.2,0,0.5,10,9.5,10,rrt_20260806_230150_800.png
20260806_230150_992,2026-08-06 23:01:50,True,786,73,16.58710971665514,38,0.45,0.3,0.2,0,0.5,10,9.5,10,rrt_20260806_230150_992.png
20260806_230151_182,2026-08-06 23:01:51,True,305,53,16.199999999999996,37,0.45,0.3,0.2,0,0.5,10,9.5,10,rrt_20260806_230151_182.png
20260806_230151_334,2026-08-06 23:01:51,True,344,54,14.850000000000003,34,0.45,0.3,0.2,0,0.5,10,9.5,10,rrt_20260806_230151_334.png
20260806_230151_485,2026-08-06 23:01:51,True,288,56,17.004583888869853,39,0.45,0.3,0.2,0,0.5,10,9.5,10,rrt_20260806_230151_485.png
20260806_230151_636,2026-08-06 23:01:51,True,215,49,15.299999999999997,35,0.45,0.3,0.2,0,0.5,10,9.5,10,rrt_20260806_230151_636.png
20260806_230151_773,2026-08-06 23:01:51,True,72,38,14.798305251893305,34,0.45,0.3,0.2,0,0.5,10,9.5,10,rrt_20260806_230151_773.png
20260806_230153_884,2026-08-06 23:01:53,False,10000,170,0.0,0,0.45,0.3,0.2,0,0.5,10,9.5,10,rrt_20260806_230153_884.png
20260806_230154_126,2026-08-06 23:01:54,True,122,42,14.654472171445132,34,0.45,0.3,0.2,0,0.5,10,9.5,10,rrt_20260806_230154_126.png
20260806_230155_724,2026-08-06 23:01:55,False,10000,123,0.0,0,0.45,0.3,0.2,0,0.5,10,9.5,10,rrt_20260806_230155_724.png
20260806_230156_047,2026-08-06 23:01:56,True,1101,107,16.102793605298118,37,0.45,0.3,0.2,0,0.5,10,9.5,10,rrt_20260806_230156_047.png
20260806_230156_206,2026-08-06 23:01:56,True,213,48,15.64522332947059,36,0.45,0.3,0.2,0,0.5,10,9.5,10,rrt_20260806_230156_206.png
20260806_230156_378,2026-08-06 23:01:56,True,519,69,18.80090116548229,43,0.45,0.3,0.2,0,0.5,10,9.5,10,rrt_20260806_230156_378.png
20260806_230156_549,2026-08-06 23:01:56,True,104,40,14.729773928994874,34,0.45,0.3,0.2,0,0.5,10,9.5,10,rrt_20260806_230156_549.png
20260806_230156_829,2026-08-06 23:01:56,True,1832,82,18.660773001035423,43,0.45,0.3,0.2,0,0.5,10,9.5,10,rrt_20260806_230156_829.png
20260806_230157_023,2026-08-06 23:01:57,True,589,68,16.41414122278819,38,0.45,0.3,0.2,0,0.5,10,9.5,10,rrt_20260806_230157_023.png
20260806_230157_163,2026-08-06 23:01:57,True,79,44,14.399999999999995,33,0.45,0.3,0.2,0,0.5,10,9.5,10,rrt_20260806_230157_163.png
20260806_230157_296,2026-08-06 23:01:57,True,80,38,14.399999999999991,33,0.45,0.3,0.2,0,0.5,10,9.5,10,rrt_20260806_230157_296.png
20260806_230159_069,2026-08-06 23:01:59,False,10000,133,0.0,0,0.45,0.3,0.2,0,0.5,10,9.5,10,rrt_20260806_230159_069.png
20260806_230159_373,2026-08-06 23:01:59,True,760,86,17.891107759251838,41,0.45,0.3,0.2,0,0.5,10,9.5,10,rrt_20260806_230159_373.png
20260806_230159_535,2026-08-06 23:01:59,True,267,54,17.49790814776891,40,0.45,0.3,0.2,0,0.5,10,9.5,10,rrt_20260806_230159_535.png
20260806_230159_688,2026-08-06 23:01:59,True,200,47,15.3,35,0.45,0.3,0.2,0,0.5,10,9.5,10,rrt_20260806_230159_688.png
20260806_230201_994,2026-08-06 23:02:01,False,10000,198,0.0,0,0.45,0.3,0.2,0,0.5,10,9.5,10,rrt_20260806_230201_994.png
20260806_230202_212,2026-08-06 23:02:02,True,130,47,14.804153566443318,34,0.45,0.3,0.2,0,0.5,10,9.5,10,rrt_20260806_230202_212.png
20260806_230202_431,2026-08-06 23:02:02,True,755,67,15.74999999999999,36,0.45,0.3,0.2,0,0.5,10,9.5,10,rrt_20260806_230202_431.png
20260806_230202_603,2026-08-06 23:02:02,True,612,63,16.2,37,0.45,0.3,0.2,0,0.5,10,9.5,10,rrt_20260806_230202_603.png
20260806_230202_869,2026-08-06 23:02:02,True,1553,93,17.36451942989277,40,0.45,0.3,0.2,0,0.5,10,9.5,10,rrt_20260806_230202_869.png
20260806_230203_064,2026-08-06 23:02:03,True,500,70,15.240918943482436,35,0.45,0.3,0.2,0,0.5,10,9.5,10,rrt_20260806_230203_064.png
20260806_230203_220,2026-08-06 23:02:03,True,233,54,16.200000000000006,37,0.45,0.3,0.2,0,0.5,10,9.5,10,rrt_20260806_230203_220.png
20260806_230204_176,2026-08-06 23:02:04,False,10000,56,0.0,0,0.45,0.3,0.2,0,0.5,10,9.5,10,rrt_20260806_230204_176.png
20260806_230204_379,2026-08-06 23:02:04,True,253,58,18.449999999999992,42,0.45,0.3,0.2,0,0.5,10,9.5,10,rrt_20260806_230204_379.png
20260806_230204_570,2026-08-06 23:02:04,True,772,80,16.900355215195308,39,0.45,0.3,0.2,0,0.5,10,9.5,10,rrt_20260806_230204_570.png
20260806_230204_717,2026-08-06 23:02:04,True,101,48,15.638334475602548,36,0.45,0.3,0.2,0,0.5,10,9.5,10,rrt_20260806_230204_717.png
20260806_230204_901,2026-08-06 23:02:04,True,610,78,16.15149237022283,37,0.45,0.3,0.2,0,0.5,10,9.5,10,rrt_20260806_230204_901.png
20260806_230205_056,2026-08-06 23:02:05,True,242,57,15.75000000000001,36,0.45,0.3,0.2,0,0.5,10,9.5,10,rrt_20260806_230205_056.png
20260806_230205_201,2026-08-06 23:02:05,True,227,42,15.749999999999993,36,0.45,0.3,0.2,0,0.5,10,9.5,10,rrt_20260806_230205_201.png
20260806_230206_799,2026-08-06 23:02:06,False,10000,116,0.0,0,0.45,0.3,0.2,0,0.5,10,9.5,10,rrt_20260806_230206_799.png
20260806_230208_824,2026-08-06 23:02:08,False,10000,170,0.0,0,0.45,0.3,0.2,0,0.5,10,9.5,10,rrt_20260806_230208_824.png
20260806_230209_863,2026-08-06 23:02:09,False,10000,59,0.0,0,0.45,0.3,0.2,0,0.5,10,9.5,10,rrt_20260806_230209_863.png
20260806_230210_980,2026-08-06 23:02:10,False,10000,64,0.0,0,0.45,0.3,0.2,0,0.5,10,9.5,10,rrt_20260806_230210_980.png
20260806_230212_489,2026-08-06 23:02:12,False,10000,93,0.0,0,0.45,0.3,0.2,0,0.5,10,9.5,10,rrt_20260806_230212_489.png
20260806_230212_703,2026-08-06 23:02:12,True,262,58,15.564703045567597,36,0.45,0.3,0.2,0,0.5,10,9.5,10,rrt_20260806_230212_703.png
20260806_230212_858,2026-08-06 23:02:12,True,159,46,14.61395063959383,34,0.45,0.3,0.2,0,0.5,10,9.5,10,rrt_20260806_230212_858.png
20260806_230213_019,2026-08-06 23:02:13,True,299,57,15.664006648208552,36,0.45,0.3,0.2,0,0.5,10,9.5,10,rrt_20260806_230213_019.png
20260806_230213_264,2026-08-06 23:02:13,True,816,93,20.67010972973658,47,0.45,0.3,0.2,0,0.5,10,9.5,10,rrt_20260806_230213_264.png
20260806_230213_423,2026-08-06 23:02:13,True,109,44,15.215195256521856,35,0.45,0.3,0.2,0,0.5,10,9.5,10,rrt_20260806_230213_423.png
20260806_230213_573,2026-08-06 23:02:13,True,314,55,15.300000000000002,35,0.45,0.3,0.2,0,0.5,10,9.5,10,rrt_20260806_230213_573.png
20260806_230213_741,2026-08-06 23:02:13,True,548,66,15.084068248935555,35,0.45,0.3,0.2,0,0.5,10,9.5,10,rrt_20260806_230213_741.png
20260806_230215_467,2026-08-06 23:02:15,False,10000,127,0.0,0,0.45,0.3,0.2,0,0.5,10,9.5,10,rrt_20260806_230215_467.png
20260806_230215_751,2026-08-06 23:02:15,True,472,72,17.099999999999994,39,0.45,0.3,0.2,0,0.5,10,9.5,10,rrt_20260806_230215_751.png
20260806_230216_911,2026-08-06 23:02:16,True,5150,178,20.634535695507804,47,0.45,0.3,0.2,0,0.5,10,9.5,10,rrt_20260806_230216_911.png
20260806_230217_221,2026-08-06 23:02:17,True,1386,91,17.97571368979297,41,0.45,0.3,0.2,0,0.5,10,9.5,10,rrt_20260806_230217_221.png
20260806_230219_052,2026-08-06 23:02:19,False,10000,118,0.0,0,0.45,0.3,0.2,0,0.5,10,9.5,10,rrt_20260806_230219_052.png
20260806_230220_922,2026-08-06 23:02:20,False,10000,139,0.0,0,0.45,0.3,0.2,0,0.5,10,9.5,10,rrt_20260806_230220_922.png
20260806_230221_156,2026-08-06 23:02:21,True,652,53,15.129230212987379,35,0.45,0.3,0.2,0,0.5,10,9.5,10,rrt_20260806_230221_156.png
20260806_230221_302,2026-08-06 23:02:21,True,222,43,14.399999999999993,33,0.45,0.3,0.2,0,0.5,10,9.5,10,rrt_20260806_230221_302.png
20260806_230221_484,2026-08-06 23:02:21,True,666,67,16.029094301750497,37,0.45,0.3,0.2,0,0.5,10,9.5,10,rrt_20260806_230221_484.png
20260806_230221_640,2026-08-06 23:02:21,True,162,47,14.4,33,0.45,0.3,0.2,0,0.5,10,9.5,10,rrt_20260806_230221_640.png
20260806_230221_794,2026-08-06 23:02:21,True,67,45,14.849999999999994,34,0.45,0.3,0.2,0,0.5,10,9.5,10,rrt_20260806_230221_794.png
20260806_230221_937,2026-08-06 23:02:21,True,153,51,15.300000000000004,35,0.45,0.4,0.2,0,0.5,10,9.5,10,rrt_20260806_230221_937.png
20260806_230223_076,2026-08-06 23:02:23,False,10000,58,0.0,0,0.45,0.4,0.2,0,0.5,10,9.5,10,rrt_20260806_230223_076.png
20260806_230223_263,2026-08-06 23:02:23,True,167,51,14.849999999999993,34,0.45,0.4,0.2,0,0.5,10,9.5,10,rrt_20260806_230223_263.png
20260806_230224_943,2026-08-06 23:02:24,False,10000,120,0.0,0,0.45,0.4,0.2,0,0.5,10,9.5,10,rrt_20260806_230224_943.png
20260806_230225_146,2026-08-06 23:02:25,True,138,44,15.157784101914618,35,0.45,0.4,0.2,0,0.5,10,9.5,10,rrt_20260806_230225_146.png
20260806_230226_215,2026-08-06 23:02:26,False,10000,51,0.0,0,0.45,0.4,0.2,0,0.5,10,9.5,10,rrt_20260806_230226_215.png
20260806_230226_441,2026-08-06 23:02:26,True,715,92,18.899999999999995,43,0.45,0.4,0.2,0,0.5,10,9.5,10,rrt_20260806_230226_441.png
20260806_230226_599,2026-08-06 23:02:26,True,215,55,16.447317596922655,38,0.45,0.4,0.2,0,0.5,10,9.5,10,rrt_20260806_230226_599.png
20260806_230226_762,2026-08-06 23:02:26,True,401,73,17.088684713438404,39,0.45,0.4,0.2,0,0.5,10,9.5,10,rrt_20260806_230226_762.png
20260806_230226_908,2026-08-06 23:02:26,True,187,52,14.849999999999996,34,0.45,0.4,0.2,0,0.5,10,9.5,10,rrt_20260806_230226_908.png
20260806_230227_048,2026-08-06 23:02:27,True,104,43,15.299999999999997,35,0.45,0.4,0.2,0,0.5,10,9.5,10,rrt_20260806_230227_048.png
20260806_230227_376,2026-08-06 23:02:27,True,1529,92,16.200000000000003,37,0.45,0.4,0.2,0,0.5,10,9.5,10,rrt_20260806_230227_376.png
20260806_230227_535,2026-08-06 23:02:27,True,124,49,15.67430684840401,36,0.45,0.4,0.2,0,0.5,10,9.5,10,rrt_20260806_230227_535.png
20260806_230229_174,2026-08-06 23:02:29,False,10000,121,0.0,0,0.45,0.4,0.2,0,0.5,10,9.5,10,rrt_20260806_230229_174.png
20260806_230229_471,2026-08-06 23:02:29,True,1344,84,16.85680734223706,39,0.45,0.4,0.2,0,0.5,10,9.5,10,rrt_20260806_230229_471.png
20260806_230229_634,2026-08-06 23:02:29,True,226,50,15.749999999999998,36,0.45,0.4,0.2,0,0.5,10,9.5,10,rrt_20260806_230229_634.png
20260806_230229_819,2026-08-06 23:02:29,True,705,74,17.549999999999994,40,0.45,0.4,0.2,0,0.5,10,9.5,10,rrt_20260806_230229_819.png
20260806_230230_010,2026-08-06 23:02:30,True,219,61,16.124620706620107,37,0.45,0.4,0.2,0,0.5,10,9.5,10,rrt_20260806_230230_010.png
20260806_230230_150,2026-08-06 23:02:30,True,114,41,16.199999999999992,37,0.45,0.4,0.2,0,0.5,10,9.5,10,rrt_20260806_230230_150.png
20260806_230230_313,2026-08-06 23:02:30,True,390,63,17.467724704034914,40,0.45,0.4,0.2,0,0.5,10,9.5,10,rrt_20260806_230230_313.png
20260806_230230_674,2026-08-06 23:02:30,True,1998,106,18.435958624863183,42,0.45,0.4,0.2,0,0.5,10,9.5,10,rrt_20260806_230230_674.png
20260806_230232_412,2026-08-06 23:02:32,False,10000,122,0.0,0,0.45,0.4,0.2,0,0.5,10,9.5,10,rrt_20260806_230232_412.png
20260806_230234_110,2026-08-06 23:02:34,False,10000,115,0.0,0,0.45,0.4,0.2,0,0.5,10,9.5,10,rrt_20260806_230234_110.png
20260806_230234_336,2026-08-06 23:02:34,True,504,60,15.299999999999999,35,0.45,0.4,0.2,0,0.5,10,9.5,10,rrt_20260806_230234_336.png
20260806_230234_486,2026-08-06 23:02:34,True,150,49,16.200000000000003,37,0.45,0.4,0.2,0,0.5,10,9.5,10,rrt_20260806_230234_486.png
20260806_230234_636,2026-08-06 23:02:34,True,249,50,16.199999999999992,37,0.45,0.4,0.2,0,0.5,10,9.5,10,rrt_20260806_230234_636.png
20260806_230234_937,2026-08-06 23:02:34,True,1394,118,17.40865582927754,40,0.45,0.4,0.2,0,0.5,10,9.5,10,rrt_20260806_230234_937.png
20260806_230235_157,2026-08-06 23:02:35,True,411,73,15.99432714126374,37,0.45,0.4,0.2,0,0.5,10,9.5,10,rrt_20260806_230235_157.png
20260806_230235_308,2026-08-06 23:02:35,True,220,67,17.099999999999994,39,0.45,0.4,0.2,0,0.5,10,9.5,10,rrt_20260806_230235_308.png
20260806_230235_494,2026-08-06 23:02:35,True,167,48,15.3,35,0.45,0.4,0.2,0,0.5,10,9.5,10,rrt_20260806_230235_494.png
20260806_230235_657,2026-08-06 23:02:35,True,119,46,15.300000000000006,35,0.45,0.4,0.2,0,0.5,10,9.5,10,rrt_20260806_230235_657.png
20260806_230235_799,2026-08-06 23:02:35,True,117,48,16.2,37,0.45,0.4,0.2,0,0.5,10,9.5,10,rrt_20260806_230235_799.png
20260806_230235_958,2026-08-06 23:02:35,True,323,72,14.699094247985158,34,0.45,0.4,0.2,0,0.5,10,9.5,10,rrt_20260806_230235_958.png
20260806_230236_110,2026-08-06 23:02:36,True,210,52,16.57832937222807,38,0.45,0.4,0.2,0,0.5,10,9.5,10,rrt_20260806_230236_110.png
20260806_230236_300,2026-08-06 23:02:36,True,368,58,15.55266273333969,36,0.45,0.4,0.2,0,0.5,10,9.5,10,rrt_20260806_230236_300.png
20260806_230236_455,2026-08-06 23:02:36,True,170,53,15.749999999999995,36,0.45,0.4,0.2,0,0.5,10,9.5,10,rrt_20260806_230236_455.png
20260806_230236_596,2026-08-06 23:02:36,True,151,46,14.661670164369848,34,0.45,0.4,0.2,0,0.5,10,9.5,10,rrt_20260806_230236_596.png
20260806_230236_739,2026-08-06 23:02:36,True,159,46,14.695407655311866,34,0.45,0.4,0.2,0,0.5,10,9.5,10,rrt_20260806_230236_739.png
20260806_230236_953,2026-08-06 23:02:36,True,1047,78,15.299999999999997,35,0.45,0.4,0.2,0,0.5,10,9.5,10,rrt_20260806_230236_953.png
20260806_230237_108,2026-08-06 23:02:37,True,124,52,15.630620166566203,36,0.45,0.4,0.2,0,0.5,10,9.5,10,rrt_20260806_230237_108.png
20260806_230238_754,2026-08-06 23:02:38,False,10000,106,0.0,0,0.45,0.4,0.2,0,0.5,10,9.5,10,rrt_20260806_230238_754.png
20260806_230240_609,2026-08-06 23:02:40,False,10000,115,0.0,0,0.45,0.4,0.2,0,0.5,10,9.5,10,rrt_20260806_230240_609.png
20260806_230240_823,2026-08-06 23:02:40,True,137,46,15.299999999999999,35,0.45,0.4,0.2,0,0.5,10,9.5,10,rrt_20260806_230240_823.png
20260806_230240_990,2026-08-06 23:02:40,True,71,45,14.719061860699815,34,0.45,0.4,0.2,0,0.5,10,9.5,10,rrt_20260806_230240_990.png
20260806_230241_131,2026-08-06 23:02:41,True,118,51,16.068489724169524,37,0.45,0.4,0.2,0,0.5,10,9.5,10,rrt_20260806_230241_131.png
20260806_230241_310,2026-08-06 23:02:41,True,233,64,15.269169554819438,35,0.45,0.4,0.2,0,0.5,10,9.5,10,rrt_20260806_230241_310.png
20260806_230243_207,2026-08-06 23:02:43,False,10000,150,0.0,0,0.45,0.4,0.2,0,0.5,10,9.5,10,rrt_20260806_230243_207.png
20260806_230244_350,2026-08-06 23:02:44,False,10000,55,0.0,0,0.45,0.4,0.2,0,0.5,10,9.5,10,rrt_20260806_230244_350.png
20260806_230244_536,2026-08-06 23:02:44,True,75,44,14.399999999999993,33,0.45,0.4,0.2,0,0.5,10,9.5,10,rrt_20260806_230244_536.png
20260806_230244_678,2026-08-06 23:02:44,True,137,47,15.300000000000011,35,0.45,0.4,0.2,0,0.5,10,9.5,10,rrt_20260806_230244_678.png
20260806_230244_878,2026-08-06 23:02:44,True,356,73,14.85,34,0.45,0.4,0.2,0,0.5,10,9.5,10,rrt_20260806_230244_878.png
20260806_230245_110,2026-08-06 23:02:45,True,1032,91,17.550000000000004,40,0.45,0.4,0.2,0,0.5,10,9.5,10,rrt_20260806_230245_110.png
20260806_230245_337,2026-08-06 23:02:45,True,1199,79,15.96878684248637,37,0.45,0.4,0.2,0,0.5,10,9.5,10,rrt_20260806_230245_337.png
20260806_230245_505,2026-08-06 23:02:45,True,51,41,14.849999999999996,34,0.45,0.4,0.2,0,0.5,10,9.5,10,rrt_20260806_230245_505.png
20260806_230245_655,2026-08-06 23:02:45,True,199,54,15.749999999999998,36,0.45,0.4,0.2,0,0.5,10,9.5,10,rrt_20260806_230245_655.png
20260806_230245_810,2026-08-06 23:02:45,True,163,55,15.749999999999993,36,0.45,0.4,0.2,0,0.5,10,9.5,10,rrt_20260806_230245_810.png
20260806_230246_073,2026-08-06 23:02:46,True,255,60,15.255733100177322,35,0.45,0.4,0.2,0,0.5,10,9.5,10,rrt_20260806_230246_073.png
20260806_230246_226,2026-08-06 23:02:46,True,155,52,14.847154857166544,34,0.45,0.4,0.2,0,0.5,10,9.5,10,rrt_20260806_230246_226.png
20260806_230246_373,2026-08-06 23:02:46,True,140,53,15.670494713585242,36,0.45,0.4,0.2,0,0.5,10,9.5,10,rrt_20260806_230246_373.png
20260806_230246_522,2026-08-06 23:02:46,True,206,53,15.29999999999999,35,0.45,0.4,0.2,0,0.5,10,9.5,10,rrt_20260806_230246_522.png
20260806_230246_703,2026-08-06 23:02:46,True,658,88,18.449999999999996,42,0.45,0.4,0.2,0,0.5,10,9.5,10,rrt_20260806_230246_703.png
20260806_230246_859,2026-08-06 23:02:46,True,168,52,16.2,37,0.45,0.4,0.2,0,0.5,10,9.5,10,rrt_20260806_230246_859.png
20260806_230246_997,2026-08-06 23:02:46,True,94,43,14.849999999999989,34,0.45,0.4,0.2,0,0.5,10,9.5,10,rrt_20260806_230246_997.png
20260806_230248_685,2026-08-06 23:02:48,False,10000,122,0.0,0,0.45,0.4,0.2,0,0.5,10,9.5,10,rrt_20260806_230248_685.png
20260806_230250_432,2026-08-06 23:02:50,False,10000,105,0.0,0,0.45,0.4,0.2,0,0.5,10,9.5,10,rrt_20260806_230250_432.png
20260806_230250_645,2026-08-06 23:02:50,True,89,54,15.084503188268572,35,0.45,0.4,0.2,0,0.5,10,9.5,10,rrt_20260806_230250_645.png
20260806_230252_521,2026-08-06 23:02:52,False,10000,136,0.0,0,0.45,0.4,0.2,0,0.5,10,9.5,10,rrt_20260806_230252_521.png
20260806_230252_763,2026-08-06 23:02:52,True,96,46,15.153819002043452,35,0.45,0.4,0.2,0,0.5,10,9.5,10,rrt_20260806_230252_763.png
20260806_230252_908,2026-08-06 23:02:52,True,143,48,15.644493922093547,36,0.45,0.4,0.2,0,0.5,10,9.5,10,rrt_20260806_230252_908.png
20260806_230253_070,2026-08-06 23:02:53,True,390,81,16.650000000000002,38,0.45,0.4,0.2,0,0.5,10,9.5,10,rrt_20260806_230253_070.png
20260806_230253_252,2026-08-06 23:02:53,True,480,69,17.099999999999998,39,0.45,0.4,0.2,0,0.5,10,9.5,10,rrt_20260806_230253_252.png
20260806_230253_435,2026-08-06 23:02:53,True,144,57,14.849999999999998,34,0.45,0.4,0.2,0,0.5,10,9.5,10,rrt_20260806_230253_435.png
20260806_230253_589,2026-08-06 23:02:53,True,197,60,15.299999999999994,35,0.45,0.4,0.2,0,0.5,10,9.5,10,rrt_20260806_230253_589.png
20260806_230253_780,2026-08-06 23:02:53,True,203,48,15.970794428392862,37,0.45,0.4,0.2,0,0.5,10,9.5,10,rrt_20260806_230253_780.png
20260806_230253_923,2026-08-06 23:02:53,True,94,48,15.540818207857752,36,0.45,0.4,0.2,0,0.5,10,9.5,10,rrt_20260806_230253_923.png
20260806_230255_908,2026-08-06 23:02:55,False,10000,149,0.0,0,0.45,0.4,0.2,0,0.5,10,9.5,10,rrt_20260806_230255_908.png
20260806_230256_188,2026-08-06 23:02:56,True,220,56,16.10637714022523,37,0.45,0.4,0.2,0,0.5,10,9.5,10,rrt_20260806_230256_188.png
20260806_230258_035,2026-08-06 23:02:58,False,10000,139,0.0,0,0.45,0.4,0.2,0,0.5,10,9.5,10,rrt_20260806_230258_035.png
20260806_230258_300,2026-08-06 23:02:58,True,116,46,15.2122893003848,35,0.45,0.4,0.2,0,0.5,10,9.5,10,rrt_20260806_230258_300.png
20260806_230259_368,2026-08-06 23:02:59,False,10000,53,0.0,0,0.45,0.4,0.2,0,0.5,10,9.5,10,rrt_20260806_230259_368.png
20260806_230259_556,2026-08-06 23:02:59,True,107,40,14.400000000000016,33,0.45,0.4,0.2,0,0.5,10,9.5,10,rrt_20260806_230259_556.png
20260806_230300_877,2026-08-06 23:03:00,False,10000,92,0.0,0,0.45,0.4,0.2,0,0.5,10,9.5,10,rrt_20260806_230300_877.png
20260806_230301_222,2026-08-06 23:03:01,True,1625,92,17.549999999999997,40,0.45,0.4,0.2,0,0.5,10,9.5,10,rrt_20260806_230301_222.png
20260806_230303_072,2026-08-06 23:03:03,False,10000,126,0.0,0,0.45,0.4,0.2,0,0.5,10,9.5,10,rrt_20260806_230303_072.png
20260806_230303_348,2026-08-06 23:03:03,True,511,72,16.650000000000002,38,0.45,0.4,0.2,0,0.5,10,9.5,10,rrt_20260806_230303_348.png
20260806_230303_534,2026-08-06 23:03:03,True,255,63,17.55,40,0.45,0.4,0.2,0,0.5,10,9.5,10,rrt_20260806_230303_534.png
20260806_230303_692,2026-08-06 23:03:03,True,145,51,14.849999999999998,34,0.45,0.4,0.2,0,0.5,10,9.5,10,rrt_20260806_230303_692.png
20260806_230303_850,2026-08-06 23:03:03,True,302,56,15.299999999999995,35,0.45,0.4,0.2,0,0.5,10,9.5,10,rrt_20260806_230303_850.png
20260806_230304_830,2026-08-06 23:03:04,False,10000,54,0.0,0,0.45,0.4,0.2,0,0.5,10,9.5,10,rrt_20260806_230304_830.png
20260806_230305_014,2026-08-06 23:03:05,True,111,53,15.539351086517309,36,0.45,0.4,0.2,0,0.5,10,9.5,10,rrt_20260806_230305_014.png
20260806_230305_193,2026-08-06 23:03:05,True,446,82,17.307657841015594,40,0.45,0.4,0.2,0,0.5,10,9.5,10,rrt_20260806_230305_193.png
20260806_230306_357,2026-08-06 23:03:06,False,10000,60,0.0,0,0.45,0.4,0.2,0,0.5,10,9.5,10,rrt_20260806_230306_357.png
20260806_230306_583,2026-08-06 23:03:06,True,519,85,16.649999999999995,38,0.45,0.4,0.2,0,0.5,10,9.5,10,rrt_20260806_230306_583.png
20260806_230306_777,2026-08-06 23:03:06,True,164,47,15.299999999999997,35,0.45,0.4,0.2,0,0.5,10,9.5,10,rrt_20260806_230306_777.png
20260806_230306_995,2026-08-06 23:03:06,True,727,71,15.599902889107284,36,0.45,0.4,0.2,0,0.5,10,9.5,10,rrt_20260806_230306_995.png
20260806_230307_164,2026-08-06 23:03:07,True,123,45,14.735806202398125,34,0.45,0.4,0.2,0,0.5,10,9.5,10,rrt_20260806_230307_164.png
20260806_230307_318,2026-08-06 23:03:07,True,150,50,15.299999999999994,35,0.45,0.4,0.2,0,0.5,10,9.5,10,rrt_20260806_230307_318.png
20260806_230307_486,2026-08-06 23:03:07,True,249,57,16.871228385329108,39,0.45,0.4,0.2,0,0.5,10,9.5,10,rrt_20260806_230307_486.png
20260806_230307_674,2026-08-06 23:03:07,True,314,55,15.299999999999997,35,0.45,0.4,0.2,0,0.5,10,9.5,10,rrt_20260806_230307_674.png
20260806_230309_354,2026-08-06 23:03:09,False,10000,101,0.0,0,0.45,0.4,0.2,0,0.5,10,9.5,10,rrt_20260806_230309_354.png
20260806_230311_220,2026-08-06 23:03:11,False,10000,109,0.0,0,0.45,0.5,0.2,0,0.5,10,9.5,10,rrt_20260806_230311_220.png
20260806_230311_580,2026-08-06 23:03:11,True,162,44,14.781704612388513,34,0.45,0.5,0.2,0,0.5,10,9.5,10,rrt_20260806_230311_580.png
20260806_230311_763,2026-08-06 23:03:11,True,122,54,15.300000000000002,35,0.45,0.5,0.2,0,0.5,10,9.5,10,rrt_20260806_230311_763.png
20260806_230311_913,2026-08-06 23:03:11,True,170,49,15.19823775978213,35,0.45,0.5,0.2,0,0.5,10,9.5,10,rrt_20260806_230311_913.png
20260806_230313_012,2026-08-06 23:03:13,False,10000,63,0.0,0,0.45,0.5,0.2,0,0.5,10,9.5,10,rrt_20260806_230313_012.png
20260806_230313_267,2026-08-06 23:03:13,True,304,69,18.727211669559853,43,0.45,0.5,0.2,0,0.5,10,9.5,10,rrt_20260806_230313_267.png
20260806_230313_526,2026-08-06 23:03:13,True,1121,92,19.799999999999986,45,0.45,0.5,0.2,0,0.5,10,9.5,10,rrt_20260806_230313_526.png
20260806_230313_687,2026-08-06 23:03:13,True,91,48,16.010880946251458,37,0.45,0.5,0.2,0,0.5,10,9.5,10,rrt_20260806_230313_687.png
20260806_230313_841,2026-08-06 23:03:13,True,131,48,14.850000000000001,34,0.45,0.5,0.2,0,0.5,10,9.5,10,rrt_20260806_230313_841.png
20260806_230313_993,2026-08-06 23:03:13,True,182,62,15.750000000000002,36,0.45,0.5,0.2,0,0.5,10,9.5,10,rrt_20260806_230313_993.png
20260806_230314_250,2026-08-06 23:03:14,True,1153,74,17.025719942737886,39,0.45,0.5,0.2,0,0.5,10,9.5,10,rrt_20260806_230314_250.png
20260806_230314_412,2026-08-06 23:03:14,True,207,47,16.064994992640493,37,0.45,0.5,0.2,0,0.5,10,9.5,10,rrt_20260806_230314_412.png
20260806_230314_558,2026-08-06 23:03:14,True,106,49,15.524837846786259,36,0.45,0.5,0.2,0,0.5,10,9.5,10,rrt_20260806_230314_558.png
20260806_230316_364,2026-08-06 23:03:16,False,10000,114,0.0,0,0.45,0.5,0.2,0,0.5,10,9.5,10,rrt_20260806_230316_364.png
20260806_230316_619,2026-08-06 23:03:16,True,168,51,15.669983303742521,36,0.45,0.5,0.2,0,0.5,10,9.5,10,rrt_20260806_230316_619.png
20260806_230318_296,2026-08-06 23:03:18,False,10000,105,0.0,0,0.45,0.5,0.2,0,0.5,10,9.5,10,rrt_20260806_230318_296.png
20260806_230318_524,2026-08-06 23:03:18,True,92,49,16.061917781543105,37,0.45,0.5,0.2,0,0.5,10,9.5,10,rrt_20260806_230318_524.png
20260806_230318_672,2026-08-06 23:03:18,True,169,52,15.750000000000009,36,0.45,0.5,0.2,0,0.5,10,9.5,10,rrt_20260806_230318_672.png
20260806_230318_811,2026-08-06 23:03:18,True,85,45,15.233774912307593,35,0.45,0.5,0.2,0,0.5,10,9.5,10,rrt_20260806_230318_811.png
20260806_230319_034,2026-08-06 23:03:19,True,657,92,18.899999999999995,43,0.45,0.5,0.2,0,0.5,10,9.5,10,rrt_20260806_230319_034.png
20260806_230319_185,2026-08-06 23:03:19,True,72,46,15.743799033510525,36,0.45,0.5,0.2,0,0.5,10,9.5,10,rrt_20260806_230319_185.png
20260806_230320_352,2026-08-06 23:03:20,False,10000,74,0.0,0,0.45,0.5,0.2,0,0.5,10,9.5,10,rrt_20260806_230320_352.png
20260806_230320_557,2026-08-06 23:03:20,True,136,52,16.44908724753501,38,0.45,0.5,0.2,0,0.5,10,9.5,10,rrt_20260806_230320_557.png
20260806_230321_765,2026-08-06 23:03:21,False,10000,62,0.0,0,0.45,0.5,0.2,0,0.5,10,9.5,10,rrt_20260806_230321_765.png
20260806_230321_950,2026-08-06 23:03:21,True,78,50,15.749226266247963,36,0.45,0.5,0.2,0,0.5,10,9.5,10,rrt_20260806_230321_950.png
20260806_230322_090,2026-08-06 23:03:22,True,107,50,15.299999999999999,35,0.45,0.5,0.2,0,0.5,10,9.5,10,rrt_20260806_230322_090.png
20260806_230322_306,2026-08-06 23:03:22,True,864,93,17.549999999999997,40,0.45,0.5,0.2,0,0.5,10,9.5,10,rrt_20260806_230322_306.png
20260806_230322_508,2026-08-06 23:03:22,True,135,50,15.639751580552348,36,0.45,0.5,0.2,0,0.5,10,9.5,10,rrt_20260806_230322_508.png
20260806_230324_082,2026-08-06 23:03:24,False,10000,105,0.0,0,0.45,0.5,0.2,0,0.5,10,9.5,10,rrt_20260806_230324_082.png
20260806_230325_197,2026-08-06 23:03:25,False,10000,62,0.0,0,0.45,0.5,0.2,0,0.5,10,9.5,10,rrt_20260806_230325_197.png
20260806_230325_423,2026-08-06 23:03:25,True,217,57,16.40803086978286,38,0.45,0.5,0.2,0,0.5,10,9.5,10,rrt_20260806_230325_423.png
20260806_230325_606,2026-08-06 23:03:25,True,92,42,15.271482684749724,35,0.45,0.5,0.2,0,0.5,10,9.5,10,rrt_20260806_230325_606.png
20260806_230327_211,2026-08-06 23:03:27,False,10000,97,0.0,0,0.45,0.5,0.2,0,0.5,10,9.5,10,rrt_20260806_230327_211.png
20260806_230328_448,2026-08-06 23:03:28,False,10000,60,0.0,0,0.45,0.5,0.2,0,0.5,10,9.5,10,rrt_20260806_230328_448.png
20260806_230328_653,2026-08-06 23:03:28,True,151,50,15.299999999999995,35,0.45,0.5,0.2,0,0.5,10,9.5,10,rrt_20260806_230328_653.png
20260806_230329_992,2026-08-06 23:03:29,False,10000,78,0.0,0,0.45,0.5,0.2,0,0.5,10,9.5,10,rrt_20260806_230329_992.png
20260806_230331_149,2026-08-06 23:03:31,False,10000,60,0.0,0,0.45,0.5,0.2,0,0.5,10,9.5,10,rrt_20260806_230331_149.png
20260806_230331_360,2026-08-06 23:03:31,True,114,47,15.3,35,0.45,0.5,0.2,0,0.5,10,9.5,10,rrt_20260806_230331_360.png
20260806_230331_539,2026-08-06 23:03:31,True,90,46,15.299999999999995,35,0.45,0.5,0.2,0,0.5,10,9.5,10,rrt_20260806_230331_539.png
20260806_230331_751,2026-08-06 23:03:31,True,661,69,16.200000000000003,37,0.45,0.5,0.2,0,0.5,10,9.5,10,rrt_20260806_230331_751.png
20260806_230334_103,2026-08-06 23:03:34,False,10000,189,0.0,0,0.45,0.5,0.2,0,0.5,10,9.5,10,rrt_20260806_230334_103.png
20260806_230334_394,2026-08-06 23:03:34,True,181,48,16.001058316303922,37,0.45,0.5,0.2,0,0.5,10,9.5,10,rrt_20260806_230334_394.png
20260806_230334_570,2026-08-06 23:03:34,True,163,50,16.649999999999995,38,0.45,0.5,0.2,0,0.5,10,9.5,10,rrt_20260806_230334_570.png
20260806_230334_810,2026-08-06 23:03:34,True,225,62,15.718957895232553,36,0.45,0.5,0.2,0,0.5,10,9.5,10,rrt_20260806_230334_810.png
20260806_230335_029,2026-08-06 23:03:35,True,692,78,16.084528638842887,37,0.45,0.5,0.2,0,0.5,10,9.5,10,rrt_20260806_230335_029.png
20260806_230335_227,2026-08-06 23:03:35,True,130,51,15.625765649560853,36,0.45,0.5,0.2,0,0.5,10,9.5,10,rrt_20260806_230335_227.png
20260806_230335_392,2026-08-06 23:03:35,True,114,46,14.653600814172803,34,0.45,0.5,0.2,0,0.5,10,9.5,10,rrt_20260806_230335_392.png
20260806_230336_520,2026-08-06 23:03:36,False,10000,54,0.0,0,0.45,0.5,0.2,0,0.5,10,9.5,10,rrt_20260806_230336_520.png
20260806_230336_722,2026-08-06 23:03:36,True,295,67,15.749999999999993,36,0.45,0.5,0.2,0,0.5,10,9.5,10,rrt_20260806_230336_722.png
20260806_230336_872,2026-08-06 23:03:36,True,144,54,15.750000000000002,36,0.45,0.5,0.2,0,0.5,10,9.5,10,rrt_20260806_230336_872.png
20260806_230337_018,2026-08-06 23:03:37,True,160,50,16.40030407335477,38,0.45,0.5,0.2,0,0.5,10,9.5,10,rrt_20260806_230337_018.png
20260806_230337_199,2026-08-06 23:03:37,True,298,64,15.749999999999991,36,0.45,0.5,0.2,0,0.5,10,9.5,10,rrt_20260806_230337_199.png
20260806_230337_345,2026-08-06 23:03:37,True,108,42,15.052630085687092,35,0.45,0.5,0.2,0,0.5,10,9.5,10,rrt_20260806_230337_345.png
20260806_230337_515,2026-08-06 23:03:37,True,138,42,15.3,35,0.45,0.5,0.2,0,0.5,10,9.5,10,rrt_20260806_230337_515.png
20260806_230337_659,2026-08-06 23:03:37,True,105,48,15.749999999999996,36,0.45,0.5,0.2,0,0.5,10,9.5,10,rrt_20260806_230337_659.png
20260806_230337_798,2026-08-06 23:03:37,True,85,46,15.66291207888223,36,0.45,0.5,0.2,0,0.5,10,9.5,10,rrt_20260806_230337_798.png
20260806_230337_957,2026-08-06 23:03:37,True,354,71,17.829847780710814,41,0.45,0.5,0.2,0,0.5,10,9.5,10,rrt_20260806_230337_957.png
20260806_230338_236,2026-08-06 23:03:38,True,1559,95,18.78651483367119,43,0.45,0.5,0.2,0,0.5,10,9.5,10,rrt_20260806_230338_236.png
20260806_230338_415,2026-08-06 23:03:38,True,96,44,16.650000000000006,38,0.45,0.5,0.2,0,0.5,10,9.5,10,rrt_20260806_230338_415.png
20260806_230338_608,2026-08-06 23:03:38,True,183,51,17.081906170603567,39,0.45,0.5,0.2,0,0.5,10,9.5,10,rrt_20260806_230338_608.png
20260806_230338_795,2026-08-06 23:03:38,True,132,51,16.129895903438168,37,0.45,0.5,0.2,0,0.5,10,9.5,10,rrt_20260806_230338_795.png
20260806_230340_625,2026-08-06 23:03:40,False,10000,125,0.0,0,0.45,0.5,0.2,0,0.5,10,9.5,10,rrt_20260806_230340_625.png
20260806_230340_870,2026-08-06 23:03:40,True,117,52,15.10131151940332,35,0.45,0.5,0.2,0,0.5,10,9.5,10,rrt_20260806_230340_870.png
20260806_230341_040,2026-08-06 23:03:41,True,147,48,15.146655339745646,35,0.45,0.5,0.2,0,0.5,10,9.5,10,rrt_20260806_230341_040.png
20260806_230341_255,2026-08-06 23:03:41,True,692,106,18.34467673285103,42,0.45,0.5,0.2,0,0.5,10,9.5,10,rrt_20260806_230341_255.png
20260806_230341_511,2026-08-06 23:03:41,True,100,49,15.603249187730123,36,0.45,0.5,0.2,0,0.5,10,9.5,10,rrt_20260806_230341_511.png
20260806_230341_657,2026-08-06 23:03:41,True,133,46,14.849999999999998,34,0.45,0.5,0.2,0,0.5,10,9.5,10,rrt_20260806_230341_657.png
20260806_230341_832,2026-08-06 23:03:41,True,62,42,15.1752817534657,35,0.45,0.5,0.2,0,0.5,10,9.5,10,rrt_20260806_230341_832.png
20260806_230343_020,2026-08-06 23:03:43,False,10000,61,0.0,0,0.45,0.5,0.2,0,0.5,10,9.5,10,rrt_20260806_230343_020.png
20260806_230343_212,2026-08-06 23:03:43,True,61,48,14.723915298468636,34,0.45,0.5,0.2,0,0.5,10,9.5,10,rrt_20260806_230343_212.png
20260806_230343_361,2026-08-06 23:03:43,True,223,49,14.807549905778165,34,0.45,0.5,0.2,0,0.5,10,9.5,10,rrt_20260806_230343_361.png
20260806_230344_597,2026-08-06 23:03:44,False,10000,87,0.0,0,0.45,0.5,0.2,0,0.5,10,9.5,10,rrt_20260806_230344_597.png
20260806_230344_889,2026-08-06 23:03:44,True,895,100,18.855175309634916,43,0.45,0.5,0.2,0,0.5,10,9.5,10,rrt_20260806_230344_889.png
20260806_230345_058,2026-08-06 23:03:45,True,233,64,17.55,40,0.45,0.5,0.2,0,0.5,10,9.5,10,rrt_20260806_230345_058.png
20260806_230345_206,2026-08-06 23:03:45,True,118,47,15.736263632707269,36,0.45,0.5,0.2,0,0.5,10,9.5,10,rrt_20260806_230345_206.png
20260806_230345_387,2026-08-06 23:03:45,True,385,57,16.032231542031624,37,0.45,0.5,0.2,0,0.5,10,9.5,10,rrt_20260806_230345_387.png
20260806_230345_557,2026-08-06 23:03:45,True,301,76,17.878363575344448,41,0.45,0.5,0.2,0,0.5,10,9.5,10,rrt_20260806_230345_557.png
20260806_230345_764,2026-08-06 23:03:45,True,140,48,15.300000000000002,35,0.45,0.5,0.2,0,0.5,10,9.5,10,rrt_20260806_230345_764.png
20260806_230345_917,2026-08-06 23:03:45,True,89,54,16.199999999999996,37,0.45,0.5,0.2,0,0.5,10,9.5,10,rrt_20260806_230345_917.png
20260806_230346_193,2026-08-06 23:03:46,True,1408,90,16.650000000000006,38,0.45,0.5,0.2,0,0.5,10,9.5,10,rrt_20260806_230346_193.png
20260806_230346_375,2026-08-06 23:03:46,True,277,77,16.49523002124124,38,0.45,0.5,0.2,0,0.5,10,9.5,10,rrt_20260806_230346_375.png
20260806_230346_545,2026-08-06 23:03:46,True,158,58,16.96812409898268,39,0.45,0.5,0.2,0,0.5,10,9.5,10,rrt_20260806_230346_545.png
20260806_230346_710,2026-08-06 23:03:46,True,108,53,15.069155854333609,35,0.45,0.5,0.2,0,0.5,10,9.5,10,rrt_20260806_230346_710.png
20260806_230346_934,2026-08-06 23:03:46,True,838,79,16.935020592390554,39,0.45,0.5,0.2,0,0.5,10,9.5,10,rrt_20260806_230346_934.png
20260806_230347_083,2026-08-06 23:03:47,True,98,54,15.296943774491968,35,0.45,0.5,0.2,0,0.5,10,9.5,10,rrt_20260806_230347_083.png
20260806_230348_276,2026-08-06 23:03:48,False,10000,61,0.0,0,0.45,0.5,0.2,0,0.5,10,9.5,10,rrt_20260806_230348_276.png
20260806_230348_508,2026-08-06 23:03:48,True,142,51,16.142958820545385,37,0.45,0.5,0.2,0,0.5,10,9.5,10,rrt_20260806_230348_508.png
20260806_230348_649,2026-08-06 23:03:48,True,71,45,15.645343392116224,36,0.45,0.5,0.2,0,0.5,10,9.5,10,rrt_20260806_230348_649.png
20260806_230348_791,2026-08-06 23:03:48,True,158,51,15.960992451003225,37,0.45,0.5,0.2,0,0.5,10,9.5,10,rrt_20260806_230348_791.png
20260806_230348_962,2026-08-06 23:03:48,True,126,45,15.289635661720643,35,0.45,0.5,0.2,0,0.5,10,9.5,10,rrt_20260806_230348_962.png
20260806_230349_133,2026-08-06 23:03:49,True,260,68,16.65,38,0.45,0.5,0.2,0,0.5,10,9.5,10,rrt_20260806_230349_133.png
20260806_230349_410,2026-08-06 23:03:49,True,926,119,17.999999999999993,41,0.45,0.5,0.2,0,0.5,10,9.5,10,rrt_20260806_230349_410.png
20260806_230349_600,2026-08-06 23:03:49,True,315,60,15.30000000000001,35,0.45,0.5,0.2,0,0.5,10,9.5,10,rrt_20260806_230349_600.png
20260806_230349_792,2026-08-06 23:03:49,True,790,84,15.175611895749265,35,0.45,0.5,0.2,0,0.5,10,9.5,10,rrt_20260806_230349_792.png
20260806_230349_952,2026-08-06 23:03:49,True,134,50,15.299999999999999,35,0.45,0.5,0.2,0,0.5,10,9.5,10,rrt_20260806_230349_952.png
20260806_230350_125,2026-08-06 23:03:50,True,88,44,15.501864979088422,36,0.45,0.5,0.2,0,0.5,10,9.5,10,rrt_20260806_230350_125.png
20260806_230350_259,2026-08-06 23:03:50,True,96,48,15.504498354161704,36,0.45,0.5,0.2,0,0.5,10,9.5,10,rrt_20260806_230350_259.png
20260806_230350_404,2026-08-06 23:03:50,True,203,50,17.063843531548965,39,0.45,0.5,0.2,0,0.5,10,9.5,10,rrt_20260806_230350_404.png
20260806_230350_564,2026-08-06 23:03:50,True,212,63,16.65,38,0.45,0.5,0.2,0,0.5,10,9.5,10,rrt_20260806_230350_564.png
20260806_230351_810,2026-08-06 23:03:51,False,10000,64,0.0,0,0.45,0.5,0.2,0,0.5,10,9.5,10,rrt_20260806_230351_810.png
20260806_230352_001,2026-08-06 23:03:52,True,147,54,16.101709331408244,37,0.45,0.6,0.2,0,0.5,10,9.5,10,rrt_20260806_230352_001.png
20260806_230352_179,2026-08-06 23:03:52,True,142,62,16.199999999999996,37,0.45,0.6,0.2,0,0.5,10,9.5,10,rrt_20260806_230352_179.png
20260806_230353_886,2026-08-06 23:03:53,False,10000,115,0.0,0,0.45,0.6,0.2,0,0.5,10,9.5,10,rrt_20260806_230353_886.png
20260806_230354_157,2026-08-06 23:03:54,True,143,50,16.171644194207303,37,0.45,0.6,0.2,0,0.5,10,9.5,10,rrt_20260806_230354_157.png
20260806_230354_326,2026-08-06 23:03:54,True,281,60,15.299999999999997,35,0.45,0.6,0.2,0,0.5,10,9.5,10,rrt_20260806_230354_326.png
20260806_230354_497,2026-08-06 23:03:54,True,98,59,16.44759668952682,38,0.45,0.6,0.2,0,0.5,10,9.5,10,rrt_20260806_230354_497.png
20260806_230354_675,2026-08-06 23:03:54,True,179,59,16.2,37,0.45,0.6,0.2,0,0.5,10,9.5,10,rrt_20260806_230354_675.png
20260806_230354_902,2026-08-06 23:03:54,True,172,54,16.581663463756097,38,0.45,0.6,0.2,0,0.5,10,9.5,10,rrt_20260806_230354_902.png
20260806_230355_085,2026-08-06 23:03:55,True,162,64,17.54999999999999,40,0.45,0.6,0.2,0,0.5,10,9.5,10,rrt_20260806_230355_085.png
20260806_230357_346,2026-08-06 23:03:57,False,10000,171,0.0,0,0.45,0.6,0.2,0,0.5,10,9.5,10,rrt_20260806_230357_346.png
20260806_230357_572,2026-08-06 23:03:57,True,214,62,16.415803780595212,38,0.45,0.6,0.2,0,0.5,10,9.5,10,rrt_20260806_230357_572.png
20260806_230357_727,2026-08-06 23:03:57,True,175,61,15.674650590407525,36,0.45,0.6,0.2,0,0.5,10,9.5,10,rrt_20260806_230357_727.png
20260806_230357_911,2026-08-06 23:03:57,True,270,74,15.233108247721955,35,0.45,0.6,0.2,0,0.5,10,9.5,10,rrt_20260806_230357_911.png
20260806_230358_080,2026-08-06 23:03:58,True,363,74,18.44999999999999,42,0.45,0.6,0.2,0,0.5,10,9.5,10,rrt_20260806_230358_080.png
20260806_230358_246,2026-08-06 23:03:58,True,98,53,15.506086257209965,36,0.45,0.6,0.2,0,0.5,10,9.5,10,rrt_20260806_230358_246.png
20260806_230358_444,2026-08-06 23:03:58,True,685,86,16.650000000000002,38,0.45,0.6,0.2,0,0.5,10,9.5,10,rrt_20260806_230358_444.png
20260806_230358_616,2026-08-06 23:03:58,True,180,60,16.199999999999992,37,0.45,0.6,0.2,0,0.5,10,9.5,10,rrt_20260806_230358_616.png
20260806_230358_832,2026-08-06 23:03:58,True,671,93,17.47692363540095,40,0.45,0.6,0.2,0,0.5,10,9.5,10,rrt_20260806_230358_832.png
20260806_230359_035,2026-08-06 23:03:59,True,163,59,16.412028437743952,38,0.45,0.6,0.2,0,0.5,10,9.5,10,rrt_20260806_230359_035.png
20260806_230359_198,2026-08-06 23:03:59,True,138,50,16.158397530729278,37,0.45,0.6,0.2,0,0.5,10,9.5,10,rrt_20260806_230359_198.png
20260806_230359_353,2026-08-06 23:03:59,True,232,64,15.961480884790028,37,0.45,0.6,0.2,0,0.5,10,9.5,10,rrt_20260806_230359_353.png
20260806_230359_499,2026-08-06 23:03:59,True,84,49,15.50840889761142,36,0.45,0.6,0.2,0,0.5,10,9.5,10,rrt_20260806_230359_499.png
20260806_230401_356,2026-08-06 23:04:01,False,10000,131,0.0,0,0.45,0.6,0.2,0,0.5,10,9.5,10,rrt_20260806_230401_356.png
20260806_230401_630,2026-08-06 23:04:01,True,246,58,15.728905571524258,36,0.45,0.6,0.2,0,0.5,10,9.5,10,rrt_20260806_230401_630.png
20260806_230401_797,2026-08-06 23:04:01,True,137,54,15.299999999999992,35,0.45,0.6,0.2,0,0.5,10,9.5,10,rrt_20260806_230401_797.png
20260806_230401_976,2026-08-06 23:04:01,True,98,45,14.850000000000003,34,0.45,0.6,0.2,0,0.5,10,9.5,10,rrt_20260806_230401_976.png
20260806_230402_112,2026-08-06 23:04:02,True,126,46,15.263929069604355,35,0.45,0.6,0.2,0,0.5,10,9.5,10,rrt_20260806_230402_112.png
20260806_230402_251,2026-08-06 23:04:02,True,115,56,16.022414633216492,37,0.45,0.6,0.2,0,0.5,10,9.5,10,rrt_20260806_230402_251.png
20260806_230402_398,2026-08-06 23:04:02,True,71,51,15.3,35,0.45,0.6,0.2,0,0.5,10,9.5,10,rrt_20260806_230402_398.png
20260806_230404_188,2026-08-06 23:04:04,False,10000,123,0.0,0,0.45,0.6,0.2,0,0.5,10,9.5,10,rrt_20260806_230404_188.png
20260806_230404_506,2026-08-06 23:04:04,True,488,101,17.099999999999994,39,0.45,0.6,0.2,0,0.5,10,9.5,10,rrt_20260806_230404_506.png
20260806_230404_681,2026-08-06 23:04:04,True,109,48,15.299999999999997,35,0.45,0.6,0.2,0,0.5,10,9.5,10,rrt_20260806_230404_681.png
20260806_230405_699,2026-08-06 23:04:05,False,10000,58,0.0,0,0.45,0.6,0.2,0,0.5,10,9.5,10,rrt_20260806_230405_699.png
20260806_230407_209,2026-08-06 23:04:07,False,10000,83,0.0,0,0.45,0.6,0.2,0,0.5,10,9.5,10,rrt_20260806_230407_209.png
20260806_230407_509,2026-08-06 23:04:07,True,289,82,17.902070333499044,41,0.45,0.6,0.2,0,0.5,10,9.5,10,rrt_20260806_230407_509.png
20260806_230407_687,2026-08-06 23:04:07,True,115,58,15.531391707859827,36,0.45,0.6,0.2,0,0.5,10,9.5,10,rrt_20260806_230407_687.png
20260806_230407_843,2026-08-06 23:04:07,True,227,60,15.550227029643832,36,0.45,0.6,0.2,0,0.5,10,9.5,10,rrt_20260806_230407_843.png
20260806_230409_758,2026-08-06 23:04:09,False,10000,132,0.0,0,0.45,0.6,0.2,0,0.5,10,9.5,10,rrt_20260806_230409_758.png
20260806_230410_025,2026-08-06 23:04:10,True,118,48,15.289283556446273,35,0.45,0.6,0.2,0,0.5,10,9.5,10,rrt_20260806_230410_025.png
20260806_230410_176,2026-08-06 23:04:10,True,110,51,15.299999999999994,35,0.45,0.6,0.2,0,0.5,10,9.5,10,rrt_20260806_230410_176.png
20260806_230410_386,2026-08-06 23:04:10,True,175,52,16.542279743835863,38,0.45,0.6,0.2,0,0.5,10,9.5,10,rrt_20260806_230410_386.png
20260806_230410_551,2026-08-06 23:04:10,True,110,56,14.84999999999999,34,0.45,0.6,0.2,0,0.5,10,9.5,10,rrt_20260806_230410_551.png
20260806_230410_717,2026-08-06 23:04:10,True,252,70,17.357111134344713,40,0.45,0.6,0.2,0,0.5,10,9.5,10,rrt_20260806_230410_717.png
20260806_230410_950,2026-08-06 23:04:10,True,266,76,16.65,38,0.45,0.6,0.2,0,0.5,10,9.5,10,rrt_20260806_230410_950.png
20260806_230411_170,2026-08-06 23:04:11,True,221,63,17.921730546976764,41,0.45,0.6,0.2,0,0.5,10,9.5,10,rrt_20260806_230411_170.png
20260806_230411_329,2026-08-06 23:04:11,True,122,56,15.300000000000004,35,0.45,0.6,0.2,0,0.5,10,9.5,10,rrt_20260806_230411_329.png
20260806_230411_525,2026-08-06 23:04:11,True,220,66,16.612800946458304,38,0.45,0.6,0.2,0,0.5,10,9.5,10,rrt_20260806_230411_525.png
20260806_230411_794,2026-08-06 23:04:11,True,1457,100,20.24999999999999,46,0.45,0.6,0.2,0,0.5,10,9.5,10,rrt_20260806_230411_794.png
20260806_230411_961,2026-08-06 23:04:11,True,179,50,16.199999999999992,37,0.45,0.6,0.2,0,0.5,10,9.5,10,rrt_20260806_230411_961.png
20260806_230412_156,2026-08-06 23:04:12,True,607,90,17.55,40,0.45,0.6,0.2,0,0.5,10,9.5,10,rrt_20260806_230412_156.png
20260806_230412_333,2026-08-06 23:04:12,True,427,74,15.55285209225186,36,0.45,0.6,0.2,0,0.5,10,9.5,10,rrt_20260806_230412_333.png
20260806_230412_484,2026-08-06 23:04:12,True,96,46,16.200000000000006,37,0.45,0.6,0.2,0,0.5,10,9.5,10,rrt_20260806_230412_484.png
20260806_230412_676,2026-08-06 23:04:12,True,64,45,14.778717598233724,34,0.45,0.6,0.2,0,0.5,10,9.5,10,rrt_20260806_230412_676.png
20260806_230413_732,2026-08-06 23:04:13,False,10000,52,0.0,0,0.45,0.6,0.2,0,0.5,10,9.5,10,rrt_20260806_230413_732.png
20260806_230413_935,2026-08-06 23:04:13,True,269,65,16.62309273299578,38,0.45,0.6,0.2,0,0.5,10,9.5,10,rrt_20260806_230413_935.png
20260806_230415_024,2026-08-06 23:04:15,False,10000,62,0.0,0,0.45,0.6,0.2,0,0.5,10,9.5,10,rrt_20260806_230415_024.png
20260806_230415_252,2026-08-06 23:04:15,True,343,61,15.75,36,0.45,0.6,0.2,0,0.5,10,9.5,10,rrt_20260806_230415_252.png
20260806_230415_438,2026-08-06 23:04:15,True,131,61,16.199999999999996,37,0.45,0.6,0.2,0,0.5,10,9.5,10,rrt_20260806_230415_438.png
20260806_230415_628,2026-08-06 23:04:15,True,329,84,19.79999999999999,45,0.45,0.6,0.2,0,0.5,10,9.5,10,rrt_20260806_230415_628.png
20260806_230415_798,2026-08-06 23:04:15,True,159,50,14.850000000000009,34,0.45,0.6,0.2,0,0.5,10,9.5,10,rrt_20260806_230415_798.png
20260806_230415_949,2026-08-06 23:04:15,True,125,56,16.649999999999995,38,0.45,0.6,0.2,0,0.5,10,9.5,10,rrt_20260806_230415_949.png
20260806_230416_204,2026-08-06 23:04:16,True,926,113,16.927700882560547,39,0.45,0.6,0.2,0,0.5,10,9.5,10,rrt_20260806_230416_204.png
20260806_230416_372,2026-08-06 23:04:16,True,103,52,16.103586227585406,37,0.45,0.6,0.2,0,0.5,10,9.5,10,rrt_20260806_230416_372.png
20260806_230416_524,2026-08-06 23:04:16,True,111,48,15.3,35,0.45,0.6,0.2,0,0.5,10,9.5,10,rrt_20260806_230416_524.png
20260806_230416_705,2026-08-06 23:04:16,True,175,61,15.522446669797406,36,0.45,0.6,0.2,0,0.5,10,9.5,10,rrt_20260806_230416_705.png
20260806_230416_848,2026-08-06 23:04:16,True,86,47,15.750000000000004,36,0.45,0.6,0.2,0,0.5,10,9.5,10,rrt_20260806_230416_848.png
20260806_230417_002,2026-08-06 23:04:17,True,265,73,16.520895782924992,38,0.45,0.6,0.2,0,0.5,10,9.5,10,rrt_20260806_230417_002.png
20260806_230418_131,2026-08-06 23:04:18,False,10000,60,0.0,0,0.45,0.6,0.2,0,0.5,10,9.5,10,rrt_20260806_230418_131.png
20260806_230418_317,2026-08-06 23:04:18,True,97,54,15.232554018753342,35,0.45,0.6,0.2,0,0.5,10,9.5,10,rrt_20260806_230418_317.png
20260806_230418_480,2026-08-06 23:04:18,True,283,87,17.412801615396443,40,0.45,0.6,0.2,0,0.5,10,9.5,10,rrt_20260806_230418_480.png
20260806_230418_672,2026-08-06 23:04:18,True,109,61,15.299999999999997,35,0.45,0.6,0.2,0,0.5,10,9.5,10,rrt_20260806_230418_672.png
20260806_230418_822,2026-08-06 23:04:18,True,123,48,14.4,33,0.45,0.6,0.2,0,0.5,10,9.5,10,rrt_20260806_230418_822.png
20260806_230418_962,2026-08-06 23:04:18,True,84,50,15.750000000000007,36,0.45,0.6,0.2,0,0.5,10,9.5,10,rrt_20260806_230418_962.png
20260806_230419_108,2026-08-06 23:04:19,True,114,47,15.749999999999993,36,0.45,0.6,0.2,0,0.5,10,9.5,10,rrt_20260806_230419_108.png
20260806_230419_274,2026-08-06 23:04:19,True,339,87,18.715478641970023,43,0.45,0.6,0.2,0,0.5,10,9.5,10,rrt_20260806_230419_274.png
20260806_230419_428,2026-08-06 23:04:19,True,187,69,16.649999999999995,38,0.45,0.6,0.2,0,0.5,10,9.5,10,rrt_20260806_230419_428.png
20260806_230419_688,2026-08-06 23:04:19,True,409,83,15.749999999999991,36,0.45,0.6,0.2,0,0.5,10,9.5,10,rrt_20260806_230419_688.png
20260806_230419_842,2026-08-06 23:04:19,True,145,57,15.25304794628966,35,0.45,0.6,0.2,0,0.5,10,9.5,10,rrt_20260806_230419_842.png
20260806_230419_996,2026-08-06 23:04:19,True,209,57,15.299999999999999,35,0.45,0.6,0.2,0,0.5,10,9.5,10,rrt_20260806_230419_996.png
20260806_230420_157,2026-08-06 23:04:20,True,162,63,16.64999999999999,38,0.45,0.6,0.2,0,0.5,10,9.5,10,rrt_20260806_230420_157.png
20260806_230420_315,2026-08-06 23:04:20,True,323,72,15.749999999999993,36,0.45,0.6,0.2,0,0.5,10,9.5,10,rrt_20260806_230420_315.png
20260806_230420_478,2026-08-06 23:04:20,True,309,68,16.650000000000002,38,0.45,0.6,0.2,0,0.5,10,9.5,10,rrt_20260806_230420_478.png
20260806_230420_682,2026-08-06 23:04:20,True,403,61,15.750000000000014,36,0.45,0.6,0.2,0,0.5,10,9.5,10,rrt_20260806_230420_682.png
20260806_230420_828,2026-08-06 23:04:20,True,156,58,15.151014617746625,35,0.45,0.6,0.2,0,0.5,10,9.5,10,rrt_20260806_230420_828.png
20260806_230420_971,2026-08-06 23:04:20,True,105,53,15.299999999999995,35,0.45,0.6,0.2,0,0.5,10,9.5,10,rrt_20260806_230420_971.png
20260806_230421_113,2026-08-06 23:04:21,True,100,49,14.849999999999994,34,0.45,0.6,0.2,0,0.5,10,9.5,10,rrt_20260806_230421_113.png
20260806_230421_259,2026-08-06 23:04:21,True,151,48,15.236855076941627,35,0.45,0.6,0.2,0,0.5,10,9.5,10,rrt_20260806_230421_259.png
20260806_230423_360,2026-08-06 23:04:23,False,10000,162,0.0,0,0.45,0.6,0.2,0,0.5,10,9.5,10,rrt_20260806_230423_360.png
20260806_230423_714,2026-08-06 23:04:23,True,368,87,18.0,41,0.45,0.6,0.2,0,0.5,10,9.5,10,rrt_20260806_230423_714.png
20260806_230423_866,2026-08-06 23:04:23,True,131,52,15.256334271269433,35,0.45,0.6,0.2,0,0.5,10,9.5,10,rrt_20260806_230423_866.png
20260806_230424_010,2026-08-06 23:04:24,True,86,52,14.220130828095236,33,0.45,0.6,0.2,0,0.5,10,9.5,10,rrt_20260806_230424_010.png
20260806_230424_171,2026-08-06 23:04:24,True,357,60,16.104759905182018,37,0.45,0.6,0.2,0,0.5,10,9.5,10,rrt_20260806_230424_171.png
20260806_230424_367,2026-08-06 23:04:24,True,541,93,18.89999999999999,43,0.45,0.6,0.2,0,0.5,10,9.5,10,rrt_20260806_230424_367.png
20260806_230424_521,2026-08-06 23:04:24,True,104,49,15.749999999999998,36,0.45,0.6,0.2,0,0.5,10,9.5,10,rrt_20260806_230424_521.png
20260806_230425_455,2026-08-06 23:04:25,False,10000,50,0.0,0,0.45,0.6,0.2,0,0.5,10,9.5,10,rrt_20260806_230425_455.png
20260806_230425_673,2026-08-06 23:04:25,True,591,67,15.75,36,0.45,0.6,0.2,0,0.5,10,9.5,10,rrt_20260806_230425_673.png
20260806_230425_835,2026-08-06 23:04:25,True,73,49,15.749999999999995,36,0.45,0.6,0.2,0,0.5,10,9.5,10,rrt_20260806_230425_835.png
20260806_230426_078,2026-08-06 23:04:26,True,784,124,18.82527312024424,43,0.45,0.6,0.2,0,0.5,10,9.5,10,rrt_20260806_230426_078.png
20260806_230426_239,2026-08-06 23:04:26,True,68,51,15.74999999999999,36,0.45,0.6,0.2,0,0.5,10,9.5,10,rrt_20260806_230426_239.png
20260806_230426_404,2026-08-06 23:04:26,True,382,68,16.14410118975103,37,0.45,0.6,0.2,0,0.5,10,9.5,10,rrt_20260806_230426_404.png
20260806_230426_589,2026-08-06 23:04:26,True,95,52,16.039984205458417,37,0.45,0.7,0.2,0,0.5,10,9.5,10,rrt_20260806_230426_589.png
20260806_230426_737,2026-08-06 23:04:26,True,192,59,15.991422680702756,37,0.45,0.7,0.2,0,0.5,10,9.5,10,rrt_20260806_230426_737.png
20260806_230427_860,2026-08-06 23:04:27,False,10000,68,0.0,0,0.45,0.7,0.2,0,0.5,10,9.5,10,rrt_20260806_230427_860.png
20260806_230429_464,2026-08-06 23:04:29,False,10000,94,0.0,0,0.45,0.7,0.2,0,0.5,10,9.5,10,rrt_20260806_230429_464.png
20260806_230429_695,2026-08-06 23:04:29,True,199,66,15.557117969236224,36,0.45,0.7,0.2,0,0.5,10,9.5,10,rrt_20260806_230429_695.png
20260806_230430_003,2026-08-06 23:04:30,True,754,121,18.85317162696842,43,0.45,0.7,0.2,0,0.5,10,9.5,10,rrt_20260806_230430_003.png
20260806_230431_757,2026-08-06 23:04:31,False,10000,112,0.0,0,0.45,0.7,0.2,0,0.5,10,9.5,10,rrt_20260806_230431_757.png
20260806_230431_992,2026-08-06 23:04:31,True,236,68,17.400156759460817,40,0.45,0.7,0.2,0,0.5,10,9.5,10,rrt_20260806_230431_992.png
20260806_230432_155,2026-08-06 23:04:32,True,169,58,16.640894177187597,38,0.45,0.7,0.2,0,0.5,10,9.5,10,rrt_20260806_230432_155.png
20260806_230432_306,2026-08-06 23:04:32,True,142,58,15.735300821046039,36,0.45,0.7,0.2,0,0.5,10,9.5,10,rrt_20260806_230432_306.png
20260806_230432_524,2026-08-06 23:04:32,True,489,105,17.55,40,0.45,0.7,0.2,0,0.5,10,9.5,10,rrt_20260806_230432_524.png
20260806_230432_681,2026-08-06 23:04:32,True,87,53,14.84999999999999,34,0.45,0.7,0.2,0,0.5,10,9.5,10,rrt_20260806_230432_681.png
20260806_230434_586,2026-08-06 23:04:34,False,10000,141,0.0,0,0.45,0.7,0.2,0,0.5,10,9.5,10,rrt_20260806_230434_586.png
20260806_230434_797,2026-08-06 23:04:34,True,119,46,16.138818193887314,37,0.45,0.7,0.2,0,0.5,10,9.5,10,rrt_20260806_230434_797.png
20260806_230434_978,2026-08-06 23:04:34,True,289,99,18.449999999999985,42,0.45,0.7,0.2,0,0.5,10,9.5,10,rrt_20260806_230434_978.png
20260806_230435_194,2026-08-06 23:04:35,True,72,51,15.300000000000002,35,0.45,0.7,0.2,0,0.5,10,9.5,10,rrt_20260806_230435_194.png
20260806_230435_332,2026-08-06 23:04:35,True,75,50,15.746121666866731,36,0.45,0.7,0.2,0,0.5,10,9.5,10,rrt_20260806_230435_332.png
20260806_230437_647,2026-08-06 23:04:37,False,10000,183,0.0,0,0.45,0.7,0.2,0,0.5,10,9.5,10,rrt_20260806_230437_647.png
20260806_230437_882,2026-08-06 23:04:37,True,161,54,16.647589056974514,38,0.45,0.7,0.2,0,0.5,10,9.5,10,rrt_20260806_230437_882.png
20260806_230438_025,2026-08-06 23:04:38,True,114,50,15.750000000000002,36,0.45,0.7,0.2,0,0.5,10,9.5,10,rrt_20260806_230438_025.png
20260806_230438_200,2026-08-06 23:04:38,True,174,53,15.974970444623883,37,0.45,0.7,0.2,0,0.5,10,9.5,10,rrt_20260806_230438_200.png
20260806_230438_353,2026-08-06 23:04:38,True,209,62,16.199999999999992,37,0.45,0.7,0.2,0,0.5,10,9.5,10,rrt_20260806_230438_353.png
20260806_230438_505,2026-08-06 23:04:38,True,178,68,17.340953281530542,40,0.45,0.7,0.2,0,0.5,10,9.5,10,rrt_20260806_230438_505.png
20260806_230438_679,2026-08-06 23:04:38,True,428,89,19.605289854393906,45,0.45,0.7,0.2,0,0.5,10,9.5,10,rrt_20260806_230438_679.png
20260806_230438_837,2026-08-06 23:04:38,True,209,59,16.19999999999999,37,0.45,0.7,0.2,0,0.5,10,9.5,10,rrt_20260806_230438_837.png
20260806_230438_993,2026-08-06 23:04:38,True,244,71,16.96405174789313,39,0.45,0.7,0.2,0,0.5,10,9.5,10,rrt_20260806_230438_993.png
20260806_230440_095,2026-08-06 23:04:40,False,10000,63,0.0,0,0.45,0.7,0.2,0,0.5,10,9.5,10,rrt_20260806_230440_095.png
20260806_230441_152,2026-08-06 23:04:41,False,10000,49,0.0,0,0.45,0.7,0.2,0,0.5,10,9.5,10,rrt_20260806_230441_152.png
20260806_230441_347,2026-08-06 23:04:41,True,123,57,16.64999999999999,38,0.45,0.7,0.2,0,0.5,10,9.5,10,rrt_20260806_230441_347.png
20260806_230441_494,2026-08-06 23:04:41,True,75,50,15.578941339471587,36,0.45,0.7,0.2,0,0.5,10,9.5,10,rrt_20260806_230441_494.png
20260806_230441_636,2026-08-06 23:04:41,True,99,63,15.299999999999995,35,0.45,0.7,0.2,0,0.5,10,9.5,10,rrt_20260806_230441_636.png
20260806_230441_913,2026-08-06 23:04:41,True,1336,112,17.550000000000004,40,0.45,0.7,0.2,0,0.5,10,9.5,10,rrt_20260806_230441_913.png
20260806_230442_112,2026-08-06 23:04:42,True,125,67,18.0,41,0.45,0.7,0.2,0,0.5,10,9.5,10,rrt_20260806_230442_112.png
20260806_230443_750,2026-08-06 23:04:43,False,10000,114,0.0,0,0.45,0.7,0.2,0,0.5,10,9.5,10,rrt_20260806_230443_750.png
20260806_230443_964,2026-08-06 23:04:43,True,172,53,15.749999999999988,36,0.45,0.7,0.2,0,0.5,10,9.5,10,rrt_20260806_230443_964.png
20260806_230445_262,2026-08-06 23:04:45,False,10000,76,0.0,0,0.45,0.7,0.2,0,0.5,10,9.5,10,rrt_20260806_230445_262.png
20260806_230445_529,2026-08-06 23:04:45,True,269,91,17.549999999999997,40,0.45,0.7,0.2,0,0.5,10,9.5,10,rrt_20260806_230445_529.png
20260806_230445_685,2026-08-06 23:04:45,True,112,56,15.75,36,0.45,0.7,0.2,0,0.5,10,9.5,10,rrt_20260806_230445_685.png
20260806_230445_854,2026-08-06 23:04:45,True,276,75,16.649999999999995,38,0.45,0.7,0.2,0,0.5,10,9.5,10,rrt_20260806_230445_854.png
20260806_230445_999,2026-08-06 23:04:45,True,83,53,16.174489354024928,37,0.45,0.7,0.2,0,0.5,10,9.5,10,rrt_20260806_230445_999.png
20260806_230446_203,2026-08-06 23:04:46,True,114,61,15.652945286969132,36,0.45,0.7,0.2,0,0.5,10,9.5,10,rrt_20260806_230446_203.png
20260806_230446_394,2026-08-06 23:04:46,True,125,65,16.2,37,0.45,0.7,0.2,0,0.5,10,9.5,10,rrt_20260806_230446_394.png
20260806_230446_541,2026-08-06 23:04:46,True,109,56,16.65,38,0.45,0.7,0.2,0,0.5,10,9.5,10,rrt_20260806_230446_541.png
20260806_230446_733,2026-08-06 23:04:46,True,133,66,17.100000000000005,39,0.45,0.7,0.2,0,0.5,10,9.5,10,rrt_20260806_230446_733.png
20260806_230446_891,2026-08-06 23:04:46,True,203,78,15.622253569771196,36,0.45,0.7,0.2,0,0.5,10,9.5,10,rrt_20260806_230446_891.png
20260806_230448_010,2026-08-06 23:04:48,False,10000,58,0.0,0,0.45,0.7,0.2,0,0.5,10,9.5,10,rrt_20260806_230448_010.png
20260806_230448_201,2026-08-06 23:04:48,True,126,55,15.300000000000008,35,0.45,0.7,0.2,0,0.5,10,9.5,10,rrt_20260806_230448_201.png
20260806_230448_421,2026-08-06 23:04:48,True,863,90,21.380944155340405,49,0.45,0.7,0.2,0,0.5,10,9.5,10,rrt_20260806_230448_421.png
20260806_230448_616,2026-08-06 23:04:48,True,283,73,15.299999999999995,35,0.45,0.7,0.2,0,0.5,10,9.5,10,rrt_20260806_230448_616.png
20260806_230448_777,2026-08-06 23:04:48,True,176,61,17.805117010068408,41,0.45,0.7,0.2,0,0.5,10,9.5,10,rrt_20260806_230448_777.png
20260806_230448_929,2026-08-06 23:04:48,True,155,57,15.1557975645796,35,0.45,0.7,0.2,0,0.5,10,9.5,10,rrt_20260806_230448_929.png
20260806_230449_109,2026-08-06 23:04:49,True,460,83,16.408356176602243,38,0.45,0.7,0.2,0,0.5,10,9.5,10,rrt_20260806_230449_109.png
20260806_230449_257,2026-08-06 23:04:49,True,106,51,15.172963784763594,35,0.45,0.7,0.2,0,0.5,10,9.5,10,rrt_20260806_230449_257.png
20260806_230449_411,2026-08-06 23:04:49,True,206,71,15.706994421921115,36,0.45,0.7,0.2,0,0.5,10,9.5,10,rrt_20260806_230449_411.png
20260806_230449_601,2026-08-06 23:04:49,True,165,68,16.64999999999999,38,0.45,0.7,0.2,0,0.5,10,9.5,10,rrt_20260806_230449_601.png
20260806_230449_745,2026-08-06 23:04:49,True,102,50,15.750000000000005,36,0.45,0.7,0.2,0,0.5,10,9.5,10,rrt_20260806_230449_745.png
20260806_230449_888,2026-08-06 23:04:49,True,120,51,16.64999999999999,38,0.45,0.7,0.2,0,0.5,10,9.5,10,rrt_20260806_230449_888.png
20260806_230450_032,2026-08-06 23:04:50,True,128,57,15.667626573547862,36,0.45,0.7,0.2,0,0.5,10,9.5,10,rrt_20260806_230450_032.png
20260806_230450_194,2026-08-06 23:04:50,True,202,62,17.911548691770204,41,0.45,0.7,0.2,0,0.5,10,9.5,10,rrt_20260806_230450_194.png
20260806_230451_901,2026-08-06 23:04:51,False,10000,110,0.0,0,0.45,0.7,0.2,0,0.5,10,9.5,10,rrt_20260806_230451_901.png
20260806_230453_712,2026-08-06 23:04:53,False,10000,121,0.0,0,0.45,0.7,0.2,0,0.5,10,9.5,10,rrt_20260806_230453_712.png
20260806_230454_010,2026-08-06 23:04:54,True,973,92,22.049999999999986,50,0.45,0.7,0.2,0,0.5,10,9.5,10,rrt_20260806_230454_010.png
20260806_230454_173,2026-08-06 23:04:54,True,196,54,16.199999999999996,37,0.45,0.7,0.2,0,0.5,10,9.5,10,rrt_20260806_230454_173.png
20260806_230454_319,2026-08-06 23:04:54,True,147,50,15.678676257240076,36,0.45,0.7,0.2,0,0.5,10,9.5,10,rrt_20260806_230454_319.png
20260806_230454_469,2026-08-06 23:04:54,True,80,46,15.749999999999998,36,0.45,0.7,0.2,0,0.5,10,9.5,10,rrt_20260806_230454_469.png
20260806_230454_614,2026-08-06 23:04:54,True,113,54,15.0594489266412,35,0.45,0.7,0.2,0,0.5,10,9.5,10,rrt_20260806_230454_614.png
20260806_230456_547,2026-08-06 23:04:56,False,10000,141,0.0,0,0.45,0.7,0.2,0,0.5,10,9.5,10,rrt_20260806_230456_547.png
20260806_230456_765,2026-08-06 23:04:56,True,118,61,17.099999999999998,39,0.45,0.7,0.2,0,0.5,10,9.5,10,rrt_20260806_230456_765.png
20260806_230456_928,2026-08-06 23:04:56,True,265,64,15.973235882128815,37,0.45,0.7,0.2,0,0.5,10,9.5,10,rrt_20260806_230456_928.png
20260806_230457_118,2026-08-06 23:04:57,True,468,109,16.960785083980973,39,0.45,0.7,0.2,0,0.5,10,9.5,10,rrt_20260806_230457_118.png
20260806_230457_270,2026-08-06 23:04:57,True,95,54,15.099748886427575,35,0.45,0.7,0.2,0,0.5,10,9.5,10,rrt_20260806_230457_270.png
20260806_230457_490,2026-08-06 23:04:57,True,493,92,15.299999999999997,35,0.45,0.7,0.2,0,0.5,10,9.5,10,rrt_20260806_230457_490.png
20260806_230458_536,2026-08-06 23:04:58,False,10000,62,0.0,0,0.45,0.7,0.2,0,0.5,10,9.5,10,rrt_20260806_230458_536.png
20260806_230458_722,2026-08-06 23:04:58,True,101,48,15.3,35,0.45,0.7,0.2,0,0.5,10,9.5,10,rrt_20260806_230458_722.png
20260806_230458_912,2026-08-06 23:04:58,True,255,73,18.899999999999988,43,0.45,0.7,0.2,0,0.5,10,9.5,10,rrt_20260806_230458_912.png
20260806_230459_062,2026-08-06 23:04:59,True,150,61,16.542691970738083,38,0.45,0.7,0.2,0,0.5,10,9.5,10,rrt_20260806_230459_062.png
20260806_230500_696,2026-08-06 23:05:00,False,10000,104,0.0,0,0.45,0.7,0.2,0,0.5,10,9.5,10,rrt_20260806_230500_696.png
20260806_230500_911,2026-08-06 23:05:00,True,172,61,16.2,37,0.45,0.7,0.2,0,0.5,10,9.5,10,rrt_20260806_230500_911.png
20260806_230501_060,2026-08-06 23:05:01,True,142,62,14.849999999999996,34,0.45,0.7,0.2,0,0.5,10,9.5,10,rrt_20260806_230501_060.png
20260806_230501_213,2026-08-06 23:05:01,True,144,58,16.2,37,0.45,0.7,0.2,0,0.5,10,9.5,10,rrt_20260806_230501_213.png
20260806_230501_368,2026-08-06 23:05:01,True,103,59,15.54674389463562,36,0.45,0.7,0.2,0,0.5,10,9.5,10,rrt_20260806_230501_368.png
20260806_230501_517,2026-08-06 23:05:01,True,89,50,14.849999999999998,34,0.45,0.7,0.2,0,0.5,10,9.5,10,rrt_20260806_230501_517.png
20260806_230501_689,2026-08-06 23:05:01,True,89,56,16.092640202603313,37,0.45,0.7,0.2,0,0.5,10,9.5,10,rrt_20260806_230501_689.png
20260806_230502_840,2026-08-06 23:05:02,False,10000,72,0.0,0,0.45,0.7,0.2,0,0.5,10,9.5,10,rrt_20260806_230502_840.png
20260806_230503_042,2026-08-06 23:05:03,True,204,71,18.277926640577,42,0.45,0.7,0.2,0,0.5,10,9.5,10,rrt_20260806_230503_042.png
20260806_230503_201,2026-08-06 23:05:03,True,114,46,15.300000000000006,35,0.45,0.7,0.2,0,0.5,10,9.5,10,rrt_20260806_230503_201.png
20260806_230504_218,2026-08-06 23:05:04,False,10000,63,0.0,0,0.45,0.7,0.2,0,0.5,10,9.5,10,rrt_20260806_230504_218.png
20260806_230504_485,2026-08-06 23:05:04,True,462,90,17.902362100910484,41,0.45,0.7,0.2,0,0.5,10,9.5,10,rrt_20260806_230504_485.png
20260806_230504_665,2026-08-06 23:05:04,True,124,60,15.663653487660252,36,0.45,0.7,0.2,0,0.5,10,9.5,10,rrt_20260806_230504_665.png
20260806_230504_817,2026-08-06 23:05:04,True,225,75,17.549999999999997,40,0.45,0.7,0.2,0,0.5,10,9.5,10,rrt_20260806_230504_817.png
20260806_230505_000,2026-08-06 23:05:05,True,375,102,17.540034114142177,40,0.45,0.7,0.2,0,0.5,10,9.5,10,rrt_20260806_230505_000.png
20260806_230505_155,2026-08-06 23:05:05,True,99,57,15.300000000000002,35,0.45,0.7,0.2,0,0.5,10,9.5,10,rrt_20260806_230505_155.png
20260806_230506_558,2026-08-06 23:05:06,False,10000,94,0.0,0,0.45,0.7,0.2,0,0.5,10,9.5,10,rrt_20260806_230506_558.png
20260806_230506_798,2026-08-06 23:05:06,True,151,68,16.200000000000003,37,0.45,0.7,0.2,0,0.5,10,9.5,10,rrt_20260806_230506_798.png
20260806_230506_953,2026-08-06 23:05:06,True,132,62,15.991629948986118,37,0.45,0.7,0.2,0,0.5,10,9.5,10,rrt_20260806_230506_953.png
20260806_230507_100,2026-08-06 23:05:07,True,83,54,15.644874886375122,36,0.45,0.7,0.2,0,0.5,10,9.5,10,rrt_20260806_230507_100.png
20260806_230507_250,2026-08-06 23:05:07,True,112,68,15.3,35,0.45,0.7,0.2,0,0.5,10,9.5,10,rrt_20260806_230507_250.png
20260806_230507_410,2026-08-06 23:05:07,True,320,72,15.3,35,0.45,0.7,0.2,0,0.5,10,9.5,10,rrt_20260806_230507_410.png
20260806_230507_555,2026-08-06 23:05:07,True,90,57,15.749999999999991,36,0.45,0.7,0.2,0,0.5,10,9.5,10,rrt_20260806_230507_555.png
20260806_230509_662,2026-08-06 23:05:09,False,10000,157,0.0,0,0.45,0.7,0.2,0,0.5,10,9.5,10,rrt_20260806_230509_662.png
20260806_230509_889,2026-08-06 23:05:09,True,83,56,15.749999999999996,36,0.45,0.8,0.2,0,0.5,10,9.5,10,rrt_20260806_230509_889.png
20260806_230510_048,2026-08-06 23:05:10,True,106,59,16.200000000000006,37,0.45,0.8,0.2,0,0.5,10,9.5,10,rrt_20260806_230510_048.png
20260806_230510_198,2026-08-06 23:05:10,True,167,68,15.749999999999995,36,0.45,0.8,0.2,0,0.5,10,9.5,10,rrt_20260806_230510_198.png
20260806_230512_060,2026-08-06 23:05:12,False,10000,131,0.0,0,0.45,0.8,0.2,0,0.5,10,9.5,10,rrt_20260806_230512_060.png
20260806_230512_318,2026-08-06 23:05:12,True,155,66,15.75,36,0.45,0.8,0.2,0,0.5,10,9.5,10,rrt_20260806_230512_318.png
20260806_230512_482,2026-08-06 23:05:12,True,117,61,15.750000000000005,36,0.45,0.8,0.2,0,0.5,10,9.5,10,rrt_20260806_230512_482.png
20260806_230512_762,2026-08-06 23:05:12,True,1335,98,18.78079776021222,43,0.45,0.8,0.2,0,0.5,10,9.5,10,rrt_20260806_230512_762.png
20260806_230512_967,2026-08-06 23:05:12,True,423,105,16.199999999999996,37,0.45,0.8,0.2,0,0.5,10,9.5,10,rrt_20260806_230512_967.png
20260806_230514_163,2026-08-06 23:05:14,False,10000,70,0.0,0,0.45,0.8,0.2,0,0.5,10,9.5,10,rrt_20260806_230514_163.png
20260806_230514_410,2026-08-06 23:05:14,True,111,56,15.262211090361015,35,0.45,0.8,0.2,0,0.5,10,9.5,10,rrt_20260806_230514_410.png
20260806_230514_613,2026-08-06 23:05:14,True,566,106,17.099999999999998,39,0.45,0.8,0.2,0,0.5,10,9.5,10,rrt_20260806_230514_613.png
20260806_230514_788,2026-08-06 23:05:14,True,170,60,15.749999999999998,36,0.45,0.8,0.2,0,0.5,10,9.5,10,rrt_20260806_230514_788.png
20260806_230514_961,2026-08-06 23:05:14,True,141,64,15.96875994119462,37,0.45,0.8,0.2,0,0.5,10,9.5,10,rrt_20260806_230514_961.png
20260806_230515_130,2026-08-06 23:05:15,True,242,89,16.187617152296983,37,0.45,0.8,0.2,0,0.5,10,9.5,10,rrt_20260806_230515_130.png
20260806_230515_314,2026-08-06 23:05:15,True,167,65,15.576770582850322,36,0.45,0.8,0.2,0,0.5,10,9.5,10,rrt_20260806_230515_314.png
20260806_230517_167,2026-08-06 23:05:17,False,10000,132,0.0,0,0.45,0.8,0.2,0,0.5,10,9.5,10,rrt_20260806_230517_167.png
20260806_230517_491,2026-08-06 23:05:17,True,846,138,17.43820776017414,40,0.45,0.8,0.2,0,0.5,10,9.5,10,rrt_20260806_230517_491.png
20260806_230517_661,2026-08-06 23:05:17,True,80,53,15.63869489004698,36,0.45,0.8,0.2,0,0.5,10,9.5,10,rrt_20260806_230517_661.png
20260806_230519_776,2026-08-06 23:05:19,False,10000,162,0.0,0,0.45,0.8,0.2,0,0.5,10,9.5,10,rrt_20260806_230519_776.png
20260806_230520_017,2026-08-06 23:05:20,True,92,54,16.093661333534346,37,0.45,0.8,0.2,0,0.5,10,9.5,10,rrt_20260806_230520_017.png
20260806_230520_177,2026-08-06 23:05:20,True,127,58,16.199999999999996,37,0.45,0.8,0.2,0,0.5,10,9.5,10,rrt_20260806_230520_177.png
20260806_230521_226,2026-08-06 23:05:21,False,10000,57,0.0,0,0.45,0.8,0.2,0,0.5,10,9.5,10,rrt_20260806_230521_226.png
20260806_230521_423,2026-08-06 23:05:21,True,168,71,15.951933258519396,37,0.45,0.8,0.2,0,0.5,10,9.5,10,rrt_20260806_230521_423.png
20260806_230521_570,2026-08-06 23:05:21,True,96,57,16.200000000000003,37,0.45,0.8,0.2,0,0.5,10,9.5,10,rrt_20260806_230521_570.png
20260806_230521_722,2026-08-06 23:05:21,True,100,58,15.247174695653092,35,0.45,0.8,0.2,0,0.5,10,9.5,10,rrt_20260806_230521_722.png
20260806_230521_903,2026-08-06 23:05:21,True,125,56,15.970468327265365,37,0.45,0.8,0.2,0,0.5,10,9.5,10,rrt_20260806_230521_903.png
20260806_230522_089,2026-08-06 23:05:22,True,583,85,15.208529337615749,35,0.45,0.8,0.2,0,0.5,10,9.5,10,rrt_20260806_230522_089.png
20260806_230522_242,2026-08-06 23:05:22,True,156,54,16.20000000000001,37,0.45,0.8,0.2,0,0.5,10,9.5,10,rrt_20260806_230522_242.png
20260806_230523_141,2026-08-06 23:05:23,False,10000,49,0.0,0,0.45,0.8,0.2,0,0.5,10,9.5,10,rrt_20260806_230523_141.png
20260806_230523_333,2026-08-06 23:05:23,True,140,63,15.299999999999997,35,0.45,0.8,0.2,0,0.5,10,9.5,10,rrt_20260806_230523_333.png
20260806_230523_512,2026-08-06 23:05:23,True,153,66,16.121756353533613,37,0.45,0.8,0.2,0,0.5,10,9.5,10,rrt_20260806_230523_512.png
20260806_230523_671,2026-08-06 23:05:23,True,151,73,15.750000000000005,36,0.45,0.8,0.2,0,0.5,10,9.5,10,rrt_20260806_230523_671.png
20260806_230525_465,2026-08-06 23:05:25,False,10000,130,0.0,0,0.45,0.8,0.2,0,0.5,10,9.5,10,rrt_20260806_230525_465.png
20260806_230525_676,2026-08-06 23:05:25,True,125,57,15.501695027050287,36,0.45,0.8,0.2,0,0.5,10,9.5,10,rrt_20260806_230525_676.png
20260806_230525_855,2026-08-06 23:05:25,True,286,87,19.349999999999987,44,0.45,0.8,0.2,0,0.5,10,9.5,10,rrt_20260806_230525_855.png
20260806_230526_025,2026-08-06 23:05:26,True,260,73,15.745868934284784,36,0.45,0.8,0.2,0,0.5,10,9.5,10,rrt_20260806_230526_025.png
20260806_230526_238,2026-08-06 23:05:26,True,446,99,16.650000000000002,38,0.45,0.8,0.2,0,0.5,10,9.5,10,rrt_20260806_230526_238.png
20260806_230526_413,2026-08-06 23:05:26,True,297,68,16.650000000000002,38,0.45,0.8,0.2,0,0.5,10,9.5,10,rrt_20260806_230526_413.png
20260806_230526_573,2026-08-06 23:05:26,True,151,71,16.107390424629703,37,0.45,0.8,0.2,0,0.5,10,9.5,10,rrt_20260806_230526_573.png
20260806_230526_722,2026-08-06 23:05:26,True,108,56,16.058517545709666,37,0.45,0.8,0.2,0,0.5,10,9.5,10,rrt_20260806_230526_722.png
20260806_230526_867,2026-08-06 23:05:26,True,104,59,15.658682466439112,36,0.45,0.8,0.2,0,0.5,10,9.5,10,rrt_20260806_230526_867.png
20260806_230527_032,2026-08-06 23:05:27,True,278,83,18.45,42,0.45,0.8,0.2,0,0.5,10,9.5,10,rrt_20260806_230527_032.png
20260806_230528_018,2026-08-06 23:05:28,False,10000,53,0.0,0,0.45,0.8,0.2,0,0.5,10,9.5,10,rrt_20260806_230528_018.png
20260806_230528_240,2026-08-06 23:05:28,True,353,97,16.415277119734267,38,0.45,0.8,0.2,0,0.5,10,9.5,10,rrt_20260806_230528_240.png
20260806_230528_443,2026-08-06 23:05:28,True,133,61,15.641338910880085,36,0.45,0.8,0.2,0,0.5,10,9.5,10,rrt_20260806_230528_443.png
20260806_230529_423,2026-08-06 23:05:29,False,10000,55,0.0,0,0.45,0.8,0.2,0,0.5,10,9.5,10,rrt_20260806_230529_423.png
20260806_230530_947,2026-08-06 23:05:30,False,10000,92,0.0,0,0.45,0.8,0.2,0,0.5,10,9.5,10,rrt_20260806_230530_947.png
20260806_230531_221,2026-08-06 23:05:31,True,828,87,16.650000000000002,38,0.45,0.8,0.2,0,0.5,10,9.5,10,rrt_20260806_230531_221.png
20260806_230532_823,2026-08-06 23:05:32,False,10000,111,0.0,0,0.45,0.8,0.2,0,0.5,10,9.5,10,rrt_20260806_230532_823.png
20260806_230533_036,2026-08-06 23:05:33,True,82,58,15.75,36,0.45,0.8,0.2,0,0.5,10,9.5,10,rrt_20260806_230533_036.png
20260806_230533_200,2026-08-06 23:05:33,True,251,85,17.549999999999997,40,0.45,0.8,0.2,0,0.5,10,9.5,10,rrt_20260806_230533_200.png
20260806_230533_377,2026-08-06 23:05:33,True,143,62,16.199999999999992,37,0.45,0.8,0.2,0,0.5,10,9.5,10,rrt_20260806_230533_377.png
20260806_230535_109,2026-08-06 23:05:35,False,10000,124,0.0,0,0.45,0.8,0.2,0,0.5,10,9.5,10,rrt_20260806_230535_109.png
20260806_230535_345,2026-08-06 23:05:35,True,111,53,15.299999999999997,35,0.45,0.8,0.2,0,0.5,10,9.5,10,rrt_20260806_230535_345.png
20260806_230535_503,2026-08-06 23:05:35,True,177,63,17.549999999999997,40,0.45,0.8,0.2,0,0.5,10,9.5,10,rrt_20260806_230535_503.png
20260806_230535_725,2026-08-06 23:05:35,True,774,110,18.449999999999992,42,0.45,0.8,0.2,0,0.5,10,9.5,10,rrt_20260806_230535_725.png
20260806_230535_925,2026-08-06 23:05:35,True,98,48,16.200000000000003,37,0.45,0.8,0.2,0,0.5,10,9.5,10,rrt_20260806_230535_925.png
20260806_230536_079,2026-08-06 23:05:36,True,254,63,17.348394709935395,40,0.45,0.8,0.2,0,0.5,10,9.5,10,rrt_20260806_230536_079.png
20260806_230536_228,2026-08-06 23:05:36,True,108,52,15.299999999999995,35,0.45,0.8,0.2,0,0.5,10,9.5,10,rrt_20260806_230536_228.png
20260806_230536_390,2026-08-06 23:05:36,True,338,80,17.999999999999993,41,0.45,0.8,0.2,0,0.5,10,9.5,10,rrt_20260806_230536_390.png
20260806_230536_602,2026-08-06 23:05:36,True,822,88,15.750000000000002,36,0.45,0.8,0.2,0,0.5,10,9.5,10,rrt_20260806_230536_602.png
20260806_230536_769,2026-08-06 23:05:36,True,206,78,15.721062783525422,36,0.45,0.8,0.2,0,0.5,10,9.5,10,rrt_20260806_230536_769.png
20260806_230537_044,2026-08-06 23:05:37,True,1042,117,16.65,38,0.45,0.8,0.2,0,0.5,10,9.5,10,rrt_20260806_230537_044.png
20260806_230538_302,2026-08-06 23:05:38,False,10000,75,0.0,0,0.45,0.8,0.2,0,0.5,10,9.5,10,rrt_20260806_230538_302.png
20260806_230538_570,2026-08-06 23:05:38,True,799,119,17.49583506043989,40,0.45,0.8,0.2,0,0.5,10,9.5,10,rrt_20260806_230538_570.png
20260806_230538_745,2026-08-06 23:05:38,True,137,66,16.65,38,0.45,0.8,0.2,0,0.5,10,9.5,10,rrt_20260806_230538_745.png
20260806_230538_908,2026-08-06 23:05:38,True,237,81,16.085988685404203,37,0.45,0.8,0.2,0,0.5,10,9.5,10,rrt_20260806_230538_908.png
20260806_230540_813,2026-08-06 23:05:40,False,10000,138,0.0,0,0.45,0.8,0.2,0,0.5,10,9.5,10,rrt_20260806_230540_813.png
20260806_230541_076,2026-08-06 23:05:41,True,339,88,18.26986629277701,42,0.45,0.8,0.2,0,0.5,10,9.5,10,rrt_20260806_230541_076.png
20260806_230542_845,2026-08-06 23:05:42,False,10000,127,0.0,0,0.45,0.8,0.2,0,0.5,10,9.5,10,rrt_20260806_230542_845.png
20260806_230543_059,2026-08-06 23:05:43,True,107,64,15.527925840756314,36,0.45,0.8,0.2,0,0.5,10,9.5,10,rrt_20260806_230543_059.png
20260806_230543_211,2026-08-06 23:05:43,True,205,73,16.200000000000003,37,0.45,0.8,0.2,0,0.5,10,9.5,10,rrt_20260806_230543_211.png
20260806_230543_398,2026-08-06 23:05:43,True,134,63,17.43085006387156,40,0.45,0.8,0.2,0,0.5,10,9.5,10,rrt_20260806_230543_398.png
20260806_230543_568,2026-08-06 23:05:43,True,390,78,16.199999999999996,37,0.45,0.8,0.2,0,0.5,10,9.5,10,rrt_20260806_230543_568.png
20260806_230543_793,2026-08-06 23:05:43,True,529,145,19.34999999999999,44,0.45,0.8,0.2,0,0.5,10,9.5,10,rrt_20260806_230543_793.png
20260806_230543_957,2026-08-06 23:05:43,True,94,60,14.807493337905754,34,0.45,0.8,0.2,0,0.5,10,9.5,10,rrt_20260806_230543_957.png
20260806_230544_109,2026-08-06 23:05:44,True,145,74,16.199999999999996,37,0.45,0.8,0.2,0,0.5,10,9.5,10,rrt_20260806_230544_109.png
20260806_230546_051,2026-08-06 23:05:46,False,10000,139,0.0,0,0.45,0.8,0.2,0,0.5,10,9.5,10,rrt_20260806_230546_051.png
20260806_230546_314,2026-08-06 23:05:46,True,209,70,17.52917638129876,40,0.45,0.8,0.2,0,0.5,10,9.5,10,rrt_20260806_230546_314.png
20260806_230546_515,2026-08-06 23:05:46,True,476,89,16.649999999999988,38,0.45,0.8,0.2,0,0.5,10,9.5,10,rrt_20260806_230546_515.png
20260806_230546_675,2026-08-06 23:05:46,True,139,62,16.431419999460676,38,0.45,0.8,0.2,0,0.5,10,9.5,10,rrt_20260806_230546_675.png
20260806_230548_252,2026-08-06 23:05:48,False,10000,113,0.0,0,0.45,0.8,0.2,0,0.5,10,9.5,10,rrt_20260806_230548_252.png
20260806_230548_532,2026-08-06 23:05:48,True,206,68,17.999999999999996,41,0.45,0.8,0.2,0,0.5,10,9.5,10,rrt_20260806_230548_532.png
20260806_230548_703,2026-08-06 23:05:48,True,114,60,17.549999999999994,40,0.45,0.8,0.2,0,0.5,10,9.5,10,rrt_20260806_230548_703.png
20260806_230548_867,2026-08-06 23:05:48,True,315,79,15.300000000000006,35,0.45,0.8,0.2,0,0.5,10,9.5,10,rrt_20260806_230548_867.png
20260806_230549_031,2026-08-06 23:05:49,True,298,67,16.200000000000003,37,0.45,0.8,0.2,0,0.5,10,9.5,10,rrt_20260806_230549_031.png
20260806_230549_194,2026-08-06 23:05:49,True,253,74,16.013694072125205,37,0.45,0.8,0.2,0,0.5,10,9.5,10,rrt_20260806_230549_194.png
20260806_230549_350,2026-08-06 23:05:49,True,184,71,15.749999999999996,36,0.45,0.8,0.2,0,0.5,10,9.5,10,rrt_20260806_230549_350.png
20260806_230549_534,2026-08-06 23:05:49,True,144,71,16.171842745479506,37,0.45,0.8,0.2,0,0.5,10,9.5,10,rrt_20260806_230549_534.png
20260806_230549_696,2026-08-06 23:05:49,True,258,71,16.200000000000003,37,0.45,0.8,0.2,0,0.5,10,9.5,10,rrt_20260806_230549_696.png
20260806_230550_688,2026-08-06 23:05:50,False,10000,53,0.0,0,0.45,0.8,0.2,0,0.5,10,9.5,10,rrt_20260806_230550_688.png
20260806_230550_942,2026-08-06 23:05:50,True,758,101,18.418422732632287,42,0.45,0.8,0.2,0,0.5,10,9.5,10,rrt_20260806_230550_942.png
20260806_230551_110,2026-08-06 23:05:51,True,144,60,16.169113763667013,37,0.45,0.8,0.2,0,0.5,10,9.5,10,rrt_20260806_230551_110.png
20260806_230552_854,2026-08-06 23:05:52,False,10000,124,0.0,0,0.45,0.8,0.2,0,0.5,10,9.5,10,rrt_20260806_230552_854.png
20260806_230553_152,2026-08-06 23:05:53,True,1045,99,19.24047573960543,44,0.45,0.8,0.2,0,0.5,10,9.5,10,rrt_20260806_230553_152.png
20260806_230553_314,2026-08-06 23:05:53,True,133,63,16.650000000000002,38,0.45,0.8,0.2,0,0.5,10,9.5,10,rrt_20260806_230553_314.png
20260806_230553_467,2026-08-06 23:05:53,True,195,63,16.200000000000003,37,0.45,0.8,0.2,0,0.5,10,9.5,10,rrt_20260806_230553_467.png
20260806_230553_648,2026-08-06 23:05:53,True,586,85,16.853809518898903,39,0.45,0.8,0.2,0,0.5,10,9.5,10,rrt_20260806_230553_648.png
20260806_230555_016,2026-08-06 23:05:55,False,10000,80,0.0,0,0.45,0.8,0.2,0,0.5,10,9.5,10,rrt_20260806_230555_016.png
20260806_230555_250,2026-08-06 23:05:55,True,200,89,15.72576539850439,36,0.45,0.8,0.2,0,0.5,10,9.5,10,rrt_20260806_230555_250.png
20260806_230555_440,2026-08-06 23:05:55,True,465,95,18.317559525815586,42,0.45,0.9,0.2,0,0.5,10,9.5,10,rrt_20260806_230555_440.png
20260806_230555_610,2026-08-06 23:05:55,True,228,76,16.649999999999995,38,0.45,0.9,0.2,0,0.5,10,9.5,10,rrt_20260806_230555_610.png
20260806_230555_765,2026-08-06 23:05:55,True,141,66,16.199999999999996,37,0.45,0.9,0.2,0,0.5,10,9.5,10,rrt_20260806_230555_765.png
20260806_230555_921,2026-08-06 23:05:55,True,180,77,16.88320098021077,39,0.45,0.9,0.2,0,0.5,10,9.5,10,rrt_20260806_230555_921.png
20260806_230556_103,2026-08-06 23:05:56,True,143,68,15.75,36,0.45,0.9,0.2,0,0.5,10,9.5,10,rrt_20260806_230556_103.png
20260806_230556_260,2026-08-06 23:05:56,True,146,73,15.300000000000008,35,0.45,0.9,0.2,0,0.5,10,9.5,10,rrt_20260806_230556_260.png
20260806_230556_411,2026-08-06 23:05:56,True,144,64,15.974403420904764,37,0.45,0.9,0.2,0,0.5,10,9.5,10,rrt_20260806_230556_411.png
20260806_230557_450,2026-08-06 23:05:57,False,10000,54,0.0,0,0.45,0.9,0.2,0,0.5,10,9.5,10,rrt_20260806_230557_450.png
20260806_230558_999,2026-08-06 23:05:58,False,10000,107,0.0,0,0.45,0.9,0.2,0,0.5,10,9.5,10,rrt_20260806_230558_999.png
20260806_230559_418,2026-08-06 23:05:59,True,1397,139,20.20281771323866,46,0.45,0.9,0.2,0,0.5,10,9.5,10,rrt_20260806_230559_418.png
20260806_230559_632,2026-08-06 23:05:59,True,560,84,17.786995512020393,41,0.45,0.9,0.2,0,0.5,10,9.5,10,rrt_20260806_230559_632.png
20260806_230601_348,2026-08-06 23:06:01,False,10000,111,0.0,0,0.45,0.9,0.2,0,0.5,10,9.5,10,rrt_20260806_230601_348.png
20260806_230601_584,2026-08-06 23:06:01,True,351,88,18.899999999999995,43,0.45,0.9,0.2,0,0.5,10,9.5,10,rrt_20260806_230601_584.png
20260806_230601_760,2026-08-06 23:06:01,True,270,68,17.09999999999999,39,0.45,0.9,0.2,0,0.5,10,9.5,10,rrt_20260806_230601_760.png
20260806_230601_959,2026-08-06 23:06:01,True,217,68,15.744655937747673,36,0.45,0.9,0.2,0,0.5,10,9.5,10,rrt_20260806_230601_959.png
20260806_230603_674,2026-08-06 23:06:03,False,10000,122,0.0,0,0.45,0.9,0.2,0,0.5,10,9.5,10,rrt_20260806_230603_674.png
20260806_230603_884,2026-08-06 23:06:03,True,159,63,16.51982396824966,38,0.45,0.9,0.2,0,0.5,10,9.5,10,rrt_20260806_230603_884.png
20260806_230604_114,2026-08-06 23:06:04,True,708,126,21.027624808297194,48,0.45,0.9,0.2,0,0.5,10,9.5,10,rrt_20260806_230604_114.png
20260806_230605_172,2026-08-06 23:06:05,False,10000,50,0.0,0,0.45,0.9,0.2,0,0.5,10,9.5,10,rrt_20260806_230605_172.png
20260806_230605_413,2026-08-06 23:06:05,True,606,97,19.288153965564454,44,0.45,0.9,0.2,0,0.5,10,9.5,10,rrt_20260806_230605_413.png
20260806_230605_604,2026-08-06 23:06:05,True,325,80,16.893841560763832,39,0.45,0.9,0.2,0,0.5,10,9.5,10,rrt_20260806_230605_604.png
20260806_230605_756,2026-08-06 23:06:05,True,131,73,16.05377581826865,37,0.45,0.9,0.2,0,0.5,10,9.5,10,rrt_20260806_230605_756.png
20260806_230607_741,2026-08-06 23:06:07,False,10000,148,0.0,0,0.45,0.9,0.2,0,0.5,10,9.5,10,rrt_20260806_230607_741.png
20260806_230608_989,2026-08-06 23:06:08,False,10000,72,0.0,0,0.45,0.9,0.2,0,0.5,10,9.5,10,rrt_20260806_230608_989.png
20260806_230609_198,2026-08-06 23:06:09,True,250,88,16.903149513627,39,0.45,0.9,0.2,0,0.5,10,9.5,10,rrt_20260806_230609_198.png
20260806_230609_419,2026-08-06 23:06:09,True,686,119,19.79999999999999,45,0.45,0.9,0.2,0,0.5,10,9.5,10,rrt_20260806_230609_419.png
20260806_230609_601,2026-08-06 23:06:09,True,188,78,17.54999999999999,40,0.45,0.9,0.2,0,0.5,10,9.5,10,rrt_20260806_230609_601.png
20260806_230609_796,2026-08-06 23:06:09,True,159,77,17.09999999999999,39,0.45,0.9,0.2,0,0.5,10,9.5,10,rrt_20260806_230609_796.png
20260806_230609_984,2026-08-06 23:06:09,True,132,72,17.82917890411979,41,0.45,0.9,0.2,0,0.5,10,9.5,10,rrt_20260806_230609_984.png
20260806_230610_141,2026-08-06 23:06:10,True,134,71,15.750000000000004,36,0.45,0.9,0.2,0,0.5,10,9.5,10,rrt_20260806_230610_141.png
20260806_230610_311,2026-08-06 23:06:10,True,308,84,16.477930529370994,38,0.45,0.9,0.2,0,0.5,10,9.5,10,rrt_20260806_230610_311.png
20260806_230610_485,2026-08-06 23:06:10,True,333,102,17.97899907760498,41,0.45,0.9,0.2,0,0.5,10,9.5,10,rrt_20260806_230610_485.png
20260806_230610_655,2026-08-06 23:06:10,True,280,74,17.099999999999998,39,0.45,0.9,0.2,0,0.5,10,9.5,10,rrt_20260806_230610_655.png
20260806_230610_842,2026-08-06 23:06:10,True,141,68,16.457719679473612,38,0.45,0.9,0.2,0,0.5,10,9.5,10,rrt_20260806_230610_842.png
20260806_230611_074,2026-08-06 23:06:11,True,383,68,16.65,38,0.45,0.9,0.2,0,0.5,10,9.5,10,rrt_20260806_230611_074.png
20260806_230611_234,2026-08-06 23:06:11,True,143,66,17.1,39,0.45,0.9,0.2,0,0.5,10,9.5,10,rrt_20260806_230611_234.png
20260806_230613_486,2026-08-06 23:06:13,False,10000,168,0.0,0,0.45,0.9,0.2,0,0.5,10,9.5,10,rrt_20260806_230613_486.png
20260806_230613_733,2026-08-06 23:06:13,True,212,80,17.549999999999994,40,0.45,0.9,0.2,0,0.5,10,9.5,10,rrt_20260806_230613_733.png
20260806_230613_913,2026-08-06 23:06:13,True,171,68,15.696037371334683,36,0.45,0.9,0.2,0,0.5,10,9.5,10,rrt_20260806_230613_913.png
20260806_230614_068,2026-08-06 23:06:14,True,180,79,17.435437577221233,40,0.45,0.9,0.2,0,0.5,10,9.5,10,rrt_20260806_230614_068.png
20260806_230615_375,2026-08-06 23:06:15,False,10000,79,0.0,0,0.45,0.9,0.2,0,0.5,10,9.5,10,rrt_20260806_230615_375.png
20260806_230615_795,2026-08-06 23:06:15,True,1252,135,17.1,39,0.45,0.9,0.2,0,0.5,10,9.5,10,rrt_20260806_230615_795.png
20260806_230616_016,2026-08-06 23:06:16,True,669,92,16.174417427380458,37,0.45,0.9,0.2,0,0.5,10,9.5,10,rrt_20260806_230616_016.png
20260806_230616_204,2026-08-06 23:06:16,True,324,113,17.892580945792876,41,0.45,0.9,0.2,0,0.5,10,9.5,10,rrt_20260806_230616_204.png
20260806_230616_422,2026-08-06 23:06:16,True,171,78,15.75,36,0.45,0.9,0.2,0,0.5,10,9.5,10,rrt_20260806_230616_422.png
20260806_230616_589,2026-08-06 23:06:16,True,268,92,16.54700572799932,38,0.45,0.9,0.2,0,0.5,10,9.5,10,rrt_20260806_230616_589.png
20260806_230616_747,2026-08-06 23:06:16,True,112,63,15.299999999999992,35,0.45,0.9,0.2,0,0.5,10,9.5,10,rrt_20260806_230616_747.png
20260806_230616_921,2026-08-06 23:06:16,True,377,92,18.449999999999996,42,0.45,0.9,0.2,0,0.5,10,9.5,10,rrt_20260806_230616_921.png
20260806_230618_238,2026-08-06 23:06:18,False,10000,78,0.0,0,0.45,0.9,0.2,0,0.5,10,9.5,10,rrt_20260806_230618_238.png
20260806_230619_979,2026-08-06 23:06:19,False,10000,111,0.0,0,0.45,0.9,0.2,0,0.5,10,9.5,10,rrt_20260806_230619_979.png
20260806_230620_229,2026-08-06 23:06:20,True,193,75,16.200000000000006,37,0.45,0.9,0.2,0,0.5,10,9.5,10,rrt_20260806_230620_229.png
20260806_230620_393,2026-08-06 23:06:20,True,138,74,15.957325529849337,37,0.45,0.9,0.2,0,0.5,10,9.5,10,rrt_20260806_230620_393.png
20260806_230622_428,2026-08-06 23:06:22,False,10000,153,0.0,0,0.45,0.9,0.2,0,0.5,10,9.5,10,rrt_20260806_230622_428.png
20260806_230622_664,2026-08-06 23:06:22,True,164,73,16.650000000000006,38,0.45,0.9,0.2,0,0.5,10,9.5,10,rrt_20260806_230622_664.png
20260806_230622_862,2026-08-06 23:06:22,True,295,91,16.65,38,0.45,0.9,0.2,0,0.5,10,9.5,10,rrt_20260806_230622_862.png
20260806_230623_027,2026-08-06 23:06:23,True,223,76,17.817963737943362,41,0.45,0.9,0.2,0,0.5,10,9.5,10,rrt_20260806_230623_027.png
20260806_230623_185,2026-08-06 23:06:23,True,151,73,15.750000000000005,36,0.45,0.9,0.2,0,0.5,10,9.5,10,rrt_20260806_230623_185.png
20260806_230623_347,2026-08-06 23:06:23,True,251,87,17.31807754831429,40,0.45,0.9,0.2,0,0.5,10,9.5,10,rrt_20260806_230623_347.png
20260806_230623_512,2026-08-06 23:06:23,True,246,82,16.93951240749718,39,0.45,0.9,0.2,0,0.5,10,9.5,10,rrt_20260806_230623_512.png
20260806_230625_005,2026-08-06 23:06:25,False,10000,93,0.0,0,0.45,0.9,0.2,0,0.5,10,9.5,10,rrt_20260806_230625_005.png
20260806_230626_091,2026-08-06 23:06:26,False,10000,54,0.0,0,0.45,0.9,0.2,0,0.5,10,9.5,10,rrt_20260806_230626_091.png
20260806_230626_283,2026-08-06 23:06:26,True,135,69,17.099999999999994,39,0.45,0.9,0.2,0,0.5,10,9.5,10,rrt_20260806_230626_283.png
20260806_230626_449,2026-08-06 23:06:26,True,204,81,18.450000000000006,42,0.45,0.9,0.2,0,0.5,10,9.5,10,rrt_20260806_230626_449.png
20260806_230626_603,2026-08-06 23:06:26,True,145,72,16.896954464143825,39,0.45,0.9,0.2,0,0.5,10,9.5,10,rrt_20260806_230626_603.png
20260806_230626_764,2026-08-06 23:06:26,True,176,78,15.95908097517932,37,0.45,0.9,0.2,0,0.5,10,9.5,10,rrt_20260806_230626_764.png
20260806_230628_264,2026-08-06 23:06:28,False,10000,93,0.0,0,0.45,0.9,0.2,0,0.5,10,9.5,10,rrt_20260806_230628_264.png
20260806_230628_467,2026-08-06 23:06:28,True,110,57,15.75,36,0.45,0.9,0.2,0,0.5,10,9.5,10,rrt_20260806_230628_467.png
20260806_230630_371,2026-08-06 23:06:30,False,10000,138,0.0,0,0.45,0.9,0.2,0,0.5,10,9.5,10,rrt_20260806_230630_371.png
20260806_230630_715,2026-08-06 23:06:30,True,1259,101,18.318621803966582,42,0.45,0.9,0.2,0,0.5,10,9.5,10,rrt_20260806_230630_715.png
20260806_230630_916,2026-08-06 23:06:30,True,181,94,15.535253069545924,36,0.45,0.9,0.2,0,0.5,10,9.5,10,rrt_20260806_230630_916.png
20260806_230631_082,2026-08-06 23:06:31,True,164,72,17.099999999999994,39,0.45,0.9,0.2,0,0.5,10,9.5,10,rrt_20260806_230631_082.png
20260806_230631_260,2026-08-06 23:06:31,True,254,111,15.570688911637653,36,0.45,0.9,0.2,0,0.5,10,9.5,10,rrt_20260806_230631_260.png
20260806_230631_448,2026-08-06 23:06:31,True,363,90,17.099999999999994,39,0.45,0.9,0.2,0,0.5,10,9.5,10,rrt_20260806_230631_448.png
20260806_230631_618,2026-08-06 23:06:31,True,274,86,17.999999999999996,41,0.45,0.9,0.2,0,0.5,10,9.5,10,rrt_20260806_230631_618.png
20260806_230631_838,2026-08-06 23:06:31,True,520,86,17.09999999999999,39,0.45,0.9,0.2,0,0.5,10,9.5,10,rrt_20260806_230631_838.png
20260806_230633_839,2026-08-06 23:06:33,False,10000,146,0.0,0,0.45,0.9,0.2,0,0.5,10,9.5,10,rrt_20260806_230633_839.png
20260806_230634_060,2026-08-06 23:06:34,True,158,68,15.750000000000002,36,0.45,0.9,0.2,0,0.5,10,9.5,10,rrt_20260806_230634_060.png
20260806_230634_215,2026-08-06 23:06:34,True,122,70,16.123186155593633,37,0.45,0.9,0.2,0,0.5,10,9.5,10,rrt_20260806_230634_215.png
20260806_230634_371,2026-08-06 23:06:34,True,156,72,16.457480476470614,38,0.45,0.9,0.2,0,0.5,10,9.5,10,rrt_20260806_230634_371.png
20260806_230635_408,2026-08-06 23:06:35,False,10000,48,0.0,0,0.45,0.9,0.2,0,0.5,10,9.5,10,rrt_20260806_230635_408.png
20260806_230635_616,2026-08-06 23:06:35,True,165,77,16.199999999999996,37,0.45,0.9,0.2,0,0.5,10,9.5,10,rrt_20260806_230635_616.png
20260806_230637_154,2026-08-06 23:06:37,False,10000,96,0.0,0,0.45,0.9,0.2,0,0.5,10,9.5,10,rrt_20260806_230637_154.png
20260806_230637_366,2026-08-06 23:06:37,True,158,77,15.167903132407645,35,0.45,0.9,0.2,0,0.5,10,9.5,10,rrt_20260806_230637_366.png
20260806_230637_531,2026-08-06 23:06:37,True,177,71,16.64999999999999,38,0.45,0.9,0.2,0,0.5,10,9.5,10,rrt_20260806_230637_531.png
20260806_230638_713,2026-08-06 23:06:38,False,10000,64,0.0,0,0.45,0.9,0.2,0,0.5,10,9.5,10,rrt_20260806_230638_713.png
20260806_230638_990,2026-08-06 23:06:38,True,892,97,20.249999999999993,46,0.45,0.9,0.2,0,0.5,10,9.5,10,rrt_20260806_230638_990.png
20260806_230639_151,2026-08-06 23:06:39,True,160,71,16.856465997442807,39,0.45,0.9,0.2,0,0.5,10,9.5,10,rrt_20260806_230639_151.png
20260806_230639_317,2026-08-06 23:06:39,True,216,87,15.29999999999999,35,0.45,0.9,0.2,0,0.5,10,9.5,10,rrt_20260806_230639_317.png
20260806_230639_494,2026-08-06 23:06:39,True,345,62,17.061449317404165,39,0.45,0.9,0.2,0,0.5,10,9.5,10,rrt_20260806_230639_494.png
20260806_230641_282,2026-08-06 23:06:41,False,10000,124,0.0,0,0.45,0.9,0.2,0,0.5,10,9.5,10,rrt_20260806_230641_282.png
20260806_230643_032,2026-08-06 23:06:43,False,10000,121,0.0,0,0.45,0.9,0.2,0,0.5,10,9.5,10,rrt_20260806_230643_032.png
20260806_230643_245,2026-08-06 23:06:43,True,169,67,15.749999999999995,36,0.45,0.9,0.2,0,0.5,10,9.5,10,rrt_20260806_230643_245.png
20260806_230644_968,2026-08-06 23:06:44,False,10000,123,0.0,0,0.45,0.9,0.2,0,0.5,10,9.5,10,rrt_20260806_230644_968.png
20260806_230645_262,2026-08-06 23:06:45,True,269,87,15.749999999999996,36,0.45,0.9,0.2,0,0.5,10,9.5,10,rrt_20260806_230645_262.png
20260806_230645_465,2026-08-06 23:06:45,True,189,83,16.538730828233035,38,0.45,0.9,0.2,0,0.5,10,9.5,10,rrt_20260806_230645_465.png
20260806_230647_689,2026-08-06 23:06:47,False,10000,168,0.0,0,0.45,0.9,0.2,0,0.5,10,9.5,10,rrt_20260806_230647_689.png
20260806_230649_225,2026-08-06 23:06:49,False,10000,97,0.0,0,0.45,0.9,0.2,0,0.5,10,9.5,10,rrt_20260806_230649_225.png
20260806_230650_462,2026-08-06 23:06:50,False,10000,65,0.0,0,0.45,0.9,0.2,0,0.5,10,9.5,10,rrt_20260806_230650_462.png
20260806_230650_676,2026-08-06 23:06:50,True,204,74,16.49252999485032,38,0.45,0.9,0.2,0,0.5,10,9.5,10,rrt_20260806_230650_676.png
20260806_230650_832,2026-08-06 23:06:50,True,155,67,17.549999999999997,40,0.45,0.9,0.2,0,0.5,10,9.5,10,rrt_20260806_230650_832.png
20260806_230652_555,2026-08-06 23:06:52,False,10000,118,0.0,0,0.45,1.0,0.2,0,0.5,10,9.5,10,rrt_20260806_230652_555.png
20260806_230654_780,2026-08-06 23:06:54,False,10000,160,0.0,0,0.45,1.0,0.2,0,0.5,10,9.5,10,rrt_20260806_230654_780.png
20260806_230656_525,2026-08-06 23:06:56,False,10000,109,0.0,0,0.45,1.0,0.2,0,0.5,10,9.5,10,rrt_20260806_230656_525.png
20260806_230658_979,2026-08-06 23:06:58,False,10000,186,0.0,0,0.45,1.0,0.2,0,0.5,10,9.5,10,rrt_20260806_230658_979.png
20260806_230659_300,2026-08-06 23:06:59,True,819,97,18.44999999999999,42,0.45,1.0,0.2,0,0.5,10,9.5,10,rrt_20260806_230659_300.png
20260806_230701_364,2026-08-06 23:07:01,False,10000,150,0.0,0,0.45,1.0,0.2,0,0.5,10,9.5,10,rrt_20260806_230701_364.png
20260806_230701_661,2026-08-06 23:07:01,True,639,127,19.349999999999987,44,0.45,1.0,0.2,0,0.5,10,9.5,10,rrt_20260806_230701_661.png
20260806_230703_971,2026-08-06 23:07:03,False,10000,178,0.0,0,0.45,1.0,0.2,0,0.5,10,9.5,10,rrt_20260806_230703_971.png
20260806_230706_105,2026-08-06 23:07:06,False,10000,147,0.0,0,0.45,1.0,0.2,0,0.5,10,9.5,10,rrt_20260806_230706_105.png
20260806_230707_957,2026-08-06 23:07:07,False,10000,127,0.0,0,0.45,1.0,0.2,0,0.5,10,9.5,10,rrt_20260806_230707_957.png
20260806_230709_788,2026-08-06 23:07:09,False,10000,122,0.0,0,0.45,1.0,0.2,0,0.5,10,9.5,10,rrt_20260806_230709_788.png
20260806_230710_952,2026-08-06 23:07:10,False,10000,56,0.0,0,0.45,1.0,0.2,0,0.5,10,9.5,10,rrt_20260806_230710_952.png
20260806_230712_709,2026-08-06 23:07:12,False,10000,115,0.0,0,0.45,1.0,0.2,0,0.5,10,9.5,10,rrt_20260806_230712_709.png
20260806_230714_652,2026-08-06 23:07:14,False,10000,135,0.0,0,0.45,1.0,0.2,0,0.5,10,9.5,10,rrt_20260806_230714_652.png
20260806_230716_743,2026-08-06 23:07:16,False,10000,148,0.0,0,0.45,1.0,0.2,0,0.5,10,9.5,10,rrt_20260806_230716_743.png
20260806_230718_066,2026-08-06 23:07:18,False,10000,62,0.0,0,0.45,1.0,0.2,0,0.5,10,9.5,10,rrt_20260806_230718_066.png
20260806_230718_322,2026-08-06 23:07:18,True,456,153,17.999999999999996,41,0.45,1.0,0.2,0,0.5,10,9.5,10,rrt_20260806_230718_322.png
20260806_230719_958,2026-08-06 23:07:19,False,10000,111,0.0,0,0.45,1.0,0.2,0,0.5,10,9.5,10,rrt_20260806_230719_958.png
20260806_230720_292,2026-08-06 23:07:20,True,797,152,19.34999999999999,44,0.45,1.0,0.2,0,0.5,10,9.5,10,rrt_20260806_230720_292.png
20260806_230721_811,2026-08-06 23:07:21,False,10000,95,0.0,0,0.45,1.0,0.2,0,0.5,10,9.5,10,rrt_20260806_230721_811.png
20260806_230722_089,2026-08-06 23:07:22,True,662,115,18.449999999999996,42,0.45,1.0,0.2,0,0.5,10,9.5,10,rrt_20260806_230722_089.png
20260806_230724_370,2026-08-06 23:07:24,False,10000,177,0.0,0,0.45,1.0,0.2,0,0.5,10,9.5,10,rrt_20260806_230724_370.png
20260806_230726_323,2026-08-06 23:07:26,False,10000,131,0.0,0,0.45,1.0,0.2,0,0.5,10,9.5,10,rrt_20260806_230726_323.png
20260806_230726_650,2026-08-06 23:07:26,True,663,133,18.449999999999992,42,0.45,1.0,0.2,0,0.5,10,9.5,10,rrt_20260806_230726_650.png
20260806_230728_962,2026-08-06 23:07:28,False,10000,175,0.0,0,0.45,1.0,0.2,0,0.5,10,9.5,10,rrt_20260806_230728_962.png
20260806_230731_629,2026-08-06 23:07:31,False,10000,198,0.0,0,0.45,1.0,0.2,0,0.5,10,9.5,10,rrt_20260806_230731_629.png
20260806_230731_957,2026-08-06 23:07:31,True,385,110,17.100000000000005,39,0.45,1.0,0.2,0,0.5,10,9.5,10,rrt_20260806_230731_957.png
20260806_230733_975,2026-08-06 23:07:33,False,10000,147,0.0,0,0.45,1.0,0.2,0,0.5,10,9.5,10,rrt_20260806_230733_975.png
20260806_230734_261,2026-08-06 23:07:34,True,760,96,17.099999999999994,39,0.45,1.0,0.2,0,0.5,10,9.5,10,rrt_20260806_230734_261.png
20260806_230735_279,2026-08-06 23:07:35,False,10000,56,0.0,0,0.45,1.0,0.2,0,0.5,10,9.5,10,rrt_20260806_230735_279.png
20260806_230735_555,2026-08-06 23:07:35,True,441,123,16.649999999999995,38,0.45,1.0,0.2,0,0.5,10,9.5,10,rrt_20260806_230735_555.png
20260806_230738_040,2026-08-06 23:07:38,False,10000,191,0.0,0,0.45,1.0,0.2,0,0.5,10,9.5,10,rrt_20260806_230738_040.png
20260806_230738_400,2026-08-06 23:07:38,True,968,142,18.89999999999999,43,0.45,1.0,0.2,0,0.5,10,9.5,10,rrt_20260806_230738_400.png
20260806_230740_481,2026-08-06 23:07:40,False,10000,152,0.0,0,0.45,1.0,0.2,0,0.5,10,9.5,10,rrt_20260806_230740_481.png
20260806_230742_696,2026-08-06 23:07:42,False,10000,160,0.0,0,0.45,1.0,0.2,0,0.5,10,9.5,10,rrt_20260806_230742_696.png
20260806_230743_042,2026-08-06 23:07:43,True,646,137,17.99999999999999,41,0.45,1.0,0.2,0,0.5,10,9.5,10,rrt_20260806_230743_042.png
20260806_230744_019,2026-08-06 23:07:44,False,10000,54,0.0,0,0.45,1.0,0.2,0,0.5,10,9.5,10,rrt_20260806_230744_019.png
20260806_230746_425,2026-08-06 23:07:46,False,10000,180,0.0,0,0.45,1.0,0.2,0,0.5,10,9.5,10,rrt_20260806_230746_425.png
20260806_230748_117,2026-08-06 23:07:48,False,10000,105,0.0,0,0.45,1.0,0.2,0,0.5,10,9.5,10,rrt_20260806_230748_117.png
20260806_230749_847,2026-08-06 23:07:49,False,10000,116,0.0,0,0.45,1.0,0.2,0,0.5,10,9.5,10,rrt_20260806_230749_847.png
20260806_230750_179,2026-08-06 23:07:50,True,552,141,17.099999999999998,39,0.45,1.0,0.2,0,0.5,10,9.5,10,rrt_20260806_230750_179.png
20260806_230752_590,2026-08-06 23:07:52,False,10000,184,0.0,0,0.45,1.0,0.2,0,0.5,10,9.5,10,rrt_20260806_230752_590.png
20260806_230754_883,2026-08-06 23:07:54,False,10000,170,0.0,0,0.45,1.0,0.2,0,0.5,10,9.5,10,rrt_20260806_230754_883.png
20260806_230755_888,2026-08-06 23:07:55,False,10000,49,0.0,0,0.45,1.0,0.2,0,0.5,10,9.5,10,rrt_20260806_230755_888.png
20260806_230757_769,2026-08-06 23:07:57,False,10000,127,0.0,0,0.45,1.0,0.2,0,0.5,10,9.5,10,rrt_20260806_230757_769.png
20260806_230759_571,2026-08-06 23:07:59,False,10000,119,0.0,0,0.45,1.0,0.2,0,0.5,10,9.5,10,rrt_20260806_230759_571.png
20260806_230801_511,2026-08-06 23:08:01,False,10000,140,0.0,0,0.45,1.0,0.2,0,0.5,10,9.5,10,rrt_20260806_230801_511.png
20260806_230803_103,2026-08-06 23:08:03,False,10000,102,0.0,0,0.45,1.0,0.2,0,0.5,10,9.5,10,rrt_20260806_230803_103.png
20260806_230804_717,2026-08-06 23:08:04,False,10000,104,0.0,0,0.45,1.0,0.2,0,0.5,10,9.5,10,rrt_20260806_230804_717.png
20260806_230806_840,2026-08-06 23:08:06,False,10000,156,0.0,0,0.45,1.0,0.2,0,0.5,10,9.5,10,rrt_20260806_230806_840.png
20260806_230808_894,2026-08-06 23:08:08,False,10000,146,0.0,0,0.45,1.0,0.2,0,0.5,10,9.5,10,rrt_20260806_230808_894.png
20260806_230810_807,2026-08-06 23:08:10,False,10000,121,0.0,0,0.45,1.0,0.2,0,0.5,10,9.5,10,rrt_20260806_230810_807.png
20260806_230813_069,2026-08-06 23:08:13,False,10000,169,0.0,0,0.45,1.0,0.2,0,0.5,10,9.5,10,rrt_20260806_230813_069.png
20260806_230815_058,2026-08-06 23:08:15,False,10000,140,0.0,0,0.45,1.0,0.2,0,0.5,10,9.5,10,rrt_20260806_230815_058.png
20260806_230817_557,2026-08-06 23:08:17,False,10000,171,0.0,0,0.45,1.0,0.2,0,0.5,10,9.5,10,rrt_20260806_230817_557.png
20260806_230820_203,2026-08-06 23:08:20,False,10000,200,0.0,0,0.45,1.0,0.2,0,0.5,10,9.5,10,rrt_20260806_230820_203.png
20260806_230822_487,2026-08-06 23:08:22,False,10000,173,0.0,0,0.45,1.0,0.2,0,0.5,10,9.5,10,rrt_20260806_230822_487.png
20260806_230824_952,2026-08-06 23:08:24,False,10000,184,0.0,0,0.45,1.0,0.2,0,0.5,10,9.5,10,rrt_20260806_230824_952.png
20260806_230825_207,2026-08-06 23:08:25,True,350,107,17.100000000000005,39,0.45,1.0,0.2,0,0.5,10,9.5,10,rrt_20260806_230825_207.png
20260806_230827_104,2026-08-06 23:08:27,False,10000,139,0.0,0,0.45,1.0,0.2,0,0.5,10,9.5,10,rrt_20260806_230827_104.png
20260806_230829_336,2026-08-06 23:08:29,False,10000,162,0.0,0,0.45,1.0,0.2,0,0.5,10,9.5,10,rrt_20260806_230829_336.png
20260806_230831_393,2026-08-06 23:08:31,False,10000,142,0.0,0,0.45,1.0,0.2,0,0.5,10,9.5,10,rrt_20260806_230831_393.png
20260806_230831_719,2026-08-06 23:08:31,True,805,145,19.34999999999999,44,0.45,1.0,0.2,0,0.5,10,9.5,10,rrt_20260806_230831_719.png
20260806_230833_928,2026-08-06 23:08:33,False,10000,179,0.0,0,0.45,1.0,0.2,0,0.5,10,9.5,10,rrt_20260806_230833_928.png
20260806_230836_627,2026-08-06 23:08:36,False,10000,208,0.0,0,0.45,1.0,0.2,0,0.5,10,9.5,10,rrt_20260806_230836_627.png
20260806_230839_094,2026-08-06 23:08:39,False,10000,184,0.0,0,0.45,1.0,0.2,0,0.5,10,9.5,10,rrt_20260806_230839_094.png
20260806_230841_722,2026-08-06 23:08:41,False,10000,201,0.0,0,0.45,1.0,0.2,0,0.5,10,9.5,10,rrt_20260806_230841_722.png
20260806_230843_370,2026-08-06 23:08:43,False,10000,107,0.0,0,0.45,1.0,0.2,0,0.5,10,9.5,10,rrt_20260806_230843_370.png
20260806_230845_670,2026-08-06 23:08:45,False,10000,166,0.0,0,0.45,1.0,0.2,0,0.5,10,9.5,10,rrt_20260806_230845_670.png
20260806_230846_003,2026-08-06 23:08:46,True,784,107,19.79999999999999,45,0.45,1.0,0.2,0,0.5,10,9.5,10,rrt_20260806_230846_003.png
20260806_230848_006,2026-08-06 23:08:48,False,10000,143,0.0,0,0.45,1.0,0.2,0,0.5,10,9.5,10,rrt_20260806_230848_006.png
20260806_230849_981,2026-08-06 23:08:49,False,10000,139,0.0,0,0.45,1.0,0.2,0,0.5,10,9.5,10,rrt_20260806_230849_981.png
20260806_230851_854,2026-08-06 23:08:51,False,10000,127,0.0,0,0.45,1.0,0.2,0,0.5,10,9.5,10,rrt_20260806_230851_854.png
20260806_230852_187,2026-08-06 23:08:52,True,497,105,17.549999999999997,40,0.45,1.0,0.2,0,0.5,10,9.5,10,rrt_20260806_230852_187.png
20260806_230854_126,2026-08-06 23:08:54,False,10000,141,0.0,0,0.45,1.0,0.2,0,0.5,10,9.5,10,rrt_20260806_230854_126.png
20260806_230856_768,2026-08-06 23:08:56,False,10000,202,0.0,0,0.45,1.0,0.2,0,0.5,10,9.5,10,rrt_20260806_230856_768.png
20260806_230858_757,2026-08-06 23:08:58,False,10000,140,0.0,0,0.45,1.0,0.2,0,0.5,10,9.5,10,rrt_20260806_230858_757.png
20260806_230901_091,2026-08-06 23:09:01,False,10000,176,0.0,0,0.45,1.0,0.2,0,0.5,10,9.5,10,rrt_20260806_230901_091.png
20260806_230902_737,2026-08-06 23:09:02,False,10000,102,0.0,0,0.45,1.0,0.2,0,0.5,10,9.5,10,rrt_20260806_230902_737.png
20260806_230904_410,2026-08-06 23:09:04,False,10000,102,0.0,0,0.45,1.0,0.2,0,0.5,10,9.5,10,rrt_20260806_230904_410.png
20260806_230904_699,2026-08-06 23:09:04,True,627,147,16.65,38,0.45,1.0,0.2,0,0.5,10,9.5,10,rrt_20260806_230904_699.png
20260806_230906_715,2026-08-06 23:09:06,False,10000,147,0.0,0,0.45,1.0,0.2,0,0.5,10,9.5,10,rrt_20260806_230906_715.png
20260806_230909_049,2026-08-06 23:09:09,False,10000,173,0.0,0,0.45,1.0,0.2,0,0.5,10,9.5,10,rrt_20260806_230909_049.png
20260806_230910_817,2026-08-06 23:09:10,False,10000,113,0.0,0,0.45,1.0,0.2,0,0.5,10,9.5,10,rrt_20260806_230910_817.png
20260806_230913_101,2026-08-06 23:09:13,False,10000,168,0.0,0,0.45,1.0,0.2,0,0.5,10,9.5,10,rrt_20260806_230913_101.png
20260806_230915_438,2026-08-06 23:09:15,False,10000,170,0.0,0,0.45,1.0,0.2,0,0.5,10,9.5,10,rrt_20260806_230915_438.png
20260806_230917_362,2026-08-06 23:09:17,False,10000,113,0.0,0,0.45,1.0,0.2,0,0.5,10,9.5,10,rrt_20260806_230917_362.png
20260806_230919_408,2026-08-06 23:09:19,False,10000,146,0.0,0,0.45,1.0,0.2,0,0.5,10,9.5,10,rrt_20260806_230919_408.png
20260806_230919_675,2026-08-06 23:09:19,True,455,119,18.44999999999999,42,0.45,1.0,0.2,0,0.5,10,9.5,10,rrt_20260806_230919_675.png
20260806_230921_759,2026-08-06 23:09:21,False,10000,154,0.0,0,0.45,1.0,0.2,0,0.5,10,9.5,10,rrt_20260806_230921_759.png
20260806_230924_271,2026-08-06 23:09:24,False,10000,194,0.0,0,0.45,1.0,0.2,0,0.5,10,9.5,10,rrt_20260806_230924_271.png
20260806_230924_584,2026-08-06 23:09:24,True,606,149,17.549999999999994,40,0.45,1.0,0.2,0,0.5,10,9.5,10,rrt_20260806_230924_584.png
20260806_230924_821,2026-08-06 23:09:24,True,582,107,18.449999999999996,42,0.45,1.0,0.2,0,0.5,10,9.5,10,rrt_20260806_230924_821.png
20260806_230926_431,2026-08-06 23:09:26,False,10000,104,0.0,0,0.45,1.0,0.2,0,0.5,10,9.5,10,rrt_20260806_230926_431.png
20260806_230928_918,2026-08-06 23:09:28,False,10000,186,0.0,0,0.45,1.0,0.2,0,0.5,10,9.5,10,rrt_20260806_230928_918.png
20260806_230931_460,2026-08-06 23:09:31,False,10000,180,0.0,0,0.45,1.0,0.2,0,0.5,10,9.5,10,rrt_20260806_230931_460.png
20260806_230933_784,2026-08-06 23:09:33,False,10000,167,0.0,0,0.45,1.0,0.2,0,0.5,10,9.5,10,rrt_20260806_230933_784.png
20260806_230934_049,2026-08-06 23:09:34,True,528,101,15.750000000000004,36,0.45,1.0,0.2,0,0.5,10,9.5,10,rrt_20260806_230934_049.png
20260806_230936_496,2026-08-06 23:09:36,False,10000,153,0.0,0,0.45,1.0,0.2,0,0.5,10,9.5,10,rrt_20260806_230936_496.png
20260806_230938_312,2026-08-06 23:09:38,False,10000,118,0.0,0,0.45,1.0,0.2,0,0.5,10,9.5,10,rrt_20260806_230938_312.png
20260806_230939_860,2026-08-06 23:09:39,False,10000,132,0.0,0,0.48,0.1,0.2,0,0.5,10,9.5,10,rrt_20260806_230939_860.png
20260806_230940_140,2026-08-06 23:09:40,True,1335,56,15.360000000000007,33,0.48,0.1,0.2,0,0.5,10,9.5,10,rrt_20260806_230940_140.png
20260806_230940_330,2026-08-06 23:09:40,True,395,41,15.36,33,0.48,0.1,0.2,0,0.5,10,9.5,10,rrt_20260806_230940_330.png
20260806_230940_546,2026-08-06 23:09:40,True,1162,62,17.21510736435898,37,0.48,0.1,0.2,0,0.5,10,9.5,10,rrt_20260806_230940_546.png
20260806_230941_675,2026-08-06 23:09:41,False,10000,56,0.0,0,0.48,0.1,0.2,0,0.5,10,9.5,10,rrt_20260806_230941_675.png
20260806_230942_659,2026-08-06 23:09:42,False,10000,70,0.0,0,0.48,0.1,0.2,0,0.5,10,9.5,10,rrt_20260806_230942_659.png
20260806_230942_858,2026-08-06 23:09:42,True,270,38,15.36,33,0.48,0.1,0.2,0,0.5,10,9.5,10,rrt_20260806_230942_858.png
20260806_230943_039,2026-08-06 23:09:43,True,686,49,15.360000000000007,33,0.48,0.1,0.2,0,0.5,10,9.5,10,rrt_20260806_230943_039.png
20260806_230943_526,2026-08-06 23:09:43,True,4056,68,15.36,33,0.48,0.1,0.2,0,0.5,10,9.5,10,rrt_20260806_230943_526.png
20260806_230943_727,2026-08-06 23:09:43,True,527,48,14.831312248067674,32,0.48,0.1,0.2,0,0.5,10,9.5,10,rrt_20260806_230943_727.png
20260806_230943_996,2026-08-06 23:09:43,True,1632,52,14.880000000000004,32,0.48,0.1,0.2,0,0.5,10,9.5,10,rrt_20260806_230943_996.png
20260806_230944_152,2026-08-06 23:09:44,True,166,35,15.359999999999998,33,0.48,0.1,0.2,0,0.5,10,9.5,10,rrt_20260806_230944_152.png
20260806_230944_347,2026-08-06 23:09:44,True,1100,57,16.183187087638494,35,0.48,0.1,0.2,0,0.5,10,9.5,10,rrt_20260806_230944_347.png
20260806_230944_689,2026-08-06 23:09:44,True,1837,59,15.323141316848211,33,0.48,0.1,0.2,0,0.5,10,9.5,10,rrt_20260806_230944_689.png
20260806_230945_773,2026-08-06 23:09:45,False,10000,49,0.0,0,0.48,0.1,0.2,0,0.5,10,9.5,10,rrt_20260806_230945_773.png
20260806_230946_018,2026-08-06 23:09:46,True,897,59,17.553939883586636,38,0.48,0.1,0.2,0,0.5,10,9.5,10,rrt_20260806_230946_018.png
20260806_230946_566,2026-08-06 23:09:46,True,3954,78,19.68000000000001,42,0.48,0.1,0.2,0,0.5,10,9.5,10,rrt_20260806_230946_566.png
20260806_230946_849,2026-08-06 23:09:46,True,1371,67,18.240000000000006,39,0.48,0.1,0.2,0,0.5,10,9.5,10,rrt_20260806_230946_849.png
20260806_230948_332,2026-08-06 23:09:48,False,10000,134,0.0,0,0.48,0.1,0.2,0,0.5,10,9.5,10,rrt_20260806_230948_332.png
20260806_230949_419,2026-08-06 23:09:49,False,10000,51,0.0,0,0.48,0.1,0.2,0,0.5,10,9.5,10,rrt_20260806_230949_419.png
20260806_230950_913,2026-08-06 23:09:50,False,10000,119,0.0,0,0.48,0.1,0.2,0,0.5,10,9.5,10,rrt_20260806_230950_913.png
20260806_230951_131,2026-08-06 23:09:51,True,662,46,14.757240787397796,32,0.48,0.1,0.2,0,0.5,10,9.5,10,rrt_20260806_230951_131.png
20260806_230952_060,2026-08-06 23:09:52,False,10000,60,0.0,0,0.48,0.1,0.2,0,0.5,10,9.5,10,rrt_20260806_230952_060.png
20260806_230953_204,2026-08-06 23:09:53,False,10000,57,0.0,0,0.48,0.1,0.2,0,0.5,10,9.5,10,rrt_20260806_230953_204.png
20260806_230953_490,2026-08-06 23:09:53,True,1370,59,16.05604189753591,35,0.48,0.1,0.2,0,0.5,10,9.5,10,rrt_20260806_230953_490.png
20260806_230953_707,2026-08-06 23:09:53,True,530,45,15.840000000000002,34,0.48,0.1,0.2,0,0.5,10,9.5,10,rrt_20260806_230953_707.png
20260806_230953_869,2026-08-06 23:09:53,True,335,43,15.094994211872239,33,0.48,0.1,0.2,0,0.5,10,9.5,10,rrt_20260806_230953_869.png
20260806_230954_038,2026-08-06 23:09:54,True,695,53,15.283013526744897,33,0.48,0.1,0.2,0,0.5,10,9.5,10,rrt_20260806_230954_038.png
20260806_230954_189,2026-08-06 23:09:54,True,248,39,14.845059305077836,32,0.48,0.1,0.2,0,0.5,10,9.5,10,rrt_20260806_230954_189.png
20260806_230954_342,2026-08-06 23:09:54,True,350,39,15.360000000000007,33,0.48,0.1,0.2,0,0.5,10,9.5,10,rrt_20260806_230954_342.png
20260806_230954_627,2026-08-06 23:09:54,True,2022,61,15.359999999999996,33,0.48,0.1,0.2,0,0.5,10,9.5,10,rrt_20260806_230954_627.png
20260806_230954_849,2026-08-06 23:09:54,True,552,40,14.880000000000006,32,0.48,0.1,0.2,0,0.5,10,9.5,10,rrt_20260806_230954_849.png
20260806_230956_074,2026-08-06 23:09:56,False,10000,109,0.0,0,0.48,0.1,0.2,0,0.5,10,9.5,10,rrt_20260806_230956_074.png
20260806_230957_581,2026-08-06 23:09:57,False,10000,114,0.0,0,0.48,0.1,0.2,0,0.5,10,9.5,10,rrt_20260806_230957_581.png
20260806_230957_825,2026-08-06 23:09:57,True,751,48,16.30104534412772,35,0.48,0.1,0.2,0,0.5,10,9.5,10,rrt_20260806_230957_825.png
20260806_230957_985,2026-08-06 23:09:57,True,431,44,15.263220360705816,33,0.48,0.1,0.2,0,0.5,10,9.5,10,rrt_20260806_230957_985.png
20260806_230958_264,2026-08-06 23:09:58,True,1874,66,15.700506150886527,34,0.48,0.1,0.2,0,0.5,10,9.5,10,rrt_20260806_230958_264.png
20260806_230958_533,2026-08-06 23:09:58,True,1681,62,17.983073606329945,39,0.48,0.1,0.2,0,0.5,10,9.5,10,rrt_20260806_230958_533.png
20260806_230958_705,2026-08-06 23:09:58,True,550,49,15.84,34,0.48,0.1,0.2,0,0.5,10,9.5,10,rrt_20260806_230958_705.png
20260806_230959_729,2026-08-06 23:09:59,False,10000,50,0.0,0,0.48,0.1,0.2,0,0.5,10,9.5,10,rrt_20260806_230959_729.png
20260806_230959_964,2026-08-06 23:09:59,True,642,45,15.65255845089459,34,0.48,0.1,0.2,0,0.5,10,9.5,10,rrt_20260806_230959_964.png
20260806_231000_142,2026-08-06 23:10:00,True,656,45,15.27941795018371,33,0.48,0.1,0.2,0,0.5,10,9.5,10,rrt_20260806_231000_142.png
20260806_231000_335,2026-08-06 23:10:00,True,553,44,14.880000000000006,32,0.48,0.1,0.2,0,0.5,10,9.5,10,rrt_20260806_231000_335.png
20260806_231000_513,2026-08-06 23:10:00,True,684,47,15.08042312084122,33,0.48,0.1,0.2,0,0.5,10,9.5,10,rrt_20260806_231000_513.png
20260806_231000_683,2026-08-06 23:10:00,True,547,45,16.672815268382905,36,0.48,0.1,0.2,0,0.5,10,9.5,10,rrt_20260806_231000_683.png
20260806_231000_846,2026-08-06 23:10:00,True,427,45,15.310226383451097,33,0.48,0.1,0.2,0,0.5,10,9.5,10,rrt_20260806_231000_846.png
20260806_231001_025,2026-08-06 23:10:01,True,661,51,16.800000000000004,36,0.48,0.1,0.2,0,0.5,10,9.5,10,rrt_20260806_231001_025.png
20260806_231001_308,2026-08-06 23:10:01,True,2609,59,15.31595879549232,33,0.48,0.1,0.2,0,0.5,10,9.5,10,rrt_20260806_231001_308.png
20260806_231001_550,2026-08-06 23:10:01,True,245,37,15.360000000000007,33,0.48,0.1,0.2,0,0.5,10,9.5,10,rrt_20260806_231001_550.png
20260806_231001_917,2026-08-06 23:10:01,True,2103,88,19.41841920995729,42,0.48,0.1,0.2,0,0.5,10,9.5,10,rrt_20260806_231001_917.png
20260806_231002_259,2026-08-06 23:10:02,True,2503,79,17.052969445028367,37,0.48,0.1,0.2,0,0.5,10,9.5,10,rrt_20260806_231002_259.png
20260806_231002_439,2026-08-06 23:10:02,True,797,52,15.71896705146049,34,0.48,0.1,0.2,0,0.5,10,9.5,10,rrt_20260806_231002_439.png
20260806_231002_614,2026-08-06 23:10:02,True,725,50,15.316771354906914,33,0.48,0.1,0.2,0,0.5,10,9.5,10,rrt_20260806_231002_614.png
20260806_231002_766,2026-08-06 23:10:02,True,257,39,14.880000000000004,32,0.48,0.1,0.2,0,0.5,10,9.5,10,rrt_20260806_231002_766.png
20260806_231003_209,2026-08-06 23:10:03,True,3476,96,18.64002547186523,40,0.48,0.1,0.2,0,0.5,10,9.5,10,rrt_20260806_231003_209.png
20260806_231004_569,2026-08-06 23:10:04,False,10000,115,0.0,0,0.48,0.1,0.2,0,0.5,10,9.5,10,rrt_20260806_231004_569.png
20260806_231005_499,2026-08-06 23:10:05,False,10000,57,0.0,0,0.48,0.1,0.2,0,0.5,10,9.5,10,rrt_20260806_231005_499.png
20260806_231005_721,2026-08-06 23:10:05,True,311,39,15.567517104099725,34,0.48,0.1,0.2,0,0.5,10,9.5,10,rrt_20260806_231005_721.png
20260806_231007_155,2026-08-06 23:10:07,False,10000,121,0.0,0,0.48,0.1,0.2,0,0.5,10,9.5,10,rrt_20260806_231007_155.png
20260806_231007_937,2026-08-06 23:10:07,True,6745,71,20.069742211658074,43,0.48,0.1,0.2,0,0.5,10,9.5,10,rrt_20260806_231007_937.png
20260806_231008_164,2026-08-06 23:10:08,True,768,52,16.054797447866363,35,0.48,0.1,0.2,0,0.5,10,9.5,10,rrt_20260806_231008_164.png
20260806_231008_343,2026-08-06 23:10:08,True,700,55,15.574745970130158,34,0.48,0.1,0.2,0,0.5,10,9.5,10,rrt_20260806_231008_343.png
20260806_231009_686,2026-08-06 23:10:09,False,10000,128,0.0,0,0.48,0.1,0.2,0,0.5,10,9.5,10,rrt_20260806_231009_686.png
20260806_231009_921,2026-08-06 23:10:09,True,521,48,15.5703214707352,34,0.48,0.1,0.2,0,0.5,10,9.5,10,rrt_20260806_231009_921.png
20260806_231010_101,2026-08-06 23:10:10,True,391,41,15.833949295464857,34,0.48,0.1,0.2,0,0.5,10,9.5,10,rrt_20260806_231010_101.png
20260806_231011_171,2026-08-06 23:10:11,False,10000,52,0.0,0,0.48,0.1,0.2,0,0.5,10,9.5,10,rrt_20260806_231011_171.png
20260806_231012_220,2026-08-06 23:10:12,False,10000,47,0.0,0,0.48,0.1,0.2,0,0.5,10,9.5,10,rrt_20260806_231012_220.png
20260806_231012_417,2026-08-06 23:10:12,True,477,44,16.237228468008297,35,0.48,0.1,0.2,0,0.5,10,9.5,10,rrt_20260806_231012_417.png
20260806_231012_574,2026-08-06 23:10:12,True,476,42,14.801108025609466,32,0.48,0.1,0.2,0,0.5,10,9.5,10,rrt_20260806_231012_574.png
20260806_231012_754,2026-08-06 23:10:12,True,387,37,15.633810043807705,34,0.48,0.1,0.2,0,0.5,10,9.5,10,rrt_20260806_231012_754.png
20260806_231014_369,2026-08-06 23:10:14,False,10000,142,0.0,0,0.48,0.1,0.2,0,0.5,10,9.5,10,rrt_20260806_231014_369.png
20260806_231014_859,2026-08-06 23:10:14,True,4264,70,19.68000000000001,42,0.48,0.1,0.2,0,0.5,10,9.5,10,rrt_20260806_231014_859.png
20260806_231015_164,2026-08-06 23:10:15,True,2447,62,15.602325405271198,34,0.48,0.1,0.2,0,0.5,10,9.5,10,rrt_20260806_231015_164.png
20260806_231015_339,2026-08-06 23:10:15,True,241,39,15.180997328016142,33,0.48,0.1,0.2,0,0.5,10,9.5,10,rrt_20260806_231015_339.png
20260806_231015_680,2026-08-06 23:10:15,True,2584,84,17.977587591394318,39,0.48,0.1,0.2,0,0.5,10,9.5,10,rrt_20260806_231015_680.png
20260806_231015_894,2026-08-06 23:10:15,True,442,46,15.204534584840708,33,0.48,0.1,0.2,0,0.5,10,9.5,10,rrt_20260806_231015_894.png
20260806_231016_905,2026-08-06 23:10:16,False,10000,74,0.0,0,0.48,0.1,0.2,0,0.5,10,9.5,10,rrt_20260806_231016_905.png
20260806_231017_959,2026-08-06 23:10:17,False,10000,87,0.0,0,0.48,0.1,0.2,0,0.5,10,9.5,10,rrt_20260806_231017_959.png
20260806_231018_910,2026-08-06 23:10:18,False,10000,58,0.0,0,0.48,0.1,0.2,0,0.5,10,9.5,10,rrt_20260806_231018_910.png
20260806_231020_395,2026-08-06 23:10:20,False,10000,120,0.0,0,0.48,0.1,0.2,0,0.5,10,9.5,10,rrt_20260806_231020_395.png
20260806_231020_669,2026-08-06 23:10:20,True,1321,57,16.320000000000007,35,0.48,0.1,0.2,0,0.5,10,9.5,10,rrt_20260806_231020_669.png
20260806_231020_836,2026-08-06 23:10:20,True,367,41,15.360000000000007,33,0.48,0.1,0.2,0,0.5,10,9.5,10,rrt_20260806_231020_836.png
20260806_231021_090,2026-08-06 23:10:21,True,1365,53,15.339138709805194,33,0.48,0.1,0.2,0,0.5,10,9.5,10,rrt_20260806_231021_090.png
20260806_231021_275,2026-08-06 23:10:21,True,759,45,14.880000000000003,32,0.48,0.1,0.2,0,0.5,10,9.5,10,rrt_20260806_231021_275.png
20260806_231021_503,2026-08-06 23:10:21,True,441,42,15.360000000000001,33,0.48,0.1,0.2,0,0.5,10,9.5,10,rrt_20260806_231021_503.png
20260806_231022_514,2026-08-06 23:10:22,False,10000,56,0.0,0,0.48,0.1,0.2,0,0.5,10,9.5,10,rrt_20260806_231022_514.png
20260806_231024_078,2026-08-06 23:10:24,False,10000,123,0.0,0,0.48,0.1,0.2,0,0.5,10,9.5,10,rrt_20260806_231024_078.png
20260806_231024_907,2026-08-06 23:10:24,False,10000,47,0.0,0,0.48,0.1,0.2,0,0.5,10,9.5,10,rrt_20260806_231024_907.png
20260806_231025_149,2026-08-06 23:10:25,True,390,42,14.88,32,0.48,0.1,0.2,0,0.5,10,9.5,10,rrt_20260806_231025_149.png
20260806_231025_323,2026-08-06 23:10:25,True,739,51,16.8,36,0.48,0.1,0.2,0,0.5,10,9.5,10,rrt_20260806_231025_323.png
20260806_231025_573,2026-08-06 23:10:25,True,1356,63,15.281417387607704,33,0.48,0.1,0.2,0,0.5,10,9.5,10,rrt_20260806_231025_573.png
20260806_231025_859,2026-08-06 23:10:25,True,2139,67,18.546794869616416,40,0.48,0.1,0.2,0,0.5,10,9.5,10,rrt_20260806_231025_859.png
20260806_231026_986,2026-08-06 23:10:26,False,10000,57,0.0,0,0.48,0.1,0.2,0,0.5,10,9.5,10,rrt_20260806_231026_986.png
20260806_231027_265,2026-08-06 23:10:27,True,1299,75,17.551770743595704,38,0.48,0.1,0.2,0,0.5,10,9.5,10,rrt_20260806_231027_265.png
20260806_231027_715,2026-08-06 23:10:27,True,3376,70,15.360000000000008,33,0.48,0.1,0.2,0,0.5,10,9.5,10,rrt_20260806_231027_715.png
20260806_231028_615,2026-08-06 23:10:28,False,10000,57,0.0,0,0.48,0.1,0.2,0,0.5,10,9.5,10,rrt_20260806_231028_615.png
20260806_231028_825,2026-08-06 23:10:28,True,475,45,15.84,34,0.48,0.1,0.2,0,0.5,10,9.5,10,rrt_20260806_231028_825.png
20260806_231029_075,2026-08-06 23:10:29,True,1692,74,17.760000000000005,38,0.48,0.1,0.2,0,0.5,10,9.5,10,rrt_20260806_231029_075.png
20260806_231029_245,2026-08-06 23:10:29,True,266,42,14.880000000000008,32,0.48,0.1,0.2,0,0.5,10,9.5,10,rrt_20260806_231029_245.png
20260806_231029_476,2026-08-06 23:10:29,True,1034,49,16.642317624911914,36,0.48,0.1,0.2,0,0.5,10,9.5,10,rrt_20260806_231029_476.png
20260806_231029_655,2026-08-06 23:10:29,True,579,62,15.840000000000005,34,0.48,0.2,0.2,0,0.5,10,9.5,10,rrt_20260806_231029_655.png
20260806_231030_878,2026-08-06 23:10:30,False,10000,104,0.0,0,0.48,0.2,0.2,0,0.5,10,9.5,10,rrt_20260806_231030_878.png
20260806_231031_100,2026-08-06 23:10:31,True,431,43,15.696540385069353,34,0.48,0.2,0.2,0,0.5,10,9.5,10,rrt_20260806_231031_100.png
20260806_231032_006,2026-08-06 23:10:32,False,10000,57,0.0,0,0.48,0.2,0.2,0,0.5,10,9.5,10,rrt_20260806_231032_006.png
20260806_231032_243,2026-08-06 23:10:32,True,276,49,15.36,33,0.48,0.2,0.2,0,0.5,10,9.5,10,rrt_20260806_231032_243.png
20260806_231032_401,2026-08-06 23:10:32,True,554,51,14.818542590063482,32,0.48,0.2,0.2,0,0.5,10,9.5,10,rrt_20260806_231032_401.png
20260806_231032_546,2026-08-06 23:10:32,True,205,46,14.653909109856091,32,0.48,0.2,0.2,0,0.5,10,9.5,10,rrt_20260806_231032_546.png
20260806_231034_113,2026-08-06 23:10:34,False,10000,110,0.0,0,0.48,0.2,0.2,0,0.5,10,9.5,10,rrt_20260806_231034_113.png
20260806_231034_320,2026-08-06 23:10:34,True,166,39,15.277211923766187,33,0.48,0.2,0.2,0,0.5,10,9.5,10,rrt_20260806_231034_320.png
20260806_231034_462,2026-08-06 23:10:34,True,180,40,15.838038567227757,34,0.48,0.2,0.2,0,0.5,10,9.5,10,rrt_20260806_231034_462.png
20260806_231036_021,2026-08-06 23:10:36,False,10000,110,0.0,0,0.48,0.2,0.2,0,0.5,10,9.5,10,rrt_20260806_231036_021.png
20260806_231037_652,2026-08-06 23:10:37,False,10000,119,0.0,0,0.48,0.2,0.2,0,0.5,10,9.5,10,rrt_20260806_231037_652.png
20260806_231037_878,2026-08-06 23:10:37,True,261,51,15.759638998483279,34,0.48,0.2,0.2,0,0.5,10,9.5,10,rrt_20260806_231037_878.png
20260806_231038_025,2026-08-06 23:10:38,True,236,41,15.653907945662464,34,0.48,0.2,0.2,0,0.5,10,9.5,10,rrt_20260806_231038_025.png
20260806_231038_178,2026-08-06 23:10:38,True,396,53,16.644869620401906,36,0.48,0.2,0.2,0,0.5,10,9.5,10,rrt_20260806_231038_178.png
20260806_231038_361,2026-08-06 23:10:38,True,306,48,15.176243083185888,33,0.48,0.2,0.2,0,0.5,10,9.5,10,rrt_20260806_231038_361.png
20260806_231038_750,2026-08-06 23:10:38,True,2481,89,16.799999999999994,36,0.48,0.2,0.2,0,0.5,10,9.5,10,rrt_20260806_231038_750.png
20260806_231038_934,2026-08-06 23:10:38,True,573,49,17.279999999999998,37,0.48,0.2,0.2,0,0.5,10,9.5,10,rrt_20260806_231038_934.png
20260806_231039_102,2026-08-06 23:10:39,True,399,55,18.720000000000006,40,0.48,0.2,0.2,0,0.5,10,9.5,10,rrt_20260806_231039_102.png
20260806_231039_289,2026-08-06 23:10:39,True,454,57,16.641766402056874,36,0.48,0.2,0.2,0,0.5,10,9.5,10,rrt_20260806_231039_289.png
20260806_231040_216,2026-08-06 23:10:40,False,10000,57,0.0,0,0.48,0.2,0.2,0,0.5,10,9.5,10,rrt_20260806_231040_216.png
20260806_231041_343,2026-08-06 23:10:41,False,10000,51,0.0,0,0.48,0.2,0.2,0,0.5,10,9.5,10,rrt_20260806_231041_343.png
20260806_231041_558,2026-08-06 23:10:41,True,505,54,15.619235530957612,34,0.48,0.2,0.2,0,0.5,10,9.5,10,rrt_20260806_231041_558.png
20260806_231043_257,2026-08-06 23:10:43,False,10000,130,0.0,0,0.48,0.2,0.2,0,0.5,10,9.5,10,rrt_20260806_231043_257.png
20260806_231045_296,2026-08-06 23:10:45,False,10000,168,0.0,0,0.48,0.2,0.2,0,0.5,10,9.5,10,rrt_20260806_231045_296.png
20260806_231045_593,2026-08-06 23:10:45,True,164,43,15.155877686516893,33,0.48,0.2,0.2,0,0.5,10,9.5,10,rrt_20260806_231045_593.png
20260806_231045_809,2026-08-06 23:10:45,True,1058,50,14.4,31,0.48,0.2,0.2,0,0.5,10,9.5,10,rrt_20260806_231045_809.png
20260806_231047_165,2026-08-06 23:10:47,False,10000,103,0.0,0,0.48,0.2,0.2,0,0.5,10,9.5,10,rrt_20260806_231047_165.png
20260806_231047_393,2026-08-06 23:10:47,True,277,47,14.880000000000003,32,0.48,0.2,0.2,0,0.5,10,9.5,10,rrt_20260806_231047_393.png
20260806_231047_617,2026-08-06 23:10:47,True,1174,70,16.294648809041796,35,0.48,0.2,0.2,0,0.5,10,9.5,10,rrt_20260806_231047_617.png
20260806_231047_889,2026-08-06 23:10:47,True,1117,81,18.943515621685634,41,0.48,0.2,0.2,0,0.5,10,9.5,10,rrt_20260806_231047_889.png
20260806_231048_054,2026-08-06 23:10:48,True,274,43,15.359999999999998,33,0.48,0.2,0.2,0,0.5,10,9.5,10,rrt_20260806_231048_054.png
20260806_231048_314,2026-08-06 23:10:48,True,1610,65,15.095434173577683,33,0.48,0.2,0.2,0,0.5,10,9.5,10,rrt_20260806_231048_314.png
20260806_231048_514,2026-08-06 23:10:48,True,899,71,19.68000000000001,42,0.48,0.2,0.2,0,0.5,10,9.5,10,rrt_20260806_231048_514.png
20260806_231048_691,2026-08-06 23:10:48,True,127,38,14.4,31,0.48,0.2,0.2,0,0.5,10,9.5,10,rrt_20260806_231048_691.png
20260806_231048_851,2026-08-06 23:10:48,True,348,54,15.5763442179448,34,0.48,0.2,0.2,0,0.5,10,9.5,10,rrt_20260806_231048_851.png
20260806_231049_001,2026-08-06 23:10:49,True,184,41,15.36,33,0.48,0.2,0.2,0,0.5,10,9.5,10,rrt_20260806_231049_001.png
20260806_231049_187,2026-08-06 23:10:49,True,284,43,15.685722493431472,34,0.48,0.2,0.2,0,0.5,10,9.5,10,rrt_20260806_231049_187.png
20260806_231049_332,2026-08-06 23:10:49,True,146,39,15.262534367549984,33,0.48,0.2,0.2,0,0.5,10,9.5,10,rrt_20260806_231049_332.png
20260806_231049_487,2026-08-06 23:10:49,True,294,45,15.090467070979747,33,0.48,0.2,0.2,0,0.5,10,9.5,10,rrt_20260806_231049_487.png
20260806_231049_629,2026-08-06 23:10:49,True,152,38,14.400000000000002,31,0.48,0.2,0.2,0,0.5,10,9.5,10,rrt_20260806_231049_629.png
20260806_231049_853,2026-08-06 23:10:49,True,960,79,16.290017423303695,35,0.48,0.2,0.2,0,0.5,10,9.5,10,rrt_20260806_231049_853.png
20260806_231050_032,2026-08-06 23:10:50,True,613,60,15.74042216890391,34,0.48,0.2,0.2,0,0.5,10,9.5,10,rrt_20260806_231050_032.png
20260806_231050_204,2026-08-06 23:10:50,True,87,37,15.730563247371647,34,0.48,0.2,0.2,0,0.5,10,9.5,10,rrt_20260806_231050_204.png
20260806_231050_356,2026-08-06 23:10:50,True,317,49,14.880000000000003,32,0.48,0.2,0.2,0,0.5,10,9.5,10,rrt_20260806_231050_356.png
20260806_231050_511,2026-08-06 23:10:50,True,388,45,15.681776016721773,34,0.48,0.2,0.2,0,0.5,10,9.5,10,rrt_20260806_231050_511.png
20260806_231050_673,2026-08-06 23:10:50,True,154,36,14.14162512834528,31,0.48,0.2,0.2,0,0.5,10,9.5,10,rrt_20260806_231050_673.png
20260806_231050_886,2026-08-06 23:10:50,True,810,58,15.652526726138369,34,0.48,0.2,0.2,0,0.5,10,9.5,10,rrt_20260806_231050_886.png
20260806_231051_046,2026-08-06 23:10:51,True,180,41,14.880000000000006,32,0.48,0.2,0.2,0,0.5,10,9.5,10,rrt_20260806_231051_046.png
20260806_231051_189,2026-08-06 23:10:51,True,220,44,15.840000000000007,34,0.48,0.2,0.2,0,0.5,10,9.5,10,rrt_20260806_231051_189.png
20260806_231051_376,2026-08-06 23:10:51,True,193,45,15.36,33,0.48,0.2,0.2,0,0.5,10,9.5,10,rrt_20260806_231051_376.png
20260806_231051_517,2026-08-06 23:10:51,True,101,41,15.36,33,0.48,0.2,0.2,0,0.5,10,9.5,10,rrt_20260806_231051_517.png
20260806_231051_656,2026-08-06 23:10:51,True,132,38,13.92,30,0.48,0.2,0.2,0,0.5,10,9.5,10,rrt_20260806_231051_656.png
20260806_231053_199,2026-08-06 23:10:53,False,10000,117,0.0,0,0.48,0.2,0.2,0,0.5,10,9.5,10,rrt_20260806_231053_199.png
20260806_231053_412,2026-08-06 23:10:53,True,175,38,15.249361465675271,33,0.48,0.2,0.2,0,0.5,10,9.5,10,rrt_20260806_231053_412.png
20260806_231054_209,2026-08-06 23:10:54,False,10000,44,0.0,0,0.48,0.2,0.2,0,0.5,10,9.5,10,rrt_20260806_231054_209.png
20260806_231054_497,2026-08-06 23:10:54,True,895,71,16.108296366787375,35,0.48,0.2,0.2,0,0.5,10,9.5,10,rrt_20260806_231054_497.png
20260806_231054_747,2026-08-06 23:10:54,True,1204,72,15.599666958843091,34,0.48,0.2,0.2,0,0.5,10,9.5,10,rrt_20260806_231054_747.png
20260806_231054_927,2026-08-06 23:10:54,True,487,64,17.280000000000005,37,0.48,0.2,0.2,0,0.5,10,9.5,10,rrt_20260806_231054_927.png
20260806_231056_272,2026-08-06 23:10:56,False,10000,100,0.0,0,0.48,0.2,0.2,0,0.5,10,9.5,10,rrt_20260806_231056_272.png
20260806_231056_476,2026-08-06 23:10:56,True,191,42,15.321211287330714,33,0.48,0.2,0.2,0,0.5,10,9.5,10,rrt_20260806_231056_476.png
20260806_231058_064,2026-08-06 23:10:58,False,10000,121,0.0,0,0.48,0.2,0.2,0,0.5,10,9.5,10,rrt_20260806_231058_064.png
20260806_231058_272,2026-08-06 23:10:58,True,177,44,15.360000000000001,33,0.48,0.2,0.2,0,0.5,10,9.5,10,rrt_20260806_231058_272.png
20260806_231058_491,2026-08-06 23:10:58,True,1013,82,17.28000000000001,37,0.48,0.2,0.2,0,0.5,10,9.5,10,rrt_20260806_231058_491.png
20260806_231058_665,2026-08-06 23:10:58,True,259,44,15.359999999999996,33,0.48,0.2,0.2,0,0.5,10,9.5,10,rrt_20260806_231058_665.png
20260806_231058_831,2026-08-06 23:10:58,True,513,43,15.840000000000003,34,0.48,0.2,0.2,0,0.5,10,9.5,10,rrt_20260806_231058_831.png
20260806_231059_011,2026-08-06 23:10:59,True,567,57,15.568451629406052,34,0.48,0.2,0.2,0,0.5,10,9.5,10,rrt_20260806_231059_011.png
20260806_231059_217,2026-08-06 23:10:59,True,288,42,15.840000000000002,34,0.48,0.2,0.2,0,0.5,10,9.5,10,rrt_20260806_231059_217.png
20260806_231100_094,2026-08-06 23:11:00,False,10000,53,0.0,0,0.48,0.2,0.2,0,0.5,10,9.5,10,rrt_20260806_231100_094.png
20260806_231101_620,2026-08-06 23:11:01,False,10000,100,0.0,0,0.48,0.2,0.2,0,0.5,10,9.5,10,rrt_20260806_231101_620.png
20260806_231101_857,2026-08-06 23:11:01,True,826,59,14.880000000000004,32,0.48,0.2,0.2,0,0.5,10,9.5,10,rrt_20260806_231101_857.png
20260806_231102_007,2026-08-06 23:11:02,True,234,46,15.627813303709825,34,0.48,0.2,0.2,0,0.5,10,9.5,10,rrt_20260806_231102_007.png
20260806_231102_283,2026-08-06 23:11:02,True,1308,102,17.221513269838685,37,0.48,0.2,0.2,0,0.5,10,9.5,10,rrt_20260806_231102_283.png
20260806_231102_454,2026-08-06 23:11:02,True,181,45,14.859399500518458,32,0.48,0.2,0.2,0,0.5,10,9.5,10,rrt_20260806_231102_454.png
20260806_231102_595,2026-08-06 23:11:02,True,167,38,14.400000000000004,31,0.48,0.2,0.2,0,0.5,10,9.5,10,rrt_20260806_231102_595.png
20260806_231103_951,2026-08-06 23:11:03,False,10000,85,0.0,0,0.48,0.2,0.2,0,0.5,10,9.5,10,rrt_20260806_231103_951.png
20260806_231104_177,2026-08-06 23:11:04,True,464,62,15.840000000000005,34,0.48,0.2,0.2,0,0.5,10,9.5,10,rrt_20260806_231104_177.png
20260806_231104_417,2026-08-06 23:11:04,True,1355,58,15.359999999999996,33,0.48,0.2,0.2,0,0.5,10,9.5,10,rrt_20260806_231104_417.png
20260806_231104_575,2026-08-06 23:11:04,True,182,43,16.219810898543408,35,0.48,0.2,0.2,0,0.5,10,9.5,10,rrt_20260806_231104_575.png
20260806_231104_727,2026-08-06 23:11:04,True,341,47,16.085942036786424,35,0.48,0.2,0.2,0,0.5,10,9.5,10,rrt_20260806_231104_727.png
20260806_231104_876,2026-08-06 23:11:04,True,246,36,15.359999999999998,33,0.48,0.2,0.2,0,0.5,10,9.5,10,rrt_20260806_231104_876.png
20260806_231105_039,2026-08-06 23:11:05,True,267,55,15.360000000000003,33,0.48,0.2,0.2,0,0.5,10,9.5,10,rrt_20260806_231105_039.png
20260806_231105_196,2026-08-06 23:11:05,True,377,53,14.880000000000006,32,0.48,0.2,0.2,0,0.5,10,9.5,10,rrt_20260806_231105_196.png
20260806_231105_465,2026-08-06 23:11:05,True,1684,80,15.343845600576806,33,0.48,0.2,0.2,0,0.5,10,9.5,10,rrt_20260806_231105_465.png
20260806_231105_693,2026-08-06 23:11:05,True,521,61,17.605468280288477,38,0.48,0.2,0.2,0,0.5,10,9.5,10,rrt_20260806_231105_693.png
20260806_231105_862,2026-08-06 23:11:05,True,440,53,15.360000000000005,33,0.48,0.2,0.2,0,0.5,10,9.5,10,rrt_20260806_231105_862.png
20260806_231106_005,2026-08-06 23:11:06,True,125,37,15.237020624062396,33,0.48,0.2,0.2,0,0.5,10,9.5,10,rrt_20260806_231106_005.png
20260806_231107_135,2026-08-06 23:11:07,False,10000,57,0.0,0,0.48,0.2,0.2,0,0.5,10,9.5,10,rrt_20260806_231107_135.png
20260806_231108_095,2026-08-06 23:11:08,False,10000,56,0.0,0,0.48,0.2,0.2,0,0.5,10,9.5,10,rrt_20260806_231108_095.png
20260806_231108_339,2026-08-06 23:11:08,True,158,39,15.290569118718388,33,0.48,0.2,0.2,0,0.5,10,9.5,10,rrt_20260806_231108_339.png
20260806_231109_453,2026-08-06 23:11:09,False,10000,55,0.0,0,0.48,0.2,0.2,0,0.5,10,9.5,10,rrt_20260806_231109_453.png
20260806_231109_645,2026-08-06 23:11:09,True,194,36,14.88000000000001,32,0.48,0.2,0.2,0,0.5,10,9.5,10,rrt_20260806_231109_645.png
20260806_231111_190,2026-08-06 23:11:11,False,10000,109,0.0,0,0.48,0.2,0.2,0,0.5,10,9.5,10,rrt_20260806_231111_190.png
20260806_231111_467,2026-08-06 23:11:11,True,911,70,16.800000000000008,36,0.48,0.2,0.2,0,0.5,10,9.5,10,rrt_20260806_231111_467.png
20260806_231111_741,2026-08-06 23:11:11,True,1170,83,14.880000000000003,32,0.48,0.2,0.2,0,0.5,10,9.5,10,rrt_20260806_231111_741.png
20260806_231113_262,2026-08-06 23:11:13,False,10000,121,0.0,0,0.48,0.2,0.2,0,0.5,10,9.5,10,rrt_20260806_231113_262.png
20260806_231114_313,2026-08-06 23:11:14,False,10000,60,0.0,0,0.48,0.2,0.2,0,0.5,10,9.5,10,rrt_20260806_231114_313.png
20260806_231114_551,2026-08-06 23:11:14,True,667,73,18.72000000000001,40,0.48,0.2,0.2,0,0.5,10,9.5,10,rrt_20260806_231114_551.png
20260806_231115_514,2026-08-06 23:11:15,False,10000,55,0.0,0,0.48,0.2,0.2,0,0.5,10,9.5,10,rrt_20260806_231115_514.png
20260806_231117_032,2026-08-06 23:11:17,False,10000,100,0.0,0,0.48,0.2,0.2,0,0.5,10,9.5,10,rrt_20260806_231117_032.png
20260806_231117_238,2026-08-06 23:11:17,True,218,44,14.880000000000008,32,0.48,0.3,0.2,0,0.5,10,9.5,10,rrt_20260806_231117_238.png
20260806_231117_422,2026-08-06 23:11:17,True,629,77,16.55393078561131,36,0.48,0.3,0.2,0,0.5,10,9.5,10,rrt_20260806_231117_422.png
20260806_231117_573,2026-08-06 23:11:17,True,142,45,15.327058840891297,33,0.48,0.3,0.2,0,0.5,10,9.5,10,rrt_20260806_231117_573.png
20260806_231117_728,2026-08-06 23:11:17,True,190,47,15.360000000000007,33,0.48,0.3,0.2,0,0.5,10,9.5,10,rrt_20260806_231117_728.png
20260806_231117_964,2026-08-06 23:11:17,True,813,76,17.760000000000005,38,0.48,0.3,0.2,0,0.5,10,9.5,10,rrt_20260806_231117_964.png
20260806_231118_125,2026-08-06 23:11:18,True,211,54,15.36,33,0.48,0.3,0.2,0,0.5,10,9.5,10,rrt_20260806_231118_125.png
20260806_231118_268,2026-08-06 23:11:18,True,181,46,15.17808962495615,33,0.48,0.3,0.2,0,0.5,10,9.5,10,rrt_20260806_231118_268.png
20260806_231118_497,2026-08-06 23:11:18,True,1006,73,17.541721980891996,38,0.48,0.3,0.2,0,0.5,10,9.5,10,rrt_20260806_231118_497.png
20260806_231118_666,2026-08-06 23:11:18,True,250,47,15.825195882137372,34,0.48,0.3,0.2,0,0.5,10,9.5,10,rrt_20260806_231118_666.png
20260806_231119_674,2026-08-06 23:11:19,False,10000,47,0.0,0,0.48,0.3,0.2,0,0.5,10,9.5,10,rrt_20260806_231119_674.png
20260806_231119_888,2026-08-06 23:11:19,True,77,37,14.400000000000002,31,0.48,0.3,0.2,0,0.5,10,9.5,10,rrt_20260806_231119_888.png
20260806_231120_125,2026-08-06 23:11:20,True,1162,81,15.821143456533566,34,0.48,0.3,0.2,0,0.5,10,9.5,10,rrt_20260806_231120_125.png
20260806_231120_353,2026-08-06 23:11:20,True,1190,72,16.260203638171028,35,0.48,0.3,0.2,0,0.5,10,9.5,10,rrt_20260806_231120_353.png
20260806_231120_511,2026-08-06 23:11:20,True,164,43,15.318479040636632,33,0.48,0.3,0.2,0,0.5,10,9.5,10,rrt_20260806_231120_511.png
20260806_231120_661,2026-08-06 23:11:20,True,280,42,15.840000000000003,34,0.48,0.3,0.2,0,0.5,10,9.5,10,rrt_20260806_231120_661.png
20260806_231120_811,2026-08-06 23:11:20,True,123,44,14.837855611034215,32,0.48,0.3,0.2,0,0.5,10,9.5,10,rrt_20260806_231120_811.png
20260806_231121_009,2026-08-06 23:11:21,True,575,61,15.276696720804248,33,0.48,0.3,0.2,0,0.5,10,9.5,10,rrt_20260806_231121_009.png
20260806_231121_170,2026-08-06 23:11:21,True,192,53,17.548720030038336,38,0.48,0.3,0.2,0,0.5,10,9.5,10,rrt_20260806_231121_170.png
20260806_231121_316,2026-08-06 23:11:21,True,154,43,14.880000000000004,32,0.48,0.3,0.2,0,0.5,10,9.5,10,rrt_20260806_231121_316.png
20260806_231121_477,2026-08-06 23:11:21,True,383,52,15.360000000000005,33,0.48,0.3,0.2,0,0.5,10,9.5,10,rrt_20260806_231121_477.png
20260806_231121_623,2026-08-06 23:11:21,True,138,44,14.85196693808805,32,0.48,0.3,0.2,0,0.5,10,9.5,10,rrt_20260806_231121_623.png
20260806_231121_772,2026-08-06 23:11:21,True,147,41,15.36,33,0.48,0.3,0.2,0,0.5,10,9.5,10,rrt_20260806_231121_772.png
20260806_231121_923,2026-08-06 23:11:21,True,80,36,14.7647966716446,32,0.48,0.3,0.2,0,0.5,10,9.5,10,rrt_20260806_231121_923.png
20260806_231122_115,2026-08-06 23:11:22,True,393,55,15.182035199262804,33,0.48,0.3,0.2,0,0.5,10,9.5,10,rrt_20260806_231122_115.png
20260806_231122_256,2026-08-06 23:11:22,True,101,42,16.10165131789972,35,0.48,0.3,0.2,0,0.5,10,9.5,10,rrt_20260806_231122_256.png
20260806_231123_288,2026-08-06 23:11:23,False,10000,50,0.0,0,0.48,0.3,0.2,0,0.5,10,9.5,10,rrt_20260806_231123_288.png
20260806_231123_487,2026-08-06 23:11:23,True,255,47,15.126186676760938,33,0.48,0.3,0.2,0,0.5,10,9.5,10,rrt_20260806_231123_487.png
20260806_231123_631,2026-08-06 23:11:23,True,202,42,15.360000000000001,33,0.48,0.3,0.2,0,0.5,10,9.5,10,rrt_20260806_231123_631.png
20260806_231123_798,2026-08-06 23:11:23,True,473,67,17.120811488372052,37,0.48,0.3,0.2,0,0.5,10,9.5,10,rrt_20260806_231123_798.png
20260806_231124_033,2026-08-06 23:11:24,True,517,77,16.800000000000008,36,0.48,0.3,0.2,0,0.5,10,9.5,10,rrt_20260806_231124_033.png
20260806_231124_208,2026-08-06 23:11:24,True,84,44,15.144394427001531,33,0.48,0.3,0.2,0,0.5,10,9.5,10,rrt_20260806_231124_208.png
20260806_231124_522,2026-08-06 23:11:24,True,1550,98,19.200000000000003,41,0.48,0.3,0.2,0,0.5,10,9.5,10,rrt_20260806_231124_522.png
20260806_231124_727,2026-08-06 23:11:24,True,661,84,17.623200492559697,38,0.48,0.3,0.2,0,0.5,10,9.5,10,rrt_20260806_231124_727.png
20260806_231124_902,2026-08-06 23:11:24,True,378,63,15.840000000000007,34,0.48,0.3,0.2,0,0.5,10,9.5,10,rrt_20260806_231124_902.png
20260806_231125_049,2026-08-06 23:11:25,True,136,39,14.880000000000003,32,0.48,0.3,0.2,0,0.5,10,9.5,10,rrt_20260806_231125_049.png
20260806_231125_235,2026-08-06 23:11:25,True,97,38,14.880000000000003,32,0.48,0.3,0.2,0,0.5,10,9.5,10,rrt_20260806_231125_235.png
20260806_231125_728,2026-08-06 23:11:25,True,4045,74,17.280000000000005,37,0.48,0.3,0.2,0,0.5,10,9.5,10,rrt_20260806_231125_728.png
20260806_231125_978,2026-08-06 23:11:25,True,1018,81,18.634039243767447,40,0.48,0.3,0.2,0,0.5,10,9.5,10,rrt_20260806_231125_978.png
20260806_231126_253,2026-08-06 23:11:26,True,1538,80,20.08049730506542,43,0.48,0.3,0.2,0,0.5,10,9.5,10,rrt_20260806_231126_253.png
20260806_231127_544,2026-08-06 23:11:27,False,10000,72,0.0,0,0.48,0.3,0.2,0,0.5,10,9.5,10,rrt_20260806_231127_544.png
20260806_231127_748,2026-08-06 23:11:27,True,238,56,15.712665058027962,34,0.48,0.3,0.2,0,0.5,10,9.5,10,rrt_20260806_231127_748.png
20260806_231127_920,2026-08-06 23:11:27,True,110,37,14.879999999999994,32,0.48,0.3,0.2,0,0.5,10,9.5,10,rrt_20260806_231127_920.png
20260806_231128_063,2026-08-06 23:11:28,True,163,41,14.879999999999999,32,0.48,0.3,0.2,0,0.5,10,9.5,10,rrt_20260806_231128_063.png
20260806_231128_239,2026-08-06 23:11:28,True,403,58,16.800000000000004,36,0.48,0.3,0.2,0,0.5,10,9.5,10,rrt_20260806_231128_239.png
20260806_231128_492,2026-08-06 23:11:28,True,1328,76,16.32000000000001,35,0.48,0.3,0.2,0,0.5,10,9.5,10,rrt_20260806_231128_492.png
20260806_231128_701,2026-08-06 23:11:28,True,664,71,16.32,35,0.48,0.3,0.2,0,0.5,10,9.5,10,rrt_20260806_231128_701.png
20260806_231128_851,2026-08-06 23:11:28,True,135,42,14.88,32,0.48,0.3,0.2,0,0.5,10,9.5,10,rrt_20260806_231128_851.png
20260806_231129_028,2026-08-06 23:11:29,True,261,45,15.840000000000003,34,0.48,0.3,0.2,0,0.5,10,9.5,10,rrt_20260806_231129_028.png
20260806_231129_234,2026-08-06 23:11:29,True,677,87,15.817710915957923,34,0.48,0.3,0.2,0,0.5,10,9.5,10,rrt_20260806_231129_234.png
20260806_231129_402,2026-08-06 23:11:29,True,104,44,15.840000000000003,34,0.48,0.3,0.2,0,0.5,10,9.5,10,rrt_20260806_231129_402.png
20260806_231129_568,2026-08-06 23:11:29,True,377,52,16.8,36,0.48,0.3,0.2,0,0.5,10,9.5,10,rrt_20260806_231129_568.png
20260806_231129_749,2026-08-06 23:11:29,True,299,52,15.818367985675549,34,0.48,0.3,0.2,0,0.5,10,9.5,10,rrt_20260806_231129_749.png
20260806_231130_848,2026-08-06 23:11:30,False,10000,49,0.0,0,0.48,0.3,0.2,0,0.5,10,9.5,10,rrt_20260806_231130_848.png
20260806_231131_109,2026-08-06 23:11:31,True,334,63,16.32,35,0.48,0.3,0.2,0,0.5,10,9.5,10,rrt_20260806_231131_109.png
20260806_231132_687,2026-08-06 23:11:32,False,10000,106,0.0,0,0.48,0.3,0.2,0,0.5,10,9.5,10,rrt_20260806_231132_687.png
20260806_231133_106,2026-08-06 23:11:33,True,2555,82,20.140132750062122,43,0.48,0.3,0.2,0,0.5,10,9.5,10,rrt_20260806_231133_106.png
20260806_231133_268,2026-08-06 23:11:33,True,58,36,14.61063943120045,32,0.48,0.3,0.2,0,0.5,10,9.5,10,rrt_20260806_231133_268.png
20260806_231133_410,2026-08-06 23:11:33,True,184,48,15.623130102074176,34,0.48,0.3,0.2,0,0.5,10,9.5,10,rrt_20260806_231133_410.png
20260806_231133_624,2026-08-06 23:11:33,True,380,41,16.232534683774006,35,0.48,0.3,0.2,0,0.5,10,9.5,10,rrt_20260806_231133_624.png
20260806_231133_901,2026-08-06 23:11:33,True,674,70,17.719951496973152,38,0.48,0.3,0.2,0,0.5,10,9.5,10,rrt_20260806_231133_901.png
20260806_231135_671,2026-08-06 23:11:35,False,10000,135,0.0,0,0.48,0.3,0.2,0,0.5,10,9.5,10,rrt_20260806_231135_671.png
20260806_231135_929,2026-08-06 23:11:35,True,715,60,15.285621107877876,33,0.48,0.3,0.2,0,0.5,10,9.5,10,rrt_20260806_231135_929.png
20260806_231136_884,2026-08-06 23:11:36,False,10000,58,0.0,0,0.48,0.3,0.2,0,0.5,10,9.5,10,rrt_20260806_231136_884.png
20260806_231137_127,2026-08-06 23:11:37,True,505,47,15.360000000000003,33,0.48,0.3,0.2,0,0.5,10,9.5,10,rrt_20260806_231137_127.png
20260806_231137_274,2026-08-06 23:11:37,True,152,44,15.161836320271455,33,0.48,0.3,0.2,0,0.5,10,9.5,10,rrt_20260806_231137_274.png
20260806_231137_421,2026-08-06 23:11:37,True,138,48,15.84,34,0.48,0.3,0.2,0,0.5,10,9.5,10,rrt_20260806_231137_421.png
20260806_231137_573,2026-08-06 23:11:37,True,161,44,14.880000000000006,32,0.48,0.3,0.2,0,0.5,10,9.5,10,rrt_20260806_231137_573.png
20260806_231139_174,2026-08-06 23:11:39,False,10000,114,0.0,0,0.48,0.3,0.2,0,0.5,10,9.5,10,rrt_20260806_231139_174.png
20260806_231139_398,2026-08-06 23:11:39,True,80,43,15.137641759624938,33,0.48,0.3,0.2,0,0.5,10,9.5,10,rrt_20260806_231139_398.png
20260806_231139_600,2026-08-06 23:11:39,True,203,49,15.819186314831091,34,0.48,0.3,0.2,0,0.5,10,9.5,10,rrt_20260806_231139_600.png
20260806_231139_774,2026-08-06 23:11:39,True,228,53,17.280000000000005,37,0.48,0.3,0.2,0,0.5,10,9.5,10,rrt_20260806_231139_774.png
20260806_231141_262,2026-08-06 23:11:41,False,10000,103,0.0,0,0.48,0.3,0.2,0,0.5,10,9.5,10,rrt_20260806_231141_262.png
20260806_231141_547,2026-08-06 23:11:41,True,969,94,19.07576796908193,41,0.48,0.3,0.2,0,0.5,10,9.5,10,rrt_20260806_231141_547.png
20260806_231141_720,2026-08-06 23:11:41,True,338,61,15.574048794561781,34,0.48,0.3,0.2,0,0.5,10,9.5,10,rrt_20260806_231141_720.png
20260806_231141_884,2026-08-06 23:11:41,True,355,46,15.349207630656158,33,0.48,0.3,0.2,0,0.5,10,9.5,10,rrt_20260806_231141_884.png
20260806_231142_970,2026-08-06 23:11:42,False,10000,50,0.0,0,0.48,0.3,0.2,0,0.5,10,9.5,10,rrt_20260806_231142_970.png
20260806_231143_201,2026-08-06 23:11:43,True,736,64,18.719097832830535,40,0.48,0.3,0.2,0,0.5,10,9.5,10,rrt_20260806_231143_201.png
20260806_231143_358,2026-08-06 23:11:43,True,281,45,14.818295676518009,32,0.48,0.3,0.2,0,0.5,10,9.5,10,rrt_20260806_231143_358.png
20260806_231144_655,2026-08-06 23:11:44,False,10000,81,0.0,0,0.48,0.3,0.2,0,0.5,10,9.5,10,rrt_20260806_231144_655.png
20260806_231144_877,2026-08-06 23:11:44,True,120,42,15.20077868093861,33,0.48,0.3,0.2,0,0.5,10,9.5,10,rrt_20260806_231144_877.png
20260806_231146_494,2026-08-06 23:11:46,False,10000,102,0.0,0,0.48,0.3,0.2,0,0.5,10,9.5,10,rrt_20260806_231146_494.png
20260806_231148_246,2026-08-06 23:11:48,False,10000,121,0.0,0,0.48,0.3,0.2,0,0.5,10,9.5,10,rrt_20260806_231148_246.png
20260806_231148_502,2026-08-06 23:11:48,True,476,65,17.280000000000005,37,0.48,0.3,0.2,0,0.5,10,9.5,10,rrt_20260806_231148_502.png
20260806_231148_649,2026-08-06 23:11:48,True,80,42,15.643016506729337,34,0.48,0.3,0.2,0,0.5,10,9.5,10,rrt_20260806_231148_649.png
20260806_231148_809,2026-08-06 23:11:48,True,255,52,17.739104424620226,38,0.48,0.3,0.2,0,0.5,10,9.5,10,rrt_20260806_231148_809.png
20260806_231149_002,2026-08-06 23:11:49,True,199,42,15.807275542215287,34,0.48,0.3,0.2,0,0.5,10,9.5,10,rrt_20260806_231149_002.png
20260806_231149_145,2026-08-06 23:11:49,True,69,38,14.733163426308996,32,0.48,0.3,0.2,0,0.5,10,9.5,10,rrt_20260806_231149_145.png
20260806_231149_289,2026-08-06 23:11:49,True,153,43,15.839999999999995,34,0.48,0.3,0.2,0,0.5,10,9.5,10,rrt_20260806_231149_289.png
20260806_231149_448,2026-08-06 23:11:49,True,111,40,15.325660356652884,33,0.48,0.3,0.2,0,0.5,10,9.5,10,rrt_20260806_231149_448.png
20260806_231149_598,2026-08-06 23:11:49,True,223,48,14.88,32,0.48,0.3,0.2,0,0.5,10,9.5,10,rrt_20260806_231149_598.png
20260806_231149_761,2026-08-06 23:11:49,True,365,51,15.840000000000003,34,0.48,0.3,0.2,0,0.5,10,9.5,10,rrt_20260806_231149_761.png
20260806_231151_218,2026-08-06 23:11:51,False,10000,104,0.0,0,0.48,0.3,0.2,0,0.5,10,9.5,10,rrt_20260806_231151_218.png
20260806_231152_875,2026-08-06 23:11:52,False,10000,116,0.0,0,0.48,0.3,0.2,0,0.5,10,9.5,10,rrt_20260806_231152_875.png
20260806_231153_878,2026-08-06 23:11:53,False,10000,58,0.0,0,0.48,0.3,0.2,0,0.5,10,9.5,10,rrt_20260806_231153_878.png
20260806_231154_083,2026-08-06 23:11:54,True,235,50,15.10658348210114,33,0.48,0.3,0.2,0,0.5,10,9.5,10,rrt_20260806_231154_083.png
20260806_231154_252,2026-08-06 23:11:54,True,376,65,16.673398947807414,36,0.48,0.3,0.2,0,0.5,10,9.5,10,rrt_20260806_231154_252.png
20260806_231154_425,2026-08-06 23:11:54,True,158,42,16.26131394219314,35,0.48,0.3,0.2,0,0.5,10,9.5,10,rrt_20260806_231154_425.png
20260806_231155_339,2026-08-06 23:11:55,False,10000,55,0.0,0,0.48,0.3,0.2,0,0.5,10,9.5,10,rrt_20260806_231155_339.png
20260806_231155_536,2026-08-06 23:11:55,True,212,48,15.84000000000001,34,0.48,0.3,0.2,0,0.5,10,9.5,10,rrt_20260806_231155_536.png
20260806_231155_698,2026-08-06 23:11:55,True,348,63,16.658733892676608,36,0.48,0.3,0.2,0,0.5,10,9.5,10,rrt_20260806_231155_698.png
20260806_231155_941,2026-08-06 23:11:55,True,1285,94,18.598585763567012,40,0.48,0.4,0.2,0,0.5,10,9.5,10,rrt_20260806_231155_941.png
20260806_231156_101,2026-08-06 23:11:56,True,194,52,15.13200413869569,33,0.48,0.4,0.2,0,0.5,10,9.5,10,rrt_20260806_231156_101.png
20260806_231156_275,2026-08-06 23:11:56,True,174,47,15.360000000000007,33,0.48,0.4,0.2,0,0.5,10,9.5,10,rrt_20260806_231156_275.png
20260806_231156_421,2026-08-06 23:11:56,True,185,46,15.840000000000003,34,0.48,0.4,0.2,0,0.5,10,9.5,10,rrt_20260806_231156_421.png
20260806_231156_608,2026-08-06 23:11:56,True,518,79,17.760000000000005,38,0.48,0.4,0.2,0,0.5,10,9.5,10,rrt_20260806_231156_608.png
20260806_231156_757,2026-08-06 23:11:56,True,87,42,14.767983147890883,32,0.48,0.4,0.2,0,0.5,10,9.5,10,rrt_20260806_231156_757.png
20260806_231158_505,2026-08-06 23:11:58,False,10000,129,0.0,0,0.48,0.4,0.2,0,0.5,10,9.5,10,rrt_20260806_231158_505.png
20260806_231158_756,2026-08-06 23:11:58,True,111,46,15.359999999999998,33,0.48,0.4,0.2,0,0.5,10,9.5,10,rrt_20260806_231158_756.png
20260806_231158_899,2026-08-06 23:11:58,True,148,52,15.360000000000005,33,0.48,0.4,0.2,0,0.5,10,9.5,10,rrt_20260806_231158_899.png
20260806_231159_066,2026-08-06 23:11:59,True,418,62,17.76000000000001,38,0.48,0.4,0.2,0,0.5,10,9.5,10,rrt_20260806_231159_066.png
20260806_231159_401,2026-08-06 23:11:59,True,2559,88,16.53705189108319,36,0.48,0.4,0.2,0,0.5,10,9.5,10,rrt_20260806_231159_401.png
20260806_231159_626,2026-08-06 23:11:59,True,636,83,16.564334519297045,36,0.48,0.4,0.2,0,0.5,10,9.5,10,rrt_20260806_231159_626.png
20260806_231159_810,2026-08-06 23:11:59,True,93,47,15.611106304819653,34,0.48,0.4,0.2,0,0.5,10,9.5,10,rrt_20260806_231159_810.png
20260806_231200_043,2026-08-06 23:12:00,True,668,93,17.608636110781752,38,0.48,0.4,0.2,0,0.5,10,9.5,10,rrt_20260806_231200_043.png
20260806_231200_333,2026-08-06 23:12:00,True,149,47,15.34788279558933,33,0.48,0.4,0.2,0,0.5,10,9.5,10,rrt_20260806_231200_333.png
20260806_231202_078,2026-08-06 23:12:02,False,10000,126,0.0,0,0.48,0.4,0.2,0,0.5,10,9.5,10,rrt_20260806_231202_078.png
20260806_231203_263,2026-08-06 23:12:03,False,10000,58,0.0,0,0.48,0.4,0.2,0,0.5,10,9.5,10,rrt_20260806_231203_263.png
20260806_231203_451,2026-08-06 23:12:03,True,96,47,16.20490591548565,35,0.48,0.4,0.2,0,0.5,10,9.5,10,rrt_20260806_231203_451.png
20260806_231204_605,2026-08-06 23:12:04,False,10000,58,0.0,0,0.48,0.4,0.2,0,0.5,10,9.5,10,rrt_20260806_231204_605.png
20260806_231204_811,2026-08-06 23:12:04,True,306,48,15.157853068415562,33,0.48,0.4,0.2,0,0.5,10,9.5,10,rrt_20260806_231204_811.png
20260806_231204_954,2026-08-06 23:12:04,True,129,42,15.654127516483866,34,0.48,0.4,0.2,0,0.5,10,9.5,10,rrt_20260806_231204_954.png
20260806_231205_095,2026-08-06 23:12:05,True,73,41,15.268924991952879,33,0.48,0.4,0.2,0,0.5,10,9.5,10,rrt_20260806_231205_095.png
20260806_231206_857,2026-08-06 23:12:06,False,10000,132,0.0,0,0.48,0.4,0.2,0,0.5,10,9.5,10,rrt_20260806_231206_857.png
20260806_231207_992,2026-08-06 23:12:07,False,10000,47,0.0,0,0.48,0.4,0.2,0,0.5,10,9.5,10,rrt_20260806_231207_992.png
20260806_231208_189,2026-08-06 23:12:08,True,175,49,15.352901520657616,33,0.48,0.4,0.2,0,0.5,10,9.5,10,rrt_20260806_231208_189.png
20260806_231208_330,2026-08-06 23:12:08,True,90,41,16.800000000000004,36,0.48,0.4,0.2,0,0.5,10,9.5,10,rrt_20260806_231208_330.png
20260806_231210_277,2026-08-06 23:12:10,False,10000,148,0.0,0,0.48,0.4,0.2,0,0.5,10,9.5,10,rrt_20260806_231210_277.png
20260806_231212_413,2026-08-06 23:12:12,False,10000,152,0.0,0,0.48,0.4,0.2,0,0.5,10,9.5,10,rrt_20260806_231212_413.png
20260806_231212_742,2026-08-06 23:12:12,True,937,93,15.106633289143538,33,0.48,0.4,0.2,0,0.5,10,9.5,10,rrt_20260806_231212_742.png
20260806_231212_928,2026-08-06 23:12:12,True,88,44,14.400000000000002,31,0.48,0.4,0.2,0,0.5,10,9.5,10,rrt_20260806_231212_928.png
20260806_231213_091,2026-08-06 23:12:13,True,158,42,15.840000000000007,34,0.48,0.4,0.2,0,0.5,10,9.5,10,rrt_20260806_231213_091.png
20260806_231214_825,2026-08-06 23:12:14,False,10000,109,0.0,0,0.48,0.4,0.2,0,0.5,10,9.5,10,rrt_20260806_231214_825.png
20260806_231215_069,2026-08-06 23:12:15,True,190,49,15.765201303911818,34,0.48,0.4,0.2,0,0.5,10,9.5,10,rrt_20260806_231215_069.png
20260806_231216_810,2026-08-06 23:12:16,False,10000,132,0.0,0,0.48,0.4,0.2,0,0.5,10,9.5,10,rrt_20260806_231216_810.png
20260806_231217_031,2026-08-06 23:12:17,True,129,45,15.215831181828118,33,0.48,0.4,0.2,0,0.5,10,9.5,10,rrt_20260806_231217_031.png
20260806_231217_193,2026-08-06 23:12:17,True,93,47,15.179440730481925,33,0.48,0.4,0.2,0,0.5,10,9.5,10,rrt_20260806_231217_193.png
20260806_231217_350,2026-08-06 23:12:17,True,155,47,15.730013582080108,34,0.48,0.4,0.2,0,0.5,10,9.5,10,rrt_20260806_231217_350.png
20260806_231218_486,2026-08-06 23:12:18,False,10000,57,0.0,0,0.48,0.4,0.2,0,0.5,10,9.5,10,rrt_20260806_231218_486.png
20260806_231220_156,2026-08-06 23:12:20,False,10000,115,0.0,0,0.48,0.4,0.2,0,0.5,10,9.5,10,rrt_20260806_231220_156.png
20260806_231220_382,2026-08-06 23:12:20,True,196,47,15.360000000000005,33,0.48,0.4,0.2,0,0.5,10,9.5,10,rrt_20260806_231220_382.png
20260806_231220_531,2026-08-06 23:12:20,True,176,49,15.7556875547876,34,0.48,0.4,0.2,0,0.5,10,9.5,10,rrt_20260806_231220_531.png
20260806_231220_701,2026-08-06 23:12:20,True,64,46,14.400000000000002,31,0.48,0.4,0.2,0,0.5,10,9.5,10,rrt_20260806_231220_701.png
20260806_231220_853,2026-08-06 23:12:20,True,292,57,15.587418781252206,34,0.48,0.4,0.2,0,0.5,10,9.5,10,rrt_20260806_231220_853.png
20260806_231222_473,2026-08-06 23:12:22,False,10000,112,0.0,0,0.48,0.4,0.2,0,0.5,10,9.5,10,rrt_20260806_231222_473.png
20260806_231222_699,2026-08-06 23:12:22,True,240,55,16.320000000000004,35,0.48,0.4,0.2,0,0.5,10,9.5,10,rrt_20260806_231222_699.png
20260806_231222_875,2026-08-06 23:12:22,True,398,54,16.701566911115798,36,0.48,0.4,0.2,0,0.5,10,9.5,10,rrt_20260806_231222_875.png
20260806_231224_634,2026-08-06 23:12:24,False,10000,128,0.0,0,0.48,0.4,0.2,0,0.5,10,9.5,10,rrt_20260806_231224_634.png
20260806_231224_844,2026-08-06 23:12:24,True,144,48,15.761743500592557,34,0.48,0.4,0.2,0,0.5,10,9.5,10,rrt_20260806_231224_844.png
20260806_231225_019,2026-08-06 23:12:25,True,230,53,15.599123241833508,34,0.48,0.4,0.2,0,0.5,10,9.5,10,rrt_20260806_231225_019.png
20260806_231225_162,2026-08-06 23:12:25,True,92,44,15.840000000000002,34,0.48,0.4,0.2,0,0.5,10,9.5,10,rrt_20260806_231225_162.png
20260806_231225_320,2026-08-06 23:12:25,True,130,42,15.189481238480303,33,0.48,0.4,0.2,0,0.5,10,9.5,10,rrt_20260806_231225_320.png
20260806_231225_460,2026-08-06 23:12:25,True,141,53,17.28,37,0.48,0.4,0.2,0,0.5,10,9.5,10,rrt_20260806_231225_460.png
20260806_231225_610,2026-08-06 23:12:25,True,196,51,17.016340081061145,37,0.48,0.4,0.2,0,0.5,10,9.5,10,rrt_20260806_231225_610.png
20260806_231225_790,2026-08-06 23:12:25,True,420,61,14.67225671748723,32,0.48,0.4,0.2,0,0.5,10,9.5,10,rrt_20260806_231225_790.png
20260806_231225_956,2026-08-06 23:12:25,True,215,56,16.690579737860926,36,0.48,0.4,0.2,0,0.5,10,9.5,10,rrt_20260806_231225_956.png
20260806_231226_135,2026-08-06 23:12:26,True,79,42,15.360000000000005,33,0.48,0.4,0.2,0,0.5,10,9.5,10,rrt_20260806_231226_135.png
20260806_231226_286,2026-08-06 23:12:26,True,251,50,15.676589024437007,34,0.48,0.4,0.2,0,0.5,10,9.5,10,rrt_20260806_231226_286.png
20260806_231226_429,2026-08-06 23:12:26,True,97,44,15.676733335897566,34,0.48,0.4,0.2,0,0.5,10,9.5,10,rrt_20260806_231226_429.png
20260806_231228_187,2026-08-06 23:12:28,False,10000,136,0.0,0,0.48,0.4,0.2,0,0.5,10,9.5,10,rrt_20260806_231228_187.png
20260806_231228_479,2026-08-06 23:12:28,True,564,70,16.547595205884377,36,0.48,0.4,0.2,0,0.5,10,9.5,10,rrt_20260806_231228_479.png
20260806_231229_545,2026-08-06 23:12:29,False,10000,47,0.0,0,0.48,0.4,0.2,0,0.5,10,9.5,10,rrt_20260806_231229_545.png
20260806_231231_860,2026-08-06 23:12:31,False,10000,185,0.0,0,0.48,0.4,0.2,0,0.5,10,9.5,10,rrt_20260806_231231_860.png
20260806_231232_082,2026-08-06 23:12:32,True,104,43,14.880000000000003,32,0.48,0.4,0.2,0,0.5,10,9.5,10,rrt_20260806_231232_082.png
20260806_231232_236,2026-08-06 23:12:32,True,282,46,15.141745917956964,33,0.48,0.4,0.2,0,0.5,10,9.5,10,rrt_20260806_231232_236.png
20260806_231232_382,2026-08-06 23:12:32,True,110,41,15.360000000000007,33,0.48,0.4,0.2,0,0.5,10,9.5,10,rrt_20260806_231232_382.png
20260806_231232_524,2026-08-06 23:12:32,True,118,42,15.360000000000007,33,0.48,0.4,0.2,0,0.5,10,9.5,10,rrt_20260806_231232_524.png
20260806_231232_712,2026-08-06 23:12:32,True,428,64,15.840000000000003,34,0.48,0.4,0.2,0,0.5,10,9.5,10,rrt_20260806_231232_712.png
20260806_231232_861,2026-08-06 23:12:32,True,115,44,16.072012245586563,35,0.48,0.4,0.2,0,0.5,10,9.5,10,rrt_20260806_231232_861.png
20260806_231234_174,2026-08-06 23:12:34,False,10000,71,0.0,0,0.48,0.4,0.2,0,0.5,10,9.5,10,rrt_20260806_231234_174.png
20260806_231234_370,2026-08-06 23:12:34,True,170,48,16.800000000000008,36,0.48,0.4,0.2,0,0.5,10,9.5,10,rrt_20260806_231234_370.png
20260806_231236_024,2026-08-06 23:12:36,False,10000,119,0.0,0,0.48,0.4,0.2,0,0.5,10,9.5,10,rrt_20260806_231236_024.png
20260806_231237_600,2026-08-06 23:12:37,False,10000,93,0.0,0,0.48,0.4,0.2,0,0.5,10,9.5,10,rrt_20260806_231237_600.png
20260806_231238_685,2026-08-06 23:12:38,False,10000,50,0.0,0,0.48,0.4,0.2,0,0.5,10,9.5,10,rrt_20260806_231238_685.png
20260806_231238_871,2026-08-06 23:12:38,True,91,41,14.880000000000004,32,0.48,0.4,0.2,0,0.5,10,9.5,10,rrt_20260806_231238_871.png
20260806_231239_040,2026-08-06 23:12:39,True,484,71,17.28000000000001,37,0.48,0.4,0.2,0,0.5,10,9.5,10,rrt_20260806_231239_040.png
20260806_231239_193,2026-08-06 23:12:39,True,159,42,15.799346519957933,34,0.48,0.4,0.2,0,0.5,10,9.5,10,rrt_20260806_231239_193.png
20260806_231239_391,2026-08-06 23:12:39,True,229,54,15.58142203143081,34,0.48,0.4,0.2,0,0.5,10,9.5,10,rrt_20260806_231239_391.png
20260806_231239_544,2026-08-06 23:12:39,True,197,48,16.205477043874133,35,0.48,0.4,0.2,0,0.5,10,9.5,10,rrt_20260806_231239_544.png
20260806_231239_689,2026-08-06 23:12:39,True,136,43,15.350928677575377,33,0.48,0.4,0.2,0,0.5,10,9.5,10,rrt_20260806_231239_689.png
20260806_231239_839,2026-08-06 23:12:39,True,211,48,15.643330057604707,34,0.48,0.4,0.2,0,0.5,10,9.5,10,rrt_20260806_231239_839.png
20260806_231239_980,2026-08-06 23:12:39,True,84,37,15.709304892531652,34,0.48,0.4,0.2,0,0.5,10,9.5,10,rrt_20260806_231239_980.png
20260806_231240_128,2026-08-06 23:12:40,True,148,53,16.225092281976227,35,0.48,0.4,0.2,0,0.5,10,9.5,10,rrt_20260806_231240_128.png
20260806_231240_278,2026-08-06 23:12:40,True,142,46,15.840000000000005,34,0.48,0.4,0.2,0,0.5,10,9.5,10,rrt_20260806_231240_278.png
20260806_231240_478,2026-08-06 23:12:40,True,428,73,17.716197482202844,38,0.48,0.4,0.2,0,0.5,10,9.5,10,rrt_20260806_231240_478.png
20260806_231240_627,2026-08-06 23:12:40,True,100,45,16.320000000000007,35,0.48,0.4,0.2,0,0.5,10,9.5,10,rrt_20260806_231240_627.png
20260806_231240_812,2026-08-06 23:12:40,True,485,83,15.664948294560686,34,0.48,0.4,0.2,0,0.5,10,9.5,10,rrt_20260806_231240_812.png
20260806_231242_340,2026-08-06 23:12:42,False,10000,87,0.0,0,0.48,0.4,0.2,0,0.5,10,9.5,10,rrt_20260806_231242_340.png
20260806_231242_595,2026-08-06 23:12:42,True,626,80,15.744827937957128,34,0.48,0.4,0.2,0,0.5,10,9.5,10,rrt_20260806_231242_595.png
20260806_231243_603,2026-08-06 23:12:43,False,10000,46,0.0,0,0.48,0.4,0.2,0,0.5,10,9.5,10,rrt_20260806_231243_603.png
20260806_231243_794,2026-08-06 23:12:43,True,147,45,16.0772544351466,35,0.48,0.4,0.2,0,0.5,10,9.5,10,rrt_20260806_231243_794.png
20260806_231243_945,2026-08-06 23:12:43,True,214,45,15.723536691427936,34,0.48,0.4,0.2,0,0.5,10,9.5,10,rrt_20260806_231243_945.png
20260806_231244_094,2026-08-06 23:12:44,True,179,48,15.70527465721063,34,0.48,0.4,0.2,0,0.5,10,9.5,10,rrt_20260806_231244_094.png
20260806_231245_766,2026-08-06 23:12:45,False,10000,117,0.0,0,0.48,0.4,0.2,0,0.5,10,9.5,10,rrt_20260806_231245_766.png
20260806_231246_033,2026-08-06 23:12:46,True,364,67,17.28000000000001,37,0.48,0.4,0.2,0,0.5,10,9.5,10,rrt_20260806_231246_033.png
20260806_231246_204,2026-08-06 23:12:46,True,111,42,15.83999999999999,34,0.48,0.4,0.2,0,0.5,10,9.5,10,rrt_20260806_231246_204.png
20260806_231246_358,2026-08-06 23:12:46,True,60,37,14.880000000000004,32,0.48,0.4,0.2,0,0.5,10,9.5,10,rrt_20260806_231246_358.png
20260806_231247_491,2026-08-06 23:12:47,False,10000,59,0.0,0,0.48,0.4,0.2,0,0.5,10,9.5,10,rrt_20260806_231247_491.png
20260806_231247_691,2026-08-06 23:12:47,True,231,53,15.359999999999994,33,0.48,0.4,0.2,0,0.5,10,9.5,10,rrt_20260806_231247_691.png
20260806_231247_834,2026-08-06 23:12:47,True,160,44,15.217723257606789,33,0.48,0.4,0.2,0,0.5,10,9.5,10,rrt_20260806_231247_834.png
20260806_231247_986,2026-08-06 23:12:47,True,194,56,17.638675605375525,38,0.48,0.4,0.2,0,0.5,10,9.5,10,rrt_20260806_231247_986.png
20260806_231248_166,2026-08-06 23:12:48,True,114,45,15.360000000000001,33,0.48,0.5,0.2,0,0.5,10,9.5,10,rrt_20260806_231248_166.png
20260806_231248_313,2026-08-06 23:12:48,True,146,62,17.025359844534815,37,0.48,0.5,0.2,0,0.5,10,9.5,10,rrt_20260806_231248_313.png
20260806_231248_467,2026-08-06 23:12:48,True,94,48,14.880000000000004,32,0.48,0.5,0.2,0,0.5,10,9.5,10,rrt_20260806_231248_467.png
20260806_231248_709,2026-08-06 23:12:48,True,774,107,17.264287878685348,37,0.48,0.5,0.2,0,0.5,10,9.5,10,rrt_20260806_231248_709.png
20260806_231249_837,2026-08-06 23:12:49,False,10000,58,0.0,0,0.48,0.5,0.2,0,0.5,10,9.5,10,rrt_20260806_231249_837.png
20260806_231250_053,2026-08-06 23:12:50,True,116,44,15.6617942465942,34,0.48,0.5,0.2,0,0.5,10,9.5,10,rrt_20260806_231250_053.png
20260806_231250_190,2026-08-06 23:12:50,True,73,42,14.880000000000006,32,0.48,0.5,0.2,0,0.5,10,9.5,10,rrt_20260806_231250_190.png
20260806_231250_342,2026-08-06 23:12:50,True,88,42,14.400000000000006,31,0.48,0.5,0.2,0,0.5,10,9.5,10,rrt_20260806_231250_342.png
20260806_231250_511,2026-08-06 23:12:50,True,134,51,16.320000000000007,35,0.48,0.5,0.2,0,0.5,10,9.5,10,rrt_20260806_231250_511.png
20260806_231250_677,2026-08-06 23:12:50,True,147,53,14.810578091991292,32,0.48,0.5,0.2,0,0.5,10,9.5,10,rrt_20260806_231250_677.png
20260806_231250_864,2026-08-06 23:12:50,True,543,52,15.78139692915253,34,0.48,0.5,0.2,0,0.5,10,9.5,10,rrt_20260806_231250_864.png
20260806_231251_022,2026-08-06 23:12:51,True,101,47,14.78135384450682,32,0.48,0.5,0.2,0,0.5,10,9.5,10,rrt_20260806_231251_022.png
20260806_231251_236,2026-08-06 23:12:51,True,340,71,14.669826019374138,32,0.48,0.5,0.2,0,0.5,10,9.5,10,rrt_20260806_231251_236.png
20260806_231251_405,2026-08-06 23:12:51,True,364,72,16.800000000000004,36,0.48,0.5,0.2,0,0.5,10,9.5,10,rrt_20260806_231251_405.png
20260806_231251_565,2026-08-06 23:12:51,True,248,60,16.576683034120997,36,0.48,0.5,0.2,0,0.5,10,9.5,10,rrt_20260806_231251_565.png
20260806_231251_806,2026-08-06 23:12:51,True,1402,87,20.64000000000001,44,0.48,0.5,0.2,0,0.5,10,9.5,10,rrt_20260806_231251_806.png
20260806_231251_967,2026-08-06 23:12:51,True,137,50,15.360000000000005,33,0.48,0.5,0.2,0,0.5,10,9.5,10,rrt_20260806_231251_967.png
20260806_231252_127,2026-08-06 23:12:52,True,312,68,15.639478566299108,34,0.48,0.5,0.2,0,0.5,10,9.5,10,rrt_20260806_231252_127.png
20260806_231252_309,2026-08-06 23:12:52,True,128,59,14.879999999999995,32,0.48,0.5,0.2,0,0.5,10,9.5,10,rrt_20260806_231252_309.png
20260806_231252_591,2026-08-06 23:12:52,True,1433,108,18.158769397127248,39,0.48,0.5,0.2,0,0.5,10,9.5,10,rrt_20260806_231252_591.png
20260806_231252_749,2026-08-06 23:12:52,True,78,40,15.360000000000007,33,0.48,0.5,0.2,0,0.5,10,9.5,10,rrt_20260806_231252_749.png
20260806_231252_900,2026-08-06 23:12:52,True,105,53,15.136123526251197,33,0.48,0.5,0.2,0,0.5,10,9.5,10,rrt_20260806_231252_900.png
20260806_231253_052,2026-08-06 23:12:53,True,140,45,15.109366630731106,33,0.48,0.5,0.2,0,0.5,10,9.5,10,rrt_20260806_231253_052.png
20260806_231253_195,2026-08-06 23:12:53,True,101,50,15.248231743408533,33,0.48,0.5,0.2,0,0.5,10,9.5,10,rrt_20260806_231253_195.png
20260806_231253_338,2026-08-06 23:12:53,True,106,46,16.14528491231308,35,0.48,0.5,0.2,0,0.5,10,9.5,10,rrt_20260806_231253_338.png
20260806_231254_484,2026-08-06 23:12:54,False,10000,57,0.0,0,0.48,0.5,0.2,0,0.5,10,9.5,10,rrt_20260806_231254_484.png
20260806_231255_617,2026-08-06 23:12:55,False,10000,56,0.0,0,0.48,0.5,0.2,0,0.5,10,9.5,10,rrt_20260806_231255_617.png
20260806_231256_537,2026-08-06 23:12:56,False,10000,48,0.0,0,0.48,0.5,0.2,0,0.5,10,9.5,10,rrt_20260806_231256_537.png
20260806_231256_743,2026-08-06 23:12:56,True,375,66,18.24000000000001,39,0.48,0.5,0.2,0,0.5,10,9.5,10,rrt_20260806_231256_743.png
20260806_231256_922,2026-08-06 23:12:56,True,92,44,15.360000000000001,33,0.48,0.5,0.2,0,0.5,10,9.5,10,rrt_20260806_231256_922.png
20260806_231257_129,2026-08-06 23:12:57,True,586,90,15.360000000000005,33,0.48,0.5,0.2,0,0.5,10,9.5,10,rrt_20260806_231257_129.png
20260806_231258_758,2026-08-06 23:12:58,False,10000,103,0.0,0,0.48,0.5,0.2,0,0.5,10,9.5,10,rrt_20260806_231258_758.png
20260806_231258_987,2026-08-06 23:12:58,True,279,58,16.320000000000007,35,0.48,0.5,0.2,0,0.5,10,9.5,10,rrt_20260806_231258_987.png
20260806_231259_143,2026-08-06 23:12:59,True,225,52,15.084808009615124,33,0.48,0.5,0.2,0,0.5,10,9.5,10,rrt_20260806_231259_143.png
20260806_231259_308,2026-08-06 23:12:59,True,123,45,16.087474315150335,35,0.48,0.5,0.2,0,0.5,10,9.5,10,rrt_20260806_231259_308.png
20260806_231259_579,2026-08-06 23:12:59,True,509,95,16.320000000000004,35,0.48,0.5,0.2,0,0.5,10,9.5,10,rrt_20260806_231259_579.png
20260806_231259_818,2026-08-06 23:12:59,True,914,79,16.320000000000004,35,0.48,0.5,0.2,0,0.5,10,9.5,10,rrt_20260806_231259_818.png
20260806_231259_983,2026-08-06 23:12:59,True,194,54,16.320000000000004,35,0.48,0.5,0.2,0,0.5,10,9.5,10,rrt_20260806_231259_983.png
20260806_231300_195,2026-08-06 23:13:00,True,276,71,17.169838033056738,37,0.48,0.5,0.2,0,0.5,10,9.5,10,rrt_20260806_231300_195.png
20260806_231300_371,2026-08-06 23:13:00,True,83,45,15.360000000000007,33,0.48,0.5,0.2,0,0.5,10,9.5,10,rrt_20260806_231300_371.png
20260806_231300_515,2026-08-06 23:13:00,True,106,48,15.840000000000005,34,0.48,0.5,0.2,0,0.5,10,9.5,10,rrt_20260806_231300_515.png
20260806_231300_702,2026-08-06 23:13:00,True,108,42,15.840000000000005,34,0.48,0.5,0.2,0,0.5,10,9.5,10,rrt_20260806_231300_702.png
20260806_231300_956,2026-08-06 23:13:00,True,1265,84,18.236326308400344,39,0.48,0.5,0.2,0,0.5,10,9.5,10,rrt_20260806_231300_956.png
20260806_231301_975,2026-08-06 23:13:01,False,10000,57,0.0,0,0.48,0.5,0.2,0,0.5,10,9.5,10,rrt_20260806_231301_975.png
20260806_231302_202,2026-08-06 23:13:02,True,242,70,15.840000000000003,34,0.48,0.5,0.2,0,0.5,10,9.5,10,rrt_20260806_231302_202.png
20260806_231302_353,2026-08-06 23:13:02,True,139,53,15.840000000000009,34,0.48,0.5,0.2,0,0.5,10,9.5,10,rrt_20260806_231302_353.png
20260806_231302_507,2026-08-06 23:13:02,True,237,64,18.142756081438908,39,0.48,0.5,0.2,0,0.5,10,9.5,10,rrt_20260806_231302_507.png
20260806_231302_700,2026-08-06 23:13:02,True,113,42,16.32,35,0.48,0.5,0.2,0,0.5,10,9.5,10,rrt_20260806_231302_700.png
20260806_231302_856,2026-08-06 23:13:02,True,318,68,15.840000000000007,34,0.48,0.5,0.2,0,0.5,10,9.5,10,rrt_20260806_231302_856.png
20260806_231304_374,2026-08-06 23:13:04,False,10000,99,0.0,0,0.48,0.5,0.2,0,0.5,10,9.5,10,rrt_20260806_231304_374.png
20260806_231304_600,2026-08-06 23:13:04,True,136,50,15.331308627399775,33,0.48,0.5,0.2,0,0.5,10,9.5,10,rrt_20260806_231304_600.png
20260806_231305_635,2026-08-06 23:13:05,False,10000,50,0.0,0,0.48,0.5,0.2,0,0.5,10,9.5,10,rrt_20260806_231305_635.png
20260806_231305_857,2026-08-06 23:13:05,True,170,52,15.263520476059995,33,0.48,0.5,0.2,0,0.5,10,9.5,10,rrt_20260806_231305_857.png
20260806_231306_002,2026-08-06 23:13:06,True,87,46,15.208049362251776,33,0.48,0.5,0.2,0,0.5,10,9.5,10,rrt_20260806_231306_002.png
20260806_231306_154,2026-08-06 23:13:06,True,188,51,16.714277395760313,36,0.48,0.5,0.2,0,0.5,10,9.5,10,rrt_20260806_231306_154.png
20260806_231308_036,2026-08-06 23:13:08,False,10000,140,0.0,0,0.48,0.5,0.2,0,0.5,10,9.5,10,rrt_20260806_231308_036.png
20260806_231308_271,2026-08-06 23:13:08,True,186,52,15.5756839325845,34,0.48,0.5,0.2,0,0.5,10,9.5,10,rrt_20260806_231308_271.png
20260806_231308_415,2026-08-06 23:13:08,True,138,45,15.839999999999996,34,0.48,0.5,0.2,0,0.5,10,9.5,10,rrt_20260806_231308_415.png
20260806_231308_586,2026-08-06 23:13:08,True,114,46,15.332230087614779,33,0.48,0.5,0.2,0,0.5,10,9.5,10,rrt_20260806_231308_586.png
20260806_231308_769,2026-08-06 23:13:08,True,472,91,18.04613847334443,39,0.48,0.5,0.2,0,0.5,10,9.5,10,rrt_20260806_231308_769.png
20260806_231310_456,2026-08-06 23:13:10,False,10000,118,0.0,0,0.48,0.5,0.2,0,0.5,10,9.5,10,rrt_20260806_231310_456.png
20260806_231310_673,2026-08-06 23:13:10,True,122,42,15.360000000000007,33,0.48,0.5,0.2,0,0.5,10,9.5,10,rrt_20260806_231310_673.png
20260806_231310_894,2026-08-06 23:13:10,True,273,80,17.76000000000001,38,0.48,0.5,0.2,0,0.5,10,9.5,10,rrt_20260806_231310_894.png
20260806_231311_107,2026-08-06 23:13:11,True,163,48,16.086404393315526,35,0.48,0.5,0.2,0,0.5,10,9.5,10,rrt_20260806_231311_107.png
20260806_231312_211,2026-08-06 23:13:12,False,10000,52,0.0,0,0.48,0.5,0.2,0,0.5,10,9.5,10,rrt_20260806_231312_211.png
20260806_231312_437,2026-08-06 23:13:12,True,413,60,16.29031434824244,35,0.48,0.5,0.2,0,0.5,10,9.5,10,rrt_20260806_231312_437.png
20260806_231312_590,2026-08-06 23:13:12,True,127,41,15.360000000000003,33,0.48,0.5,0.2,0,0.5,10,9.5,10,rrt_20260806_231312_590.png
20260806_231312_734,2026-08-06 23:13:12,True,84,47,15.168804793523561,33,0.48,0.5,0.2,0,0.5,10,9.5,10,rrt_20260806_231312_734.png
20260806_231312_875,2026-08-06 23:13:12,True,67,43,14.749112640959728,32,0.48,0.5,0.2,0,0.5,10,9.5,10,rrt_20260806_231312_875.png
20260806_231313_027,2026-08-06 23:13:13,True,110,44,15.360000000000007,33,0.48,0.5,0.2,0,0.5,10,9.5,10,rrt_20260806_231313_027.png
20260806_231314_120,2026-08-06 23:13:14,False,10000,53,0.0,0,0.48,0.5,0.2,0,0.5,10,9.5,10,rrt_20260806_231314_120.png
20260806_231314_312,2026-08-06 23:13:14,True,117,40,14.879999999999997,32,0.48,0.5,0.2,0,0.5,10,9.5,10,rrt_20260806_231314_312.png
20260806_231314_475,2026-08-06 23:13:14,True,406,58,16.320000000000004,35,0.48,0.5,0.2,0,0.5,10,9.5,10,rrt_20260806_231314_475.png
20260806_231314_637,2026-08-06 23:13:14,True,318,56,18.24000000000001,39,0.48,0.5,0.2,0,0.5,10,9.5,10,rrt_20260806_231314_637.png
20260806_231314_817,2026-08-06 23:13:14,True,106,44,14.880000000000006,32,0.48,0.5,0.2,0,0.5,10,9.5,10,rrt_20260806_231314_817.png
20260806_231315_023,2026-08-06 23:13:15,True,530,82,19.650520776417068,42,0.48,0.5,0.2,0,0.5,10,9.5,10,rrt_20260806_231315_023.png
20260806_231315_227,2026-08-06 23:13:15,True,308,68,17.26108648181846,37,0.48,0.5,0.2,0,0.5,10,9.5,10,rrt_20260806_231315_227.png
20260806_231315_395,2026-08-06 23:13:15,True,336,65,15.360000000000003,33,0.48,0.5,0.2,0,0.5,10,9.5,10,rrt_20260806_231315_395.png
20260806_231315_681,2026-08-06 23:13:15,True,1065,87,20.160000000000007,43,0.48,0.5,0.2,0,0.5,10,9.5,10,rrt_20260806_231315_681.png
20260806_231315_900,2026-08-06 23:13:15,True,141,58,16.320000000000004,35,0.48,0.5,0.2,0,0.5,10,9.5,10,rrt_20260806_231315_900.png
20260806_231316_238,2026-08-06 23:13:16,True,1437,129,17.280000000000005,37,0.48,0.5,0.2,0,0.5,10,9.5,10,rrt_20260806_231316_238.png
20260806_231316_414,2026-08-06 23:13:16,True,172,56,15.36,33,0.48,0.5,0.2,0,0.5,10,9.5,10,rrt_20260806_231316_414.png
20260806_231316_596,2026-08-06 23:13:16,True,83,45,16.1550954276096,35,0.48,0.5,0.2,0,0.5,10,9.5,10,rrt_20260806_231316_596.png
20260806_231316_893,2026-08-06 23:13:16,True,1239,118,17.557425358570697,38,0.48,0.5,0.2,0,0.5,10,9.5,10,rrt_20260806_231316_893.png
20260806_231317_061,2026-08-06 23:13:17,True,143,47,16.174464427646125,35,0.48,0.5,0.2,0,0.5,10,9.5,10,rrt_20260806_231317_061.png
20260806_231317_225,2026-08-06 23:13:17,True,108,48,15.840000000000003,34,0.48,0.5,0.2,0,0.5,10,9.5,10,rrt_20260806_231317_225.png
20260806_231317_371,2026-08-06 23:13:17,True,140,53,15.220599804690902,33,0.48,0.5,0.2,0,0.5,10,9.5,10,rrt_20260806_231317_371.png
20260806_231317_574,2026-08-06 23:13:17,True,813,86,17.76000000000001,38,0.48,0.5,0.2,0,0.5,10,9.5,10,rrt_20260806_231317_574.png
20260806_231317_771,2026-08-06 23:13:17,True,190,58,15.359597065576217,33,0.48,0.5,0.2,0,0.5,10,9.5,10,rrt_20260806_231317_771.png
20260806_231319_477,2026-08-06 23:13:19,False,10000,122,0.0,0,0.48,0.5,0.2,0,0.5,10,9.5,10,rrt_20260806_231319_477.png
20260806_231319_724,2026-08-06 23:13:19,True,517,92,19.194909139094797,41,0.48,0.5,0.2,0,0.5,10,9.5,10,rrt_20260806_231319_724.png
20260806_231319_883,2026-08-06 23:13:19,True,153,53,15.675875322336744,34,0.48,0.5,0.2,0,0.5,10,9.5,10,rrt_20260806_231319_883.png
20260806_231320_848,2026-08-06 23:13:20,False,10000,57,0.0,0,0.48,0.5,0.2,0,0.5,10,9.5,10,rrt_20260806_231320_848.png
20260806_231321_082,2026-08-06 23:13:21,True,88,47,16.152412172355653,35,0.48,0.5,0.2,0,0.5,10,9.5,10,rrt_20260806_231321_082.png
20260806_231321_219,2026-08-06 23:13:21,True,63,35,15.360000000000005,33,0.48,0.5,0.2,0,0.5,10,9.5,10,rrt_20260806_231321_219.png
20260806_231321_359,2026-08-06 23:13:21,True,93,43,15.209017133164703,33,0.48,0.5,0.2,0,0.5,10,9.5,10,rrt_20260806_231321_359.png
20260806_231321_506,2026-08-06 23:13:21,True,157,49,15.840000000000005,34,0.48,0.5,0.2,0,0.5,10,9.5,10,rrt_20260806_231321_506.png
20260806_231322_601,2026-08-06 23:13:22,False,10000,57,0.0,0,0.48,0.5,0.2,0,0.5,10,9.5,10,rrt_20260806_231322_601.png
20260806_231322_799,2026-08-06 23:13:22,True,237,58,17.197408786262386,37,0.48,0.5,0.2,0,0.5,10,9.5,10,rrt_20260806_231322_799.png
20260806_231322_974,2026-08-06 23:13:22,True,47,36,14.879999999999997,32,0.48,0.5,0.2,0,0.5,10,9.5,10,rrt_20260806_231322_974.png
20260806_231323_115,2026-08-06 23:13:23,True,97,50,15.840000000000007,34,0.48,0.6,0.2,0,0.5,10,9.5,10,rrt_20260806_231323_115.png
20260806_231323_278,2026-08-06 23:13:23,True,164,64,16.054324662746215,35,0.48,0.6,0.2,0,0.5,10,9.5,10,rrt_20260806_231323_278.png
20260806_231323_422,2026-08-06 23:13:23,True,73,44,16.276434046345646,35,0.48,0.6,0.2,0,0.5,10,9.5,10,rrt_20260806_231323_422.png
20260806_231323_569,2026-08-06 23:13:23,True,151,52,15.840000000000007,34,0.48,0.6,0.2,0,0.5,10,9.5,10,rrt_20260806_231323_569.png
20260806_231324_502,2026-08-06 23:13:24,False,10000,52,0.0,0,0.48,0.6,0.2,0,0.5,10,9.5,10,rrt_20260806_231324_502.png
20260806_231325_605,2026-08-06 23:13:25,False,10000,55,0.0,0,0.48,0.6,0.2,0,0.5,10,9.5,10,rrt_20260806_231325_605.png
20260806_231325_804,2026-08-06 23:13:25,True,151,62,17.548085958571534,38,0.48,0.6,0.2,0,0.5,10,9.5,10,rrt_20260806_231325_804.png
20260806_231326_017,2026-08-06 23:13:26,True,713,79,16.127509486661,35,0.48,0.6,0.2,0,0.5,10,9.5,10,rrt_20260806_231326_017.png
20260806_231327_568,2026-08-06 23:13:27,False,10000,108,0.0,0,0.48,0.6,0.2,0,0.5,10,9.5,10,rrt_20260806_231327_568.png
20260806_231327_784,2026-08-06 23:13:27,True,69,52,14.72016224421187,32,0.48,0.6,0.2,0,0.5,10,9.5,10,rrt_20260806_231327_784.png
20260806_231327_958,2026-08-06 23:13:27,True,150,64,15.793298468353598,34,0.48,0.6,0.2,0,0.5,10,9.5,10,rrt_20260806_231327_958.png
20260806_231328_107,2026-08-06 23:13:28,True,156,62,15.600500586034276,34,0.48,0.6,0.2,0,0.5,10,9.5,10,rrt_20260806_231328_107.png
20260806_231328_296,2026-08-06 23:13:28,True,168,48,15.725835046508378,34,0.48,0.6,0.2,0,0.5,10,9.5,10,rrt_20260806_231328_296.png
20260806_231330_367,2026-08-06 23:13:30,False,10000,163,0.0,0,0.48,0.6,0.2,0,0.5,10,9.5,10,rrt_20260806_231330_367.png
20260806_231330_632,2026-08-06 23:13:30,True,200,56,14.880000000000003,32,0.48,0.6,0.2,0,0.5,10,9.5,10,rrt_20260806_231330_632.png
20260806_231332_505,2026-08-06 23:13:32,False,10000,132,0.0,0,0.48,0.6,0.2,0,0.5,10,9.5,10,rrt_20260806_231332_505.png
20260806_231332_715,2026-08-06 23:13:32,True,88,52,16.287428875728782,35,0.48,0.6,0.2,0,0.5,10,9.5,10,rrt_20260806_231332_715.png
20260806_231334_725,2026-08-06 23:13:34,False,10000,150,0.0,0,0.48,0.6,0.2,0,0.5,10,9.5,10,rrt_20260806_231334_725.png
20260806_231335_000,2026-08-06 23:13:35,True,387,63,15.840000000000005,34,0.48,0.6,0.2,0,0.5,10,9.5,10,rrt_20260806_231335_000.png
20260806_231335_148,2026-08-06 23:13:35,True,131,48,15.604971333765969,34,0.48,0.6,0.2,0,0.5,10,9.5,10,rrt_20260806_231335_148.png
20260806_231336_830,2026-08-06 23:13:36,False,10000,118,0.0,0,0.48,0.6,0.2,0,0.5,10,9.5,10,rrt_20260806_231336_830.png
20260806_231337_032,2026-08-06 23:13:37,True,102,51,15.614560527639304,34,0.48,0.6,0.2,0,0.5,10,9.5,10,rrt_20260806_231337_032.png
20260806_231337_198,2026-08-06 23:13:37,True,116,52,15.840000000000007,34,0.48,0.6,0.2,0,0.5,10,9.5,10,rrt_20260806_231337_198.png
20260806_231337_369,2026-08-06 23:13:37,True,113,47,16.320000000000004,35,0.48,0.6,0.2,0,0.5,10,9.5,10,rrt_20260806_231337_369.png
20260806_231339_033,2026-08-06 23:13:39,False,10000,117,0.0,0,0.48,0.6,0.2,0,0.5,10,9.5,10,rrt_20260806_231339_033.png
20260806_231339_262,2026-08-06 23:13:39,True,80,41,14.879999999999988,32,0.48,0.6,0.2,0,0.5,10,9.5,10,rrt_20260806_231339_262.png
20260806_231340_747,2026-08-06 23:13:40,False,10000,92,0.0,0,0.48,0.6,0.2,0,0.5,10,9.5,10,rrt_20260806_231340_747.png
20260806_231342_385,2026-08-06 23:13:42,False,10000,95,0.0,0,0.48,0.6,0.2,0,0.5,10,9.5,10,rrt_20260806_231342_385.png
20260806_231342_592,2026-08-06 23:13:42,True,148,52,14.859929710002804,32,0.48,0.6,0.2,0,0.5,10,9.5,10,rrt_20260806_231342_592.png
20260806_231342_766,2026-08-06 23:13:42,True,101,43,14.880000000000004,32,0.48,0.6,0.2,0,0.5,10,9.5,10,rrt_20260806_231342_766.png
20260806_231342_941,2026-08-06 23:13:42,True,149,67,17.76000000000001,38,0.48,0.6,0.2,0,0.5,10,9.5,10,rrt_20260806_231342_941.png
20260806_231343_085,2026-08-06 23:13:43,True,83,47,15.582440431347983,34,0.48,0.6,0.2,0,0.5,10,9.5,10,rrt_20260806_231343_085.png
20260806_231343_241,2026-08-06 23:13:43,True,249,55,15.840000000000007,34,0.48,0.6,0.2,0,0.5,10,9.5,10,rrt_20260806_231343_241.png
20260806_231343_449,2026-08-06 23:13:43,True,635,94,16.097486607980905,35,0.48,0.6,0.2,0,0.5,10,9.5,10,rrt_20260806_231343_449.png
20260806_231345_211,2026-08-06 23:13:45,False,10000,125,0.0,0,0.48,0.6,0.2,0,0.5,10,9.5,10,rrt_20260806_231345_211.png
20260806_231347_056,2026-08-06 23:13:47,False,10000,106,0.0,0,0.48,0.6,0.2,0,0.5,10,9.5,10,rrt_20260806_231347_056.png
20260806_231347_324,2026-08-06 23:13:47,True,257,69,18.720000000000006,40,0.48,0.6,0.2,0,0.5,10,9.5,10,rrt_20260806_231347_324.png
20260806_231348_853,2026-08-06 23:13:48,False,10000,94,0.0,0,0.48,0.6,0.2,0,0.5,10,9.5,10,rrt_20260806_231348_853.png
20260806_231349_070,2026-08-06 23:13:49,True,188,50,16.319907249285706,35,0.48,0.6,0.2,0,0.5,10,9.5,10,rrt_20260806_231349_070.png
20260806_231350_249,2026-08-06 23:13:50,False,10000,73,0.0,0,0.48,0.6,0.2,0,0.5,10,9.5,10,rrt_20260806_231350_249.png
20260806_231350_447,2026-08-06 23:13:50,True,131,48,16.78991146925468,36,0.48,0.6,0.2,0,0.5,10,9.5,10,rrt_20260806_231350_447.png
20260806_231352_169,2026-08-06 23:13:52,False,10000,120,0.0,0,0.48,0.6,0.2,0,0.5,10,9.5,10,rrt_20260806_231352_169.png
20260806_231352_417,2026-08-06 23:13:52,True,608,74,15.792803510749717,34,0.48,0.6,0.2,0,0.5,10,9.5,10,rrt_20260806_231352_417.png
20260806_231353_549,2026-08-06 23:13:53,False,10000,59,0.0,0,0.48,0.6,0.2,0,0.5,10,9.5,10,rrt_20260806_231353_549.png
20260806_231353_771,2026-08-06 23:13:53,True,148,64,16.699320926822402,36,0.48,0.6,0.2,0,0.5,10,9.5,10,rrt_20260806_231353_771.png
20260806_231354_069,2026-08-06 23:13:54,True,1807,82,14.65365802110079,32,0.48,0.6,0.2,0,0.5,10,9.5,10,rrt_20260806_231354_069.png
20260806_231355_478,2026-08-06 23:13:55,False,10000,85,0.0,0,0.48,0.6,0.2,0,0.5,10,9.5,10,rrt_20260806_231355_478.png
20260806_231355_679,2026-08-06 23:13:55,True,77,47,14.880000000000003,32,0.48,0.6,0.2,0,0.5,10,9.5,10,rrt_20260806_231355_679.png
20260806_231355_838,2026-08-06 23:13:55,True,169,53,16.800000000000008,36,0.48,0.6,0.2,0,0.5,10,9.5,10,rrt_20260806_231355_838.png
20260806_231356_948,2026-08-06 23:13:56,False,10000,56,0.0,0,0.48,0.6,0.2,0,0.5,10,9.5,10,rrt_20260806_231356_948.png
20260806_231357_140,2026-08-06 23:13:57,True,176,61,17.70240871647315,38,0.48,0.6,0.2,0,0.5,10,9.5,10,rrt_20260806_231357_140.png
20260806_231357_292,2026-08-06 23:13:57,True,198,70,17.280000000000005,37,0.48,0.6,0.2,0,0.5,10,9.5,10,rrt_20260806_231357_292.png
20260806_231358_714,2026-08-06 23:13:58,False,10000,80,0.0,0,0.48,0.6,0.2,0,0.5,10,9.5,10,rrt_20260806_231358_714.png
20260806_231358_919,2026-08-06 23:13:58,True,175,58,17.262725575538003,37,0.48,0.6,0.2,0,0.5,10,9.5,10,rrt_20260806_231358_919.png
20260806_231359_133,2026-08-06 23:13:59,True,700,103,17.703436970153426,38,0.48,0.6,0.2,0,0.5,10,9.5,10,rrt_20260806_231359_133.png
20260806_231400_740,2026-08-06 23:14:00,False,10000,106,0.0,0,0.48,0.6,0.2,0,0.5,10,9.5,10,rrt_20260806_231400_740.png
20260806_231400_961,2026-08-06 23:14:00,True,131,51,15.317949100976216,33,0.48,0.6,0.2,0,0.5,10,9.5,10,rrt_20260806_231400_961.png
20260806_231401_108,2026-08-06 23:14:01,True,106,45,15.080422704895494,33,0.48,0.6,0.2,0,0.5,10,9.5,10,rrt_20260806_231401_108.png
20260806_231401_279,2026-08-06 23:14:01,True,227,54,15.264806833537216,33,0.48,0.6,0.2,0,0.5,10,9.5,10,rrt_20260806_231401_279.png
20260806_231402_694,2026-08-06 23:14:02,False,10000,82,0.0,0,0.48,0.6,0.2,0,0.5,10,9.5,10,rrt_20260806_231402_694.png
20260806_231404_168,2026-08-06 23:14:04,False,10000,92,0.0,0,0.48,0.6,0.2,0,0.5,10,9.5,10,rrt_20260806_231404_168.png
20260806_231404_379,2026-08-06 23:14:04,True,223,65,16.64941635667344,36,0.48,0.6,0.2,0,0.5,10,9.5,10,rrt_20260806_231404_379.png
20260806_231404_533,2026-08-06 23:14:04,True,214,65,17.206638069225182,37,0.48,0.6,0.2,0,0.5,10,9.5,10,rrt_20260806_231404_533.png
20260806_231404_702,2026-08-06 23:14:04,True,218,70,16.8,36,0.48,0.6,0.2,0,0.5,10,9.5,10,rrt_20260806_231404_702.png
20260806_231404_854,2026-08-06 23:14:04,True,172,61,15.736109090019324,34,0.48,0.6,0.2,0,0.5,10,9.5,10,rrt_20260806_231404_854.png
20260806_231405_028,2026-08-06 23:14:05,True,90,49,14.806992304663304,32,0.48,0.6,0.2,0,0.5,10,9.5,10,rrt_20260806_231405_028.png
20260806_231406_941,2026-08-06 23:14:06,False,10000,148,0.0,0,0.48,0.6,0.2,0,0.5,10,9.5,10,rrt_20260806_231406_941.png
20260806_231408_660,2026-08-06 23:14:08,False,10000,104,0.0,0,0.48,0.6,0.2,0,0.5,10,9.5,10,rrt_20260806_231408_660.png
20260806_231409_966,2026-08-06 23:14:09,False,10000,73,0.0,0,0.48,0.6,0.2,0,0.5,10,9.5,10,rrt_20260806_231409_966.png
20260806_231410_218,2026-08-06 23:14:10,True,72,43,15.36,33,0.48,0.6,0.2,0,0.5,10,9.5,10,rrt_20260806_231410_218.png
20260806_231411_272,2026-08-06 23:14:11,False,10000,50,0.0,0,0.48,0.6,0.2,0,0.5,10,9.5,10,rrt_20260806_231411_272.png
20260806_231411_501,2026-08-06 23:14:11,True,120,56,15.36,33,0.48,0.6,0.2,0,0.5,10,9.5,10,rrt_20260806_231411_501.png
20260806_231411_658,2026-08-06 23:14:11,True,160,45,15.189239564951281,33,0.48,0.6,0.2,0,0.5,10,9.5,10,rrt_20260806_231411_658.png
20260806_231412_769,2026-08-06 23:14:12,False,10000,57,0.0,0,0.48,0.6,0.2,0,0.5,10,9.5,10,rrt_20260806_231412_769.png
20260806_231413_007,2026-08-06 23:14:13,True,303,64,17.28000000000001,37,0.48,0.6,0.2,0,0.5,10,9.5,10,rrt_20260806_231413_007.png
20260806_231413_157,2026-08-06 23:14:13,True,157,48,15.1009954041139,33,0.48,0.6,0.2,0,0.5,10,9.5,10,rrt_20260806_231413_157.png
20260806_231413_302,2026-08-06 23:14:13,True,110,49,15.360000000000005,33,0.48,0.6,0.2,0,0.5,10,9.5,10,rrt_20260806_231413_302.png
20260806_231413_457,2026-08-06 23:14:13,True,238,72,15.56682496739606,34,0.48,0.6,0.2,0,0.5,10,9.5,10,rrt_20260806_231413_457.png
20260806_231413_616,2026-08-06 23:14:13,True,120,44,15.256613294753446,33,0.48,0.6,0.2,0,0.5,10,9.5,10,rrt_20260806_231413_616.png
20260806_231413_758,2026-08-06 23:14:13,True,102,43,16.800000000000004,36,0.48,0.6,0.2,0,0.5,10,9.5,10,rrt_20260806_231413_758.png
20260806_231413_918,2026-08-06 23:14:13,True,187,55,16.07109626303856,35,0.48,0.6,0.2,0,0.5,10,9.5,10,rrt_20260806_231413_918.png
20260806_231414_118,2026-08-06 23:14:14,True,296,76,17.28000000000001,37,0.48,0.6,0.2,0,0.5,10,9.5,10,rrt_20260806_231414_118.png
20260806_231415_660,2026-08-06 23:14:15,False,10000,106,0.0,0,0.48,0.6,0.2,0,0.5,10,9.5,10,rrt_20260806_231415_660.png
20260806_231417_142,2026-08-06 23:14:17,False,10000,81,0.0,0,0.48,0.6,0.2,0,0.5,10,9.5,10,rrt_20260806_231417_142.png
20260806_231417_359,2026-08-06 23:14:17,True,73,43,16.30309587336474,35,0.48,0.6,0.2,0,0.5,10,9.5,10,rrt_20260806_231417_359.png
20260806_231418_361,2026-08-06 23:14:18,False,10000,46,0.0,0,0.48,0.6,0.2,0,0.5,10,9.5,10,rrt_20260806_231418_361.png
20260806_231418_554,2026-08-06 23:14:18,True,157,47,16.320000000000004,35,0.48,0.6,0.2,0,0.5,10,9.5,10,rrt_20260806_231418_554.png
20260806_231418_710,2026-08-06 23:14:18,True,160,50,15.339247432799112,33,0.48,0.6,0.2,0,0.5,10,9.5,10,rrt_20260806_231418_710.png
20260806_231418_867,2026-08-06 23:14:18,True,305,72,15.360000000000007,33,0.48,0.6,0.2,0,0.5,10,9.5,10,rrt_20260806_231418_867.png
20260806_231419_032,2026-08-06 23:14:19,True,92,47,15.601546164108454,34,0.48,0.6,0.2,0,0.5,10,9.5,10,rrt_20260806_231419_032.png
20260806_231421_167,2026-08-06 23:14:21,False,10000,164,0.0,0,0.48,0.6,0.2,0,0.5,10,9.5,10,rrt_20260806_231421_167.png
20260806_231421_436,2026-08-06 23:14:21,True,368,78,19.68000000000001,42,0.48,0.6,0.2,0,0.5,10,9.5,10,rrt_20260806_231421_436.png
20260806_231421_587,2026-08-06 23:14:21,True,97,44,15.360000000000005,33,0.48,0.6,0.2,0,0.5,10,9.5,10,rrt_20260806_231421_587.png
20260806_231421_730,2026-08-06 23:14:21,True,81,46,14.825334253517555,32,0.48,0.6,0.2,0,0.5,10,9.5,10,rrt_20260806_231421_730.png
20260806_231421_871,2026-08-06 23:14:21,True,72,46,15.359999999999998,33,0.48,0.6,0.2,0,0.5,10,9.5,10,rrt_20260806_231421_871.png
20260806_231423_556,2026-08-06 23:14:23,False,10000,106,0.0,0,0.48,0.6,0.2,0,0.5,10,9.5,10,rrt_20260806_231423_556.png
20260806_231423_812,2026-08-06 23:14:23,True,139,49,15.33905952291715,33,0.48,0.6,0.2,0,0.5,10,9.5,10,rrt_20260806_231423_812.png
20260806_231423_973,2026-08-06 23:14:23,True,283,76,16.800000000000004,36,0.48,0.6,0.2,0,0.5,10,9.5,10,rrt_20260806_231423_973.png
20260806_231424_136,2026-08-06 23:14:24,True,147,51,15.248924816906555,33,0.48,0.6,0.2,0,0.5,10,9.5,10,rrt_20260806_231424_136.png
20260806_231424_339,2026-08-06 23:14:24,True,753,79,16.30636638884899,35,0.48,0.6,0.2,0,0.5,10,9.5,10,rrt_20260806_231424_339.png
20260806_231424_515,2026-08-06 23:14:24,True,372,71,18.24000000000001,39,0.48,0.7,0.2,0,0.5,10,9.5,10,rrt_20260806_231424_515.png
20260806_231424_675,2026-08-06 23:14:24,True,232,75,16.8,36,0.48,0.7,0.2,0,0.5,10,9.5,10,rrt_20260806_231424_675.png
20260806_231424_832,2026-08-06 23:14:24,True,91,51,16.320000000000007,35,0.48,0.7,0.2,0,0.5,10,9.5,10,rrt_20260806_231424_832.png
20260806_231425_017,2026-08-06 23:14:25,True,96,50,16.800000000000004,36,0.48,0.7,0.2,0,0.5,10,9.5,10,rrt_20260806_231425_017.png
20260806_231426_669,2026-08-06 23:14:26,False,10000,116,0.0,0,0.48,0.7,0.2,0,0.5,10,9.5,10,rrt_20260806_231426_669.png
20260806_231426_898,2026-08-06 23:14:26,True,207,69,17.563909251764773,38,0.48,0.7,0.2,0,0.5,10,9.5,10,rrt_20260806_231426_898.png
20260806_231427_057,2026-08-06 23:14:27,True,131,65,16.756475151298986,36,0.48,0.7,0.2,0,0.5,10,9.5,10,rrt_20260806_231427_057.png
20260806_231427_222,2026-08-06 23:14:27,True,174,57,15.840000000000007,34,0.48,0.7,0.2,0,0.5,10,9.5,10,rrt_20260806_231427_222.png
20260806_231427_435,2026-08-06 23:14:27,True,502,101,19.680000000000007,42,0.48,0.7,0.2,0,0.5,10,9.5,10,rrt_20260806_231427_435.png
20260806_231429_318,2026-08-06 23:14:29,False,10000,135,0.0,0,0.48,0.7,0.2,0,0.5,10,9.5,10,rrt_20260806_231429_318.png
20260806_231430_384,2026-08-06 23:14:30,False,10000,46,0.0,0,0.48,0.7,0.2,0,0.5,10,9.5,10,rrt_20260806_231430_384.png
20260806_231430_581,2026-08-06 23:14:30,True,96,45,14.880000000000004,32,0.48,0.7,0.2,0,0.5,10,9.5,10,rrt_20260806_231430_581.png
20260806_231430_741,2026-08-06 23:14:30,True,215,59,16.096874292499802,35,0.48,0.7,0.2,0,0.5,10,9.5,10,rrt_20260806_231430_741.png
20260806_231430_988,2026-08-06 23:14:30,True,701,103,18.52587675960523,40,0.48,0.7,0.2,0,0.5,10,9.5,10,rrt_20260806_231430_988.png
20260806_231431_152,2026-08-06 23:14:31,True,101,56,16.069045414008027,35,0.48,0.7,0.2,0,0.5,10,9.5,10,rrt_20260806_231431_152.png
20260806_231431_338,2026-08-06 23:14:31,True,355,71,18.72000000000001,40,0.48,0.7,0.2,0,0.5,10,9.5,10,rrt_20260806_231431_338.png
20260806_231431_506,2026-08-06 23:14:31,True,75,48,15.333956712418315,33,0.48,0.7,0.2,0,0.5,10,9.5,10,rrt_20260806_231431_506.png
20260806_231432_988,2026-08-06 23:14:32,False,10000,88,0.0,0,0.48,0.7,0.2,0,0.5,10,9.5,10,rrt_20260806_231432_988.png
20260806_231433_201,2026-08-06 23:14:33,True,195,69,17.76000000000001,38,0.48,0.7,0.2,0,0.5,10,9.5,10,rrt_20260806_231433_201.png
20260806_231433_384,2026-08-06 23:14:33,True,89,53,14.400000000000004,31,0.48,0.7,0.2,0,0.5,10,9.5,10,rrt_20260806_231433_384.png
20260806_231433_549,2026-08-06 23:14:33,True,346,70,16.320000000000004,35,0.48,0.7,0.2,0,0.5,10,9.5,10,rrt_20260806_231433_549.png
20260806_231433_710,2026-08-06 23:14:33,True,175,62,16.320000000000007,35,0.48,0.7,0.2,0,0.5,10,9.5,10,rrt_20260806_231433_710.png
20260806_231433_855,2026-08-06 23:14:33,True,106,57,16.24122154151823,35,0.48,0.7,0.2,0,0.5,10,9.5,10,rrt_20260806_231433_855.png
20260806_231434_012,2026-08-06 23:14:34,True,204,73,16.19962974271775,35,0.48,0.7,0.2,0,0.5,10,9.5,10,rrt_20260806_231434_012.png
20260806_231434_174,2026-08-06 23:14:34,True,200,62,15.257101585656551,33,0.48,0.7,0.2,0,0.5,10,9.5,10,rrt_20260806_231434_174.png
20260806_231434_375,2026-08-06 23:14:34,True,231,54,16.756963953696616,36,0.48,0.7,0.2,0,0.5,10,9.5,10,rrt_20260806_231434_375.png
20260806_231434_546,2026-08-06 23:14:34,True,425,72,15.36,33,0.48,0.7,0.2,0,0.5,10,9.5,10,rrt_20260806_231434_546.png
20260806_231436_086,2026-08-06 23:14:36,False,10000,102,0.0,0,0.48,0.7,0.2,0,0.5,10,9.5,10,rrt_20260806_231436_086.png
20260806_231436_296,2026-08-06 23:14:36,True,192,57,15.360000000000003,33,0.48,0.7,0.2,0,0.5,10,9.5,10,rrt_20260806_231436_296.png
20260806_231437_857,2026-08-06 23:14:37,False,10000,99,0.0,0,0.48,0.7,0.2,0,0.5,10,9.5,10,rrt_20260806_231437_857.png
20260806_231438_094,2026-08-06 23:14:38,True,112,45,15.360000000000003,33,0.48,0.7,0.2,0,0.5,10,9.5,10,rrt_20260806_231438_094.png
20260806_231438_242,2026-08-06 23:14:38,True,92,47,15.360000000000003,33,0.48,0.7,0.2,0,0.5,10,9.5,10,rrt_20260806_231438_242.png
20260806_231438_469,2026-08-06 23:14:38,True,821,94,17.28000000000001,37,0.48,0.7,0.2,0,0.5,10,9.5,10,rrt_20260806_231438_469.png
20260806_231440_183,2026-08-06 23:14:40,False,10000,120,0.0,0,0.48,0.7,0.2,0,0.5,10,9.5,10,rrt_20260806_231440_183.png
20260806_231440_405,2026-08-06 23:14:40,True,155,62,15.84,34,0.48,0.7,0.2,0,0.5,10,9.5,10,rrt_20260806_231440_405.png
20260806_231440_584,2026-08-06 23:14:40,True,108,55,18.232626414713447,39,0.48,0.7,0.2,0,0.5,10,9.5,10,rrt_20260806_231440_584.png
20260806_231441_679,2026-08-06 23:14:41,False,10000,56,0.0,0,0.48,0.7,0.2,0,0.5,10,9.5,10,rrt_20260806_231441_679.png
20260806_231441_872,2026-08-06 23:14:41,True,116,59,17.557702665920342,38,0.48,0.7,0.2,0,0.5,10,9.5,10,rrt_20260806_231441_872.png
20260806_231442_017,2026-08-06 23:14:42,True,128,52,16.31423278625294,35,0.48,0.7,0.2,0,0.5,10,9.5,10,rrt_20260806_231442_017.png
20260806_231442_163,2026-08-06 23:14:42,True,137,49,16.041021119971038,35,0.48,0.7,0.2,0,0.5,10,9.5,10,rrt_20260806_231442_163.png
20260806_231442_313,2026-08-06 23:14:42,True,140,62,16.642627255318676,36,0.48,0.7,0.2,0,0.5,10,9.5,10,rrt_20260806_231442_313.png
20260806_231443_906,2026-08-06 23:14:43,False,10000,107,0.0,0,0.48,0.7,0.2,0,0.5,10,9.5,10,rrt_20260806_231443_906.png
20260806_231444_138,2026-08-06 23:14:44,True,270,67,16.320000000000004,35,0.48,0.7,0.2,0,0.5,10,9.5,10,rrt_20260806_231444_138.png
20260806_231444_283,2026-08-06 23:14:44,True,78,49,15.13346845313108,33,0.48,0.7,0.2,0,0.5,10,9.5,10,rrt_20260806_231444_283.png
20260806_231444_426,2026-08-06 23:14:44,True,66,48,15.360000000000001,33,0.48,0.7,0.2,0,0.5,10,9.5,10,rrt_20260806_231444_426.png
20260806_231444_574,2026-08-06 23:14:44,True,116,52,15.272518543470003,33,0.48,0.7,0.2,0,0.5,10,9.5,10,rrt_20260806_231444_574.png
20260806_231444_754,2026-08-06 23:14:44,True,340,84,18.95568640055739,41,0.48,0.7,0.2,0,0.5,10,9.5,10,rrt_20260806_231444_754.png
20260806_231444_948,2026-08-06 23:14:44,True,74,53,14.795803915054462,32,0.48,0.7,0.2,0,0.5,10,9.5,10,rrt_20260806_231444_948.png
20260806_231445_096,2026-08-06 23:14:45,True,90,46,15.203996299774843,33,0.48,0.7,0.2,0,0.5,10,9.5,10,rrt_20260806_231445_096.png
20260806_231445_246,2026-08-06 23:14:45,True,131,58,14.88,32,0.48,0.7,0.2,0,0.5,10,9.5,10,rrt_20260806_231445_246.png
20260806_231445_411,2026-08-06 23:14:45,True,88,50,15.36,33,0.48,0.7,0.2,0,0.5,10,9.5,10,rrt_20260806_231445_411.png
20260806_231445_614,2026-08-06 23:14:45,True,311,68,20.07019224713877,43,0.48,0.7,0.2,0,0.5,10,9.5,10,rrt_20260806_231445_614.png
20260806_231445_822,2026-08-06 23:14:45,True,124,58,16.800000000000004,36,0.48,0.7,0.2,0,0.5,10,9.5,10,rrt_20260806_231445_822.png
20260806_231446_027,2026-08-06 23:14:46,True,100,52,15.71200246070193,34,0.48,0.7,0.2,0,0.5,10,9.5,10,rrt_20260806_231446_027.png
20260806_231446_183,2026-08-06 23:14:46,True,123,53,16.67882058521106,36,0.48,0.7,0.2,0,0.5,10,9.5,10,rrt_20260806_231446_183.png
20260806_231446_373,2026-08-06 23:14:46,True,591,84,18.17701459532169,39,0.48,0.7,0.2,0,0.5,10,9.5,10,rrt_20260806_231446_373.png
20260806_231446_541,2026-08-06 23:14:46,True,248,67,16.29843025405437,35,0.48,0.7,0.2,0,0.5,10,9.5,10,rrt_20260806_231446_541.png
20260806_231446_687,2026-08-06 23:14:46,True,69,47,15.709364812089767,34,0.48,0.7,0.2,0,0.5,10,9.5,10,rrt_20260806_231446_687.png
20260806_231448_072,2026-08-06 23:14:48,False,10000,88,0.0,0,0.48,0.7,0.2,0,0.5,10,9.5,10,rrt_20260806_231448_072.png
20260806_231448_311,2026-08-06 23:14:48,True,128,63,14.855864533933,32,0.48,0.7,0.2,0,0.5,10,9.5,10,rrt_20260806_231448_311.png
20260806_231450_366,2026-08-06 23:14:50,False,10000,153,0.0,0,0.48,0.7,0.2,0,0.5,10,9.5,10,rrt_20260806_231450_366.png
20260806_231450_597,2026-08-06 23:14:50,True,108,49,15.360000000000007,33,0.48,0.7,0.2,0,0.5,10,9.5,10,rrt_20260806_231450_597.png
20260806_231451_887,2026-08-06 23:14:51,False,10000,73,0.0,0,0.48,0.7,0.2,0,0.5,10,9.5,10,rrt_20260806_231451_887.png
20260806_231452_111,2026-08-06 23:14:52,True,95,53,16.708864927276927,36,0.48,0.7,0.2,0,0.5,10,9.5,10,rrt_20260806_231452_111.png
20260806_231452_301,2026-08-06 23:14:52,True,102,52,15.763771475834854,34,0.48,0.7,0.2,0,0.5,10,9.5,10,rrt_20260806_231452_301.png
20260806_231452_471,2026-08-06 23:14:52,True,123,54,15.840000000000007,34,0.48,0.7,0.2,0,0.5,10,9.5,10,rrt_20260806_231452_471.png
20260806_231454_134,2026-08-06 23:14:54,False,10000,117,0.0,0,0.48,0.7,0.2,0,0.5,10,9.5,10,rrt_20260806_231454_134.png
20260806_231454_583,2026-08-06 23:14:54,True,2250,118,17.176061612369068,37,0.48,0.7,0.2,0,0.5,10,9.5,10,rrt_20260806_231454_583.png
20260806_231454_760,2026-08-06 23:14:54,True,61,41,14.768904178408773,32,0.48,0.7,0.2,0,0.5,10,9.5,10,rrt_20260806_231454_760.png
20260806_231454_950,2026-08-06 23:14:54,True,146,46,15.360000000000003,33,0.48,0.7,0.2,0,0.5,10,9.5,10,rrt_20260806_231454_950.png
20260806_231457_305,2026-08-06 23:14:57,False,10000,185,0.0,0,0.48,0.7,0.2,0,0.5,10,9.5,10,rrt_20260806_231457_305.png
20260806_231457_569,2026-08-06 23:14:57,True,558,81,17.279999999999998,37,0.48,0.7,0.2,0,0.5,10,9.5,10,rrt_20260806_231457_569.png
20260806_231457_744,2026-08-06 23:14:57,True,98,48,15.839263132871096,34,0.48,0.7,0.2,0,0.5,10,9.5,10,rrt_20260806_231457_744.png
20260806_231458_833,2026-08-06 23:14:58,False,10000,56,0.0,0,0.48,0.7,0.2,0,0.5,10,9.5,10,rrt_20260806_231458_833.png
20260806_231459_069,2026-08-06 23:14:59,True,265,83,17.76000000000001,38,0.48,0.7,0.2,0,0.5,10,9.5,10,rrt_20260806_231459_069.png
20260806_231459_277,2026-08-06 23:14:59,True,667,79,18.03159325186689,39,0.48,0.7,0.2,0,0.5,10,9.5,10,rrt_20260806_231459_277.png
20260806_231459_438,2026-08-06 23:14:59,True,125,54,16.636207521350535,36,0.48,0.7,0.2,0,0.5,10,9.5,10,rrt_20260806_231459_438.png
20260806_231459_605,2026-08-06 23:14:59,True,307,80,17.138397805234717,37,0.48,0.7,0.2,0,0.5,10,9.5,10,rrt_20260806_231459_605.png
20260806_231459_777,2026-08-06 23:14:59,True,112,56,17.26948524050402,37,0.48,0.7,0.2,0,0.5,10,9.5,10,rrt_20260806_231459_777.png
20260806_231459_929,2026-08-06 23:14:59,True,139,63,16.532686189097323,36,0.48,0.7,0.2,0,0.5,10,9.5,10,rrt_20260806_231459_929.png
20260806_231500_116,2026-08-06 23:15:00,True,114,54,15.360000000000001,33,0.48,0.7,0.2,0,0.5,10,9.5,10,rrt_20260806_231500_116.png
20260806_231501_082,2026-08-06 23:15:01,False,10000,44,0.0,0,0.48,0.7,0.2,0,0.5,10,9.5,10,rrt_20260806_231501_082.png
20260806_231502_079,2026-08-06 23:15:02,False,10000,54,0.0,0,0.48,0.7,0.2,0,0.5,10,9.5,10,rrt_20260806_231502_079.png
20260806_231503_158,2026-08-06 23:15:03,False,10000,60,0.0,0,0.48,0.7,0.2,0,0.5,10,9.5,10,rrt_20260806_231503_158.png
20260806_231503_391,2026-08-06 23:15:03,True,671,76,15.84,34,0.48,0.7,0.2,0,0.5,10,9.5,10,rrt_20260806_231503_391.png
20260806_231503_581,2026-08-06 23:15:03,True,242,70,17.760000000000005,38,0.48,0.7,0.2,0,0.5,10,9.5,10,rrt_20260806_231503_581.png
20260806_231503_736,2026-08-06 23:15:03,True,166,56,16.320000000000007,35,0.48,0.7,0.2,0,0.5,10,9.5,10,rrt_20260806_231503_736.png
20260806_231504_624,2026-08-06 23:15:04,False,10000,49,0.0,0,0.48,0.7,0.2,0,0.5,10,9.5,10,rrt_20260806_231504_624.png
20260806_231504_820,2026-08-06 23:15:04,True,129,58,15.360000000000007,33,0.48,0.7,0.2,0,0.5,10,9.5,10,rrt_20260806_231504_820.png
20260806_231506_621,2026-08-06 23:15:06,False,10000,132,0.0,0,0.48,0.7,0.2,0,0.5,10,9.5,10,rrt_20260806_231506_621.png
20260806_231508_224,2026-08-06 23:15:08,False,10000,87,0.0,0,0.48,0.7,0.2,0,0.5,10,9.5,10,rrt_20260806_231508_224.png
20260806_231508_433,2026-08-06 23:15:08,True,96,46,15.360000000000005,33,0.48,0.7,0.2,0,0.5,10,9.5,10,rrt_20260806_231508_433.png
20260806_231508_579,2026-08-06 23:15:08,True,135,51,15.360000000000003,33,0.48,0.7,0.2,0,0.5,10,9.5,10,rrt_20260806_231508_579.png
20260806_231508_756,2026-08-06 23:15:08,True,468,77,15.840000000000007,34,0.48,0.7,0.2,0,0.5,10,9.5,10,rrt_20260806_231508_756.png
20260806_231508_958,2026-08-06 23:15:08,True,571,80,16.101954838076402,35,0.48,0.7,0.2,0,0.5,10,9.5,10,rrt_20260806_231508_958.png
20260806_231509_138,2026-08-06 23:15:09,True,69,46,16.195247444958074,35,0.48,0.7,0.2,0,0.5,10,9.5,10,rrt_20260806_231509_138.png
20260806_231510_216,2026-08-06 23:15:10,False,10000,56,0.0,0,0.48,0.7,0.2,0,0.5,10,9.5,10,rrt_20260806_231510_216.png
20260806_231510_407,2026-08-06 23:15:10,True,83,43,15.84,34,0.48,0.7,0.2,0,0.5,10,9.5,10,rrt_20260806_231510_407.png
20260806_231510_549,2026-08-06 23:15:10,True,97,54,15.566757783702535,34,0.48,0.7,0.2,0,0.5,10,9.5,10,rrt_20260806_231510_549.png
20260806_231510_717,2026-08-06 23:15:10,True,145,71,17.113860784693994,37,0.48,0.7,0.2,0,0.5,10,9.5,10,rrt_20260806_231510_717.png
20260806_231511_851,2026-08-06 23:15:11,False,10000,59,0.0,0,0.48,0.8,0.2,0,0.5,10,9.5,10,rrt_20260806_231511_851.png
20260806_231512_053,2026-08-06 23:15:12,True,112,56,15.732481461915524,34,0.48,0.8,0.2,0,0.5,10,9.5,10,rrt_20260806_231512_053.png
20260806_231512_208,2026-08-06 23:15:12,True,169,58,16.30977267622609,35,0.48,0.8,0.2,0,0.5,10,9.5,10,rrt_20260806_231512_208.png
20260806_231512_361,2026-08-06 23:15:12,True,217,58,16.776779516178397,36,0.48,0.8,0.2,0,0.5,10,9.5,10,rrt_20260806_231512_361.png
20260806_231512_546,2026-08-06 23:15:12,True,114,57,16.320000000000004,35,0.48,0.8,0.2,0,0.5,10,9.5,10,rrt_20260806_231512_546.png
20260806_231512_710,2026-08-06 23:15:12,True,229,81,17.69822310676113,38,0.48,0.8,0.2,0,0.5,10,9.5,10,rrt_20260806_231512_710.png
20260806_231512_867,2026-08-06 23:15:12,True,99,52,15.36,33,0.48,0.8,0.2,0,0.5,10,9.5,10,rrt_20260806_231512_867.png
20260806_231513_065,2026-08-06 23:15:13,True,463,71,19.585186642974623,42,0.48,0.8,0.2,0,0.5,10,9.5,10,rrt_20260806_231513_065.png
20260806_231513_252,2026-08-06 23:15:13,True,436,109,20.160000000000007,43,0.48,0.8,0.2,0,0.5,10,9.5,10,rrt_20260806_231513_252.png
20260806_231513_420,2026-08-06 23:15:13,True,140,59,15.607748568182384,34,0.48,0.8,0.2,0,0.5,10,9.5,10,rrt_20260806_231513_420.png
20260806_231514_880,2026-08-06 23:15:14,False,10000,88,0.0,0,0.48,0.8,0.2,0,0.5,10,9.5,10,rrt_20260806_231514_880.png
20260806_231517_128,2026-08-06 23:15:17,False,10000,163,0.0,0,0.48,0.8,0.2,0,0.5,10,9.5,10,rrt_20260806_231517_128.png
20260806_231517_416,2026-08-06 23:15:17,True,331,87,16.167118473082684,35,0.48,0.8,0.2,0,0.5,10,9.5,10,rrt_20260806_231517_416.png
20260806_231517_595,2026-08-06 23:15:17,True,97,53,15.303697621189961,33,0.48,0.8,0.2,0,0.5,10,9.5,10,rrt_20260806_231517_595.png
20260806_231517_742,2026-08-06 23:15:17,True,117,64,16.264352963510635,35,0.48,0.8,0.2,0,0.5,10,9.5,10,rrt_20260806_231517_742.png
20260806_231517_902,2026-08-06 23:15:17,True,201,66,16.800000000000004,36,0.48,0.8,0.2,0,0.5,10,9.5,10,rrt_20260806_231517_902.png
20260806_231518_062,2026-08-06 23:15:18,True,160,65,17.02106297326507,37,0.48,0.8,0.2,0,0.5,10,9.5,10,rrt_20260806_231518_062.png
20260806_231519_194,2026-08-06 23:15:19,False,10000,58,0.0,0,0.48,0.8,0.2,0,0.5,10,9.5,10,rrt_20260806_231519_194.png
20260806_231520_926,2026-08-06 23:15:20,False,10000,120,0.0,0,0.48,0.8,0.2,0,0.5,10,9.5,10,rrt_20260806_231520_926.png
20260806_231521_160,2026-08-06 23:15:21,True,117,64,15.649504269135916,34,0.48,0.8,0.2,0,0.5,10,9.5,10,rrt_20260806_231521_160.png
20260806_231521_324,2026-08-06 23:15:21,True,160,67,18.191737328510026,39,0.48,0.8,0.2,0,0.5,10,9.5,10,rrt_20260806_231521_324.png
20260806_231521_492,2026-08-06 23:15:21,True,174,69,18.4816727714477,40,0.48,0.8,0.2,0,0.5,10,9.5,10,rrt_20260806_231521_492.png
20260806_231521_689,2026-08-06 23:15:21,True,128,63,17.760000000000005,38,0.48,0.8,0.2,0,0.5,10,9.5,10,rrt_20260806_231521_689.png
20260806_231521_850,2026-08-06 23:15:21,True,257,77,19.181500400785087,41,0.48,0.8,0.2,0,0.5,10,9.5,10,rrt_20260806_231521_850.png
20260806_231522_012,2026-08-06 23:15:22,True,172,55,15.840000000000002,34,0.48,0.8,0.2,0,0.5,10,9.5,10,rrt_20260806_231522_012.png
20260806_231523_523,2026-08-06 23:15:23,False,10000,95,0.0,0,0.48,0.8,0.2,0,0.5,10,9.5,10,rrt_20260806_231523_523.png
20260806_231523_735,2026-08-06 23:15:23,True,131,52,15.789948506363833,34,0.48,0.8,0.2,0,0.5,10,9.5,10,rrt_20260806_231523_735.png
20260806_231523_889,2026-08-06 23:15:23,True,140,51,15.76194366251986,34,0.48,0.8,0.2,0,0.5,10,9.5,10,rrt_20260806_231523_889.png
20260806_231524_080,2026-08-06 23:15:24,True,196,74,15.835047554959674,34,0.48,0.8,0.2,0,0.5,10,9.5,10,rrt_20260806_231524_080.png
20260806_231524_239,2026-08-06 23:15:24,True,252,66,16.772474102665175,36,0.48,0.8,0.2,0,0.5,10,9.5,10,rrt_20260806_231524_239.png
20260806_231525_514,2026-08-06 23:15:25,False,10000,74,0.0,0,0.48,0.8,0.2,0,0.5,10,9.5,10,rrt_20260806_231525_514.png
20260806_231525_787,2026-08-06 23:15:25,True,731,78,16.53066612753624,36,0.48,0.8,0.2,0,0.5,10,9.5,10,rrt_20260806_231525_787.png
20260806_231525_953,2026-08-06 23:15:25,True,229,80,18.04471179544366,39,0.48,0.8,0.2,0,0.5,10,9.5,10,rrt_20260806_231525_953.png
20260806_231526_140,2026-08-06 23:15:26,True,102,56,15.670061397982693,34,0.48,0.8,0.2,0,0.5,10,9.5,10,rrt_20260806_231526_140.png
20260806_231527_832,2026-08-06 23:15:27,False,10000,119,0.0,0,0.48,0.8,0.2,0,0.5,10,9.5,10,rrt_20260806_231527_832.png
20260806_231529_748,2026-08-06 23:15:29,False,10000,120,0.0,0,0.48,0.8,0.2,0,0.5,10,9.5,10,rrt_20260806_231529_748.png
20260806_231529_976,2026-08-06 23:15:29,True,87,54,15.207268436472933,33,0.48,0.8,0.2,0,0.5,10,9.5,10,rrt_20260806_231529_976.png
20260806_231530_138,2026-08-06 23:15:30,True,164,52,15.790173108971656,34,0.48,0.8,0.2,0,0.5,10,9.5,10,rrt_20260806_231530_138.png
20260806_231530_321,2026-08-06 23:15:30,True,101,52,16.320000000000007,35,0.48,0.8,0.2,0,0.5,10,9.5,10,rrt_20260806_231530_321.png
20260806_231530_475,2026-08-06 23:15:30,True,139,49,17.014279212957664,37,0.48,0.8,0.2,0,0.5,10,9.5,10,rrt_20260806_231530_475.png
20260806_231530_635,2026-08-06 23:15:30,True,76,49,15.624956866925135,34,0.48,0.8,0.2,0,0.5,10,9.5,10,rrt_20260806_231530_635.png
20260806_231530_808,2026-08-06 23:15:30,True,376,87,17.28,37,0.48,0.8,0.2,0,0.5,10,9.5,10,rrt_20260806_231530_808.png
20260806_231532_458,2026-08-06 23:15:32,False,10000,113,0.0,0,0.48,0.8,0.2,0,0.5,10,9.5,10,rrt_20260806_231532_458.png
20260806_231533_949,2026-08-06 23:15:33,False,10000,89,0.0,0,0.48,0.8,0.2,0,0.5,10,9.5,10,rrt_20260806_231533_949.png
20260806_231534_286,2026-08-06 23:15:34,True,1089,142,19.08116433683888,41,0.48,0.8,0.2,0,0.5,10,9.5,10,rrt_20260806_231534_286.png
20260806_231534_465,2026-08-06 23:15:34,True,216,69,16.320000000000004,35,0.48,0.8,0.2,0,0.5,10,9.5,10,rrt_20260806_231534_465.png
20260806_231534_622,2026-08-06 23:15:34,True,108,61,16.178726625524533,35,0.48,0.8,0.2,0,0.5,10,9.5,10,rrt_20260806_231534_622.png
20260806_231534_777,2026-08-06 23:15:34,True,95,58,15.22170779971063,33,0.48,0.8,0.2,0,0.5,10,9.5,10,rrt_20260806_231534_777.png
20260806_231534_934,2026-08-06 23:15:34,True,100,54,15.58158305076036,34,0.48,0.8,0.2,0,0.5,10,9.5,10,rrt_20260806_231534_934.png
20260806_231535_134,2026-08-06 23:15:35,True,149,70,15.360000000000008,33,0.48,0.8,0.2,0,0.5,10,9.5,10,rrt_20260806_231535_134.png
20260806_231535_281,2026-08-06 23:15:35,True,65,48,14.88,32,0.48,0.8,0.2,0,0.5,10,9.5,10,rrt_20260806_231535_281.png
20260806_231535_658,2026-08-06 23:15:35,True,1883,127,21.854664724460825,47,0.48,0.8,0.2,0,0.5,10,9.5,10,rrt_20260806_231535_658.png
20260806_231535_844,2026-08-06 23:15:35,True,160,73,16.319102777945567,35,0.48,0.8,0.2,0,0.5,10,9.5,10,rrt_20260806_231535_844.png
20260806_231535_992,2026-08-06 23:15:35,True,95,56,15.818700990320234,34,0.48,0.8,0.2,0,0.5,10,9.5,10,rrt_20260806_231535_992.png
20260806_231536_158,2026-08-06 23:15:36,True,378,66,16.12349696561964,35,0.48,0.8,0.2,0,0.5,10,9.5,10,rrt_20260806_231536_158.png
20260806_231536_395,2026-08-06 23:15:36,True,496,126,17.280000000000005,37,0.48,0.8,0.2,0,0.5,10,9.5,10,rrt_20260806_231536_395.png
20260806_231536_566,2026-08-06 23:15:36,True,230,71,18.24000000000001,39,0.48,0.8,0.2,0,0.5,10,9.5,10,rrt_20260806_231536_566.png
20260806_231536_717,2026-08-06 23:15:36,True,88,49,15.839999999999998,34,0.48,0.8,0.2,0,0.5,10,9.5,10,rrt_20260806_231536_717.png
20260806_231536_882,2026-08-06 23:15:36,True,158,62,15.624617263852224,34,0.48,0.8,0.2,0,0.5,10,9.5,10,rrt_20260806_231536_882.png
20260806_231538_305,2026-08-06 23:15:38,False,10000,86,0.0,0,0.48,0.8,0.2,0,0.5,10,9.5,10,rrt_20260806_231538_305.png
20260806_231538_551,2026-08-06 23:15:38,True,235,70,15.649551401721926,34,0.48,0.8,0.2,0,0.5,10,9.5,10,rrt_20260806_231538_551.png
20260806_231538_758,2026-08-06 23:15:38,True,443,118,16.32,35,0.48,0.8,0.2,0,0.5,10,9.5,10,rrt_20260806_231538_758.png
20260806_231538_922,2026-08-06 23:15:38,True,89,51,15.360000000000001,33,0.48,0.8,0.2,0,0.5,10,9.5,10,rrt_20260806_231538_922.png
20260806_231539_104,2026-08-06 23:15:39,True,182,64,15.839999999999996,34,0.48,0.8,0.2,0,0.5,10,9.5,10,rrt_20260806_231539_104.png
20260806_231539_280,2026-08-06 23:15:39,True,119,55,15.840000000000002,34,0.48,0.8,0.2,0,0.5,10,9.5,10,rrt_20260806_231539_280.png
20260806_231539_493,2026-08-06 23:15:39,True,151,61,16.30872701529096,35,0.48,0.8,0.2,0,0.5,10,9.5,10,rrt_20260806_231539_493.png
20260806_231539_804,2026-08-06 23:15:39,True,406,66,15.84,34,0.48,0.8,0.2,0,0.5,10,9.5,10,rrt_20260806_231539_804.png
20260806_231540_028,2026-08-06 23:15:40,True,93,42,15.840000000000009,34,0.48,0.8,0.2,0,0.5,10,9.5,10,rrt_20260806_231540_028.png
20260806_231540_196,2026-08-06 23:15:40,True,111,58,16.74372201723125,36,0.48,0.8,0.2,0,0.5,10,9.5,10,rrt_20260806_231540_196.png
20260806_231540_367,2026-08-06 23:15:40,True,121,54,15.840000000000002,34,0.48,0.8,0.2,0,0.5,10,9.5,10,rrt_20260806_231540_367.png
20260806_231540_520,2026-08-06 23:15:40,True,74,52,15.65728400558173,34,0.48,0.8,0.2,0,0.5,10,9.5,10,rrt_20260806_231540_520.png
20260806_231542_428,2026-08-06 23:15:42,False,10000,135,0.0,0,0.48,0.8,0.2,0,0.5,10,9.5,10,rrt_20260806_231542_428.png
20260806_231542_719,2026-08-06 23:15:42,True,131,59,15.326581211662607,33,0.48,0.8,0.2,0,0.5,10,9.5,10,rrt_20260806_231542_719.png
20260806_231542_883,2026-08-06 23:15:42,True,91,53,14.880000000000003,32,0.48,0.8,0.2,0,0.5,10,9.5,10,rrt_20260806_231542_883.png
20260806_231543_055,2026-08-06 23:15:43,True,223,70,15.360000000000007,33,0.48,0.8,0.2,0,0.5,10,9.5,10,rrt_20260806_231543_055.png
20260806_231543_255,2026-08-06 23:15:43,True,163,62,15.840000000000007,34,0.48,0.8,0.2,0,0.5,10,9.5,10,rrt_20260806_231543_255.png
20260806_231544_918,2026-08-06 23:15:44,False,10000,112,0.0,0,0.48,0.8,0.2,0,0.5,10,9.5,10,rrt_20260806_231544_918.png
20260806_231545_183,2026-08-06 23:15:45,True,141,64,16.053118201062546,35,0.48,0.8,0.2,0,0.5,10,9.5,10,rrt_20260806_231545_183.png
20260806_231545_416,2026-08-06 23:15:45,True,289,67,16.320000000000007,35,0.48,0.8,0.2,0,0.5,10,9.5,10,rrt_20260806_231545_416.png
20260806_231545_633,2026-08-06 23:15:45,True,296,84,17.534785370766986,38,0.48,0.8,0.2,0,0.5,10,9.5,10,rrt_20260806_231545_633.png
20260806_231545_845,2026-08-06 23:15:45,True,529,101,18.974225986238565,41,0.48,0.8,0.2,0,0.5,10,9.5,10,rrt_20260806_231545_845.png
20260806_231546_042,2026-08-06 23:15:46,True,457,82,18.72000000000001,40,0.48,0.8,0.2,0,0.5,10,9.5,10,rrt_20260806_231546_042.png
20260806_231546_211,2026-08-06 23:15:46,True,127,62,15.28675917299308,33,0.48,0.8,0.2,0,0.5,10,9.5,10,rrt_20260806_231546_211.png
20260806_231546_362,2026-08-06 23:15:46,True,138,58,15.11655177143179,33,0.48,0.8,0.2,0,0.5,10,9.5,10,rrt_20260806_231546_362.png
20260806_231546_583,2026-08-06 23:15:46,True,284,83,19.20000000000001,41,0.48,0.8,0.2,0,0.5,10,9.5,10,rrt_20260806_231546_583.png
20260806_231546_750,2026-08-06 23:15:46,True,133,65,16.612963429642555,36,0.48,0.8,0.2,0,0.5,10,9.5,10,rrt_20260806_231546_750.png
20260806_231547_823,2026-08-06 23:15:47,False,10000,59,0.0,0,0.48,0.8,0.2,0,0.5,10,9.5,10,rrt_20260806_231547_823.png
20260806_231548_877,2026-08-06 23:15:48,False,10000,47,0.0,0,0.48,0.8,0.2,0,0.5,10,9.5,10,rrt_20260806_231548_877.png
20260806_231549_096,2026-08-06 23:15:49,True,129,60,16.320000000000004,35,0.48,0.8,0.2,0,0.5,10,9.5,10,rrt_20260806_231549_096.png
20260806_231549_287,2026-08-06 23:15:49,True,76,49,15.840000000000003,34,0.48,0.8,0.2,0,0.5,10,9.5,10,rrt_20260806_231549_287.png
20260806_231549_459,2026-08-06 23:15:49,True,126,63,16.320000000000004,35,0.48,0.8,0.2,0,0.5,10,9.5,10,rrt_20260806_231549_459.png
20260806_231549_635,2026-08-06 23:15:49,True,143,51,16.320000000000007,35,0.48,0.8,0.2,0,0.5,10,9.5,10,rrt_20260806_231549_635.png
20260806_231549_893,2026-08-06 23:15:49,True,177,71,17.965101231269756,39,0.48,0.8,0.2,0,0.5,10,9.5,10,rrt_20260806_231549_893.png
20260806_231550_075,2026-08-06 23:15:50,True,100,58,14.880000000000006,32,0.48,0.8,0.2,0,0.5,10,9.5,10,rrt_20260806_231550_075.png
20260806_231550_401,2026-08-06 23:15:50,True,1313,91,21.367102377969445,46,0.48,0.8,0.2,0,0.5,10,9.5,10,rrt_20260806_231550_401.png
20260806_231550_659,2026-08-06 23:15:50,True,147,58,15.831289317029304,34,0.48,0.8,0.2,0,0.5,10,9.5,10,rrt_20260806_231550_659.png
20260806_231550_867,2026-08-06 23:15:50,True,208,66,16.04597339829602,35,0.48,0.8,0.2,0,0.5,10,9.5,10,rrt_20260806_231550_867.png
20260806_231551_086,2026-08-06 23:15:51,True,206,69,17.760000000000005,38,0.48,0.8,0.2,0,0.5,10,9.5,10,rrt_20260806_231551_086.png
20260806_231551_272,2026-08-06 23:15:51,True,160,60,16.320000000000004,35,0.48,0.8,0.2,0,0.5,10,9.5,10,rrt_20260806_231551_272.png
20260806_231551_429,2026-08-06 23:15:51,True,204,69,18.588953691008257,40,0.48,0.8,0.2,0,0.5,10,9.5,10,rrt_20260806_231551_429.png
20260806_231551_592,2026-08-06 23:15:51,True,135,66,16.056482334450113,35,0.48,0.9,0.2,0,0.5,10,9.5,10,rrt_20260806_231551_592.png
20260806_231551_793,2026-08-06 23:15:51,True,160,73,18.197316726862727,39,0.48,0.9,0.2,0,0.5,10,9.5,10,rrt_20260806_231551_793.png
20260806_231551_971,2026-08-06 23:15:51,True,109,58,15.840000000000003,34,0.48,0.9,0.2,0,0.5,10,9.5,10,rrt_20260806_231551_971.png
20260806_231552_131,2026-08-06 23:15:52,True,144,59,15.751073264316535,34,0.48,0.9,0.2,0,0.5,10,9.5,10,rrt_20260806_231552_131.png
20260806_231552_326,2026-08-06 23:15:52,True,326,95,16.67516266351012,36,0.48,0.9,0.2,0,0.5,10,9.5,10,rrt_20260806_231552_326.png
20260806_231552_539,2026-08-06 23:15:52,True,350,69,17.590053810986028,38,0.48,0.9,0.2,0,0.5,10,9.5,10,rrt_20260806_231552_539.png
20260806_231552_760,2026-08-06 23:15:52,True,833,74,16.800000000000008,36,0.48,0.9,0.2,0,0.5,10,9.5,10,rrt_20260806_231552_760.png
20260806_231552_998,2026-08-06 23:15:52,True,234,79,18.091254034950442,39,0.48,0.9,0.2,0,0.5,10,9.5,10,rrt_20260806_231552_998.png
20260806_231553_259,2026-08-06 23:15:53,True,982,103,19.890480358209928,43,0.48,0.9,0.2,0,0.5,10,9.5,10,rrt_20260806_231553_259.png
20260806_231553_450,2026-08-06 23:15:53,True,170,66,16.197467786670984,35,0.48,0.9,0.2,0,0.5,10,9.5,10,rrt_20260806_231553_450.png
20260806_231553_619,2026-08-06 23:15:53,True,194,80,17.280000000000005,37,0.48,0.9,0.2,0,0.5,10,9.5,10,rrt_20260806_231553_619.png
20260806_231553_823,2026-08-06 23:15:53,True,335,81,16.320000000000007,35,0.48,0.9,0.2,0,0.5,10,9.5,10,rrt_20260806_231553_823.png
20260806_231554_005,2026-08-06 23:15:54,True,413,92,17.165094223432565,37,0.48,0.9,0.2,0,0.5,10,9.5,10,rrt_20260806_231554_005.png
20260806_231554_215,2026-08-06 23:15:54,True,208,77,16.30644348463605,35,0.48,0.9,0.2,0,0.5,10,9.5,10,rrt_20260806_231554_215.png
20260806_231554_490,2026-08-06 23:15:54,True,1223,117,18.101873853861107,39,0.48,0.9,0.2,0,0.5,10,9.5,10,rrt_20260806_231554_490.png
20260806_231554_668,2026-08-06 23:15:54,True,168,64,16.771364824355857,36,0.48,0.9,0.2,0,0.5,10,9.5,10,rrt_20260806_231554_668.png
20260806_231554_834,2026-08-06 23:15:54,True,95,57,15.737877272190333,34,0.48,0.9,0.2,0,0.5,10,9.5,10,rrt_20260806_231554_834.png
20260806_231554_984,2026-08-06 23:15:54,True,149,60,16.151698676047285,35,0.48,0.9,0.2,0,0.5,10,9.5,10,rrt_20260806_231554_984.png
20260806_231555_142,2026-08-06 23:15:55,True,183,66,17.741536407659513,38,0.48,0.9,0.2,0,0.5,10,9.5,10,rrt_20260806_231555_142.png
20260806_231555_374,2026-08-06 23:15:55,True,535,92,16.800000000000004,36,0.48,0.9,0.2,0,0.5,10,9.5,10,rrt_20260806_231555_374.png
20260806_231555_554,2026-08-06 23:15:55,True,136,77,15.360000000000003,33,0.48,0.9,0.2,0,0.5,10,9.5,10,rrt_20260806_231555_554.png
20260806_231555_742,2026-08-06 23:15:55,True,244,77,15.360000000000005,33,0.48,0.9,0.2,0,0.5,10,9.5,10,rrt_20260806_231555_742.png
20260806_231557_621,2026-08-06 23:15:57,False,10000,134,0.0,0,0.48,0.9,0.2,0,0.5,10,9.5,10,rrt_20260806_231557_621.png
20260806_231557_866,2026-08-06 23:15:57,True,224,64,16.800000000000004,36,0.48,0.9,0.2,0,0.5,10,9.5,10,rrt_20260806_231557_866.png
20260806_231558_069,2026-08-06 23:15:58,True,149,55,16.17590758708035,35,0.48,0.9,0.2,0,0.5,10,9.5,10,rrt_20260806_231558_069.png
20260806_231558_227,2026-08-06 23:15:58,True,161,79,15.227757731940732,33,0.48,0.9,0.2,0,0.5,10,9.5,10,rrt_20260806_231558_227.png
20260806_231559_912,2026-08-06 23:15:59,False,10000,115,0.0,0,0.48,0.9,0.2,0,0.5,10,9.5,10,rrt_20260806_231559_912.png
20260806_231600_151,2026-08-06 23:16:00,True,102,55,16.286430488639358,35,0.48,0.9,0.2,0,0.5,10,9.5,10,rrt_20260806_231600_151.png
20260806_231600_346,2026-08-06 23:16:00,True,308,101,16.065101284010503,35,0.48,0.9,0.2,0,0.5,10,9.5,10,rrt_20260806_231600_346.png
20260806_231601_380,2026-08-06 23:16:01,False,10000,50,0.0,0,0.48,0.9,0.2,0,0.5,10,9.5,10,rrt_20260806_231601_380.png
20260806_231601_598,2026-08-06 23:16:01,True,307,73,16.32,35,0.48,0.9,0.2,0,0.5,10,9.5,10,rrt_20260806_231601_598.png
20260806_231602_540,2026-08-06 23:16:02,False,10000,53,0.0,0,0.48,0.9,0.2,0,0.5,10,9.5,10,rrt_20260806_231602_540.png
20260806_231603_650,2026-08-06 23:16:03,False,10000,59,0.0,0,0.48,0.9,0.2,0,0.5,10,9.5,10,rrt_20260806_231603_650.png
20260806_231604_934,2026-08-06 23:16:04,False,10000,74,0.0,0,0.48,0.9,0.2,0,0.5,10,9.5,10,rrt_20260806_231604_934.png
20260806_231605_191,2026-08-06 23:16:05,True,209,71,17.06100425631999,37,0.48,0.9,0.2,0,0.5,10,9.5,10,rrt_20260806_231605_191.png
20260806_231605_357,2026-08-06 23:16:05,True,177,70,15.360000000000003,33,0.48,0.9,0.2,0,0.5,10,9.5,10,rrt_20260806_231605_357.png
20260806_231607_088,2026-08-06 23:16:07,False,10000,121,0.0,0,0.48,0.9,0.2,0,0.5,10,9.5,10,rrt_20260806_231607_088.png
20260806_231607_327,2026-08-06 23:16:07,True,189,66,17.230188766300802,37,0.48,0.9,0.2,0,0.5,10,9.5,10,rrt_20260806_231607_327.png
20260806_231607_518,2026-08-06 23:16:07,True,554,80,16.28878404198869,35,0.48,0.9,0.2,0,0.5,10,9.5,10,rrt_20260806_231607_518.png
20260806_231607_773,2026-08-06 23:16:07,True,305,97,18.240000000000006,39,0.48,0.9,0.2,0,0.5,10,9.5,10,rrt_20260806_231607_773.png
20260806_231607_955,2026-08-06 23:16:07,True,197,78,16.800000000000004,36,0.48,0.9,0.2,0,0.5,10,9.5,10,rrt_20260806_231607_955.png
20260806_231608_112,2026-08-06 23:16:08,True,149,67,17.04859960400204,37,0.48,0.9,0.2,0,0.5,10,9.5,10,rrt_20260806_231608_112.png
20260806_231608_342,2026-08-06 23:16:08,True,908,99,18.720000000000002,40,0.48,0.9,0.2,0,0.5,10,9.5,10,rrt_20260806_231608_342.png
20260806_231608_522,2026-08-06 23:16:08,True,257,86,17.76,38,0.48,0.9,0.2,0,0.5,10,9.5,10,rrt_20260806_231608_522.png
20260806_231608_687,2026-08-06 23:16:08,True,243,68,16.320000000000007,35,0.48,0.9,0.2,0,0.5,10,9.5,10,rrt_20260806_231608_687.png
20260806_231608_881,2026-08-06 23:16:08,True,196,78,17.27478193642852,37,0.48,0.9,0.2,0,0.5,10,9.5,10,rrt_20260806_231608_881.png
20260806_231609_772,2026-08-06 23:16:09,False,10000,47,0.0,0,0.48,0.9,0.2,0,0.5,10,9.5,10,rrt_20260806_231609_772.png
20260806_231609_973,2026-08-06 23:16:09,True,216,93,18.240000000000006,39,0.48,0.9,0.2,0,0.5,10,9.5,10,rrt_20260806_231609_973.png
20260806_231611_459,2026-08-06 23:16:11,False,10000,94,0.0,0,0.48,0.9,0.2,0,0.5,10,9.5,10,rrt_20260806_231611_459.png
20260806_231613_131,2026-08-06 23:16:13,False,10000,108,0.0,0,0.48,0.9,0.2,0,0.5,10,9.5,10,rrt_20260806_231613_131.png
20260806_231614_159,2026-08-06 23:16:14,False,10000,55,0.0,0,0.48,0.9,0.2,0,0.5,10,9.5,10,rrt_20260806_231614_159.png
20260806_231614_418,2026-08-06 23:16:14,True,295,85,17.194082890917702,37,0.48,0.9,0.2,0,0.5,10,9.5,10,rrt_20260806_231614_418.png
20260806_231614_585,2026-08-06 23:16:14,True,213,76,17.746680981746294,38,0.48,0.9,0.2,0,0.5,10,9.5,10,rrt_20260806_231614_585.png
20260806_231614_802,2026-08-06 23:16:14,True,186,65,17.04704190666483,37,0.48,0.9,0.2,0,0.5,10,9.5,10,rrt_20260806_231614_802.png
20260806_231615_019,2026-08-06 23:16:15,True,358,80,16.320000000000004,35,0.48,0.9,0.2,0,0.5,10,9.5,10,rrt_20260806_231615_019.png
20260806_231615_198,2026-08-06 23:16:15,True,130,75,16.19270168969066,35,0.48,0.9,0.2,0,0.5,10,9.5,10,rrt_20260806_231615_198.png
20260806_231616_254,2026-08-06 23:16:16,False,10000,55,0.0,0,0.48,0.9,0.2,0,0.5,10,9.5,10,rrt_20260806_231616_254.png
20260806_231616_470,2026-08-06 23:16:16,True,228,67,16.800000000000008,36,0.48,0.9,0.2,0,0.5,10,9.5,10,rrt_20260806_231616_470.png
20260806_231616_658,2026-08-06 23:16:16,True,374,106,19.116860600078716,41,0.48,0.9,0.2,0,0.5,10,9.5,10,rrt_20260806_231616_658.png
20260806_231616_834,2026-08-06 23:16:16,True,168,72,18.920843103912425,41,0.48,0.9,0.2,0,0.5,10,9.5,10,rrt_20260806_231616_834.png
20260806_231617_031,2026-08-06 23:16:17,True,200,68,17.760000000000005,38,0.48,0.9,0.2,0,0.5,10,9.5,10,rrt_20260806_231617_031.png
20260806_231617_190,2026-08-06 23:16:17,True,215,75,16.655977764788304,36,0.48,0.9,0.2,0,0.5,10,9.5,10,rrt_20260806_231617_190.png
20260806_231617_357,2026-08-06 23:16:17,True,258,76,16.320000000000004,35,0.48,0.9,0.2,0,0.5,10,9.5,10,rrt_20260806_231617_357.png
20260806_231619_190,2026-08-06 23:16:19,False,10000,133,0.0,0,0.48,0.9,0.2,0,0.5,10,9.5,10,rrt_20260806_231619_190.png
20260806_231619_437,2026-08-06 23:16:19,True,177,73,16.800000000000004,36,0.48,0.9,0.2,0,0.5,10,9.5,10,rrt_20260806_231619_437.png
20260806_231619_638,2026-08-06 23:16:19,True,249,77,17.172144177776303,37,0.48,0.9,0.2,0,0.5,10,9.5,10,rrt_20260806_231619_638.png
20260806_231619_821,2026-08-06 23:16:19,True,243,85,16.320000000000007,35,0.48,0.9,0.2,0,0.5,10,9.5,10,rrt_20260806_231619_821.png
20260806_231620_018,2026-08-06 23:16:20,True,358,107,21.93897718494819,47,0.48,0.9,0.2,0,0.5,10,9.5,10,rrt_20260806_231620_018.png
20260806_231620_762,2026-08-06 23:16:20,False,10000,30,0.0,0,0.48,0.9,0.2,0,0.5,10,9.5,10,rrt_20260806_231620_762.png
20260806_231621_860,2026-08-06 23:16:21,False,10000,66,0.0,0,0.48,0.9,0.2,0,0.5,10,9.5,10,rrt_20260806_231621_860.png
20260806_231622_087,2026-08-06 23:16:22,True,145,60,16.245383626108538,35,0.48,0.9,0.2,0,0.5,10,9.5,10,rrt_20260806_231622_087.png
20260806_231623_139,2026-08-06 23:16:23,False,10000,55,0.0,0,0.48,0.9,0.2,0,0.5,10,9.5,10,rrt_20260806_231623_139.png
20260806_231623_336,2026-08-06 23:16:23,True,197,65,16.320000000000004,35,0.48,0.9,0.2,0,0.5,10,9.5,10,rrt_20260806_231623_336.png
20260806_231623_511,2026-08-06 23:16:23,True,172,72,16.253628844239376,35,0.48,0.9,0.2,0,0.5,10,9.5,10,rrt_20260806_231623_511.png
20260806_231623_668,2026-08-06 23:16:23,True,152,71,17.218462370868078,37,0.48,0.9,0.2,0,0.5,10,9.5,10,rrt_20260806_231623_668.png
20260806_231623_861,2026-08-06 23:16:23,True,187,70,16.079327326610215,35,0.48,0.9,0.2,0,0.5,10,9.5,10,rrt_20260806_231623_861.png
20260806_231624_019,2026-08-06 23:16:24,True,144,69,15.80270274807642,34,0.48,0.9,0.2,0,0.5,10,9.5,10,rrt_20260806_231624_019.png
20260806_231624_256,2026-08-06 23:16:24,True,1018,97,19.91646693375714,43,0.48,0.9,0.2,0,0.5,10,9.5,10,rrt_20260806_231624_256.png
20260806_231624_437,2026-08-06 23:16:24,True,276,92,16.59779856306818,36,0.48,0.9,0.2,0,0.5,10,9.5,10,rrt_20260806_231624_437.png
20260806_231624_594,2026-08-06 23:16:24,True,120,57,17.99422641225676,39,0.48,0.9,0.2,0,0.5,10,9.5,10,rrt_20260806_231624_594.png
20260806_231624_759,2026-08-06 23:16:24,True,185,82,16.123618233936078,35,0.48,0.9,0.2,0,0.5,10,9.5,10,rrt_20260806_231624_759.png
20260806_231624_956,2026-08-06 23:16:24,True,196,74,16.8,36,0.48,0.9,0.2,0,0.5,10,9.5,10,rrt_20260806_231624_956.png
20260806_231626_768,2026-08-06 23:16:26,False,10000,125,0.0,0,0.48,0.9,0.2,0,0.5,10,9.5,10,rrt_20260806_231626_768.png
20260806_231627_013,2026-08-06 23:16:27,True,145,63,15.840000000000005,34,0.48,0.9,0.2,0,0.5,10,9.5,10,rrt_20260806_231627_013.png
20260806_231627_245,2026-08-06 23:16:27,True,709,125,16.800000000000004,36,0.48,0.9,0.2,0,0.5,10,9.5,10,rrt_20260806_231627_245.png
20260806_231627_548,2026-08-06 23:16:27,True,1264,101,17.019128840021846,37,0.48,0.9,0.2,0,0.5,10,9.5,10,rrt_20260806_231627_548.png
20260806_231627_805,2026-08-06 23:16:27,True,292,94,18.19032308031128,39,0.48,0.9,0.2,0,0.5,10,9.5,10,rrt_20260806_231627_805.png
20260806_231627_981,2026-08-06 23:16:27,True,171,72,17.684116018245238,38,0.48,0.9,0.2,0,0.5,10,9.5,10,rrt_20260806_231627_981.png
20260806_231628_139,2026-08-06 23:16:28,True,139,61,16.800000000000008,36,0.48,0.9,0.2,0,0.5,10,9.5,10,rrt_20260806_231628_139.png
20260806_231628_314,2026-08-06 23:16:28,True,104,60,16.07292355818881,35,0.48,0.9,0.2,0,0.5,10,9.5,10,rrt_20260806_231628_314.png
20260806_231628_477,2026-08-06 23:16:28,True,213,71,18.036761750068592,39,0.48,0.9,0.2,0,0.5,10,9.5,10,rrt_20260806_231628_477.png
20260806_231629_602,2026-08-06 23:16:29,False,10000,57,0.0,0,0.48,0.9,0.2,0,0.5,10,9.5,10,rrt_20260806_231629_602.png
20260806_231629_809,2026-08-06 23:16:29,True,180,67,17.00190604352987,37,0.48,0.9,0.2,0,0.5,10,9.5,10,rrt_20260806_231629_809.png
20260806_231629_969,2026-08-06 23:16:29,True,157,76,17.189643128238778,37,0.48,0.9,0.2,0,0.5,10,9.5,10,rrt_20260806_231629_969.png
20260806_231630_150,2026-08-06 23:16:30,True,159,68,16.694111121386232,36,0.48,0.9,0.2,0,0.5,10,9.5,10,rrt_20260806_231630_150.png
20260806_231630_304,2026-08-06 23:16:30,True,116,61,16.286187758647188,35,0.48,0.9,0.2,0,0.5,10,9.5,10,rrt_20260806_231630_304.png
20260806_231630_478,2026-08-06 23:16:30,True,323,90,20.091904745000402,43,0.48,0.9,0.2,0,0.5,10,9.5,10,rrt_20260806_231630_478.png
20260806_231630_660,2026-08-06 23:16:30,True,462,89,17.718716676042465,38,0.48,0.9,0.2,0,0.5,10,9.5,10,rrt_20260806_231630_660.png
20260806_231630_867,2026-08-06 23:16:30,True,219,85,17.501567078009025,38,0.48,0.9,0.2,0,0.5,10,9.5,10,rrt_20260806_231630_867.png
20260806_231631_033,2026-08-06 23:16:31,True,217,75,16.206368357703322,35,0.48,0.9,0.2,0,0.5,10,9.5,10,rrt_20260806_231631_033.png
20260806_231631_242,2026-08-06 23:16:31,True,376,135,18.24000000000001,39,0.48,1.0,0.2,0,0.5,10,9.5,10,rrt_20260806_231631_242.png
20260806_231633_085,2026-08-06 23:16:33,False,10000,133,0.0,0,0.48,1.0,0.2,0,0.5,10,9.5,10,rrt_20260806_231633_085.png
20260806_231633_377,2026-08-06 23:16:33,True,481,85,16.800000000000004,36,0.48,1.0,0.2,0,0.5,10,9.5,10,rrt_20260806_231633_377.png
20260806_231635_385,2026-08-06 23:16:35,False,10000,144,0.0,0,0.48,1.0,0.2,0,0.5,10,9.5,10,rrt_20260806_231635_385.png
20260806_231637_576,2026-08-06 23:16:37,False,10000,159,0.0,0,0.48,1.0,0.2,0,0.5,10,9.5,10,rrt_20260806_231637_576.png
20260806_231639_444,2026-08-06 23:16:39,False,10000,126,0.0,0,0.48,1.0,0.2,0,0.5,10,9.5,10,rrt_20260806_231639_444.png
20260806_231640_939,2026-08-06 23:16:40,False,10000,90,0.0,0,0.48,1.0,0.2,0,0.5,10,9.5,10,rrt_20260806_231640_939.png
20260806_231642_418,2026-08-06 23:16:42,False,10000,90,0.0,0,0.48,1.0,0.2,0,0.5,10,9.5,10,rrt_20260806_231642_418.png
20260806_231644_314,2026-08-06 23:16:44,False,10000,132,0.0,0,0.48,1.0,0.2,0,0.5,10,9.5,10,rrt_20260806_231644_314.png
20260806_231644_583,2026-08-06 23:16:44,True,293,89,19.200000000000006,41,0.48,1.0,0.2,0,0.5,10,9.5,10,rrt_20260806_231644_583.png
20260806_231646_341,2026-08-06 23:16:46,False,10000,121,0.0,0,0.48,1.0,0.2,0,0.5,10,9.5,10,rrt_20260806_231646_341.png
20260806_231648_542,2026-08-06 23:16:48,False,10000,158,0.0,0,0.48,1.0,0.2,0,0.5,10,9.5,10,rrt_20260806_231648_542.png
20260806_231648_803,2026-08-06 23:16:48,True,430,98,17.28,37,0.48,1.0,0.2,0,0.5,10,9.5,10,rrt_20260806_231648_803.png
20260806_231649_781,2026-08-06 23:16:49,False,10000,47,0.0,0,0.48,1.0,0.2,0,0.5,10,9.5,10,rrt_20260806_231649_781.png
20260806_231650_980,2026-08-06 23:16:50,False,10000,71,0.0,0,0.48,1.0,0.2,0,0.5,10,9.5,10,rrt_20260806_231650_980.png
20260806_231652_875,2026-08-06 23:16:52,False,10000,134,0.0,0,0.48,1.0,0.2,0,0.5,10,9.5,10,rrt_20260806_231652_875.png
20260806_231653_982,2026-08-06 23:16:53,False,10000,56,0.0,0,0.48,1.0,0.2,0,0.5,10,9.5,10,rrt_20260806_231653_982.png
20260806_231655_838,2026-08-06 23:16:55,False,10000,122,0.0,0,0.48,1.0,0.2,0,0.5,10,9.5,10,rrt_20260806_231655_838.png
20260806_231658_114,2026-08-06 23:16:58,False,10000,165,0.0,0,0.48,1.0,0.2,0,0.5,10,9.5,10,rrt_20260806_231658_114.png
20260806_231700_125,2026-08-06 23:17:00,False,10000,143,0.0,0,0.48,1.0,0.2,0,0.5,10,9.5,10,rrt_20260806_231700_125.png
20260806_231700_420,2026-08-06 23:17:00,True,406,81,17.76,38,0.48,1.0,0.2,0,0.5,10,9.5,10,rrt_20260806_231700_420.png
20260806_231702_073,2026-08-06 23:17:02,False,10000,113,0.0,0,0.48,1.0,0.2,0,0.5,10,9.5,10,rrt_20260806_231702_073.png
20260806_231703_755,2026-08-06 23:17:03,False,10000,109,0.0,0,0.48,1.0,0.2,0,0.5,10,9.5,10,rrt_20260806_231703_755.png
20260806_231706_015,2026-08-06 23:17:06,False,10000,169,0.0,0,0.48,1.0,0.2,0,0.5,10,9.5,10,rrt_20260806_231706_015.png
20260806_231706_383,2026-08-06 23:17:06,True,767,97,18.24000000000001,39,0.48,1.0,0.2,0,0.5,10,9.5,10,rrt_20260806_231706_383.png
20260806_231706_619,2026-08-06 23:17:06,True,613,136,17.760000000000005,38,0.48,1.0,0.2,0,0.5,10,9.5,10,rrt_20260806_231706_619.png
20260806_231706_877,2026-08-06 23:17:06,True,574,98,17.28,37,0.48,1.0,0.2,0,0.5,10,9.5,10,rrt_20260806_231706_877.png
20260806_231708_753,2026-08-06 23:17:08,False,10000,135,0.0,0,0.48,1.0,0.2,0,0.5,10,9.5,10,rrt_20260806_231708_753.png
20260806_231709_037,2026-08-06 23:17:09,True,396,111,16.8,36,0.48,1.0,0.2,0,0.5,10,9.5,10,rrt_20260806_231709_037.png
20260806_231710_993,2026-08-06 23:17:10,False,10000,144,0.0,0,0.48,1.0,0.2,0,0.5,10,9.5,10,rrt_20260806_231710_993.png
20260806_231711_350,2026-08-06 23:17:11,True,783,147,18.24000000000001,39,0.48,1.0,0.2,0,0.5,10,9.5,10,rrt_20260806_231711_350.png
20260806_231713_486,2026-08-06 23:17:13,False,10000,154,0.0,0,0.48,1.0,0.2,0,0.5,10,9.5,10,rrt_20260806_231713_486.png
20260806_231715_328,2026-08-06 23:17:15,False,10000,118,0.0,0,0.48,1.0,0.2,0,0.5,10,9.5,10,rrt_20260806_231715_328.png
20260806_231715_671,2026-08-06 23:17:15,True,867,109,17.280000000000005,37,0.48,1.0,0.2,0,0.5,10,9.5,10,rrt_20260806_231715_671.png
20260806_231716_730,2026-08-06 23:17:16,False,10000,56,0.0,0,0.48,1.0,0.2,0,0.5,10,9.5,10,rrt_20260806_231716_730.png
20260806_231717_017,2026-08-06 23:17:17,True,661,126,17.760000000000005,38,0.48,1.0,0.2,0,0.5,10,9.5,10,rrt_20260806_231717_017.png
20260806_231718_895,2026-08-06 23:17:18,False,10000,133,0.0,0,0.48,1.0,0.2,0,0.5,10,9.5,10,rrt_20260806_231718_895.png
20260806_231721_047,2026-08-06 23:17:21,False,10000,153,0.0,0,0.48,1.0,0.2,0,0.5,10,9.5,10,rrt_20260806_231721_047.png
20260806_231723_404,2026-08-06 23:17:23,False,10000,173,0.0,0,0.48,1.0,0.2,0,0.5,10,9.5,10,rrt_20260806_231723_404.png
20260806_231725_456,2026-08-06 23:17:25,False,10000,141,0.0,0,0.48,1.0,0.2,0,0.5,10,9.5,10,rrt_20260806_231725_456.png
20260806_231727_469,2026-08-06 23:17:27,False,10000,146,0.0,0,0.48,1.0,0.2,0,0.5,10,9.5,10,rrt_20260806_231727_469.png
20260806_231728_499,2026-08-06 23:17:28,False,10000,53,0.0,0,0.48,1.0,0.2,0,0.5,10,9.5,10,rrt_20260806_231728_499.png
20260806_231730_226,2026-08-06 23:17:30,False,10000,114,0.0,0,0.48,1.0,0.2,0,0.5,10,9.5,10,rrt_20260806_231730_226.png
20260806_231730_526,2026-08-06 23:17:30,True,415,121,16.320000000000007,35,0.48,1.0,0.2,0,0.5,10,9.5,10,rrt_20260806_231730_526.png
20260806_231732_797,2026-08-06 23:17:32,False,10000,172,0.0,0,0.48,1.0,0.2,0,0.5,10,9.5,10,rrt_20260806_231732_797.png
20260806_231735_047,2026-08-06 23:17:35,False,10000,160,0.0,0,0.48,1.0,0.2,0,0.5,10,9.5,10,rrt_20260806_231735_047.png
20260806_231736_987,2026-08-06 23:17:36,False,10000,134,0.0,0,0.48,1.0,0.2,0,0.5,10,9.5,10,rrt_20260806_231736_987.png
20260806_231738_909,2026-08-06 23:17:38,False,10000,130,0.0,0,0.48,1.0,0.2,0,0.5,10,9.5,10,rrt_20260806_231738_909.png
20260806_231739_149,2026-08-06 23:17:39,True,353,97,18.24000000000001,39,0.48,1.0,0.2,0,0.5,10,9.5,10,rrt_20260806_231739_149.png
20260806_231740_785,2026-08-06 23:17:40,False,10000,111,0.0,0,0.48,1.0,0.2,0,0.5,10,9.5,10,rrt_20260806_231740_785.png
20260806_231743_046,2026-08-06 23:17:43,False,10000,164,0.0,0,0.48,1.0,0.2,0,0.5,10,9.5,10,rrt_20260806_231743_046.png
20260806_231745_193,2026-08-06 23:17:45,False,10000,153,0.0,0,0.48,1.0,0.2,0,0.5,10,9.5,10,rrt_20260806_231745_193.png
20260806_231745_482,2026-08-06 23:17:45,True,456,106,17.28000000000001,37,0.48,1.0,0.2,0,0.5,10,9.5,10,rrt_20260806_231745_482.png
20260806_231747_163,2026-08-06 23:17:47,False,10000,107,0.0,0,0.48,1.0,0.2,0,0.5,10,9.5,10,rrt_20260806_231747_163.png
20260806_231749_248,2026-08-06 23:17:49,False,10000,147,0.0,0,0.48,1.0,0.2,0,0.5,10,9.5,10,rrt_20260806_231749_248.png
20260806_231751_162,2026-08-06 23:17:51,False,10000,130,0.0,0,0.48,1.0,0.2,0,0.5,10,9.5,10,rrt_20260806_231751_162.png
20260806_231753_132,2026-08-06 23:17:53,False,10000,133,0.0,0,0.48,1.0,0.2,0,0.5,10,9.5,10,rrt_20260806_231753_132.png
20260806_231755_173,2026-08-06 23:17:55,False,10000,147,0.0,0,0.48,1.0,0.2,0,0.5,10,9.5,10,rrt_20260806_231755_173.png
20260806_231757_183,2026-08-06 23:17:57,False,10000,144,0.0,0,0.48,1.0,0.2,0,0.5,10,9.5,10,rrt_20260806_231757_183.png
20260806_231757_505,2026-08-06 23:17:57,True,655,128,19.680000000000014,42,0.48,1.0,0.2,0,0.5,10,9.5,10,rrt_20260806_231757_505.png
20260806_231759_686,2026-08-06 23:17:59,False,10000,163,0.0,0,0.48,1.0,0.2,0,0.5,10,9.5,10,rrt_20260806_231759_686.png
20260806_231801_528,2026-08-06 23:18:01,False,10000,123,0.0,0,0.48,1.0,0.2,0,0.5,10,9.5,10,rrt_20260806_231801_528.png
20260806_231801_940,2026-08-06 23:18:01,True,1085,118,17.28000000000001,37,0.48,1.0,0.2,0,0.5,10,9.5,10,rrt_20260806_231801_940.png
20260806_231803_948,2026-08-06 23:18:03,False,10000,142,0.0,0,0.48,1.0,0.2,0,0.5,10,9.5,10,rrt_20260806_231803_948.png
20260806_231805_085,2026-08-06 23:18:05,False,10000,58,0.0,0,0.48,1.0,0.2,0,0.5,10,9.5,10,rrt_20260806_231805_085.png
20260806_231806_999,2026-08-06 23:18:06,False,10000,136,0.0,0,0.48,1.0,0.2,0,0.5,10,9.5,10,rrt_20260806_231806_999.png
20260806_231808_767,2026-08-06 23:18:08,False,10000,115,0.0,0,0.48,1.0,0.2,0,0.5,10,9.5,10,rrt_20260806_231808_767.png
20260806_231810_809,2026-08-06 23:18:10,False,10000,141,0.0,0,0.48,1.0,0.2,0,0.5,10,9.5,10,rrt_20260806_231810_809.png
20260806_231813_162,2026-08-06 23:18:13,False,10000,170,0.0,0,0.48,1.0,0.2,0,0.5,10,9.5,10,rrt_20260806_231813_162.png
20260806_231815_328,2026-08-06 23:18:15,False,10000,150,0.0,0,0.48,1.0,0.2,0,0.5,10,9.5,10,rrt_20260806_231815_328.png
20260806_231817_406,2026-08-06 23:18:17,False,10000,134,0.0,0,0.48,1.0,0.2,0,0.5,10,9.5,10,rrt_20260806_231817_406.png
20260806_231817_645,2026-08-06 23:18:17,True,329,87,17.280000000000005,37,0.48,1.0,0.2,0,0.5,10,9.5,10,rrt_20260806_231817_645.png
20260806_231817_853,2026-08-06 23:18:17,True,469,96,16.320000000000004,35,0.48,1.0,0.2,0,0.5,10,9.5,10,rrt_20260806_231817_853.png
20260806_231818_113,2026-08-06 23:18:18,True,914,100,19.200000000000003,41,0.48,1.0,0.2,0,0.5,10,9.5,10,rrt_20260806_231818_113.png
20260806_231818_322,2026-08-06 23:18:18,True,485,109,17.76,38,0.48,1.0,0.2,0,0.5,10,9.5,10,rrt_20260806_231818_322.png
20260806_231820_337,2026-08-06 23:18:20,False,10000,147,0.0,0,0.48,1.0,0.2,0,0.5,10,9.5,10,rrt_20260806_231820_337.png
20260806_231820_605,2026-08-06 23:18:20,True,491,101,17.760000000000005,38,0.48,1.0,0.2,0,0.5,10,9.5,10,rrt_20260806_231820_605.png
20260806_231822_043,2026-08-06 23:18:22,False,10000,91,0.0,0,0.48,1.0,0.2,0,0.5,10,9.5,10,rrt_20260806_231822_043.png
20260806_231822_293,2026-08-06 23:18:22,True,562,79,17.28000000000001,37,0.48,1.0,0.2,0,0.5,10,9.5,10,rrt_20260806_231822_293.png
20260806_231823_928,2026-08-06 23:18:23,False,10000,106,0.0,0,0.48,1.0,0.2,0,0.5,10,9.5,10,rrt_20260806_231823_928.png
20260806_231824_161,2026-08-06 23:18:24,True,300,80,17.28000000000001,37,0.48,1.0,0.2,0,0.5,10,9.5,10,rrt_20260806_231824_161.png
20260806_231826_125,2026-08-06 23:18:26,False,10000,138,0.0,0,0.48,1.0,0.2,0,0.5,10,9.5,10,rrt_20260806_231826_125.png
20260806_231827_825,2026-08-06 23:18:27,False,10000,113,0.0,0,0.48,1.0,0.2,0,0.5,10,9.5,10,rrt_20260806_231827_825.png
20260806_231829_683,2026-08-06 23:18:29,False,10000,126,0.0,0,0.48,1.0,0.2,0,0.5,10,9.5,10,rrt_20260806_231829_683.png
20260806_231831_730,2026-08-06 23:18:31,False,10000,143,0.0,0,0.48,1.0,0.2,0,0.5,10,9.5,10,rrt_20260806_231831_730.png
20260806_231833_805,2026-08-06 23:18:33,False,10000,149,0.0,0,0.48,1.0,0.2,0,0.5,10,9.5,10,rrt_20260806_231833_805.png
20260806_231834_714,2026-08-06 23:18:34,False,10000,36,0.0,0,0.48,1.0,0.2,0,0.5,10,9.5,10,rrt_20260806_231834_714.png
20260806_231836_437,2026-08-06 23:18:36,False,10000,114,0.0,0,0.48,1.0,0.2,0,0.5,10,9.5,10,rrt_20260806_231836_437.png
20260806_231838_208,2026-08-06 23:18:38,False,10000,119,0.0,0,0.48,1.0,0.2,0,0.5,10,9.5,10,rrt_20260806_231838_208.png
20260806_231838_500,2026-08-06 23:18:38,True,883,96,18.240000000000006,39,0.48,1.0,0.2,0,0.5,10,9.5,10,rrt_20260806_231838_500.png
20260806_231840_934,2026-08-06 23:18:40,False,10000,180,0.0,0,0.48,1.0,0.2,0,0.5,10,9.5,10,rrt_20260806_231840_934.png
20260806_231841_990,2026-08-06 23:18:41,False,10000,48,0.0,0,0.48,1.0,0.2,0,0.5,10,9.5,10,rrt_20260806_231841_990.png
20260806_231842_237,2026-08-06 23:18:42,True,593,86,17.76,38,0.48,1.0,0.2,0,0.5,10,9.5,10,rrt_20260806_231842_237.png
20260806_231844_201,2026-08-06 23:18:44,False,10000,142,0.0,0,0.48,1.0,0.2,0,0.5,10,9.5,10,rrt_20260806_231844_201.png
20260806_231846_274,2026-08-06 23:18:46,False,10000,139,0.0,0,0.48,1.0,0.2,0,0.5,10,9.5,10,rrt_20260806_231846_274.png
20260806_231848_163,2026-08-06 23:18:48,False,10000,130,0.0,0,0.48,1.0,0.2,0,0.5,10,9.5,10,rrt_20260806_231848_163.png
20260806_231849_983,2026-08-06 23:18:49,False,10000,123,0.0,0,0.48,1.0,0.2,0,0.5,10,9.5,10,rrt_20260806_231849_983.png
20260806_231852_000,2026-08-06 23:18:52,False,10000,135,0.0,0,0.48,1.0,0.2,0,0.5,10,9.5,10,rrt_20260806_231852_000.png
20260806_231854_200,2026-08-06 23:18:54,False,10000,158,0.0,0,0.48,1.0,0.2,0,0.5,10,9.5,10,rrt_20260806_231854_200.png
20260806_231854_522,2026-08-06 23:18:54,True,787,110,16.800000000000004,36,0.48,1.0,0.2,0,0.5,10,9.5,10,rrt_20260806_231854_522.png
20260806_231854_764,2026-08-06 23:18:54,True,1605,52,15.22383699722429,32,0.5,0.1,0.2,0,0.5,10,9.5,10,rrt_20260806_231854_764.png
20260806_231855_000,2026-08-06 23:18:55,True,181,37,14.958082666485833,31,0.5,0.1,0.2,0,0.5,10,9.5,10,rrt_20260806_231855_000.png
20260806_231855_170,2026-08-06 23:18:55,True,443,38,14.5,30,0.5,0.1,0.2,0,0.5,10,9.5,10,rrt_20260806_231855_170.png
20260806_231855_473,2026-08-06 23:18:55,True,1756,80,17.28021813566297,36,0.5,0.1,0.2,0,0.5,10,9.5,10,rrt_20260806_231855_473.png
20260806_231855_647,2026-08-06 23:18:55,True,388,37,14.499999999999998,30,0.5,0.1,0.2,0,0.5,10,9.5,10,rrt_20260806_231855_647.png
20260806_231856_031,2026-08-06 23:18:56,True,2873,76,17.0,35,0.5,0.1,0.2,0,0.5,10,9.5,10,rrt_20260806_231856_031.png
20260806_231857_152,2026-08-06 23:18:57,False,10000,53,0.0,0,0.5,0.1,0.2,0,0.5,10,9.5,10,rrt_20260806_231857_152.png
20260806_231858_226,2026-08-06 23:18:58,False,10000,51,0.0,0,0.5,0.1,0.2,0,0.5,10,9.5,10,rrt_20260806_231858_226.png
20260806_231859_567,2026-08-06 23:18:59,False,10000,119,0.0,0,0.5,0.1,0.2,0,0.5,10,9.5,10,rrt_20260806_231859_567.png
20260806_231900_940,2026-08-06 23:19:00,False,10000,94,0.0,0,0.5,0.1,0.2,0,0.5,10,9.5,10,rrt_20260806_231900_940.png
20260806_231902_100,2026-08-06 23:19:02,True,9849,86,19.854802308153868,41,0.5,0.1,0.2,0,0.5,10,9.5,10,rrt_20260806_231902_100.png
20260806_231903_477,2026-08-06 23:19:03,False,10000,84,0.0,0,0.5,0.1,0.2,0,0.5,10,9.5,10,rrt_20260806_231903_477.png
20260806_231903_688,2026-08-06 23:19:03,True,236,36,15.751268456200128,33,0.5,0.1,0.2,0,0.5,10,9.5,10,rrt_20260806_231903_688.png
20260806_231903_845,2026-08-06 23:19:03,True,267,38,15.43821772978541,32,0.5,0.1,0.2,0,0.5,10,9.5,10,rrt_20260806_231903_845.png
20260806_231904_018,2026-08-06 23:19:04,True,661,46,15.891101272355543,33,0.5,0.1,0.2,0,0.5,10,9.5,10,rrt_20260806_231904_018.png
20260806_231905_450,2026-08-06 23:19:05,False,10000,122,0.0,0,0.5,0.1,0.2,0,0.5,10,9.5,10,rrt_20260806_231905_450.png
20260806_231905_718,2026-08-06 23:19:05,True,1009,48,14.82509654729593,31,0.5,0.1,0.2,0,0.5,10,9.5,10,rrt_20260806_231905_718.png
20260806_231906_767,2026-08-06 23:19:06,False,10000,50,0.0,0,0.5,0.1,0.2,0,0.5,10,9.5,10,rrt_20260806_231906_767.png
20260806_231907_059,2026-08-06 23:19:07,True,1702,57,14.819066068972244,31,0.5,0.1,0.2,0,0.5,10,9.5,10,rrt_20260806_231907_059.png
20260806_231907_222,2026-08-06 23:19:07,True,275,35,14.499999999999998,30,0.5,0.1,0.2,0,0.5,10,9.5,10,rrt_20260806_231907_222.png
20260806_231908_281,2026-08-06 23:19:08,False,10000,52,0.0,0,0.5,0.1,0.2,0,0.5,10,9.5,10,rrt_20260806_231908_281.png
20260806_231908_475,2026-08-06 23:19:08,True,136,34,14.999999999999995,31,0.5,0.1,0.2,0,0.5,10,9.5,10,rrt_20260806_231908_475.png
20260806_231908_780,2026-08-06 23:19:08,True,2387,58,15.263092060361807,32,0.5,0.1,0.2,0,0.5,10,9.5,10,rrt_20260806_231908_780.png
20260806_231908_993,2026-08-06 23:19:08,True,889,41,16.5,34,0.5,0.1,0.2,0,0.5,10,9.5,10,rrt_20260806_231908_993.png
20260806_231909_193,2026-08-06 23:19:09,True,428,47,17.0,35,0.5,0.1,0.2,0,0.5,10,9.5,10,rrt_20260806_231909_193.png
20260806_231909_474,2026-08-06 23:19:09,True,2448,69,16.27935656236093,34,0.5,0.1,0.2,0,0.5,10,9.5,10,rrt_20260806_231909_474.png
20260806_231909_745,2026-08-06 23:19:09,True,965,63,16.453956167647572,34,0.5,0.1,0.2,0,0.5,10,9.5,10,rrt_20260806_231909_745.png
20260806_231909_915,2026-08-06 23:19:09,True,352,38,15.841324299924722,33,0.5,0.1,0.2,0,0.5,10,9.5,10,rrt_20260806_231909_915.png
20260806_231910_075,2026-08-06 23:19:10,True,411,35,15.36006149818255,32,0.5,0.1,0.2,0,0.5,10,9.5,10,rrt_20260806_231910_075.png
20260806_231910_306,2026-08-06 23:19:10,True,1748,55,15.470899279532983,32,0.5,0.1,0.2,0,0.5,10,9.5,10,rrt_20260806_231910_306.png
20260806_231911_519,2026-08-06 23:19:11,False,10000,63,0.0,0,0.5,0.1,0.2,0,0.5,10,9.5,10,rrt_20260806_231911_519.png
20260806_231911_724,2026-08-06 23:19:11,True,161,32,14.857866902203781,31,0.5,0.1,0.2,0,0.5,10,9.5,10,rrt_20260806_231911_724.png
20260806_231911_941,2026-08-06 23:19:11,True,555,44,15.231544473432864,32,0.5,0.1,0.2,0,0.5,10,9.5,10,rrt_20260806_231911_941.png
20260806_231912_123,2026-08-06 23:19:12,True,425,52,15.282919399305074,32,0.5,0.1,0.2,0,0.5,10,9.5,10,rrt_20260806_231912_123.png
20260806_231912_286,2026-08-06 23:19:12,True,224,38,15.763142560867497,33,0.5,0.1,0.2,0,0.5,10,9.5,10,rrt_20260806_231912_286.png
20260806_231913_059,2026-08-06 23:19:13,False,10000,46,0.0,0,0.5,0.1,0.2,0,0.5,10,9.5,10,rrt_20260806_231913_059.png
20260806_231913_350,2026-08-06 23:19:13,True,1594,53,15.0,31,0.5,0.1,0.2,0,0.5,10,9.5,10,rrt_20260806_231913_350.png
20260806_231913_521,2026-08-06 23:19:13,True,404,45,15.3374007928419,32,0.5,0.1,0.2,0,0.5,10,9.5,10,rrt_20260806_231913_521.png
20260806_231913_716,2026-08-06 23:19:13,True,870,39,14.912965133119007,31,0.5,0.1,0.2,0,0.5,10,9.5,10,rrt_20260806_231913_716.png
20260806_231913_925,2026-08-06 23:19:13,True,650,42,14.750289723410715,31,0.5,0.1,0.2,0,0.5,10,9.5,10,rrt_20260806_231913_925.png
20260806_231914_098,2026-08-06 23:19:14,True,546,43,15.0,31,0.5,0.1,0.2,0,0.5,10,9.5,10,rrt_20260806_231914_098.png
20260806_231914_304,2026-08-06 23:19:14,True,663,44,14.824990820169626,31,0.5,0.1,0.2,0,0.5,10,9.5,10,rrt_20260806_231914_304.png
20260806_231914_481,2026-08-06 23:19:14,True,647,42,15.369286606549032,32,0.5,0.1,0.2,0,0.5,10,9.5,10,rrt_20260806_231914_481.png
20260806_231915_550,2026-08-06 23:19:15,False,10000,50,0.0,0,0.5,0.1,0.2,0,0.5,10,9.5,10,rrt_20260806_231915_550.png
20260806_231916_979,2026-08-06 23:19:16,False,10000,98,0.0,0,0.5,0.1,0.2,0,0.5,10,9.5,10,rrt_20260806_231916_979.png
20260806_231918_330,2026-08-06 23:19:18,False,10000,96,0.0,0,0.5,0.1,0.2,0,0.5,10,9.5,10,rrt_20260806_231918_330.png
20260806_231918_566,2026-08-06 23:19:18,True,587,44,15.258409104328548,32,0.5,0.1,0.2,0,0.5,10,9.5,10,rrt_20260806_231918_566.png
20260806_231918_771,2026-08-06 23:19:18,True,829,50,17.85931768974918,37,0.5,0.1,0.2,0,0.5,10,9.5,10,rrt_20260806_231918_771.png
20260806_231918_953,2026-08-06 23:19:18,True,357,44,15.464447857464638,32,0.5,0.1,0.2,0,0.5,10,9.5,10,rrt_20260806_231918_953.png
20260806_231919_142,2026-08-06 23:19:19,True,871,48,15.0,31,0.5,0.1,0.2,0,0.5,10,9.5,10,rrt_20260806_231919_142.png
20260806_231920_629,2026-08-06 23:19:20,False,10000,100,0.0,0,0.5,0.1,0.2,0,0.5,10,9.5,10,rrt_20260806_231920_629.png
20260806_231920_874,2026-08-06 23:19:20,True,716,48,14.999999999999993,31,0.5,0.1,0.2,0,0.5,10,9.5,10,rrt_20260806_231920_874.png
20260806_231921_884,2026-08-06 23:19:21,False,10000,51,0.0,0,0.5,0.1,0.2,0,0.5,10,9.5,10,rrt_20260806_231921_884.png
20260806_231922_131,2026-08-06 23:19:22,True,951,50,18.338347307309782,38,0.5,0.1,0.2,0,0.5,10,9.5,10,rrt_20260806_231922_131.png
20260806_231922_352,2026-08-06 23:19:22,True,575,45,15.5,32,0.5,0.1,0.2,0,0.5,10,9.5,10,rrt_20260806_231922_352.png
20260806_231922_586,2026-08-06 23:19:22,True,976,49,16.5,34,0.5,0.1,0.2,0,0.5,10,9.5,10,rrt_20260806_231922_586.png
20260806_231923_752,2026-08-06 23:19:23,False,10000,88,0.0,0,0.5,0.1,0.2,0,0.5,10,9.5,10,rrt_20260806_231923_752.png
20260806_231924_066,2026-08-06 23:19:24,True,2263,57,14.882124445799656,31,0.5,0.1,0.2,0,0.5,10,9.5,10,rrt_20260806_231924_066.png
20260806_231924_713,2026-08-06 23:19:24,True,5323,75,21.342627099852436,44,0.5,0.1,0.2,0,0.5,10,9.5,10,rrt_20260806_231924_713.png
20260806_231925_611,2026-08-06 23:19:25,False,10000,51,0.0,0,0.5,0.1,0.2,0,0.5,10,9.5,10,rrt_20260806_231925_611.png
20260806_231925_832,2026-08-06 23:19:25,True,523,41,14.870951800957089,31,0.5,0.1,0.2,0,0.5,10,9.5,10,rrt_20260806_231925_832.png
20260806_231926_427,2026-08-06 23:19:26,True,5226,73,15.296858999630452,32,0.5,0.1,0.2,0,0.5,10,9.5,10,rrt_20260806_231926_427.png
20260806_231926_614,2026-08-06 23:19:26,True,331,38,14.5,30,0.5,0.1,0.2,0,0.5,10,9.5,10,rrt_20260806_231926_614.png
20260806_231928_146,2026-08-06 23:19:28,False,10000,135,0.0,0,0.5,0.1,0.2,0,0.5,10,9.5,10,rrt_20260806_231928_146.png
20260806_231929_585,2026-08-06 23:19:29,False,10000,96,0.0,0,0.5,0.1,0.2,0,0.5,10,9.5,10,rrt_20260806_231929_585.png
20260806_231929_847,2026-08-06 23:19:29,True,224,40,14.919830429028924,31,0.5,0.1,0.2,0,0.5,10,9.5,10,rrt_20260806_231929_847.png
20260806_231930_012,2026-08-06 23:19:30,True,217,39,15.289729617540644,32,0.5,0.1,0.2,0,0.5,10,9.5,10,rrt_20260806_231930_012.png
20260806_231930_215,2026-08-06 23:19:30,True,652,41,14.500000000000004,30,0.5,0.1,0.2,0,0.5,10,9.5,10,rrt_20260806_231930_215.png
20260806_231930_437,2026-08-06 23:19:30,True,741,45,15.984918747298043,33,0.5,0.1,0.2,0,0.5,10,9.5,10,rrt_20260806_231930_437.png
20260806_231930_638,2026-08-06 23:19:30,True,827,40,15.242329803348312,32,0.5,0.1,0.2,0,0.5,10,9.5,10,rrt_20260806_231930_638.png
20260806_231931_054,2026-08-06 23:19:31,True,2937,80,16.324140866729735,34,0.5,0.1,0.2,0,0.5,10,9.5,10,rrt_20260806_231931_054.png
20260806_231931_258,2026-08-06 23:19:31,True,887,46,17.95352370069865,37,0.5,0.1,0.2,0,0.5,10,9.5,10,rrt_20260806_231931_258.png
20260806_231931_427,2026-08-06 23:19:31,True,466,35,15.5,32,0.5,0.1,0.2,0,0.5,10,9.5,10,rrt_20260806_231931_427.png
20260806_231931_573,2026-08-06 23:19:31,True,162,37,14.999999999999993,31,0.5,0.1,0.2,0,0.5,10,9.5,10,rrt_20260806_231931_573.png
20260806_231931_729,2026-08-06 23:19:31,True,222,35,14.731422279806695,31,0.5,0.1,0.2,0,0.5,10,9.5,10,rrt_20260806_231931_729.png
20260806_231931_892,2026-08-06 23:19:31,True,491,38,14.894961374783131,31,0.5,0.1,0.2,0,0.5,10,9.5,10,rrt_20260806_231931_892.png
20260806_231932_077,2026-08-06 23:19:32,True,744,44,17.0,35,0.5,0.1,0.2,0,0.5,10,9.5,10,rrt_20260806_231932_077.png
20260806_231932_325,2026-08-06 23:19:32,True,1125,42,16.0,33,0.5,0.1,0.2,0,0.5,10,9.5,10,rrt_20260806_231932_325.png
20260806_231932_476,2026-08-06 23:19:32,True,146,34,15.0,31,0.5,0.1,0.2,0,0.5,10,9.5,10,rrt_20260806_231932_476.png
20260806_231932_659,2026-08-06 23:19:32,True,901,50,15.373888424814984,32,0.5,0.1,0.2,0,0.5,10,9.5,10,rrt_20260806_231932_659.png
20260806_231933_413,2026-08-06 23:19:33,False,10000,43,0.0,0,0.5,0.1,0.2,0,0.5,10,9.5,10,rrt_20260806_231933_413.png
20260806_231933_854,2026-08-06 23:19:33,True,3196,70,15.312699597463714,32,0.5,0.1,0.2,0,0.5,10,9.5,10,rrt_20260806_231933_854.png
20260806_231935_060,2026-08-06 23:19:35,False,10000,83,0.0,0,0.5,0.1,0.2,0,0.5,10,9.5,10,rrt_20260806_231935_060.png
20260806_231936_112,2026-08-06 23:19:36,False,10000,53,0.0,0,0.5,0.1,0.2,0,0.5,10,9.5,10,rrt_20260806_231936_112.png
20260806_231937_197,2026-08-06 23:19:37,False,10000,49,0.0,0,0.5,0.1,0.2,0,0.5,10,9.5,10,rrt_20260806_231937_197.png
20260806_231937_400,2026-08-06 23:19:37,True,239,36,15.965960432252468,33,0.5,0.1,0.2,0,0.5,10,9.5,10,rrt_20260806_231937_400.png
20260806_231937_569,2026-08-06 23:19:37,True,351,37,14.473166193545962,30,0.5,0.1,0.2,0,0.5,10,9.5,10,rrt_20260806_231937_569.png
20260806_231937_743,2026-08-06 23:19:37,True,555,42,15.300198871171219,32,0.5,0.1,0.2,0,0.5,10,9.5,10,rrt_20260806_231937_743.png
20260806_231938_923,2026-08-06 23:19:38,False,10000,85,0.0,0,0.5,0.1,0.2,0,0.5,10,9.5,10,rrt_20260806_231938_923.png
20260806_231939_413,2026-08-06 23:19:39,True,3625,72,15.208247419942357,32,0.5,0.1,0.2,0,0.5,10,9.5,10,rrt_20260806_231939_413.png
20260806_231940_938,2026-08-06 23:19:40,False,10000,125,0.0,0,0.5,0.1,0.2,0,0.5,10,9.5,10,rrt_20260806_231940_938.png
20260806_231941_288,2026-08-06 23:19:41,True,1762,74,18.25468392471118,38,0.5,0.1,0.2,0,0.5,10,9.5,10,rrt_20260806_231941_288.png
20260806_231941_791,2026-08-06 23:19:41,True,5198,86,19.884476075655638,41,0.5,0.1,0.2,0,0.5,10,9.5,10,rrt_20260806_231941_791.png
20260806_231941_987,2026-08-06 23:19:41,True,382,42,15.366620405129376,32,0.5,0.1,0.2,0,0.5,10,9.5,10,rrt_20260806_231941_987.png
20260806_231942_133,2026-08-06 23:19:42,True,134,34,15.5,32,0.5,0.1,0.2,0,0.5,10,9.5,10,rrt_20260806_231942_133.png
20260806_231942_308,2026-08-06 23:19:42,True,370,38,15.846701416091818,33,0.5,0.1,0.2,0,0.5,10,9.5,10,rrt_20260806_231942_308.png
20260806_231942_591,2026-08-06 23:19:42,True,1819,66,16.929478306328146,35,0.5,0.1,0.2,0,0.5,10,9.5,10,rrt_20260806_231942_591.png
20260806_231942_778,2026-08-06 23:19:42,True,413,41,15.202821085866185,32,0.5,0.1,0.2,0,0.5,10,9.5,10,rrt_20260806_231942_778.png
20260806_231943_040,2026-08-06 23:19:43,True,804,54,16.388192673107678,34,0.5,0.1,0.2,0,0.5,10,9.5,10,rrt_20260806_231943_040.png
20260806_231943_256,2026-08-06 23:19:43,True,1039,60,16.331407010597932,34,0.5,0.1,0.2,0,0.5,10,9.5,10,rrt_20260806_231943_256.png
20260806_231943_414,2026-08-06 23:19:43,True,178,39,15.0,31,0.5,0.2,0.2,0,0.5,10,9.5,10,rrt_20260806_231943_414.png
20260806_231943_716,2026-08-06 23:19:43,True,2499,74,16.999999999999996,35,0.5,0.2,0.2,0,0.5,10,9.5,10,rrt_20260806_231943_716.png
20260806_231943_900,2026-08-06 23:19:43,True,370,46,15.284435348742683,32,0.5,0.2,0.2,0,0.5,10,9.5,10,rrt_20260806_231943_900.png
20260806_231944_071,2026-08-06 23:19:44,True,253,51,15.786329492523462,33,0.5,0.2,0.2,0,0.5,10,9.5,10,rrt_20260806_231944_071.png
20260806_231944_221,2026-08-06 23:19:44,True,240,40,15.489750221947286,32,0.5,0.2,0.2,0,0.5,10,9.5,10,rrt_20260806_231944_221.png
20260806_231944_401,2026-08-06 23:19:44,True,188,37,15.410254351976675,32,0.5,0.2,0.2,0,0.5,10,9.5,10,rrt_20260806_231944_401.png
20260806_231944_551,2026-08-06 23:19:44,True,166,45,15.278142951496955,32,0.5,0.2,0.2,0,0.5,10,9.5,10,rrt_20260806_231944_551.png
20260806_231945_214,2026-08-06 23:19:45,True,5112,103,16.000000000000004,33,0.5,0.2,0.2,0,0.5,10,9.5,10,rrt_20260806_231945_214.png
20260806_231945_419,2026-08-06 23:19:45,True,169,34,15.0,31,0.5,0.2,0.2,0,0.5,10,9.5,10,rrt_20260806_231945_419.png
20260806_231945_598,2026-08-06 23:19:45,True,532,59,18.822394389058942,39,0.5,0.2,0.2,0,0.5,10,9.5,10,rrt_20260806_231945_598.png
20260806_231945_780,2026-08-06 23:19:45,True,347,48,15.70942498828994,33,0.5,0.2,0.2,0,0.5,10,9.5,10,rrt_20260806_231945_780.png
20260806_231945_971,2026-08-06 23:19:45,True,304,44,14.712857227401257,31,0.5,0.2,0.2,0,0.5,10,9.5,10,rrt_20260806_231945_971.png
20260806_231946_146,2026-08-06 23:19:46,True,369,42,16.0,33,0.5,0.2,0.2,0,0.5,10,9.5,10,rrt_20260806_231946_146.png
20260806_231946_301,2026-08-06 23:19:46,True,297,39,14.5,30,0.5,0.2,0.2,0,0.5,10,9.5,10,rrt_20260806_231946_301.png
20260806_231946_474,2026-08-06 23:19:46,True,336,52,15.0,31,0.5,0.2,0.2,0,0.5,10,9.5,10,rrt_20260806_231946_474.png
20260806_231946_633,2026-08-06 23:19:46,True,354,46,15.404115646701353,32,0.5,0.2,0.2,0,0.5,10,9.5,10,rrt_20260806_231946_633.png
20260806_231946_804,2026-08-06 23:19:46,True,406,41,15.5,32,0.5,0.2,0.2,0,0.5,10,9.5,10,rrt_20260806_231946_804.png
20260806_231946_976,2026-08-06 23:19:46,True,321,40,15.70113106674901,33,0.5,0.2,0.2,0,0.5,10,9.5,10,rrt_20260806_231946_976.png
20260806_231947_165,2026-08-06 23:19:47,True,261,45,15.5,32,0.5,0.2,0.2,0,0.5,10,9.5,10,rrt_20260806_231947_165.png
20260806_231947_313,2026-08-06 23:19:47,True,183,39,15.326663481431066,32,0.5,0.2,0.2,0,0.5,10,9.5,10,rrt_20260806_231947_313.png
20260806_231947_501,2026-08-06 23:19:47,True,635,53,15.732122503705053,33,0.5,0.2,0.2,0,0.5,10,9.5,10,rrt_20260806_231947_501.png
20260806_231947_682,2026-08-06 23:19:47,True,291,43,15.947230659088056,33,0.5,0.2,0.2,0,0.5,10,9.5,10,rrt_20260806_231947_682.png
20260806_231949_122,2026-08-06 23:19:49,False,10000,81,0.0,0,0.5,0.2,0.2,0,0.5,10,9.5,10,rrt_20260806_231949_122.png
20260806_231949_336,2026-08-06 23:19:49,True,378,41,14.5,30,0.5,0.2,0.2,0,0.5,10,9.5,10,rrt_20260806_231949_336.png
20260806_231949_520,2026-08-06 23:19:49,True,185,48,16.999999999999996,35,0.5,0.2,0.2,0,0.5,10,9.5,10,rrt_20260806_231949_520.png
20260806_231951_082,2026-08-06 23:19:51,False,10000,114,0.0,0,0.5,0.2,0.2,0,0.5,10,9.5,10,rrt_20260806_231951_082.png
20260806_231952_259,2026-08-06 23:19:52,False,10000,55,0.0,0,0.5,0.2,0.2,0,0.5,10,9.5,10,rrt_20260806_231952_259.png
20260806_231952_464,2026-08-06 23:19:52,True,154,37,15.422284725998002,32,0.5,0.2,0.2,0,0.5,10,9.5,10,rrt_20260806_231952_464.png
20260806_231952_634,2026-08-06 23:19:52,True,288,44,16.0,33,0.5,0.2,0.2,0,0.5,10,9.5,10,rrt_20260806_231952_634.png
20260806_231952_803,2026-08-06 23:19:52,True,471,45,15.825216658717066,33,0.5,0.2,0.2,0,0.5,10,9.5,10,rrt_20260806_231952_803.png
20260806_231953_009,2026-08-06 23:19:53,True,293,41,15.219152358026188,32,0.5,0.2,0.2,0,0.5,10,9.5,10,rrt_20260806_231953_009.png
20260806_231953_175,2026-08-06 23:19:53,True,431,52,14.999999999999998,31,0.5,0.2,0.2,0,0.5,10,9.5,10,rrt_20260806_231953_175.png
20260806_231953_322,2026-08-06 23:19:53,True,112,36,15.410517437784879,32,0.5,0.2,0.2,0,0.5,10,9.5,10,rrt_20260806_231953_322.png
20260806_231953_472,2026-08-06 23:19:53,True,164,41,15.0,31,0.5,0.2,0.2,0,0.5,10,9.5,10,rrt_20260806_231953_472.png
20260806_231954_655,2026-08-06 23:19:54,False,10000,89,0.0,0,0.5,0.2,0.2,0,0.5,10,9.5,10,rrt_20260806_231954_655.png
20260806_231954_888,2026-08-06 23:19:54,True,385,59,18.0,37,0.5,0.2,0.2,0,0.5,10,9.5,10,rrt_20260806_231954_888.png
20260806_231955_072,2026-08-06 23:19:55,True,203,37,14.940811773987752,31,0.5,0.2,0.2,0,0.5,10,9.5,10,rrt_20260806_231955_072.png
20260806_231955_218,2026-08-06 23:19:55,True,120,38,14.444993612652667,30,0.5,0.2,0.2,0,0.5,10,9.5,10,rrt_20260806_231955_218.png
20260806_231956_115,2026-08-06 23:19:56,False,10000,54,0.0,0,0.5,0.2,0.2,0,0.5,10,9.5,10,rrt_20260806_231956_115.png
20260806_231956_322,2026-08-06 23:19:56,True,105,33,14.5,30,0.5,0.2,0.2,0,0.5,10,9.5,10,rrt_20260806_231956_322.png
20260806_231956_535,2026-08-06 23:19:56,True,1052,66,17.5,36,0.5,0.2,0.2,0,0.5,10,9.5,10,rrt_20260806_231956_535.png
20260806_231956_688,2026-08-06 23:19:56,True,69,35,14.499999999999996,30,0.5,0.2,0.2,0,0.5,10,9.5,10,rrt_20260806_231956_688.png
20260806_231958_517,2026-08-06 23:19:58,False,10000,153,0.0,0,0.5,0.2,0.2,0,0.5,10,9.5,10,rrt_20260806_231958_517.png
20260806_231959_963,2026-08-06 23:19:59,False,10000,101,0.0,0,0.5,0.2,0.2,0,0.5,10,9.5,10,rrt_20260806_231959_963.png
20260806_232000_248,2026-08-06 23:20:00,True,1188,76,18.49674341168877,38,0.5,0.2,0.2,0,0.5,10,9.5,10,rrt_20260806_232000_248.png
20260806_232000_416,2026-08-06 23:20:00,True,189,37,15.999999999999998,33,0.5,0.2,0.2,0,0.5,10,9.5,10,rrt_20260806_232000_416.png
20260806_232000_573,2026-08-06 23:20:00,True,257,50,14.78474542229604,31,0.5,0.2,0.2,0,0.5,10,9.5,10,rrt_20260806_232000_573.png
20260806_232000_764,2026-08-06 23:20:00,True,327,43,14.785746366136852,31,0.5,0.2,0.2,0,0.5,10,9.5,10,rrt_20260806_232000_764.png
20260806_232001_718,2026-08-06 23:20:01,False,10000,55,0.0,0,0.5,0.2,0.2,0,0.5,10,9.5,10,rrt_20260806_232001_718.png
20260806_232001_924,2026-08-06 23:20:01,True,267,41,14.753376251599269,31,0.5,0.2,0.2,0,0.5,10,9.5,10,rrt_20260806_232001_924.png
20260806_232002_154,2026-08-06 23:20:02,True,1699,60,15.5,32,0.5,0.2,0.2,0,0.5,10,9.5,10,rrt_20260806_232002_154.png
20260806_232002_355,2026-08-06 23:20:02,True,741,62,17.5,36,0.5,0.2,0.2,0,0.5,10,9.5,10,rrt_20260806_232002_355.png
20260806_232002_615,2026-08-06 23:20:02,True,1276,70,16.917921732870784,35,0.5,0.2,0.2,0,0.5,10,9.5,10,rrt_20260806_232002_615.png
20260806_232002_789,2026-08-06 23:20:02,True,315,42,16.305055434147267,34,0.5,0.2,0.2,0,0.5,10,9.5,10,rrt_20260806_232002_789.png
20260806_232002_959,2026-08-06 23:20:02,True,145,37,14.966042743188533,31,0.5,0.2,0.2,0,0.5,10,9.5,10,rrt_20260806_232002_959.png
20260806_232003_127,2026-08-06 23:20:03,True,327,49,15.79664316814684,33,0.5,0.2,0.2,0,0.5,10,9.5,10,rrt_20260806_232003_127.png
20260806_232003_295,2026-08-06 23:20:03,True,453,53,15.0,31,0.5,0.2,0.2,0,0.5,10,9.5,10,rrt_20260806_232003_295.png
20260806_232003_491,2026-08-06 23:20:03,True,517,50,15.0,31,0.5,0.2,0.2,0,0.5,10,9.5,10,rrt_20260806_232003_491.png
20260806_232003_708,2026-08-06 23:20:03,True,679,56,15.0,31,0.5,0.2,0.2,0,0.5,10,9.5,10,rrt_20260806_232003_708.png
20260806_232003_912,2026-08-06 23:20:03,True,427,49,16.768435022409243,35,0.5,0.2,0.2,0,0.5,10,9.5,10,rrt_20260806_232003_912.png
20260806_232004_063,2026-08-06 23:20:04,True,105,39,15.71317302964361,33,0.5,0.2,0.2,0,0.5,10,9.5,10,rrt_20260806_232004_063.png
20260806_232004_226,2026-08-06 23:20:04,True,335,38,15.0,31,0.5,0.2,0.2,0,0.5,10,9.5,10,rrt_20260806_232004_226.png
20260806_232004_392,2026-08-06 23:20:04,True,155,40,15.366088576545875,32,0.5,0.2,0.2,0,0.5,10,9.5,10,rrt_20260806_232004_392.png
20260806_232004_546,2026-08-06 23:20:04,True,164,38,15.0,31,0.5,0.2,0.2,0,0.5,10,9.5,10,rrt_20260806_232004_546.png
20260806_232004_731,2026-08-06 23:20:04,True,807,57,15.5,32,0.5,0.2,0.2,0,0.5,10,9.5,10,rrt_20260806_232004_731.png
20260806_232004_998,2026-08-06 23:20:04,True,1399,70,15.0,31,0.5,0.2,0.2,0,0.5,10,9.5,10,rrt_20260806_232004_998.png
20260806_232005_208,2026-08-06 23:20:05,True,253,41,15.719762078474888,33,0.5,0.2,0.2,0,0.5,10,9.5,10,rrt_20260806_232005_208.png
20260806_232005_383,2026-08-06 23:20:05,True,541,55,17.239846425273246,36,0.5,0.2,0.2,0,0.5,10,9.5,10,rrt_20260806_232005_383.png
20260806_232005_544,2026-08-06 23:20:05,True,265,42,16.36287021952578,34,0.5,0.2,0.2,0,0.5,10,9.5,10,rrt_20260806_232005_544.png
20260806_232005_696,2026-08-06 23:20:05,True,144,38,14.757537940669796,31,0.5,0.2,0.2,0,0.5,10,9.5,10,rrt_20260806_232005_696.png
20260806_232005_849,2026-08-06 23:20:05,True,169,35,14.499999999999998,30,0.5,0.2,0.2,0,0.5,10,9.5,10,rrt_20260806_232005_849.png
20260806_232007_053,2026-08-06 23:20:07,False,10000,69,0.0,0,0.5,0.2,0.2,0,0.5,10,9.5,10,rrt_20260806_232007_053.png
20260806_232007_288,2026-08-06 23:20:07,True,72,33,15.5,32,0.5,0.2,0.2,0,0.5,10,9.5,10,rrt_20260806_232007_288.png
20260806_232007_612,2026-08-06 23:20:07,True,2306,70,16.48118273108753,34,0.5,0.2,0.2,0,0.5,10,9.5,10,rrt_20260806_232007_612.png
20260806_232007_796,2026-08-06 23:20:07,True,156,36,14.499999999999998,30,0.5,0.2,0.2,0,0.5,10,9.5,10,rrt_20260806_232007_796.png
20260806_232009_395,2026-08-06 23:20:09,False,10000,103,0.0,0,0.5,0.2,0.2,0,0.5,10,9.5,10,rrt_20260806_232009_395.png
20260806_232009_615,2026-08-06 23:20:09,True,210,45,14.5,30,0.5,0.2,0.2,0,0.5,10,9.5,10,rrt_20260806_232009_615.png
20260806_232009_780,2026-08-06 23:20:09,True,175,34,15.0,31,0.5,0.2,0.2,0,0.5,10,9.5,10,rrt_20260806_232009_780.png
20260806_232009_987,2026-08-06 23:20:09,True,330,41,15.7522825584138,33,0.5,0.2,0.2,0,0.5,10,9.5,10,rrt_20260806_232009_987.png
20260806_232010_164,2026-08-06 23:20:10,True,322,46,15.965721695836622,33,0.5,0.2,0.2,0,0.5,10,9.5,10,rrt_20260806_232010_164.png
20260806_232010_328,2026-08-06 23:20:10,True,250,40,15.726925824915334,33,0.5,0.2,0.2,0,0.5,10,9.5,10,rrt_20260806_232010_328.png
20260806_232010_504,2026-08-06 23:20:10,True,468,47,15.210485411259857,32,0.5,0.2,0.2,0,0.5,10,9.5,10,rrt_20260806_232010_504.png
20260806_232010_893,2026-08-06 23:20:10,True,1535,60,15.346453701191738,32,0.5,0.2,0.2,0,0.5,10,9.5,10,rrt_20260806_232010_893.png
20260806_232011_090,2026-08-06 23:20:11,True,230,40,14.885446208973654,31,0.5,0.2,0.2,0,0.5,10,9.5,10,rrt_20260806_232011_090.png
20260806_232011_251,2026-08-06 23:20:11,True,274,43,14.778664248836462,31,0.5,0.2,0.2,0,0.5,10,9.5,10,rrt_20260806_232011_251.png
20260806_232011_439,2026-08-06 23:20:11,True,92,40,15.366998570618927,32,0.5,0.2,0.2,0,0.5,10,9.5,10,rrt_20260806_232011_439.png
20260806_232011_651,2026-08-06 23:20:11,True,553,57,16.0,33,0.5,0.2,0.2,0,0.5,10,9.5,10,rrt_20260806_232011_651.png
20260806_232011_846,2026-08-06 23:20:11,True,199,41,14.962477876802385,31,0.5,0.2,0.2,0,0.5,10,9.5,10,rrt_20260806_232011_846.png
20260806_232012_001,2026-08-06 23:20:12,True,219,39,14.700134002416291,31,0.5,0.2,0.2,0,0.5,10,9.5,10,rrt_20260806_232012_001.png
20260806_232013_103,2026-08-06 23:20:13,False,10000,53,0.0,0,0.5,0.2,0.2,0,0.5,10,9.5,10,rrt_20260806_232013_103.png
20260806_232014_591,2026-08-06 23:20:14,False,10000,101,0.0,0,0.5,0.2,0.2,0,0.5,10,9.5,10,rrt_20260806_232014_591.png
20260806_232014_814,2026-08-06 23:20:14,True,318,45,15.874039266619222,33,0.5,0.2,0.2,0,0.5,10,9.5,10,rrt_20260806_232014_814.png
20260806_232016_235,2026-08-06 23:20:16,False,10000,98,0.0,0,0.5,0.2,0.2,0,0.5,10,9.5,10,rrt_20260806_232016_235.png
20260806_232016_661,2026-08-06 23:20:16,True,2910,88,19.45033102993282,40,0.5,0.2,0.2,0,0.5,10,9.5,10,rrt_20260806_232016_661.png
20260806_232018_028,2026-08-06 23:20:18,False,10000,86,0.0,0,0.5,0.2,0.2,0,0.5,10,9.5,10,rrt_20260806_232018_028.png
20260806_232018_412,2026-08-06 23:20:18,True,1651,69,15.86597157462137,33,0.5,0.2,0.2,0,0.5,10,9.5,10,rrt_20260806_232018_412.png
20260806_232018_582,2026-08-06 23:20:18,True,167,32,14.818332075957418,31,0.5,0.2,0.2,0,0.5,10,9.5,10,rrt_20260806_232018_582.png
20260806_232019_950,2026-08-06 23:20:19,False,10000,101,0.0,0,0.5,0.2,0.2,0,0.5,10,9.5,10,rrt_20260806_232019_950.png
20260806_232020_164,2026-08-06 23:20:20,True,147,43,15.0,31,0.5,0.2,0.2,0,0.5,10,9.5,10,rrt_20260806_232020_164.png
20260806_232020_511,2026-08-06 23:20:20,True,2174,86,15.954496369880182,33,0.5,0.2,0.2,0,0.5,10,9.5,10,rrt_20260806_232020_511.png
20260806_232020_743,2026-08-06 23:20:20,True,178,45,15.725721967556495,33,0.5,0.3,0.2,0,0.5,10,9.5,10,rrt_20260806_232020_743.png
20260806_232022_563,2026-08-06 23:20:22,False,10000,143,0.0,0,0.5,0.3,0.2,0,0.5,10,9.5,10,rrt_20260806_232022_563.png
20260806_232024_425,2026-08-06 23:20:24,False,10000,132,0.0,0,0.5,0.3,0.2,0,0.5,10,9.5,10,rrt_20260806_232024_425.png
20260806_232026_120,2026-08-06 23:20:26,False,10000,113,0.0,0,0.5,0.3,0.2,0,0.5,10,9.5,10,rrt_20260806_232026_120.png
20260806_232026_415,2026-08-06 23:20:26,True,322,42,14.905976750455716,31,0.5,0.3,0.2,0,0.5,10,9.5,10,rrt_20260806_232026_415.png
20260806_232026_633,2026-08-06 23:20:26,True,834,63,16.252798977352594,34,0.5,0.3,0.2,0,0.5,10,9.5,10,rrt_20260806_232026_633.png
20260806_232026_807,2026-08-06 23:20:26,True,185,38,14.820568952387713,31,0.5,0.3,0.2,0,0.5,10,9.5,10,rrt_20260806_232026_807.png
20260806_232027_089,2026-08-06 23:20:27,True,1631,72,15.323530046922686,32,0.5,0.3,0.2,0,0.5,10,9.5,10,rrt_20260806_232027_089.png
20260806_232027_317,2026-08-06 23:20:27,True,977,78,15.278257995152892,32,0.5,0.3,0.2,0,0.5,10,9.5,10,rrt_20260806_232027_317.png
20260806_232028_410,2026-08-06 23:20:28,False,10000,46,0.0,0,0.5,0.3,0.2,0,0.5,10,9.5,10,rrt_20260806_232028_410.png
20260806_232028_644,2026-08-06 23:20:28,True,152,43,15.28552767111169,32,0.5,0.3,0.2,0,0.5,10,9.5,10,rrt_20260806_232028_644.png
20260806_232028_804,2026-08-06 23:20:28,True,218,44,15.899054095250788,33,0.5,0.3,0.2,0,0.5,10,9.5,10,rrt_20260806_232028_804.png
20260806_232028_965,2026-08-06 23:20:28,True,179,46,15.378243961604285,32,0.5,0.3,0.2,0,0.5,10,9.5,10,rrt_20260806_232028_965.png
20260806_232029_120,2026-08-06 23:20:29,True,168,40,15.2354253227644,32,0.5,0.3,0.2,0,0.5,10,9.5,10,rrt_20260806_232029_120.png
20260806_232029_285,2026-08-06 23:20:29,True,378,50,15.2283913109687,32,0.5,0.3,0.2,0,0.5,10,9.5,10,rrt_20260806_232029_285.png
20260806_232030_549,2026-08-06 23:20:30,False,10000,68,0.0,0,0.5,0.3,0.2,0,0.5,10,9.5,10,rrt_20260806_232030_549.png
20260806_232030_799,2026-08-06 23:20:30,True,144,41,15.406407952775556,32,0.5,0.3,0.2,0,0.5,10,9.5,10,rrt_20260806_232030_799.png
20260806_232030_991,2026-08-06 23:20:30,True,690,51,15.434514499627534,32,0.5,0.3,0.2,0,0.5,10,9.5,10,rrt_20260806_232030_991.png
20260806_232031_180,2026-08-06 23:20:31,True,564,64,16.0,33,0.5,0.3,0.2,0,0.5,10,9.5,10,rrt_20260806_232031_180.png
20260806_232032_740,2026-08-06 23:20:32,False,10000,110,0.0,0,0.5,0.3,0.2,0,0.5,10,9.5,10,rrt_20260806_232032_740.png
20260806_232033_722,2026-08-06 23:20:33,False,10000,61,0.0,0,0.5,0.3,0.2,0,0.5,10,9.5,10,rrt_20260806_232033_722.png
20260806_232033_959,2026-08-06 23:20:33,True,131,43,15.221020415286082,32,0.5,0.3,0.2,0,0.5,10,9.5,10,rrt_20260806_232033_959.png
20260806_232034_107,2026-08-06 23:20:34,True,86,36,15.281708106293488,32,0.5,0.3,0.2,0,0.5,10,9.5,10,rrt_20260806_232034_107.png
20260806_232034_253,2026-08-06 23:20:34,True,78,33,15.0,31,0.5,0.3,0.2,0,0.5,10,9.5,10,rrt_20260806_232034_253.png
20260806_232034_404,2026-08-06 23:20:34,True,203,41,17.0,35,0.5,0.3,0.2,0,0.5,10,9.5,10,rrt_20260806_232034_404.png
20260806_232034_564,2026-08-06 23:20:34,True,265,47,16.5,34,0.5,0.3,0.2,0,0.5,10,9.5,10,rrt_20260806_232034_564.png
20260806_232034_723,2026-08-06 23:20:34,True,210,45,14.912013615778974,31,0.5,0.3,0.2,0,0.5,10,9.5,10,rrt_20260806_232034_723.png
20260806_232034_878,2026-08-06 23:20:34,True,164,47,15.5,32,0.5,0.3,0.2,0,0.5,10,9.5,10,rrt_20260806_232034_878.png
20260806_232035_083,2026-08-06 23:20:35,True,162,47,15.912670973080498,33,0.5,0.3,0.2,0,0.5,10,9.5,10,rrt_20260806_232035_083.png
20260806_232035_304,2026-08-06 23:20:35,True,1108,78,17.5,36,0.5,0.3,0.2,0,0.5,10,9.5,10,rrt_20260806_232035_304.png
20260806_232035_491,2026-08-06 23:20:35,True,118,46,16.806188337057776,35,0.5,0.3,0.2,0,0.5,10,9.5,10,rrt_20260806_232035_491.png
20260806_232035_687,2026-08-06 23:20:35,True,153,41,15.5,32,0.5,0.3,0.2,0,0.5,10,9.5,10,rrt_20260806_232035_687.png
20260806_232035_881,2026-08-06 23:20:35,True,494,69,17.222284693947728,36,0.5,0.3,0.2,0,0.5,10,9.5,10,rrt_20260806_232035_881.png
20260806_232037_547,2026-08-06 23:20:37,False,10000,120,0.0,0,0.5,0.3,0.2,0,0.5,10,9.5,10,rrt_20260806_232037_547.png
20260806_232037_802,2026-08-06 23:20:37,True,121,38,15.425994490742562,32,0.5,0.3,0.2,0,0.5,10,9.5,10,rrt_20260806_232037_802.png
20260806_232037_950,2026-08-06 23:20:37,True,141,40,15.382556396246038,32,0.5,0.3,0.2,0,0.5,10,9.5,10,rrt_20260806_232037_950.png
20260806_232039_529,2026-08-06 23:20:39,False,10000,109,0.0,0,0.5,0.3,0.2,0,0.5,10,9.5,10,rrt_20260806_232039_529.png
20260806_232039_766,2026-08-06 23:20:39,True,163,40,17.0,35,0.5,0.3,0.2,0,0.5,10,9.5,10,rrt_20260806_232039_766.png
20260806_232039_933,2026-08-06 23:20:39,True,344,51,16.0,33,0.5,0.3,0.2,0,0.5,10,9.5,10,rrt_20260806_232039_933.png
20260806_232041_050,2026-08-06 23:20:41,False,10000,53,0.0,0,0.5,0.3,0.2,0,0.5,10,9.5,10,rrt_20260806_232041_050.png
20260806_232041_240,2026-08-06 23:20:41,True,147,37,16.0,33,0.5,0.3,0.2,0,0.5,10,9.5,10,rrt_20260806_232041_240.png
20260806_232041_386,2026-08-06 23:20:41,True,169,46,15.766505944537597,33,0.5,0.3,0.2,0,0.5,10,9.5,10,rrt_20260806_232041_386.png
20260806_232041_553,2026-08-06 23:20:41,True,305,47,15.263458804685818,32,0.5,0.3,0.2,0,0.5,10,9.5,10,rrt_20260806_232041_553.png
20260806_232041_804,2026-08-06 23:20:41,True,1314,64,16.5,34,0.5,0.3,0.2,0,0.5,10,9.5,10,rrt_20260806_232041_804.png
20260806_232041_962,2026-08-06 23:20:41,True,128,39,15.318234175438956,32,0.5,0.3,0.2,0,0.5,10,9.5,10,rrt_20260806_232041_962.png
20260806_232042_155,2026-08-06 23:20:42,True,423,65,17.301564634088766,36,0.5,0.3,0.2,0,0.5,10,9.5,10,rrt_20260806_232042_155.png
20260806_232042_352,2026-08-06 23:20:42,True,159,38,15.0,31,0.5,0.3,0.2,0,0.5,10,9.5,10,rrt_20260806_232042_352.png
20260806_232042_501,2026-08-06 23:20:42,True,180,39,14.461920975595621,30,0.5,0.3,0.2,0,0.5,10,9.5,10,rrt_20260806_232042_501.png
20260806_232042_672,2026-08-06 23:20:42,True,477,54,15.307903597390657,32,0.5,0.3,0.2,0,0.5,10,9.5,10,rrt_20260806_232042_672.png
20260806_232042_825,2026-08-06 23:20:42,True,78,37,14.703774047631178,31,0.5,0.3,0.2,0,0.5,10,9.5,10,rrt_20260806_232042_825.png
20260806_232043_006,2026-08-06 23:20:43,True,614,59,18.5,38,0.5,0.3,0.2,0,0.5,10,9.5,10,rrt_20260806_232043_006.png
20260806_232044_860,2026-08-06 23:20:44,False,10000,137,0.0,0,0.5,0.3,0.2,0,0.5,10,9.5,10,rrt_20260806_232044_860.png
20260806_232045_128,2026-08-06 23:20:45,True,300,63,16.914622074398753,35,0.5,0.3,0.2,0,0.5,10,9.5,10,rrt_20260806_232045_128.png
20260806_232045_293,2026-08-06 23:20:45,True,386,53,16.744239030023746,35,0.5,0.3,0.2,0,0.5,10,9.5,10,rrt_20260806_232045_293.png
20260806_232046_504,2026-08-06 23:20:46,False,10000,69,0.0,0,0.5,0.3,0.2,0,0.5,10,9.5,10,rrt_20260806_232046_504.png
20260806_232046_709,2026-08-06 23:20:46,True,163,44,14.910408307344005,31,0.5,0.3,0.2,0,0.5,10,9.5,10,rrt_20260806_232046_709.png
20260806_232046_855,2026-08-06 23:20:46,True,80,37,14.800154009264306,31,0.5,0.3,0.2,0,0.5,10,9.5,10,rrt_20260806_232046_855.png
20260806_232047_039,2026-08-06 23:20:47,True,214,44,15.352732320503229,32,0.5,0.3,0.2,0,0.5,10,9.5,10,rrt_20260806_232047_039.png
20260806_232047_191,2026-08-06 23:20:47,True,159,46,14.5,30,0.5,0.3,0.2,0,0.5,10,9.5,10,rrt_20260806_232047_191.png
20260806_232047_347,2026-08-06 23:20:47,True,247,49,15.0,31,0.5,0.3,0.2,0,0.5,10,9.5,10,rrt_20260806_232047_347.png
20260806_232047_553,2026-08-06 23:20:47,True,886,66,19.493713471158948,40,0.5,0.3,0.2,0,0.5,10,9.5,10,rrt_20260806_232047_553.png
20260806_232047_759,2026-08-06 23:20:47,True,740,65,15.5,32,0.5,0.3,0.2,0,0.5,10,9.5,10,rrt_20260806_232047_759.png
20260806_232047_935,2026-08-06 23:20:47,True,114,37,15.201840029644389,32,0.5,0.3,0.2,0,0.5,10,9.5,10,rrt_20260806_232047_935.png
20260806_232048_818,2026-08-06 23:20:48,False,10000,44,0.0,0,0.5,0.3,0.2,0,0.5,10,9.5,10,rrt_20260806_232048_818.png
20260806_232049_947,2026-08-06 23:20:49,False,10000,52,0.0,0,0.5,0.3,0.2,0,0.5,10,9.5,10,rrt_20260806_232049_947.png
20260806_232050_140,2026-08-06 23:20:50,True,93,36,14.999999999999998,31,0.5,0.3,0.2,0,0.5,10,9.5,10,rrt_20260806_232050_140.png
20260806_232050_291,2026-08-06 23:20:50,True,143,38,15.425535344284448,32,0.5,0.3,0.2,0,0.5,10,9.5,10,rrt_20260806_232050_291.png
20260806_232050_456,2026-08-06 23:20:50,True,296,52,16.5,34,0.5,0.3,0.2,0,0.5,10,9.5,10,rrt_20260806_232050_456.png
20260806_232052_004,2026-08-06 23:20:52,False,10000,117,0.0,0,0.5,0.3,0.2,0,0.5,10,9.5,10,rrt_20260806_232052_004.png
20260806_232052_246,2026-08-06 23:20:52,True,234,48,15.257483950997207,32,0.5,0.3,0.2,0,0.5,10,9.5,10,rrt_20260806_232052_246.png
20260806_232052_403,2026-08-06 23:20:52,True,276,45,15.269628988622689,32,0.5,0.3,0.2,0,0.5,10,9.5,10,rrt_20260806_232052_403.png
20260806_232052_561,2026-08-06 23:20:52,True,244,54,16.0,33,0.5,0.3,0.2,0,0.5,10,9.5,10,rrt_20260806_232052_561.png
20260806_232054_167,2026-08-06 23:20:54,False,10000,115,0.0,0,0.5,0.3,0.2,0,0.5,10,9.5,10,rrt_20260806_232054_167.png
20260806_232054_400,2026-08-06 23:20:54,True,239,40,15.79176509459314,33,0.5,0.3,0.2,0,0.5,10,9.5,10,rrt_20260806_232054_400.png
20260806_232054_610,2026-08-06 23:20:54,True,495,46,16.5,34,0.5,0.3,0.2,0,0.5,10,9.5,10,rrt_20260806_232054_610.png
20260806_232054_772,2026-08-06 23:20:54,True,124,36,14.5,30,0.5,0.3,0.2,0,0.5,10,9.5,10,rrt_20260806_232054_772.png
20260806_232054_918,2026-08-06 23:20:54,True,164,36,15.811610024834945,33,0.5,0.3,0.2,0,0.5,10,9.5,10,rrt_20260806_232054_918.png
20260806_232056_664,2026-08-06 23:20:56,False,10000,146,0.0,0,0.5,0.3,0.2,0,0.5,10,9.5,10,rrt_20260806_232056_664.png
20260806_232056_911,2026-08-06 23:20:56,True,528,72,18.5,38,0.5,0.3,0.2,0,0.5,10,9.5,10,rrt_20260806_232056_911.png
20260806_232058_542,2026-08-06 23:20:58,False,10000,116,0.0,0,0.5,0.3,0.2,0,0.5,10,9.5,10,rrt_20260806_232058_542.png
20260806_232058_749,2026-08-06 23:20:58,True,168,39,15.500000000000005,32,0.5,0.3,0.2,0,0.5,10,9.5,10,rrt_20260806_232058_749.png
20260806_232058_934,2026-08-06 23:20:58,True,444,58,15.499999999999998,32,0.5,0.3,0.2,0,0.5,10,9.5,10,rrt_20260806_232058_934.png
20260806_232059_099,2026-08-06 23:20:59,True,348,41,15.237753934299569,32,0.5,0.3,0.2,0,0.5,10,9.5,10,rrt_20260806_232059_099.png
20260806_232059_251,2026-08-06 23:20:59,True,173,33,15.0,31,0.5,0.3,0.2,0,0.5,10,9.5,10,rrt_20260806_232059_251.png
20260806_232059_417,2026-08-06 23:20:59,True,414,55,17.43001831423463,36,0.5,0.3,0.2,0,0.5,10,9.5,10,rrt_20260806_232059_417.png
20260806_232101_260,2026-08-06 23:21:01,False,10000,139,0.0,0,0.5,0.3,0.2,0,0.5,10,9.5,10,rrt_20260806_232101_260.png
20260806_232101_482,2026-08-06 23:21:01,True,244,46,14.843453834742062,31,0.5,0.3,0.2,0,0.5,10,9.5,10,rrt_20260806_232101_482.png
20260806_232102_559,2026-08-06 23:21:02,False,10000,53,0.0,0,0.5,0.3,0.2,0,0.5,10,9.5,10,rrt_20260806_232102_559.png
20260806_232102_750,2026-08-06 23:21:02,True,72,37,16.5,34,0.5,0.3,0.2,0,0.5,10,9.5,10,rrt_20260806_232102_750.png
20260806_232102_935,2026-08-06 23:21:02,True,594,63,17.812314810535028,37,0.5,0.3,0.2,0,0.5,10,9.5,10,rrt_20260806_232102_935.png
20260806_232103_432,2026-08-06 23:21:03,True,3018,92,19.238266082844106,40,0.5,0.3,0.2,0,0.5,10,9.5,10,rrt_20260806_232103_432.png
20260806_232103_640,2026-08-06 23:21:03,True,113,44,15.271755657782563,32,0.5,0.3,0.2,0,0.5,10,9.5,10,rrt_20260806_232103_640.png
20260806_232104_517,2026-08-06 23:21:04,False,10000,47,0.0,0,0.5,0.3,0.2,0,0.5,10,9.5,10,rrt_20260806_232104_517.png
20260806_232106_404,2026-08-06 23:21:06,False,10000,134,0.0,0,0.5,0.3,0.2,0,0.5,10,9.5,10,rrt_20260806_232106_404.png
20260806_232106_656,2026-08-06 23:21:06,True,268,43,15.500000000000002,32,0.5,0.3,0.2,0,0.5,10,9.5,10,rrt_20260806_232106_656.png
20260806_232106_856,2026-08-06 23:21:06,True,150,38,15.0,31,0.5,0.3,0.2,0,0.5,10,9.5,10,rrt_20260806_232106_856.png
20260806_232107_010,2026-08-06 23:21:07,True,228,50,15.5,32,0.5,0.3,0.2,0,0.5,10,9.5,10,rrt_20260806_232107_010.png
20260806_232108_101,2026-08-06 23:21:08,False,10000,53,0.0,0,0.5,0.3,0.2,0,0.5,10,9.5,10,rrt_20260806_232108_101.png
20260806_232108_312,2026-08-06 23:21:08,True,139,40,15.806568063210195,33,0.5,0.3,0.2,0,0.5,10,9.5,10,rrt_20260806_232108_312.png
20260806_232108_466,2026-08-06 23:21:08,True,299,50,14.83583496754362,31,0.5,0.3,0.2,0,0.5,10,9.5,10,rrt_20260806_232108_466.png
20260806_232108_627,2026-08-06 23:21:08,True,259,49,15.890378148580847,33,0.5,0.4,0.2,0,0.5,10,9.5,10,rrt_20260806_232108_627.png
20260806_232108_784,2026-08-06 23:21:08,True,116,45,14.999999999999993,31,0.5,0.4,0.2,0,0.5,10,9.5,10,rrt_20260806_232108_784.png
20260806_232109_258,2026-08-06 23:21:09,True,2196,97,16.317041022638477,34,0.5,0.4,0.2,0,0.5,10,9.5,10,rrt_20260806_232109_258.png
20260806_232109_437,2026-08-06 23:21:09,True,128,42,14.999999999999998,31,0.5,0.4,0.2,0,0.5,10,9.5,10,rrt_20260806_232109_437.png
20260806_232109_612,2026-08-06 23:21:09,True,78,38,14.868812586220903,31,0.5,0.4,0.2,0,0.5,10,9.5,10,rrt_20260806_232109_612.png
20260806_232109_768,2026-08-06 23:21:09,True,133,42,15.0,31,0.5,0.4,0.2,0,0.5,10,9.5,10,rrt_20260806_232109_768.png
20260806_232110_627,2026-08-06 23:21:10,False,10000,48,0.0,0,0.5,0.4,0.2,0,0.5,10,9.5,10,rrt_20260806_232110_627.png
20260806_232110_891,2026-08-06 23:21:10,True,78,39,14.970339425084752,31,0.5,0.4,0.2,0,0.5,10,9.5,10,rrt_20260806_232110_891.png
20260806_232111_255,2026-08-06 23:21:11,True,85,39,14.797052116296387,31,0.5,0.4,0.2,0,0.5,10,9.5,10,rrt_20260806_232111_255.png
20260806_232111_428,2026-08-06 23:21:11,True,138,39,16.0,33,0.5,0.4,0.2,0,0.5,10,9.5,10,rrt_20260806_232111_428.png
20260806_232111_597,2026-08-06 23:21:11,True,156,52,16.28735501053897,34,0.5,0.4,0.2,0,0.5,10,9.5,10,rrt_20260806_232111_597.png
20260806_232111_801,2026-08-06 23:21:11,True,570,75,16.5,34,0.5,0.4,0.2,0,0.5,10,9.5,10,rrt_20260806_232111_801.png
20260806_232112_006,2026-08-06 23:21:12,True,732,69,15.864121706313892,33,0.5,0.4,0.2,0,0.5,10,9.5,10,rrt_20260806_232112_006.png
20260806_232112_168,2026-08-06 23:21:12,True,120,46,15.25702459791169,32,0.5,0.4,0.2,0,0.5,10,9.5,10,rrt_20260806_232112_168.png
20260806_232113_299,2026-08-06 23:21:13,False,10000,52,0.0,0,0.5,0.4,0.2,0,0.5,10,9.5,10,rrt_20260806_232113_299.png
20260806_232113_490,2026-08-06 23:21:13,True,77,36,14.500000000000002,30,0.5,0.4,0.2,0,0.5,10,9.5,10,rrt_20260806_232113_490.png
20260806_232115_186,2026-08-06 23:21:15,False,10000,117,0.0,0,0.5,0.4,0.2,0,0.5,10,9.5,10,rrt_20260806_232115_186.png
20260806_232115_479,2026-08-06 23:21:15,True,631,66,14.999999999999998,31,0.5,0.4,0.2,0,0.5,10,9.5,10,rrt_20260806_232115_479.png
20260806_232116_460,2026-08-06 23:21:16,False,10000,42,0.0,0,0.5,0.4,0.2,0,0.5,10,9.5,10,rrt_20260806_232116_460.png
20260806_232116_729,2026-08-06 23:21:16,True,150,43,16.851298632740406,35,0.5,0.4,0.2,0,0.5,10,9.5,10,rrt_20260806_232116_729.png
20260806_232116_970,2026-08-06 23:21:16,True,245,47,16.0,33,0.5,0.4,0.2,0,0.5,10,9.5,10,rrt_20260806_232116_970.png
20260806_232117_145,2026-08-06 23:21:17,True,186,49,15.999999999999996,33,0.5,0.4,0.2,0,0.5,10,9.5,10,rrt_20260806_232117_145.png
20260806_232117_324,2026-08-06 23:21:17,True,75,40,14.723763712707344,31,0.5,0.4,0.2,0,0.5,10,9.5,10,rrt_20260806_232117_324.png
20260806_232117_472,2026-08-06 23:21:17,True,79,44,15.0,31,0.5,0.4,0.2,0,0.5,10,9.5,10,rrt_20260806_232117_472.png
20260806_232117_821,2026-08-06 23:21:17,True,2160,78,16.0,33,0.5,0.4,0.2,0,0.5,10,9.5,10,rrt_20260806_232117_821.png
20260806_232118_056,2026-08-06 23:21:18,True,269,56,15.22876045442624,32,0.5,0.4,0.2,0,0.5,10,9.5,10,rrt_20260806_232118_056.png
20260806_232118_203,2026-08-06 23:21:18,True,79,41,15.5,32,0.5,0.4,0.2,0,0.5,10,9.5,10,rrt_20260806_232118_203.png
20260806_232118_351,2026-08-06 23:21:18,True,59,40,15.336050310288988,32,0.5,0.4,0.2,0,0.5,10,9.5,10,rrt_20260806_232118_351.png
20260806_232118_787,2026-08-06 23:21:18,True,2317,139,19.0,39,0.5,0.4,0.2,0,0.5,10,9.5,10,rrt_20260806_232118_787.png
20260806_232119_003,2026-08-06 23:21:19,True,90,43,16.0,33,0.5,0.4,0.2,0,0.5,10,9.5,10,rrt_20260806_232119_003.png
20260806_232119_201,2026-08-06 23:21:19,True,597,67,16.33308790499111,34,0.5,0.4,0.2,0,0.5,10,9.5,10,rrt_20260806_232119_201.png
20260806_232119_589,2026-08-06 23:21:19,True,2401,82,17.99701416331151,37,0.5,0.4,0.2,0,0.5,10,9.5,10,rrt_20260806_232119_589.png
20260806_232120_581,2026-08-06 23:21:20,False,10000,59,0.0,0,0.5,0.4,0.2,0,0.5,10,9.5,10,rrt_20260806_232120_581.png
20260806_232120_794,2026-08-06 23:21:20,True,74,44,15.402100472172279,32,0.5,0.4,0.2,0,0.5,10,9.5,10,rrt_20260806_232120_794.png
20260806_232120_955,2026-08-06 23:21:20,True,86,41,15.499999999999996,32,0.5,0.4,0.2,0,0.5,10,9.5,10,rrt_20260806_232120_955.png
20260806_232121_174,2026-08-06 23:21:21,True,933,81,16.24838942952202,34,0.5,0.4,0.2,0,0.5,10,9.5,10,rrt_20260806_232121_174.png
20260806_232121_414,2026-08-06 23:21:21,True,1126,94,17.99142396281642,37,0.5,0.4,0.2,0,0.5,10,9.5,10,rrt_20260806_232121_414.png
20260806_232121_634,2026-08-06 23:21:21,True,701,55,16.773286549608265,35,0.5,0.4,0.2,0,0.5,10,9.5,10,rrt_20260806_232121_634.png
20260806_232121_789,2026-08-06 23:21:21,True,82,34,15.0,31,0.5,0.4,0.2,0,0.5,10,9.5,10,rrt_20260806_232121_789.png
20260806_232121_938,2026-08-06 23:21:21,True,125,42,15.0,31,0.5,0.4,0.2,0,0.5,10,9.5,10,rrt_20260806_232121_938.png
20260806_232122_099,2026-08-06 23:21:22,True,377,61,16.906604795696822,35,0.5,0.4,0.2,0,0.5,10,9.5,10,rrt_20260806_232122_099.png
20260806_232123_165,2026-08-06 23:21:23,False,10000,52,0.0,0,0.5,0.4,0.2,0,0.5,10,9.5,10,rrt_20260806_232123_165.png
20260806_232123_359,2026-08-06 23:21:23,True,75,42,15.0,31,0.5,0.4,0.2,0,0.5,10,9.5,10,rrt_20260806_232123_359.png
20260806_232124_886,2026-08-06 23:21:24,False,10000,90,0.0,0,0.5,0.4,0.2,0,0.5,10,9.5,10,rrt_20260806_232124_886.png
20260806_232125_100,2026-08-06 23:21:25,True,213,49,16.0,33,0.5,0.4,0.2,0,0.5,10,9.5,10,rrt_20260806_232125_100.png
20260806_232125_255,2026-08-06 23:21:25,True,246,52,15.314406856364688,32,0.5,0.4,0.2,0,0.5,10,9.5,10,rrt_20260806_232125_255.png
20260806_232125_407,2026-08-06 23:21:25,True,73,39,15.790322072422319,33,0.5,0.4,0.2,0,0.5,10,9.5,10,rrt_20260806_232125_407.png
20260806_232125_557,2026-08-06 23:21:25,True,92,40,15.5,32,0.5,0.4,0.2,0,0.5,10,9.5,10,rrt_20260806_232125_557.png
20260806_232126_673,2026-08-06 23:21:26,False,10000,53,0.0,0,0.5,0.4,0.2,0,0.5,10,9.5,10,rrt_20260806_232126_673.png
20260806_232126_891,2026-08-06 23:21:26,True,583,56,15.866379241945543,33,0.5,0.4,0.2,0,0.5,10,9.5,10,rrt_20260806_232126_891.png
20260806_232127_059,2026-08-06 23:21:27,True,283,64,15.302467308247387,32,0.5,0.4,0.2,0,0.5,10,9.5,10,rrt_20260806_232127_059.png
20260806_232127_215,2026-08-06 23:21:27,True,203,55,16.5,34,0.5,0.4,0.2,0,0.5,10,9.5,10,rrt_20260806_232127_215.png
20260806_232127_390,2026-08-06 23:21:27,True,280,48,15.500000000000002,32,0.5,0.4,0.2,0,0.5,10,9.5,10,rrt_20260806_232127_390.png
20260806_232127_542,2026-08-06 23:21:27,True,149,47,15.484247667263432,32,0.5,0.4,0.2,0,0.5,10,9.5,10,rrt_20260806_232127_542.png
20260806_232127_707,2026-08-06 23:21:27,True,400,51,15.5,32,0.5,0.4,0.2,0,0.5,10,9.5,10,rrt_20260806_232127_707.png
20260806_232129_496,2026-08-06 23:21:29,False,10000,123,0.0,0,0.5,0.4,0.2,0,0.5,10,9.5,10,rrt_20260806_232129_496.png
20260806_232129_735,2026-08-06 23:21:29,True,241,48,15.211315470903871,32,0.5,0.4,0.2,0,0.5,10,9.5,10,rrt_20260806_232129_735.png
20260806_232129_939,2026-08-06 23:21:29,True,746,59,15.5,32,0.5,0.4,0.2,0,0.5,10,9.5,10,rrt_20260806_232129_939.png
20260806_232130_098,2026-08-06 23:21:30,True,93,43,15.789433588785528,33,0.5,0.4,0.2,0,0.5,10,9.5,10,rrt_20260806_232130_098.png
20260806_232131_705,2026-08-06 23:21:31,False,10000,112,0.0,0,0.5,0.4,0.2,0,0.5,10,9.5,10,rrt_20260806_232131_705.png
20260806_232132_687,2026-08-06 23:21:32,False,10000,52,0.0,0,0.5,0.4,0.2,0,0.5,10,9.5,10,rrt_20260806_232132_687.png
20260806_232132_925,2026-08-06 23:21:32,True,293,64,17.5,36,0.5,0.4,0.2,0,0.5,10,9.5,10,rrt_20260806_232132_925.png
20260806_232133_082,2026-08-06 23:21:33,True,228,45,15.851053943964878,33,0.5,0.4,0.2,0,0.5,10,9.5,10,rrt_20260806_232133_082.png
20260806_232133_261,2026-08-06 23:21:33,True,258,53,17.49125714359689,36,0.5,0.4,0.2,0,0.5,10,9.5,10,rrt_20260806_232133_261.png
20260806_232133_625,2026-08-06 23:21:33,True,3153,75,21.5,44,0.5,0.4,0.2,0,0.5,10,9.5,10,rrt_20260806_232133_625.png
20260806_232133_805,2026-08-06 23:21:33,True,116,45,15.775517883340076,33,0.5,0.4,0.2,0,0.5,10,9.5,10,rrt_20260806_232133_805.png
20260806_232134_894,2026-08-06 23:21:34,False,10000,52,0.0,0,0.5,0.4,0.2,0,0.5,10,9.5,10,rrt_20260806_232134_894.png
20260806_232135_092,2026-08-06 23:21:35,True,124,49,15.818335964838042,33,0.5,0.4,0.2,0,0.5,10,9.5,10,rrt_20260806_232135_092.png
20260806_232135_235,2026-08-06 23:21:35,True,77,37,15.371142996960186,32,0.5,0.4,0.2,0,0.5,10,9.5,10,rrt_20260806_232135_235.png
20260806_232135_395,2026-08-06 23:21:35,True,85,37,15.469298354901698,32,0.5,0.4,0.2,0,0.5,10,9.5,10,rrt_20260806_232135_395.png
20260806_232137_464,2026-08-06 23:21:37,False,10000,163,0.0,0,0.5,0.4,0.2,0,0.5,10,9.5,10,rrt_20260806_232137_464.png
20260806_232137_736,2026-08-06 23:21:37,True,390,68,16.30624430590629,34,0.5,0.4,0.2,0,0.5,10,9.5,10,rrt_20260806_232137_736.png
20260806_232137_896,2026-08-06 23:21:37,True,204,44,15.500000000000002,32,0.5,0.4,0.2,0,0.5,10,9.5,10,rrt_20260806_232137_896.png
20260806_232138_049,2026-08-06 23:21:38,True,267,48,15.890266556042981,33,0.5,0.4,0.2,0,0.5,10,9.5,10,rrt_20260806_232138_049.png
20260806_232139_119,2026-08-06 23:21:39,False,10000,54,0.0,0,0.5,0.4,0.2,0,0.5,10,9.5,10,rrt_20260806_232139_119.png
20260806_232139_316,2026-08-06 23:21:39,True,159,47,16.0,33,0.5,0.4,0.2,0,0.5,10,9.5,10,rrt_20260806_232139_316.png
20260806_232140_928,2026-08-06 23:21:40,False,10000,105,0.0,0,0.5,0.4,0.2,0,0.5,10,9.5,10,rrt_20260806_232140_928.png
20260806_232141_986,2026-08-06 23:21:41,False,10000,46,0.0,0,0.5,0.4,0.2,0,0.5,10,9.5,10,rrt_20260806_232141_986.png
20260806_232142_191,2026-08-06 23:21:42,True,71,40,14.500000000000004,30,0.5,0.4,0.2,0,0.5,10,9.5,10,rrt_20260806_232142_191.png
20260806_232143_240,2026-08-06 23:21:43,False,10000,50,0.0,0,0.5,0.4,0.2,0,0.5,10,9.5,10,rrt_20260806_232143_240.png
20260806_232143_436,2026-08-06 23:21:43,True,167,56,15.5,32,0.5,0.4,0.2,0,0.5,10,9.5,10,rrt_20260806_232143_436.png
20260806_232144_945,2026-08-06 23:21:44,False,10000,101,0.0,0,0.5,0.4,0.2,0,0.5,10,9.5,10,rrt_20260806_232144_945.png
20260806_232145_178,2026-08-06 23:21:45,True,93,42,15.0,31,0.5,0.4,0.2,0,0.5,10,9.5,10,rrt_20260806_232145_178.png
20260806_232145_360,2026-08-06 23:21:45,True,199,52,16.79301528190918,35,0.5,0.4,0.2,0,0.5,10,9.5,10,rrt_20260806_232145_360.png
20260806_232146_307,2026-08-06 23:21:46,False,10000,54,0.0,0,0.5,0.4,0.2,0,0.5,10,9.5,10,rrt_20260806_232146_307.png
20260806_232146_550,2026-08-06 23:21:46,True,729,62,15.771985459062924,33,0.5,0.4,0.2,0,0.5,10,9.5,10,rrt_20260806_232146_550.png
20260806_232146_735,2026-08-06 23:21:46,True,111,46,15.5,32,0.5,0.4,0.2,0,0.5,10,9.5,10,rrt_20260806_232146_735.png
20260806_232148_163,2026-08-06 23:21:48,False,10000,113,0.0,0,0.5,0.4,0.2,0,0.5,10,9.5,10,rrt_20260806_232148_163.png
20260806_232149_885,2026-08-06 23:21:49,False,10000,122,0.0,0,0.5,0.4,0.2,0,0.5,10,9.5,10,rrt_20260806_232149_885.png
20260806_232150_096,2026-08-06 23:21:50,True,144,39,15.5,32,0.5,0.4,0.2,0,0.5,10,9.5,10,rrt_20260806_232150_096.png
20260806_232150_244,2026-08-06 23:21:50,True,125,40,15.470246194881176,32,0.5,0.4,0.2,0,0.5,10,9.5,10,rrt_20260806_232150_244.png
20260806_232150_458,2026-08-06 23:21:50,True,588,78,18.0,37,0.5,0.4,0.2,0,0.5,10,9.5,10,rrt_20260806_232150_458.png
20260806_232150_621,2026-08-06 23:21:50,True,86,46,15.763936857540697,33,0.5,0.4,0.2,0,0.5,10,9.5,10,rrt_20260806_232150_621.png
20260806_232152_037,2026-08-06 23:21:52,False,10000,106,0.0,0,0.5,0.4,0.2,0,0.5,10,9.5,10,rrt_20260806_232152_037.png
20260806_232152_247,2026-08-06 23:21:52,True,216,51,15.359180420672491,32,0.5,0.4,0.2,0,0.5,10,9.5,10,rrt_20260806_232152_247.png
20260806_232154_063,2026-08-06 23:21:54,False,10000,146,0.0,0,0.5,0.4,0.2,0,0.5,10,9.5,10,rrt_20260806_232154_063.png
20260806_232154_323,2026-08-06 23:21:54,True,103,41,14.845610058689633,31,0.5,0.4,0.2,0,0.5,10,9.5,10,rrt_20260806_232154_323.png
20260806_232154_479,2026-08-06 23:21:54,True,266,64,15.87137741162452,33,0.5,0.4,0.2,0,0.5,10,9.5,10,rrt_20260806_232154_479.png
20260806_232156_351,2026-08-06 23:21:56,False,10000,142,0.0,0,0.5,0.4,0.2,0,0.5,10,9.5,10,rrt_20260806_232156_351.png
20260806_232156_562,2026-08-06 23:21:56,True,115,39,16.0,33,0.5,0.4,0.2,0,0.5,10,9.5,10,rrt_20260806_232156_562.png
20260806_232157_998,2026-08-06 23:21:57,False,10000,95,0.0,0,0.5,0.5,0.2,0,0.5,10,9.5,10,rrt_20260806_232157_998.png
20260806_232158_308,2026-08-06 23:21:58,True,946,81,17.979071028377486,37,0.5,0.5,0.2,0,0.5,10,9.5,10,rrt_20260806_232158_308.png
20260806_232158_611,2026-08-06 23:21:58,True,1545,110,19.32212364309681,40,0.5,0.5,0.2,0,0.5,10,9.5,10,rrt_20260806_232158_611.png
20260806_232158_781,2026-08-06 23:21:58,True,162,53,15.916092063748396,33,0.5,0.5,0.2,0,0.5,10,9.5,10,rrt_20260806_232158_781.png
20260806_232200_353,2026-08-06 23:22:00,False,10000,104,0.0,0,0.5,0.5,0.2,0,0.5,10,9.5,10,rrt_20260806_232200_353.png
20260806_232200_635,2026-08-06 23:22:00,True,125,45,16.782708331628506,35,0.5,0.5,0.2,0,0.5,10,9.5,10,rrt_20260806_232200_635.png
20260806_232200_860,2026-08-06 23:22:00,True,248,60,16.76914833145767,35,0.5,0.5,0.2,0,0.5,10,9.5,10,rrt_20260806_232200_860.png
20260806_232201_042,2026-08-06 23:22:01,True,348,57,16.0,33,0.5,0.5,0.2,0,0.5,10,9.5,10,rrt_20260806_232201_042.png
20260806_232201_205,2026-08-06 23:22:01,True,135,46,15.40669809794818,32,0.5,0.5,0.2,0,0.5,10,9.5,10,rrt_20260806_232201_205.png
20260806_232201_404,2026-08-06 23:22:01,True,835,77,20.465163915844457,42,0.5,0.5,0.2,0,0.5,10,9.5,10,rrt_20260806_232201_404.png
20260806_232201_565,2026-08-06 23:22:01,True,93,38,15.0,31,0.5,0.5,0.2,0,0.5,10,9.5,10,rrt_20260806_232201_565.png
20260806_232201_761,2026-08-06 23:22:01,True,741,68,15.404396405933609,32,0.5,0.5,0.2,0,0.5,10,9.5,10,rrt_20260806_232201_761.png
20260806_232201_947,2026-08-06 23:22:01,True,88,48,14.499999999999995,30,0.5,0.5,0.2,0,0.5,10,9.5,10,rrt_20260806_232201_947.png
20260806_232202_127,2026-08-06 23:22:02,True,503,70,15.860234256753863,33,0.5,0.5,0.2,0,0.5,10,9.5,10,rrt_20260806_232202_127.png
20260806_232202_315,2026-08-06 23:22:02,True,172,58,17.992656888570277,37,0.5,0.5,0.2,0,0.5,10,9.5,10,rrt_20260806_232202_315.png
20260806_232202_465,2026-08-06 23:22:02,True,135,42,15.254955534140514,32,0.5,0.5,0.2,0,0.5,10,9.5,10,rrt_20260806_232202_465.png
20260806_232202_612,2026-08-06 23:22:02,True,115,41,15.5,32,0.5,0.5,0.2,0,0.5,10,9.5,10,rrt_20260806_232202_612.png
20260806_232203_556,2026-08-06 23:22:03,False,10000,55,0.0,0,0.5,0.5,0.2,0,0.5,10,9.5,10,rrt_20260806_232203_556.png
20260806_232203_795,2026-08-06 23:22:03,True,232,45,15.439123466005293,32,0.5,0.5,0.2,0,0.5,10,9.5,10,rrt_20260806_232203_795.png
20260806_232203_949,2026-08-06 23:22:03,True,100,46,15.325905981307201,32,0.5,0.5,0.2,0,0.5,10,9.5,10,rrt_20260806_232203_949.png
20260806_232204_101,2026-08-06 23:22:04,True,90,50,14.976189330236291,31,0.5,0.5,0.2,0,0.5,10,9.5,10,rrt_20260806_232204_101.png
20260806_232204_264,2026-08-06 23:22:04,True,227,56,16.318322123092084,34,0.5,0.5,0.2,0,0.5,10,9.5,10,rrt_20260806_232204_264.png
20260806_232204_424,2026-08-06 23:22:04,True,123,48,14.5,30,0.5,0.5,0.2,0,0.5,10,9.5,10,rrt_20260806_232204_424.png
20260806_232205_260,2026-08-06 23:22:05,False,10000,43,0.0,0,0.5,0.5,0.2,0,0.5,10,9.5,10,rrt_20260806_232205_260.png
20260806_232205_453,2026-08-06 23:22:05,True,158,47,16.29255218556222,34,0.5,0.5,0.2,0,0.5,10,9.5,10,rrt_20260806_232205_453.png
20260806_232205_648,2026-08-06 23:22:05,True,280,64,16.341769884733818,34,0.5,0.5,0.2,0,0.5,10,9.5,10,rrt_20260806_232205_648.png
20260806_232205_842,2026-08-06 23:22:05,True,732,68,17.0,35,0.5,0.5,0.2,0,0.5,10,9.5,10,rrt_20260806_232205_842.png
20260806_232206_310,2026-08-06 23:22:06,True,2022,166,19.942071914132587,41,0.5,0.5,0.2,0,0.5,10,9.5,10,rrt_20260806_232206_310.png
20260806_232206_493,2026-08-06 23:22:06,True,67,42,15.33668895817201,32,0.5,0.5,0.2,0,0.5,10,9.5,10,rrt_20260806_232206_493.png
20260806_232206_636,2026-08-06 23:22:06,True,127,42,15.499999999999996,32,0.5,0.5,0.2,0,0.5,10,9.5,10,rrt_20260806_232206_636.png
20260806_232206_786,2026-08-06 23:22:06,True,126,47,15.988142595409611,33,0.5,0.5,0.2,0,0.5,10,9.5,10,rrt_20260806_232206_786.png
20260806_232206_982,2026-08-06 23:22:06,True,96,44,14.879174243628949,31,0.5,0.5,0.2,0,0.5,10,9.5,10,rrt_20260806_232206_982.png
20260806_232207_129,2026-08-06 23:22:07,True,104,44,15.0,31,0.5,0.5,0.2,0,0.5,10,9.5,10,rrt_20260806_232207_129.png
20260806_232207_298,2026-08-06 23:22:07,True,81,44,14.909784812063506,31,0.5,0.5,0.2,0,0.5,10,9.5,10,rrt_20260806_232207_298.png
20260806_232207_488,2026-08-06 23:22:07,True,351,64,15.353764794498051,32,0.5,0.5,0.2,0,0.5,10,9.5,10,rrt_20260806_232207_488.png
20260806_232207_663,2026-08-06 23:22:07,True,84,44,14.824960740157383,31,0.5,0.5,0.2,0,0.5,10,9.5,10,rrt_20260806_232207_663.png
20260806_232207_828,2026-08-06 23:22:07,True,80,34,15.000000000000002,31,0.5,0.5,0.2,0,0.5,10,9.5,10,rrt_20260806_232207_828.png
20260806_232209_558,2026-08-06 23:22:09,False,10000,122,0.0,0,0.5,0.5,0.2,0,0.5,10,9.5,10,rrt_20260806_232209_558.png
20260806_232209_774,2026-08-06 23:22:09,True,95,47,15.77392754908067,33,0.5,0.5,0.2,0,0.5,10,9.5,10,rrt_20260806_232209_774.png
20260806_232209_931,2026-08-06 23:22:09,True,238,52,16.0,33,0.5,0.5,0.2,0,0.5,10,9.5,10,rrt_20260806_232209_931.png
20260806_232210_106,2026-08-06 23:22:10,True,93,40,15.5,32,0.5,0.5,0.2,0,0.5,10,9.5,10,rrt_20260806_232210_106.png
20260806_232210_252,2026-08-06 23:22:10,True,140,50,14.82695309077673,31,0.5,0.5,0.2,0,0.5,10,9.5,10,rrt_20260806_232210_252.png
20260806_232210_466,2026-08-06 23:22:10,True,835,87,18.3364155596501,38,0.5,0.5,0.2,0,0.5,10,9.5,10,rrt_20260806_232210_466.png
20260806_232210_656,2026-08-06 23:22:10,True,119,43,15.0,31,0.5,0.5,0.2,0,0.5,10,9.5,10,rrt_20260806_232210_656.png
20260806_232210_859,2026-08-06 23:22:10,True,60,42,15.70727498858234,33,0.5,0.5,0.2,0,0.5,10,9.5,10,rrt_20260806_232210_859.png
20260806_232211_058,2026-08-06 23:22:11,True,286,57,15.823544827218846,33,0.5,0.5,0.2,0,0.5,10,9.5,10,rrt_20260806_232211_058.png
20260806_232212_897,2026-08-06 23:22:12,False,10000,133,0.0,0,0.5,0.5,0.2,0,0.5,10,9.5,10,rrt_20260806_232212_897.png
20260806_232213_136,2026-08-06 23:22:13,True,395,76,16.0,33,0.5,0.5,0.2,0,0.5,10,9.5,10,rrt_20260806_232213_136.png
20260806_232214_061,2026-08-06 23:22:14,False,10000,49,0.0,0,0.5,0.5,0.2,0,0.5,10,9.5,10,rrt_20260806_232214_061.png
20260806_232214_273,2026-08-06 23:22:14,True,137,49,16.5,34,0.5,0.5,0.2,0,0.5,10,9.5,10,rrt_20260806_232214_273.png
20260806_232214_431,2026-08-06 23:22:14,True,147,57,17.24862222732896,36,0.5,0.5,0.2,0,0.5,10,9.5,10,rrt_20260806_232214_431.png
20260806_232214_591,2026-08-06 23:22:14,True,192,54,15.500000000000007,32,0.5,0.5,0.2,0,0.5,10,9.5,10,rrt_20260806_232214_591.png
20260806_232214_750,2026-08-06 23:22:14,True,157,48,15.5,32,0.5,0.5,0.2,0,0.5,10,9.5,10,rrt_20260806_232214_750.png
20260806_232216_057,2026-08-06 23:22:16,False,10000,69,0.0,0,0.5,0.5,0.2,0,0.5,10,9.5,10,rrt_20260806_232216_057.png
20260806_232216_291,2026-08-06 23:22:16,True,204,51,17.5,36,0.5,0.5,0.2,0,0.5,10,9.5,10,rrt_20260806_232216_291.png
20260806_232216_439,2026-08-06 23:22:16,True,114,43,15.5,32,0.5,0.5,0.2,0,0.5,10,9.5,10,rrt_20260806_232216_439.png
20260806_232216_617,2026-08-06 23:22:16,True,408,66,17.0,35,0.5,0.5,0.2,0,0.5,10,9.5,10,rrt_20260806_232216_617.png
20260806_232217_669,2026-08-06 23:22:17,False,10000,52,0.0,0,0.5,0.5,0.2,0,0.5,10,9.5,10,rrt_20260806_232217_669.png
20260806_232217_880,2026-08-06 23:22:17,True,87,40,15.499999999999996,32,0.5,0.5,0.2,0,0.5,10,9.5,10,rrt_20260806_232217_880.png
20260806_232218_045,2026-08-06 23:22:18,True,392,57,16.5,34,0.5,0.5,0.2,0,0.5,10,9.5,10,rrt_20260806_232218_045.png
20260806_232218_263,2026-08-06 23:22:18,True,413,85,20.483782397093606,42,0.5,0.5,0.2,0,0.5,10,9.5,10,rrt_20260806_232218_263.png
20260806_232218_419,2026-08-06 23:22:18,True,66,43,15.363492954317765,32,0.5,0.5,0.2,0,0.5,10,9.5,10,rrt_20260806_232218_419.png
20260806_232218_569,2026-08-06 23:22:18,True,123,54,17.0,35,0.5,0.5,0.2,0,0.5,10,9.5,10,rrt_20260806_232218_569.png
20260806_232218_720,2026-08-06 23:22:18,True,79,42,15.5,32,0.5,0.5,0.2,0,0.5,10,9.5,10,rrt_20260806_232218_720.png
20260806_232218_910,2026-08-06 23:22:18,True,79,44,15.215075910980563,32,0.5,0.5,0.2,0,0.5,10,9.5,10,rrt_20260806_232218_910.png
20260806_232219_840,2026-08-06 23:22:19,False,10000,50,0.0,0,0.5,0.5,0.2,0,0.5,10,9.5,10,rrt_20260806_232219_840.png
20260806_232220_064,2026-08-06 23:22:20,True,101,55,16.36152356849416,34,0.5,0.5,0.2,0,0.5,10,9.5,10,rrt_20260806_232220_064.png
20260806_232220_233,2026-08-06 23:22:20,True,81,43,15.786514821352343,33,0.5,0.5,0.2,0,0.5,10,9.5,10,rrt_20260806_232220_233.png
20260806_232220_426,2026-08-06 23:22:20,True,767,74,17.0,35,0.5,0.5,0.2,0,0.5,10,9.5,10,rrt_20260806_232220_426.png
20260806_232220_584,2026-08-06 23:22:20,True,107,43,14.5,30,0.5,0.5,0.2,0,0.5,10,9.5,10,rrt_20260806_232220_584.png
20260806_232220_749,2026-08-06 23:22:20,True,324,64,17.42516949863327,36,0.5,0.5,0.2,0,0.5,10,9.5,10,rrt_20260806_232220_749.png
20260806_232221_654,2026-08-06 23:22:21,False,10000,51,0.0,0,0.5,0.5,0.2,0,0.5,10,9.5,10,rrt_20260806_232221_654.png
20260806_232221_884,2026-08-06 23:22:21,True,162,42,15.0,31,0.5,0.5,0.2,0,0.5,10,9.5,10,rrt_20260806_232221_884.png
20260806_232222_042,2026-08-06 23:22:22,True,207,45,16.208267902284632,34,0.5,0.5,0.2,0,0.5,10,9.5,10,rrt_20260806_232222_042.png
20260806_232223_858,2026-08-06 23:22:23,False,10000,134,0.0,0,0.5,0.5,0.2,0,0.5,10,9.5,10,rrt_20260806_232223_858.png
20260806_232224_074,2026-08-06 23:22:24,True,79,39,15.0,31,0.5,0.5,0.2,0,0.5,10,9.5,10,rrt_20260806_232224_074.png
20260806_232225_488,2026-08-06 23:22:25,False,10000,76,0.0,0,0.5,0.5,0.2,0,0.5,10,9.5,10,rrt_20260806_232225_488.png
20260806_232225_732,2026-08-06 23:22:25,True,95,46,15.237631053993912,32,0.5,0.5,0.2,0,0.5,10,9.5,10,rrt_20260806_232225_732.png
20260806_232225_918,2026-08-06 23:22:25,True,526,72,16.5,34,0.5,0.5,0.2,0,0.5,10,9.5,10,rrt_20260806_232225_918.png
20260806_232226_145,2026-08-06 23:22:26,True,900,87,19.0,39,0.5,0.5,0.2,0,0.5,10,9.5,10,rrt_20260806_232226_145.png
20260806_232227_268,2026-08-06 23:22:27,False,10000,55,0.0,0,0.5,0.5,0.2,0,0.5,10,9.5,10,rrt_20260806_232227_268.png
20260806_232229_068,2026-08-06 23:22:29,False,10000,115,0.0,0,0.5,0.5,0.2,0,0.5,10,9.5,10,rrt_20260806_232229_068.png
20260806_232229_390,2026-08-06 23:22:29,True,128,52,15.208412475285161,32,0.5,0.5,0.2,0,0.5,10,9.5,10,rrt_20260806_232229_390.png
20260806_232231_118,2026-08-06 23:22:31,False,10000,124,0.0,0,0.5,0.5,0.2,0,0.5,10,9.5,10,rrt_20260806_232231_118.png
20260806_232231_378,2026-08-06 23:22:31,True,610,90,19.21907765163608,40,0.5,0.5,0.2,0,0.5,10,9.5,10,rrt_20260806_232231_378.png
20260806_232233_067,2026-08-06 23:22:33,False,10000,118,0.0,0,0.5,0.5,0.2,0,0.5,10,9.5,10,rrt_20260806_232233_067.png
20260806_232233_308,2026-08-06 23:22:33,True,132,45,16.0,33,0.5,0.5,0.2,0,0.5,10,9.5,10,rrt_20260806_232233_308.png
20260806_232233_458,2026-08-06 23:22:33,True,168,44,15.712847502773139,33,0.5,0.5,0.2,0,0.5,10,9.5,10,rrt_20260806_232233_458.png
20260806_232233_605,2026-08-06 23:22:33,True,115,45,14.999999999999998,31,0.5,0.5,0.2,0,0.5,10,9.5,10,rrt_20260806_232233_605.png
20260806_232233_823,2026-08-06 23:22:33,True,862,95,15.919516202340814,33,0.5,0.5,0.2,0,0.5,10,9.5,10,rrt_20260806_232233_823.png
20260806_232233_987,2026-08-06 23:22:33,True,105,45,14.999999999999998,31,0.5,0.5,0.2,0,0.5,10,9.5,10,rrt_20260806_232233_987.png
20260806_232234_133,2026-08-06 23:22:34,True,83,38,14.999999999999996,31,0.5,0.5,0.2,0,0.5,10,9.5,10,rrt_20260806_232234_133.png
20260806_232234_299,2026-08-06 23:22:34,True,133,44,15.258925159202747,32,0.5,0.5,0.2,0,0.5,10,9.5,10,rrt_20260806_232234_299.png
20260806_232234_563,2026-08-06 23:22:34,True,73,38,15.7505295525512,33,0.5,0.5,0.2,0,0.5,10,9.5,10,rrt_20260806_232234_563.png
20260806_232234_777,2026-08-06 23:22:34,True,261,56,17.0,35,0.5,0.5,0.2,0,0.5,10,9.5,10,rrt_20260806_232234_777.png
20260806_232236_744,2026-08-06 23:22:36,False,10000,149,0.0,0,0.5,0.5,0.2,0,0.5,10,9.5,10,rrt_20260806_232236_744.png
20260806_232236_961,2026-08-06 23:22:36,True,130,41,15.954925867759922,33,0.5,0.5,0.2,0,0.5,10,9.5,10,rrt_20260806_232236_961.png
20260806_232237_110,2026-08-06 23:22:37,True,141,51,16.33781086727821,34,0.5,0.5,0.2,0,0.5,10,9.5,10,rrt_20260806_232237_110.png
20260806_232238_170,2026-08-06 23:22:38,False,10000,49,0.0,0,0.5,0.5,0.2,0,0.5,10,9.5,10,rrt_20260806_232238_170.png
20260806_232238_363,2026-08-06 23:22:38,True,130,49,15.0,31,0.5,0.5,0.2,0,0.5,10,9.5,10,rrt_20260806_232238_363.png
20260806_232240_011,2026-08-06 23:22:40,False,10000,117,0.0,0,0.5,0.6,0.2,0,0.5,10,9.5,10,rrt_20260806_232240_011.png
20260806_232240_229,2026-08-06 23:22:40,True,272,56,19.0,39,0.5,0.6,0.2,0,0.5,10,9.5,10,rrt_20260806_232240_229.png
20260806_232240_414,2026-08-06 23:22:40,True,255,57,15.500000000000002,32,0.5,0.6,0.2,0,0.5,10,9.5,10,rrt_20260806_232240_414.png
20260806_232240_565,2026-08-06 23:22:40,True,116,58,16.702117802280732,35,0.5,0.6,0.2,0,0.5,10,9.5,10,rrt_20260806_232240_565.png
20260806_232240_742,2026-08-06 23:22:40,True,104,49,15.771959539503342,33,0.5,0.6,0.2,0,0.5,10,9.5,10,rrt_20260806_232240_742.png
20260806_232240_925,2026-08-06 23:22:40,True,509,81,17.7654205155058,37,0.5,0.6,0.2,0,0.5,10,9.5,10,rrt_20260806_232240_925.png
20260806_232241_084,2026-08-06 23:22:41,True,146,45,15.5,32,0.5,0.6,0.2,0,0.5,10,9.5,10,rrt_20260806_232241_084.png
20260806_232241_250,2026-08-06 23:22:41,True,307,74,17.905657377698727,37,0.5,0.6,0.2,0,0.5,10,9.5,10,rrt_20260806_232241_250.png
20260806_232241_436,2026-08-06 23:22:41,True,397,86,16.799305940420012,35,0.5,0.6,0.2,0,0.5,10,9.5,10,rrt_20260806_232241_436.png
20260806_232243_509,2026-08-06 23:22:43,False,10000,161,0.0,0,0.5,0.6,0.2,0,0.5,10,9.5,10,rrt_20260806_232243_509.png
20260806_232243_759,2026-08-06 23:22:43,True,78,47,15.258373729045585,32,0.5,0.6,0.2,0,0.5,10,9.5,10,rrt_20260806_232243_759.png
20260806_232243_929,2026-08-06 23:22:43,True,152,44,15.5,32,0.5,0.6,0.2,0,0.5,10,9.5,10,rrt_20260806_232243_929.png
20260806_232244_078,2026-08-06 23:22:44,True,117,46,16.22177725213594,34,0.5,0.6,0.2,0,0.5,10,9.5,10,rrt_20260806_232244_078.png
20260806_232244_231,2026-08-06 23:22:44,True,157,58,16.823918069254002,35,0.5,0.6,0.2,0,0.5,10,9.5,10,rrt_20260806_232244_231.png
20260806_232244_399,2026-08-06 23:22:44,True,339,81,19.427648263184775,40,0.5,0.6,0.2,0,0.5,10,9.5,10,rrt_20260806_232244_399.png
20260806_232244_554,2026-08-06 23:22:44,True,68,39,14.85021514558798,31,0.5,0.6,0.2,0,0.5,10,9.5,10,rrt_20260806_232244_554.png
20260806_232244_756,2026-08-06 23:22:44,True,364,59,15.81265260699881,33,0.5,0.6,0.2,0,0.5,10,9.5,10,rrt_20260806_232244_756.png
20260806_232244_911,2026-08-06 23:22:44,True,144,55,15.308825172500223,32,0.5,0.6,0.2,0,0.5,10,9.5,10,rrt_20260806_232244_911.png
20260806_232245_724,2026-08-06 23:22:45,False,10000,40,0.0,0,0.5,0.6,0.2,0,0.5,10,9.5,10,rrt_20260806_232245_724.png
20260806_232245_927,2026-08-06 23:22:45,True,82,45,15.399724783657463,32,0.5,0.6,0.2,0,0.5,10,9.5,10,rrt_20260806_232245_927.png
20260806_232246_098,2026-08-06 23:22:46,True,169,53,15.500000000000002,32,0.5,0.6,0.2,0,0.5,10,9.5,10,rrt_20260806_232246_098.png
20260806_232246_248,2026-08-06 23:22:46,True,91,48,15.0,31,0.5,0.6,0.2,0,0.5,10,9.5,10,rrt_20260806_232246_248.png
20260806_232246_425,2026-08-06 23:22:46,True,83,43,15.294119872104345,32,0.5,0.6,0.2,0,0.5,10,9.5,10,rrt_20260806_232246_425.png
20260806_232246_580,2026-08-06 23:22:46,True,119,47,15.204397432647077,32,0.5,0.6,0.2,0,0.5,10,9.5,10,rrt_20260806_232246_580.png
20260806_232246_835,2026-08-06 23:22:46,True,1084,82,19.780380082514796,41,0.5,0.6,0.2,0,0.5,10,9.5,10,rrt_20260806_232246_835.png
20260806_232247_013,2026-08-06 23:22:47,True,96,39,15.499999999999998,32,0.5,0.6,0.2,0,0.5,10,9.5,10,rrt_20260806_232247_013.png
20260806_232247_177,2026-08-06 23:22:47,True,122,50,15.499999999999998,32,0.5,0.6,0.2,0,0.5,10,9.5,10,rrt_20260806_232247_177.png
20260806_232247_354,2026-08-06 23:22:47,True,394,52,15.285011702137394,32,0.5,0.6,0.2,0,0.5,10,9.5,10,rrt_20260806_232247_354.png
20260806_232247_515,2026-08-06 23:22:47,True,218,51,15.994619027625998,33,0.5,0.6,0.2,0,0.5,10,9.5,10,rrt_20260806_232247_515.png
20260806_232247_720,2026-08-06 23:22:47,True,70,42,14.797122325489656,31,0.5,0.6,0.2,0,0.5,10,9.5,10,rrt_20260806_232247_720.png
20260806_232247_866,2026-08-06 23:22:47,True,97,45,15.5,32,0.5,0.6,0.2,0,0.5,10,9.5,10,rrt_20260806_232247_866.png
20260806_232248_016,2026-08-06 23:22:48,True,156,55,15.876549343704419,33,0.5,0.6,0.2,0,0.5,10,9.5,10,rrt_20260806_232248_016.png
20260806_232248_163,2026-08-06 23:22:48,True,68,42,15.372683462396322,32,0.5,0.6,0.2,0,0.5,10,9.5,10,rrt_20260806_232248_163.png
20260806_232249_681,2026-08-06 23:22:49,False,10000,95,0.0,0,0.5,0.6,0.2,0,0.5,10,9.5,10,rrt_20260806_232249_681.png
20260806_232249_884,2026-08-06 23:22:49,True,73,43,15.211851492031125,32,0.5,0.6,0.2,0,0.5,10,9.5,10,rrt_20260806_232249_884.png
20260806_232250_057,2026-08-06 23:22:50,True,78,43,16.49944493591002,34,0.5,0.6,0.2,0,0.5,10,9.5,10,rrt_20260806_232250_057.png
20260806_232250_203,2026-08-06 23:22:50,True,93,41,16.274828077757185,34,0.5,0.6,0.2,0,0.5,10,9.5,10,rrt_20260806_232250_203.png
20260806_232250_347,2026-08-06 23:22:50,True,103,41,15.000000000000002,31,0.5,0.6,0.2,0,0.5,10,9.5,10,rrt_20260806_232250_347.png
20260806_232250_569,2026-08-06 23:22:50,True,823,62,14.79576674169108,31,0.5,0.6,0.2,0,0.5,10,9.5,10,rrt_20260806_232250_569.png
20260806_232250_738,2026-08-06 23:22:50,True,182,52,16.0,33,0.5,0.6,0.2,0,0.5,10,9.5,10,rrt_20260806_232250_738.png
20260806_232250_892,2026-08-06 23:22:50,True,231,51,16.22502450808192,34,0.5,0.6,0.2,0,0.5,10,9.5,10,rrt_20260806_232250_892.png
20260806_232251_041,2026-08-06 23:22:51,True,115,56,17.230794325481813,36,0.5,0.6,0.2,0,0.5,10,9.5,10,rrt_20260806_232251_041.png
20260806_232251_240,2026-08-06 23:22:51,True,297,70,18.0,37,0.5,0.6,0.2,0,0.5,10,9.5,10,rrt_20260806_232251_240.png
20260806_232251_392,2026-08-06 23:22:51,True,102,49,16.23987330600944,34,0.5,0.6,0.2,0,0.5,10,9.5,10,rrt_20260806_232251_392.png
20260806_232253_457,2026-08-06 23:22:53,False,10000,160,0.0,0,0.5,0.6,0.2,0,0.5,10,9.5,10,rrt_20260806_232253_457.png
20260806_232255_321,2026-08-06 23:22:55,False,10000,136,0.0,0,0.5,0.6,0.2,0,0.5,10,9.5,10,rrt_20260806_232255_321.png
20260806_232255_572,2026-08-06 23:22:55,True,185,56,18.24291161911483,38,0.5,0.6,0.2,0,0.5,10,9.5,10,rrt_20260806_232255_572.png
20260806_232255_791,2026-08-06 23:22:55,True,545,89,18.727775891097988,39,0.5,0.6,0.2,0,0.5,10,9.5,10,rrt_20260806_232255_791.png
20260806_232256_006,2026-08-06 23:22:56,True,847,69,16.926526996840977,35,0.5,0.6,0.2,0,0.5,10,9.5,10,rrt_20260806_232256_006.png
20260806_232257_946,2026-08-06 23:22:57,False,10000,148,0.0,0,0.5,0.6,0.2,0,0.5,10,9.5,10,rrt_20260806_232257_946.png
20260806_232258_860,2026-08-06 23:22:58,False,10000,44,0.0,0,0.5,0.6,0.2,0,0.5,10,9.5,10,rrt_20260806_232258_860.png
20260806_232259_049,2026-08-06 23:22:59,True,72,49,15.5,32,0.5,0.6,0.2,0,0.5,10,9.5,10,rrt_20260806_232259_049.png
20260806_232259_199,2026-08-06 23:22:59,True,107,48,15.261761966669686,32,0.5,0.6,0.2,0,0.5,10,9.5,10,rrt_20260806_232259_199.png
20260806_232259_369,2026-08-06 23:22:59,True,96,49,15.327563375049031,32,0.5,0.6,0.2,0,0.5,10,9.5,10,rrt_20260806_232259_369.png
20260806_232259_526,2026-08-06 23:22:59,True,253,62,16.814160683066834,35,0.5,0.6,0.2,0,0.5,10,9.5,10,rrt_20260806_232259_526.png
20260806_232300_571,2026-08-06 23:23:00,False,10000,52,0.0,0,0.5,0.6,0.2,0,0.5,10,9.5,10,rrt_20260806_232300_571.png
20260806_232302_045,2026-08-06 23:23:02,False,10000,77,0.0,0,0.5,0.6,0.2,0,0.5,10,9.5,10,rrt_20260806_232302_045.png
20260806_232302_250,2026-08-06 23:23:02,True,190,42,16.0,33,0.5,0.6,0.2,0,0.5,10,9.5,10,rrt_20260806_232302_250.png
20260806_232303_258,2026-08-06 23:23:03,False,10000,50,0.0,0,0.5,0.6,0.2,0,0.5,10,9.5,10,rrt_20260806_232303_258.png
20260806_232303_456,2026-08-06 23:23:03,True,171,59,16.710047360836064,35,0.5,0.6,0.2,0,0.5,10,9.5,10,rrt_20260806_232303_456.png
20260806_232304_483,2026-08-06 23:23:04,False,10000,52,0.0,0,0.5,0.6,0.2,0,0.5,10,9.5,10,rrt_20260806_232304_483.png
20260806_232304_702,2026-08-06 23:23:04,True,121,44,16.5,34,0.5,0.6,0.2,0,0.5,10,9.5,10,rrt_20260806_232304_702.png
20260806_232304_853,2026-08-06 23:23:04,True,158,55,16.952165239731862,35,0.5,0.6,0.2,0,0.5,10,9.5,10,rrt_20260806_232304_853.png
20260806_232305_000,2026-08-06 23:23:05,True,81,47,15.73202328893283,33,0.5,0.6,0.2,0,0.5,10,9.5,10,rrt_20260806_232305_000.png
20260806_232305_163,2026-08-06 23:23:05,True,102,48,15.453777535913153,32,0.5,0.6,0.2,0,0.5,10,9.5,10,rrt_20260806_232305_163.png
20260806_232307_128,2026-08-06 23:23:07,False,10000,152,0.0,0,0.5,0.6,0.2,0,0.5,10,9.5,10,rrt_20260806_232307_128.png
20260806_232307_363,2026-08-06 23:23:07,True,175,52,16.39857439306742,34,0.5,0.6,0.2,0,0.5,10,9.5,10,rrt_20260806_232307_363.png
20260806_232309_295,2026-08-06 23:23:09,False,10000,131,0.0,0,0.5,0.6,0.2,0,0.5,10,9.5,10,rrt_20260806_232309_295.png
20260806_232310_363,2026-08-06 23:23:10,False,10000,50,0.0,0,0.5,0.6,0.2,0,0.5,10,9.5,10,rrt_20260806_232310_363.png
20260806_232310_560,2026-08-06 23:23:10,True,141,50,16.32855422518601,34,0.5,0.6,0.2,0,0.5,10,9.5,10,rrt_20260806_232310_560.png
20260806_232311_958,2026-08-06 23:23:11,False,10000,79,0.0,0,0.5,0.6,0.2,0,0.5,10,9.5,10,rrt_20260806_232311_958.png
20260806_232312_897,2026-08-06 23:23:12,False,10000,46,0.0,0,0.5,0.6,0.2,0,0.5,10,9.5,10,rrt_20260806_232312_897.png
20260806_232313_090,2026-08-06 23:23:13,True,67,46,15.5,32,0.5,0.6,0.2,0,0.5,10,9.5,10,rrt_20260806_232313_090.png
20260806_232313_262,2026-08-06 23:23:13,True,145,43,16.0,33,0.5,0.6,0.2,0,0.5,10,9.5,10,rrt_20260806_232313_262.png
20260806_232313_411,2026-08-06 23:23:13,True,153,49,15.431710077933136,32,0.5,0.6,0.2,0,0.5,10,9.5,10,rrt_20260806_232313_411.png
20260806_232313_569,2026-08-06 23:23:13,True,104,41,15.712338723842405,33,0.5,0.6,0.2,0,0.5,10,9.5,10,rrt_20260806_232313_569.png
20260806_232313_725,2026-08-06 23:23:13,True,124,52,16.0,33,0.5,0.6,0.2,0,0.5,10,9.5,10,rrt_20260806_232313_725.png
20260806_232313_901,2026-08-06 23:23:13,True,124,46,16.0,33,0.5,0.6,0.2,0,0.5,10,9.5,10,rrt_20260806_232313_901.png
20260806_232314_057,2026-08-06 23:23:14,True,167,52,15.97533854827387,33,0.5,0.6,0.2,0,0.5,10,9.5,10,rrt_20260806_232314_057.png
20260806_232314_206,2026-08-06 23:23:14,True,116,53,15.324878607551868,32,0.5,0.6,0.2,0,0.5,10,9.5,10,rrt_20260806_232314_206.png
20260806_232314_364,2026-08-06 23:23:14,True,230,62,17.31635978977752,36,0.5,0.6,0.2,0,0.5,10,9.5,10,rrt_20260806_232314_364.png
20260806_232314_527,2026-08-06 23:23:14,True,220,60,16.0,33,0.5,0.6,0.2,0,0.5,10,9.5,10,rrt_20260806_232314_527.png
20260806_232316_560,2026-08-06 23:23:16,False,10000,156,0.0,0,0.5,0.6,0.2,0,0.5,10,9.5,10,rrt_20260806_232316_560.png
20260806_232316_861,2026-08-06 23:23:16,True,593,71,16.829039787631253,35,0.5,0.6,0.2,0,0.5,10,9.5,10,rrt_20260806_232316_861.png
20260806_232317_025,2026-08-06 23:23:17,True,130,43,14.890845508152328,31,0.5,0.6,0.2,0,0.5,10,9.5,10,rrt_20260806_232317_025.png
20260806_232317_208,2026-08-06 23:23:17,True,528,71,17.0,35,0.5,0.6,0.2,0,0.5,10,9.5,10,rrt_20260806_232317_208.png
20260806_232317_374,2026-08-06 23:23:17,True,105,47,15.5,32,0.5,0.6,0.2,0,0.5,10,9.5,10,rrt_20260806_232317_374.png
20260806_232317_524,2026-08-06 23:23:17,True,124,50,15.5,32,0.5,0.6,0.2,0,0.5,10,9.5,10,rrt_20260806_232317_524.png
20260806_232317_679,2026-08-06 23:23:17,True,143,54,15.742913393945548,33,0.5,0.6,0.2,0,0.5,10,9.5,10,rrt_20260806_232317_679.png
20260806_232319_348,2026-08-06 23:23:19,False,10000,103,0.0,0,0.5,0.6,0.2,0,0.5,10,9.5,10,rrt_20260806_232319_348.png
20260806_232319_553,2026-08-06 23:23:19,True,77,47,15.459422942212559,32,0.5,0.6,0.2,0,0.5,10,9.5,10,rrt_20260806_232319_553.png
20260806_232319_718,2026-08-06 23:23:19,True,84,41,14.88845504104233,31,0.5,0.6,0.2,0,0.5,10,9.5,10,rrt_20260806_232319_718.png
20260806_232320_058,2026-08-06 23:23:20,True,1680,129,18.31045366334301,38,0.5,0.6,0.2,0,0.5,10,9.5,10,rrt_20260806_232320_058.png
20260806_232320_231,2026-08-06 23:23:20,True,125,59,15.739000130131464,33,0.5,0.6,0.2,0,0.5,10,9.5,10,rrt_20260806_232320_231.png
20260806_232320_383,2026-08-06 23:23:20,True,112,55,15.5,32,0.5,0.6,0.2,0,0.5,10,9.5,10,rrt_20260806_232320_383.png
20260806_232320_581,2026-08-06 23:23:20,True,387,56,16.0,33,0.5,0.6,0.2,0,0.5,10,9.5,10,rrt_20260806_232320_581.png
20260806_232321_435,2026-08-06 23:23:21,False,10000,46,0.0,0,0.5,0.6,0.2,0,0.5,10,9.5,10,rrt_20260806_232321_435.png
20260806_232321_634,2026-08-06 23:23:21,True,111,54,15.271742359443122,32,0.5,0.6,0.2,0,0.5,10,9.5,10,rrt_20260806_232321_634.png
20260806_232321_786,2026-08-06 23:23:21,True,131,52,15.913169863954302,33,0.5,0.6,0.2,0,0.5,10,9.5,10,rrt_20260806_232321_786.png
20260806_232321_943,2026-08-06 23:23:21,True,223,55,16.318628287238,34,0.5,0.6,0.2,0,0.5,10,9.5,10,rrt_20260806_232321_943.png
20260806_232322_107,2026-08-06 23:23:22,True,91,45,16.0,33,0.5,0.7,0.2,0,0.5,10,9.5,10,rrt_20260806_232322_107.png
20260806_232322_289,2026-08-06 23:23:22,True,163,61,15.809902296796878,33,0.5,0.7,0.2,0,0.5,10,9.5,10,rrt_20260806_232322_289.png
20260806_232322_460,2026-08-06 23:23:22,True,386,65,16.356867647194928,34,0.5,0.7,0.2,0,0.5,10,9.5,10,rrt_20260806_232322_460.png
20260806_232322_709,2026-08-06 23:23:22,True,763,143,16.982193488116362,35,0.5,0.7,0.2,0,0.5,10,9.5,10,rrt_20260806_232322_709.png
20260806_232322_885,2026-08-06 23:23:22,True,159,62,15.788832045703622,33,0.5,0.7,0.2,0,0.5,10,9.5,10,rrt_20260806_232322_885.png
20260806_232323_035,2026-08-06 23:23:23,True,95,51,15.481600694947318,32,0.5,0.7,0.2,0,0.5,10,9.5,10,rrt_20260806_232323_035.png
20260806_232323_181,2026-08-06 23:23:23,True,103,48,16.5,34,0.5,0.7,0.2,0,0.5,10,9.5,10,rrt_20260806_232323_181.png
20260806_232323_362,2026-08-06 23:23:23,True,234,60,15.80071247411711,33,0.5,0.7,0.2,0,0.5,10,9.5,10,rrt_20260806_232323_362.png
20260806_232323_523,2026-08-06 23:23:23,True,209,81,17.747809309567074,37,0.5,0.7,0.2,0,0.5,10,9.5,10,rrt_20260806_232323_523.png
20260806_232323_698,2026-08-06 23:23:23,True,135,51,15.891944314483656,33,0.5,0.7,0.2,0,0.5,10,9.5,10,rrt_20260806_232323_698.png
20260806_232323_848,2026-08-06 23:23:23,True,92,51,15.220634331415544,32,0.5,0.7,0.2,0,0.5,10,9.5,10,rrt_20260806_232323_848.png
20260806_232324_000,2026-08-06 23:23:24,True,68,45,16.333607347841415,34,0.5,0.7,0.2,0,0.5,10,9.5,10,rrt_20260806_232324_000.png
20260806_232324_149,2026-08-06 23:23:24,True,108,50,15.434396980540393,32,0.5,0.7,0.2,0,0.5,10,9.5,10,rrt_20260806_232324_149.png
20260806_232324_314,2026-08-06 23:23:24,True,266,81,19.414852663236463,40,0.5,0.7,0.2,0,0.5,10,9.5,10,rrt_20260806_232324_314.png
20260806_232324_505,2026-08-06 23:23:24,True,144,55,16.5,34,0.5,0.7,0.2,0,0.5,10,9.5,10,rrt_20260806_232324_505.png
20260806_232324_657,2026-08-06 23:23:24,True,188,54,15.914927485987288,33,0.5,0.7,0.2,0,0.5,10,9.5,10,rrt_20260806_232324_657.png
20260806_232326_569,2026-08-06 23:23:26,False,10000,141,0.0,0,0.5,0.7,0.2,0,0.5,10,9.5,10,rrt_20260806_232326_569.png
20260806_232326_784,2026-08-06 23:23:26,True,134,44,15.5,32,0.5,0.7,0.2,0,0.5,10,9.5,10,rrt_20260806_232326_784.png
20260806_232326_976,2026-08-06 23:23:26,True,397,83,16.74692064159139,35,0.5,0.7,0.2,0,0.5,10,9.5,10,rrt_20260806_232326_976.png
20260806_232327_270,2026-08-06 23:23:27,True,1032,104,17.430599675375575,36,0.5,0.7,0.2,0,0.5,10,9.5,10,rrt_20260806_232327_270.png
20260806_232327_437,2026-08-06 23:23:27,True,158,52,16.215005555339328,34,0.5,0.7,0.2,0,0.5,10,9.5,10,rrt_20260806_232327_437.png
20260806_232327_593,2026-08-06 23:23:27,True,164,61,15.740674720719014,33,0.5,0.7,0.2,0,0.5,10,9.5,10,rrt_20260806_232327_593.png
20260806_232327_742,2026-08-06 23:23:27,True,91,39,14.472507134300743,30,0.5,0.7,0.2,0,0.5,10,9.5,10,rrt_20260806_232327_742.png
20260806_232329_402,2026-08-06 23:23:29,False,10000,116,0.0,0,0.5,0.7,0.2,0,0.5,10,9.5,10,rrt_20260806_232329_402.png
20260806_232329_652,2026-08-06 23:23:29,True,157,57,17.88358568683644,37,0.5,0.7,0.2,0,0.5,10,9.5,10,rrt_20260806_232329_652.png
20260806_232329_807,2026-08-06 23:23:29,True,103,42,15.5,32,0.5,0.7,0.2,0,0.5,10,9.5,10,rrt_20260806_232329_807.png
20260806_232329_982,2026-08-06 23:23:29,True,360,70,19.321179815713084,40,0.5,0.7,0.2,0,0.5,10,9.5,10,rrt_20260806_232329_982.png
20260806_232331_141,2026-08-06 23:23:31,False,10000,64,0.0,0,0.5,0.7,0.2,0,0.5,10,9.5,10,rrt_20260806_232331_141.png
20260806_232331_342,2026-08-06 23:23:31,True,135,58,15.87399383348997,33,0.5,0.7,0.2,0,0.5,10,9.5,10,rrt_20260806_232331_342.png
20260806_232331_494,2026-08-06 23:23:31,True,139,61,16.40463678403317,34,0.5,0.7,0.2,0,0.5,10,9.5,10,rrt_20260806_232331_494.png
20260806_232331_671,2026-08-06 23:23:31,True,76,43,15.460229721288911,32,0.5,0.7,0.2,0,0.5,10,9.5,10,rrt_20260806_232331_671.png
20260806_232331_816,2026-08-06 23:23:31,True,94,46,15.999999999999998,33,0.5,0.7,0.2,0,0.5,10,9.5,10,rrt_20260806_232331_816.png
20260806_232331_967,2026-08-06 23:23:31,True,153,63,16.984577906669934,35,0.5,0.7,0.2,0,0.5,10,9.5,10,rrt_20260806_232331_967.png
20260806_232332_227,2026-08-06 23:23:32,True,1580,71,17.340175680336586,36,0.5,0.7,0.2,0,0.5,10,9.5,10,rrt_20260806_232332_227.png
20260806_232332_396,2026-08-06 23:23:32,True,218,55,17.5,36,0.5,0.7,0.2,0,0.5,10,9.5,10,rrt_20260806_232332_396.png
20260806_232332_559,2026-08-06 23:23:32,True,92,46,14.999999999999995,31,0.5,0.7,0.2,0,0.5,10,9.5,10,rrt_20260806_232332_559.png
20260806_232332_802,2026-08-06 23:23:32,True,1339,72,22.5,46,0.5,0.7,0.2,0,0.5,10,9.5,10,rrt_20260806_232332_802.png
20260806_232333_050,2026-08-06 23:23:33,True,825,80,17.5,36,0.5,0.7,0.2,0,0.5,10,9.5,10,rrt_20260806_232333_050.png
20260806_232333_209,2026-08-06 23:23:33,True,134,51,15.777645989638852,33,0.5,0.7,0.2,0,0.5,10,9.5,10,rrt_20260806_232333_209.png
20260806_232333_366,2026-08-06 23:23:33,True,205,57,16.5,34,0.5,0.7,0.2,0,0.5,10,9.5,10,rrt_20260806_232333_366.png
20260806_232333_521,2026-08-06 23:23:33,True,83,48,15.779864332838308,33,0.5,0.7,0.2,0,0.5,10,9.5,10,rrt_20260806_232333_521.png
20260806_232333_681,2026-08-06 23:23:33,True,280,61,16.5,34,0.5,0.7,0.2,0,0.5,10,9.5,10,rrt_20260806_232333_681.png
20260806_232333_853,2026-08-06 23:23:33,True,196,56,16.5,34,0.5,0.7,0.2,0,0.5,10,9.5,10,rrt_20260806_232333_853.png
20260806_232334_057,2026-08-06 23:23:34,True,159,65,16.924719192347506,35,0.5,0.7,0.2,0,0.5,10,9.5,10,rrt_20260806_232334_057.png
20260806_232334_311,2026-08-06 23:23:34,True,1043,88,19.74692147453587,41,0.5,0.7,0.2,0,0.5,10,9.5,10,rrt_20260806_232334_311.png
20260806_232334_528,2026-08-06 23:23:34,True,814,77,21.0,43,0.5,0.7,0.2,0,0.5,10,9.5,10,rrt_20260806_232334_528.png
20260806_232334_691,2026-08-06 23:23:34,True,133,52,17.0,35,0.5,0.7,0.2,0,0.5,10,9.5,10,rrt_20260806_232334_691.png
20260806_232334_849,2026-08-06 23:23:34,True,279,58,16.829131141637202,35,0.5,0.7,0.2,0,0.5,10,9.5,10,rrt_20260806_232334_849.png
20260806_232335_096,2026-08-06 23:23:35,True,1036,90,16.851642870758266,35,0.5,0.7,0.2,0,0.5,10,9.5,10,rrt_20260806_232335_096.png
20260806_232335_288,2026-08-06 23:23:35,True,113,47,14.80619793262959,31,0.5,0.7,0.2,0,0.5,10,9.5,10,rrt_20260806_232335_288.png
20260806_232335_438,2026-08-06 23:23:35,True,123,55,17.223185319419667,36,0.5,0.7,0.2,0,0.5,10,9.5,10,rrt_20260806_232335_438.png
20260806_232335_626,2026-08-06 23:23:35,True,399,105,19.35706956889893,40,0.5,0.7,0.2,0,0.5,10,9.5,10,rrt_20260806_232335_626.png
20260806_232335_809,2026-08-06 23:23:35,True,241,69,17.999999999999996,37,0.5,0.7,0.2,0,0.5,10,9.5,10,rrt_20260806_232335_809.png
20260806_232335_983,2026-08-06 23:23:35,True,80,48,15.759819486556916,33,0.5,0.7,0.2,0,0.5,10,9.5,10,rrt_20260806_232335_983.png
20260806_232336_133,2026-08-06 23:23:36,True,137,52,15.70786343069529,33,0.5,0.7,0.2,0,0.5,10,9.5,10,rrt_20260806_232336_133.png
20260806_232338_269,2026-08-06 23:23:38,False,10000,159,0.0,0,0.5,0.7,0.2,0,0.5,10,9.5,10,rrt_20260806_232338_269.png
20260806_232338_494,2026-08-06 23:23:38,True,152,62,15.812304728502212,33,0.5,0.7,0.2,0,0.5,10,9.5,10,rrt_20260806_232338_494.png
20260806_232338_676,2026-08-06 23:23:38,True,377,66,14.999999999999998,31,0.5,0.7,0.2,0,0.5,10,9.5,10,rrt_20260806_232338_676.png
20260806_232338_830,2026-08-06 23:23:38,True,117,53,17.243751176394188,36,0.5,0.7,0.2,0,0.5,10,9.5,10,rrt_20260806_232338_830.png
20260806_232339_807,2026-08-06 23:23:39,False,10000,56,0.0,0,0.5,0.7,0.2,0,0.5,10,9.5,10,rrt_20260806_232339_807.png
20260806_232340_027,2026-08-06 23:23:40,True,147,47,15.721918771653735,33,0.5,0.7,0.2,0,0.5,10,9.5,10,rrt_20260806_232340_027.png
20260806_232340_195,2026-08-06 23:23:40,True,408,70,17.972588560571108,37,0.5,0.7,0.2,0,0.5,10,9.5,10,rrt_20260806_232340_195.png
20260806_232340_382,2026-08-06 23:23:40,True,304,61,16.5,34,0.5,0.7,0.2,0,0.5,10,9.5,10,rrt_20260806_232340_382.png
20260806_232340_539,2026-08-06 23:23:40,True,231,50,16.22594010096126,34,0.5,0.7,0.2,0,0.5,10,9.5,10,rrt_20260806_232340_539.png
20260806_232341_462,2026-08-06 23:23:41,False,10000,52,0.0,0,0.5,0.7,0.2,0,0.5,10,9.5,10,rrt_20260806_232341_462.png
20260806_232341_654,2026-08-06 23:23:41,True,109,45,15.936922404384132,33,0.5,0.7,0.2,0,0.5,10,9.5,10,rrt_20260806_232341_654.png
20260806_232341_834,2026-08-06 23:23:41,True,90,52,15.500000000000002,32,0.5,0.7,0.2,0,0.5,10,9.5,10,rrt_20260806_232341_834.png
20260806_232341_985,2026-08-06 23:23:41,True,185,62,15.88129334698782,33,0.5,0.7,0.2,0,0.5,10,9.5,10,rrt_20260806_232341_985.png
20260806_232343_370,2026-08-06 23:23:43,False,10000,91,0.0,0,0.5,0.7,0.2,0,0.5,10,9.5,10,rrt_20260806_232343_370.png
20260806_232343_576,2026-08-06 23:23:43,True,71,43,15.453483391895919,32,0.5,0.7,0.2,0,0.5,10,9.5,10,rrt_20260806_232343_576.png
20260806_232343_744,2026-08-06 23:23:43,True,119,61,16.838397651258784,35,0.5,0.7,0.2,0,0.5,10,9.5,10,rrt_20260806_232343_744.png
20260806_232343_926,2026-08-06 23:23:43,True,81,51,15.889082960883522,33,0.5,0.7,0.2,0,0.5,10,9.5,10,rrt_20260806_232343_926.png
20260806_232344_104,2026-08-06 23:23:44,True,87,44,15.955579221555885,33,0.5,0.7,0.2,0,0.5,10,9.5,10,rrt_20260806_232344_104.png
20260806_232344_252,2026-08-06 23:23:44,True,124,52,15.5,32,0.5,0.7,0.2,0,0.5,10,9.5,10,rrt_20260806_232344_252.png
20260806_232344_403,2026-08-06 23:23:44,True,171,50,16.397149332044304,34,0.5,0.7,0.2,0,0.5,10,9.5,10,rrt_20260806_232344_403.png
20260806_232344_558,2026-08-06 23:23:44,True,143,48,15.739543991260494,33,0.5,0.7,0.2,0,0.5,10,9.5,10,rrt_20260806_232344_558.png
20260806_232344_725,2026-08-06 23:23:44,True,126,47,16.0,33,0.5,0.7,0.2,0,0.5,10,9.5,10,rrt_20260806_232344_725.png
20260806_232346_064,2026-08-06 23:23:46,False,10000,76,0.0,0,0.5,0.7,0.2,0,0.5,10,9.5,10,rrt_20260806_232346_064.png
20260806_232346_299,2026-08-06 23:23:46,True,143,59,15.499999999999998,32,0.5,0.7,0.2,0,0.5,10,9.5,10,rrt_20260806_232346_299.png
20260806_232346_447,2026-08-06 23:23:46,True,105,48,16.23092916715795,34,0.5,0.7,0.2,0,0.5,10,9.5,10,rrt_20260806_232346_447.png
20260806_232347_488,2026-08-06 23:23:47,False,10000,52,0.0,0,0.5,0.7,0.2,0,0.5,10,9.5,10,rrt_20260806_232347_488.png
20260806_232349_167,2026-08-06 23:23:49,False,10000,113,0.0,0,0.5,0.7,0.2,0,0.5,10,9.5,10,rrt_20260806_232349_167.png
20260806_232349_403,2026-08-06 23:23:49,True,357,72,15.919592086093516,33,0.5,0.7,0.2,0,0.5,10,9.5,10,rrt_20260806_232349_403.png
20260806_232349_584,2026-08-06 23:23:49,True,70,50,16.344306581510946,34,0.5,0.7,0.2,0,0.5,10,9.5,10,rrt_20260806_232349_584.png
20260806_232349_743,2026-08-06 23:23:49,True,148,58,15.397964619629413,32,0.5,0.7,0.2,0,0.5,10,9.5,10,rrt_20260806_232349_743.png
20260806_232349_918,2026-08-06 23:23:49,True,356,80,19.487432448929,40,0.5,0.7,0.2,0,0.5,10,9.5,10,rrt_20260806_232349_918.png
20260806_232350_099,2026-08-06 23:23:50,True,400,83,15.875531574001373,33,0.5,0.7,0.2,0,0.5,10,9.5,10,rrt_20260806_232350_099.png
20260806_232350_254,2026-08-06 23:23:50,True,81,44,15.5,32,0.5,0.7,0.2,0,0.5,10,9.5,10,rrt_20260806_232350_254.png
20260806_232351_118,2026-08-06 23:23:51,False,10000,46,0.0,0,0.5,0.7,0.2,0,0.5,10,9.5,10,rrt_20260806_232351_118.png
20260806_232351_360,2026-08-06 23:23:51,True,136,48,15.837656590364096,33,0.5,0.7,0.2,0,0.5,10,9.5,10,rrt_20260806_232351_360.png
20260806_232351_588,2026-08-06 23:23:51,True,946,100,19.0,39,0.5,0.7,0.2,0,0.5,10,9.5,10,rrt_20260806_232351_588.png
20260806_232351_754,2026-08-06 23:23:51,True,145,60,16.5,34,0.5,0.7,0.2,0,0.5,10,9.5,10,rrt_20260806_232351_754.png
20260806_232351_912,2026-08-06 23:23:51,True,228,59,16.83015474877608,35,0.5,0.7,0.2,0,0.5,10,9.5,10,rrt_20260806_232351_912.png
20260806_232352_070,2026-08-06 23:23:52,True,187,61,17.0,35,0.5,0.7,0.2,0,0.5,10,9.5,10,rrt_20260806_232352_070.png
20260806_232352_232,2026-08-06 23:23:52,True,135,53,15.81614862117035,33,0.5,0.7,0.2,0,0.5,10,9.5,10,rrt_20260806_232352_232.png
20260806_232352_453,2026-08-06 23:23:52,True,547,88,17.5,36,0.5,0.7,0.2,0,0.5,10,9.5,10,rrt_20260806_232352_453.png
20260806_232352_612,2026-08-06 23:23:52,True,96,43,15.5,32,0.5,0.7,0.2,0,0.5,10,9.5,10,rrt_20260806_232352_612.png
20260806_232353_724,2026-08-06 23:23:53,False,10000,56,0.0,0,0.5,0.7,0.2,0,0.5,10,9.5,10,rrt_20260806_232353_724.png
20260806_232353_919,2026-08-06 23:23:53,True,109,57,15.0,31,0.5,0.7,0.2,0,0.5,10,9.5,10,rrt_20260806_232353_919.png
20260806_232354_080,2026-08-06 23:23:54,True,132,49,15.81329548968125,33,0.5,0.7,0.2,0,0.5,10,9.5,10,rrt_20260806_232354_080.png
20260806_232354_234,2026-08-06 23:23:54,True,143,70,16.229461236134057,34,0.5,0.8,0.2,0,0.5,10,9.5,10,rrt_20260806_232354_234.png
20260806_232354_428,2026-08-06 23:23:54,True,260,62,16.4281581557306,34,0.5,0.8,0.2,0,0.5,10,9.5,10,rrt_20260806_232354_428.png
20260806_232354_699,2026-08-06 23:23:54,True,1623,99,22.215195693994733,46,0.5,0.8,0.2,0,0.5,10,9.5,10,rrt_20260806_232354_699.png
20260806_232354_869,2026-08-06 23:23:54,True,167,55,15.896353287201666,33,0.5,0.8,0.2,0,0.5,10,9.5,10,rrt_20260806_232354_869.png
20260806_232355_017,2026-08-06 23:23:55,True,119,46,16.5,34,0.5,0.8,0.2,0,0.5,10,9.5,10,rrt_20260806_232355_017.png
20260806_232356_350,2026-08-06 23:23:56,False,10000,78,0.0,0,0.5,0.8,0.2,0,0.5,10,9.5,10,rrt_20260806_232356_350.png
20260806_232356_579,2026-08-06 23:23:56,True,188,78,17.706305745695108,37,0.5,0.8,0.2,0,0.5,10,9.5,10,rrt_20260806_232356_579.png
20260806_232356_770,2026-08-06 23:23:56,True,240,73,15.236936109143594,32,0.5,0.8,0.2,0,0.5,10,9.5,10,rrt_20260806_232356_770.png
20260806_232356_933,2026-08-06 23:23:56,True,230,61,15.999999999999995,33,0.5,0.8,0.2,0,0.5,10,9.5,10,rrt_20260806_232356_933.png
20260806_232357_112,2026-08-06 23:23:57,True,509,79,15.865120381926491,33,0.5,0.8,0.2,0,0.5,10,9.5,10,rrt_20260806_232357_112.png
20260806_232357_269,2026-08-06 23:23:57,True,124,60,15.478645400467403,32,0.5,0.8,0.2,0,0.5,10,9.5,10,rrt_20260806_232357_269.png
20260806_232357_424,2026-08-06 23:23:57,True,141,56,15.261650528372522,32,0.5,0.8,0.2,0,0.5,10,9.5,10,rrt_20260806_232357_424.png
20260806_232357_586,2026-08-06 23:23:57,True,127,55,15.0,31,0.5,0.8,0.2,0,0.5,10,9.5,10,rrt_20260806_232357_586.png
20260806_232357_767,2026-08-06 23:23:57,True,97,56,14.725111167555573,31,0.5,0.8,0.2,0,0.5,10,9.5,10,rrt_20260806_232357_767.png
20260806_232357_924,2026-08-06 23:23:57,True,93,53,15.345173677042396,32,0.5,0.8,0.2,0,0.5,10,9.5,10,rrt_20260806_232357_924.png
20260806_232358_178,2026-08-06 23:23:58,True,936,123,19.0,39,0.5,0.8,0.2,0,0.5,10,9.5,10,rrt_20260806_232358_178.png
20260806_232400_383,2026-08-06 23:24:00,False,10000,165,0.0,0,0.5,0.8,0.2,0,0.5,10,9.5,10,rrt_20260806_232400_383.png
20260806_232401_815,2026-08-06 23:24:01,False,10000,74,0.0,0,0.5,0.8,0.2,0,0.5,10,9.5,10,rrt_20260806_232401_815.png
20260806_232402_025,2026-08-06 23:24:02,True,150,51,15.96319742477408,33,0.5,0.8,0.2,0,0.5,10,9.5,10,rrt_20260806_232402_025.png
20260806_232402_179,2026-08-06 23:24:02,True,214,57,15.962728860120075,33,0.5,0.8,0.2,0,0.5,10,9.5,10,rrt_20260806_232402_179.png
20260806_232403_246,2026-08-06 23:24:03,False,10000,55,0.0,0,0.5,0.8,0.2,0,0.5,10,9.5,10,rrt_20260806_232403_246.png
20260806_232403_440,2026-08-06 23:24:03,True,74,46,15.0,31,0.5,0.8,0.2,0,0.5,10,9.5,10,rrt_20260806_232403_440.png
20260806_232403_593,2026-08-06 23:24:03,True,229,59,16.0,33,0.5,0.8,0.2,0,0.5,10,9.5,10,rrt_20260806_232403_593.png
20260806_232403_790,2026-08-06 23:24:03,True,347,73,15.905624302401694,33,0.5,0.8,0.2,0,0.5,10,9.5,10,rrt_20260806_232403_790.png
20260806_232403_995,2026-08-06 23:24:03,True,128,59,15.999999999999998,33,0.5,0.8,0.2,0,0.5,10,9.5,10,rrt_20260806_232403_995.png
20260806_232404_181,2026-08-06 23:24:04,True,246,70,17.23979068430667,36,0.5,0.8,0.2,0,0.5,10,9.5,10,rrt_20260806_232404_181.png
20260806_232404_361,2026-08-06 23:24:04,True,112,57,15.20175466407309,32,0.5,0.8,0.2,0,0.5,10,9.5,10,rrt_20260806_232404_361.png
20260806_232404_516,2026-08-06 23:24:04,True,119,54,15.5,32,0.5,0.8,0.2,0,0.5,10,9.5,10,rrt_20260806_232404_516.png
20260806_232404_686,2026-08-06 23:24:04,True,96,47,15.000000000000004,31,0.5,0.8,0.2,0,0.5,10,9.5,10,rrt_20260806_232404_686.png
20260806_232404_838,2026-08-06 23:24:04,True,117,52,16.733272129096726,35,0.5,0.8,0.2,0,0.5,10,9.5,10,rrt_20260806_232404_838.png
20260806_232405_043,2026-08-06 23:24:05,True,309,79,20.4002476469266,42,0.5,0.8,0.2,0,0.5,10,9.5,10,rrt_20260806_232405_043.png
20260806_232405_205,2026-08-06 23:24:05,True,183,56,15.0,31,0.5,0.8,0.2,0,0.5,10,9.5,10,rrt_20260806_232405_205.png
20260806_232405_354,2026-08-06 23:24:05,True,95,57,15.753982400113268,33,0.5,0.8,0.2,0,0.5,10,9.5,10,rrt_20260806_232405_354.png
20260806_232405_527,2026-08-06 23:24:05,True,117,58,16.39829748171894,34,0.5,0.8,0.2,0,0.5,10,9.5,10,rrt_20260806_232405_527.png
20260806_232405_688,2026-08-06 23:24:05,True,166,59,18.33437229183052,38,0.5,0.8,0.2,0,0.5,10,9.5,10,rrt_20260806_232405_688.png
20260806_232405_841,2026-08-06 23:24:05,True,90,54,15.706285553646419,33,0.5,0.8,0.2,0,0.5,10,9.5,10,rrt_20260806_232405_841.png
20260806_232407_543,2026-08-06 23:24:07,False,10000,118,0.0,0,0.5,0.8,0.2,0,0.5,10,9.5,10,rrt_20260806_232407_543.png
20260806_232407_764,2026-08-06 23:24:07,True,183,65,16.237749574579702,34,0.5,0.8,0.2,0,0.5,10,9.5,10,rrt_20260806_232407_764.png
20260806_232407_919,2026-08-06 23:24:07,True,92,52,15.326285991117727,32,0.5,0.8,0.2,0,0.5,10,9.5,10,rrt_20260806_232407_919.png
20260806_232408_102,2026-08-06 23:24:08,True,361,99,16.5,34,0.5,0.8,0.2,0,0.5,10,9.5,10,rrt_20260806_232408_102.png
20260806_232408_269,2026-08-06 23:24:08,True,149,63,16.240011810087232,34,0.5,0.8,0.2,0,0.5,10,9.5,10,rrt_20260806_232408_269.png
20260806_232409_539,2026-08-06 23:24:09,False,10000,77,0.0,0,0.5,0.8,0.2,0,0.5,10,9.5,10,rrt_20260806_232409_539.png
20260806_232409_763,2026-08-06 23:24:09,True,157,69,17.416856772670734,36,0.5,0.8,0.2,0,0.5,10,9.5,10,rrt_20260806_232409_763.png
20260806_232409_926,2026-08-06 23:24:09,True,142,60,16.0,33,0.5,0.8,0.2,0,0.5,10,9.5,10,rrt_20260806_232409_926.png
20260806_232411_748,2026-08-06 23:24:11,False,10000,129,0.0,0,0.5,0.8,0.2,0,0.5,10,9.5,10,rrt_20260806_232411_748.png
20260806_232411_978,2026-08-06 23:24:11,True,153,56,15.370340812970609,32,0.5,0.8,0.2,0,0.5,10,9.5,10,rrt_20260806_232411_978.png
20260806_232412_159,2026-08-06 23:24:12,True,92,52,15.831047742804369,33,0.5,0.8,0.2,0,0.5,10,9.5,10,rrt_20260806_232412_159.png
20260806_232412_313,2026-08-06 23:24:12,True,158,57,18.265515798178093,38,0.5,0.8,0.2,0,0.5,10,9.5,10,rrt_20260806_232412_313.png
20260806_232412_475,2026-08-06 23:24:12,True,238,72,17.934065006645625,37,0.5,0.8,0.2,0,0.5,10,9.5,10,rrt_20260806_232412_475.png
20260806_232412_664,2026-08-06 23:24:12,True,332,84,16.341006901479737,34,0.5,0.8,0.2,0,0.5,10,9.5,10,rrt_20260806_232412_664.png
20260806_232413_646,2026-08-06 23:24:13,False,10000,52,0.0,0,0.5,0.8,0.2,0,0.5,10,9.5,10,rrt_20260806_232413_646.png
20260806_232415_232,2026-08-06 23:24:15,False,10000,98,0.0,0,0.5,0.8,0.2,0,0.5,10,9.5,10,rrt_20260806_232415_232.png
20260806_232415_484,2026-08-06 23:24:15,True,271,65,16.0,33,0.5,0.8,0.2,0,0.5,10,9.5,10,rrt_20260806_232415_484.png
20260806_232415_714,2026-08-06 23:24:15,True,860,84,20.748986735347028,43,0.5,0.8,0.2,0,0.5,10,9.5,10,rrt_20260806_232415_714.png
20260806_232415_905,2026-08-06 23:24:15,True,250,67,16.212776918246135,34,0.5,0.8,0.2,0,0.5,10,9.5,10,rrt_20260806_232415_905.png
20260806_232416_066,2026-08-06 23:24:16,True,172,66,16.5,34,0.5,0.8,0.2,0,0.5,10,9.5,10,rrt_20260806_232416_066.png
20260806_232416_306,2026-08-06 23:24:16,True,767,126,18.955067221960462,39,0.5,0.8,0.2,0,0.5,10,9.5,10,rrt_20260806_232416_306.png
20260806_232417_381,2026-08-06 23:24:17,False,10000,52,0.0,0,0.5,0.8,0.2,0,0.5,10,9.5,10,rrt_20260806_232417_381.png
20260806_232417_579,2026-08-06 23:24:17,True,79,52,15.291611632648282,32,0.5,0.8,0.2,0,0.5,10,9.5,10,rrt_20260806_232417_579.png
20260806_232417_747,2026-08-06 23:24:17,True,366,72,15.5,32,0.5,0.8,0.2,0,0.5,10,9.5,10,rrt_20260806_232417_747.png
20260806_232418_819,2026-08-06 23:24:18,False,10000,61,0.0,0,0.5,0.8,0.2,0,0.5,10,9.5,10,rrt_20260806_232418_819.png
20260806_232419_022,2026-08-06 23:24:19,True,74,43,15.300335102197453,32,0.5,0.8,0.2,0,0.5,10,9.5,10,rrt_20260806_232419_022.png
20260806_232419_175,2026-08-06 23:24:19,True,108,55,15.5,32,0.5,0.8,0.2,0,0.5,10,9.5,10,rrt_20260806_232419_175.png
20260806_232419_372,2026-08-06 23:24:19,True,244,72,16.361079811407343,34,0.5,0.8,0.2,0,0.5,10,9.5,10,rrt_20260806_232419_372.png
20260806_232421_123,2026-08-06 23:24:21,False,10000,123,0.0,0,0.5,0.8,0.2,0,0.5,10,9.5,10,rrt_20260806_232421_123.png
20260806_232421_335,2026-08-06 23:24:21,True,151,55,16.5,34,0.5,0.8,0.2,0,0.5,10,9.5,10,rrt_20260806_232421_335.png
20260806_232421_485,2026-08-06 23:24:21,True,95,52,15.856994859561164,33,0.5,0.8,0.2,0,0.5,10,9.5,10,rrt_20260806_232421_485.png
20260806_232421_642,2026-08-06 23:24:21,True,79,48,15.5,32,0.5,0.8,0.2,0,0.5,10,9.5,10,rrt_20260806_232421_642.png
20260806_232421_841,2026-08-06 23:24:21,True,218,62,16.742337095330637,35,0.5,0.8,0.2,0,0.5,10,9.5,10,rrt_20260806_232421_841.png
20260806_232422_013,2026-08-06 23:24:22,True,379,75,16.0,33,0.5,0.8,0.2,0,0.5,10,9.5,10,rrt_20260806_232422_013.png
20260806_232422_184,2026-08-06 23:24:22,True,207,68,15.860701194856079,33,0.5,0.8,0.2,0,0.5,10,9.5,10,rrt_20260806_232422_184.png
20260806_232422_347,2026-08-06 23:24:22,True,117,49,15.999999999999993,33,0.5,0.8,0.2,0,0.5,10,9.5,10,rrt_20260806_232422_347.png
20260806_232422_508,2026-08-06 23:24:22,True,144,57,16.0,33,0.5,0.8,0.2,0,0.5,10,9.5,10,rrt_20260806_232422_508.png
20260806_232422_661,2026-08-06 23:24:22,True,157,55,17.0,35,0.5,0.8,0.2,0,0.5,10,9.5,10,rrt_20260806_232422_661.png
20260806_232422_836,2026-08-06 23:24:22,True,160,65,18.8486781200477,39,0.5,0.8,0.2,0,0.5,10,9.5,10,rrt_20260806_232422_836.png
20260806_232423_042,2026-08-06 23:24:23,True,129,51,16.0,33,0.5,0.8,0.2,0,0.5,10,9.5,10,rrt_20260806_232423_042.png
20260806_232423_210,2026-08-06 23:24:23,True,129,63,15.432657095242329,32,0.5,0.8,0.2,0,0.5,10,9.5,10,rrt_20260806_232423_210.png
20260806_232423_421,2026-08-06 23:24:23,True,597,87,15.500000000000005,32,0.5,0.8,0.2,0,0.5,10,9.5,10,rrt_20260806_232423_421.png
20260806_232423_615,2026-08-06 23:24:23,True,453,90,21.5,44,0.5,0.8,0.2,0,0.5,10,9.5,10,rrt_20260806_232423_615.png
20260806_232423_785,2026-08-06 23:24:23,True,259,67,16.37411534358847,34,0.5,0.8,0.2,0,0.5,10,9.5,10,rrt_20260806_232423_785.png
20260806_232424_814,2026-08-06 23:24:24,False,10000,48,0.0,0,0.5,0.8,0.2,0,0.5,10,9.5,10,rrt_20260806_232424_814.png
20260806_232425_019,2026-08-06 23:24:25,True,145,51,16.0,33,0.5,0.8,0.2,0,0.5,10,9.5,10,rrt_20260806_232425_019.png
20260806_232425_176,2026-08-06 23:24:25,True,166,62,17.943046002565037,37,0.5,0.8,0.2,0,0.5,10,9.5,10,rrt_20260806_232425_176.png
20260806_232425_332,2026-08-06 23:24:25,True,141,55,15.835052613756423,33,0.5,0.8,0.2,0,0.5,10,9.5,10,rrt_20260806_232425_332.png
20260806_232425_495,2026-08-06 23:24:25,True,213,56,16.241566119954747,34,0.5,0.8,0.2,0,0.5,10,9.5,10,rrt_20260806_232425_495.png
20260806_232425_659,2026-08-06 23:24:25,True,106,56,15.499999999999998,32,0.5,0.8,0.2,0,0.5,10,9.5,10,rrt_20260806_232425_659.png
20260806_232425_831,2026-08-06 23:24:25,True,94,52,15.309248138907245,32,0.5,0.8,0.2,0,0.5,10,9.5,10,rrt_20260806_232425_831.png
20260806_232426_016,2026-08-06 23:24:26,True,100,52,15.499999999999998,32,0.5,0.8,0.2,0,0.5,10,9.5,10,rrt_20260806_232426_016.png
20260806_232426_166,2026-08-06 23:24:26,True,122,50,15.5,32,0.5,0.8,0.2,0,0.5,10,9.5,10,rrt_20260806_232426_166.png
20260806_232426_318,2026-08-06 23:24:26,True,115,64,14.979013874868658,31,0.5,0.8,0.2,0,0.5,10,9.5,10,rrt_20260806_232426_318.png
20260806_232426_594,2026-08-06 23:24:26,True,970,141,17.0,35,0.5,0.8,0.2,0,0.5,10,9.5,10,rrt_20260806_232426_594.png
20260806_232426_767,2026-08-06 23:24:26,True,109,55,17.36886678139693,36,0.5,0.8,0.2,0,0.5,10,9.5,10,rrt_20260806_232426_767.png
20260806_232426_915,2026-08-06 23:24:26,True,98,50,16.272670906543127,34,0.5,0.8,0.2,0,0.5,10,9.5,10,rrt_20260806_232426_915.png
20260806_232427_978,2026-08-06 23:24:27,False,10000,53,0.0,0,0.5,0.8,0.2,0,0.5,10,9.5,10,rrt_20260806_232427_978.png
20260806_232428_223,2026-08-06 23:24:28,True,420,70,16.381931400874013,34,0.5,0.8,0.2,0,0.5,10,9.5,10,rrt_20260806_232428_223.png
20260806_232428_435,2026-08-06 23:24:28,True,305,88,16.76313372486528,35,0.5,0.8,0.2,0,0.5,10,9.5,10,rrt_20260806_232428_435.png
20260806_232429_754,2026-08-06 23:24:29,False,10000,80,0.0,0,0.5,0.8,0.2,0,0.5,10,9.5,10,rrt_20260806_232429_754.png
20260806_232431_617,2026-08-06 23:24:31,False,10000,128,0.0,0,0.5,0.8,0.2,0,0.5,10,9.5,10,rrt_20260806_232431_617.png
20260806_232431_834,2026-08-06 23:24:31,True,78,46,15.5,32,0.5,0.8,0.2,0,0.5,10,9.5,10,rrt_20260806_232431_834.png
20260806_232431_984,2026-08-06 23:24:31,True,125,60,17.348926096218875,36,0.5,0.8,0.2,0,0.5,10,9.5,10,rrt_20260806_232431_984.png
20260806_232432_145,2026-08-06 23:24:32,True,222,66,16.0,33,0.5,0.9,0.2,0,0.5,10,9.5,10,rrt_20260806_232432_145.png
20260806_232432_313,2026-08-06 23:24:32,True,178,59,16.5,34,0.5,0.9,0.2,0,0.5,10,9.5,10,rrt_20260806_232432_313.png
20260806_232432_471,2026-08-06 23:24:32,True,122,59,15.500000000000004,32,0.5,0.9,0.2,0,0.5,10,9.5,10,rrt_20260806_232432_471.png
20260806_232434_181,2026-08-06 23:24:34,False,10000,117,0.0,0,0.5,0.9,0.2,0,0.5,10,9.5,10,rrt_20260806_232434_181.png
20260806_232434_453,2026-08-06 23:24:34,True,548,85,16.5,34,0.5,0.9,0.2,0,0.5,10,9.5,10,rrt_20260806_232434_453.png
20260806_232434_614,2026-08-06 23:24:34,True,115,50,16.0,33,0.5,0.9,0.2,0,0.5,10,9.5,10,rrt_20260806_232434_614.png
20260806_232434_771,2026-08-06 23:24:34,True,178,71,17.999999999999996,37,0.5,0.9,0.2,0,0.5,10,9.5,10,rrt_20260806_232434_771.png
20260806_232436_362,2026-08-06 23:24:36,False,10000,111,0.0,0,0.5,0.9,0.2,0,0.5,10,9.5,10,rrt_20260806_232436_362.png
20260806_232437_893,2026-08-06 23:24:37,False,10000,92,0.0,0,0.5,0.9,0.2,0,0.5,10,9.5,10,rrt_20260806_232437_893.png
20260806_232438_098,2026-08-06 23:24:38,True,109,44,15.5,32,0.5,0.9,0.2,0,0.5,10,9.5,10,rrt_20260806_232438_098.png
20260806_232438_285,2026-08-06 23:24:38,True,579,95,20.779015382077098,43,0.5,0.9,0.2,0,0.5,10,9.5,10,rrt_20260806_232438_285.png
20260806_232438_449,2026-08-06 23:24:38,True,118,62,16.0,33,0.5,0.9,0.2,0,0.5,10,9.5,10,rrt_20260806_232438_449.png
20260806_232438_600,2026-08-06 23:24:38,True,106,62,16.26282669066216,34,0.5,0.9,0.2,0,0.5,10,9.5,10,rrt_20260806_232438_600.png
20260806_232438_805,2026-08-06 23:24:38,True,133,52,16.373183125447458,34,0.5,0.9,0.2,0,0.5,10,9.5,10,rrt_20260806_232438_805.png
20260806_232439_768,2026-08-06 23:24:39,False,10000,50,0.0,0,0.5,0.9,0.2,0,0.5,10,9.5,10,rrt_20260806_232439_768.png
20260806_232439_962,2026-08-06 23:24:39,True,116,55,14.919809413494136,31,0.5,0.9,0.2,0,0.5,10,9.5,10,rrt_20260806_232439_962.png
20260806_232440_141,2026-08-06 23:24:40,True,352,87,16.92850286635831,35,0.5,0.9,0.2,0,0.5,10,9.5,10,rrt_20260806_232440_141.png
20260806_232440_303,2026-08-06 23:24:40,True,211,52,15.5,32,0.5,0.9,0.2,0,0.5,10,9.5,10,rrt_20260806_232440_303.png
20260806_232441_333,2026-08-06 23:24:41,False,10000,58,0.0,0,0.5,0.9,0.2,0,0.5,10,9.5,10,rrt_20260806_232441_333.png
20260806_232441_615,2026-08-06 23:24:41,True,763,84,21.3096549318004,44,0.5,0.9,0.2,0,0.5,10,9.5,10,rrt_20260806_232441_615.png
20260806_232441_799,2026-08-06 23:24:41,True,420,77,16.000000000000004,33,0.5,0.9,0.2,0,0.5,10,9.5,10,rrt_20260806_232441_799.png
20260806_232441_958,2026-08-06 23:24:41,True,137,62,15.71638873766955,33,0.5,0.9,0.2,0,0.5,10,9.5,10,rrt_20260806_232441_958.png
20260806_232442_906,2026-08-06 23:24:42,False,10000,53,0.0,0,0.5,0.9,0.2,0,0.5,10,9.5,10,rrt_20260806_232442_906.png
20260806_232443_131,2026-08-06 23:24:43,True,229,89,15.995457460388971,33,0.5,0.9,0.2,0,0.5,10,9.5,10,rrt_20260806_232443_131.png
20260806_232443_318,2026-08-06 23:24:43,True,112,59,16.2841933156633,34,0.5,0.9,0.2,0,0.5,10,9.5,10,rrt_20260806_232443_318.png
20260806_232443_506,2026-08-06 23:24:43,True,231,72,16.992432064443868,35,0.5,0.9,0.2,0,0.5,10,9.5,10,rrt_20260806_232443_506.png
20260806_232443_671,2026-08-06 23:24:43,True,80,51,16.5,34,0.5,0.9,0.2,0,0.5,10,9.5,10,rrt_20260806_232443_671.png
20260806_232443_856,2026-08-06 23:24:43,True,211,69,17.77454793798954,37,0.5,0.9,0.2,0,0.5,10,9.5,10,rrt_20260806_232443_856.png
20260806_232444_874,2026-08-06 23:24:44,False,10000,53,0.0,0,0.5,0.9,0.2,0,0.5,10,9.5,10,rrt_20260806_232444_874.png
20260806_232445_076,2026-08-06 23:24:45,True,122,71,16.225012265277563,34,0.5,0.9,0.2,0,0.5,10,9.5,10,rrt_20260806_232445_076.png
20260806_232445_964,2026-08-06 23:24:45,False,10000,35,0.0,0,0.5,0.9,0.2,0,0.5,10,9.5,10,rrt_20260806_232445_964.png
20260806_232447_685,2026-08-06 23:24:47,False,10000,116,0.0,0,0.5,0.9,0.2,0,0.5,10,9.5,10,rrt_20260806_232447_685.png
20260806_232447_897,2026-08-06 23:24:47,True,128,49,15.5,32,0.5,0.9,0.2,0,0.5,10,9.5,10,rrt_20260806_232447_897.png
20260806_232448_062,2026-08-06 23:24:48,True,219,66,16.349924518026004,34,0.5,0.9,0.2,0,0.5,10,9.5,10,rrt_20260806_232448_062.png
20260806_232448_226,2026-08-06 23:24:48,True,237,69,16.5,34,0.5,0.9,0.2,0,0.5,10,9.5,10,rrt_20260806_232448_226.png
20260806_232448_418,2026-08-06 23:24:48,True,163,73,17.36016230700374,36,0.5,0.9,0.2,0,0.5,10,9.5,10,rrt_20260806_232448_418.png
20260806_232448_577,2026-08-06 23:24:48,True,182,68,16.5,34,0.5,0.9,0.2,0,0.5,10,9.5,10,rrt_20260806_232448_577.png
20260806_232449_588,2026-08-06 23:24:49,False,10000,51,0.0,0,0.5,0.9,0.2,0,0.5,10,9.5,10,rrt_20260806_232449_588.png
20260806_232449_788,2026-08-06 23:24:49,True,141,54,16.288752447195026,34,0.5,0.9,0.2,0,0.5,10,9.5,10,rrt_20260806_232449_788.png
20260806_232449_968,2026-08-06 23:24:49,True,239,86,17.941026182329644,37,0.5,0.9,0.2,0,0.5,10,9.5,10,rrt_20260806_232449_968.png
20260806_232451_640,2026-08-06 23:24:51,False,10000,112,0.0,0,0.5,0.9,0.2,0,0.5,10,9.5,10,rrt_20260806_232451_640.png
20260806_232452_566,2026-08-06 23:24:52,False,10000,41,0.0,0,0.5,0.9,0.2,0,0.5,10,9.5,10,rrt_20260806_232452_566.png
20260806_232452_787,2026-08-06 23:24:52,True,493,75,16.718913801944165,35,0.5,0.9,0.2,0,0.5,10,9.5,10,rrt_20260806_232452_787.png
20260806_232452_948,2026-08-06 23:24:52,True,130,56,15.818908006050641,33,0.5,0.9,0.2,0,0.5,10,9.5,10,rrt_20260806_232452_948.png
20260806_232454_518,2026-08-06 23:24:54,False,10000,111,0.0,0,0.5,0.9,0.2,0,0.5,10,9.5,10,rrt_20260806_232454_518.png
20260806_232454_781,2026-08-06 23:24:54,True,267,71,16.49635976086663,34,0.5,0.9,0.2,0,0.5,10,9.5,10,rrt_20260806_232454_781.png
20260806_232454_939,2026-08-06 23:24:54,True,128,78,15.947652932578077,33,0.5,0.9,0.2,0,0.5,10,9.5,10,rrt_20260806_232454_939.png
20260806_232456_476,2026-08-06 23:24:56,False,10000,106,0.0,0,0.5,0.9,0.2,0,0.5,10,9.5,10,rrt_20260806_232456_476.png
20260806_232457_681,2026-08-06 23:24:57,False,10000,69,0.0,0,0.5,0.9,0.2,0,0.5,10,9.5,10,rrt_20260806_232457_681.png
20260806_232457_919,2026-08-06 23:24:57,True,130,63,15.960231085268457,33,0.5,0.9,0.2,0,0.5,10,9.5,10,rrt_20260806_232457_919.png
20260806_232458_076,2026-08-06 23:24:58,True,138,56,15.941159228256861,33,0.5,0.9,0.2,0,0.5,10,9.5,10,rrt_20260806_232458_076.png
20260806_232458_256,2026-08-06 23:24:58,True,357,104,18.30642199558126,38,0.5,0.9,0.2,0,0.5,10,9.5,10,rrt_20260806_232458_256.png
20260806_232458_420,2026-08-06 23:24:58,True,134,63,16.88718822647168,35,0.5,0.9,0.2,0,0.5,10,9.5,10,rrt_20260806_232458_420.png
20260806_232458_578,2026-08-06 23:24:58,True,114,52,14.883725416811574,31,0.5,0.9,0.2,0,0.5,10,9.5,10,rrt_20260806_232458_578.png
20260806_232458_736,2026-08-06 23:24:58,True,167,63,14.999999999999998,31,0.5,0.9,0.2,0,0.5,10,9.5,10,rrt_20260806_232458_736.png
20260806_232458_901,2026-08-06 23:24:58,True,173,56,16.343706650427308,34,0.5,0.9,0.2,0,0.5,10,9.5,10,rrt_20260806_232458_901.png
20260806_232500_515,2026-08-06 23:25:00,False,10000,108,0.0,0,0.5,0.9,0.2,0,0.5,10,9.5,10,rrt_20260806_232500_515.png
20260806_232500_807,2026-08-06 23:25:00,True,594,84,18.330353385913842,38,0.5,0.9,0.2,0,0.5,10,9.5,10,rrt_20260806_232500_807.png
20260806_232502_549,2026-08-06 23:25:02,False,10000,121,0.0,0,0.5,0.9,0.2,0,0.5,10,9.5,10,rrt_20260806_232502_549.png
20260806_232502_773,2026-08-06 23:25:02,True,117,61,16.986640933195375,35,0.5,0.9,0.2,0,0.5,10,9.5,10,rrt_20260806_232502_773.png
20260806_232502_967,2026-08-06 23:25:02,True,139,54,15.5,32,0.5,0.9,0.2,0,0.5,10,9.5,10,rrt_20260806_232502_967.png
20260806_232504_925,2026-08-06 23:25:04,False,10000,145,0.0,0,0.5,0.9,0.2,0,0.5,10,9.5,10,rrt_20260806_232504_925.png
20260806_232505_177,2026-08-06 23:25:05,True,429,95,20.5,42,0.5,0.9,0.2,0,0.5,10,9.5,10,rrt_20260806_232505_177.png
20260806_232505_349,2026-08-06 23:25:05,True,131,62,18.36994928978988,38,0.5,0.9,0.2,0,0.5,10,9.5,10,rrt_20260806_232505_349.png
20260806_232506_487,2026-08-06 23:25:06,False,10000,68,0.0,0,0.5,0.9,0.2,0,0.5,10,9.5,10,rrt_20260806_232506_487.png
20260806_232506_741,2026-08-06 23:25:06,True,335,71,15.483014932499312,32,0.5,0.9,0.2,0,0.5,10,9.5,10,rrt_20260806_232506_741.png
20260806_232506_916,2026-08-06 23:25:06,True,111,62,15.5,32,0.5,0.9,0.2,0,0.5,10,9.5,10,rrt_20260806_232506_916.png
20260806_232508_068,2026-08-06 23:25:08,False,10000,66,0.0,0,0.5,0.9,0.2,0,0.5,10,9.5,10,rrt_20260806_232508_068.png
20260806_232509_615,2026-08-06 23:25:09,False,10000,97,0.0,0,0.5,0.9,0.2,0,0.5,10,9.5,10,rrt_20260806_232509_615.png
20260806_232509_845,2026-08-06 23:25:09,True,306,79,18.5,38,0.5,0.9,0.2,0,0.5,10,9.5,10,rrt_20260806_232509_845.png
20260806_232510_040,2026-08-06 23:25:10,True,340,68,16.0,33,0.5,0.9,0.2,0,0.5,10,9.5,10,rrt_20260806_232510_040.png
20260806_232510_228,2026-08-06 23:25:10,True,580,73,16.5,34,0.5,0.9,0.2,0,0.5,10,9.5,10,rrt_20260806_232510_228.png
20260806_232510_387,2026-08-06 23:25:10,True,125,51,14.999999999999998,31,0.5,0.9,0.2,0,0.5,10,9.5,10,rrt_20260806_232510_387.png
20260806_232510_571,2026-08-06 23:25:10,True,230,67,17.0,35,0.5,0.9,0.2,0,0.5,10,9.5,10,rrt_20260806_232510_571.png
20260806_232510_832,2026-08-06 23:25:10,True,367,69,17.5,36,0.5,0.9,0.2,0,0.5,10,9.5,10,rrt_20260806_232510_832.png
20260806_232511_088,2026-08-06 23:25:11,True,206,56,16.5,34,0.5,0.9,0.2,0,0.5,10,9.5,10,rrt_20260806_232511_088.png
20260806_232511_316,2026-08-06 23:25:11,True,197,66,16.0,33,0.5,0.9,0.2,0,0.5,10,9.5,10,rrt_20260806_232511_316.png
20260806_232513_237,2026-08-06 23:25:13,False,10000,139,0.0,0,0.5,0.9,0.2,0,0.5,10,9.5,10,rrt_20260806_232513_237.png
20260806_232514_258,2026-08-06 23:25:14,False,10000,51,0.0,0,0.5,0.9,0.2,0,0.5,10,9.5,10,rrt_20260806_232514_258.png
20260806_232514_470,2026-08-06 23:25:14,True,112,67,15.5,32,0.5,0.9,0.2,0,0.5,10,9.5,10,rrt_20260806_232514_470.png
20260806_232516_261,2026-08-06 23:25:16,False,10000,126,0.0,0,0.5,0.9,0.2,0,0.5,10,9.5,10,rrt_20260806_232516_261.png
20260806_232516_512,2026-08-06 23:25:16,True,389,72,19.47345661798024,40,0.5,0.9,0.2,0,0.5,10,9.5,10,rrt_20260806_232516_512.png
20260806_232516_683,2026-08-06 23:25:16,True,222,81,16.22796861227083,34,0.5,0.9,0.2,0,0.5,10,9.5,10,rrt_20260806_232516_683.png
20260806_232516_848,2026-08-06 23:25:16,True,129,58,16.5,34,0.5,0.9,0.2,0,0.5,10,9.5,10,rrt_20260806_232516_848.png
20260806_232517_057,2026-08-06 23:25:17,True,437,99,17.99976214809433,37,0.5,0.9,0.2,0,0.5,10,9.5,10,rrt_20260806_232517_057.png
20260806_232517_220,2026-08-06 23:25:17,True,143,58,16.271961969092345,34,0.5,0.9,0.2,0,0.5,10,9.5,10,rrt_20260806_232517_220.png
20260806_232518_725,2026-08-06 23:25:18,False,10000,101,0.0,0,0.5,0.9,0.2,0,0.5,10,9.5,10,rrt_20260806_232518_725.png
20260806_232519_736,2026-08-06 23:25:19,False,10000,54,0.0,0,0.5,0.9,0.2,0,0.5,10,9.5,10,rrt_20260806_232519_736.png
20260806_232519_950,2026-08-06 23:25:19,True,370,67,16.5,34,0.5,0.9,0.2,0,0.5,10,9.5,10,rrt_20260806_232519_950.png
20260806_232520_126,2026-08-06 23:25:20,True,180,62,17.5,36,0.5,0.9,0.2,0,0.5,10,9.5,10,rrt_20260806_232520_126.png
20260806_232520_289,2026-08-06 23:25:20,True,174,65,16.262158605279346,34,0.5,0.9,0.2,0,0.5,10,9.5,10,rrt_20260806_232520_289.png
20260806_232520_478,2026-08-06 23:25:20,True,225,77,17.33705295303838,36,0.5,0.9,0.2,0,0.5,10,9.5,10,rrt_20260806_232520_478.png
20260806_232520_653,2026-08-06 23:25:20,True,126,71,15.78236469773862,33,0.5,0.9,0.2,0,0.5,10,9.5,10,rrt_20260806_232520_653.png
20260806_232520_814,2026-08-06 23:25:20,True,166,63,18.0,37,0.5,0.9,0.2,0,0.5,10,9.5,10,rrt_20260806_232520_814.png
20260806_232520_976,2026-08-06 23:25:20,True,163,58,15.980071959297796,33,0.5,0.9,0.2,0,0.5,10,9.5,10,rrt_20260806_232520_976.png
20260806_232521_159,2026-08-06 23:25:21,True,388,74,14.993224118679287,31,0.5,0.9,0.2,0,0.5,10,9.5,10,rrt_20260806_232521_159.png
20260806_232521_344,2026-08-06 23:25:21,True,295,71,17.443140120992375,36,0.5,0.9,0.2,0,0.5,10,9.5,10,rrt_20260806_232521_344.png
20260806_232521_584,2026-08-06 23:25:21,True,704,97,20.402714555824645,42,0.5,0.9,0.2,0,0.5,10,9.5,10,rrt_20260806_232521_584.png
20260806_232521_757,2026-08-06 23:25:21,True,198,74,16.964963153917427,35,0.5,0.9,0.2,0,0.5,10,9.5,10,rrt_20260806_232521_757.png
20260806_232521_917,2026-08-06 23:25:21,True,208,64,16.000000000000004,33,0.5,0.9,0.2,0,0.5,10,9.5,10,rrt_20260806_232521_917.png
20260806_232524_105,2026-08-06 23:25:24,False,10000,168,0.0,0,0.5,1.0,0.2,0,0.5,10,9.5,10,rrt_20260806_232524_105.png
20260806_232525_362,2026-08-06 23:25:25,False,10000,65,0.0,0,0.5,1.0,0.2,0,0.5,10,9.5,10,rrt_20260806_232525_362.png
20260806_232525_701,2026-08-06 23:25:25,True,840,160,17.499999999999996,36,0.5,1.0,0.2,0,0.5,10,9.5,10,rrt_20260806_232525_701.png
20260806_232527_643,2026-08-06 23:25:27,False,10000,142,0.0,0,0.5,1.0,0.2,0,0.5,10,9.5,10,rrt_20260806_232527_643.png
20260806_232529_487,2026-08-06 23:25:29,False,10000,125,0.0,0,0.5,1.0,0.2,0,0.5,10,9.5,10,rrt_20260806_232529_487.png
20260806_232529_749,2026-08-06 23:25:29,True,245,81,18.5,38,0.5,1.0,0.2,0,0.5,10,9.5,10,rrt_20260806_232529_749.png
20260806_232531_346,2026-08-06 23:25:31,False,10000,111,0.0,0,0.5,1.0,0.2,0,0.5,10,9.5,10,rrt_20260806_232531_346.png
20260806_232531_622,2026-08-06 23:25:31,True,597,105,18.0,37,0.5,1.0,0.2,0,0.5,10,9.5,10,rrt_20260806_232531_622.png
20260806_232531_829,2026-08-06 23:25:31,True,406,129,17.0,35,0.5,1.0,0.2,0,0.5,10,9.5,10,rrt_20260806_232531_829.png
20260806_232532_050,2026-08-06 23:25:32,True,570,91,18.0,37,0.5,1.0,0.2,0,0.5,10,9.5,10,rrt_20260806_232532_050.png
20260806_232534_012,2026-08-06 23:25:34,False,10000,144,0.0,0,0.5,1.0,0.2,0,0.5,10,9.5,10,rrt_20260806_232534_012.png
20260806_232535_444,2026-08-06 23:25:35,False,10000,87,0.0,0,0.5,1.0,0.2,0,0.5,10,9.5,10,rrt_20260806_232535_444.png
20260806_232537_125,2026-08-06 23:25:37,False,10000,111,0.0,0,0.5,1.0,0.2,0,0.5,10,9.5,10,rrt_20260806_232537_125.png
20260806_232539_063,2026-08-06 23:25:39,False,10000,137,0.0,0,0.5,1.0,0.2,0,0.5,10,9.5,10,rrt_20260806_232539_063.png
20260806_232540_994,2026-08-06 23:25:40,False,10000,136,0.0,0,0.5,1.0,0.2,0,0.5,10,9.5,10,rrt_20260806_232540_994.png
20260806_232541_234,2026-08-06 23:25:41,True,316,99,16.5,34,0.5,1.0,0.2,0,0.5,10,9.5,10,rrt_20260806_232541_234.png
20260806_232543_308,2026-08-06 23:25:43,False,10000,155,0.0,0,0.5,1.0,0.2,0,0.5,10,9.5,10,rrt_20260806_232543_308.png
20260806_232545_616,2026-08-06 23:25:45,False,10000,171,0.0,0,0.5,1.0,0.2,0,0.5,10,9.5,10,rrt_20260806_232545_616.png
20260806_232545_871,2026-08-06 23:25:45,True,269,102,15.5,32,0.5,1.0,0.2,0,0.5,10,9.5,10,rrt_20260806_232545_871.png
20260806_232547_290,2026-08-06 23:25:47,False,10000,87,0.0,0,0.5,1.0,0.2,0,0.5,10,9.5,10,rrt_20260806_232547_290.png
20260806_232547_538,2026-08-06 23:25:47,True,471,89,17.5,36,0.5,1.0,0.2,0,0.5,10,9.5,10,rrt_20260806_232547_538.png
20260806_232548_403,2026-08-06 23:25:48,False,10000,44,0.0,0,0.5,1.0,0.2,0,0.5,10,9.5,10,rrt_20260806_232548_403.png
20260806_232548_677,2026-08-06 23:25:48,True,684,129,19.0,39,0.5,1.0,0.2,0,0.5,10,9.5,10,rrt_20260806_232548_677.png
20260806_232550_286,2026-08-06 23:25:50,False,10000,107,0.0,0,0.5,1.0,0.2,0,0.5,10,9.5,10,rrt_20260806_232550_286.png
20260806_232552_020,2026-08-06 23:25:52,False,10000,114,0.0,0,0.5,1.0,0.2,0,0.5,10,9.5,10,rrt_20260806_232552_020.png
20260806_232554_319,2026-08-06 23:25:54,False,10000,168,0.0,0,0.5,1.0,0.2,0,0.5,10,9.5,10,rrt_20260806_232554_319.png
20260806_232555_910,2026-08-06 23:25:55,False,10000,101,0.0,0,0.5,1.0,0.2,0,0.5,10,9.5,10,rrt_20260806_232555_910.png
20260806_232557_799,2026-08-06 23:25:57,False,10000,138,0.0,0,0.5,1.0,0.2,0,0.5,10,9.5,10,rrt_20260806_232557_799.png
20260806_232559_528,2026-08-06 23:25:59,False,10000,115,0.0,0,0.5,1.0,0.2,0,0.5,10,9.5,10,rrt_20260806_232559_528.png
20260806_232601_329,2026-08-06 23:26:01,False,10000,125,0.0,0,0.5,1.0,0.2,0,0.5,10,9.5,10,rrt_20260806_232601_329.png
20260806_232601_596,2026-08-06 23:26:01,True,605,103,18.0,37,0.5,1.0,0.2,0,0.5,10,9.5,10,rrt_20260806_232601_596.png
20260806_232601_848,2026-08-06 23:26:01,True,665,90,19.0,39,0.5,1.0,0.2,0,0.5,10,9.5,10,rrt_20260806_232601_848.png
20260806_232602_100,2026-08-06 23:26:02,True,568,104,18.0,37,0.5,1.0,0.2,0,0.5,10,9.5,10,rrt_20260806_232602_100.png
20260806_232602_337,2026-08-06 23:26:02,True,666,80,17.5,36,0.5,1.0,0.2,0,0.5,10,9.5,10,rrt_20260806_232602_337.png
20260806_232604_391,2026-08-06 23:26:04,False,10000,152,0.0,0,0.5,1.0,0.2,0,0.5,10,9.5,10,rrt_20260806_232604_391.png
20260806_232604_688,2026-08-06 23:26:04,True,666,104,19.5,40,0.5,1.0,0.2,0,0.5,10,9.5,10,rrt_20260806_232604_688.png
20260806_232605_715,2026-08-06 23:26:05,False,10000,49,0.0,0,0.5,1.0,0.2,0,0.5,10,9.5,10,rrt_20260806_232605_715.png
20260806_232606_687,2026-08-06 23:26:06,False,10000,47,0.0,0,0.5,1.0,0.2,0,0.5,10,9.5,10,rrt_20260806_232606_687.png
20260806_232606_913,2026-08-06 23:26:06,True,342,92,17.5,36,0.5,1.0,0.2,0,0.5,10,9.5,10,rrt_20260806_232606_913.png
20260806_232607_780,2026-08-06 23:26:07,False,10000,45,0.0,0,0.5,1.0,0.2,0,0.5,10,9.5,10,rrt_20260806_232607_780.png
20260806_232609_529,2026-08-06 23:26:09,False,10000,122,0.0,0,0.5,1.0,0.2,0,0.5,10,9.5,10,rrt_20260806_232609_529.png
20260806_232611_397,2026-08-06 23:26:11,False,10000,128,0.0,0,0.5,1.0,0.2,0,0.5,10,9.5,10,rrt_20260806_232611_397.png
20260806_232613_382,2026-08-06 23:26:13,False,10000,142,0.0,0,0.5,1.0,0.2,0,0.5,10,9.5,10,rrt_20260806_232613_382.png
20260806_232615_324,2026-08-06 23:26:15,False,10000,138,0.0,0,0.5,1.0,0.2,0,0.5,10,9.5,10,rrt_20260806_232615_324.png
20260806_232616_781,2026-08-06 23:26:16,False,10000,87,0.0,0,0.5,1.0,0.2,0,0.5,10,9.5,10,rrt_20260806_232616_781.png
20260806_232618_472,2026-08-06 23:26:18,False,10000,116,0.0,0,0.5,1.0,0.2,0,0.5,10,9.5,10,rrt_20260806_232618_472.png
20260806_232620_132,2026-08-06 23:26:20,False,10000,109,0.0,0,0.5,1.0,0.2,0,0.5,10,9.5,10,rrt_20260806_232620_132.png
20260806_232622_116,2026-08-06 23:26:22,False,10000,137,0.0,0,0.5,1.0,0.2,0,0.5,10,9.5,10,rrt_20260806_232622_116.png
20260806_232624_195,2026-08-06 23:26:24,False,10000,150,0.0,0,0.5,1.0,0.2,0,0.5,10,9.5,10,rrt_20260806_232624_195.png
20260806_232625_820,2026-08-06 23:26:25,False,10000,108,0.0,0,0.5,1.0,0.2,0,0.5,10,9.5,10,rrt_20260806_232625_820.png
20260806_232626_152,2026-08-06 23:26:26,True,931,117,19.0,39,0.5,1.0,0.2,0,0.5,10,9.5,10,rrt_20260806_232626_152.png
20260806_232626_398,2026-08-06 23:26:26,True,496,116,15.5,32,0.5,1.0,0.2,0,0.5,10,9.5,10,rrt_20260806_232626_398.png
20260806_232628_551,2026-08-06 23:26:28,False,10000,160,0.0,0,0.5,1.0,0.2,0,0.5,10,9.5,10,rrt_20260806_232628_551.png
20260806_232630_446,2026-08-06 23:26:30,False,10000,128,0.0,0,0.5,1.0,0.2,0,0.5,10,9.5,10,rrt_20260806_232630_446.png
20260806_232630_722,2026-08-06 23:26:30,True,482,122,18.0,37,0.5,1.0,0.2,0,0.5,10,9.5,10,rrt_20260806_232630_722.png
20260806_232631_060,2026-08-06 23:26:31,True,645,129,18.0,37,0.5,1.0,0.2,0,0.5,10,9.5,10,rrt_20260806_232631_060.png
20260806_232632_995,2026-08-06 23:26:32,False,10000,142,0.0,0,0.5,1.0,0.2,0,0.5,10,9.5,10,rrt_20260806_232632_995.png
20260806_232634_383,2026-08-06 23:26:34,False,10000,85,0.0,0,0.5,1.0,0.2,0,0.5,10,9.5,10,rrt_20260806_232634_383.png
20260806_232636_013,2026-08-06 23:26:36,False,10000,107,0.0,0,0.5,1.0,0.2,0,0.5,10,9.5,10,rrt_20260806_232636_013.png
20260806_232638_193,2026-08-06 23:26:38,False,10000,155,0.0,0,0.5,1.0,0.2,0,0.5,10,9.5,10,rrt_20260806_232638_193.png
20260806_232639_645,2026-08-06 23:26:39,False,10000,88,0.0,0,0.5,1.0,0.2,0,0.5,10,9.5,10,rrt_20260806_232639_645.png
20260806_232641_601,2026-08-06 23:26:41,False,10000,138,0.0,0,0.5,1.0,0.2,0,0.5,10,9.5,10,rrt_20260806_232641_601.png
20260806_232642_997,2026-08-06 23:26:42,False,10000,76,0.0,0,0.5,1.0,0.2,0,0.5,10,9.5,10,rrt_20260806_232642_997.png
20260806_232644_061,2026-08-06 23:26:44,False,10000,58,0.0,0,0.5,1.0,0.2,0,0.5,10,9.5,10,rrt_20260806_232644_061.png
20260806_232645_706,2026-08-06 23:26:45,False,10000,111,0.0,0,0.5,1.0,0.2,0,0.5,10,9.5,10,rrt_20260806_232645_706.png
20260806_232647_570,2026-08-06 23:26:47,False,10000,124,0.0,0,0.5,1.0,0.2,0,0.5,10,9.5,10,rrt_20260806_232647_570.png
20260806_232649_655,2026-08-06 23:26:49,False,10000,157,0.0,0,0.5,1.0,0.2,0,0.5,10,9.5,10,rrt_20260806_232649_655.png
20260806_232651_568,2026-08-06 23:26:51,False,10000,133,0.0,0,0.5,1.0,0.2,0,0.5,10,9.5,10,rrt_20260806_232651_568.png
20260806_232653_541,2026-08-06 23:26:53,False,10000,140,0.0,0,0.5,1.0,0.2,0,0.5,10,9.5,10,rrt_20260806_232653_541.png
20260806_232655_438,2026-08-06 23:26:55,False,10000,130,0.0,0,0.5,1.0,0.2,0,0.5,10,9.5,10,rrt_20260806_232655_438.png
20260806_232655_731,2026-08-06 23:26:55,True,694,121,18.0,37,0.5,1.0,0.2,0,0.5,10,9.5,10,rrt_20260806_232655_731.png
20260806_232657_293,2026-08-06 23:26:57,False,10000,103,0.0,0,0.5,1.0,0.2,0,0.5,10,9.5,10,rrt_20260806_232657_293.png
20260806_232659_015,2026-08-06 23:26:59,False,10000,111,0.0,0,0.5,1.0,0.2,0,0.5,10,9.5,10,rrt_20260806_232659_015.png
20260806_232659_295,2026-08-06 23:26:59,True,559,123,16.0,33,0.5,1.0,0.2,0,0.5,10,9.5,10,rrt_20260806_232659_295.png
20260806_232701_058,2026-08-06 23:27:01,False,10000,126,0.0,0,0.5,1.0,0.2,0,0.5,10,9.5,10,rrt_20260806_232701_058.png
20260806_232703_196,2026-08-06 23:27:03,False,10000,153,0.0,0,0.5,1.0,0.2,0,0.5,10,9.5,10,rrt_20260806_232703_196.png
20260806_232704_837,2026-08-06 23:27:04,False,10000,103,0.0,0,0.5,1.0,0.2,0,0.5,10,9.5,10,rrt_20260806_232704_837.png
20260806_232707_090,2026-08-06 23:27:07,False,10000,165,0.0,0,0.5,1.0,0.2,0,0.5,10,9.5,10,rrt_20260806_232707_090.png
20260806_232709_417,2026-08-06 23:27:09,False,10000,180,0.0,0,0.5,1.0,0.2,0,0.5,10,9.5,10,rrt_20260806_232709_417.png
20260806_232709_705,2026-08-06 23:27:09,True,399,120,18.0,37,0.5,1.0,0.2,0,0.5,10,9.5,10,rrt_20260806_232709_705.png
20260806_232711_625,2026-08-06 23:27:11,False,10000,138,0.0,0,0.5,1.0,0.2,0,0.5,10,9.5,10,rrt_20260806_232711_625.png
20260806_232712_737,2026-08-06 23:27:12,False,10000,52,0.0,0,0.5,1.0,0.2,0,0.5,10,9.5,10,rrt_20260806_232712_737.png
20260806_232714_801,2026-08-06 23:27:14,False,10000,152,0.0,0,0.5,1.0,0.2,0,0.5,10,9.5,10,rrt_20260806_232714_801.png
20260806_232716_797,2026-08-06 23:27:16,False,10000,137,0.0,0,0.5,1.0,0.2,0,0.5,10,9.5,10,rrt_20260806_232716_797.png
20260806_232717_048,2026-08-06 23:27:17,True,418,89,17.5,36,0.5,1.0,0.2,0,0.5,10,9.5,10,rrt_20260806_232717_048.png
20260806_232718_671,2026-08-06 23:27:18,False,10000,115,0.0,0,0.5,1.0,0.2,0,0.5,10,9.5,10,rrt_20260806_232718_671.png
20260806_232718_962,2026-08-06 23:27:18,True,351,100,17.0,35,0.5,1.0,0.2,0,0.5,10,9.5,10,rrt_20260806_232718_962.png
20260806_232721_094,2026-08-06 23:27:21,False,10000,158,0.0,0,0.5,1.0,0.2,0,0.5,10,9.5,10,rrt_20260806_232721_094.png
20260806_232721_336,2026-08-06 23:27:21,True,322,87,18.5,38,0.5,1.0,0.2,0,0.5,10,9.5,10,rrt_20260806_232721_336.png
20260806_232722_968,2026-08-06 23:27:22,False,10000,115,0.0,0,0.5,1.0,0.2,0,0.5,10,9.5,10,rrt_20260806_232722_968.png
20260806_232723_246,2026-08-06 23:27:23,True,527,98,19.5,40,0.5,1.0,0.2,0,0.5,10,9.5,10,rrt_20260806_232723_246.png
20260806_232725_136,2026-08-06 23:27:25,False,10000,134,0.0,0,0.5,1.0,0.2,0,0.5,10,9.5,10,rrt_20260806_232725_136.png
20260806_232727_046,2026-08-06 23:27:27,False,10000,132,0.0,0,0.5,1.0,0.2,0,0.5,10,9.5,10,rrt_20260806_232727_046.png
20260806_232729_257,2026-08-06 23:27:29,False,10000,164,0.0,0,0.5,1.0,0.2,0,0.5,10,9.5,10,rrt_20260806_232729_257.png
20260806_232729_582,2026-08-06 23:27:29,True,569,130,17.5,36,0.5,1.0,0.2,0,0.5,10,9.5,10,rrt_20260806_232729_582.png
20260806_232731_438,2026-08-06 23:27:31,False,10000,130,0.0,0,0.5,1.0,0.2,0,0.5,10,9.5,10,rrt_20260806_232731_438.png
20260806_232731_698,2026-08-06 23:27:31,True,536,89,17.500000000000004,36,0.5,1.0,0.2,0,0.5,10,9.5,10,rrt_20260806_232731_698.png
20260806_232731_971,2026-08-06 23:27:31,True,1036,87,18.0,37,0.5,1.0,0.2,0,0.5,10,9.5,10,rrt_20260806_232731_971.png
20260806_232733_973,2026-08-06 23:27:33,False,10000,145,0.0,0,0.5,1.0,0.2,0,0.5,10,9.5,10,rrt_20260806_232733_973.png
20260806_232735_996,2026-08-06 23:27:35,False,10000,143,0.0,0,0.5,1.0,0.2,0,0.5,10,9.5,10,rrt_20260806_232735_996.png
20260806_232736_226,2026-08-06 23:27:36,True,435,35,14.994081393673152,30,0.52,0.1,0.2,0,0.5,10,9.5,10,rrt_20260806_232736_226.png
20260806_232736_380,2026-08-06 23:27:36,True,280,37,15.030832258158222,30,0.52,0.1,0.2,0,0.5,10,9.5,10,rrt_20260806_232736_380.png
20260806_232737_248,2026-08-06 23:27:37,True,8183,94,15.430191832937789,31,0.52,0.1,0.2,0,0.5,10,9.5,10,rrt_20260806_232737_248.png
20260806_232737_493,2026-08-06 23:27:37,True,238,36,15.5270854685843,31,0.52,0.1,0.2,0,0.5,10,9.5,10,rrt_20260806_232737_493.png
20260806_232737_770,2026-08-06 23:27:37,True,1559,63,18.199999999999992,36,0.52,0.1,0.2,0,0.5,10,9.5,10,rrt_20260806_232737_770.png
20260806_232737_990,2026-08-06 23:27:37,True,798,43,15.363865181470057,31,0.52,0.1,0.2,0,0.5,10,9.5,10,rrt_20260806_232737_990.png
20260806_232738_224,2026-08-06 23:27:38,True,1134,55,18.199999999999996,36,0.52,0.1,0.2,0,0.5,10,9.5,10,rrt_20260806_232738_224.png
20260806_232738_495,2026-08-06 23:27:38,True,1737,58,17.159999999999993,34,0.52,0.1,0.2,0,0.5,10,9.5,10,rrt_20260806_232738_495.png
20260806_232739_955,2026-08-06 23:27:39,False,10000,115,0.0,0,0.52,0.1,0.2,0,0.5,10,9.5,10,rrt_20260806_232739_955.png
20260806_232740_191,2026-08-06 23:27:40,True,586,41,15.599999999999993,31,0.52,0.1,0.2,0,0.5,10,9.5,10,rrt_20260806_232740_191.png
20260806_232740_345,2026-08-06 23:27:40,True,209,37,15.412520192573576,31,0.52,0.1,0.2,0,0.5,10,9.5,10,rrt_20260806_232740_345.png
20260806_232741_040,2026-08-06 23:27:41,False,10000,42,0.0,0,0.52,0.1,0.2,0,0.5,10,9.5,10,rrt_20260806_232741_040.png
20260806_232741_889,2026-08-06 23:27:41,False,10000,50,0.0,0,0.52,0.1,0.2,0,0.5,10,9.5,10,rrt_20260806_232741_889.png
20260806_232742_375,2026-08-06 23:27:42,True,4369,69,19.23999999999999,38,0.52,0.1,0.2,0,0.5,10,9.5,10,rrt_20260806_232742_375.png
20260806_232743_194,2026-08-06 23:27:43,False,10000,48,0.0,0,0.52,0.1,0.2,0,0.5,10,9.5,10,rrt_20260806_232743_194.png
20260806_232743_389,2026-08-06 23:27:43,True,345,34,15.080000000000002,30,0.52,0.1,0.2,0,0.5,10,9.5,10,rrt_20260806_232743_389.png
20260806_232743_594,2026-08-06 23:27:43,True,1184,54,16.639999999999993,33,0.52,0.1,0.2,0,0.5,10,9.5,10,rrt_20260806_232743_594.png
20260806_232743_833,2026-08-06 23:27:43,True,1086,57,17.37806664180456,35,0.52,0.1,0.2,0,0.5,10,9.5,10,rrt_20260806_232743_833.png
20260806_232745_199,2026-08-06 23:27:45,False,10000,115,0.0,0,0.52,0.1,0.2,0,0.5,10,9.5,10,rrt_20260806_232745_199.png
20260806_232745_471,2026-08-06 23:27:45,True,519,37,15.857493071018053,32,0.52,0.1,0.2,0,0.5,10,9.5,10,rrt_20260806_232745_471.png
20260806_232745_659,2026-08-06 23:27:45,True,689,42,15.080000000000004,30,0.52,0.1,0.2,0,0.5,10,9.5,10,rrt_20260806_232745_659.png
20260806_232745_842,2026-08-06 23:27:45,True,268,32,14.92762793058553,30,0.52,0.1,0.2,0,0.5,10,9.5,10,rrt_20260806_232745_842.png
20260806_232746_012,2026-08-06 23:27:46,True,547,43,15.493960101422136,31,0.52,0.1,0.2,0,0.5,10,9.5,10,rrt_20260806_232746_012.png
20260806_232747_484,2026-08-06 23:27:47,False,10000,106,0.0,0,0.52,0.1,0.2,0,0.5,10,9.5,10,rrt_20260806_232747_484.png
20260806_232748_417,2026-08-06 23:27:48,False,10000,51,0.0,0,0.52,0.1,0.2,0,0.5,10,9.5,10,rrt_20260806_232748_417.png
20260806_232749_517,2026-08-06 23:27:49,False,10000,51,0.0,0,0.52,0.1,0.2,0,0.5,10,9.5,10,rrt_20260806_232749_517.png
20260806_232749_977,2026-08-06 23:27:49,True,3372,80,18.534336132517275,37,0.52,0.1,0.2,0,0.5,10,9.5,10,rrt_20260806_232749_977.png
20260806_232750_173,2026-08-06 23:27:50,True,606,43,16.615876308973164,33,0.52,0.1,0.2,0,0.5,10,9.5,10,rrt_20260806_232750_173.png
20260806_232750_346,2026-08-06 23:27:50,True,634,45,17.060656271300005,34,0.52,0.1,0.2,0,0.5,10,9.5,10,rrt_20260806_232750_346.png
20260806_232750_536,2026-08-06 23:27:50,True,441,35,15.40329065913267,31,0.52,0.1,0.2,0,0.5,10,9.5,10,rrt_20260806_232750_536.png
20260806_232750_795,2026-08-06 23:27:50,True,1824,61,18.16444744811542,36,0.52,0.1,0.2,0,0.5,10,9.5,10,rrt_20260806_232750_795.png
20260806_232750_972,2026-08-06 23:27:50,True,511,41,15.581077227857833,31,0.52,0.1,0.2,0,0.5,10,9.5,10,rrt_20260806_232750_972.png
20260806_232751_799,2026-08-06 23:27:51,False,10000,50,0.0,0,0.52,0.1,0.2,0,0.5,10,9.5,10,rrt_20260806_232751_799.png
20260806_232752_835,2026-08-06 23:27:52,False,10000,76,0.0,0,0.52,0.1,0.2,0,0.5,10,9.5,10,rrt_20260806_232752_835.png
20260806_232754_017,2026-08-06 23:27:54,False,10000,63,0.0,0,0.52,0.1,0.2,0,0.5,10,9.5,10,rrt_20260806_232754_017.png
20260806_232754_242,2026-08-06 23:27:54,True,264,35,15.35476128034898,31,0.52,0.1,0.2,0,0.5,10,9.5,10,rrt_20260806_232754_242.png
20260806_232754_952,2026-08-06 23:27:54,False,10000,50,0.0,0,0.52,0.1,0.2,0,0.5,10,9.5,10,rrt_20260806_232754_952.png
20260806_232755_251,2026-08-06 23:27:55,True,1422,44,15.079999999999998,30,0.52,0.1,0.2,0,0.5,10,9.5,10,rrt_20260806_232755_251.png
20260806_232755_443,2026-08-06 23:27:55,True,922,43,15.869550976889933,32,0.52,0.1,0.2,0,0.5,10,9.5,10,rrt_20260806_232755_443.png
20260806_232755_616,2026-08-06 23:27:55,True,394,44,15.927611705956325,32,0.52,0.1,0.2,0,0.5,10,9.5,10,rrt_20260806_232755_616.png
20260806_232755_829,2026-08-06 23:27:55,True,655,47,17.159999999999993,34,0.52,0.1,0.2,0,0.5,10,9.5,10,rrt_20260806_232755_829.png
20260806_232756_006,2026-08-06 23:27:56,True,413,43,15.58527126219064,31,0.52,0.1,0.2,0,0.5,10,9.5,10,rrt_20260806_232756_006.png
20260806_232756_158,2026-08-06 23:27:56,True,242,31,14.559999999999993,29,0.52,0.1,0.2,0,0.5,10,9.5,10,rrt_20260806_232756_158.png
20260806_232757_232,2026-08-06 23:27:57,False,10000,53,0.0,0,0.52,0.1,0.2,0,0.5,10,9.5,10,rrt_20260806_232757_232.png
20260806_232757_441,2026-08-06 23:27:57,True,344,40,15.87071068931757,32,0.52,0.1,0.2,0,0.5,10,9.5,10,rrt_20260806_232757_441.png
20260806_232757_696,2026-08-06 23:27:57,True,1872,63,18.111135523954506,36,0.52,0.1,0.2,0,0.5,10,9.5,10,rrt_20260806_232757_696.png
20260806_232758_115,2026-08-06 23:27:58,True,2531,72,19.59533691522673,39,0.52,0.1,0.2,0,0.5,10,9.5,10,rrt_20260806_232758_115.png
20260806_232758_299,2026-08-06 23:27:58,True,514,44,16.639999999999993,33,0.52,0.1,0.2,0,0.5,10,9.5,10,rrt_20260806_232758_299.png
20260806_232758_464,2026-08-06 23:27:58,True,387,42,14.77479778828515,30,0.52,0.1,0.2,0,0.5,10,9.5,10,rrt_20260806_232758_464.png
20260806_232758_615,2026-08-06 23:27:58,True,171,35,14.56,29,0.52,0.1,0.2,0,0.5,10,9.5,10,rrt_20260806_232758_615.png
20260806_232758_940,2026-08-06 23:27:58,True,2627,53,15.079999999999998,30,0.52,0.1,0.2,0,0.5,10,9.5,10,rrt_20260806_232758_940.png
20260806_232759_471,2026-08-06 23:27:59,True,6718,63,16.639999999999997,33,0.52,0.1,0.2,0,0.5,10,9.5,10,rrt_20260806_232759_471.png
20260806_232759_724,2026-08-06 23:27:59,True,301,39,15.423013220379374,31,0.52,0.1,0.2,0,0.5,10,9.5,10,rrt_20260806_232759_724.png
20260806_232759_887,2026-08-06 23:27:59,True,553,39,15.597326604946577,31,0.52,0.1,0.2,0,0.5,10,9.5,10,rrt_20260806_232759_887.png
20260806_232800_045,2026-08-06 23:28:00,True,283,35,15.821994897398923,32,0.52,0.1,0.2,0,0.5,10,9.5,10,rrt_20260806_232800_045.png
20260806_232800_221,2026-08-06 23:28:00,True,308,40,14.821670954712403,30,0.52,0.1,0.2,0,0.5,10,9.5,10,rrt_20260806_232800_221.png
20260806_232800_473,2026-08-06 23:28:00,True,1623,64,16.119999999999997,32,0.52,0.1,0.2,0,0.5,10,9.5,10,rrt_20260806_232800_473.png
20260806_232801_302,2026-08-06 23:28:01,False,10000,52,0.0,0,0.52,0.1,0.2,0,0.5,10,9.5,10,rrt_20260806_232801_302.png
20260806_232801_532,2026-08-06 23:28:01,True,415,37,15.329674115149352,31,0.52,0.1,0.2,0,0.5,10,9.5,10,rrt_20260806_232801_532.png
20260806_232801_703,2026-08-06 23:28:01,True,279,34,15.079999999999998,30,0.52,0.1,0.2,0,0.5,10,9.5,10,rrt_20260806_232801_703.png
20260806_232802_320,2026-08-06 23:28:02,True,5459,85,19.213581321070468,38,0.52,0.1,0.2,0,0.5,10,9.5,10,rrt_20260806_232802_320.png
20260806_232802_640,2026-08-06 23:28:02,True,1843,56,15.350698177162394,31,0.52,0.1,0.2,0,0.5,10,9.5,10,rrt_20260806_232802_640.png
20260806_232803_048,2026-08-06 23:28:03,True,3173,69,15.572127551791043,31,0.52,0.1,0.2,0,0.5,10,9.5,10,rrt_20260806_232803_048.png
20260806_232803_515,2026-08-06 23:28:03,True,3966,79,17.0329758951359,34,0.52,0.1,0.2,0,0.5,10,9.5,10,rrt_20260806_232803_515.png
20260806_232803_731,2026-08-06 23:28:03,True,263,35,16.119999999999997,32,0.52,0.1,0.2,0,0.5,10,9.5,10,rrt_20260806_232803_731.png
20260806_232803_926,2026-08-06 23:28:03,True,741,40,15.54188573809784,31,0.52,0.1,0.2,0,0.5,10,9.5,10,rrt_20260806_232803_926.png
20260806_232804_147,2026-08-06 23:28:04,True,1663,53,16.59632961769327,33,0.52,0.1,0.2,0,0.5,10,9.5,10,rrt_20260806_232804_147.png
20260806_232804_986,2026-08-06 23:28:04,False,10000,54,0.0,0,0.52,0.1,0.2,0,0.5,10,9.5,10,rrt_20260806_232804_986.png
20260806_232806_040,2026-08-06 23:28:06,False,10000,52,0.0,0,0.52,0.1,0.2,0,0.5,10,9.5,10,rrt_20260806_232806_040.png
20260806_232807_442,2026-08-06 23:28:07,False,10000,102,0.0,0,0.52,0.1,0.2,0,0.5,10,9.5,10,rrt_20260806_232807_442.png
20260806_232808_830,2026-08-06 23:28:08,False,10000,96,0.0,0,0.52,0.1,0.2,0,0.5,10,9.5,10,rrt_20260806_232808_830.png
20260806_232810_120,2026-08-06 23:28:10,False,10000,75,0.0,0,0.52,0.1,0.2,0,0.5,10,9.5,10,rrt_20260806_232810_120.png
20260806_232811_451,2026-08-06 23:28:11,False,10000,105,0.0,0,0.52,0.1,0.2,0,0.5,10,9.5,10,rrt_20260806_232811_451.png
20260806_232811_710,2026-08-06 23:28:11,True,376,35,15.599999999999994,31,0.52,0.1,0.2,0,0.5,10,9.5,10,rrt_20260806_232811_710.png
20260806_232812_078,2026-08-06 23:28:12,True,3342,73,19.75999999999999,39,0.52,0.1,0.2,0,0.5,10,9.5,10,rrt_20260806_232812_078.png
20260806_232813_165,2026-08-06 23:28:13,False,10000,52,0.0,0,0.52,0.1,0.2,0,0.5,10,9.5,10,rrt_20260806_232813_165.png
20260806_232813_890,2026-08-06 23:28:13,True,6391,79,21.526843376556315,43,0.52,0.1,0.2,0,0.5,10,9.5,10,rrt_20260806_232813_890.png
20260806_232814_087,2026-08-06 23:28:14,True,281,37,15.370579068918005,31,0.52,0.1,0.2,0,0.5,10,9.5,10,rrt_20260806_232814_087.png
20260806_232814_290,2026-08-06 23:28:14,True,313,40,15.509496274336966,31,0.52,0.1,0.2,0,0.5,10,9.5,10,rrt_20260806_232814_290.png
20260806_232814_472,2026-08-06 23:28:14,True,149,36,14.559999999999995,29,0.52,0.1,0.2,0,0.5,10,9.5,10,rrt_20260806_232814_472.png
20260806_232814_635,2026-08-06 23:28:14,True,148,33,14.887424403840965,30,0.52,0.1,0.2,0,0.5,10,9.5,10,rrt_20260806_232814_635.png
20260806_232814_828,2026-08-06 23:28:14,True,620,45,15.361902471015716,31,0.52,0.1,0.2,0,0.5,10,9.5,10,rrt_20260806_232814_828.png
20260806_232815_640,2026-08-06 23:28:15,False,10000,52,0.0,0,0.52,0.1,0.2,0,0.5,10,9.5,10,rrt_20260806_232815_640.png
20260806_232815_884,2026-08-06 23:28:15,True,738,43,15.079999999999995,30,0.52,0.1,0.2,0,0.5,10,9.5,10,rrt_20260806_232815_884.png
20260806_232817_027,2026-08-06 23:28:17,False,10000,95,0.0,0,0.52,0.1,0.2,0,0.5,10,9.5,10,rrt_20260806_232817_027.png
20260806_232817_255,2026-08-06 23:28:17,True,502,41,16.119999999999994,32,0.52,0.1,0.2,0,0.5,10,9.5,10,rrt_20260806_232817_255.png
20260806_232818_556,2026-08-06 23:28:18,False,10000,133,0.0,0,0.52,0.1,0.2,0,0.5,10,9.5,10,rrt_20260806_232818_556.png
20260806_232818_824,2026-08-06 23:28:18,True,1126,51,15.492168913059384,31,0.52,0.1,0.2,0,0.5,10,9.5,10,rrt_20260806_232818_824.png
20260806_232819_024,2026-08-06 23:28:19,True,497,40,16.12,32,0.52,0.1,0.2,0,0.5,10,9.5,10,rrt_20260806_232819_024.png
20260806_232819_368,2026-08-06 23:28:19,True,2219,85,19.239999999999995,38,0.52,0.1,0.2,0,0.5,10,9.5,10,rrt_20260806_232819_368.png
20260806_232819_844,2026-08-06 23:28:19,True,3832,63,15.599999999999994,31,0.52,0.1,0.2,0,0.5,10,9.5,10,rrt_20260806_232819_844.png
20260806_232820_081,2026-08-06 23:28:20,True,502,37,15.485755696788749,31,0.52,0.1,0.2,0,0.5,10,9.5,10,rrt_20260806_232820_081.png
20260806_232820_251,2026-08-06 23:28:20,True,185,36,15.455368119690156,31,0.52,0.1,0.2,0,0.5,10,9.5,10,rrt_20260806_232820_251.png
20260806_232821_016,2026-08-06 23:28:21,False,10000,40,0.0,0,0.52,0.1,0.2,0,0.5,10,9.5,10,rrt_20260806_232821_016.png
20260806_232821_297,2026-08-06 23:28:21,True,390,38,15.08,30,0.52,0.1,0.2,0,0.5,10,9.5,10,rrt_20260806_232821_297.png
20260806_232821_464,2026-08-06 23:28:21,True,352,41,15.599999999999996,31,0.52,0.1,0.2,0,0.5,10,9.5,10,rrt_20260806_232821_464.png
20260806_232821_699,2026-08-06 23:28:21,True,259,36,16.07715342139469,32,0.52,0.1,0.2,0,0.5,10,9.5,10,rrt_20260806_232821_699.png
20260806_232822_800,2026-08-06 23:28:22,False,10000,53,0.0,0,0.52,0.1,0.2,0,0.5,10,9.5,10,rrt_20260806_232822_800.png
20260806_232823_009,2026-08-06 23:28:23,True,333,32,14.912933135316383,30,0.52,0.1,0.2,0,0.5,10,9.5,10,rrt_20260806_232823_009.png
20260806_232823_263,2026-08-06 23:28:23,True,1940,66,16.639999999999993,33,0.52,0.1,0.2,0,0.5,10,9.5,10,rrt_20260806_232823_263.png
20260806_232823_442,2026-08-06 23:28:23,True,386,44,16.36389996604917,33,0.52,0.2,0.2,0,0.5,10,9.5,10,rrt_20260806_232823_442.png
20260806_232823_644,2026-08-06 23:28:23,True,176,41,15.079999999999995,30,0.52,0.2,0.2,0,0.5,10,9.5,10,rrt_20260806_232823_644.png
20260806_232823_818,2026-08-06 23:28:23,True,200,37,15.599999999999998,31,0.52,0.2,0.2,0,0.5,10,9.5,10,rrt_20260806_232823_818.png
20260806_232823_970,2026-08-06 23:28:23,True,173,37,14.786761541861512,30,0.52,0.2,0.2,0,0.5,10,9.5,10,rrt_20260806_232823_970.png
20260806_232824_136,2026-08-06 23:28:24,True,352,49,15.417830312124652,31,0.52,0.2,0.2,0,0.5,10,9.5,10,rrt_20260806_232824_136.png
20260806_232824_319,2026-08-06 23:28:24,True,184,38,15.388398437102383,31,0.52,0.2,0.2,0,0.5,10,9.5,10,rrt_20260806_232824_319.png
20260806_232824_468,2026-08-06 23:28:24,True,123,34,15.599999999999994,31,0.52,0.2,0.2,0,0.5,10,9.5,10,rrt_20260806_232824_468.png
20260806_232825_457,2026-08-06 23:28:25,False,10000,42,0.0,0,0.52,0.2,0.2,0,0.5,10,9.5,10,rrt_20260806_232825_457.png
20260806_232825_658,2026-08-06 23:28:25,True,179,33,14.796978693749303,30,0.52,0.2,0.2,0,0.5,10,9.5,10,rrt_20260806_232825_658.png
20260806_232826_519,2026-08-06 23:28:26,False,10000,51,0.0,0,0.52,0.2,0.2,0,0.5,10,9.5,10,rrt_20260806_232826_519.png
20260806_232827_608,2026-08-06 23:28:27,False,10000,51,0.0,0,0.52,0.2,0.2,0,0.5,10,9.5,10,rrt_20260806_232827_608.png
20260806_232827_954,2026-08-06 23:28:27,True,1911,69,17.42505721420224,35,0.52,0.2,0.2,0,0.5,10,9.5,10,rrt_20260806_232827_954.png
20260806_232828_150,2026-08-06 23:28:28,True,296,40,15.599999999999996,31,0.52,0.2,0.2,0,0.5,10,9.5,10,rrt_20260806_232828_150.png
20260806_232828_297,2026-08-06 23:28:28,True,110,34,14.559999999999995,29,0.52,0.2,0.2,0,0.5,10,9.5,10,rrt_20260806_232828_297.png
20260806_232828_494,2026-08-06 23:28:28,True,386,44,15.545239383629584,31,0.52,0.2,0.2,0,0.5,10,9.5,10,rrt_20260806_232828_494.png
20260806_232828_651,2026-08-06 23:28:28,True,475,37,16.11175450620889,32,0.52,0.2,0.2,0,0.5,10,9.5,10,rrt_20260806_232828_651.png
20260806_232829_087,2026-08-06 23:28:29,True,3499,75,20.772469059187543,41,0.52,0.2,0.2,0,0.5,10,9.5,10,rrt_20260806_232829_087.png
20260806_232829_274,2026-08-06 23:28:29,True,327,43,14.994211435973224,30,0.52,0.2,0.2,0,0.5,10,9.5,10,rrt_20260806_232829_274.png
20260806_232830_160,2026-08-06 23:28:30,False,10000,48,0.0,0,0.52,0.2,0.2,0,0.5,10,9.5,10,rrt_20260806_232830_160.png
20260806_232830_426,2026-08-06 23:28:30,True,1245,58,15.874054102001457,32,0.52,0.2,0.2,0,0.5,10,9.5,10,rrt_20260806_232830_426.png
20260806_232830_584,2026-08-06 23:28:30,True,69,34,14.772365173374272,30,0.52,0.2,0.2,0,0.5,10,9.5,10,rrt_20260806_232830_584.png
20260806_232830_748,2026-08-06 23:28:30,True,475,45,15.079999999999995,30,0.52,0.2,0.2,0,0.5,10,9.5,10,rrt_20260806_232830_748.png
20260806_232830_931,2026-08-06 23:28:30,True,489,63,16.634453989591997,33,0.52,0.2,0.2,0,0.5,10,9.5,10,rrt_20260806_232830_931.png
20260806_232831_150,2026-08-06 23:28:31,True,374,41,15.854071716800773,32,0.52,0.2,0.2,0,0.5,10,9.5,10,rrt_20260806_232831_150.png
20260806_232831_302,2026-08-06 23:28:31,True,142,37,15.42071054705206,31,0.52,0.2,0.2,0,0.5,10,9.5,10,rrt_20260806_232831_302.png
20260806_232831_482,2026-08-06 23:28:31,True,184,38,16.10824668121501,32,0.52,0.2,0.2,0,0.5,10,9.5,10,rrt_20260806_232831_482.png
20260806_232831_657,2026-08-06 23:28:31,True,402,55,17.388409808514453,35,0.52,0.2,0.2,0,0.5,10,9.5,10,rrt_20260806_232831_657.png
20260806_232831_816,2026-08-06 23:28:31,True,152,38,15.079999999999995,30,0.52,0.2,0.2,0,0.5,10,9.5,10,rrt_20260806_232831_816.png
20260806_232831_972,2026-08-06 23:28:31,True,227,38,14.972241429483791,30,0.52,0.2,0.2,0,0.5,10,9.5,10,rrt_20260806_232831_972.png
20260806_232832_126,2026-08-06 23:28:32,True,244,40,15.599999999999994,31,0.52,0.2,0.2,0,0.5,10,9.5,10,rrt_20260806_232832_126.png
20260806_232832_332,2026-08-06 23:28:32,True,734,60,18.71999999999999,37,0.52,0.2,0.2,0,0.5,10,9.5,10,rrt_20260806_232832_332.png
20260806_232833_217,2026-08-06 23:28:33,False,10000,50,0.0,0,0.52,0.2,0.2,0,0.5,10,9.5,10,rrt_20260806_232833_217.png
20260806_232833_529,2026-08-06 23:28:33,True,1197,62,18.199999999999992,36,0.52,0.2,0.2,0,0.5,10,9.5,10,rrt_20260806_232833_529.png
20260806_232833_727,2026-08-06 23:28:33,True,549,61,16.119999999999994,32,0.52,0.2,0.2,0,0.5,10,9.5,10,rrt_20260806_232833_727.png
20260806_232833_958,2026-08-06 23:28:33,True,1059,68,15.992498720776425,32,0.52,0.2,0.2,0,0.5,10,9.5,10,rrt_20260806_232833_958.png
20260806_232835_546,2026-08-06 23:28:35,False,10000,115,0.0,0,0.52,0.2,0.2,0,0.5,10,9.5,10,rrt_20260806_232835_546.png
20260806_232835_766,2026-08-06 23:28:35,True,166,39,15.373768062687681,31,0.52,0.2,0.2,0,0.5,10,9.5,10,rrt_20260806_232835_766.png
20260806_232837_122,2026-08-06 23:28:37,False,10000,80,0.0,0,0.52,0.2,0.2,0,0.5,10,9.5,10,rrt_20260806_232837_122.png
20260806_232837_344,2026-08-06 23:28:37,True,326,37,15.533679013908886,31,0.52,0.2,0.2,0,0.5,10,9.5,10,rrt_20260806_232837_344.png
20260806_232837_506,2026-08-06 23:28:37,True,260,37,15.012364659866527,30,0.52,0.2,0.2,0,0.5,10,9.5,10,rrt_20260806_232837_506.png
20260806_232837_663,2026-08-06 23:28:37,True,210,40,15.080000000000002,30,0.52,0.2,0.2,0,0.5,10,9.5,10,rrt_20260806_232837_663.png
20260806_232837_840,2026-08-06 23:28:37,True,295,46,15.941578273298987,32,0.52,0.2,0.2,0,0.5,10,9.5,10,rrt_20260806_232837_840.png
20260806_232837_999,2026-08-06 23:28:37,True,246,39,15.599999999999998,31,0.52,0.2,0.2,0,0.5,10,9.5,10,rrt_20260806_232837_999.png
20260806_232838_205,2026-08-06 23:28:38,True,308,45,14.862405368182777,30,0.52,0.2,0.2,0,0.5,10,9.5,10,rrt_20260806_232838_205.png
20260806_232838_377,2026-08-06 23:28:38,True,231,43,15.31537713968409,31,0.52,0.2,0.2,0,0.5,10,9.5,10,rrt_20260806_232838_377.png
20260806_232838_537,2026-08-06 23:28:38,True,116,33,14.56,29,0.52,0.2,0.2,0,0.5,10,9.5,10,rrt_20260806_232838_537.png
20260806_232838_726,2026-08-06 23:28:38,True,238,41,14.786217301696752,30,0.52,0.2,0.2,0,0.5,10,9.5,10,rrt_20260806_232838_726.png
20260806_232839_221,2026-08-06 23:28:39,True,3828,87,19.759999999999994,39,0.52,0.2,0.2,0,0.5,10,9.5,10,rrt_20260806_232839_221.png
20260806_232839_525,2026-08-06 23:28:39,True,1307,70,16.639999999999997,33,0.52,0.2,0.2,0,0.5,10,9.5,10,rrt_20260806_232839_525.png
20260806_232839_709,2026-08-06 23:28:39,True,252,39,15.43903073152417,31,0.52,0.2,0.2,0,0.5,10,9.5,10,rrt_20260806_232839_709.png
20260806_232839_985,2026-08-06 23:28:39,True,919,53,18.546126959807214,37,0.52,0.2,0.2,0,0.5,10,9.5,10,rrt_20260806_232839_985.png
20260806_232840_159,2026-08-06 23:28:40,True,158,38,14.337046959258522,29,0.52,0.2,0.2,0,0.5,10,9.5,10,rrt_20260806_232840_159.png
20260806_232841_125,2026-08-06 23:28:41,False,10000,41,0.0,0,0.52,0.2,0.2,0,0.5,10,9.5,10,rrt_20260806_232841_125.png
20260806_232841_350,2026-08-06 23:28:41,True,573,45,16.050860940198117,32,0.52,0.2,0.2,0,0.5,10,9.5,10,rrt_20260806_232841_350.png
20260806_232841_502,2026-08-06 23:28:41,True,139,38,16.05447800775917,32,0.52,0.2,0.2,0,0.5,10,9.5,10,rrt_20260806_232841_502.png
20260806_232841_695,2026-08-06 23:28:41,True,721,50,15.599999999999994,31,0.52,0.2,0.2,0,0.5,10,9.5,10,rrt_20260806_232841_695.png
20260806_232843_147,2026-08-06 23:28:43,False,10000,102,0.0,0,0.52,0.2,0.2,0,0.5,10,9.5,10,rrt_20260806_232843_147.png
20260806_232844_344,2026-08-06 23:28:44,False,10000,61,0.0,0,0.52,0.2,0.2,0,0.5,10,9.5,10,rrt_20260806_232844_344.png
20260806_232845_258,2026-08-06 23:28:45,False,10000,49,0.0,0,0.52,0.2,0.2,0,0.5,10,9.5,10,rrt_20260806_232845_258.png
20260806_232845_624,2026-08-06 23:28:45,True,2160,74,22.27799321379335,44,0.52,0.2,0.2,0,0.5,10,9.5,10,rrt_20260806_232845_624.png
20260806_232845_849,2026-08-06 23:28:45,True,171,40,15.079999999999997,30,0.52,0.2,0.2,0,0.5,10,9.5,10,rrt_20260806_232845_849.png
20260806_232845_999,2026-08-06 23:28:46,True,117,36,15.079999999999993,30,0.52,0.2,0.2,0,0.5,10,9.5,10,rrt_20260806_232845_999.png
20260806_232847_390,2026-08-06 23:28:47,False,10000,102,0.0,0,0.52,0.2,0.2,0,0.5,10,9.5,10,rrt_20260806_232847_390.png
20260806_232847_619,2026-08-06 23:28:47,True,449,47,15.577074484640132,31,0.52,0.2,0.2,0,0.5,10,9.5,10,rrt_20260806_232847_619.png
20260806_232847_774,2026-08-06 23:28:47,True,182,34,14.56,29,0.52,0.2,0.2,0,0.5,10,9.5,10,rrt_20260806_232847_774.png
20260806_232847_923,2026-08-06 23:28:47,True,136,34,14.761986487703307,30,0.52,0.2,0.2,0,0.5,10,9.5,10,rrt_20260806_232847_923.png
20260806_232848_103,2026-08-06 23:28:48,True,182,39,14.914654800356072,30,0.52,0.2,0.2,0,0.5,10,9.5,10,rrt_20260806_232848_103.png
20260806_232848_293,2026-08-06 23:28:48,True,237,41,15.971717035104911,32,0.52,0.2,0.2,0,0.5,10,9.5,10,rrt_20260806_232848_293.png
20260806_232848_450,2026-08-06 23:28:48,True,242,47,15.364079598054593,31,0.52,0.2,0.2,0,0.5,10,9.5,10,rrt_20260806_232848_450.png
20260806_232848_640,2026-08-06 23:28:48,True,775,51,15.079999999999997,30,0.52,0.2,0.2,0,0.5,10,9.5,10,rrt_20260806_232848_640.png
20260806_232848_802,2026-08-06 23:28:48,True,242,34,15.492502946538021,31,0.52,0.2,0.2,0,0.5,10,9.5,10,rrt_20260806_232848_802.png
20260806_232848_958,2026-08-06 23:28:48,True,197,37,15.079999999999998,30,0.52,0.2,0.2,0,0.5,10,9.5,10,rrt_20260806_232848_958.png
20260806_232849_118,2026-08-06 23:28:49,True,374,39,15.080000000000002,30,0.52,0.2,0.2,0,0.5,10,9.5,10,rrt_20260806_232849_118.png
20260806_232849_327,2026-08-06 23:28:49,True,535,48,15.599999999999993,31,0.52,0.2,0.2,0,0.5,10,9.5,10,rrt_20260806_232849_327.png
20260806_232849_485,2026-08-06 23:28:49,True,97,36,15.599999999999994,31,0.52,0.2,0.2,0,0.5,10,9.5,10,rrt_20260806_232849_485.png
20260806_232849_632,2026-08-06 23:28:49,True,70,35,15.079999999999995,30,0.52,0.2,0.2,0,0.5,10,9.5,10,rrt_20260806_232849_632.png
20260806_232849_845,2026-08-06 23:28:49,True,438,51,15.328840075013279,31,0.52,0.2,0.2,0,0.5,10,9.5,10,rrt_20260806_232849_845.png
20260806_232850_054,2026-08-06 23:28:50,True,536,43,15.843709284972975,32,0.52,0.2,0.2,0,0.5,10,9.5,10,rrt_20260806_232850_054.png
20260806_232850_267,2026-08-06 23:28:50,True,650,54,14.988467583819945,30,0.52,0.2,0.2,0,0.5,10,9.5,10,rrt_20260806_232850_267.png
20260806_232850_441,2026-08-06 23:28:50,True,279,38,15.600000000000001,31,0.52,0.2,0.2,0,0.5,10,9.5,10,rrt_20260806_232850_441.png
20260806_232850_631,2026-08-06 23:28:50,True,305,37,15.079999999999995,30,0.52,0.2,0.2,0,0.5,10,9.5,10,rrt_20260806_232850_631.png
20260806_232850_828,2026-08-06 23:28:50,True,283,42,15.341650708416452,31,0.52,0.2,0.2,0,0.5,10,9.5,10,rrt_20260806_232850_828.png
20260806_232851_802,2026-08-06 23:28:51,False,10000,41,0.0,0,0.52,0.2,0.2,0,0.5,10,9.5,10,rrt_20260806_232851_802.png
20260806_232852_019,2026-08-06 23:28:52,True,533,42,15.281295745786881,31,0.52,0.2,0.2,0,0.5,10,9.5,10,rrt_20260806_232852_019.png
20260806_232853_211,2026-08-06 23:28:53,False,10000,63,0.0,0,0.52,0.2,0.2,0,0.5,10,9.5,10,rrt_20260806_232853_211.png
20260806_232854_195,2026-08-06 23:28:54,False,10000,61,0.0,0,0.52,0.2,0.2,0,0.5,10,9.5,10,rrt_20260806_232854_195.png
20260806_232854_413,2026-08-06 23:28:54,True,326,48,16.922235961639334,34,0.52,0.2,0.2,0,0.5,10,9.5,10,rrt_20260806_232854_413.png
20260806_232856_138,2026-08-06 23:28:56,False,10000,150,0.0,0,0.52,0.2,0.2,0,0.5,10,9.5,10,rrt_20260806_232856_138.png
20260806_232857_046,2026-08-06 23:28:57,False,10000,49,0.0,0,0.52,0.2,0.2,0,0.5,10,9.5,10,rrt_20260806_232857_046.png
20260806_232857_251,2026-08-06 23:28:57,True,179,40,15.338466197712261,31,0.52,0.2,0.2,0,0.5,10,9.5,10,rrt_20260806_232857_251.png
20260806_232858_118,2026-08-06 23:28:58,False,10000,51,0.0,0,0.52,0.2,0.2,0,0.5,10,9.5,10,rrt_20260806_232858_118.png
20260806_232858_332,2026-08-06 23:28:58,True,73,31,15.017114878473906,30,0.52,0.2,0.2,0,0.5,10,9.5,10,rrt_20260806_232858_332.png
20260806_232858_485,2026-08-06 23:28:58,True,172,37,15.018299146972643,30,0.52,0.2,0.2,0,0.5,10,9.5,10,rrt_20260806_232858_485.png
20260806_232858_697,2026-08-06 23:28:58,True,846,75,15.951178019734245,32,0.52,0.2,0.2,0,0.5,10,9.5,10,rrt_20260806_232858_697.png
20260806_232858_887,2026-08-06 23:28:58,True,167,36,14.90620609595303,30,0.52,0.2,0.2,0,0.5,10,9.5,10,rrt_20260806_232858_887.png
20260806_232859_038,2026-08-06 23:28:59,True,175,36,15.079999999999995,30,0.52,0.2,0.2,0,0.5,10,9.5,10,rrt_20260806_232859_038.png
20260806_232859_285,2026-08-06 23:28:59,True,904,72,17.055512727770108,34,0.52,0.2,0.2,0,0.5,10,9.5,10,rrt_20260806_232859_285.png
20260806_232900_806,2026-08-06 23:29:00,False,10000,111,0.0,0,0.52,0.2,0.2,0,0.5,10,9.5,10,rrt_20260806_232900_806.png
20260806_232901_025,2026-08-06 23:29:01,True,191,42,15.080000000000002,30,0.52,0.2,0.2,0,0.5,10,9.5,10,rrt_20260806_232901_025.png
20260806_232901_174,2026-08-06 23:29:01,True,168,33,14.559999999999995,29,0.52,0.2,0.2,0,0.5,10,9.5,10,rrt_20260806_232901_174.png
20260806_232901_328,2026-08-06 23:29:01,True,107,41,15.565271033847862,31,0.52,0.3,0.2,0,0.5,10,9.5,10,rrt_20260806_232901_328.png
20260806_232901_499,2026-08-06 23:29:01,True,415,68,17.592273837635425,35,0.52,0.3,0.2,0,0.5,10,9.5,10,rrt_20260806_232901_499.png
20260806_232902_970,2026-08-06 23:29:02,False,10000,97,0.0,0,0.52,0.3,0.2,0,0.5,10,9.5,10,rrt_20260806_232902_970.png
20260806_232903_201,2026-08-06 23:29:03,True,125,45,16.639999999999997,33,0.52,0.3,0.2,0,0.5,10,9.5,10,rrt_20260806_232903_201.png
20260806_232904_035,2026-08-06 23:29:04,False,10000,48,0.0,0,0.52,0.3,0.2,0,0.5,10,9.5,10,rrt_20260806_232904_035.png
20260806_232904_948,2026-08-06 23:29:04,False,10000,49,0.0,0,0.52,0.3,0.2,0,0.5,10,9.5,10,rrt_20260806_232904_948.png
20260806_232905_161,2026-08-06 23:29:05,True,244,48,15.573673405025646,31,0.52,0.3,0.2,0,0.5,10,9.5,10,rrt_20260806_232905_161.png
20260806_232906_152,2026-08-06 23:29:06,False,10000,42,0.0,0,0.52,0.3,0.2,0,0.5,10,9.5,10,rrt_20260806_232906_152.png
20260806_232906_354,2026-08-06 23:29:06,True,302,48,16.639999999999997,33,0.52,0.3,0.2,0,0.5,10,9.5,10,rrt_20260806_232906_354.png
20260806_232906_521,2026-08-06 23:29:06,True,312,53,18.199999999999992,36,0.52,0.3,0.2,0,0.5,10,9.5,10,rrt_20260806_232906_521.png
20260806_232906_686,2026-08-06 23:29:06,True,164,40,16.959538217502573,34,0.52,0.3,0.2,0,0.5,10,9.5,10,rrt_20260806_232906_686.png
20260806_232906_908,2026-08-06 23:29:06,True,104,32,15.080000000000002,30,0.52,0.3,0.2,0,0.5,10,9.5,10,rrt_20260806_232906_908.png
20260806_232907_129,2026-08-06 23:29:07,True,187,51,16.119999999999994,32,0.52,0.3,0.2,0,0.5,10,9.5,10,rrt_20260806_232907_129.png
20260806_232907_347,2026-08-06 23:29:07,True,206,45,15.365893790160197,31,0.52,0.3,0.2,0,0.5,10,9.5,10,rrt_20260806_232907_347.png
20260806_232907_503,2026-08-06 23:29:07,True,174,43,16.119999999999997,32,0.52,0.3,0.2,0,0.5,10,9.5,10,rrt_20260806_232907_503.png
20260806_232907_686,2026-08-06 23:29:07,True,575,55,17.012551389507376,34,0.52,0.3,0.2,0,0.5,10,9.5,10,rrt_20260806_232907_686.png
20260806_232907_840,2026-08-06 23:29:07,True,105,37,14.825485936811276,30,0.52,0.3,0.2,0,0.5,10,9.5,10,rrt_20260806_232907_840.png
20260806_232908_101,2026-08-06 23:29:08,True,1898,64,15.424212195281555,31,0.52,0.3,0.2,0,0.5,10,9.5,10,rrt_20260806_232908_101.png
20260806_232908_281,2026-08-06 23:29:08,True,450,57,18.199999999999996,36,0.52,0.3,0.2,0,0.5,10,9.5,10,rrt_20260806_232908_281.png
20260806_232908_440,2026-08-06 23:29:08,True,165,46,15.381720349930836,31,0.52,0.3,0.2,0,0.5,10,9.5,10,rrt_20260806_232908_440.png
20260806_232908_631,2026-08-06 23:29:08,True,220,46,16.639999999999993,33,0.52,0.3,0.2,0,0.5,10,9.5,10,rrt_20260806_232908_631.png
20260806_232908_833,2026-08-06 23:29:08,True,114,36,15.080000000000002,30,0.52,0.3,0.2,0,0.5,10,9.5,10,rrt_20260806_232908_833.png
20260806_232909_014,2026-08-06 23:29:09,True,622,63,18.199999999999992,36,0.52,0.3,0.2,0,0.5,10,9.5,10,rrt_20260806_232909_014.png
20260806_232909_209,2026-08-06 23:29:09,True,609,78,18.71149411050591,37,0.52,0.3,0.2,0,0.5,10,9.5,10,rrt_20260806_232909_209.png
20260806_232909_395,2026-08-06 23:29:09,True,146,40,15.380506960490932,31,0.52,0.3,0.2,0,0.5,10,9.5,10,rrt_20260806_232909_395.png
20260806_232909_571,2026-08-06 23:29:09,True,211,47,16.365853259996438,33,0.52,0.3,0.2,0,0.5,10,9.5,10,rrt_20260806_232909_571.png
20260806_232909_736,2026-08-06 23:29:09,True,195,44,15.369427887061526,31,0.52,0.3,0.2,0,0.5,10,9.5,10,rrt_20260806_232909_736.png
20260806_232909_921,2026-08-06 23:29:09,True,90,35,15.507413966271681,31,0.52,0.3,0.2,0,0.5,10,9.5,10,rrt_20260806_232909_921.png
20260806_232911_344,2026-08-06 23:29:11,False,10000,75,0.0,0,0.52,0.3,0.2,0,0.5,10,9.5,10,rrt_20260806_232911_344.png
20260806_232911_692,2026-08-06 23:29:11,True,1138,75,18.199999999999992,36,0.52,0.3,0.2,0,0.5,10,9.5,10,rrt_20260806_232911_692.png
20260806_232911_923,2026-08-06 23:29:11,True,982,65,20.689067866006795,41,0.52,0.3,0.2,0,0.5,10,9.5,10,rrt_20260806_232911_923.png
20260806_232912_147,2026-08-06 23:29:12,True,943,77,17.959371767978016,36,0.52,0.3,0.2,0,0.5,10,9.5,10,rrt_20260806_232912_147.png
20260806_232912_380,2026-08-06 23:29:12,True,803,58,17.679999999999993,35,0.52,0.3,0.2,0,0.5,10,9.5,10,rrt_20260806_232912_380.png
20260806_232912_548,2026-08-06 23:29:12,True,166,44,15.599999999999994,31,0.52,0.3,0.2,0,0.5,10,9.5,10,rrt_20260806_232912_548.png
20260806_232912_706,2026-08-06 23:29:12,True,166,38,16.119999999999994,32,0.52,0.3,0.2,0,0.5,10,9.5,10,rrt_20260806_232912_706.png
20260806_232912_858,2026-08-06 23:29:12,True,181,47,16.119999999999994,32,0.52,0.3,0.2,0,0.5,10,9.5,10,rrt_20260806_232912_858.png
20260806_232913_038,2026-08-06 23:29:13,True,419,64,15.432302267977866,31,0.52,0.3,0.2,0,0.5,10,9.5,10,rrt_20260806_232913_038.png
20260806_232913_194,2026-08-06 23:29:13,True,65,37,14.818175972026157,30,0.52,0.3,0.2,0,0.5,10,9.5,10,rrt_20260806_232913_194.png
20260806_232913_380,2026-08-06 23:29:13,True,384,58,17.655835399840846,35,0.52,0.3,0.2,0,0.5,10,9.5,10,rrt_20260806_232913_380.png
20260806_232913_608,2026-08-06 23:29:13,True,577,69,16.639999999999993,33,0.52,0.3,0.2,0,0.5,10,9.5,10,rrt_20260806_232913_608.png
20260806_232914_118,2026-08-06 23:29:14,True,3290,85,19.23999999999999,38,0.52,0.3,0.2,0,0.5,10,9.5,10,rrt_20260806_232914_118.png
20260806_232914_295,2026-08-06 23:29:14,True,55,34,14.351777049537707,29,0.52,0.3,0.2,0,0.5,10,9.5,10,rrt_20260806_232914_295.png
20260806_232914_454,2026-08-06 23:29:14,True,122,36,15.06956158237044,30,0.52,0.3,0.2,0,0.5,10,9.5,10,rrt_20260806_232914_454.png
20260806_232914_603,2026-08-06 23:29:14,True,108,43,15.079999999999998,30,0.52,0.3,0.2,0,0.5,10,9.5,10,rrt_20260806_232914_603.png
20260806_232914_770,2026-08-06 23:29:14,True,143,37,16.119999999999997,32,0.52,0.3,0.2,0,0.5,10,9.5,10,rrt_20260806_232914_770.png
20260806_232914_956,2026-08-06 23:29:14,True,425,70,17.433239426030557,35,0.52,0.3,0.2,0,0.5,10,9.5,10,rrt_20260806_232914_956.png
20260806_232915_151,2026-08-06 23:29:15,True,82,36,14.98231343249349,30,0.52,0.3,0.2,0,0.5,10,9.5,10,rrt_20260806_232915_151.png
20260806_232916_156,2026-08-06 23:29:16,False,10000,42,0.0,0,0.52,0.3,0.2,0,0.5,10,9.5,10,rrt_20260806_232916_156.png
20260806_232916_357,2026-08-06 23:29:16,True,177,45,16.05495537025942,32,0.52,0.3,0.2,0,0.5,10,9.5,10,rrt_20260806_232916_357.png
20260806_232916_519,2026-08-06 23:29:16,True,278,50,17.389520026724025,35,0.52,0.3,0.2,0,0.5,10,9.5,10,rrt_20260806_232916_519.png
20260806_232916_684,2026-08-06 23:29:16,True,156,40,14.412993398029693,29,0.52,0.3,0.2,0,0.5,10,9.5,10,rrt_20260806_232916_684.png
20260806_232917_151,2026-08-06 23:29:17,True,3075,72,15.079999999999995,30,0.52,0.3,0.2,0,0.5,10,9.5,10,rrt_20260806_232917_151.png
20260806_232917_392,2026-08-06 23:29:17,True,229,49,14.817186961558239,30,0.52,0.3,0.2,0,0.5,10,9.5,10,rrt_20260806_232917_392.png
20260806_232918_732,2026-08-06 23:29:18,False,10000,80,0.0,0,0.52,0.3,0.2,0,0.5,10,9.5,10,rrt_20260806_232918_732.png
20260806_232918_952,2026-08-06 23:29:18,True,346,45,15.362348682312637,31,0.52,0.3,0.2,0,0.5,10,9.5,10,rrt_20260806_232918_952.png
20260806_232919_168,2026-08-06 23:29:19,True,579,60,15.04903145189082,30,0.52,0.3,0.2,0,0.5,10,9.5,10,rrt_20260806_232919_168.png
20260806_232920_621,2026-08-06 23:29:20,False,10000,94,0.0,0,0.52,0.3,0.2,0,0.5,10,9.5,10,rrt_20260806_232920_621.png
20260806_232920_856,2026-08-06 23:29:20,True,145,42,16.502024656699984,33,0.52,0.3,0.2,0,0.5,10,9.5,10,rrt_20260806_232920_856.png
20260806_232921_008,2026-08-06 23:29:21,True,146,42,15.079999999999991,30,0.52,0.3,0.2,0,0.5,10,9.5,10,rrt_20260806_232921_008.png
20260806_232922_582,2026-08-06 23:29:22,False,10000,123,0.0,0,0.52,0.3,0.2,0,0.5,10,9.5,10,rrt_20260806_232922_582.png
20260806_232924_170,2026-08-06 23:29:24,False,10000,87,0.0,0,0.52,0.3,0.2,0,0.5,10,9.5,10,rrt_20260806_232924_170.png
20260806_232924_410,2026-08-06 23:29:24,True,152,39,15.503882694610178,31,0.52,0.3,0.2,0,0.5,10,9.5,10,rrt_20260806_232924_410.png
20260806_232924_622,2026-08-06 23:29:24,True,105,41,15.054899413214088,30,0.52,0.3,0.2,0,0.5,10,9.5,10,rrt_20260806_232924_622.png
20260806_232924_774,2026-08-06 23:29:24,True,124,37,14.472388957148853,29,0.52,0.3,0.2,0,0.5,10,9.5,10,rrt_20260806_232924_774.png
20260806_232924_932,2026-08-06 23:29:24,True,209,46,16.360093809006397,33,0.52,0.3,0.2,0,0.5,10,9.5,10,rrt_20260806_232924_932.png
20260806_232925_117,2026-08-06 23:29:25,True,170,38,15.569384030903192,31,0.52,0.3,0.2,0,0.5,10,9.5,10,rrt_20260806_232925_117.png
20260806_232925_270,2026-08-06 23:29:25,True,197,42,15.079999999999998,30,0.52,0.3,0.2,0,0.5,10,9.5,10,rrt_20260806_232925_270.png
20260806_232925_439,2026-08-06 23:29:25,True,303,51,15.861262227392345,32,0.52,0.3,0.2,0,0.5,10,9.5,10,rrt_20260806_232925_439.png
20260806_232925_612,2026-08-06 23:29:25,True,398,53,15.080000000000016,30,0.52,0.3,0.2,0,0.5,10,9.5,10,rrt_20260806_232925_612.png
20260806_232925_849,2026-08-06 23:29:25,True,619,64,16.322359798448993,33,0.52,0.3,0.2,0,0.5,10,9.5,10,rrt_20260806_232925_849.png
20260806_232926_006,2026-08-06 23:29:26,True,129,44,15.599999999999993,31,0.52,0.3,0.2,0,0.5,10,9.5,10,rrt_20260806_232926_006.png
20260806_232926_165,2026-08-06 23:29:26,True,211,41,15.079999999999998,30,0.52,0.3,0.2,0,0.5,10,9.5,10,rrt_20260806_232926_165.png
20260806_232926_347,2026-08-06 23:29:26,True,486,65,19.00122556695559,38,0.52,0.3,0.2,0,0.5,10,9.5,10,rrt_20260806_232926_347.png
20260806_232926_507,2026-08-06 23:29:26,True,169,40,16.518909776483472,33,0.52,0.3,0.2,0,0.5,10,9.5,10,rrt_20260806_232926_507.png
20260806_232927_077,2026-08-06 23:29:27,True,3786,88,19.53199423966382,39,0.52,0.3,0.2,0,0.5,10,9.5,10,rrt_20260806_232927_077.png
20260806_232927_303,2026-08-06 23:29:27,True,367,50,15.811420484931352,32,0.52,0.3,0.2,0,0.5,10,9.5,10,rrt_20260806_232927_303.png
20260806_232928_357,2026-08-06 23:29:28,False,10000,49,0.0,0,0.52,0.3,0.2,0,0.5,10,9.5,10,rrt_20260806_232928_357.png
20260806_232928_593,2026-08-06 23:29:28,True,512,65,15.079999999999995,30,0.52,0.3,0.2,0,0.5,10,9.5,10,rrt_20260806_232928_593.png
20260806_232928_914,2026-08-06 23:29:28,True,1669,95,16.9137598027056,34,0.52,0.3,0.2,0,0.5,10,9.5,10,rrt_20260806_232928_914.png
20260806_232929_108,2026-08-06 23:29:29,True,234,45,15.599999999999998,31,0.52,0.3,0.2,0,0.5,10,9.5,10,rrt_20260806_232929_108.png
20260806_232930_404,2026-08-06 23:29:30,False,10000,78,0.0,0,0.52,0.3,0.2,0,0.5,10,9.5,10,rrt_20260806_232930_404.png
20260806_232930_645,2026-08-06 23:29:30,True,452,68,18.139440336198373,36,0.52,0.3,0.2,0,0.5,10,9.5,10,rrt_20260806_232930_645.png
20260806_232930_809,2026-08-06 23:29:30,True,206,43,15.599999999999994,31,0.52,0.3,0.2,0,0.5,10,9.5,10,rrt_20260806_232930_809.png
20260806_232931_009,2026-08-06 23:29:31,True,507,61,17.159999999999993,34,0.52,0.3,0.2,0,0.5,10,9.5,10,rrt_20260806_232931_009.png
20260806_232932_512,2026-08-06 23:29:32,False,10000,107,0.0,0,0.52,0.3,0.2,0,0.5,10,9.5,10,rrt_20260806_232932_512.png
20260806_232932_815,2026-08-06 23:29:32,True,707,53,15.908344917578688,32,0.52,0.3,0.2,0,0.5,10,9.5,10,rrt_20260806_232932_815.png
20260806_232933_029,2026-08-06 23:29:33,True,533,61,15.486536297120844,31,0.52,0.3,0.2,0,0.5,10,9.5,10,rrt_20260806_232933_029.png
20260806_232933_198,2026-08-06 23:29:33,True,238,47,15.84538376608195,32,0.52,0.3,0.2,0,0.5,10,9.5,10,rrt_20260806_232933_198.png
20260806_232934_810,2026-08-06 23:29:34,False,10000,113,0.0,0,0.52,0.3,0.2,0,0.5,10,9.5,10,rrt_20260806_232934_810.png
20260806_232935_038,2026-08-06 23:29:35,True,279,46,15.884213105636535,32,0.52,0.3,0.2,0,0.5,10,9.5,10,rrt_20260806_232935_038.png
20260806_232935_336,2026-08-06 23:29:35,True,1481,87,15.878698223277505,32,0.52,0.3,0.2,0,0.5,10,9.5,10,rrt_20260806_232935_336.png
20260806_232936_293,2026-08-06 23:29:36,False,10000,51,0.0,0,0.52,0.3,0.2,0,0.5,10,9.5,10,rrt_20260806_232936_293.png
20260806_232936_492,2026-08-06 23:29:36,True,146,40,15.079999999999997,30,0.52,0.3,0.2,0,0.5,10,9.5,10,rrt_20260806_232936_492.png
20260806_232936_664,2026-08-06 23:29:36,True,420,48,14.559999999999999,29,0.52,0.3,0.2,0,0.5,10,9.5,10,rrt_20260806_232936_664.png
20260806_232937_863,2026-08-06 23:29:37,False,10000,64,0.0,0,0.52,0.3,0.2,0,0.5,10,9.5,10,rrt_20260806_232937_863.png
20260806_232938_062,2026-08-06 23:29:38,True,74,36,15.298744605600678,31,0.52,0.3,0.2,0,0.5,10,9.5,10,rrt_20260806_232938_062.png
20260806_232938_242,2026-08-06 23:29:38,True,166,37,14.903997037181597,30,0.52,0.3,0.2,0,0.5,10,9.5,10,rrt_20260806_232938_242.png
20260806_232938_413,2026-08-06 23:29:38,True,150,39,15.33754055151584,31,0.52,0.3,0.2,0,0.5,10,9.5,10,rrt_20260806_232938_413.png
20260806_232938_575,2026-08-06 23:29:38,True,390,43,15.53910348211734,31,0.52,0.3,0.2,0,0.5,10,9.5,10,rrt_20260806_232938_575.png
20260806_232938_759,2026-08-06 23:29:38,True,398,64,16.636558931782368,33,0.52,0.3,0.2,0,0.5,10,9.5,10,rrt_20260806_232938_759.png
20260806_232938_939,2026-08-06 23:29:38,True,94,40,16.12,32,0.52,0.4,0.2,0,0.5,10,9.5,10,rrt_20260806_232938_939.png
20260806_232939_095,2026-08-06 23:29:39,True,216,50,15.599999999999994,31,0.52,0.4,0.2,0,0.5,10,9.5,10,rrt_20260806_232939_095.png
20260806_232940_141,2026-08-06 23:29:40,False,10000,49,0.0,0,0.52,0.4,0.2,0,0.5,10,9.5,10,rrt_20260806_232940_141.png
20260806_232940_370,2026-08-06 23:29:40,True,138,40,15.418438446901705,31,0.52,0.4,0.2,0,0.5,10,9.5,10,rrt_20260806_232940_370.png
20260806_232940_516,2026-08-06 23:29:40,True,73,34,15.077274924728252,30,0.52,0.4,0.2,0,0.5,10,9.5,10,rrt_20260806_232940_516.png
20260806_232940_685,2026-08-06 23:29:40,True,334,52,17.132680605093316,34,0.52,0.4,0.2,0,0.5,10,9.5,10,rrt_20260806_232940_685.png
20260806_232940_846,2026-08-06 23:29:40,True,184,53,16.639999999999993,33,0.52,0.4,0.2,0,0.5,10,9.5,10,rrt_20260806_232940_846.png
20260806_232940_999,2026-08-06 23:29:40,True,95,43,15.079999999999993,30,0.52,0.4,0.2,0,0.5,10,9.5,10,rrt_20260806_232940_999.png
20260806_232941_904,2026-08-06 23:29:41,False,10000,52,0.0,0,0.52,0.4,0.2,0,0.5,10,9.5,10,rrt_20260806_232941_904.png
20260806_232942_163,2026-08-06 23:29:42,True,154,41,15.332097926973406,31,0.52,0.4,0.2,0,0.5,10,9.5,10,rrt_20260806_232942_163.png
20260806_232942_342,2026-08-06 23:29:42,True,449,59,16.51120543067317,33,0.52,0.4,0.2,0,0.5,10,9.5,10,rrt_20260806_232942_342.png
20260806_232942_501,2026-08-06 23:29:42,True,136,43,15.902082065043599,32,0.52,0.4,0.2,0,0.5,10,9.5,10,rrt_20260806_232942_501.png
20260806_232942_677,2026-08-06 23:29:42,True,537,65,17.47067512332586,35,0.52,0.4,0.2,0,0.5,10,9.5,10,rrt_20260806_232942_677.png
20260806_232944_250,2026-08-06 23:29:44,False,10000,106,0.0,0,0.52,0.4,0.2,0,0.5,10,9.5,10,rrt_20260806_232944_250.png
20260806_232944_455,2026-08-06 23:29:44,True,74,36,15.834349058882928,32,0.52,0.4,0.2,0,0.5,10,9.5,10,rrt_20260806_232944_455.png
20260806_232944_646,2026-08-06 23:29:44,True,127,38,15.975394835986183,32,0.52,0.4,0.2,0,0.5,10,9.5,10,rrt_20260806_232944_646.png
20260806_232946_229,2026-08-06 23:29:46,False,10000,109,0.0,0,0.52,0.4,0.2,0,0.5,10,9.5,10,rrt_20260806_232946_229.png
20260806_232946_495,2026-08-06 23:29:46,True,238,49,16.46994458453126,33,0.52,0.4,0.2,0,0.5,10,9.5,10,rrt_20260806_232946_495.png
20260806_232946_687,2026-08-06 23:29:46,True,90,38,15.010861727866073,30,0.52,0.4,0.2,0,0.5,10,9.5,10,rrt_20260806_232946_687.png
20260806_232946_850,2026-08-06 23:29:46,True,225,40,15.080000000000013,30,0.52,0.4,0.2,0,0.5,10,9.5,10,rrt_20260806_232946_850.png
20260806_232947_009,2026-08-06 23:29:47,True,190,52,15.81628251094151,32,0.52,0.4,0.2,0,0.5,10,9.5,10,rrt_20260806_232947_009.png
20260806_232947_210,2026-08-06 23:29:47,True,304,50,15.515960170552516,31,0.52,0.4,0.2,0,0.5,10,9.5,10,rrt_20260806_232947_210.png
20260806_232947_366,2026-08-06 23:29:47,True,142,47,15.444644169864194,31,0.52,0.4,0.2,0,0.5,10,9.5,10,rrt_20260806_232947_366.png
20260806_232947_689,2026-08-06 23:29:47,True,2353,86,22.058672442300274,44,0.52,0.4,0.2,0,0.5,10,9.5,10,rrt_20260806_232947_689.png
20260806_232947_893,2026-08-06 23:29:47,True,477,81,17.540504358782922,35,0.52,0.4,0.2,0,0.5,10,9.5,10,rrt_20260806_232947_893.png
20260806_232948_141,2026-08-06 23:29:48,True,1111,79,17.159999999999993,34,0.52,0.4,0.2,0,0.5,10,9.5,10,rrt_20260806_232948_141.png
20260806_232948_309,2026-08-06 23:29:48,True,132,41,15.299744927417633,31,0.52,0.4,0.2,0,0.5,10,9.5,10,rrt_20260806_232948_309.png
20260806_232948_576,2026-08-06 23:29:48,True,942,65,15.435135011250813,31,0.52,0.4,0.2,0,0.5,10,9.5,10,rrt_20260806_232948_576.png
20260806_232948_748,2026-08-06 23:29:48,True,77,35,14.559999999999999,29,0.52,0.4,0.2,0,0.5,10,9.5,10,rrt_20260806_232948_748.png
20260806_232948_912,2026-08-06 23:29:48,True,166,37,15.351196304506391,31,0.52,0.4,0.2,0,0.5,10,9.5,10,rrt_20260806_232948_912.png
20260806_232949_067,2026-08-06 23:29:49,True,146,39,15.079999999999995,30,0.52,0.4,0.2,0,0.5,10,9.5,10,rrt_20260806_232949_067.png
20260806_232949_217,2026-08-06 23:29:49,True,140,41,15.595007288967954,31,0.52,0.4,0.2,0,0.5,10,9.5,10,rrt_20260806_232949_217.png
20260806_232949_545,2026-08-06 23:29:49,True,1828,84,19.75999999999999,39,0.52,0.4,0.2,0,0.5,10,9.5,10,rrt_20260806_232949_545.png
20260806_232949_732,2026-08-06 23:29:49,True,216,56,16.874583579751437,34,0.52,0.4,0.2,0,0.5,10,9.5,10,rrt_20260806_232949_732.png
20260806_232949_936,2026-08-06 23:29:49,True,276,60,17.679999999999993,35,0.52,0.4,0.2,0,0.5,10,9.5,10,rrt_20260806_232949_936.png
20260806_232950_091,2026-08-06 23:29:50,True,102,41,15.599999999999994,31,0.52,0.4,0.2,0,0.5,10,9.5,10,rrt_20260806_232950_091.png
20260806_232950_264,2026-08-06 23:29:50,True,92,39,15.074540571683224,30,0.52,0.4,0.2,0,0.5,10,9.5,10,rrt_20260806_232950_264.png
20260806_232950_433,2026-08-06 23:29:50,True,532,55,15.482243305936981,31,0.52,0.4,0.2,0,0.5,10,9.5,10,rrt_20260806_232950_433.png
20260806_232950_588,2026-08-06 23:29:50,True,117,42,15.59744074178203,31,0.52,0.4,0.2,0,0.5,10,9.5,10,rrt_20260806_232950_588.png
20260806_232950_745,2026-08-06 23:29:50,True,102,37,15.500310137327249,31,0.52,0.4,0.2,0,0.5,10,9.5,10,rrt_20260806_232950_745.png
20260806_232950_893,2026-08-06 23:29:50,True,83,42,15.309536363709906,31,0.52,0.4,0.2,0,0.5,10,9.5,10,rrt_20260806_232950_893.png
20260806_232951_877,2026-08-06 23:29:51,False,10000,59,0.0,0,0.52,0.4,0.2,0,0.5,10,9.5,10,rrt_20260806_232951_877.png
20260806_232952_989,2026-08-06 23:29:52,False,10000,49,0.0,0,0.52,0.4,0.2,0,0.5,10,9.5,10,rrt_20260806_232952_989.png
20260806_232954_762,2026-08-06 23:29:54,False,10000,128,0.0,0,0.52,0.4,0.2,0,0.5,10,9.5,10,rrt_20260806_232954_762.png
20260806_232954_976,2026-08-06 23:29:54,True,74,39,15.599999999999994,31,0.52,0.4,0.2,0,0.5,10,9.5,10,rrt_20260806_232954_976.png
20260806_232955_166,2026-08-06 23:29:55,True,85,37,15.452297053349925,31,0.52,0.4,0.2,0,0.5,10,9.5,10,rrt_20260806_232955_166.png
20260806_232955_323,2026-08-06 23:29:55,True,157,48,16.003590152907982,32,0.52,0.4,0.2,0,0.5,10,9.5,10,rrt_20260806_232955_323.png
20260806_232956_628,2026-08-06 23:29:56,False,10000,84,0.0,0,0.52,0.4,0.2,0,0.5,10,9.5,10,rrt_20260806_232956_628.png
20260806_232956_841,2026-08-06 23:29:56,True,133,41,15.415227598832796,31,0.52,0.4,0.2,0,0.5,10,9.5,10,rrt_20260806_232956_841.png
20260806_232957_070,2026-08-06 23:29:57,True,974,69,16.38182871641589,33,0.52,0.4,0.2,0,0.5,10,9.5,10,rrt_20260806_232957_070.png
20260806_232957_234,2026-08-06 23:29:57,True,89,48,15.398488247322197,31,0.52,0.4,0.2,0,0.5,10,9.5,10,rrt_20260806_232957_234.png
20260806_232957_413,2026-08-06 23:29:57,True,104,46,14.975072972965853,30,0.52,0.4,0.2,0,0.5,10,9.5,10,rrt_20260806_232957_413.png
20260806_232957_698,2026-08-06 23:29:57,True,1631,61,15.592788302350757,31,0.52,0.4,0.2,0,0.5,10,9.5,10,rrt_20260806_232957_698.png
20260806_232959_308,2026-08-06 23:29:59,False,10000,109,0.0,0,0.52,0.4,0.2,0,0.5,10,9.5,10,rrt_20260806_232959_308.png
20260806_232959_598,2026-08-06 23:29:59,True,451,56,15.481882931168219,31,0.52,0.4,0.2,0,0.5,10,9.5,10,rrt_20260806_232959_598.png
20260806_233001_214,2026-08-06 23:30:01,False,10000,109,0.0,0,0.52,0.4,0.2,0,0.5,10,9.5,10,rrt_20260806_233001_214.png
20260806_233002_368,2026-08-06 23:30:02,False,10000,48,0.0,0,0.52,0.4,0.2,0,0.5,10,9.5,10,rrt_20260806_233002_368.png
20260806_233002_749,2026-08-06 23:30:02,True,1852,76,17.159999999999993,34,0.52,0.4,0.2,0,0.5,10,9.5,10,rrt_20260806_233002_749.png
20260806_233002_936,2026-08-06 23:30:02,True,122,43,15.062416624089865,30,0.52,0.4,0.2,0,0.5,10,9.5,10,rrt_20260806_233002_936.png
20260806_233003_094,2026-08-06 23:30:03,True,132,42,15.599999999999998,31,0.52,0.4,0.2,0,0.5,10,9.5,10,rrt_20260806_233003_094.png
20260806_233003_254,2026-08-06 23:30:03,True,156,49,15.079999999999995,30,0.52,0.4,0.2,0,0.5,10,9.5,10,rrt_20260806_233003_254.png
20260806_233003_409,2026-08-06 23:30:03,True,141,49,14.845045946360676,30,0.52,0.4,0.2,0,0.5,10,9.5,10,rrt_20260806_233003_409.png
20260806_233003_610,2026-08-06 23:30:03,True,62,32,14.559999999999993,29,0.52,0.4,0.2,0,0.5,10,9.5,10,rrt_20260806_233003_610.png
20260806_233004_654,2026-08-06 23:30:04,False,10000,51,0.0,0,0.52,0.4,0.2,0,0.5,10,9.5,10,rrt_20260806_233004_654.png
20260806_233005_665,2026-08-06 23:30:05,False,10000,41,0.0,0,0.52,0.4,0.2,0,0.5,10,9.5,10,rrt_20260806_233005_665.png
20260806_233005_861,2026-08-06 23:30:05,True,120,39,15.599999999999994,31,0.52,0.4,0.2,0,0.5,10,9.5,10,rrt_20260806_233005_861.png
20260806_233006_013,2026-08-06 23:30:06,True,76,38,16.119999999999994,32,0.52,0.4,0.2,0,0.5,10,9.5,10,rrt_20260806_233006_013.png
20260806_233006_197,2026-08-06 23:30:06,True,129,39,15.079999999999997,30,0.52,0.4,0.2,0,0.5,10,9.5,10,rrt_20260806_233006_197.png
20260806_233006_352,2026-08-06 23:30:06,True,130,43,16.119999999999997,32,0.52,0.4,0.2,0,0.5,10,9.5,10,rrt_20260806_233006_352.png
20260806_233007_119,2026-08-06 23:30:07,False,10000,41,0.0,0,0.52,0.4,0.2,0,0.5,10,9.5,10,rrt_20260806_233007_119.png
20260806_233007_330,2026-08-06 23:30:07,True,184,50,15.599999999999994,31,0.52,0.4,0.2,0,0.5,10,9.5,10,rrt_20260806_233007_330.png
20260806_233007_500,2026-08-06 23:30:07,True,79,36,15.35319574398134,31,0.52,0.4,0.2,0,0.5,10,9.5,10,rrt_20260806_233007_500.png
20260806_233007_661,2026-08-06 23:30:07,True,70,35,15.9111610192124,32,0.52,0.4,0.2,0,0.5,10,9.5,10,rrt_20260806_233007_661.png
20260806_233007_820,2026-08-06 23:30:07,True,216,45,15.381668264262045,31,0.52,0.4,0.2,0,0.5,10,9.5,10,rrt_20260806_233007_820.png
20260806_233008_009,2026-08-06 23:30:08,True,286,40,14.559999999999993,29,0.52,0.4,0.2,0,0.5,10,9.5,10,rrt_20260806_233008_009.png
20260806_233008_177,2026-08-06 23:30:08,True,422,54,14.943957222956236,30,0.52,0.4,0.2,0,0.5,10,9.5,10,rrt_20260806_233008_177.png
20260806_233008_335,2026-08-06 23:30:08,True,140,37,15.599999999999998,31,0.52,0.4,0.2,0,0.5,10,9.5,10,rrt_20260806_233008_335.png
20260806_233008_564,2026-08-06 23:30:08,True,1015,79,20.79999999999999,41,0.52,0.4,0.2,0,0.5,10,9.5,10,rrt_20260806_233008_564.png
20260806_233008_783,2026-08-06 23:30:08,True,79,37,14.866458826702074,30,0.52,0.4,0.2,0,0.5,10,9.5,10,rrt_20260806_233008_783.png
20260806_233008_968,2026-08-06 23:30:08,True,273,59,16.842637820648132,34,0.52,0.4,0.2,0,0.5,10,9.5,10,rrt_20260806_233008_968.png
20260806_233009_159,2026-08-06 23:30:09,True,72,38,15.328676224679429,31,0.52,0.4,0.2,0,0.5,10,9.5,10,rrt_20260806_233009_159.png
20260806_233009_347,2026-08-06 23:30:09,True,59,35,15.079999999999993,30,0.52,0.4,0.2,0,0.5,10,9.5,10,rrt_20260806_233009_347.png
20260806_233009_537,2026-08-06 23:30:09,True,473,68,15.048446418801085,30,0.52,0.4,0.2,0,0.5,10,9.5,10,rrt_20260806_233009_537.png
20260806_233009_696,2026-08-06 23:30:09,True,70,35,15.476577778074493,31,0.52,0.4,0.2,0,0.5,10,9.5,10,rrt_20260806_233009_696.png
20260806_233009_853,2026-08-06 23:30:09,True,110,40,15.599999999999998,31,0.52,0.4,0.2,0,0.5,10,9.5,10,rrt_20260806_233009_853.png
20260806_233010_034,2026-08-06 23:30:10,True,415,60,15.079999999999995,30,0.52,0.4,0.2,0,0.5,10,9.5,10,rrt_20260806_233010_034.png
20260806_233010_198,2026-08-06 23:30:10,True,164,45,15.939774718997068,32,0.52,0.4,0.2,0,0.5,10,9.5,10,rrt_20260806_233010_198.png
20260806_233010_393,2026-08-06 23:30:10,True,65,38,15.080000000000002,30,0.52,0.4,0.2,0,0.5,10,9.5,10,rrt_20260806_233010_393.png
20260806_233010_551,2026-08-06 23:30:10,True,186,46,16.119999999999997,32,0.52,0.4,0.2,0,0.5,10,9.5,10,rrt_20260806_233010_551.png
20260806_233010_787,2026-08-06 23:30:10,True,195,42,15.079999999999997,30,0.52,0.4,0.2,0,0.5,10,9.5,10,rrt_20260806_233010_787.png
20260806_233011_904,2026-08-06 23:30:11,False,10000,51,0.0,0,0.52,0.4,0.2,0,0.5,10,9.5,10,rrt_20260806_233011_904.png
20260806_233012_128,2026-08-06 23:30:12,True,421,56,15.343015321669222,31,0.52,0.4,0.2,0,0.5,10,9.5,10,rrt_20260806_233012_128.png
20260806_233012_292,2026-08-06 23:30:12,True,158,47,15.599999999999998,31,0.52,0.4,0.2,0,0.5,10,9.5,10,rrt_20260806_233012_292.png
20260806_233012_443,2026-08-06 23:30:12,True,73,35,14.361541491492593,29,0.52,0.4,0.2,0,0.5,10,9.5,10,rrt_20260806_233012_443.png
20260806_233013_491,2026-08-06 23:30:13,False,10000,48,0.0,0,0.52,0.4,0.2,0,0.5,10,9.5,10,rrt_20260806_233013_491.png
20260806_233013_690,2026-08-06 23:30:13,True,189,41,15.309223047369402,31,0.52,0.4,0.2,0,0.5,10,9.5,10,rrt_20260806_233013_690.png
20260806_233013_844,2026-08-06 23:30:13,True,90,35,14.559999999999995,29,0.52,0.4,0.2,0,0.5,10,9.5,10,rrt_20260806_233013_844.png
20260806_233014_008,2026-08-06 23:30:14,True,218,52,16.119999999999994,32,0.52,0.4,0.2,0,0.5,10,9.5,10,rrt_20260806_233014_008.png
20260806_233014_912,2026-08-06 23:30:14,False,10000,50,0.0,0,0.52,0.4,0.2,0,0.5,10,9.5,10,rrt_20260806_233014_912.png
20260806_233016_085,2026-08-06 23:30:16,False,10000,52,0.0,0,0.52,0.4,0.2,0,0.5,10,9.5,10,rrt_20260806_233016_085.png
20260806_233016_289,2026-08-06 23:30:16,True,167,40,15.599999999999998,31,0.52,0.5,0.2,0,0.5,10,9.5,10,rrt_20260806_233016_289.png
20260806_233016_469,2026-08-06 23:30:16,True,51,38,15.505018253179498,31,0.52,0.5,0.2,0,0.5,10,9.5,10,rrt_20260806_233016_469.png
20260806_233016_621,2026-08-06 23:30:16,True,166,47,14.829465549354742,30,0.52,0.5,0.2,0,0.5,10,9.5,10,rrt_20260806_233016_621.png
20260806_233016_816,2026-08-06 23:30:16,True,521,84,17.159999999999993,34,0.52,0.5,0.2,0,0.5,10,9.5,10,rrt_20260806_233016_816.png
20260806_233016_980,2026-08-06 23:30:16,True,145,40,15.599999999999998,31,0.52,0.5,0.2,0,0.5,10,9.5,10,rrt_20260806_233016_980.png
20260806_233017_161,2026-08-06 23:30:17,True,123,37,15.080000000000002,30,0.52,0.5,0.2,0,0.5,10,9.5,10,rrt_20260806_233017_161.png
20260806_233017_308,2026-08-06 23:30:17,True,82,40,15.019477556967326,30,0.52,0.5,0.2,0,0.5,10,9.5,10,rrt_20260806_233017_308.png
20260806_233017_531,2026-08-06 23:30:17,True,666,72,19.24,38,0.52,0.5,0.2,0,0.5,10,9.5,10,rrt_20260806_233017_531.png
20260806_233017_736,2026-08-06 23:30:17,True,750,69,17.679999999999996,35,0.52,0.5,0.2,0,0.5,10,9.5,10,rrt_20260806_233017_736.png
20260806_233017_933,2026-08-06 23:30:17,True,368,57,15.491577024360282,31,0.52,0.5,0.2,0,0.5,10,9.5,10,rrt_20260806_233017_933.png
20260806_233018_221,2026-08-06 23:30:18,True,1027,87,19.06691868947739,38,0.52,0.5,0.2,0,0.5,10,9.5,10,rrt_20260806_233018_221.png
20260806_233018_403,2026-08-06 23:30:18,True,136,40,15.065260004899496,30,0.52,0.5,0.2,0,0.5,10,9.5,10,rrt_20260806_233018_403.png
20260806_233018_773,2026-08-06 23:30:18,True,1988,85,18.708099584583884,37,0.52,0.5,0.2,0,0.5,10,9.5,10,rrt_20260806_233018_773.png
20260806_233018_945,2026-08-06 23:30:18,True,157,42,17.501374890083376,35,0.52,0.5,0.2,0,0.5,10,9.5,10,rrt_20260806_233018_945.png
20260806_233019_095,2026-08-06 23:30:19,True,90,39,15.079999999999997,30,0.52,0.5,0.2,0,0.5,10,9.5,10,rrt_20260806_233019_095.png
20260806_233019_246,2026-08-06 23:30:19,True,83,43,14.905208791943364,30,0.52,0.5,0.2,0,0.5,10,9.5,10,rrt_20260806_233019_246.png
20260806_233019_447,2026-08-06 23:30:19,True,277,60,18.719999999999995,37,0.52,0.5,0.2,0,0.5,10,9.5,10,rrt_20260806_233019_447.png
20260806_233019_620,2026-08-06 23:30:19,True,133,45,15.46604311149325,31,0.52,0.5,0.2,0,0.5,10,9.5,10,rrt_20260806_233019_620.png
20260806_233019_861,2026-08-06 23:30:19,True,1079,100,18.980201931392255,38,0.52,0.5,0.2,0,0.5,10,9.5,10,rrt_20260806_233019_861.png
20260806_233020_836,2026-08-06 23:30:20,False,10000,41,0.0,0,0.52,0.5,0.2,0,0.5,10,9.5,10,rrt_20260806_233020_836.png
20260806_233021_847,2026-08-06 23:30:21,False,10000,42,0.0,0,0.52,0.5,0.2,0,0.5,10,9.5,10,rrt_20260806_233021_847.png
20260806_233022_053,2026-08-06 23:30:22,True,253,49,16.63510325773578,33,0.52,0.5,0.2,0,0.5,10,9.5,10,rrt_20260806_233022_053.png
20260806_233022_941,2026-08-06 23:30:22,False,10000,49,0.0,0,0.52,0.5,0.2,0,0.5,10,9.5,10,rrt_20260806_233022_941.png
20260806_233023_175,2026-08-06 23:30:23,True,258,57,17.046012177641543,34,0.52,0.5,0.2,0,0.5,10,9.5,10,rrt_20260806_233023_175.png
20260806_233023_399,2026-08-06 23:30:23,True,543,96,16.89078612783784,34,0.52,0.5,0.2,0,0.5,10,9.5,10,rrt_20260806_233023_399.png
20260806_233023_572,2026-08-06 23:30:23,True,50,37,15.385580193443506,31,0.52,0.5,0.2,0,0.5,10,9.5,10,rrt_20260806_233023_572.png
20260806_233023_737,2026-08-06 23:30:23,True,338,56,18.436284106042542,37,0.52,0.5,0.2,0,0.5,10,9.5,10,rrt_20260806_233023_737.png
20260806_233024_801,2026-08-06 23:30:24,False,10000,52,0.0,0,0.52,0.5,0.2,0,0.5,10,9.5,10,rrt_20260806_233024_801.png
20260806_233025_013,2026-08-06 23:30:25,True,222,74,16.526527302801476,33,0.52,0.5,0.2,0,0.5,10,9.5,10,rrt_20260806_233025_013.png
20260806_233026_746,2026-08-06 23:30:26,False,10000,120,0.0,0,0.52,0.5,0.2,0,0.5,10,9.5,10,rrt_20260806_233026_746.png
20260806_233026_979,2026-08-06 23:30:26,True,166,50,15.586064950934308,31,0.52,0.5,0.2,0,0.5,10,9.5,10,rrt_20260806_233026_979.png
20260806_233027_143,2026-08-06 23:30:27,True,211,51,15.599999999999994,31,0.52,0.5,0.2,0,0.5,10,9.5,10,rrt_20260806_233027_143.png
20260806_233027_305,2026-08-06 23:30:27,True,145,51,16.572002791104886,33,0.52,0.5,0.2,0,0.5,10,9.5,10,rrt_20260806_233027_305.png
20260806_233027_482,2026-08-06 23:30:27,True,102,41,15.34604606675989,31,0.52,0.5,0.2,0,0.5,10,9.5,10,rrt_20260806_233027_482.png
20260806_233027_672,2026-08-06 23:30:27,True,611,73,15.857150429524767,32,0.52,0.5,0.2,0,0.5,10,9.5,10,rrt_20260806_233027_672.png
20260806_233027_866,2026-08-06 23:30:27,True,116,49,15.391630498695587,31,0.52,0.5,0.2,0,0.5,10,9.5,10,rrt_20260806_233027_866.png
20260806_233028_019,2026-08-06 23:30:28,True,134,38,15.599999999999994,31,0.52,0.5,0.2,0,0.5,10,9.5,10,rrt_20260806_233028_019.png
20260806_233029_739,2026-08-06 23:30:29,False,10000,130,0.0,0,0.52,0.5,0.2,0,0.5,10,9.5,10,rrt_20260806_233029_739.png
20260806_233029_959,2026-08-06 23:30:29,True,150,40,15.387086927303832,31,0.52,0.5,0.2,0,0.5,10,9.5,10,rrt_20260806_233029_959.png
20260806_233030_116,2026-08-06 23:30:30,True,244,49,16.119999999999997,32,0.52,0.5,0.2,0,0.5,10,9.5,10,rrt_20260806_233030_116.png
20260806_233030_338,2026-08-06 23:30:30,True,76,41,15.567818239451896,31,0.52,0.5,0.2,0,0.5,10,9.5,10,rrt_20260806_233030_338.png
20260806_233030_516,2026-08-06 23:30:30,True,144,43,16.524724718173378,33,0.52,0.5,0.2,0,0.5,10,9.5,10,rrt_20260806_233030_516.png
20260806_233030_717,2026-08-06 23:30:30,True,94,40,15.599999999999993,31,0.52,0.5,0.2,0,0.5,10,9.5,10,rrt_20260806_233030_717.png
20260806_233030_904,2026-08-06 23:30:30,True,196,51,16.883541723147854,34,0.52,0.5,0.2,0,0.5,10,9.5,10,rrt_20260806_233030_904.png
20260806_233031_095,2026-08-06 23:30:31,True,513,83,18.531916692215873,37,0.52,0.5,0.2,0,0.5,10,9.5,10,rrt_20260806_233031_095.png
20260806_233031_272,2026-08-06 23:30:31,True,164,49,16.020150786948804,32,0.52,0.5,0.2,0,0.5,10,9.5,10,rrt_20260806_233031_272.png
20260806_233031_427,2026-08-06 23:30:31,True,85,42,14.983988146196099,30,0.52,0.5,0.2,0,0.5,10,9.5,10,rrt_20260806_233031_427.png
20260806_233031_620,2026-08-06 23:30:31,True,150,46,16.119999999999997,32,0.52,0.5,0.2,0,0.5,10,9.5,10,rrt_20260806_233031_620.png
20260806_233031_791,2026-08-06 23:30:31,True,235,56,15.583592859866148,31,0.52,0.5,0.2,0,0.5,10,9.5,10,rrt_20260806_233031_791.png
20260806_233031_961,2026-08-06 23:30:31,True,179,60,15.599999999999994,31,0.52,0.5,0.2,0,0.5,10,9.5,10,rrt_20260806_233031_961.png
20260806_233032_132,2026-08-06 23:30:32,True,337,60,16.060738441635447,32,0.52,0.5,0.2,0,0.5,10,9.5,10,rrt_20260806_233032_132.png
20260806_233032_319,2026-08-06 23:30:32,True,240,51,15.521125811148853,31,0.52,0.5,0.2,0,0.5,10,9.5,10,rrt_20260806_233032_319.png
20260806_233032_471,2026-08-06 23:30:32,True,81,46,15.315823734784702,31,0.52,0.5,0.2,0,0.5,10,9.5,10,rrt_20260806_233032_471.png
20260806_233032_635,2026-08-06 23:30:32,True,261,53,15.599999999999994,31,0.52,0.5,0.2,0,0.5,10,9.5,10,rrt_20260806_233032_635.png
20260806_233032_829,2026-08-06 23:30:32,True,79,38,15.320739046994918,31,0.52,0.5,0.2,0,0.5,10,9.5,10,rrt_20260806_233032_829.png
20260806_233032_999,2026-08-06 23:30:32,True,221,52,17.159999999999993,34,0.52,0.5,0.2,0,0.5,10,9.5,10,rrt_20260806_233032_999.png
20260806_233033_165,2026-08-06 23:30:33,True,306,54,17.550731725714034,35,0.52,0.5,0.2,0,0.5,10,9.5,10,rrt_20260806_233033_165.png
20260806_233033_324,2026-08-06 23:30:33,True,94,40,15.600000000000003,31,0.52,0.5,0.2,0,0.5,10,9.5,10,rrt_20260806_233033_324.png
20260806_233033_474,2026-08-06 23:30:33,True,88,41,15.352832901007936,31,0.52,0.5,0.2,0,0.5,10,9.5,10,rrt_20260806_233033_474.png
20260806_233033_634,2026-08-06 23:30:33,True,216,56,15.599999999999994,31,0.52,0.5,0.2,0,0.5,10,9.5,10,rrt_20260806_233033_634.png
20260806_233035_397,2026-08-06 23:30:35,False,10000,120,0.0,0,0.52,0.5,0.2,0,0.5,10,9.5,10,rrt_20260806_233035_397.png
20260806_233035_633,2026-08-06 23:30:35,True,315,56,17.159999999999993,34,0.52,0.5,0.2,0,0.5,10,9.5,10,rrt_20260806_233035_633.png
20260806_233035_802,2026-08-06 23:30:35,True,52,37,14.825561302197414,30,0.52,0.5,0.2,0,0.5,10,9.5,10,rrt_20260806_233035_802.png
20260806_233035_950,2026-08-06 23:30:35,True,98,41,15.516022148342106,31,0.52,0.5,0.2,0,0.5,10,9.5,10,rrt_20260806_233035_950.png
20260806_233036_976,2026-08-06 23:30:36,False,10000,63,0.0,0,0.52,0.5,0.2,0,0.5,10,9.5,10,rrt_20260806_233036_976.png
20260806_233038_722,2026-08-06 23:30:38,False,10000,126,0.0,0,0.52,0.5,0.2,0,0.5,10,9.5,10,rrt_20260806_233038_722.png
20260806_233040_593,2026-08-06 23:30:40,False,10000,133,0.0,0,0.52,0.5,0.2,0,0.5,10,9.5,10,rrt_20260806_233040_593.png
20260806_233040_821,2026-08-06 23:30:40,True,172,44,17.37439224582387,35,0.52,0.5,0.2,0,0.5,10,9.5,10,rrt_20260806_233040_821.png
20260806_233042_594,2026-08-06 23:30:42,False,10000,128,0.0,0,0.52,0.5,0.2,0,0.5,10,9.5,10,rrt_20260806_233042_594.png
20260806_233042_862,2026-08-06 23:30:42,True,191,55,17.679999999999993,35,0.52,0.5,0.2,0,0.5,10,9.5,10,rrt_20260806_233042_862.png
20260806_233043_021,2026-08-06 23:30:43,True,143,42,15.599999999999993,31,0.52,0.5,0.2,0,0.5,10,9.5,10,rrt_20260806_233043_021.png
20260806_233043_177,2026-08-06 23:30:43,True,117,42,15.079999999999995,30,0.52,0.5,0.2,0,0.5,10,9.5,10,rrt_20260806_233043_177.png
20260806_233043_325,2026-08-06 23:30:43,True,87,38,15.600000000000005,31,0.52,0.5,0.2,0,0.5,10,9.5,10,rrt_20260806_233043_325.png
20260806_233044_132,2026-08-06 23:30:44,False,10000,42,0.0,0,0.52,0.5,0.2,0,0.5,10,9.5,10,rrt_20260806_233044_132.png
20260806_233044_372,2026-08-06 23:30:44,True,161,40,15.599999999999996,31,0.52,0.5,0.2,0,0.5,10,9.5,10,rrt_20260806_233044_372.png
20260806_233044_524,2026-08-06 23:30:44,True,78,41,15.079999999999995,30,0.52,0.5,0.2,0,0.5,10,9.5,10,rrt_20260806_233044_524.png
20260806_233044_757,2026-08-06 23:30:44,True,510,75,18.16892157621813,36,0.52,0.5,0.2,0,0.5,10,9.5,10,rrt_20260806_233044_757.png
20260806_233044_935,2026-08-06 23:30:44,True,161,49,15.971875113645309,32,0.52,0.5,0.2,0,0.5,10,9.5,10,rrt_20260806_233044_935.png
20260806_233045_124,2026-08-06 23:30:45,True,459,47,16.639999999999993,33,0.52,0.5,0.2,0,0.5,10,9.5,10,rrt_20260806_233045_124.png
20260806_233046_671,2026-08-06 23:30:46,False,10000,103,0.0,0,0.52,0.5,0.2,0,0.5,10,9.5,10,rrt_20260806_233046_671.png
20260806_233046_908,2026-08-06 23:30:46,True,152,56,17.06037943625868,34,0.52,0.5,0.2,0,0.5,10,9.5,10,rrt_20260806_233046_908.png
20260806_233047_103,2026-08-06 23:30:47,True,561,84,17.88678925639812,36,0.52,0.5,0.2,0,0.5,10,9.5,10,rrt_20260806_233047_103.png
20260806_233047_306,2026-08-06 23:30:47,True,68,41,14.559999999999993,29,0.52,0.5,0.2,0,0.5,10,9.5,10,rrt_20260806_233047_306.png
20260806_233047_464,2026-08-06 23:30:47,True,131,50,14.783048183775826,30,0.52,0.5,0.2,0,0.5,10,9.5,10,rrt_20260806_233047_464.png
20260806_233047_621,2026-08-06 23:30:47,True,181,48,16.119999999999994,32,0.52,0.5,0.2,0,0.5,10,9.5,10,rrt_20260806_233047_621.png
20260806_233047_806,2026-08-06 23:30:47,True,494,57,15.563023857067297,31,0.52,0.5,0.2,0,0.5,10,9.5,10,rrt_20260806_233047_806.png
20260806_233047_963,2026-08-06 23:30:47,True,63,39,14.553649673231144,29,0.52,0.5,0.2,0,0.5,10,9.5,10,rrt_20260806_233047_963.png
20260806_233049_530,2026-08-06 23:30:49,False,10000,97,0.0,0,0.52,0.5,0.2,0,0.5,10,9.5,10,rrt_20260806_233049_530.png
20260806_233049_789,2026-08-06 23:30:49,True,300,70,16.639999999999993,33,0.52,0.5,0.2,0,0.5,10,9.5,10,rrt_20260806_233049_789.png
20260806_233049_955,2026-08-06 23:30:49,True,85,36,15.079999999999995,30,0.52,0.5,0.2,0,0.5,10,9.5,10,rrt_20260806_233049_955.png
20260806_233050_109,2026-08-06 23:30:50,True,125,45,15.599999999999993,31,0.52,0.5,0.2,0,0.5,10,9.5,10,rrt_20260806_233050_109.png
20260806_233050_266,2026-08-06 23:30:50,True,130,49,16.12,32,0.52,0.5,0.2,0,0.5,10,9.5,10,rrt_20260806_233050_266.png
20260806_233050_416,2026-08-06 23:30:50,True,74,38,14.54815132888934,29,0.52,0.5,0.2,0,0.5,10,9.5,10,rrt_20260806_233050_416.png
20260806_233050_568,2026-08-06 23:30:50,True,168,44,15.079999999999998,30,0.52,0.5,0.2,0,0.5,10,9.5,10,rrt_20260806_233050_568.png
20260806_233050_798,2026-08-06 23:30:50,True,235,50,16.864028533332995,34,0.52,0.5,0.2,0,0.5,10,9.5,10,rrt_20260806_233050_798.png
20260806_233051_672,2026-08-06 23:30:51,False,10000,45,0.0,0,0.52,0.5,0.2,0,0.5,10,9.5,10,rrt_20260806_233051_672.png
20260806_233051_882,2026-08-06 23:30:51,True,271,48,15.599999999999994,31,0.52,0.5,0.2,0,0.5,10,9.5,10,rrt_20260806_233051_882.png
20260806_233052_052,2026-08-06 23:30:52,True,314,63,18.199999999999996,36,0.52,0.5,0.2,0,0.5,10,9.5,10,rrt_20260806_233052_052.png
20260806_233052_217,2026-08-06 23:30:52,True,114,42,14.768289778987132,30,0.52,0.5,0.2,0,0.5,10,9.5,10,rrt_20260806_233052_217.png
20260806_233052_381,2026-08-06 23:30:52,True,245,65,17.38374450248298,35,0.52,0.5,0.2,0,0.5,10,9.5,10,rrt_20260806_233052_381.png
20260806_233052_579,2026-08-06 23:30:52,True,186,60,15.878075175536328,32,0.52,0.6,0.2,0,0.5,10,9.5,10,rrt_20260806_233052_579.png
20260806_233052_760,2026-08-06 23:30:52,True,120,45,16.119999999999997,32,0.52,0.6,0.2,0,0.5,10,9.5,10,rrt_20260806_233052_760.png
20260806_233054_551,2026-08-06 23:30:54,False,10000,124,0.0,0,0.52,0.6,0.2,0,0.5,10,9.5,10,rrt_20260806_233054_551.png
20260806_233054_796,2026-08-06 23:30:54,True,420,65,16.014896970198265,32,0.52,0.6,0.2,0,0.5,10,9.5,10,rrt_20260806_233054_796.png
20260806_233054_996,2026-08-06 23:30:54,True,126,40,15.599999999999998,31,0.52,0.6,0.2,0,0.5,10,9.5,10,rrt_20260806_233054_996.png
20260806_233055_169,2026-08-06 23:30:55,True,417,54,14.559999999999997,29,0.52,0.6,0.2,0,0.5,10,9.5,10,rrt_20260806_233055_169.png
20260806_233056_081,2026-08-06 23:30:56,False,10000,45,0.0,0,0.52,0.6,0.2,0,0.5,10,9.5,10,rrt_20260806_233056_081.png
20260806_233056_281,2026-08-06 23:30:56,True,141,40,15.077356824213426,30,0.52,0.6,0.2,0,0.5,10,9.5,10,rrt_20260806_233056_281.png
20260806_233057_843,2026-08-06 23:30:57,False,10000,106,0.0,0,0.52,0.6,0.2,0,0.5,10,9.5,10,rrt_20260806_233057_843.png
20260806_233058_067,2026-08-06 23:30:58,True,275,50,15.406205512790407,31,0.52,0.6,0.2,0,0.5,10,9.5,10,rrt_20260806_233058_067.png
20260806_233059_078,2026-08-06 23:30:59,False,10000,49,0.0,0,0.52,0.6,0.2,0,0.5,10,9.5,10,rrt_20260806_233059_078.png
20260806_233059_311,2026-08-06 23:30:59,True,170,47,16.846580520982517,34,0.52,0.6,0.2,0,0.5,10,9.5,10,rrt_20260806_233059_311.png
20260806_233059_474,2026-08-06 23:30:59,True,114,50,15.529960600425905,31,0.52,0.6,0.2,0,0.5,10,9.5,10,rrt_20260806_233059_474.png
20260806_233059_662,2026-08-06 23:30:59,True,90,45,15.598893711740107,31,0.52,0.6,0.2,0,0.5,10,9.5,10,rrt_20260806_233059_662.png
20260806_233059_814,2026-08-06 23:30:59,True,96,35,15.599999999999998,31,0.52,0.6,0.2,0,0.5,10,9.5,10,rrt_20260806_233059_814.png
20260806_233059_977,2026-08-06 23:30:59,True,168,54,15.85714192679772,32,0.52,0.6,0.2,0,0.5,10,9.5,10,rrt_20260806_233059_977.png
20260806_233100_158,2026-08-06 23:31:00,True,156,54,15.333932293252275,31,0.52,0.6,0.2,0,0.5,10,9.5,10,rrt_20260806_233100_158.png
20260806_233100_338,2026-08-06 23:31:00,True,181,43,15.320169790439037,31,0.52,0.6,0.2,0,0.5,10,9.5,10,rrt_20260806_233100_338.png
20260806_233100_542,2026-08-06 23:31:00,True,269,65,16.119999999999994,32,0.52,0.6,0.2,0,0.5,10,9.5,10,rrt_20260806_233100_542.png
20260806_233100_708,2026-08-06 23:31:00,True,190,48,16.627654703534947,33,0.52,0.6,0.2,0,0.5,10,9.5,10,rrt_20260806_233100_708.png
20260806_233100_865,2026-08-06 23:31:00,True,120,47,16.56983558466734,33,0.52,0.6,0.2,0,0.5,10,9.5,10,rrt_20260806_233100_865.png
20260806_233101_021,2026-08-06 23:31:01,True,120,45,16.119999999999997,32,0.52,0.6,0.2,0,0.5,10,9.5,10,rrt_20260806_233101_021.png
20260806_233101_220,2026-08-06 23:31:01,True,375,72,15.851187916839347,32,0.52,0.6,0.2,0,0.5,10,9.5,10,rrt_20260806_233101_220.png
20260806_233101_387,2026-08-06 23:31:01,True,149,48,15.599999999999998,31,0.52,0.6,0.2,0,0.5,10,9.5,10,rrt_20260806_233101_387.png
20260806_233101_589,2026-08-06 23:31:01,True,317,78,18.10398550492977,36,0.52,0.6,0.2,0,0.5,10,9.5,10,rrt_20260806_233101_589.png
20260806_233101_778,2026-08-06 23:31:01,True,377,82,18.403011426453475,37,0.52,0.6,0.2,0,0.5,10,9.5,10,rrt_20260806_233101_778.png
20260806_233101_939,2026-08-06 23:31:01,True,81,42,16.061989762951892,32,0.52,0.6,0.2,0,0.5,10,9.5,10,rrt_20260806_233101_939.png
20260806_233102_099,2026-08-06 23:31:02,True,189,52,15.079999999999993,30,0.52,0.6,0.2,0,0.5,10,9.5,10,rrt_20260806_233102_099.png
20260806_233102_261,2026-08-06 23:31:02,True,142,47,15.812944947348381,32,0.52,0.6,0.2,0,0.5,10,9.5,10,rrt_20260806_233102_261.png
20260806_233103_308,2026-08-06 23:31:03,False,10000,52,0.0,0,0.52,0.6,0.2,0,0.5,10,9.5,10,rrt_20260806_233103_308.png
20260806_233104_404,2026-08-06 23:31:04,False,10000,49,0.0,0,0.52,0.6,0.2,0,0.5,10,9.5,10,rrt_20260806_233104_404.png
20260806_233105_420,2026-08-06 23:31:05,False,10000,42,0.0,0,0.52,0.6,0.2,0,0.5,10,9.5,10,rrt_20260806_233105_420.png
20260806_233107_100,2026-08-06 23:31:07,False,10000,114,0.0,0,0.52,0.6,0.2,0,0.5,10,9.5,10,rrt_20260806_233107_100.png
20260806_233107_323,2026-08-06 23:31:07,True,80,43,15.97994702319985,32,0.52,0.6,0.2,0,0.5,10,9.5,10,rrt_20260806_233107_323.png
20260806_233107_489,2026-08-06 23:31:07,True,267,66,16.017055651282938,32,0.52,0.6,0.2,0,0.5,10,9.5,10,rrt_20260806_233107_489.png
20260806_233107_686,2026-08-06 23:31:07,True,96,43,15.551823126348042,31,0.52,0.6,0.2,0,0.5,10,9.5,10,rrt_20260806_233107_686.png
20260806_233107_983,2026-08-06 23:31:07,True,1569,106,19.60073883697196,39,0.52,0.6,0.2,0,0.5,10,9.5,10,rrt_20260806_233107_983.png
20260806_233108_165,2026-08-06 23:31:08,True,234,55,16.005976759643666,32,0.52,0.6,0.2,0,0.5,10,9.5,10,rrt_20260806_233108_165.png
20260806_233109_100,2026-08-06 23:31:09,False,10000,50,0.0,0,0.52,0.6,0.2,0,0.5,10,9.5,10,rrt_20260806_233109_100.png
20260806_233109_331,2026-08-06 23:31:09,True,61,41,14.922689866742314,30,0.52,0.6,0.2,0,0.5,10,9.5,10,rrt_20260806_233109_331.png
20260806_233109_599,2026-08-06 23:31:09,True,339,63,18.033624581201863,36,0.52,0.6,0.2,0,0.5,10,9.5,10,rrt_20260806_233109_599.png
20260806_233109_771,2026-08-06 23:31:09,True,184,61,15.816870894020662,32,0.52,0.6,0.2,0,0.5,10,9.5,10,rrt_20260806_233109_771.png
20260806_233110_836,2026-08-06 23:31:10,False,10000,63,0.0,0,0.52,0.6,0.2,0,0.5,10,9.5,10,rrt_20260806_233110_836.png
20260806_233111_197,2026-08-06 23:31:11,True,1150,97,20.27999999999999,40,0.52,0.6,0.2,0,0.5,10,9.5,10,rrt_20260806_233111_197.png
20260806_233111_409,2026-08-06 23:31:11,True,448,86,17.679999999999996,35,0.52,0.6,0.2,0,0.5,10,9.5,10,rrt_20260806_233111_409.png
20260806_233112_993,2026-08-06 23:31:12,False,10000,96,0.0,0,0.52,0.6,0.2,0,0.5,10,9.5,10,rrt_20260806_233112_993.png
20260806_233113_311,2026-08-06 23:31:13,True,892,74,18.464525902522364,37,0.52,0.6,0.2,0,0.5,10,9.5,10,rrt_20260806_233113_311.png
20260806_233114_343,2026-08-06 23:31:14,False,10000,42,0.0,0,0.52,0.6,0.2,0,0.5,10,9.5,10,rrt_20260806_233114_343.png
20260806_233114_541,2026-08-06 23:31:14,True,80,36,14.559999999999997,29,0.52,0.6,0.2,0,0.5,10,9.5,10,rrt_20260806_233114_541.png
20260806_233114_735,2026-08-06 23:31:14,True,261,64,16.84206529292887,34,0.52,0.6,0.2,0,0.5,10,9.5,10,rrt_20260806_233114_735.png
20260806_233114_919,2026-08-06 23:31:14,True,112,44,15.079999999999997,30,0.52,0.6,0.2,0,0.5,10,9.5,10,rrt_20260806_233114_919.png
20260806_233115_115,2026-08-06 23:31:15,True,150,49,15.600000000000001,31,0.52,0.6,0.2,0,0.5,10,9.5,10,rrt_20260806_233115_115.png
20260806_233115_274,2026-08-06 23:31:15,True,130,44,15.502628647466034,31,0.52,0.6,0.2,0,0.5,10,9.5,10,rrt_20260806_233115_274.png
20260806_233115_466,2026-08-06 23:31:15,True,117,53,15.920823974271768,32,0.52,0.6,0.2,0,0.5,10,9.5,10,rrt_20260806_233115_466.png
20260806_233116_369,2026-08-06 23:31:16,False,10000,47,0.0,0,0.52,0.6,0.2,0,0.5,10,9.5,10,rrt_20260806_233116_369.png
20260806_233116_619,2026-08-06 23:31:16,True,96,39,14.943864803302509,30,0.52,0.6,0.2,0,0.5,10,9.5,10,rrt_20260806_233116_619.png
20260806_233116_823,2026-08-06 23:31:16,True,85,41,15.5430417046997,31,0.52,0.6,0.2,0,0.5,10,9.5,10,rrt_20260806_233116_823.png
20260806_233117_119,2026-08-06 23:31:17,True,83,47,15.599999999999994,31,0.52,0.6,0.2,0,0.5,10,9.5,10,rrt_20260806_233117_119.png
20260806_233117_311,2026-08-06 23:31:17,True,486,62,16.119999999999997,32,0.52,0.6,0.2,0,0.5,10,9.5,10,rrt_20260806_233117_311.png
20260806_233117_518,2026-08-06 23:31:17,True,135,52,16.12,32,0.52,0.6,0.2,0,0.5,10,9.5,10,rrt_20260806_233117_518.png
20260806_233117_700,2026-08-06 23:31:17,True,535,66,14.980920542570619,30,0.52,0.6,0.2,0,0.5,10,9.5,10,rrt_20260806_233117_700.png
20260806_233117_863,2026-08-06 23:31:17,True,161,43,16.104081332042156,32,0.52,0.6,0.2,0,0.5,10,9.5,10,rrt_20260806_233117_863.png
20260806_233119_305,2026-08-06 23:31:19,False,10000,91,0.0,0,0.52,0.6,0.2,0,0.5,10,9.5,10,rrt_20260806_233119_305.png
20260806_233119_551,2026-08-06 23:31:19,True,108,45,15.436830640761972,31,0.52,0.6,0.2,0,0.5,10,9.5,10,rrt_20260806_233119_551.png
20260806_233119_717,2026-08-06 23:31:19,True,106,43,15.448526688104584,31,0.52,0.6,0.2,0,0.5,10,9.5,10,rrt_20260806_233119_717.png
20260806_233120_678,2026-08-06 23:31:20,False,10000,44,0.0,0,0.52,0.6,0.2,0,0.5,10,9.5,10,rrt_20260806_233120_678.png
20260806_233120_912,2026-08-06 23:31:20,True,150,39,15.599999999999994,31,0.52,0.6,0.2,0,0.5,10,9.5,10,rrt_20260806_233120_912.png
20260806_233121_077,2026-08-06 23:31:21,True,219,58,18.175835817070976,36,0.52,0.6,0.2,0,0.5,10,9.5,10,rrt_20260806_233121_077.png
20260806_233121_245,2026-08-06 23:31:21,True,241,46,15.079999999999997,30,0.52,0.6,0.2,0,0.5,10,9.5,10,rrt_20260806_233121_245.png
20260806_233121_498,2026-08-06 23:31:21,True,103,46,15.079999999999995,30,0.52,0.6,0.2,0,0.5,10,9.5,10,rrt_20260806_233121_498.png
20260806_233121_728,2026-08-06 23:31:21,True,599,67,15.91534928105469,32,0.52,0.6,0.2,0,0.5,10,9.5,10,rrt_20260806_233121_728.png
20260806_233121_926,2026-08-06 23:31:21,True,83,37,15.080000000000002,30,0.52,0.6,0.2,0,0.5,10,9.5,10,rrt_20260806_233121_926.png
20260806_233122_097,2026-08-06 23:31:22,True,259,57,17.159999999999997,34,0.52,0.6,0.2,0,0.5,10,9.5,10,rrt_20260806_233122_097.png
20260806_233122_259,2026-08-06 23:31:22,True,185,53,17.53217606528483,35,0.52,0.6,0.2,0,0.5,10,9.5,10,rrt_20260806_233122_259.png
20260806_233122_417,2026-08-06 23:31:22,True,99,47,15.813486019726811,32,0.52,0.6,0.2,0,0.5,10,9.5,10,rrt_20260806_233122_417.png
20260806_233122_625,2026-08-06 23:31:22,True,588,58,17.07355562292102,34,0.52,0.6,0.2,0,0.5,10,9.5,10,rrt_20260806_233122_625.png
20260806_233122_828,2026-08-06 23:31:22,True,150,48,16.119999999999994,32,0.52,0.6,0.2,0,0.5,10,9.5,10,rrt_20260806_233122_828.png
20260806_233123_089,2026-08-06 23:31:23,True,1250,106,20.086453440030077,40,0.52,0.6,0.2,0,0.5,10,9.5,10,rrt_20260806_233123_089.png
20260806_233123_292,2026-08-06 23:31:23,True,483,91,18.084313850028504,36,0.52,0.6,0.2,0,0.5,10,9.5,10,rrt_20260806_233123_292.png
20260806_233123_457,2026-08-06 23:31:23,True,89,50,15.6,31,0.52,0.6,0.2,0,0.5,10,9.5,10,rrt_20260806_233123_457.png
20260806_233125_548,2026-08-06 23:31:25,False,10000,158,0.0,0,0.52,0.6,0.2,0,0.5,10,9.5,10,rrt_20260806_233125_548.png
20260806_233127_585,2026-08-06 23:31:27,False,10000,138,0.0,0,0.52,0.6,0.2,0,0.5,10,9.5,10,rrt_20260806_233127_585.png
20260806_233127_812,2026-08-06 23:31:27,True,155,42,16.37626805635712,33,0.52,0.6,0.2,0,0.5,10,9.5,10,rrt_20260806_233127_812.png
20260806_233129_647,2026-08-06 23:31:29,False,10000,133,0.0,0,0.52,0.6,0.2,0,0.5,10,9.5,10,rrt_20260806_233129_647.png
20260806_233129_920,2026-08-06 23:31:29,True,165,52,15.079999999999995,30,0.52,0.6,0.2,0,0.5,10,9.5,10,rrt_20260806_233129_920.png
20260806_233130_131,2026-08-06 23:31:30,True,722,76,19.239999999999995,38,0.52,0.6,0.2,0,0.5,10,9.5,10,rrt_20260806_233130_131.png
20260806_233130_364,2026-08-06 23:31:30,True,496,87,17.159999999999993,34,0.52,0.6,0.2,0,0.5,10,9.5,10,rrt_20260806_233130_364.png
20260806_233131_553,2026-08-06 23:31:31,False,10000,62,0.0,0,0.52,0.6,0.2,0,0.5,10,9.5,10,rrt_20260806_233131_553.png
20260806_233131_764,2026-08-06 23:31:31,True,105,40,14.993312379952823,30,0.52,0.6,0.2,0,0.5,10,9.5,10,rrt_20260806_233131_764.png
20260806_233131_920,2026-08-06 23:31:31,True,117,48,15.39524758067985,31,0.52,0.6,0.2,0,0.5,10,9.5,10,rrt_20260806_233131_920.png
20260806_233132_101,2026-08-06 23:31:32,True,376,71,17.43913896136059,35,0.52,0.6,0.2,0,0.5,10,9.5,10,rrt_20260806_233132_101.png
20260806_233132_297,2026-08-06 23:31:32,True,67,38,14.559999999999995,29,0.52,0.6,0.2,0,0.5,10,9.5,10,rrt_20260806_233132_297.png
20260806_233132_456,2026-08-06 23:31:32,True,179,49,15.6,31,0.52,0.6,0.2,0,0.5,10,9.5,10,rrt_20260806_233132_456.png
20260806_233132_671,2026-08-06 23:31:32,True,516,78,16.552795843064086,33,0.52,0.6,0.2,0,0.5,10,9.5,10,rrt_20260806_233132_671.png
20260806_233132_838,2026-08-06 23:31:32,True,80,46,14.959377784800774,30,0.52,0.6,0.2,0,0.5,10,9.5,10,rrt_20260806_233132_838.png
20260806_233132_996,2026-08-06 23:31:32,True,99,50,16.639999999999993,33,0.52,0.6,0.2,0,0.5,10,9.5,10,rrt_20260806_233132_996.png
20260806_233133_153,2026-08-06 23:31:33,True,64,44,14.418985049247249,29,0.52,0.6,0.2,0,0.5,10,9.5,10,rrt_20260806_233133_153.png
20260806_233134_625,2026-08-06 23:31:34,False,10000,85,0.0,0,0.52,0.6,0.2,0,0.5,10,9.5,10,rrt_20260806_233134_625.png
20260806_233136_415,2026-08-06 23:31:36,False,10000,117,0.0,0,0.52,0.6,0.2,0,0.5,10,9.5,10,rrt_20260806_233136_415.png
20260806_233136_682,2026-08-06 23:31:36,True,437,71,18.470751850396553,37,0.52,0.6,0.2,0,0.5,10,9.5,10,rrt_20260806_233136_682.png
20260806_233136_848,2026-08-06 23:31:36,True,116,43,15.852626308380291,32,0.52,0.7,0.2,0,0.5,10,9.5,10,rrt_20260806_233136_848.png
20260806_233137_026,2026-08-06 23:31:37,True,426,73,15.550740785696,31,0.52,0.7,0.2,0,0.5,10,9.5,10,rrt_20260806_233137_026.png
20260806_233137_229,2026-08-06 23:31:37,True,150,49,15.931103039750791,32,0.52,0.7,0.2,0,0.5,10,9.5,10,rrt_20260806_233137_229.png
20260806_233137_418,2026-08-06 23:31:37,True,91,52,15.315761873936085,31,0.52,0.7,0.2,0,0.5,10,9.5,10,rrt_20260806_233137_418.png
20260806_233137_592,2026-08-06 23:31:37,True,74,39,15.599999999999994,31,0.52,0.7,0.2,0,0.5,10,9.5,10,rrt_20260806_233137_592.png
20260806_233137_767,2026-08-06 23:31:37,True,156,53,18.66817221629647,37,0.52,0.7,0.2,0,0.5,10,9.5,10,rrt_20260806_233137_767.png
20260806_233137_958,2026-08-06 23:31:37,True,137,52,15.577406679270787,31,0.52,0.7,0.2,0,0.5,10,9.5,10,rrt_20260806_233137_958.png
20260806_233138_119,2026-08-06 23:31:38,True,159,61,16.452088608627147,33,0.52,0.7,0.2,0,0.5,10,9.5,10,rrt_20260806_233138_119.png
20260806_233138_335,2026-08-06 23:31:38,True,593,82,16.936025803401115,34,0.52,0.7,0.2,0,0.5,10,9.5,10,rrt_20260806_233138_335.png
20260806_233138_627,2026-08-06 23:31:38,True,1181,85,15.599999999999994,31,0.52,0.7,0.2,0,0.5,10,9.5,10,rrt_20260806_233138_627.png
20260806_233138_801,2026-08-06 23:31:38,True,117,49,16.119999999999994,32,0.52,0.7,0.2,0,0.5,10,9.5,10,rrt_20260806_233138_801.png
20260806_233138_985,2026-08-06 23:31:38,True,148,56,15.518365805436092,31,0.52,0.7,0.2,0,0.5,10,9.5,10,rrt_20260806_233138_985.png
20260806_233139_143,2026-08-06 23:31:39,True,90,46,15.599999999999998,31,0.52,0.7,0.2,0,0.5,10,9.5,10,rrt_20260806_233139_143.png
20260806_233139_318,2026-08-06 23:31:39,True,343,80,16.119999999999997,32,0.52,0.7,0.2,0,0.5,10,9.5,10,rrt_20260806_233139_318.png
20260806_233139_492,2026-08-06 23:31:39,True,183,56,17.945813752491752,36,0.52,0.7,0.2,0,0.5,10,9.5,10,rrt_20260806_233139_492.png
20260806_233141_070,2026-08-06 23:31:41,False,10000,108,0.0,0,0.52,0.7,0.2,0,0.5,10,9.5,10,rrt_20260806_233141_070.png
20260806_233141_284,2026-08-06 23:31:41,True,128,48,15.6,31,0.52,0.7,0.2,0,0.5,10,9.5,10,rrt_20260806_233141_284.png
20260806_233142_290,2026-08-06 23:31:42,False,10000,47,0.0,0,0.52,0.7,0.2,0,0.5,10,9.5,10,rrt_20260806_233142_290.png
20260806_233142_489,2026-08-06 23:31:42,True,73,37,15.06539310757421,30,0.52,0.7,0.2,0,0.5,10,9.5,10,rrt_20260806_233142_489.png
20260806_233142_664,2026-08-06 23:31:42,True,122,52,16.639999999999997,33,0.52,0.7,0.2,0,0.5,10,9.5,10,rrt_20260806_233142_664.png
20260806_233142_818,2026-08-06 23:31:42,True,88,43,15.54186402738286,31,0.52,0.7,0.2,0,0.5,10,9.5,10,rrt_20260806_233142_818.png
20260806_233143_665,2026-08-06 23:31:43,False,10000,40,0.0,0,0.52,0.7,0.2,0,0.5,10,9.5,10,rrt_20260806_233143_665.png
20260806_233143_874,2026-08-06 23:31:43,True,64,46,16.55022840388049,33,0.52,0.7,0.2,0,0.5,10,9.5,10,rrt_20260806_233143_874.png
20260806_233145_688,2026-08-06 23:31:45,False,10000,127,0.0,0,0.52,0.7,0.2,0,0.5,10,9.5,10,rrt_20260806_233145_688.png
20260806_233145_910,2026-08-06 23:31:45,True,118,52,16.639999999999993,33,0.52,0.7,0.2,0,0.5,10,9.5,10,rrt_20260806_233145_910.png
20260806_233146_064,2026-08-06 23:31:46,True,95,43,15.348896120779091,31,0.52,0.7,0.2,0,0.5,10,9.5,10,rrt_20260806_233146_064.png
20260806_233146_275,2026-08-06 23:31:46,True,262,69,17.679999999999993,35,0.52,0.7,0.2,0,0.5,10,9.5,10,rrt_20260806_233146_275.png
20260806_233146_444,2026-08-06 23:31:46,True,253,60,17.41786340266037,35,0.52,0.7,0.2,0,0.5,10,9.5,10,rrt_20260806_233146_444.png
20260806_233146_661,2026-08-06 23:31:46,True,62,39,15.079999999999993,30,0.52,0.7,0.2,0,0.5,10,9.5,10,rrt_20260806_233146_661.png
20260806_233146_900,2026-08-06 23:31:46,True,495,58,16.615253106187293,33,0.52,0.7,0.2,0,0.5,10,9.5,10,rrt_20260806_233146_900.png
20260806_233147_086,2026-08-06 23:31:47,True,85,47,14.874172602256396,30,0.52,0.7,0.2,0,0.5,10,9.5,10,rrt_20260806_233147_086.png
20260806_233148_879,2026-08-06 23:31:48,False,10000,129,0.0,0,0.52,0.7,0.2,0,0.5,10,9.5,10,rrt_20260806_233148_879.png
20260806_233149_136,2026-08-06 23:31:49,True,92,44,14.949725832326243,30,0.52,0.7,0.2,0,0.5,10,9.5,10,rrt_20260806_233149_136.png
20260806_233149_295,2026-08-06 23:31:49,True,107,54,17.60826016659088,35,0.52,0.7,0.2,0,0.5,10,9.5,10,rrt_20260806_233149_295.png
20260806_233150_213,2026-08-06 23:31:50,False,10000,50,0.0,0,0.52,0.7,0.2,0,0.5,10,9.5,10,rrt_20260806_233150_213.png
20260806_233150_438,2026-08-06 23:31:50,True,123,44,15.599999999999994,31,0.52,0.7,0.2,0,0.5,10,9.5,10,rrt_20260806_233150_438.png
20260806_233150_606,2026-08-06 23:31:50,True,214,53,16.639999999999997,33,0.52,0.7,0.2,0,0.5,10,9.5,10,rrt_20260806_233150_606.png
20260806_233151_728,2026-08-06 23:31:51,False,10000,64,0.0,0,0.52,0.7,0.2,0,0.5,10,9.5,10,rrt_20260806_233151_728.png
20260806_233152_701,2026-08-06 23:31:52,False,10000,50,0.0,0,0.52,0.7,0.2,0,0.5,10,9.5,10,rrt_20260806_233152_701.png
20260806_233153_564,2026-08-06 23:31:53,False,10000,42,0.0,0,0.52,0.7,0.2,0,0.5,10,9.5,10,rrt_20260806_233153_564.png
20260806_233153_771,2026-08-06 23:31:53,True,180,59,15.909869742529551,32,0.52,0.7,0.2,0,0.5,10,9.5,10,rrt_20260806_233153_771.png
20260806_233153_928,2026-08-06 23:31:53,True,120,49,15.304817975654828,31,0.52,0.7,0.2,0,0.5,10,9.5,10,rrt_20260806_233153_928.png
20260806_233154_089,2026-08-06 23:31:54,True,117,44,16.639999999999997,33,0.52,0.7,0.2,0,0.5,10,9.5,10,rrt_20260806_233154_089.png
20260806_233154_283,2026-08-06 23:31:54,True,333,72,15.422700708310185,31,0.52,0.7,0.2,0,0.5,10,9.5,10,rrt_20260806_233154_283.png
20260806_233154_444,2026-08-06 23:31:54,True,69,40,15.599999999999996,31,0.52,0.7,0.2,0,0.5,10,9.5,10,rrt_20260806_233154_444.png
20260806_233154_616,2026-08-06 23:31:54,True,179,58,15.808807154304294,32,0.52,0.7,0.2,0,0.5,10,9.5,10,rrt_20260806_233154_616.png
20260806_233154_823,2026-08-06 23:31:54,True,380,69,16.068003802449237,32,0.52,0.7,0.2,0,0.5,10,9.5,10,rrt_20260806_233154_823.png
20260806_233154_984,2026-08-06 23:31:54,True,112,51,16.542225065471445,33,0.52,0.7,0.2,0,0.5,10,9.5,10,rrt_20260806_233154_984.png
20260806_233155_143,2026-08-06 23:31:55,True,92,48,16.435681476645186,33,0.52,0.7,0.2,0,0.5,10,9.5,10,rrt_20260806_233155_143.png
20260806_233155_346,2026-08-06 23:31:55,True,209,54,16.639999999999997,33,0.52,0.7,0.2,0,0.5,10,9.5,10,rrt_20260806_233155_346.png
20260806_233155_517,2026-08-06 23:31:55,True,119,51,16.639999999999993,33,0.52,0.7,0.2,0,0.5,10,9.5,10,rrt_20260806_233155_517.png
20260806_233155_677,2026-08-06 23:31:55,True,121,41,15.599999999999996,31,0.52,0.7,0.2,0,0.5,10,9.5,10,rrt_20260806_233155_677.png
20260806_233155_838,2026-08-06 23:31:55,True,135,51,16.43443441113054,33,0.52,0.7,0.2,0,0.5,10,9.5,10,rrt_20260806_233155_838.png
20260806_233156_028,2026-08-06 23:31:56,True,609,73,17.48961699482316,35,0.52,0.7,0.2,0,0.5,10,9.5,10,rrt_20260806_233156_028.png
20260806_233156_191,2026-08-06 23:31:56,True,111,48,15.821563683598153,32,0.52,0.7,0.2,0,0.5,10,9.5,10,rrt_20260806_233156_191.png
20260806_233157_795,2026-08-06 23:31:57,False,10000,106,0.0,0,0.52,0.7,0.2,0,0.5,10,9.5,10,rrt_20260806_233157_795.png
20260806_233158_010,2026-08-06 23:31:58,True,125,47,15.599999999999994,31,0.52,0.7,0.2,0,0.5,10,9.5,10,rrt_20260806_233158_010.png
20260806_233158_924,2026-08-06 23:31:58,False,10000,42,0.0,0,0.52,0.7,0.2,0,0.5,10,9.5,10,rrt_20260806_233158_924.png
20260806_233159_130,2026-08-06 23:31:59,True,189,53,16.001683861707637,32,0.52,0.7,0.2,0,0.5,10,9.5,10,rrt_20260806_233159_130.png
20260806_233159_293,2026-08-06 23:31:59,True,123,52,18.456143937249468,37,0.52,0.7,0.2,0,0.5,10,9.5,10,rrt_20260806_233159_293.png
20260806_233159_455,2026-08-06 23:31:59,True,57,37,15.599999999999996,31,0.52,0.7,0.2,0,0.5,10,9.5,10,rrt_20260806_233159_455.png
20260806_233200_448,2026-08-06 23:32:00,False,10000,39,0.0,0,0.52,0.7,0.2,0,0.5,10,9.5,10,rrt_20260806_233200_448.png
20260806_233200_672,2026-08-06 23:32:00,True,320,62,15.353742315717975,31,0.52,0.7,0.2,0,0.5,10,9.5,10,rrt_20260806_233200_672.png
20260806_233200_941,2026-08-06 23:32:00,True,724,102,20.02782327837223,40,0.52,0.7,0.2,0,0.5,10,9.5,10,rrt_20260806_233200_941.png
20260806_233202_349,2026-08-06 23:32:02,False,10000,88,0.0,0,0.52,0.7,0.2,0,0.5,10,9.5,10,rrt_20260806_233202_349.png
20260806_233203_851,2026-08-06 23:32:03,False,10000,94,0.0,0,0.52,0.7,0.2,0,0.5,10,9.5,10,rrt_20260806_233203_851.png
20260806_233204_075,2026-08-06 23:32:04,True,196,54,17.16,34,0.52,0.7,0.2,0,0.5,10,9.5,10,rrt_20260806_233204_075.png
20260806_233204_237,2026-08-06 23:32:04,True,150,53,15.08,30,0.52,0.7,0.2,0,0.5,10,9.5,10,rrt_20260806_233204_237.png
20260806_233204_442,2026-08-06 23:32:04,True,239,47,15.474190038681087,31,0.52,0.7,0.2,0,0.5,10,9.5,10,rrt_20260806_233204_442.png
20260806_233204_614,2026-08-06 23:32:04,True,242,59,15.966660251605964,32,0.52,0.7,0.2,0,0.5,10,9.5,10,rrt_20260806_233204_614.png
20260806_233204_852,2026-08-06 23:32:04,True,77,42,17.159999999999997,34,0.52,0.7,0.2,0,0.5,10,9.5,10,rrt_20260806_233204_852.png
20260806_233205_017,2026-08-06 23:32:05,True,193,56,16.922431861332342,34,0.52,0.7,0.2,0,0.5,10,9.5,10,rrt_20260806_233205_017.png
20260806_233205_203,2026-08-06 23:32:05,True,92,37,15.079999999999997,30,0.52,0.7,0.2,0,0.5,10,9.5,10,rrt_20260806_233205_203.png
20260806_233206_080,2026-08-06 23:32:06,False,10000,43,0.0,0,0.52,0.7,0.2,0,0.5,10,9.5,10,rrt_20260806_233206_080.png
20260806_233206_277,2026-08-06 23:32:06,True,73,48,16.119999999999997,32,0.52,0.7,0.2,0,0.5,10,9.5,10,rrt_20260806_233206_277.png
20260806_233206_429,2026-08-06 23:32:06,True,89,40,15.422996646963908,31,0.52,0.7,0.2,0,0.5,10,9.5,10,rrt_20260806_233206_429.png
20260806_233206_588,2026-08-06 23:32:06,True,116,46,16.12,32,0.52,0.7,0.2,0,0.5,10,9.5,10,rrt_20260806_233206_588.png
20260806_233206_743,2026-08-06 23:32:06,True,135,41,15.600000000000001,31,0.52,0.7,0.2,0,0.5,10,9.5,10,rrt_20260806_233206_743.png
20260806_233206_926,2026-08-06 23:32:06,True,96,48,15.987622776560375,32,0.52,0.7,0.2,0,0.5,10,9.5,10,rrt_20260806_233206_926.png
20260806_233207_103,2026-08-06 23:32:07,True,228,61,15.879610795847602,32,0.52,0.7,0.2,0,0.5,10,9.5,10,rrt_20260806_233207_103.png
20260806_233207_275,2026-08-06 23:32:07,True,228,77,16.639999999999997,33,0.52,0.7,0.2,0,0.5,10,9.5,10,rrt_20260806_233207_275.png
20260806_233207_443,2026-08-06 23:32:07,True,84,45,15.853569189333289,32,0.52,0.7,0.2,0,0.5,10,9.5,10,rrt_20260806_233207_443.png
20260806_233207_625,2026-08-06 23:32:07,True,116,49,16.88526075366441,34,0.52,0.7,0.2,0,0.5,10,9.5,10,rrt_20260806_233207_625.png
20260806_233207_800,2026-08-06 23:32:07,True,291,61,16.00737276812322,32,0.52,0.7,0.2,0,0.5,10,9.5,10,rrt_20260806_233207_800.png
20260806_233207_960,2026-08-06 23:32:07,True,108,53,16.415525693273494,33,0.52,0.7,0.2,0,0.5,10,9.5,10,rrt_20260806_233207_960.png
20260806_233209_526,2026-08-06 23:32:09,False,10000,100,0.0,0,0.52,0.7,0.2,0,0.5,10,9.5,10,rrt_20260806_233209_526.png
20260806_233209_800,2026-08-06 23:32:09,True,532,71,16.441258079296603,33,0.52,0.7,0.2,0,0.5,10,9.5,10,rrt_20260806_233209_800.png
20260806_233209_968,2026-08-06 23:32:09,True,98,46,15.939173098359788,32,0.52,0.7,0.2,0,0.5,10,9.5,10,rrt_20260806_233209_968.png
20260806_233210_137,2026-08-06 23:32:10,True,76,42,15.079999999999998,30,0.52,0.7,0.2,0,0.5,10,9.5,10,rrt_20260806_233210_137.png
20260806_233210_299,2026-08-06 23:32:10,True,168,46,16.119999999999994,32,0.52,0.7,0.2,0,0.5,10,9.5,10,rrt_20260806_233210_299.png
20260806_233210_504,2026-08-06 23:32:10,True,343,64,16.119999999999997,32,0.52,0.7,0.2,0,0.5,10,9.5,10,rrt_20260806_233210_504.png
20260806_233211_669,2026-08-06 23:32:11,False,10000,50,0.0,0,0.52,0.7,0.2,0,0.5,10,9.5,10,rrt_20260806_233211_669.png
20260806_233211_885,2026-08-06 23:32:11,True,78,45,15.4821054464611,31,0.52,0.7,0.2,0,0.5,10,9.5,10,rrt_20260806_233211_885.png
20260806_233212_047,2026-08-06 23:32:12,True,183,60,15.31883826687084,31,0.52,0.7,0.2,0,0.5,10,9.5,10,rrt_20260806_233212_047.png
20260806_233212_244,2026-08-06 23:32:12,True,342,89,17.41579392359684,35,0.52,0.7,0.2,0,0.5,10,9.5,10,rrt_20260806_233212_244.png
20260806_233212_423,2026-08-06 23:32:12,True,286,53,17.029360032288917,34,0.52,0.7,0.2,0,0.5,10,9.5,10,rrt_20260806_233212_423.png
20260806_233212_583,2026-08-06 23:32:12,True,163,46,15.444229355555576,31,0.52,0.7,0.2,0,0.5,10,9.5,10,rrt_20260806_233212_583.png
20260806_233212_846,2026-08-06 23:32:12,True,729,105,18.484299199829525,37,0.52,0.7,0.2,0,0.5,10,9.5,10,rrt_20260806_233212_846.png
20260806_233213_069,2026-08-06 23:32:13,True,640,80,18.942961124479954,38,0.52,0.7,0.2,0,0.5,10,9.5,10,rrt_20260806_233213_069.png
20260806_233213_263,2026-08-06 23:32:13,True,59,44,15.079999999999997,30,0.52,0.7,0.2,0,0.5,10,9.5,10,rrt_20260806_233213_263.png
20260806_233213_456,2026-08-06 23:32:13,True,621,81,17.382328258286975,35,0.52,0.8,0.2,0,0.5,10,9.5,10,rrt_20260806_233213_456.png
20260806_233214_683,2026-08-06 23:32:14,False,10000,71,0.0,0,0.52,0.8,0.2,0,0.5,10,9.5,10,rrt_20260806_233214_683.png
20260806_233214_951,2026-08-06 23:32:14,True,191,61,17.679999999999993,35,0.52,0.8,0.2,0,0.5,10,9.5,10,rrt_20260806_233214_951.png
20260806_233216_824,2026-08-06 23:32:16,False,10000,132,0.0,0,0.52,0.8,0.2,0,0.5,10,9.5,10,rrt_20260806_233216_824.png
20260806_233217_045,2026-08-06 23:32:17,True,87,56,15.075551516906671,30,0.52,0.8,0.2,0,0.5,10,9.5,10,rrt_20260806_233217_045.png
20260806_233217_217,2026-08-06 23:32:17,True,220,76,16.639999999999993,33,0.52,0.8,0.2,0,0.5,10,9.5,10,rrt_20260806_233217_217.png
20260806_233217_383,2026-08-06 23:32:17,True,112,50,15.880417764638322,32,0.52,0.8,0.2,0,0.5,10,9.5,10,rrt_20260806_233217_383.png
20260806_233217_584,2026-08-06 23:32:17,True,528,87,18.709439432785075,37,0.52,0.8,0.2,0,0.5,10,9.5,10,rrt_20260806_233217_584.png
20260806_233217_855,2026-08-06 23:32:17,True,214,63,17.08854852126016,34,0.52,0.8,0.2,0,0.5,10,9.5,10,rrt_20260806_233217_855.png
20260806_233218_015,2026-08-06 23:32:18,True,115,47,17.153269459250822,34,0.52,0.8,0.2,0,0.5,10,9.5,10,rrt_20260806_233218_015.png
20260806_233218_197,2026-08-06 23:32:18,True,394,88,22.74789910923102,45,0.52,0.8,0.2,0,0.5,10,9.5,10,rrt_20260806_233218_197.png
20260806_233218_368,2026-08-06 23:32:18,True,135,51,16.46379527131784,33,0.52,0.8,0.2,0,0.5,10,9.5,10,rrt_20260806_233218_368.png
20260806_233218_545,2026-08-06 23:32:18,True,138,61,17.155556906143335,34,0.52,0.8,0.2,0,0.5,10,9.5,10,rrt_20260806_233218_545.png
20260806_233218_710,2026-08-06 23:32:18,True,96,47,15.583858969319047,31,0.52,0.8,0.2,0,0.5,10,9.5,10,rrt_20260806_233218_710.png
20260806_233218_938,2026-08-06 23:32:18,True,125,57,15.40046893556505,31,0.52,0.8,0.2,0,0.5,10,9.5,10,rrt_20260806_233218_938.png
20260806_233219_128,2026-08-06 23:32:19,True,175,61,18.199999999999996,36,0.52,0.8,0.2,0,0.5,10,9.5,10,rrt_20260806_233219_128.png
20260806_233219_355,2026-08-06 23:32:19,True,695,85,20.79999999999999,41,0.52,0.8,0.2,0,0.5,10,9.5,10,rrt_20260806_233219_355.png
20260806_233219_619,2026-08-06 23:32:19,True,871,97,19.239999999999995,38,0.52,0.8,0.2,0,0.5,10,9.5,10,rrt_20260806_233219_619.png
20260806_233219_858,2026-08-06 23:32:19,True,204,58,16.12,32,0.52,0.8,0.2,0,0.5,10,9.5,10,rrt_20260806_233219_858.png
20260806_233220_017,2026-08-06 23:32:20,True,91,43,16.429375423481446,33,0.52,0.8,0.2,0,0.5,10,9.5,10,rrt_20260806_233220_017.png
20260806_233221_437,2026-08-06 23:32:21,False,10000,92,0.0,0,0.52,0.8,0.2,0,0.5,10,9.5,10,rrt_20260806_233221_437.png
20260806_233221_647,2026-08-06 23:32:21,True,62,40,15.481192133245214,31,0.52,0.8,0.2,0,0.5,10,9.5,10,rrt_20260806_233221_647.png
20260806_233221_800,2026-08-06 23:32:21,True,90,50,16.07391763290896,32,0.52,0.8,0.2,0,0.5,10,9.5,10,rrt_20260806_233221_800.png
20260806_233221_978,2026-08-06 23:32:21,True,144,59,15.815058598338833,32,0.52,0.8,0.2,0,0.5,10,9.5,10,rrt_20260806_233221_978.png
20260806_233223_346,2026-08-06 23:32:23,False,10000,88,0.0,0,0.52,0.8,0.2,0,0.5,10,9.5,10,rrt_20260806_233223_346.png
20260806_233223_592,2026-08-06 23:32:23,True,104,50,16.0323261400271,32,0.52,0.8,0.2,0,0.5,10,9.5,10,rrt_20260806_233223_592.png
20260806_233223_842,2026-08-06 23:32:23,True,682,90,18.619001550403738,37,0.52,0.8,0.2,0,0.5,10,9.5,10,rrt_20260806_233223_842.png
20260806_233224_012,2026-08-06 23:32:24,True,140,59,16.874502524792224,34,0.52,0.8,0.2,0,0.5,10,9.5,10,rrt_20260806_233224_012.png
20260806_233224_270,2026-08-06 23:32:24,True,1029,104,17.548437835765434,35,0.52,0.8,0.2,0,0.5,10,9.5,10,rrt_20260806_233224_270.png
20260806_233224_452,2026-08-06 23:32:24,True,183,55,16.89172183189716,34,0.52,0.8,0.2,0,0.5,10,9.5,10,rrt_20260806_233224_452.png
20260806_233226_121,2026-08-06 23:32:26,False,10000,117,0.0,0,0.52,0.8,0.2,0,0.5,10,9.5,10,rrt_20260806_233226_121.png
20260806_233226_373,2026-08-06 23:32:26,True,149,58,16.639999999999997,33,0.52,0.8,0.2,0,0.5,10,9.5,10,rrt_20260806_233226_373.png
20260806_233226_539,2026-08-06 23:32:26,True,178,69,16.639999999999993,33,0.52,0.8,0.2,0,0.5,10,9.5,10,rrt_20260806_233226_539.png
20260806_233226_713,2026-08-06 23:32:26,True,166,58,16.431889697970213,33,0.52,0.8,0.2,0,0.5,10,9.5,10,rrt_20260806_233226_713.png
20260806_233226_871,2026-08-06 23:32:26,True,102,46,16.940952160597057,34,0.52,0.8,0.2,0,0.5,10,9.5,10,rrt_20260806_233226_871.png
20260806_233227_110,2026-08-06 23:32:27,True,800,74,16.366477460424417,33,0.52,0.8,0.2,0,0.5,10,9.5,10,rrt_20260806_233227_110.png
20260806_233227_320,2026-08-06 23:32:27,True,429,83,18.71999999999999,37,0.52,0.8,0.2,0,0.5,10,9.5,10,rrt_20260806_233227_320.png
20260806_233228_293,2026-08-06 23:32:28,False,10000,51,0.0,0,0.52,0.8,0.2,0,0.5,10,9.5,10,rrt_20260806_233228_293.png
20260806_233228_515,2026-08-06 23:32:28,True,199,65,17.506571827546836,35,0.52,0.8,0.2,0,0.5,10,9.5,10,rrt_20260806_233228_515.png
20260806_233228_675,2026-08-06 23:32:28,True,137,56,15.521847487314945,31,0.52,0.8,0.2,0,0.5,10,9.5,10,rrt_20260806_233228_675.png
20260806_233228_833,2026-08-06 23:32:28,True,76,45,16.119999999999997,32,0.52,0.8,0.2,0,0.5,10,9.5,10,rrt_20260806_233228_833.png
20260806_233228_991,2026-08-06 23:32:28,True,97,49,15.456536335120727,31,0.52,0.8,0.2,0,0.5,10,9.5,10,rrt_20260806_233228_991.png
20260806_233229_152,2026-08-06 23:32:29,True,106,53,15.490509069903261,31,0.52,0.8,0.2,0,0.5,10,9.5,10,rrt_20260806_233229_152.png
20260806_233230_217,2026-08-06 23:32:30,False,10000,51,0.0,0,0.52,0.8,0.2,0,0.5,10,9.5,10,rrt_20260806_233230_217.png
20260806_233230_452,2026-08-06 23:32:30,True,104,51,15.599999999999996,31,0.52,0.8,0.2,0,0.5,10,9.5,10,rrt_20260806_233230_452.png
20260806_233232_346,2026-08-06 23:32:32,False,10000,138,0.0,0,0.52,0.8,0.2,0,0.5,10,9.5,10,rrt_20260806_233232_346.png
20260806_233232_593,2026-08-06 23:32:32,True,105,53,15.079999999999998,30,0.52,0.8,0.2,0,0.5,10,9.5,10,rrt_20260806_233232_593.png
20260806_233232_757,2026-08-06 23:32:32,True,126,60,17.9157985891567,36,0.52,0.8,0.2,0,0.5,10,9.5,10,rrt_20260806_233232_757.png
20260806_233234_227,2026-08-06 23:32:34,False,10000,90,0.0,0,0.52,0.8,0.2,0,0.5,10,9.5,10,rrt_20260806_233234_227.png
20260806_233235_109,2026-08-06 23:32:35,False,10000,42,0.0,0,0.52,0.8,0.2,0,0.5,10,9.5,10,rrt_20260806_233235_109.png
20260806_233236_544,2026-08-06 23:32:36,False,10000,88,0.0,0,0.52,0.8,0.2,0,0.5,10,9.5,10,rrt_20260806_233236_544.png
20260806_233236_764,2026-08-06 23:32:36,True,155,54,16.119999999999994,32,0.52,0.8,0.2,0,0.5,10,9.5,10,rrt_20260806_233236_764.png
20260806_233237_017,2026-08-06 23:32:37,True,123,52,15.872870647242326,32,0.52,0.8,0.2,0,0.5,10,9.5,10,rrt_20260806_233237_017.png
20260806_233237_186,2026-08-06 23:32:37,True,256,74,16.852859830987093,34,0.52,0.8,0.2,0,0.5,10,9.5,10,rrt_20260806_233237_186.png
20260806_233237_375,2026-08-06 23:32:37,True,87,46,15.33444994562727,31,0.52,0.8,0.2,0,0.5,10,9.5,10,rrt_20260806_233237_375.png
20260806_233237_530,2026-08-06 23:32:37,True,93,43,15.50631684592388,31,0.52,0.8,0.2,0,0.5,10,9.5,10,rrt_20260806_233237_530.png
20260806_233237_690,2026-08-06 23:32:37,True,159,59,16.62032899929737,33,0.52,0.8,0.2,0,0.5,10,9.5,10,rrt_20260806_233237_690.png
20260806_233238_679,2026-08-06 23:32:38,False,10000,47,0.0,0,0.52,0.8,0.2,0,0.5,10,9.5,10,rrt_20260806_233238_679.png
20260806_233238_926,2026-08-06 23:32:38,True,279,66,15.867456832510856,32,0.52,0.8,0.2,0,0.5,10,9.5,10,rrt_20260806_233238_926.png
20260806_233239_113,2026-08-06 23:32:39,True,417,81,18.977275991546712,38,0.52,0.8,0.2,0,0.5,10,9.5,10,rrt_20260806_233239_113.png
20260806_233239_280,2026-08-06 23:32:39,True,120,49,15.996326783327685,32,0.52,0.8,0.2,0,0.5,10,9.5,10,rrt_20260806_233239_280.png
20260806_233239_466,2026-08-06 23:32:39,True,93,47,16.639999999999997,33,0.52,0.8,0.2,0,0.5,10,9.5,10,rrt_20260806_233239_466.png
20260806_233239_631,2026-08-06 23:32:39,True,238,61,18.719999999999995,37,0.52,0.8,0.2,0,0.5,10,9.5,10,rrt_20260806_233239_631.png
20260806_233241_317,2026-08-06 23:32:41,False,10000,118,0.0,0,0.52,0.8,0.2,0,0.5,10,9.5,10,rrt_20260806_233241_317.png
20260806_233242_714,2026-08-06 23:32:42,False,10000,82,0.0,0,0.52,0.8,0.2,0,0.5,10,9.5,10,rrt_20260806_233242_714.png
20260806_233243_779,2026-08-06 23:32:43,False,10000,50,0.0,0,0.52,0.8,0.2,0,0.5,10,9.5,10,rrt_20260806_233243_779.png
20260806_233245_246,2026-08-06 23:32:45,False,10000,87,0.0,0,0.52,0.8,0.2,0,0.5,10,9.5,10,rrt_20260806_233245_246.png
20260806_233245_514,2026-08-06 23:32:45,True,361,77,18.71999999999999,37,0.52,0.8,0.2,0,0.5,10,9.5,10,rrt_20260806_233245_514.png
20260806_233247_085,2026-08-06 23:32:47,False,10000,103,0.0,0,0.52,0.8,0.2,0,0.5,10,9.5,10,rrt_20260806_233247_085.png
20260806_233247_308,2026-08-06 23:32:47,True,166,63,16.119999999999994,32,0.52,0.8,0.2,0,0.5,10,9.5,10,rrt_20260806_233247_308.png
20260806_233247_492,2026-08-06 23:32:47,True,89,40,14.559999999999993,29,0.52,0.8,0.2,0,0.5,10,9.5,10,rrt_20260806_233247_492.png
20260806_233247_658,2026-08-06 23:32:47,True,258,78,17.4443981257031,35,0.52,0.8,0.2,0,0.5,10,9.5,10,rrt_20260806_233247_658.png
20260806_233248_669,2026-08-06 23:32:48,False,10000,49,0.0,0,0.52,0.8,0.2,0,0.5,10,9.5,10,rrt_20260806_233248_669.png
20260806_233248_970,2026-08-06 23:32:48,True,180,56,18.091824754041845,36,0.52,0.8,0.2,0,0.5,10,9.5,10,rrt_20260806_233248_970.png
20260806_233249_931,2026-08-06 23:32:49,False,10000,48,0.0,0,0.52,0.8,0.2,0,0.5,10,9.5,10,rrt_20260806_233249_931.png
20260806_233250_137,2026-08-06 23:32:50,True,144,50,16.48406558203504,33,0.52,0.8,0.2,0,0.5,10,9.5,10,rrt_20260806_233250_137.png
20260806_233250_301,2026-08-06 23:32:50,True,135,62,17.94313295981901,36,0.52,0.8,0.2,0,0.5,10,9.5,10,rrt_20260806_233250_301.png
20260806_233251_367,2026-08-06 23:32:51,False,10000,52,0.0,0,0.52,0.8,0.2,0,0.5,10,9.5,10,rrt_20260806_233251_367.png
20260806_233253_038,2026-08-06 23:32:53,False,10000,108,0.0,0,0.52,0.8,0.2,0,0.5,10,9.5,10,rrt_20260806_233253_038.png
20260806_233253_288,2026-08-06 23:32:53,True,123,51,17.96830152202545,36,0.52,0.8,0.2,0,0.5,10,9.5,10,rrt_20260806_233253_288.png
20260806_233254_235,2026-08-06 23:32:54,False,10000,45,0.0,0,0.52,0.8,0.2,0,0.5,10,9.5,10,rrt_20260806_233254_235.png
20260806_233254_452,2026-08-06 23:32:54,True,98,43,14.860259908830685,30,0.52,0.8,0.2,0,0.5,10,9.5,10,rrt_20260806_233254_452.png
20260806_233254_615,2026-08-06 23:32:54,True,189,58,17.663858386462298,35,0.52,0.8,0.2,0,0.5,10,9.5,10,rrt_20260806_233254_615.png
20260806_233256_437,2026-08-06 23:32:56,False,10000,126,0.0,0,0.52,0.8,0.2,0,0.5,10,9.5,10,rrt_20260806_233256_437.png
20260806_233256_660,2026-08-06 23:32:56,True,82,50,16.07144903012361,32,0.52,0.8,0.2,0,0.5,10,9.5,10,rrt_20260806_233256_660.png
20260806_233256_819,2026-08-06 23:32:56,True,104,51,15.878739387890784,32,0.52,0.8,0.2,0,0.5,10,9.5,10,rrt_20260806_233256_819.png
20260806_233256_976,2026-08-06 23:32:56,True,115,55,16.397497652903883,33,0.52,0.8,0.2,0,0.5,10,9.5,10,rrt_20260806_233256_976.png
20260806_233257_135,2026-08-06 23:32:57,True,119,48,16.03360783298972,32,0.52,0.8,0.2,0,0.5,10,9.5,10,rrt_20260806_233257_135.png
20260806_233257_327,2026-08-06 23:32:57,True,138,56,16.328620046735274,33,0.52,0.8,0.2,0,0.5,10,9.5,10,rrt_20260806_233257_327.png
20260806_233257_520,2026-08-06 23:32:57,True,168,56,15.599999999999998,31,0.52,0.8,0.2,0,0.5,10,9.5,10,rrt_20260806_233257_520.png
20260806_233257_681,2026-08-06 23:32:57,True,145,64,18.71999999999999,37,0.52,0.8,0.2,0,0.5,10,9.5,10,rrt_20260806_233257_681.png
20260806_233257_855,2026-08-06 23:32:57,True,84,55,15.90197010359956,32,0.52,0.8,0.2,0,0.5,10,9.5,10,rrt_20260806_233257_855.png
20260806_233258_038,2026-08-06 23:32:58,True,437,83,18.71999999999999,37,0.52,0.8,0.2,0,0.5,10,9.5,10,rrt_20260806_233258_038.png
20260806_233258_202,2026-08-06 23:32:58,True,85,47,15.599999999999998,31,0.52,0.8,0.2,0,0.5,10,9.5,10,rrt_20260806_233258_202.png
20260806_233258_358,2026-08-06 23:32:58,True,68,47,15.379118335469931,31,0.52,0.8,0.2,0,0.5,10,9.5,10,rrt_20260806_233258_358.png
20260806_233258_518,2026-08-06 23:32:58,True,88,57,15.6,31,0.52,0.8,0.2,0,0.5,10,9.5,10,rrt_20260806_233258_518.png
20260806_233259_552,2026-08-06 23:32:59,False,10000,49,0.0,0,0.52,0.8,0.2,0,0.5,10,9.5,10,rrt_20260806_233259_552.png
20260806_233259_788,2026-08-06 23:32:59,True,86,45,14.559999999999999,29,0.52,0.8,0.2,0,0.5,10,9.5,10,rrt_20260806_233259_788.png
20260806_233301_173,2026-08-06 23:33:01,False,10000,88,0.0,0,0.52,0.8,0.2,0,0.5,10,9.5,10,rrt_20260806_233301_173.png
20260806_233302_376,2026-08-06 23:33:02,False,10000,62,0.0,0,0.52,0.8,0.2,0,0.5,10,9.5,10,rrt_20260806_233302_376.png
20260806_233302_620,2026-08-06 23:33:02,True,199,74,17.377429247564283,35,0.52,0.9,0.2,0,0.5,10,9.5,10,rrt_20260806_233302_620.png
20260806_233302_857,2026-08-06 23:33:02,True,304,71,19.23999999999999,38,0.52,0.9,0.2,0,0.5,10,9.5,10,rrt_20260806_233302_857.png
20260806_233303_107,2026-08-06 23:33:03,True,344,73,16.106221351986513,32,0.52,0.9,0.2,0,0.5,10,9.5,10,rrt_20260806_233303_107.png
20260806_233303_273,2026-08-06 23:33:03,True,92,54,14.856916122117653,30,0.52,0.9,0.2,0,0.5,10,9.5,10,rrt_20260806_233303_273.png
20260806_233303_448,2026-08-06 23:33:03,True,260,69,16.54983694874867,33,0.52,0.9,0.2,0,0.5,10,9.5,10,rrt_20260806_233303_448.png
20260806_233303_660,2026-08-06 23:33:03,True,125,65,15.876899421554766,32,0.52,0.9,0.2,0,0.5,10,9.5,10,rrt_20260806_233303_660.png
20260806_233303_952,2026-08-06 23:33:03,True,178,67,16.44090198047676,33,0.52,0.9,0.2,0,0.5,10,9.5,10,rrt_20260806_233303_952.png
20260806_233304_143,2026-08-06 23:33:04,True,228,65,17.679999999999993,35,0.52,0.9,0.2,0,0.5,10,9.5,10,rrt_20260806_233304_143.png
20260806_233304_327,2026-08-06 23:33:04,True,430,77,17.159999999999993,34,0.52,0.9,0.2,0,0.5,10,9.5,10,rrt_20260806_233304_327.png
20260806_233304_524,2026-08-06 23:33:04,True,142,61,18.714019551615436,37,0.52,0.9,0.2,0,0.5,10,9.5,10,rrt_20260806_233304_524.png
20260806_233304_741,2026-08-06 23:33:04,True,615,93,16.639999999999997,33,0.52,0.9,0.2,0,0.5,10,9.5,10,rrt_20260806_233304_741.png
20260806_233305_668,2026-08-06 23:33:05,False,10000,40,0.0,0,0.52,0.9,0.2,0,0.5,10,9.5,10,rrt_20260806_233305_668.png
20260806_233305_913,2026-08-06 23:33:05,True,213,71,18.998542768523734,38,0.52,0.9,0.2,0,0.5,10,9.5,10,rrt_20260806_233305_913.png
20260806_233306_077,2026-08-06 23:33:06,True,125,56,16.422337044170696,33,0.52,0.9,0.2,0,0.5,10,9.5,10,rrt_20260806_233306_077.png
20260806_233306_258,2026-08-06 23:33:06,True,249,68,16.84854767192501,34,0.52,0.9,0.2,0,0.5,10,9.5,10,rrt_20260806_233306_258.png
20260806_233308_059,2026-08-06 23:33:08,False,10000,125,0.0,0,0.52,0.9,0.2,0,0.5,10,9.5,10,rrt_20260806_233308_059.png
20260806_233308_293,2026-08-06 23:33:08,True,197,66,17.92865347200153,36,0.52,0.9,0.2,0,0.5,10,9.5,10,rrt_20260806_233308_293.png
20260806_233309_904,2026-08-06 23:33:09,False,10000,109,0.0,0,0.52,0.9,0.2,0,0.5,10,9.5,10,rrt_20260806_233309_904.png
20260806_233310_136,2026-08-06 23:33:10,True,142,63,17.679999999999996,35,0.52,0.9,0.2,0,0.5,10,9.5,10,rrt_20260806_233310_136.png
20260806_233310_302,2026-08-06 23:33:10,True,143,55,16.119999999999994,32,0.52,0.9,0.2,0,0.5,10,9.5,10,rrt_20260806_233310_302.png
20260806_233310_477,2026-08-06 23:33:10,True,236,61,15.484831561737138,31,0.52,0.9,0.2,0,0.5,10,9.5,10,rrt_20260806_233310_477.png
20260806_233311_523,2026-08-06 23:33:11,False,10000,50,0.0,0,0.52,0.9,0.2,0,0.5,10,9.5,10,rrt_20260806_233311_523.png
20260806_233311_842,2026-08-06 23:33:11,True,599,72,19.239999999999995,38,0.52,0.9,0.2,0,0.5,10,9.5,10,rrt_20260806_233311_842.png
20260806_233312_060,2026-08-06 23:33:12,True,235,59,16.875697200168098,34,0.52,0.9,0.2,0,0.5,10,9.5,10,rrt_20260806_233312_060.png
20260806_233313_620,2026-08-06 23:33:13,False,10000,107,0.0,0,0.52,0.9,0.2,0,0.5,10,9.5,10,rrt_20260806_233313_620.png
20260806_233313_879,2026-08-06 23:33:13,True,151,57,18.069154157345718,36,0.52,0.9,0.2,0,0.5,10,9.5,10,rrt_20260806_233313_879.png
20260806_233314_058,2026-08-06 23:33:14,True,241,63,15.890138595886421,32,0.52,0.9,0.2,0,0.5,10,9.5,10,rrt_20260806_233314_058.png
20260806_233314_240,2026-08-06 23:33:14,True,179,70,16.922115075785257,34,0.52,0.9,0.2,0,0.5,10,9.5,10,rrt_20260806_233314_240.png
20260806_233314_617,2026-08-06 23:33:14,True,1813,105,20.799999999999994,41,0.52,0.9,0.2,0,0.5,10,9.5,10,rrt_20260806_233314_617.png
20260806_233314_827,2026-08-06 23:33:14,True,226,65,18.71999999999999,37,0.52,0.9,0.2,0,0.5,10,9.5,10,rrt_20260806_233314_827.png
20260806_233315_056,2026-08-06 23:33:15,True,216,64,16.549353529117884,33,0.52,0.9,0.2,0,0.5,10,9.5,10,rrt_20260806_233315_056.png
20260806_233315_270,2026-08-06 23:33:15,True,155,67,15.599999999999998,31,0.52,0.9,0.2,0,0.5,10,9.5,10,rrt_20260806_233315_270.png
20260806_233315_595,2026-08-06 23:33:15,True,487,108,16.581388160864343,33,0.52,0.9,0.2,0,0.5,10,9.5,10,rrt_20260806_233315_595.png
20260806_233316_577,2026-08-06 23:33:16,False,10000,47,0.0,0,0.52,0.9,0.2,0,0.5,10,9.5,10,rrt_20260806_233316_577.png
20260806_233316_798,2026-08-06 23:33:16,True,201,60,19.520453015529927,39,0.52,0.9,0.2,0,0.5,10,9.5,10,rrt_20260806_233316_798.png
20260806_233316_970,2026-08-06 23:33:16,True,183,71,17.679999999999993,35,0.52,0.9,0.2,0,0.5,10,9.5,10,rrt_20260806_233316_970.png
20260806_233317_134,2026-08-06 23:33:17,True,169,54,16.07552321180934,32,0.52,0.9,0.2,0,0.5,10,9.5,10,rrt_20260806_233317_134.png
20260806_233317_299,2026-08-06 23:33:17,True,192,67,17.470754382493748,35,0.52,0.9,0.2,0,0.5,10,9.5,10,rrt_20260806_233317_299.png
20260806_233317_472,2026-08-06 23:33:17,True,165,61,16.639999999999997,33,0.52,0.9,0.2,0,0.5,10,9.5,10,rrt_20260806_233317_472.png
20260806_233318_485,2026-08-06 23:33:18,False,10000,49,0.0,0,0.52,0.9,0.2,0,0.5,10,9.5,10,rrt_20260806_233318_485.png
20260806_233319_443,2026-08-06 23:33:19,False,10000,42,0.0,0,0.52,0.9,0.2,0,0.5,10,9.5,10,rrt_20260806_233319_443.png
20260806_233319_679,2026-08-06 23:33:19,True,174,71,16.119999999999997,32,0.52,0.9,0.2,0,0.5,10,9.5,10,rrt_20260806_233319_679.png
20260806_233319_855,2026-08-06 23:33:19,True,162,64,15.894239564120483,32,0.52,0.9,0.2,0,0.5,10,9.5,10,rrt_20260806_233319_855.png
20260806_233320_019,2026-08-06 23:33:20,True,167,61,16.119999999999994,32,0.52,0.9,0.2,0,0.5,10,9.5,10,rrt_20260806_233320_019.png
20260806_233321_704,2026-08-06 23:33:21,False,10000,116,0.0,0,0.52,0.9,0.2,0,0.5,10,9.5,10,rrt_20260806_233321_704.png
20260806_233321_924,2026-08-06 23:33:21,True,108,62,16.002152904198553,32,0.52,0.9,0.2,0,0.5,10,9.5,10,rrt_20260806_233321_924.png
20260806_233322_099,2026-08-06 23:33:22,True,119,53,17.102270257007977,34,0.52,0.9,0.2,0,0.5,10,9.5,10,rrt_20260806_233322_099.png
20260806_233322_257,2026-08-06 23:33:22,True,123,55,15.599999999999998,31,0.52,0.9,0.2,0,0.5,10,9.5,10,rrt_20260806_233322_257.png
20260806_233324_204,2026-08-06 23:33:24,False,10000,143,0.0,0,0.52,0.9,0.2,0,0.5,10,9.5,10,rrt_20260806_233324_204.png
20260806_233324_476,2026-08-06 23:33:24,True,182,61,16.119999999999994,32,0.52,0.9,0.2,0,0.5,10,9.5,10,rrt_20260806_233324_476.png
20260806_233324_681,2026-08-06 23:33:24,True,302,83,16.385818322018235,33,0.52,0.9,0.2,0,0.5,10,9.5,10,rrt_20260806_233324_681.png
20260806_233324_854,2026-08-06 23:33:24,True,132,56,16.639999999999993,33,0.52,0.9,0.2,0,0.5,10,9.5,10,rrt_20260806_233324_854.png
20260806_233325_023,2026-08-06 23:33:25,True,228,66,16.961932745133947,34,0.52,0.9,0.2,0,0.5,10,9.5,10,rrt_20260806_233325_023.png
20260806_233325_194,2026-08-06 23:33:25,True,279,66,16.431529778301982,33,0.52,0.9,0.2,0,0.5,10,9.5,10,rrt_20260806_233325_194.png
20260806_233326_631,2026-08-06 23:33:26,False,10000,90,0.0,0,0.52,0.9,0.2,0,0.5,10,9.5,10,rrt_20260806_233326_631.png
20260806_233327_046,2026-08-06 23:33:27,True,1360,87,20.13724272471475,40,0.52,0.9,0.2,0,0.5,10,9.5,10,rrt_20260806_233327_046.png
20260806_233328_595,2026-08-06 23:33:28,False,10000,103,0.0,0,0.52,0.9,0.2,0,0.5,10,9.5,10,rrt_20260806_233328_595.png
20260806_233328_848,2026-08-06 23:33:28,True,405,74,19.711170905365105,39,0.52,0.9,0.2,0,0.5,10,9.5,10,rrt_20260806_233328_848.png
20260806_233329_023,2026-08-06 23:33:29,True,175,63,17.679999999999993,35,0.52,0.9,0.2,0,0.5,10,9.5,10,rrt_20260806_233329_023.png
20260806_233329_222,2026-08-06 23:33:29,True,95,50,15.336470241757226,31,0.52,0.9,0.2,0,0.5,10,9.5,10,rrt_20260806_233329_222.png
20260806_233329_494,2026-08-06 23:33:29,True,736,100,19.239999999999995,38,0.52,0.9,0.2,0,0.5,10,9.5,10,rrt_20260806_233329_494.png
20260806_233329_691,2026-08-06 23:33:29,True,317,82,17.159999999999997,34,0.52,0.9,0.2,0,0.5,10,9.5,10,rrt_20260806_233329_691.png
20260806_233329_872,2026-08-06 23:33:29,True,144,68,16.64,33,0.52,0.9,0.2,0,0.5,10,9.5,10,rrt_20260806_233329_872.png
20260806_233330_039,2026-08-06 23:33:30,True,130,60,17.894390365930953,36,0.52,0.9,0.2,0,0.5,10,9.5,10,rrt_20260806_233330_039.png
20260806_233330_236,2026-08-06 23:33:30,True,125,66,16.060491099276657,32,0.52,0.9,0.2,0,0.5,10,9.5,10,rrt_20260806_233330_236.png
20260806_233331_172,2026-08-06 23:33:31,False,10000,48,0.0,0,0.52,0.9,0.2,0,0.5,10,9.5,10,rrt_20260806_233331_172.png
20260806_233331_408,2026-08-06 23:33:31,True,147,55,16.460911127935763,33,0.52,0.9,0.2,0,0.5,10,9.5,10,rrt_20260806_233331_408.png
20260806_233331_574,2026-08-06 23:33:31,True,173,72,17.159999999999993,34,0.52,0.9,0.2,0,0.5,10,9.5,10,rrt_20260806_233331_574.png
20260806_233331_772,2026-08-06 23:33:31,True,148,61,16.11210655577847,32,0.52,0.9,0.2,0,0.5,10,9.5,10,rrt_20260806_233331_772.png
20260806_233331_945,2026-08-06 23:33:31,True,131,61,15.079999999999995,30,0.52,0.9,0.2,0,0.5,10,9.5,10,rrt_20260806_233331_945.png
20260806_233332_111,2026-08-06 23:33:32,True,235,61,16.08477038465041,32,0.52,0.9,0.2,0,0.5,10,9.5,10,rrt_20260806_233332_111.png
20260806_233332_283,2026-08-06 23:33:32,True,213,71,17.54916852964222,35,0.52,0.9,0.2,0,0.5,10,9.5,10,rrt_20260806_233332_283.png
20260806_233332_479,2026-08-06 23:33:32,True,146,55,15.833879103237267,32,0.52,0.9,0.2,0,0.5,10,9.5,10,rrt_20260806_233332_479.png
20260806_233332_652,2026-08-06 23:33:32,True,289,68,17.159999999999997,34,0.52,0.9,0.2,0,0.5,10,9.5,10,rrt_20260806_233332_652.png
20260806_233332_880,2026-08-06 23:33:32,True,873,75,15.822575823040841,32,0.52,0.9,0.2,0,0.5,10,9.5,10,rrt_20260806_233332_880.png
20260806_233334_335,2026-08-06 23:33:34,False,10000,93,0.0,0,0.52,0.9,0.2,0,0.5,10,9.5,10,rrt_20260806_233334_335.png
20260806_233334_583,2026-08-06 23:33:34,True,286,76,16.119999999999994,32,0.52,0.9,0.2,0,0.5,10,9.5,10,rrt_20260806_233334_583.png
20260806_233335_607,2026-08-06 23:33:35,False,10000,51,0.0,0,0.52,0.9,0.2,0,0.5,10,9.5,10,rrt_20260806_233335_607.png
20260806_233335_839,2026-08-06 23:33:35,True,371,87,16.842084594292654,34,0.52,0.9,0.2,0,0.5,10,9.5,10,rrt_20260806_233335_839.png
20260806_233336_011,2026-08-06 23:33:36,True,115,55,16.098639817196176,32,0.52,0.9,0.2,0,0.5,10,9.5,10,rrt_20260806_233336_011.png
20260806_233336_195,2026-08-06 23:33:36,True,297,68,15.079999999999995,30,0.52,0.9,0.2,0,0.5,10,9.5,10,rrt_20260806_233336_195.png
20260806_233336_446,2026-08-06 23:33:36,True,1049,90,18.719999999999995,37,0.52,0.9,0.2,0,0.5,10,9.5,10,rrt_20260806_233336_446.png
20260806_233336_656,2026-08-06 23:33:36,True,451,77,16.98260380836254,34,0.52,0.9,0.2,0,0.5,10,9.5,10,rrt_20260806_233336_656.png
20260806_233338_270,2026-08-06 23:33:38,False,10000,102,0.0,0,0.52,0.9,0.2,0,0.5,10,9.5,10,rrt_20260806_233338_270.png
20260806_233338_549,2026-08-06 23:33:38,True,300,109,19.239999999999995,38,0.52,0.9,0.2,0,0.5,10,9.5,10,rrt_20260806_233338_549.png
20260806_233338_832,2026-08-06 23:33:38,True,196,63,16.119999999999994,32,0.52,0.9,0.2,0,0.5,10,9.5,10,rrt_20260806_233338_832.png
20260806_233339_052,2026-08-06 23:33:39,True,160,50,16.333197273296488,33,0.52,0.9,0.2,0,0.5,10,9.5,10,rrt_20260806_233339_052.png
20260806_233339_256,2026-08-06 23:33:39,True,83,55,16.103502584104806,32,0.52,0.9,0.2,0,0.5,10,9.5,10,rrt_20260806_233339_256.png
20260806_233341_350,2026-08-06 23:33:41,False,10000,136,0.0,0,0.52,0.9,0.2,0,0.5,10,9.5,10,rrt_20260806_233341_350.png
20260806_233341_632,2026-08-06 23:33:41,True,313,72,15.86837105471475,32,0.52,0.9,0.2,0,0.5,10,9.5,10,rrt_20260806_233341_632.png
20260806_233341_839,2026-08-06 23:33:41,True,113,51,15.933640145187193,32,0.52,0.9,0.2,0,0.5,10,9.5,10,rrt_20260806_233341_839.png
20260806_233342_028,2026-08-06 23:33:42,True,126,48,16.487362737486862,33,0.52,0.9,0.2,0,0.5,10,9.5,10,rrt_20260806_233342_028.png
20260806_233342_226,2026-08-06 23:33:42,True,124,56,16.432909839648726,33,0.52,0.9,0.2,0,0.5,10,9.5,10,rrt_20260806_233342_226.png
20260806_233342_424,2026-08-06 23:33:42,True,162,62,16.119999999999994,32,0.52,0.9,0.2,0,0.5,10,9.5,10,rrt_20260806_233342_424.png
20260806_233342_720,2026-08-06 23:33:42,True,249,79,16.38575321004984,33,0.52,0.9,0.2,0,0.5,10,9.5,10,rrt_20260806_233342_720.png
20260806_233343_912,2026-08-06 23:33:43,False,10000,61,0.0,0,0.52,0.9,0.2,0,0.5,10,9.5,10,rrt_20260806_233343_912.png
20260806_233344_165,2026-08-06 23:33:44,True,195,62,17.484319134088995,35,0.52,0.9,0.2,0,0.5,10,9.5,10,rrt_20260806_233344_165.png
20260806_233344_360,2026-08-06 23:33:44,True,199,67,17.4492492630241,35,0.52,0.9,0.2,0,0.5,10,9.5,10,rrt_20260806_233344_360.png
20260806_233344_549,2026-08-06 23:33:44,True,88,53,15.599999999999994,31,0.52,0.9,0.2,0,0.5,10,9.5,10,rrt_20260806_233344_549.png
20260806_233344_794,2026-08-06 23:33:44,True,586,80,15.909221069128412,32,0.52,0.9,0.2,0,0.5,10,9.5,10,rrt_20260806_233344_794.png
20260806_233345_120,2026-08-06 23:33:45,True,765,106,18.719999999999995,37,0.52,1.0,0.2,0,0.5,10,9.5,10,rrt_20260806_233345_120.png
20260806_233346_814,2026-08-06 23:33:46,False,10000,111,0.0,0,0.52,1.0,0.2,0,0.5,10,9.5,10,rrt_20260806_233346_814.png
20260806_233347_989,2026-08-06 23:33:47,False,10000,63,0.0,0,0.52,1.0,0.2,0,0.5,10,9.5,10,rrt_20260806_233347_989.png
20260806_233349_610,2026-08-06 23:33:49,False,10000,100,0.0,0,0.52,1.0,0.2,0,0.5,10,9.5,10,rrt_20260806_233349_610.png
20260806_233349_958,2026-08-06 23:33:49,True,966,129,20.27999999999999,40,0.52,1.0,0.2,0,0.5,10,9.5,10,rrt_20260806_233349_958.png
20260806_233351_700,2026-08-06 23:33:51,False,10000,118,0.0,0,0.52,1.0,0.2,0,0.5,10,9.5,10,rrt_20260806_233351_700.png
20260806_233351_951,2026-08-06 23:33:51,True,389,103,18.719999999999988,37,0.52,1.0,0.2,0,0.5,10,9.5,10,rrt_20260806_233351_951.png
20260806_233353_767,2026-08-06 23:33:53,False,10000,126,0.0,0,0.52,1.0,0.2,0,0.5,10,9.5,10,rrt_20260806_233353_767.png
20260806_233354_010,2026-08-06 23:33:54,True,296,82,16.639999999999993,33,0.52,1.0,0.2,0,0.5,10,9.5,10,rrt_20260806_233354_010.png
20260806_233355_788,2026-08-06 23:33:55,False,10000,123,0.0,0,0.52,1.0,0.2,0,0.5,10,9.5,10,rrt_20260806_233355_788.png
20260806_233356_067,2026-08-06 23:33:56,True,274,76,15.079999999999995,30,0.52,1.0,0.2,0,0.5,10,9.5,10,rrt_20260806_233356_067.png
20260806_233358_043,2026-08-06 23:33:58,False,10000,146,0.0,0,0.52,1.0,0.2,0,0.5,10,9.5,10,rrt_20260806_233358_043.png
20260806_233359_961,2026-08-06 23:33:59,False,10000,122,0.0,0,0.52,1.0,0.2,0,0.5,10,9.5,10,rrt_20260806_233359_961.png
20260806_233401_945,2026-08-06 23:34:01,False,10000,127,0.0,0,0.52,1.0,0.2,0,0.5,10,9.5,10,rrt_20260806_233401_945.png
20260806_233403_530,2026-08-06 23:34:03,False,10000,99,0.0,0,0.52,1.0,0.2,0,0.5,10,9.5,10,rrt_20260806_233403_530.png
20260806_233403_799,2026-08-06 23:34:03,True,322,89,16.64,33,0.52,1.0,0.2,0,0.5,10,9.5,10,rrt_20260806_233403_799.png
20260806_233405_780,2026-08-06 23:34:05,False,10000,144,0.0,0,0.52,1.0,0.2,0,0.5,10,9.5,10,rrt_20260806_233405_780.png
20260806_233407_928,2026-08-06 23:34:07,False,10000,155,0.0,0,0.52,1.0,0.2,0,0.5,10,9.5,10,rrt_20260806_233407_928.png
20260806_233409_979,2026-08-06 23:34:09,False,10000,146,0.0,0,0.52,1.0,0.2,0,0.5,10,9.5,10,rrt_20260806_233409_979.png
20260806_233411_802,2026-08-06 23:34:11,False,10000,114,0.0,0,0.52,1.0,0.2,0,0.5,10,9.5,10,rrt_20260806_233411_802.png
20260806_233412_072,2026-08-06 23:34:12,True,483,107,17.159999999999993,34,0.52,1.0,0.2,0,0.5,10,9.5,10,rrt_20260806_233412_072.png
20260806_233414_000,2026-08-06 23:34:14,False,10000,132,0.0,0,0.52,1.0,0.2,0,0.5,10,9.5,10,rrt_20260806_233414_000.png
20260806_233414_277,2026-08-06 23:34:14,True,562,106,22.35999999999999,44,0.52,1.0,0.2,0,0.5,10,9.5,10,rrt_20260806_233414_277.png
20260806_233414_538,2026-08-06 23:34:14,True,559,97,17.679999999999993,35,0.52,1.0,0.2,0,0.5,10,9.5,10,rrt_20260806_233414_538.png
20260806_233416_134,2026-08-06 23:34:16,False,10000,102,0.0,0,0.52,1.0,0.2,0,0.5,10,9.5,10,rrt_20260806_233416_134.png
20260806_233417_894,2026-08-06 23:34:17,False,10000,111,0.0,0,0.52,1.0,0.2,0,0.5,10,9.5,10,rrt_20260806_233417_894.png
20260806_233419_638,2026-08-06 23:34:19,False,10000,115,0.0,0,0.52,1.0,0.2,0,0.5,10,9.5,10,rrt_20260806_233419_638.png
20260806_233421_446,2026-08-06 23:34:21,False,10000,121,0.0,0,0.52,1.0,0.2,0,0.5,10,9.5,10,rrt_20260806_233421_446.png
20260806_233423_211,2026-08-06 23:34:23,False,10000,115,0.0,0,0.52,1.0,0.2,0,0.5,10,9.5,10,rrt_20260806_233423_211.png
20260806_233425_372,2026-08-06 23:34:25,False,10000,154,0.0,0,0.52,1.0,0.2,0,0.5,10,9.5,10,rrt_20260806_233425_372.png
20260806_233427_532,2026-08-06 23:34:27,False,10000,150,0.0,0,0.52,1.0,0.2,0,0.5,10,9.5,10,rrt_20260806_233427_532.png
20260806_233429_301,2026-08-06 23:34:29,False,10000,116,0.0,0,0.52,1.0,0.2,0,0.5,10,9.5,10,rrt_20260806_233429_301.png
20260806_233430_754,2026-08-06 23:34:30,False,10000,83,0.0,0,0.52,1.0,0.2,0,0.5,10,9.5,10,rrt_20260806_233430_754.png
20260806_233431_773,2026-08-06 23:34:31,False,10000,47,0.0,0,0.52,1.0,0.2,0,0.5,10,9.5,10,rrt_20260806_233431_773.png
20260806_233433_366,2026-08-06 23:34:33,False,10000,103,0.0,0,0.52,1.0,0.2,0,0.5,10,9.5,10,rrt_20260806_233433_366.png
20260806_233435_056,2026-08-06 23:34:35,False,10000,113,0.0,0,0.52,1.0,0.2,0,0.5,10,9.5,10,rrt_20260806_233435_056.png
20260806_233436_765,2026-08-06 23:34:36,False,10000,112,0.0,0,0.52,1.0,0.2,0,0.5,10,9.5,10,rrt_20260806_233436_765.png
20260806_233438_651,2026-08-06 23:34:38,False,10000,127,0.0,0,0.52,1.0,0.2,0,0.5,10,9.5,10,rrt_20260806_233438_651.png
20260806_233440_773,2026-08-06 23:34:40,False,10000,152,0.0,0,0.52,1.0,0.2,0,0.5,10,9.5,10,rrt_20260806_233440_773.png
20260806_233441_871,2026-08-06 23:34:41,False,10000,52,0.0,0,0.52,1.0,0.2,0,0.5,10,9.5,10,rrt_20260806_233441_871.png
20260806_233443_639,2026-08-06 23:34:43,False,10000,115,0.0,0,0.52,1.0,0.2,0,0.5,10,9.5,10,rrt_20260806_233443_639.png
20260806_233445_705,2026-08-06 23:34:45,False,10000,144,0.0,0,0.52,1.0,0.2,0,0.5,10,9.5,10,rrt_20260806_233445_705.png
20260806_233446_773,2026-08-06 23:34:46,False,10000,48,0.0,0,0.52,1.0,0.2,0,0.5,10,9.5,10,rrt_20260806_233446_773.png
20260806_233447_041,2026-08-06 23:34:47,True,598,104,16.639999999999997,33,0.52,1.0,0.2,0,0.5,10,9.5,10,rrt_20260806_233447_041.png
20260806_233449_025,2026-08-06 23:34:49,False,10000,139,0.0,0,0.52,1.0,0.2,0,0.5,10,9.5,10,rrt_20260806_233449_025.png
20260806_233449_300,2026-08-06 23:34:49,True,500,100,17.159999999999997,34,0.52,1.0,0.2,0,0.5,10,9.5,10,rrt_20260806_233449_300.png
20260806_233451_198,2026-08-06 23:34:51,False,10000,139,0.0,0,0.52,1.0,0.2,0,0.5,10,9.5,10,rrt_20260806_233451_198.png
20260806_233451_440,2026-08-06 23:34:51,True,254,87,18.199999999999992,36,0.52,1.0,0.2,0,0.5,10,9.5,10,rrt_20260806_233451_440.png
20260806_233453_018,2026-08-06 23:34:53,False,10000,101,0.0,0,0.52,1.0,0.2,0,0.5,10,9.5,10,rrt_20260806_233453_018.png
20260806_233453_249,2026-08-06 23:34:53,True,236,75,17.16,34,0.52,1.0,0.2,0,0.5,10,9.5,10,rrt_20260806_233453_249.png
20260806_233453_479,2026-08-06 23:34:53,True,562,127,18.71999999999999,37,0.52,1.0,0.2,0,0.5,10,9.5,10,rrt_20260806_233453_479.png
20260806_233454_822,2026-08-06 23:34:54,False,10000,84,0.0,0,0.52,1.0,0.2,0,0.5,10,9.5,10,rrt_20260806_233454_822.png
20260806_233456_023,2026-08-06 23:34:56,False,10000,60,0.0,0,0.52,1.0,0.2,0,0.5,10,9.5,10,rrt_20260806_233456_023.png
20260806_233456_248,2026-08-06 23:34:56,True,231,75,17.68,35,0.52,1.0,0.2,0,0.5,10,9.5,10,rrt_20260806_233456_248.png
20260806_233458_078,2026-08-06 23:34:58,False,10000,131,0.0,0,0.52,1.0,0.2,0,0.5,10,9.5,10,rrt_20260806_233458_078.png
20260806_233500_110,2026-08-06 23:35:00,False,10000,144,0.0,0,0.52,1.0,0.2,0,0.5,10,9.5,10,rrt_20260806_233500_110.png
20260806_233501_931,2026-08-06 23:35:01,False,10000,118,0.0,0,0.52,1.0,0.2,0,0.5,10,9.5,10,rrt_20260806_233501_931.png
20260806_233504_050,2026-08-06 23:35:04,False,10000,151,0.0,0,0.52,1.0,0.2,0,0.5,10,9.5,10,rrt_20260806_233504_050.png
20260806_233506_047,2026-08-06 23:35:06,False,10000,138,0.0,0,0.52,1.0,0.2,0,0.5,10,9.5,10,rrt_20260806_233506_047.png
20260806_233507_424,2026-08-06 23:35:07,False,10000,73,0.0,0,0.52,1.0,0.2,0,0.5,10,9.5,10,rrt_20260806_233507_424.png
20260806_233509_417,2026-08-06 23:35:09,False,10000,140,0.0,0,0.52,1.0,0.2,0,0.5,10,9.5,10,rrt_20260806_233509_417.png
20260806_233511_047,2026-08-06 23:35:11,False,10000,98,0.0,0,0.52,1.0,0.2,0,0.5,10,9.5,10,rrt_20260806_233511_047.png
20260806_233512_836,2026-08-06 23:35:12,False,10000,121,0.0,0,0.52,1.0,0.2,0,0.5,10,9.5,10,rrt_20260806_233512_836.png
20260806_233514_226,2026-08-06 23:35:14,False,10000,81,0.0,0,0.52,1.0,0.2,0,0.5,10,9.5,10,rrt_20260806_233514_226.png
20260806_233516_278,2026-08-06 23:35:16,False,10000,147,0.0,0,0.52,1.0,0.2,0,0.5,10,9.5,10,rrt_20260806_233516_278.png
20260806_233516_597,2026-08-06 23:35:16,True,353,90,16.639999999999993,33,0.52,1.0,0.2,0,0.5,10,9.5,10,rrt_20260806_233516_597.png
20260806_233518_224,2026-08-06 23:35:18,False,10000,108,0.0,0,0.52,1.0,0.2,0,0.5,10,9.5,10,rrt_20260806_233518_224.png
20260806_233520_075,2026-08-06 23:35:20,False,10000,128,0.0,0,0.52,1.0,0.2,0,0.5,10,9.5,10,rrt_20260806_233520_075.png
20260806_233521_792,2026-08-06 23:35:21,False,10000,112,0.0,0,0.52,1.0,0.2,0,0.5,10,9.5,10,rrt_20260806_233521_792.png
20260806_233523_598,2026-08-06 23:35:23,False,10000,122,0.0,0,0.52,1.0,0.2,0,0.5,10,9.5,10,rrt_20260806_233523_598.png
20260806_233525_277,2026-08-06 23:35:25,False,10000,107,0.0,0,0.52,1.0,0.2,0,0.5,10,9.5,10,rrt_20260806_233525_277.png
20260806_233526_957,2026-08-06 23:35:26,False,10000,112,0.0,0,0.52,1.0,0.2,0,0.5,10,9.5,10,rrt_20260806_233526_957.png
20260806_233529_041,2026-08-06 23:35:29,False,10000,149,0.0,0,0.52,1.0,0.2,0,0.5,10,9.5,10,rrt_20260806_233529_041.png
20260806_233530_830,2026-08-06 23:35:30,False,10000,119,0.0,0,0.52,1.0,0.2,0,0.5,10,9.5,10,rrt_20260806_233530_830.png
20260806_233532_874,2026-08-06 23:35:32,False,10000,145,0.0,0,0.52,1.0,0.2,0,0.5,10,9.5,10,rrt_20260806_233532_874.png
20260806_233533_122,2026-08-06 23:35:33,True,319,82,16.639999999999997,33,0.52,1.0,0.2,0,0.5,10,9.5,10,rrt_20260806_233533_122.png
20260806_233533_343,2026-08-06 23:35:33,True,616,86,17.159999999999993,34,0.52,1.0,0.2,0,0.5,10,9.5,10,rrt_20260806_233533_343.png
20260806_233535_217,2026-08-06 23:35:35,False,10000,131,0.0,0,0.52,1.0,0.2,0,0.5,10,9.5,10,rrt_20260806_233535_217.png
20260806_233536_820,2026-08-06 23:35:36,False,10000,101,0.0,0,0.52,1.0,0.2,0,0.5,10,9.5,10,rrt_20260806_233536_820.png
20260806_233538_448,2026-08-06 23:35:38,False,10000,107,0.0,0,0.52,1.0,0.2,0,0.5,10,9.5,10,rrt_20260806_233538_448.png
20260806_233539_876,2026-08-06 23:35:39,False,10000,84,0.0,0,0.52,1.0,0.2,0,0.5,10,9.5,10,rrt_20260806_233539_876.png
20260806_233540_942,2026-08-06 23:35:40,False,10000,51,0.0,0,0.52,1.0,0.2,0,0.5,10,9.5,10,rrt_20260806_233540_942.png
20260806_233541_176,2026-08-06 23:35:41,True,388,88,17.679999999999993,35,0.52,1.0,0.2,0,0.5,10,9.5,10,rrt_20260806_233541_176.png
20260806_233541_446,2026-08-06 23:35:41,True,459,92,16.639999999999993,33,0.52,1.0,0.2,0,0.5,10,9.5,10,rrt_20260806_233541_446.png
20260806_233542_999,2026-08-06 23:35:42,False,10000,105,0.0,0,0.52,1.0,0.2,0,0.5,10,9.5,10,rrt_20260806_233542_999.png
20260806_233543_309,2026-08-06 23:35:43,True,705,79,18.719999999999995,37,0.52,1.0,0.2,0,0.5,10,9.5,10,rrt_20260806_233543_309.png
20260806_233545_312,2026-08-06 23:35:45,False,10000,148,0.0,0,0.52,1.0,0.2,0,0.5,10,9.5,10,rrt_20260806_233545_312.png
20260806_233546_931,2026-08-06 23:35:46,False,10000,102,0.0,0,0.52,1.0,0.2,0,0.5,10,9.5,10,rrt_20260806_233546_931.png
20260806_233547_881,2026-08-06 23:35:47,False,10000,43,0.0,0,0.52,1.0,0.2,0,0.5,10,9.5,10,rrt_20260806_233547_881.png
20260806_233549_604,2026-08-06 23:35:49,False,10000,114,0.0,0,0.52,1.0,0.2,0,0.5,10,9.5,10,rrt_20260806_233549_604.png
20260806_233549_873,2026-08-06 23:35:49,True,534,98,16.12,32,0.52,1.0,0.2,0,0.5,10,9.5,10,rrt_20260806_233549_873.png
20260806_233551_349,2026-08-06 23:35:51,False,10000,95,0.0,0,0.52,1.0,0.2,0,0.5,10,9.5,10,rrt_20260806_233551_349.png
20260806_233552_916,2026-08-06 23:35:52,False,10000,98,0.0,0,0.52,1.0,0.2,0,0.5,10,9.5,10,rrt_20260806_233552_916.png
20260806_233554_719,2026-08-06 23:35:54,False,10000,122,0.0,0,0.52,1.0,0.2,0,0.5,10,9.5,10,rrt_20260806_233554_719.png
20260806_233556_534,2026-08-06 23:35:56,False,10000,124,0.0,0,0.52,1.0,0.2,0,0.5,10,9.5,10,rrt_20260806_233556_534.png
20260806_233558_470,2026-08-06 23:35:58,False,10000,132,0.0,0,0.52,1.0,0.2,0,0.5,10,9.5,10,rrt_20260806_233558_470.png
20260806_233600_068,2026-08-06 23:36:00,False,10000,101,0.0,0,0.52,1.0,0.2,0,0.5,10,9.5,10,rrt_20260806_233600_068.png
20260806_233601_022,2026-08-06 23:36:01,False,10000,44,0.0,0,0.52,1.0,0.2,0,0.5,10,9.5,10,rrt_20260806_233601_022.png
20260806_233602_657,2026-08-06 23:36:02,False,10000,108,0.0,0,0.52,1.0,0.2,0,0.5,10,9.5,10,rrt_20260806_233602_657.png
20260806_233602_953,2026-08-06 23:36:02,True,664,103,17.679999999999996,35,0.52,1.0,0.2,0,0.5,10,9.5,10,rrt_20260806_233602_953.png
20260806_233604_145,2026-08-06 23:36:04,False,10000,69,0.0,0,0.55,0.1,0.2,0,0.5,10,9.5,10,rrt_20260806_233604_145.png
20260806_233604_696,2026-08-06 23:36:04,True,4570,53,15.400000000000004,29,0.55,0.1,0.2,0,0.5,10,9.5,10,rrt_20260806_233604_696.png
20260806_233604_954,2026-08-06 23:36:04,True,1327,58,15.707185259848922,30,0.55,0.1,0.2,0,0.5,10,9.5,10,rrt_20260806_233604_954.png
20260806_233605_891,2026-08-06 23:36:05,False,10000,38,0.0,0,0.55,0.1,0.2,0,0.5,10,9.5,10,rrt_20260806_233605_891.png
20260806_233606_528,2026-08-06 23:36:06,True,4846,84,18.15000000000001,34,0.55,0.1,0.2,0,0.5,10,9.5,10,rrt_20260806_233606_528.png
20260806_233606_800,2026-08-06 23:36:06,True,1172,44,17.546749541807706,33,0.55,0.1,0.2,0,0.5,10,9.5,10,rrt_20260806_233606_800.png
20260806_233607_024,2026-08-06 23:36:07,True,938,54,16.956295730824802,32,0.55,0.1,0.2,0,0.5,10,9.5,10,rrt_20260806_233607_024.png
20260806_233608_035,2026-08-06 23:36:08,False,10000,46,0.0,0,0.55,0.1,0.2,0,0.5,10,9.5,10,rrt_20260806_233608_035.png
20260806_233608_250,2026-08-06 23:36:08,True,451,35,15.843645507493845,30,0.55,0.1,0.2,0,0.5,10,9.5,10,rrt_20260806_233608_250.png
20260806_233608_444,2026-08-06 23:36:08,True,830,49,16.494111466591608,31,0.55,0.1,0.2,0,0.5,10,9.5,10,rrt_20260806_233608_444.png
20260806_233608_857,2026-08-06 23:36:08,True,3148,62,15.358368444481352,29,0.55,0.1,0.2,0,0.5,10,9.5,10,rrt_20260806_233608_857.png
20260806_233609_453,2026-08-06 23:36:09,True,4726,96,18.5188892273372,35,0.55,0.1,0.2,0,0.5,10,9.5,10,rrt_20260806_233609_453.png
20260806_233610_272,2026-08-06 23:36:10,False,10000,47,0.0,0,0.55,0.1,0.2,0,0.5,10,9.5,10,rrt_20260806_233610_272.png
20260806_233610_493,2026-08-06 23:36:10,True,342,37,15.18477680420654,29,0.55,0.1,0.2,0,0.5,10,9.5,10,rrt_20260806_233610_493.png
20260806_233610_700,2026-08-06 23:36:10,True,1199,51,14.850000000000007,28,0.55,0.1,0.2,0,0.5,10,9.5,10,rrt_20260806_233610_700.png
20260806_233611_500,2026-08-06 23:36:11,False,10000,36,0.0,0,0.55,0.1,0.2,0,0.5,10,9.5,10,rrt_20260806_233611_500.png
20260806_233611_822,2026-08-06 23:36:11,True,1021,44,15.899107880777002,30,0.55,0.1,0.2,0,0.5,10,9.5,10,rrt_20260806_233611_822.png
20260806_233612_913,2026-08-06 23:36:12,False,10000,72,0.0,0,0.55,0.1,0.2,0,0.5,10,9.5,10,rrt_20260806_233612_913.png
20260806_233613_161,2026-08-06 23:36:13,True,303,35,15.26572378828049,29,0.55,0.1,0.2,0,0.5,10,9.5,10,rrt_20260806_233613_161.png
20260806_233613_376,2026-08-06 23:36:13,True,1009,50,18.150000000000006,34,0.55,0.1,0.2,0,0.5,10,9.5,10,rrt_20260806_233613_376.png
20260806_233614_315,2026-08-06 23:36:14,False,10000,38,0.0,0,0.55,0.1,0.2,0,0.5,10,9.5,10,rrt_20260806_233614_315.png
20260806_233614_552,2026-08-06 23:36:14,True,360,38,15.068737370002307,29,0.55,0.1,0.2,0,0.5,10,9.5,10,rrt_20260806_233614_552.png
20260806_233615_821,2026-08-06 23:36:15,False,10000,96,0.0,0,0.55,0.1,0.2,0,0.5,10,9.5,10,rrt_20260806_233615_821.png
20260806_233616_911,2026-08-06 23:36:16,False,10000,61,0.0,0,0.55,0.1,0.2,0,0.5,10,9.5,10,rrt_20260806_233616_911.png
20260806_233617_556,2026-08-06 23:36:17,True,4794,78,15.400000000000002,29,0.55,0.1,0.2,0,0.5,10,9.5,10,rrt_20260806_233617_556.png
20260806_233617_770,2026-08-06 23:36:17,True,105,28,14.748090331215792,28,0.55,0.1,0.2,0,0.5,10,9.5,10,rrt_20260806_233617_770.png
20260806_233619_227,2026-08-06 23:36:19,False,10000,114,0.0,0,0.55,0.1,0.2,0,0.5,10,9.5,10,rrt_20260806_233619_227.png
20260806_233619_504,2026-08-06 23:36:19,True,681,49,15.909010614563213,30,0.55,0.1,0.2,0,0.5,10,9.5,10,rrt_20260806_233619_504.png
20260806_233620_319,2026-08-06 23:36:20,False,10000,47,0.0,0,0.55,0.1,0.2,0,0.5,10,9.5,10,rrt_20260806_233620_319.png
20260806_233620_539,2026-08-06 23:36:20,True,438,35,15.399999999999999,29,0.55,0.1,0.2,0,0.5,10,9.5,10,rrt_20260806_233620_539.png
20260806_233621_836,2026-08-06 23:36:21,False,10000,97,0.0,0,0.55,0.1,0.2,0,0.5,10,9.5,10,rrt_20260806_233621_836.png
20260806_233622_061,2026-08-06 23:36:22,True,279,33,15.220609885582427,29,0.55,0.1,0.2,0,0.5,10,9.5,10,rrt_20260806_233622_061.png
20260806_233622_471,2026-08-06 23:36:22,True,3606,61,16.481554606825476,31,0.55,0.1,0.2,0,0.5,10,9.5,10,rrt_20260806_233622_471.png
20260806_233622_720,2026-08-06 23:36:22,True,1106,47,15.673032368108025,30,0.55,0.1,0.2,0,0.5,10,9.5,10,rrt_20260806_233622_720.png
20260806_233622_969,2026-08-06 23:36:22,True,1180,56,17.997664553209106,34,0.55,0.1,0.2,0,0.5,10,9.5,10,rrt_20260806_233622_969.png
20260806_233623_779,2026-08-06 23:36:23,False,10000,44,0.0,0,0.55,0.1,0.2,0,0.5,10,9.5,10,rrt_20260806_233623_779.png
20260806_233624_135,2026-08-06 23:36:24,True,1294,43,15.950000000000003,30,0.55,0.1,0.2,0,0.5,10,9.5,10,rrt_20260806_233624_135.png
20260806_233624_369,2026-08-06 23:36:24,True,1190,47,16.227871022721825,31,0.55,0.1,0.2,0,0.5,10,9.5,10,rrt_20260806_233624_369.png
20260806_233624_586,2026-08-06 23:36:24,True,943,44,15.106825786086352,29,0.55,0.1,0.2,0,0.5,10,9.5,10,rrt_20260806_233624_586.png
20260806_233624_768,2026-08-06 23:36:24,True,489,42,16.34412326072628,31,0.55,0.1,0.2,0,0.5,10,9.5,10,rrt_20260806_233624_768.png
20260806_233625_104,2026-08-06 23:36:25,True,2607,64,20.900000000000006,39,0.55,0.1,0.2,0,0.5,10,9.5,10,rrt_20260806_233625_104.png
20260806_233625_379,2026-08-06 23:36:25,True,1618,63,18.433475950542363,35,0.55,0.1,0.2,0,0.5,10,9.5,10,rrt_20260806_233625_379.png
20260806_233625_612,2026-08-06 23:36:25,True,455,35,15.400000000000002,29,0.55,0.1,0.2,0,0.5,10,9.5,10,rrt_20260806_233625_612.png
20260806_233625_846,2026-08-06 23:36:25,True,2216,44,16.253899656119625,31,0.55,0.1,0.2,0,0.5,10,9.5,10,rrt_20260806_233625_846.png
20260806_233626_221,2026-08-06 23:36:26,True,3037,80,20.247212624018047,38,0.55,0.1,0.2,0,0.5,10,9.5,10,rrt_20260806_233626_221.png
20260806_233626_460,2026-08-06 23:36:26,True,484,33,16.238505344936183,31,0.55,0.1,0.2,0,0.5,10,9.5,10,rrt_20260806_233626_460.png
20260806_233626_661,2026-08-06 23:36:26,True,987,53,14.85,28,0.55,0.1,0.2,0,0.5,10,9.5,10,rrt_20260806_233626_661.png
20260806_233626_858,2026-08-06 23:36:26,True,547,37,15.789562127246413,30,0.55,0.1,0.2,0,0.5,10,9.5,10,rrt_20260806_233626_858.png
20260806_233627_054,2026-08-06 23:36:27,True,731,33,16.375802089493142,31,0.55,0.1,0.2,0,0.5,10,9.5,10,rrt_20260806_233627_054.png
20260806_233627_235,2026-08-06 23:36:27,True,522,40,15.4,29,0.55,0.1,0.2,0,0.5,10,9.5,10,rrt_20260806_233627_235.png
20260806_233628_151,2026-08-06 23:36:28,False,10000,38,0.0,0,0.55,0.1,0.2,0,0.5,10,9.5,10,rrt_20260806_233628_151.png
20260806_233628_434,2026-08-06 23:36:28,True,1923,55,15.193393375817308,29,0.55,0.1,0.2,0,0.5,10,9.5,10,rrt_20260806_233628_434.png
20260806_233628_655,2026-08-06 23:36:28,True,1043,52,15.767012284528333,30,0.55,0.1,0.2,0,0.5,10,9.5,10,rrt_20260806_233628_655.png
20260806_233628_821,2026-08-06 23:36:28,True,250,33,14.300000000000006,27,0.55,0.1,0.2,0,0.5,10,9.5,10,rrt_20260806_233628_821.png
20260806_233629_017,2026-08-06 23:36:29,True,289,35,15.399999999999999,29,0.55,0.1,0.2,0,0.5,10,9.5,10,rrt_20260806_233629_017.png
20260806_233630_140,2026-08-06 23:36:30,False,10000,60,0.0,0,0.55,0.1,0.2,0,0.5,10,9.5,10,rrt_20260806_233630_140.png
20260806_233630_354,2026-08-06 23:36:30,True,149,28,14.731850467741587,28,0.55,0.1,0.2,0,0.5,10,9.5,10,rrt_20260806_233630_354.png
20260806_233630_708,2026-08-06 23:36:30,True,2859,62,15.245271822014189,29,0.55,0.1,0.2,0,0.5,10,9.5,10,rrt_20260806_233630_708.png
20260806_233630_888,2026-08-06 23:36:30,True,361,34,16.25946587811295,31,0.55,0.1,0.2,0,0.5,10,9.5,10,rrt_20260806_233630_888.png
20260806_233631_074,2026-08-06 23:36:31,True,559,35,15.257211050588134,29,0.55,0.1,0.2,0,0.5,10,9.5,10,rrt_20260806_233631_074.png
20260806_233631_235,2026-08-06 23:36:31,True,261,30,15.132278994063915,29,0.55,0.1,0.2,0,0.5,10,9.5,10,rrt_20260806_233631_235.png
20260806_233631_630,2026-08-06 23:36:31,True,2512,52,15.400000000000004,29,0.55,0.1,0.2,0,0.5,10,9.5,10,rrt_20260806_233631_630.png
20260806_233631_882,2026-08-06 23:36:31,True,802,43,15.743489319522586,30,0.55,0.1,0.2,0,0.5,10,9.5,10,rrt_20260806_233631_882.png
20260806_233632_097,2026-08-06 23:36:32,True,508,37,16.46511762175933,31,0.55,0.1,0.2,0,0.5,10,9.5,10,rrt_20260806_233632_097.png
20260806_233632_277,2026-08-06 23:36:32,True,483,36,15.400000000000006,29,0.55,0.1,0.2,0,0.5,10,9.5,10,rrt_20260806_233632_277.png
20260806_233632_459,2026-08-06 23:36:32,True,542,35,15.392724687968038,29,0.55,0.1,0.2,0,0.5,10,9.5,10,rrt_20260806_233632_459.png
20260806_233633_431,2026-08-06 23:36:33,False,10000,42,0.0,0,0.55,0.1,0.2,0,0.5,10,9.5,10,rrt_20260806_233633_431.png
20260806_233633_723,2026-08-06 23:36:33,True,969,59,17.39205167970664,33,0.55,0.1,0.2,0,0.5,10,9.5,10,rrt_20260806_233633_723.png
20260806_233633_895,2026-08-06 23:36:33,True,197,29,15.386176038692833,29,0.55,0.1,0.2,0,0.5,10,9.5,10,rrt_20260806_233633_895.png
20260806_233634_710,2026-08-06 23:36:34,False,10000,59,0.0,0,0.55,0.1,0.2,0,0.5,10,9.5,10,rrt_20260806_233634_710.png
20260806_233634_919,2026-08-06 23:36:34,True,118,31,15.072901891163973,29,0.55,0.1,0.2,0,0.5,10,9.5,10,rrt_20260806_233634_919.png
20260806_233635_089,2026-08-06 23:36:35,True,309,31,15.289304071734882,29,0.55,0.1,0.2,0,0.5,10,9.5,10,rrt_20260806_233635_089.png
20260806_233635_289,2026-08-06 23:36:35,True,245,36,15.275325072658381,29,0.55,0.1,0.2,0,0.5,10,9.5,10,rrt_20260806_233635_289.png
20260806_233635_571,2026-08-06 23:36:35,True,1803,52,14.849999999999998,28,0.55,0.1,0.2,0,0.5,10,9.5,10,rrt_20260806_233635_571.png
20260806_233635_763,2026-08-06 23:36:35,True,229,31,14.300000000000004,27,0.55,0.1,0.2,0,0.5,10,9.5,10,rrt_20260806_233635_763.png
20260806_233635_929,2026-08-06 23:36:35,True,405,35,15.383076597635384,29,0.55,0.1,0.2,0,0.5,10,9.5,10,rrt_20260806_233635_929.png
20260806_233636_158,2026-08-06 23:36:36,True,1608,65,16.320549184566023,31,0.55,0.1,0.2,0,0.5,10,9.5,10,rrt_20260806_233636_158.png
20260806_233636_356,2026-08-06 23:36:36,True,708,39,16.386444685384568,31,0.55,0.1,0.2,0,0.5,10,9.5,10,rrt_20260806_233636_356.png
20260806_233636_535,2026-08-06 23:36:36,True,508,37,16.331394445815477,31,0.55,0.1,0.2,0,0.5,10,9.5,10,rrt_20260806_233636_535.png
20260806_233637_490,2026-08-06 23:36:37,False,10000,39,0.0,0,0.55,0.1,0.2,0,0.5,10,9.5,10,rrt_20260806_233637_490.png
20260806_233637_690,2026-08-06 23:36:37,True,124,32,15.252006144810705,29,0.55,0.1,0.2,0,0.5,10,9.5,10,rrt_20260806_233637_690.png
20260806_233639_034,2026-08-06 23:36:39,False,10000,96,0.0,0,0.55,0.1,0.2,0,0.5,10,9.5,10,rrt_20260806_233639_034.png
20260806_233639_277,2026-08-06 23:36:39,True,859,41,14.81000843729371,28,0.55,0.1,0.2,0,0.5,10,9.5,10,rrt_20260806_233639_277.png
20260806_233639_478,2026-08-06 23:36:39,True,574,39,16.5,31,0.55,0.1,0.2,0,0.5,10,9.5,10,rrt_20260806_233639_478.png
20260806_233639_662,2026-08-06 23:36:39,True,535,36,15.950000000000001,30,0.55,0.1,0.2,0,0.5,10,9.5,10,rrt_20260806_233639_662.png
20260806_233639_993,2026-08-06 23:36:39,True,2527,74,18.036654097976736,34,0.55,0.1,0.2,0,0.5,10,9.5,10,rrt_20260806_233639_993.png
20260806_233640_210,2026-08-06 23:36:40,True,263,37,15.126076722390494,29,0.55,0.1,0.2,0,0.5,10,9.5,10,rrt_20260806_233640_210.png
20260806_233640_378,2026-08-06 23:36:40,True,363,31,14.850000000000007,28,0.55,0.1,0.2,0,0.5,10,9.5,10,rrt_20260806_233640_378.png
20260806_233640_542,2026-08-06 23:36:40,True,203,35,14.831145149181285,28,0.55,0.1,0.2,0,0.5,10,9.5,10,rrt_20260806_233640_542.png
20260806_233640_753,2026-08-06 23:36:40,True,571,39,14.798693716543946,28,0.55,0.1,0.2,0,0.5,10,9.5,10,rrt_20260806_233640_753.png
20260806_233641_401,2026-08-06 23:36:41,True,7046,87,17.57400647829809,33,0.55,0.1,0.2,0,0.5,10,9.5,10,rrt_20260806_233641_401.png
20260806_233642_797,2026-08-06 23:36:42,False,10000,98,0.0,0,0.55,0.1,0.2,0,0.5,10,9.5,10,rrt_20260806_233642_797.png
20260806_233643_037,2026-08-06 23:36:43,True,142,33,14.686768692178143,28,0.55,0.1,0.2,0,0.5,10,9.5,10,rrt_20260806_233643_037.png
20260806_233644_050,2026-08-06 23:36:44,False,10000,45,0.0,0,0.55,0.1,0.2,0,0.5,10,9.5,10,rrt_20260806_233644_050.png
20260806_233644_266,2026-08-06 23:36:44,True,470,37,15.311700958555114,29,0.55,0.1,0.2,0,0.5,10,9.5,10,rrt_20260806_233644_266.png
20260806_233645_190,2026-08-06 23:36:45,False,10000,37,0.0,0,0.55,0.1,0.2,0,0.5,10,9.5,10,rrt_20260806_233645_190.png
20260806_233645_426,2026-08-06 23:36:45,True,361,36,15.121390561437858,29,0.55,0.1,0.2,0,0.5,10,9.5,10,rrt_20260806_233645_426.png
20260806_233646_411,2026-08-06 23:36:46,False,10000,38,0.0,0,0.55,0.1,0.2,0,0.5,10,9.5,10,rrt_20260806_233646_411.png
20260806_233646_701,2026-08-06 23:36:46,True,810,55,16.727203539935307,32,0.55,0.1,0.2,0,0.5,10,9.5,10,rrt_20260806_233646_701.png
20260806_233647_583,2026-08-06 23:36:47,False,10000,60,0.0,0,0.55,0.1,0.2,0,0.5,10,9.5,10,rrt_20260806_233647_583.png
20260806_233647_826,2026-08-06 23:36:47,True,823,54,15.23434032051407,29,0.55,0.2,0.2,0,0.5,10,9.5,10,rrt_20260806_233647_826.png
20260806_233648_015,2026-08-06 23:36:48,True,611,47,15.307286691544755,29,0.55,0.2,0.2,0,0.5,10,9.5,10,rrt_20260806_233648_015.png
20260806_233649_653,2026-08-06 23:36:49,False,10000,114,0.0,0,0.55,0.2,0.2,0,0.5,10,9.5,10,rrt_20260806_233649_653.png
20260806_233649_887,2026-08-06 23:36:49,True,135,29,14.668681153143288,28,0.55,0.2,0.2,0,0.5,10,9.5,10,rrt_20260806_233649_887.png
20260806_233650_106,2026-08-06 23:36:50,True,1040,52,15.4,29,0.55,0.2,0.2,0,0.5,10,9.5,10,rrt_20260806_233650_106.png
20260806_233650_270,2026-08-06 23:36:50,True,118,31,14.727512096941677,28,0.55,0.2,0.2,0,0.5,10,9.5,10,rrt_20260806_233650_270.png
20260806_233651_360,2026-08-06 23:36:51,False,10000,55,0.0,0,0.55,0.2,0.2,0,0.5,10,9.5,10,rrt_20260806_233651_360.png
20260806_233651_631,2026-08-06 23:36:51,True,232,34,14.83962324640179,28,0.55,0.2,0.2,0,0.5,10,9.5,10,rrt_20260806_233651_631.png
20260806_233651_793,2026-08-06 23:36:51,True,210,37,15.329774766373431,29,0.55,0.2,0.2,0,0.5,10,9.5,10,rrt_20260806_233651_793.png
20260806_233651_970,2026-08-06 23:36:51,True,455,36,16.429034144730675,31,0.55,0.2,0.2,0,0.5,10,9.5,10,rrt_20260806_233651_970.png
20260806_233652_131,2026-08-06 23:36:52,True,228,33,15.949999999999998,30,0.55,0.2,0.2,0,0.5,10,9.5,10,rrt_20260806_233652_131.png
20260806_233652_293,2026-08-06 23:36:52,True,197,39,15.950000000000003,30,0.55,0.2,0.2,0,0.5,10,9.5,10,rrt_20260806_233652_293.png
20260806_233652_496,2026-08-06 23:36:52,True,856,50,17.050000000000004,32,0.55,0.2,0.2,0,0.5,10,9.5,10,rrt_20260806_233652_496.png
20260806_233653_427,2026-08-06 23:36:53,False,10000,49,0.0,0,0.55,0.2,0.2,0,0.5,10,9.5,10,rrt_20260806_233653_427.png
20260806_233653_678,2026-08-06 23:36:53,True,144,34,14.817325034052255,28,0.55,0.2,0.2,0,0.5,10,9.5,10,rrt_20260806_233653_678.png
20260806_233653_838,2026-08-06 23:36:53,True,296,35,14.583692724135561,28,0.55,0.2,0.2,0,0.5,10,9.5,10,rrt_20260806_233653_838.png
20260806_233654_035,2026-08-06 23:36:54,True,156,34,15.059959989554743,29,0.55,0.2,0.2,0,0.5,10,9.5,10,rrt_20260806_233654_035.png
20260806_233654_198,2026-08-06 23:36:54,True,296,38,15.294803176010998,29,0.55,0.2,0.2,0,0.5,10,9.5,10,rrt_20260806_233654_198.png
20260806_233654_430,2026-08-06 23:36:54,True,1382,52,14.850000000000003,28,0.55,0.2,0.2,0,0.5,10,9.5,10,rrt_20260806_233654_430.png
20260806_233655_823,2026-08-06 23:36:55,False,10000,77,0.0,0,0.55,0.2,0.2,0,0.5,10,9.5,10,rrt_20260806_233655_823.png
20260806_233656_101,2026-08-06 23:36:56,True,131,36,16.72474418324209,32,0.55,0.2,0.2,0,0.5,10,9.5,10,rrt_20260806_233656_101.png
20260806_233656_291,2026-08-06 23:36:56,True,663,56,15.84475821672953,30,0.55,0.2,0.2,0,0.5,10,9.5,10,rrt_20260806_233656_291.png
20260806_233657_327,2026-08-06 23:36:57,False,10000,47,0.0,0,0.55,0.2,0.2,0,0.5,10,9.5,10,rrt_20260806_233657_327.png
20260806_233657_532,2026-08-06 23:36:57,True,165,35,15.400000000000002,29,0.55,0.2,0.2,0,0.5,10,9.5,10,rrt_20260806_233657_532.png
20260806_233657_690,2026-08-06 23:36:57,True,155,31,15.40000000000001,29,0.55,0.2,0.2,0,0.5,10,9.5,10,rrt_20260806_233657_690.png
20260806_233658_799,2026-08-06 23:36:58,False,10000,77,0.0,0,0.55,0.2,0.2,0,0.5,10,9.5,10,rrt_20260806_233658_799.png
20260806_233659_042,2026-08-06 23:36:59,True,138,32,15.807402677131032,30,0.55,0.2,0.2,0,0.5,10,9.5,10,rrt_20260806_233659_042.png
20260806_233659_207,2026-08-06 23:36:59,True,275,42,15.63497827647721,30,0.55,0.2,0.2,0,0.5,10,9.5,10,rrt_20260806_233659_207.png
20260806_233659_418,2026-08-06 23:36:59,True,713,64,18.150000000000002,34,0.55,0.2,0.2,0,0.5,10,9.5,10,rrt_20260806_233659_418.png
20260806_233659_608,2026-08-06 23:36:59,True,518,45,15.363390673094273,29,0.55,0.2,0.2,0,0.5,10,9.5,10,rrt_20260806_233659_608.png
20260806_233659_774,2026-08-06 23:36:59,True,185,35,15.092708967576977,29,0.55,0.2,0.2,0,0.5,10,9.5,10,rrt_20260806_233659_774.png
20260806_233659_950,2026-08-06 23:36:59,True,400,56,17.600000000000012,33,0.55,0.2,0.2,0,0.5,10,9.5,10,rrt_20260806_233659_950.png
20260806_233700_196,2026-08-06 23:37:00,True,521,49,16.50000000000001,31,0.55,0.2,0.2,0,0.5,10,9.5,10,rrt_20260806_233700_196.png
20260806_233700_432,2026-08-06 23:37:00,True,931,62,15.778041267828334,30,0.55,0.2,0.2,0,0.5,10,9.5,10,rrt_20260806_233700_432.png
20260806_233700_623,2026-08-06 23:37:00,True,111,31,15.399999999999997,29,0.55,0.2,0.2,0,0.5,10,9.5,10,rrt_20260806_233700_623.png
20260806_233700_783,2026-08-06 23:37:00,True,134,38,15.950000000000005,30,0.55,0.2,0.2,0,0.5,10,9.5,10,rrt_20260806_233700_783.png
20260806_233701_073,2026-08-06 23:37:01,True,2035,51,14.786308580807585,28,0.55,0.2,0.2,0,0.5,10,9.5,10,rrt_20260806_233701_073.png
20260806_233701_360,2026-08-06 23:37:01,True,1610,62,15.05487042278033,29,0.55,0.2,0.2,0,0.5,10,9.5,10,rrt_20260806_233701_360.png
20260806_233701_547,2026-08-06 23:37:01,True,372,41,15.293705231064294,29,0.55,0.2,0.2,0,0.5,10,9.5,10,rrt_20260806_233701_547.png
20260806_233701_768,2026-08-06 23:37:01,True,666,49,16.5,31,0.55,0.2,0.2,0,0.5,10,9.5,10,rrt_20260806_233701_768.png
20260806_233701_931,2026-08-06 23:37:01,True,102,33,15.284347983792818,29,0.55,0.2,0.2,0,0.5,10,9.5,10,rrt_20260806_233701_931.png
20260806_233702_094,2026-08-06 23:37:02,True,276,36,15.400000000000004,29,0.55,0.2,0.2,0,0.5,10,9.5,10,rrt_20260806_233702_094.png
20260806_233702_256,2026-08-06 23:37:02,True,266,40,14.728085673923744,28,0.55,0.2,0.2,0,0.5,10,9.5,10,rrt_20260806_233702_256.png
20260806_233703_262,2026-08-06 23:37:03,False,10000,59,0.0,0,0.55,0.2,0.2,0,0.5,10,9.5,10,rrt_20260806_233703_262.png
20260806_233703_491,2026-08-06 23:37:03,True,380,41,14.753568406741437,28,0.55,0.2,0.2,0,0.5,10,9.5,10,rrt_20260806_233703_491.png
20260806_233703_755,2026-08-06 23:37:03,True,985,70,16.296483274436067,31,0.55,0.2,0.2,0,0.5,10,9.5,10,rrt_20260806_233703_755.png
20260806_233703_936,2026-08-06 23:37:03,True,208,42,15.763949129819311,30,0.55,0.2,0.2,0,0.5,10,9.5,10,rrt_20260806_233703_936.png
20260806_233704_278,2026-08-06 23:37:04,True,2200,55,15.304745711454023,29,0.55,0.2,0.2,0,0.5,10,9.5,10,rrt_20260806_233704_278.png
20260806_233705_517,2026-08-06 23:37:05,False,10000,86,0.0,0,0.55,0.2,0.2,0,0.5,10,9.5,10,rrt_20260806_233705_517.png
20260806_233706_362,2026-08-06 23:37:06,False,10000,43,0.0,0,0.55,0.2,0.2,0,0.5,10,9.5,10,rrt_20260806_233706_362.png
20260806_233706_608,2026-08-06 23:37:06,True,395,39,15.211851404522948,29,0.55,0.2,0.2,0,0.5,10,9.5,10,rrt_20260806_233706_608.png
20260806_233706_816,2026-08-06 23:37:06,True,358,39,15.700901820917236,30,0.55,0.2,0.2,0,0.5,10,9.5,10,rrt_20260806_233706_816.png
20260806_233707_155,2026-08-06 23:37:07,True,2311,68,16.500000000000004,31,0.55,0.2,0.2,0,0.5,10,9.5,10,rrt_20260806_233707_155.png
20260806_233707_338,2026-08-06 23:37:07,True,229,36,15.180809790657358,29,0.55,0.2,0.2,0,0.5,10,9.5,10,rrt_20260806_233707_338.png
20260806_233708_683,2026-08-06 23:37:08,False,10000,95,0.0,0,0.55,0.2,0.2,0,0.5,10,9.5,10,rrt_20260806_233708_683.png
20260806_233708_906,2026-08-06 23:37:08,True,105,29,15.199335998058285,29,0.55,0.2,0.2,0,0.5,10,9.5,10,rrt_20260806_233708_906.png
20260806_233709_096,2026-08-06 23:37:09,True,178,39,15.400000000000007,29,0.55,0.2,0.2,0,0.5,10,9.5,10,rrt_20260806_233709_096.png
20260806_233709_262,2026-08-06 23:37:09,True,166,33,14.850000000000001,28,0.55,0.2,0.2,0,0.5,10,9.5,10,rrt_20260806_233709_262.png
20260806_233710_633,2026-08-06 23:37:10,False,10000,91,0.0,0,0.55,0.2,0.2,0,0.5,10,9.5,10,rrt_20260806_233710_633.png
20260806_233710_935,2026-08-06 23:37:10,True,232,39,15.950000000000005,30,0.55,0.2,0.2,0,0.5,10,9.5,10,rrt_20260806_233710_935.png
20260806_233711_933,2026-08-06 23:37:11,False,10000,60,0.0,0,0.55,0.2,0.2,0,0.5,10,9.5,10,rrt_20260806_233711_933.png
20260806_233712_197,2026-08-06 23:37:12,True,499,53,16.50000000000001,31,0.55,0.2,0.2,0,0.5,10,9.5,10,rrt_20260806_233712_197.png
20260806_233712_369,2026-08-06 23:37:12,True,133,33,15.950000000000003,30,0.55,0.2,0.2,0,0.5,10,9.5,10,rrt_20260806_233712_369.png
20260806_233712_542,2026-08-06 23:37:12,True,408,41,15.4,29,0.55,0.2,0.2,0,0.5,10,9.5,10,rrt_20260806_233712_542.png
20260806_233712_724,2026-08-06 23:37:12,True,446,40,15.6515369752733,30,0.55,0.2,0.2,0,0.5,10,9.5,10,rrt_20260806_233712_724.png
20260806_233712_894,2026-08-06 23:37:12,True,404,38,14.850000000000007,28,0.55,0.2,0.2,0,0.5,10,9.5,10,rrt_20260806_233712_894.png
20260806_233713_065,2026-08-06 23:37:13,True,410,40,15.295384949821152,29,0.55,0.2,0.2,0,0.5,10,9.5,10,rrt_20260806_233713_065.png
20260806_233713_258,2026-08-06 23:37:13,True,450,47,16.198917580989715,31,0.55,0.2,0.2,0,0.5,10,9.5,10,rrt_20260806_233713_258.png
20260806_233713_417,2026-08-06 23:37:13,True,105,30,14.300000000000008,27,0.55,0.2,0.2,0,0.5,10,9.5,10,rrt_20260806_233713_417.png
20260806_233713_685,2026-08-06 23:37:13,True,183,38,15.225564405231674,29,0.55,0.2,0.2,0,0.5,10,9.5,10,rrt_20260806_233713_685.png
20260806_233713_902,2026-08-06 23:37:13,True,221,42,14.834244176589255,28,0.55,0.2,0.2,0,0.5,10,9.5,10,rrt_20260806_233713_902.png
20260806_233714_092,2026-08-06 23:37:14,True,350,48,17.6,33,0.55,0.2,0.2,0,0.5,10,9.5,10,rrt_20260806_233714_092.png
20260806_233714_295,2026-08-06 23:37:14,True,173,38,15.399999999999999,29,0.55,0.2,0.2,0,0.5,10,9.5,10,rrt_20260806_233714_295.png
20260806_233714_465,2026-08-06 23:37:14,True,295,38,15.654972992335695,30,0.55,0.2,0.2,0,0.5,10,9.5,10,rrt_20260806_233714_465.png
20260806_233714_636,2026-08-06 23:37:14,True,288,38,16.7465906277517,32,0.55,0.2,0.2,0,0.5,10,9.5,10,rrt_20260806_233714_636.png
20260806_233714_902,2026-08-06 23:37:14,True,244,32,14.850000000000001,28,0.55,0.2,0.2,0,0.5,10,9.5,10,rrt_20260806_233714_902.png
20260806_233715_978,2026-08-06 23:37:15,False,10000,46,0.0,0,0.55,0.2,0.2,0,0.5,10,9.5,10,rrt_20260806_233715_978.png
20260806_233717_534,2026-08-06 23:37:17,False,10000,105,0.0,0,0.55,0.2,0.2,0,0.5,10,9.5,10,rrt_20260806_233717_534.png
20260806_233717_792,2026-08-06 23:37:17,True,247,35,15.681276710894675,30,0.55,0.2,0.2,0,0.5,10,9.5,10,rrt_20260806_233717_792.png
20260806_233717_965,2026-08-06 23:37:17,True,424,43,16.83423730486846,32,0.55,0.2,0.2,0,0.5,10,9.5,10,rrt_20260806_233717_965.png
20260806_233718_130,2026-08-06 23:37:18,True,184,38,16.338230959574247,31,0.55,0.2,0.2,0,0.5,10,9.5,10,rrt_20260806_233718_130.png
20260806_233718_312,2026-08-06 23:37:18,True,150,32,14.797821705567625,28,0.55,0.2,0.2,0,0.5,10,9.5,10,rrt_20260806_233718_312.png
20260806_233718_529,2026-08-06 23:37:18,True,1025,60,17.575961659470238,33,0.55,0.2,0.2,0,0.5,10,9.5,10,rrt_20260806_233718_529.png
20260806_233719_553,2026-08-06 23:37:19,False,10000,47,0.0,0,0.55,0.2,0.2,0,0.5,10,9.5,10,rrt_20260806_233719_553.png
20260806_233720_520,2026-08-06 23:37:20,False,10000,57,0.0,0,0.55,0.2,0.2,0,0.5,10,9.5,10,rrt_20260806_233720_520.png
20260806_233721_385,2026-08-06 23:37:21,False,10000,46,0.0,0,0.55,0.2,0.2,0,0.5,10,9.5,10,rrt_20260806_233721_385.png
20260806_233721_615,2026-08-06 23:37:21,True,102,37,15.704558475252998,30,0.55,0.2,0.2,0,0.5,10,9.5,10,rrt_20260806_233721_615.png
20260806_233721_822,2026-08-06 23:37:21,True,460,41,16.27247213421677,31,0.55,0.2,0.2,0,0.5,10,9.5,10,rrt_20260806_233721_822.png
20260806_233723_305,2026-08-06 23:37:23,False,10000,102,0.0,0,0.55,0.2,0.2,0,0.5,10,9.5,10,rrt_20260806_233723_305.png
20260806_233723_558,2026-08-06 23:37:23,True,839,59,15.32985021892053,29,0.55,0.2,0.2,0,0.5,10,9.5,10,rrt_20260806_233723_558.png
20260806_233723_764,2026-08-06 23:37:23,True,648,52,17.50140242687593,33,0.55,0.2,0.2,0,0.5,10,9.5,10,rrt_20260806_233723_764.png
20260806_233723_941,2026-08-06 23:37:23,True,248,39,16.33108816103938,31,0.55,0.2,0.2,0,0.5,10,9.5,10,rrt_20260806_233723_941.png
20260806_233724_138,2026-08-06 23:37:24,True,366,44,16.799695621119266,32,0.55,0.2,0.2,0,0.5,10,9.5,10,rrt_20260806_233724_138.png
20260806_233724_351,2026-08-06 23:37:24,True,798,41,15.270990885237964,29,0.55,0.2,0.2,0,0.5,10,9.5,10,rrt_20260806_233724_351.png
20260806_233724_621,2026-08-06 23:37:24,True,1796,66,22.000000000000014,41,0.55,0.2,0.2,0,0.5,10,9.5,10,rrt_20260806_233724_621.png
20260806_233724_805,2026-08-06 23:37:24,True,220,37,15.91562675641795,30,0.55,0.2,0.2,0,0.5,10,9.5,10,rrt_20260806_233724_805.png
20260806_233725_006,2026-08-06 23:37:25,True,371,47,16.192492118128236,31,0.55,0.2,0.2,0,0.5,10,9.5,10,rrt_20260806_233725_006.png
20260806_233725_167,2026-08-06 23:37:25,True,133,31,14.632637147698897,28,0.55,0.2,0.2,0,0.5,10,9.5,10,rrt_20260806_233725_167.png
20260806_233725_341,2026-08-06 23:37:25,True,412,37,15.399999999999993,29,0.55,0.2,0.2,0,0.5,10,9.5,10,rrt_20260806_233725_341.png
20260806_233726_677,2026-08-06 23:37:26,False,10000,83,0.0,0,0.55,0.2,0.2,0,0.5,10,9.5,10,rrt_20260806_233726_677.png
20260806_233726_928,2026-08-06 23:37:26,True,150,34,15.625770747891767,30,0.55,0.3,0.2,0,0.5,10,9.5,10,rrt_20260806_233726_928.png
20260806_233727_084,2026-08-06 23:37:27,True,134,34,15.660718245026485,30,0.55,0.3,0.2,0,0.5,10,9.5,10,rrt_20260806_233727_084.png
20260806_233728_040,2026-08-06 23:37:28,False,10000,40,0.0,0,0.55,0.3,0.2,0,0.5,10,9.5,10,rrt_20260806_233728_040.png
20260806_233728_244,2026-08-06 23:37:28,True,97,35,15.213767072533724,29,0.55,0.3,0.2,0,0.5,10,9.5,10,rrt_20260806_233728_244.png
20260806_233728_480,2026-08-06 23:37:28,True,1214,54,15.230192952403883,29,0.55,0.3,0.2,0,0.5,10,9.5,10,rrt_20260806_233728_480.png
20260806_233729_545,2026-08-06 23:37:29,False,10000,47,0.0,0,0.55,0.3,0.2,0,0.5,10,9.5,10,rrt_20260806_233729_545.png
20260806_233730_013,2026-08-06 23:37:30,True,2605,81,19.800000000000008,37,0.55,0.3,0.2,0,0.5,10,9.5,10,rrt_20260806_233730_013.png
20260806_233730_232,2026-08-06 23:37:30,True,598,52,16.886096854063627,32,0.55,0.3,0.2,0,0.5,10,9.5,10,rrt_20260806_233730_232.png
20260806_233730_407,2026-08-06 23:37:30,True,272,42,15.950000000000005,30,0.55,0.3,0.2,0,0.5,10,9.5,10,rrt_20260806_233730_407.png
20260806_233730_584,2026-08-06 23:37:30,True,404,56,16.85493848130724,32,0.55,0.3,0.2,0,0.5,10,9.5,10,rrt_20260806_233730_584.png
20260806_233730_802,2026-08-06 23:37:30,True,154,40,16.956409504855785,32,0.55,0.3,0.2,0,0.5,10,9.5,10,rrt_20260806_233730_802.png
20260806_233730_980,2026-08-06 23:37:30,True,126,35,14.850000000000009,28,0.55,0.3,0.2,0,0.5,10,9.5,10,rrt_20260806_233730_980.png
20260806_233732_382,2026-08-06 23:37:32,False,10000,95,0.0,0,0.55,0.3,0.2,0,0.5,10,9.5,10,rrt_20260806_233732_382.png
20260806_233732_600,2026-08-06 23:37:32,True,52,34,16.40865721012726,31,0.55,0.3,0.2,0,0.5,10,9.5,10,rrt_20260806_233732_600.png
20260806_233732_818,2026-08-06 23:37:32,True,579,70,17.05,32,0.55,0.3,0.2,0,0.5,10,9.5,10,rrt_20260806_233732_818.png
20260806_233732_986,2026-08-06 23:37:32,True,179,37,15.95,30,0.55,0.3,0.2,0,0.5,10,9.5,10,rrt_20260806_233732_986.png
20260806_233733_174,2026-08-06 23:37:33,True,79,37,14.606788050903331,28,0.55,0.3,0.2,0,0.5,10,9.5,10,rrt_20260806_233733_174.png
20260806_233733_355,2026-08-06 23:37:33,True,455,56,17.05000000000001,32,0.55,0.3,0.2,0,0.5,10,9.5,10,rrt_20260806_233733_355.png
20260806_233733_515,2026-08-06 23:37:33,True,120,35,15.950000000000006,30,0.55,0.3,0.2,0,0.5,10,9.5,10,rrt_20260806_233733_515.png
20260806_233734_577,2026-08-06 23:37:34,False,10000,46,0.0,0,0.55,0.3,0.2,0,0.5,10,9.5,10,rrt_20260806_233734_577.png
20260806_233734_873,2026-08-06 23:37:34,True,96,39,15.204218540897704,29,0.55,0.3,0.2,0,0.5,10,9.5,10,rrt_20260806_233734_873.png
20260806_233735_739,2026-08-06 23:37:35,False,10000,49,0.0,0,0.55,0.3,0.2,0,0.5,10,9.5,10,rrt_20260806_233735_739.png
20260806_233736_028,2026-08-06 23:37:36,True,526,48,15.400000000000007,29,0.55,0.3,0.2,0,0.5,10,9.5,10,rrt_20260806_233736_028.png
20260806_233736_203,2026-08-06 23:37:36,True,243,50,15.950000000000005,30,0.55,0.3,0.2,0,0.5,10,9.5,10,rrt_20260806_233736_203.png
20260806_233736_459,2026-08-06 23:37:36,True,1282,79,21.137193024872847,40,0.55,0.3,0.2,0,0.5,10,9.5,10,rrt_20260806_233736_459.png
20260806_233736_643,2026-08-06 23:37:36,True,372,52,14.850000000000003,28,0.55,0.3,0.2,0,0.5,10,9.5,10,rrt_20260806_233736_643.png
20260806_233736_807,2026-08-06 23:37:36,True,114,36,14.850000000000009,28,0.55,0.3,0.2,0,0.5,10,9.5,10,rrt_20260806_233736_807.png
20260806_233737_020,2026-08-06 23:37:37,True,826,59,16.50000000000001,31,0.55,0.3,0.2,0,0.5,10,9.5,10,rrt_20260806_233737_020.png
20260806_233738_117,2026-08-06 23:37:38,False,10000,50,0.0,0,0.55,0.3,0.2,0,0.5,10,9.5,10,rrt_20260806_233738_117.png
20260806_233738_319,2026-08-06 23:37:38,True,132,33,15.188491274677544,29,0.55,0.3,0.2,0,0.5,10,9.5,10,rrt_20260806_233738_319.png
20260806_233738_488,2026-08-06 23:37:38,True,166,33,14.850000000000009,28,0.55,0.3,0.2,0,0.5,10,9.5,10,rrt_20260806_233738_488.png
20260806_233739_906,2026-08-06 23:37:39,False,10000,93,0.0,0,0.55,0.3,0.2,0,0.5,10,9.5,10,rrt_20260806_233739_906.png
20260806_233740_123,2026-08-06 23:37:40,True,195,47,16.875459602681175,32,0.55,0.3,0.2,0,0.5,10,9.5,10,rrt_20260806_233740_123.png
20260806_233740_292,2026-08-06 23:37:40,True,56,33,15.302659069468604,29,0.55,0.3,0.2,0,0.5,10,9.5,10,rrt_20260806_233740_292.png
20260806_233741_765,2026-08-06 23:37:41,False,10000,96,0.0,0,0.55,0.3,0.2,0,0.5,10,9.5,10,rrt_20260806_233741_765.png
20260806_233742_961,2026-08-06 23:37:42,False,10000,57,0.0,0,0.55,0.3,0.2,0,0.5,10,9.5,10,rrt_20260806_233742_961.png
20260806_233743_943,2026-08-06 23:37:43,False,10000,39,0.0,0,0.55,0.3,0.2,0,0.5,10,9.5,10,rrt_20260806_233743_943.png
20260806_233744_169,2026-08-06 23:37:44,True,723,64,16.985412242908872,32,0.55,0.3,0.2,0,0.5,10,9.5,10,rrt_20260806_233744_169.png
20260806_233744_357,2026-08-06 23:37:44,True,64,31,14.850000000000001,28,0.55,0.3,0.2,0,0.5,10,9.5,10,rrt_20260806_233744_357.png
20260806_233744_507,2026-08-06 23:37:44,True,86,35,15.617473711981916,30,0.55,0.3,0.2,0,0.5,10,9.5,10,rrt_20260806_233744_507.png
20260806_233745_614,2026-08-06 23:37:45,False,10000,43,0.0,0,0.55,0.3,0.2,0,0.5,10,9.5,10,rrt_20260806_233745_614.png
20260806_233745_883,2026-08-06 23:37:45,True,269,48,17.29970685290726,33,0.55,0.3,0.2,0,0.5,10,9.5,10,rrt_20260806_233745_883.png
20260806_233746_070,2026-08-06 23:37:46,True,332,44,14.85,28,0.55,0.3,0.2,0,0.5,10,9.5,10,rrt_20260806_233746_070.png
20260806_233746_240,2026-08-06 23:37:46,True,159,37,14.850000000000001,28,0.55,0.3,0.2,0,0.5,10,9.5,10,rrt_20260806_233746_240.png
20260806_233746_433,2026-08-06 23:37:46,True,423,53,18.150000000000002,34,0.55,0.3,0.2,0,0.5,10,9.5,10,rrt_20260806_233746_433.png
20260806_233746_643,2026-08-06 23:37:46,True,331,58,16.88826637969103,32,0.55,0.3,0.2,0,0.5,10,9.5,10,rrt_20260806_233746_643.png
20260806_233746_822,2026-08-06 23:37:46,True,118,35,15.14997667711829,29,0.55,0.3,0.2,0,0.5,10,9.5,10,rrt_20260806_233746_822.png
20260806_233746_997,2026-08-06 23:37:46,True,282,56,15.299733688520028,29,0.55,0.3,0.2,0,0.5,10,9.5,10,rrt_20260806_233746_997.png
20260806_233747_191,2026-08-06 23:37:47,True,123,40,15.058148650832454,29,0.55,0.3,0.2,0,0.5,10,9.5,10,rrt_20260806_233747_191.png
20260806_233747_391,2026-08-06 23:37:47,True,279,51,15.949999999999998,30,0.55,0.3,0.2,0,0.5,10,9.5,10,rrt_20260806_233747_391.png
20260806_233747_564,2026-08-06 23:37:47,True,125,30,15.068991669859855,29,0.55,0.3,0.2,0,0.5,10,9.5,10,rrt_20260806_233747_564.png
20260806_233747_736,2026-08-06 23:37:47,True,451,53,18.15000000000001,34,0.55,0.3,0.2,0,0.5,10,9.5,10,rrt_20260806_233747_736.png
20260806_233747_942,2026-08-06 23:37:47,True,327,45,16.834510730494994,32,0.55,0.3,0.2,0,0.5,10,9.5,10,rrt_20260806_233747_942.png
20260806_233749_330,2026-08-06 23:37:49,False,10000,73,0.0,0,0.55,0.3,0.2,0,0.5,10,9.5,10,rrt_20260806_233749_330.png
20260806_233749_564,2026-08-06 23:37:49,True,459,52,15.32374318443382,29,0.55,0.3,0.2,0,0.5,10,9.5,10,rrt_20260806_233749_564.png
20260806_233749_728,2026-08-06 23:37:49,True,140,36,14.67466061341675,28,0.55,0.3,0.2,0,0.5,10,9.5,10,rrt_20260806_233749_728.png
20260806_233750_653,2026-08-06 23:37:50,False,10000,38,0.0,0,0.55,0.3,0.2,0,0.5,10,9.5,10,rrt_20260806_233750_653.png
20260806_233751_495,2026-08-06 23:37:51,False,10000,41,0.0,0,0.55,0.3,0.2,0,0.5,10,9.5,10,rrt_20260806_233751_495.png
20260806_233752_572,2026-08-06 23:37:52,False,10000,45,0.0,0,0.55,0.3,0.2,0,0.5,10,9.5,10,rrt_20260806_233752_572.png
20260806_233752_821,2026-08-06 23:37:52,True,851,64,19.214896851253968,36,0.55,0.3,0.2,0,0.5,10,9.5,10,rrt_20260806_233752_821.png
20260806_233752_986,2026-08-06 23:37:52,True,71,33,15.81964713441381,30,0.55,0.3,0.2,0,0.5,10,9.5,10,rrt_20260806_233752_986.png
20260806_233753_996,2026-08-06 23:37:53,False,10000,45,0.0,0,0.55,0.3,0.2,0,0.5,10,9.5,10,rrt_20260806_233753_996.png
20260806_233755_369,2026-08-06 23:37:55,False,10000,69,0.0,0,0.55,0.3,0.2,0,0.5,10,9.5,10,rrt_20260806_233755_369.png
20260806_233755_697,2026-08-06 23:37:55,True,1956,61,20.594345328677324,39,0.55,0.3,0.2,0,0.5,10,9.5,10,rrt_20260806_233755_697.png
20260806_233755_878,2026-08-06 23:37:55,True,108,33,14.677611204433775,28,0.55,0.3,0.2,0,0.5,10,9.5,10,rrt_20260806_233755_878.png
20260806_233756_033,2026-08-06 23:37:56,True,154,36,15.86819903049759,30,0.55,0.3,0.2,0,0.5,10,9.5,10,rrt_20260806_233756_033.png
20260806_233756_207,2026-08-06 23:37:56,True,349,35,16.343827042460436,31,0.55,0.3,0.2,0,0.5,10,9.5,10,rrt_20260806_233756_207.png
20260806_233756_396,2026-08-06 23:37:56,True,143,38,15.737097877074437,30,0.55,0.3,0.2,0,0.5,10,9.5,10,rrt_20260806_233756_396.png
20260806_233756_611,2026-08-06 23:37:56,True,73,36,15.399999999999991,29,0.55,0.3,0.2,0,0.5,10,9.5,10,rrt_20260806_233756_611.png
20260806_233756_802,2026-08-06 23:37:56,True,99,32,14.850000000000005,28,0.55,0.3,0.2,0,0.5,10,9.5,10,rrt_20260806_233756_802.png
20260806_233758_339,2026-08-06 23:37:58,False,10000,106,0.0,0,0.55,0.3,0.2,0,0.5,10,9.5,10,rrt_20260806_233758_339.png
20260806_233759_856,2026-08-06 23:37:59,False,10000,106,0.0,0,0.55,0.3,0.2,0,0.5,10,9.5,10,rrt_20260806_233759_856.png
20260806_233801_698,2026-08-06 23:38:01,False,10000,130,0.0,0,0.55,0.3,0.2,0,0.5,10,9.5,10,rrt_20260806_233801_698.png
20260806_233801_968,2026-08-06 23:38:01,True,68,36,15.950000000000006,30,0.55,0.3,0.2,0,0.5,10,9.5,10,rrt_20260806_233801_968.png
20260806_233802_129,2026-08-06 23:38:02,True,85,36,14.520189872887666,28,0.55,0.3,0.2,0,0.5,10,9.5,10,rrt_20260806_233802_129.png
20260806_233802_419,2026-08-06 23:38:02,True,1861,60,20.7387974633405,39,0.55,0.3,0.2,0,0.5,10,9.5,10,rrt_20260806_233802_419.png
20260806_233803_905,2026-08-06 23:38:03,False,10000,99,0.0,0,0.55,0.3,0.2,0,0.5,10,9.5,10,rrt_20260806_233803_905.png
20260806_233804_127,2026-08-06 23:38:04,True,110,35,15.097251436355869,29,0.55,0.3,0.2,0,0.5,10,9.5,10,rrt_20260806_233804_127.png
20260806_233804_315,2026-08-06 23:38:04,True,189,34,16.357889920403398,31,0.55,0.3,0.2,0,0.5,10,9.5,10,rrt_20260806_233804_315.png
20260806_233804_510,2026-08-06 23:38:04,True,164,39,15.40000000000001,29,0.55,0.3,0.2,0,0.5,10,9.5,10,rrt_20260806_233804_510.png
20260806_233804_687,2026-08-06 23:38:04,True,312,50,15.671665951295857,30,0.55,0.3,0.2,0,0.5,10,9.5,10,rrt_20260806_233804_687.png
20260806_233804_846,2026-08-06 23:38:04,True,46,31,14.562883842632116,28,0.55,0.3,0.2,0,0.5,10,9.5,10,rrt_20260806_233804_846.png
20260806_233805_005,2026-08-06 23:38:05,True,181,41,15.950000000000006,30,0.55,0.3,0.2,0,0.5,10,9.5,10,rrt_20260806_233805_005.png
20260806_233805_162,2026-08-06 23:38:05,True,116,33,15.105541642176277,29,0.55,0.3,0.2,0,0.5,10,9.5,10,rrt_20260806_233805_162.png
20260806_233805_362,2026-08-06 23:38:05,True,262,40,16.904117761818306,32,0.55,0.3,0.2,0,0.5,10,9.5,10,rrt_20260806_233805_362.png
20260806_233805_560,2026-08-06 23:38:05,True,59,34,14.548933602285492,28,0.55,0.3,0.2,0,0.5,10,9.5,10,rrt_20260806_233805_560.png
20260806_233805_759,2026-08-06 23:38:05,True,193,39,15.399999999999999,29,0.55,0.3,0.2,0,0.5,10,9.5,10,rrt_20260806_233805_759.png
20260806_233805_978,2026-08-06 23:38:05,True,195,38,15.910343651906427,30,0.55,0.3,0.2,0,0.5,10,9.5,10,rrt_20260806_233805_978.png
20260806_233806_167,2026-08-06 23:38:06,True,185,39,15.127962837124523,29,0.55,0.3,0.2,0,0.5,10,9.5,10,rrt_20260806_233806_167.png
20260806_233806_345,2026-08-06 23:38:06,True,133,37,14.850000000000007,28,0.55,0.3,0.2,0,0.5,10,9.5,10,rrt_20260806_233806_345.png
20260806_233807_114,2026-08-06 23:38:07,False,10000,41,0.0,0,0.55,0.3,0.2,0,0.5,10,9.5,10,rrt_20260806_233807_114.png
20260806_233807_323,2026-08-06 23:38:07,True,279,50,17.018595948394292,32,0.55,0.3,0.2,0,0.5,10,9.5,10,rrt_20260806_233807_323.png
20260806_233807_586,2026-08-06 23:38:07,True,619,63,17.02194109009712,32,0.55,0.3,0.2,0,0.5,10,9.5,10,rrt_20260806_233807_586.png
20260806_233807_857,2026-08-06 23:38:07,True,488,57,16.9078857928002,32,0.55,0.3,0.2,0,0.5,10,9.5,10,rrt_20260806_233807_857.png
20260806_233808_065,2026-08-06 23:38:08,True,193,38,15.950000000000003,30,0.55,0.3,0.2,0,0.5,10,9.5,10,rrt_20260806_233808_065.png
20260806_233808_235,2026-08-06 23:38:08,True,323,46,17.050000000000008,32,0.55,0.3,0.2,0,0.5,10,9.5,10,rrt_20260806_233808_235.png
20260806_233808_398,2026-08-06 23:38:08,True,97,31,14.504193345149401,28,0.55,0.3,0.2,0,0.5,10,9.5,10,rrt_20260806_233808_398.png
20260806_233809_807,2026-08-06 23:38:09,False,10000,96,0.0,0,0.55,0.3,0.2,0,0.5,10,9.5,10,rrt_20260806_233809_807.png
20260806_233810_064,2026-08-06 23:38:10,True,100,33,14.300000000000004,27,0.55,0.3,0.2,0,0.5,10,9.5,10,rrt_20260806_233810_064.png
20260806_233810_227,2026-08-06 23:38:10,True,232,33,14.850000000000009,28,0.55,0.3,0.2,0,0.5,10,9.5,10,rrt_20260806_233810_227.png
20260806_233810_402,2026-08-06 23:38:10,True,400,51,16.475153398236895,31,0.55,0.4,0.2,0,0.5,10,9.5,10,rrt_20260806_233810_402.png
20260806_233811_419,2026-08-06 23:38:11,False,10000,43,0.0,0,0.55,0.4,0.2,0,0.5,10,9.5,10,rrt_20260806_233811_419.png
20260806_233811_663,2026-08-06 23:38:11,True,75,31,14.29999999999999,27,0.55,0.4,0.2,0,0.5,10,9.5,10,rrt_20260806_233811_663.png
20260806_233811_853,2026-08-06 23:38:11,True,294,44,15.38671069831701,29,0.55,0.4,0.2,0,0.5,10,9.5,10,rrt_20260806_233811_853.png
20260806_233812_048,2026-08-06 23:38:12,True,221,36,15.126673696738436,29,0.55,0.4,0.2,0,0.5,10,9.5,10,rrt_20260806_233812_048.png
20260806_233812_210,2026-08-06 23:38:12,True,191,44,15.840484049130266,30,0.55,0.4,0.2,0,0.5,10,9.5,10,rrt_20260806_233812_210.png
20260806_233812_369,2026-08-06 23:38:12,True,90,38,15.098157499235615,29,0.55,0.4,0.2,0,0.5,10,9.5,10,rrt_20260806_233812_369.png
20260806_233812_527,2026-08-06 23:38:12,True,93,33,15.950000000000006,30,0.55,0.4,0.2,0,0.5,10,9.5,10,rrt_20260806_233812_527.png
20260806_233813_354,2026-08-06 23:38:13,False,10000,44,0.0,0,0.55,0.4,0.2,0,0.5,10,9.5,10,rrt_20260806_233813_354.png
20260806_233813_558,2026-08-06 23:38:13,True,179,44,15.120203483202038,29,0.55,0.4,0.2,0,0.5,10,9.5,10,rrt_20260806_233813_558.png
20260806_233813_727,2026-08-06 23:38:13,True,209,51,15.672877375473346,30,0.55,0.4,0.2,0,0.5,10,9.5,10,rrt_20260806_233813_727.png
20260806_233813_957,2026-08-06 23:38:13,True,132,38,16.439520745143515,31,0.55,0.4,0.2,0,0.5,10,9.5,10,rrt_20260806_233813_957.png
20260806_233814_131,2026-08-06 23:38:14,True,378,62,16.925831564529307,32,0.55,0.4,0.2,0,0.5,10,9.5,10,rrt_20260806_233814_131.png
20260806_233814_303,2026-08-06 23:38:14,True,186,45,15.871289710160648,30,0.55,0.4,0.2,0,0.5,10,9.5,10,rrt_20260806_233814_303.png
20260806_233814_464,2026-08-06 23:38:14,True,103,38,15.279942434139768,29,0.55,0.4,0.2,0,0.5,10,9.5,10,rrt_20260806_233814_464.png
20260806_233814_618,2026-08-06 23:38:14,True,55,34,14.850000000000005,28,0.55,0.4,0.2,0,0.5,10,9.5,10,rrt_20260806_233814_618.png
20260806_233814_790,2026-08-06 23:38:14,True,109,44,16.242091801539,31,0.55,0.4,0.2,0,0.5,10,9.5,10,rrt_20260806_233814_790.png
20260806_233814_986,2026-08-06 23:38:14,True,239,43,15.938891544150616,30,0.55,0.4,0.2,0,0.5,10,9.5,10,rrt_20260806_233814_986.png
20260806_233815_283,2026-08-06 23:38:15,True,1318,64,15.23246961549657,29,0.55,0.4,0.2,0,0.5,10,9.5,10,rrt_20260806_233815_283.png
20260806_233815_512,2026-08-06 23:38:15,True,46,33,15.148595433516196,29,0.55,0.4,0.2,0,0.5,10,9.5,10,rrt_20260806_233815_512.png
20260806_233815_978,2026-08-06 23:38:15,True,1863,72,22.55000000000002,42,0.55,0.4,0.2,0,0.5,10,9.5,10,rrt_20260806_233815_978.png
20260806_233816_494,2026-08-06 23:38:16,True,2778,116,19.800000000000015,37,0.55,0.4,0.2,0,0.5,10,9.5,10,rrt_20260806_233816_494.png
20260806_233817_601,2026-08-06 23:38:17,False,10000,52,0.0,0,0.55,0.4,0.2,0,0.5,10,9.5,10,rrt_20260806_233817_601.png
20260806_233817_866,2026-08-06 23:38:17,True,132,38,15.400000000000004,29,0.55,0.4,0.2,0,0.5,10,9.5,10,rrt_20260806_233817_866.png
20260806_233818_030,2026-08-06 23:38:18,True,194,52,15.950000000000006,30,0.55,0.4,0.2,0,0.5,10,9.5,10,rrt_20260806_233818_030.png
20260806_233818_197,2026-08-06 23:38:18,True,229,51,16.45582688870195,31,0.55,0.4,0.2,0,0.5,10,9.5,10,rrt_20260806_233818_197.png
20260806_233818_360,2026-08-06 23:38:18,True,190,39,14.77345200351581,28,0.55,0.4,0.2,0,0.5,10,9.5,10,rrt_20260806_233818_360.png
20260806_233818_524,2026-08-06 23:38:18,True,111,35,15.399999999999995,29,0.55,0.4,0.2,0,0.5,10,9.5,10,rrt_20260806_233818_524.png
20260806_233819_422,2026-08-06 23:38:19,False,10000,49,0.0,0,0.55,0.4,0.2,0,0.5,10,9.5,10,rrt_20260806_233819_422.png
20260806_233820_354,2026-08-06 23:38:20,False,10000,43,0.0,0,0.55,0.4,0.2,0,0.5,10,9.5,10,rrt_20260806_233820_354.png
20260806_233820_556,2026-08-06 23:38:20,True,182,35,15.718847716801722,30,0.55,0.4,0.2,0,0.5,10,9.5,10,rrt_20260806_233820_556.png
20260806_233821_503,2026-08-06 23:38:21,False,10000,39,0.0,0,0.55,0.4,0.2,0,0.5,10,9.5,10,rrt_20260806_233821_503.png
20260806_233821_707,2026-08-06 23:38:21,True,150,38,14.85,28,0.55,0.4,0.2,0,0.5,10,9.5,10,rrt_20260806_233821_707.png
20260806_233821_868,2026-08-06 23:38:21,True,194,42,15.950000000000006,30,0.55,0.4,0.2,0,0.5,10,9.5,10,rrt_20260806_233821_868.png
20260806_233822_032,2026-08-06 23:38:22,True,117,39,16.43007956589144,31,0.55,0.4,0.2,0,0.5,10,9.5,10,rrt_20260806_233822_032.png
20260806_233822_216,2026-08-06 23:38:22,True,124,43,17.050000000000008,32,0.55,0.4,0.2,0,0.5,10,9.5,10,rrt_20260806_233822_216.png
20260806_233822_449,2026-08-06 23:38:22,True,1018,85,18.474584085954064,35,0.55,0.4,0.2,0,0.5,10,9.5,10,rrt_20260806_233822_449.png
20260806_233822_637,2026-08-06 23:38:22,True,123,39,16.389336140554445,31,0.55,0.4,0.2,0,0.5,10,9.5,10,rrt_20260806_233822_637.png
20260806_233824_097,2026-08-06 23:38:24,False,10000,97,0.0,0,0.55,0.4,0.2,0,0.5,10,9.5,10,rrt_20260806_233824_097.png
20260806_233824_343,2026-08-06 23:38:24,True,438,66,17.42560742093219,33,0.55,0.4,0.2,0,0.5,10,9.5,10,rrt_20260806_233824_343.png
20260806_233824_571,2026-08-06 23:38:24,True,979,80,21.71658425794222,41,0.55,0.4,0.2,0,0.5,10,9.5,10,rrt_20260806_233824_571.png
20260806_233824_867,2026-08-06 23:38:24,True,969,77,19.13062891601821,36,0.55,0.4,0.2,0,0.5,10,9.5,10,rrt_20260806_233824_867.png
20260806_233825_066,2026-08-06 23:38:25,True,268,56,17.891155792444366,34,0.55,0.4,0.2,0,0.5,10,9.5,10,rrt_20260806_233825_066.png
20260806_233825_251,2026-08-06 23:38:25,True,427,60,18.423301014880685,35,0.55,0.4,0.2,0,0.5,10,9.5,10,rrt_20260806_233825_251.png
20260806_233825_433,2026-08-06 23:38:25,True,377,45,15.950000000000005,30,0.55,0.4,0.2,0,0.5,10,9.5,10,rrt_20260806_233825_433.png
20260806_233825_597,2026-08-06 23:38:25,True,151,39,15.280231023910313,29,0.55,0.4,0.2,0,0.5,10,9.5,10,rrt_20260806_233825_597.png
20260806_233827_010,2026-08-06 23:38:27,False,10000,92,0.0,0,0.55,0.4,0.2,0,0.5,10,9.5,10,rrt_20260806_233827_010.png
20260806_233827_324,2026-08-06 23:38:27,True,1006,59,18.055860769204884,34,0.55,0.4,0.2,0,0.5,10,9.5,10,rrt_20260806_233827_324.png
20260806_233827_495,2026-08-06 23:38:27,True,171,47,15.209159870713176,29,0.55,0.4,0.2,0,0.5,10,9.5,10,rrt_20260806_233827_495.png
20260806_233827_747,2026-08-06 23:38:27,True,1080,77,19.469348276326937,37,0.55,0.4,0.2,0,0.5,10,9.5,10,rrt_20260806_233827_747.png
20260806_233827_915,2026-08-06 23:38:27,True,53,30,14.71036431487588,28,0.55,0.4,0.2,0,0.5,10,9.5,10,rrt_20260806_233827_915.png
20260806_233828_094,2026-08-06 23:38:28,True,498,48,15.4,29,0.55,0.4,0.2,0,0.5,10,9.5,10,rrt_20260806_233828_094.png
20260806_233828_289,2026-08-06 23:38:28,True,422,47,18.090616041565614,34,0.55,0.4,0.2,0,0.5,10,9.5,10,rrt_20260806_233828_289.png
20260806_233828_487,2026-08-06 23:38:28,True,285,50,15.400000000000002,29,0.55,0.4,0.2,0,0.5,10,9.5,10,rrt_20260806_233828_487.png
20260806_233828_754,2026-08-06 23:38:28,True,1223,94,19.057560678240883,36,0.55,0.4,0.2,0,0.5,10,9.5,10,rrt_20260806_233828_754.png
20260806_233828_960,2026-08-06 23:38:28,True,161,35,15.399920630403278,29,0.55,0.4,0.2,0,0.5,10,9.5,10,rrt_20260806_233828_960.png
20260806_233829_111,2026-08-06 23:38:29,True,70,38,15.156941045657673,29,0.55,0.4,0.2,0,0.5,10,9.5,10,rrt_20260806_233829_111.png
20260806_233829_294,2026-08-06 23:38:29,True,384,63,14.815764767703719,28,0.55,0.4,0.2,0,0.5,10,9.5,10,rrt_20260806_233829_294.png
20260806_233829_480,2026-08-06 23:38:29,True,270,43,16.500000000000007,31,0.55,0.4,0.2,0,0.5,10,9.5,10,rrt_20260806_233829_480.png
20260806_233830_797,2026-08-06 23:38:30,False,10000,81,0.0,0,0.55,0.4,0.2,0,0.5,10,9.5,10,rrt_20260806_233830_797.png
20260806_233831_015,2026-08-06 23:38:31,True,119,40,15.400000000000004,29,0.55,0.4,0.2,0,0.5,10,9.5,10,rrt_20260806_233831_015.png
20260806_233831_206,2026-08-06 23:38:31,True,516,65,17.367822430688204,33,0.55,0.4,0.2,0,0.5,10,9.5,10,rrt_20260806_233831_206.png
20260806_233832_220,2026-08-06 23:38:32,False,10000,45,0.0,0,0.55,0.4,0.2,0,0.5,10,9.5,10,rrt_20260806_233832_220.png
20260806_233832_423,2026-08-06 23:38:32,True,97,42,16.500000000000004,31,0.55,0.4,0.2,0,0.5,10,9.5,10,rrt_20260806_233832_423.png
20260806_233832_619,2026-08-06 23:38:32,True,131,44,15.95,30,0.55,0.4,0.2,0,0.5,10,9.5,10,rrt_20260806_233832_619.png
20260806_233832_840,2026-08-06 23:38:32,True,611,55,16.312174475725683,31,0.55,0.4,0.2,0,0.5,10,9.5,10,rrt_20260806_233832_840.png
20260806_233833_886,2026-08-06 23:38:33,False,10000,46,0.0,0,0.55,0.4,0.2,0,0.5,10,9.5,10,rrt_20260806_233833_886.png
20260806_233834_960,2026-08-06 23:38:34,False,10000,48,0.0,0,0.55,0.4,0.2,0,0.5,10,9.5,10,rrt_20260806_233834_960.png
20260806_233835_171,2026-08-06 23:38:35,True,192,46,18.002099362301706,34,0.55,0.4,0.2,0,0.5,10,9.5,10,rrt_20260806_233835_171.png
20260806_233835_341,2026-08-06 23:38:35,True,248,42,15.400000000000007,29,0.55,0.4,0.2,0,0.5,10,9.5,10,rrt_20260806_233835_341.png
20260806_233836_858,2026-08-06 23:38:36,False,10000,107,0.0,0,0.55,0.4,0.2,0,0.5,10,9.5,10,rrt_20260806_233836_858.png
20260806_233838_294,2026-08-06 23:38:38,False,10000,81,0.0,0,0.55,0.4,0.2,0,0.5,10,9.5,10,rrt_20260806_233838_294.png
20260806_233838_509,2026-08-06 23:38:38,True,80,31,14.736248174877591,28,0.55,0.4,0.2,0,0.5,10,9.5,10,rrt_20260806_233838_509.png
20260806_233838_708,2026-08-06 23:38:38,True,58,33,15.192902758252764,29,0.55,0.4,0.2,0,0.5,10,9.5,10,rrt_20260806_233838_708.png
20260806_233840_362,2026-08-06 23:38:40,False,10000,118,0.0,0,0.55,0.4,0.2,0,0.5,10,9.5,10,rrt_20260806_233840_362.png
20260806_233840_612,2026-08-06 23:38:40,True,202,40,15.279928007406104,29,0.55,0.4,0.2,0,0.5,10,9.5,10,rrt_20260806_233840_612.png
20260806_233840_788,2026-08-06 23:38:40,True,89,36,15.40000000000001,29,0.55,0.4,0.2,0,0.5,10,9.5,10,rrt_20260806_233840_788.png
20260806_233840_950,2026-08-06 23:38:40,True,151,38,15.1496379566268,29,0.55,0.4,0.2,0,0.5,10,9.5,10,rrt_20260806_233840_950.png
20260806_233842_377,2026-08-06 23:38:42,False,10000,96,0.0,0,0.55,0.4,0.2,0,0.5,10,9.5,10,rrt_20260806_233842_377.png
20260806_233843_985,2026-08-06 23:38:43,False,10000,112,0.0,0,0.55,0.4,0.2,0,0.5,10,9.5,10,rrt_20260806_233843_985.png
20260806_233844_245,2026-08-06 23:38:44,True,234,45,15.887531542881067,30,0.55,0.4,0.2,0,0.5,10,9.5,10,rrt_20260806_233844_245.png
20260806_233844_417,2026-08-06 23:38:44,True,113,38,14.850000000000005,28,0.55,0.4,0.2,0,0.5,10,9.5,10,rrt_20260806_233844_417.png
20260806_233844_609,2026-08-06 23:38:44,True,213,47,16.222046248015346,31,0.55,0.4,0.2,0,0.5,10,9.5,10,rrt_20260806_233844_609.png
20260806_233844_776,2026-08-06 23:38:44,True,146,39,14.650016598600109,28,0.55,0.4,0.2,0,0.5,10,9.5,10,rrt_20260806_233844_776.png
20260806_233844_966,2026-08-06 23:38:44,True,362,61,19.250000000000007,36,0.55,0.4,0.2,0,0.5,10,9.5,10,rrt_20260806_233844_966.png
20260806_233845_137,2026-08-06 23:38:45,True,72,32,15.809178356214414,30,0.55,0.4,0.2,0,0.5,10,9.5,10,rrt_20260806_233845_137.png
20260806_233845_365,2026-08-06 23:38:45,True,364,48,17.412529926030302,33,0.55,0.4,0.2,0,0.5,10,9.5,10,rrt_20260806_233845_365.png
20260806_233845_680,2026-08-06 23:38:45,True,263,46,15.762812112517638,30,0.55,0.4,0.2,0,0.5,10,9.5,10,rrt_20260806_233845_680.png
20260806_233845_879,2026-08-06 23:38:45,True,111,37,15.705411719665985,30,0.55,0.4,0.2,0,0.5,10,9.5,10,rrt_20260806_233845_879.png
20260806_233847_500,2026-08-06 23:38:47,False,10000,112,0.0,0,0.55,0.4,0.2,0,0.5,10,9.5,10,rrt_20260806_233847_500.png
20260806_233847_720,2026-08-06 23:38:47,True,103,37,15.147539186428148,29,0.55,0.4,0.2,0,0.5,10,9.5,10,rrt_20260806_233847_720.png
20260806_233847_949,2026-08-06 23:38:47,True,518,56,15.863845279290922,30,0.55,0.4,0.2,0,0.5,10,9.5,10,rrt_20260806_233847_949.png
20260806_233848_118,2026-08-06 23:38:48,True,122,41,15.786743380909968,30,0.55,0.4,0.2,0,0.5,10,9.5,10,rrt_20260806_233848_118.png
20260806_233848_326,2026-08-06 23:38:48,True,373,59,15.389239650004301,29,0.55,0.4,0.2,0,0.5,10,9.5,10,rrt_20260806_233848_326.png
20260806_233848_516,2026-08-06 23:38:48,True,76,40,14.65399086977413,28,0.55,0.4,0.2,0,0.5,10,9.5,10,rrt_20260806_233848_516.png
20260806_233848_676,2026-08-06 23:38:48,True,74,30,14.300000000000008,27,0.55,0.4,0.2,0,0.5,10,9.5,10,rrt_20260806_233848_676.png
20260806_233848_842,2026-08-06 23:38:48,True,90,33,14.535643183826512,28,0.55,0.4,0.2,0,0.5,10,9.5,10,rrt_20260806_233848_842.png
20260806_233849_002,2026-08-06 23:38:49,True,216,43,16.365909374525792,31,0.55,0.4,0.2,0,0.5,10,9.5,10,rrt_20260806_233849_002.png
20260806_233849_165,2026-08-06 23:38:49,True,121,36,14.850000000000001,28,0.55,0.4,0.2,0,0.5,10,9.5,10,rrt_20260806_233849_165.png
20260806_233849_345,2026-08-06 23:38:49,True,507,52,15.911962967071675,30,0.55,0.4,0.2,0,0.5,10,9.5,10,rrt_20260806_233849_345.png
20260806_233849_566,2026-08-06 23:38:49,True,82,35,14.850000000000005,28,0.55,0.5,0.2,0,0.5,10,9.5,10,rrt_20260806_233849_566.png
20260806_233851_077,2026-08-06 23:38:51,False,10000,101,0.0,0,0.55,0.5,0.2,0,0.5,10,9.5,10,rrt_20260806_233851_077.png
20260806_233852_259,2026-08-06 23:38:52,False,10000,58,0.0,0,0.55,0.5,0.2,0,0.5,10,9.5,10,rrt_20260806_233852_259.png
20260806_233853_965,2026-08-06 23:38:53,False,10000,116,0.0,0,0.55,0.5,0.2,0,0.5,10,9.5,10,rrt_20260806_233853_965.png
20260806_233855_072,2026-08-06 23:38:55,False,10000,46,0.0,0,0.55,0.5,0.2,0,0.5,10,9.5,10,rrt_20260806_233855_072.png
20260806_233855_278,2026-08-06 23:38:55,True,93,38,14.850000000000001,28,0.55,0.5,0.2,0,0.5,10,9.5,10,rrt_20260806_233855_278.png
20260806_233855_453,2026-08-06 23:38:55,True,252,45,16.273322804450803,31,0.55,0.5,0.2,0,0.5,10,9.5,10,rrt_20260806_233855_453.png
20260806_233856_656,2026-08-06 23:38:56,False,10000,74,0.0,0,0.55,0.5,0.2,0,0.5,10,9.5,10,rrt_20260806_233856_656.png
20260806_233856_938,2026-08-06 23:38:56,True,849,87,17.482954615142486,33,0.55,0.5,0.2,0,0.5,10,9.5,10,rrt_20260806_233856_938.png
20260806_233857_176,2026-08-06 23:38:57,True,96,40,15.328308971613623,29,0.55,0.5,0.2,0,0.5,10,9.5,10,rrt_20260806_233857_176.png
20260806_233858_014,2026-08-06 23:38:58,False,10000,46,0.0,0,0.55,0.5,0.2,0,0.5,10,9.5,10,rrt_20260806_233858_014.png
20260806_233858_231,2026-08-06 23:38:58,True,118,39,14.850000000000005,28,0.55,0.5,0.2,0,0.5,10,9.5,10,rrt_20260806_233858_231.png
20260806_233900_100,2026-08-06 23:39:00,False,10000,141,0.0,0,0.55,0.5,0.2,0,0.5,10,9.5,10,rrt_20260806_233900_100.png
20260806_233900_373,2026-08-06 23:39:00,True,251,50,16.500000000000004,31,0.55,0.5,0.2,0,0.5,10,9.5,10,rrt_20260806_233900_373.png
20260806_233901_245,2026-08-06 23:39:01,False,10000,44,0.0,0,0.55,0.5,0.2,0,0.5,10,9.5,10,rrt_20260806_233901_245.png
20260806_233902_078,2026-08-06 23:39:02,False,10000,40,0.0,0,0.55,0.5,0.2,0,0.5,10,9.5,10,rrt_20260806_233902_078.png
20260806_233902_302,2026-08-06 23:39:02,True,448,48,16.309106492756424,31,0.55,0.5,0.2,0,0.5,10,9.5,10,rrt_20260806_233902_302.png
20260806_233902_503,2026-08-06 23:39:02,True,88,40,15.370550206130398,29,0.55,0.5,0.2,0,0.5,10,9.5,10,rrt_20260806_233902_503.png
20260806_233902_662,2026-08-06 23:39:02,True,80,43,15.22452624750388,29,0.55,0.5,0.2,0,0.5,10,9.5,10,rrt_20260806_233902_662.png
20260806_233902_832,2026-08-06 23:39:02,True,291,48,15.07832320323038,29,0.55,0.5,0.2,0,0.5,10,9.5,10,rrt_20260806_233902_832.png
20260806_233903_861,2026-08-06 23:39:03,False,10000,46,0.0,0,0.55,0.5,0.2,0,0.5,10,9.5,10,rrt_20260806_233903_861.png
20260806_233904_109,2026-08-06 23:39:04,True,656,68,18.93664752789264,36,0.55,0.5,0.2,0,0.5,10,9.5,10,rrt_20260806_233904_109.png
20260806_233904_311,2026-08-06 23:39:04,True,534,63,16.716435684386987,32,0.55,0.5,0.2,0,0.5,10,9.5,10,rrt_20260806_233904_311.png
20260806_233905_258,2026-08-06 23:39:05,False,10000,57,0.0,0,0.55,0.5,0.2,0,0.5,10,9.5,10,rrt_20260806_233905_258.png
20260806_233905_479,2026-08-06 23:39:05,True,106,39,16.745476177820255,32,0.55,0.5,0.2,0,0.5,10,9.5,10,rrt_20260806_233905_479.png
20260806_233907_027,2026-08-06 23:39:07,False,10000,101,0.0,0,0.55,0.5,0.2,0,0.5,10,9.5,10,rrt_20260806_233907_027.png
20260806_233907_274,2026-08-06 23:39:07,True,126,39,16.500000000000007,31,0.55,0.5,0.2,0,0.5,10,9.5,10,rrt_20260806_233907_274.png
20260806_233907_448,2026-08-06 23:39:07,True,302,63,17.820538544130688,34,0.55,0.5,0.2,0,0.5,10,9.5,10,rrt_20260806_233907_448.png
20260806_233907_610,2026-08-06 23:39:07,True,131,40,15.258325227226676,29,0.55,0.5,0.2,0,0.5,10,9.5,10,rrt_20260806_233907_610.png
20260806_233907_778,2026-08-06 23:39:07,True,120,34,15.875833133299054,30,0.55,0.5,0.2,0,0.5,10,9.5,10,rrt_20260806_233907_778.png
20260806_233907_942,2026-08-06 23:39:07,True,184,48,16.955964730700476,32,0.55,0.5,0.2,0,0.5,10,9.5,10,rrt_20260806_233907_942.png
20260806_233908_150,2026-08-06 23:39:08,True,102,37,14.686548470919368,28,0.55,0.5,0.2,0,0.5,10,9.5,10,rrt_20260806_233908_150.png
20260806_233908_339,2026-08-06 23:39:08,True,177,42,15.728685253553328,30,0.55,0.5,0.2,0,0.5,10,9.5,10,rrt_20260806_233908_339.png
20260806_233909_368,2026-08-06 23:39:09,False,10000,45,0.0,0,0.55,0.5,0.2,0,0.5,10,9.5,10,rrt_20260806_233909_368.png
20260806_233909_663,2026-08-06 23:39:09,True,1120,64,18.968841083170357,36,0.55,0.5,0.2,0,0.5,10,9.5,10,rrt_20260806_233909_663.png
20260806_233909_916,2026-08-06 23:39:09,True,515,76,17.927289312104683,34,0.55,0.5,0.2,0,0.5,10,9.5,10,rrt_20260806_233909_916.png
20260806_233910_984,2026-08-06 23:39:10,False,10000,47,0.0,0,0.55,0.5,0.2,0,0.5,10,9.5,10,rrt_20260806_233910_984.png
20260806_233911_324,2026-08-06 23:39:11,True,219,43,15.76173585161458,30,0.55,0.5,0.2,0,0.5,10,9.5,10,rrt_20260806_233911_324.png
20260806_233912_831,2026-08-06 23:39:12,False,10000,103,0.0,0,0.55,0.5,0.2,0,0.5,10,9.5,10,rrt_20260806_233912_831.png
20260806_233913_092,2026-08-06 23:39:13,True,726,66,16.160316195342073,31,0.55,0.5,0.2,0,0.5,10,9.5,10,rrt_20260806_233913_092.png
20260806_233913_298,2026-08-06 23:39:13,True,166,40,15.827992392233705,30,0.55,0.5,0.2,0,0.5,10,9.5,10,rrt_20260806_233913_298.png
20260806_233913_458,2026-08-06 23:39:13,True,104,45,15.399999999999997,29,0.55,0.5,0.2,0,0.5,10,9.5,10,rrt_20260806_233913_458.png
20260806_233913_620,2026-08-06 23:39:13,True,64,32,15.210058324492696,29,0.55,0.5,0.2,0,0.5,10,9.5,10,rrt_20260806_233913_620.png
20260806_233913_854,2026-08-06 23:39:13,True,713,60,15.949999999999998,30,0.55,0.5,0.2,0,0.5,10,9.5,10,rrt_20260806_233913_854.png
20260806_233914_058,2026-08-06 23:39:14,True,230,49,16.46652032175304,31,0.55,0.5,0.2,0,0.5,10,9.5,10,rrt_20260806_233914_058.png
20260806_233914_216,2026-08-06 23:39:14,True,56,35,14.850000000000005,28,0.55,0.5,0.2,0,0.5,10,9.5,10,rrt_20260806_233914_216.png
20260806_233915_044,2026-08-06 23:39:15,False,10000,44,0.0,0,0.55,0.5,0.2,0,0.5,10,9.5,10,rrt_20260806_233915_044.png
20260806_233915_358,2026-08-06 23:39:15,True,1103,92,22.550000000000008,42,0.55,0.5,0.2,0,0.5,10,9.5,10,rrt_20260806_233915_358.png
20260806_233916_762,2026-08-06 23:39:16,False,10000,86,0.0,0,0.55,0.5,0.2,0,0.5,10,9.5,10,rrt_20260806_233916_762.png
20260806_233917_004,2026-08-06 23:39:17,True,128,45,15.744862296943882,30,0.55,0.5,0.2,0,0.5,10,9.5,10,rrt_20260806_233917_004.png
20260806_233917_174,2026-08-06 23:39:17,True,85,38,15.650264358706293,30,0.55,0.5,0.2,0,0.5,10,9.5,10,rrt_20260806_233917_174.png
20260806_233918_123,2026-08-06 23:39:18,False,10000,54,0.0,0,0.55,0.5,0.2,0,0.5,10,9.5,10,rrt_20260806_233918_123.png
20260806_233918_345,2026-08-06 23:39:18,True,175,40,16.91107312492706,32,0.55,0.5,0.2,0,0.5,10,9.5,10,rrt_20260806_233918_345.png
20260806_233918_544,2026-08-06 23:39:18,True,201,49,16.2053521742818,31,0.55,0.5,0.2,0,0.5,10,9.5,10,rrt_20260806_233918_544.png
20260806_233920_078,2026-08-06 23:39:20,False,10000,104,0.0,0,0.55,0.5,0.2,0,0.5,10,9.5,10,rrt_20260806_233920_078.png
20260806_233920_318,2026-08-06 23:39:20,True,374,48,15.949999999999994,30,0.55,0.5,0.2,0,0.5,10,9.5,10,rrt_20260806_233920_318.png
20260806_233921_467,2026-08-06 23:39:21,False,10000,58,0.0,0,0.55,0.5,0.2,0,0.5,10,9.5,10,rrt_20260806_233921_467.png
20260806_233921_678,2026-08-06 23:39:21,True,87,43,15.647932245525285,30,0.55,0.5,0.2,0,0.5,10,9.5,10,rrt_20260806_233921_678.png
20260806_233921_839,2026-08-06 23:39:21,True,189,43,15.284022862209492,29,0.55,0.5,0.2,0,0.5,10,9.5,10,rrt_20260806_233921_839.png
20260806_233922_030,2026-08-06 23:39:22,True,105,43,15.63786062378612,30,0.55,0.5,0.2,0,0.5,10,9.5,10,rrt_20260806_233922_030.png
20260806_233922_201,2026-08-06 23:39:22,True,145,46,15.40000000000001,29,0.55,0.5,0.2,0,0.5,10,9.5,10,rrt_20260806_233922_201.png
20260806_233922_359,2026-08-06 23:39:22,True,118,43,16.23600055963756,31,0.55,0.5,0.2,0,0.5,10,9.5,10,rrt_20260806_233922_359.png
20260806_233923_207,2026-08-06 23:39:23,False,10000,37,0.0,0,0.55,0.5,0.2,0,0.5,10,9.5,10,rrt_20260806_233923_207.png
20260806_233923_424,2026-08-06 23:39:23,True,209,42,15.76008665812738,30,0.55,0.5,0.2,0,0.5,10,9.5,10,rrt_20260806_233923_424.png
20260806_233923_589,2026-08-06 23:39:23,True,54,35,15.400000000000002,29,0.55,0.5,0.2,0,0.5,10,9.5,10,rrt_20260806_233923_589.png
20260806_233923_864,2026-08-06 23:39:23,True,1109,71,17.4559389114803,33,0.55,0.5,0.2,0,0.5,10,9.5,10,rrt_20260806_233923_864.png
20260806_233924_072,2026-08-06 23:39:24,True,88,38,15.287830213024018,29,0.55,0.5,0.2,0,0.5,10,9.5,10,rrt_20260806_233924_072.png
20260806_233924_265,2026-08-06 23:39:24,True,67,39,15.820957070571067,30,0.55,0.5,0.2,0,0.5,10,9.5,10,rrt_20260806_233924_265.png
20260806_233924_450,2026-08-06 23:39:24,True,220,52,16.757117099392715,32,0.55,0.5,0.2,0,0.5,10,9.5,10,rrt_20260806_233924_450.png
20260806_233924_672,2026-08-06 23:39:24,True,521,60,15.922078940894638,30,0.55,0.5,0.2,0,0.5,10,9.5,10,rrt_20260806_233924_672.png
20260806_233924_847,2026-08-06 23:39:24,True,102,39,15.140760156348458,29,0.55,0.5,0.2,0,0.5,10,9.5,10,rrt_20260806_233924_847.png
20260806_233925_044,2026-08-06 23:39:25,True,97,41,15.868097022599311,30,0.55,0.5,0.2,0,0.5,10,9.5,10,rrt_20260806_233925_044.png
20260806_233925_206,2026-08-06 23:39:25,True,146,45,14.826896680623655,28,0.55,0.5,0.2,0,0.5,10,9.5,10,rrt_20260806_233925_206.png
20260806_233925_406,2026-08-06 23:39:25,True,52,36,14.599639803494759,28,0.55,0.5,0.2,0,0.5,10,9.5,10,rrt_20260806_233925_406.png
20260806_233926_343,2026-08-06 23:39:26,False,10000,39,0.0,0,0.55,0.5,0.2,0,0.5,10,9.5,10,rrt_20260806_233926_343.png
20260806_233926_616,2026-08-06 23:39:26,True,1016,55,15.108449149906644,29,0.55,0.5,0.2,0,0.5,10,9.5,10,rrt_20260806_233926_616.png
20260806_233926_791,2026-08-06 23:39:26,True,109,40,15.174992222774122,29,0.55,0.5,0.2,0,0.5,10,9.5,10,rrt_20260806_233926_791.png
20260806_233926_961,2026-08-06 23:39:26,True,253,61,18.927786651838336,36,0.55,0.5,0.2,0,0.5,10,9.5,10,rrt_20260806_233926_961.png
20260806_233927_137,2026-08-06 23:39:27,True,221,55,15.71670192001509,30,0.55,0.5,0.2,0,0.5,10,9.5,10,rrt_20260806_233927_137.png
20260806_233927_399,2026-08-06 23:39:27,True,569,74,15.950000000000001,30,0.55,0.5,0.2,0,0.5,10,9.5,10,rrt_20260806_233927_399.png
20260806_233927_605,2026-08-06 23:39:27,True,523,86,20.86667927392462,39,0.55,0.5,0.2,0,0.5,10,9.5,10,rrt_20260806_233927_605.png
20260806_233927_810,2026-08-06 23:39:27,True,383,61,17.60000000000001,33,0.55,0.5,0.2,0,0.5,10,9.5,10,rrt_20260806_233927_810.png
20260806_233927_977,2026-08-06 23:39:27,True,81,46,15.696454773307444,30,0.55,0.5,0.2,0,0.5,10,9.5,10,rrt_20260806_233927_977.png
20260806_233928_904,2026-08-06 23:39:28,False,10000,45,0.0,0,0.55,0.5,0.2,0,0.5,10,9.5,10,rrt_20260806_233928_904.png
20260806_233930_544,2026-08-06 23:39:30,False,10000,101,0.0,0,0.55,0.5,0.2,0,0.5,10,9.5,10,rrt_20260806_233930_544.png
20260806_233930_777,2026-08-06 23:39:30,True,127,48,15.950000000000001,30,0.55,0.5,0.2,0,0.5,10,9.5,10,rrt_20260806_233930_777.png
20260806_233930_962,2026-08-06 23:39:30,True,219,51,16.20011463355406,31,0.55,0.5,0.2,0,0.5,10,9.5,10,rrt_20260806_233930_962.png
20260806_233931_248,2026-08-06 23:39:31,True,1602,65,15.717387410206936,30,0.55,0.5,0.2,0,0.5,10,9.5,10,rrt_20260806_233931_248.png
20260806_233931_574,2026-08-06 23:39:31,True,1363,85,18.90177929505607,36,0.55,0.5,0.2,0,0.5,10,9.5,10,rrt_20260806_233931_574.png
20260806_233931_771,2026-08-06 23:39:31,True,193,53,15.376626658952922,29,0.55,0.5,0.2,0,0.5,10,9.5,10,rrt_20260806_233931_771.png
20260806_233931_986,2026-08-06 23:39:31,True,396,55,17.808744367086195,34,0.55,0.5,0.2,0,0.5,10,9.5,10,rrt_20260806_233931_986.png
20260806_233932_148,2026-08-06 23:39:32,True,84,39,15.400000000000006,29,0.55,0.5,0.2,0,0.5,10,9.5,10,rrt_20260806_233932_148.png
20260806_233933_647,2026-08-06 23:39:33,False,10000,99,0.0,0,0.55,0.5,0.2,0,0.5,10,9.5,10,rrt_20260806_233933_647.png
20260806_233933_882,2026-08-06 23:39:33,True,112,47,16.500000000000004,31,0.55,0.5,0.2,0,0.5,10,9.5,10,rrt_20260806_233933_882.png
20260806_233935_629,2026-08-06 23:39:35,False,10000,118,0.0,0,0.55,0.5,0.2,0,0.5,10,9.5,10,rrt_20260806_233935_629.png
20260806_233935_900,2026-08-06 23:39:35,True,216,53,16.74138741443797,32,0.55,0.5,0.2,0,0.5,10,9.5,10,rrt_20260806_233935_900.png
20260806_233936_066,2026-08-06 23:39:36,True,160,40,15.685343875029684,30,0.55,0.5,0.2,0,0.5,10,9.5,10,rrt_20260806_233936_066.png
20260806_233936_279,2026-08-06 23:39:36,True,194,48,17.53411384891143,33,0.55,0.5,0.2,0,0.5,10,9.5,10,rrt_20260806_233936_279.png
20260806_233937_787,2026-08-06 23:39:37,False,10000,102,0.0,0,0.55,0.5,0.2,0,0.5,10,9.5,10,rrt_20260806_233937_787.png
20260806_233938_008,2026-08-06 23:39:38,True,82,39,15.817580859401568,30,0.55,0.5,0.2,0,0.5,10,9.5,10,rrt_20260806_233938_008.png
20260806_233938_165,2026-08-06 23:39:38,True,88,41,14.527535430768946,28,0.55,0.6,0.2,0,0.5,10,9.5,10,rrt_20260806_233938_165.png
20260806_233939_459,2026-08-06 23:39:39,False,10000,76,0.0,0,0.55,0.6,0.2,0,0.5,10,9.5,10,rrt_20260806_233939_459.png
20260806_233939_693,2026-08-06 23:39:39,True,90,38,15.933364055629976,30,0.55,0.6,0.2,0,0.5,10,9.5,10,rrt_20260806_233939_693.png
20260806_233939_863,2026-08-06 23:39:39,True,230,58,18.15000000000001,34,0.55,0.6,0.2,0,0.5,10,9.5,10,rrt_20260806_233939_863.png
20260806_233941_014,2026-08-06 23:39:41,False,10000,56,0.0,0,0.55,0.6,0.2,0,0.5,10,9.5,10,rrt_20260806_233941_014.png
20260806_233941_229,2026-08-06 23:39:41,True,69,40,15.348333938554669,29,0.55,0.6,0.2,0,0.5,10,9.5,10,rrt_20260806_233941_229.png
20260806_233941_459,2026-08-06 23:39:41,True,115,52,15.949851162298929,30,0.55,0.6,0.2,0,0.5,10,9.5,10,rrt_20260806_233941_459.png
20260806_233941_628,2026-08-06 23:39:41,True,187,59,17.261934275368446,33,0.55,0.6,0.2,0,0.5,10,9.5,10,rrt_20260806_233941_628.png
20260806_233941_797,2026-08-06 23:39:41,True,89,40,14.85,28,0.55,0.6,0.2,0,0.5,10,9.5,10,rrt_20260806_233941_797.png
20260806_233942_856,2026-08-06 23:39:42,False,10000,53,0.0,0,0.55,0.6,0.2,0,0.5,10,9.5,10,rrt_20260806_233942_856.png
20260806_233943_077,2026-08-06 23:39:43,True,153,49,15.168645630871856,29,0.55,0.6,0.2,0,0.5,10,9.5,10,rrt_20260806_233943_077.png
20260806_233944_858,2026-08-06 23:39:44,False,10000,128,0.0,0,0.55,0.6,0.2,0,0.5,10,9.5,10,rrt_20260806_233944_858.png
20260806_233945_115,2026-08-06 23:39:45,True,74,42,14.839548701793289,28,0.55,0.6,0.2,0,0.5,10,9.5,10,rrt_20260806_233945_115.png
20260806_233945_313,2026-08-06 23:39:45,True,152,45,15.24725528528174,29,0.55,0.6,0.2,0,0.5,10,9.5,10,rrt_20260806_233945_313.png
20260806_233945_502,2026-08-06 23:39:45,True,337,59,15.257424118729626,29,0.55,0.6,0.2,0,0.5,10,9.5,10,rrt_20260806_233945_502.png
20260806_233946_963,2026-08-06 23:39:46,False,10000,96,0.0,0,0.55,0.6,0.2,0,0.5,10,9.5,10,rrt_20260806_233946_963.png
20260806_233947_181,2026-08-06 23:39:47,True,94,39,15.950000000000003,30,0.55,0.6,0.2,0,0.5,10,9.5,10,rrt_20260806_233947_181.png
20260806_233947_366,2026-08-06 23:39:47,True,123,51,15.400000000000004,29,0.55,0.6,0.2,0,0.5,10,9.5,10,rrt_20260806_233947_366.png
20260806_233947_527,2026-08-06 23:39:47,True,63,37,15.197016187280497,29,0.55,0.6,0.2,0,0.5,10,9.5,10,rrt_20260806_233947_527.png
20260806_233947_689,2026-08-06 23:39:47,True,116,57,16.335464935880967,31,0.55,0.6,0.2,0,0.5,10,9.5,10,rrt_20260806_233947_689.png
20260806_233947_850,2026-08-06 23:39:47,True,124,47,16.417914462625856,31,0.55,0.6,0.2,0,0.5,10,9.5,10,rrt_20260806_233947_850.png
20260806_233948_007,2026-08-06 23:39:48,True,74,32,14.522685890587667,28,0.55,0.6,0.2,0,0.5,10,9.5,10,rrt_20260806_233948_007.png
20260806_233948_174,2026-08-06 23:39:48,True,63,36,15.40000000000001,29,0.55,0.6,0.2,0,0.5,10,9.5,10,rrt_20260806_233948_174.png
20260806_233948_343,2026-08-06 23:39:48,True,227,65,17.04407186615268,32,0.55,0.6,0.2,0,0.5,10,9.5,10,rrt_20260806_233948_343.png
20260806_233948_577,2026-08-06 23:39:48,True,176,53,16.729946055706538,32,0.55,0.6,0.2,0,0.5,10,9.5,10,rrt_20260806_233948_577.png
20260806_233948_779,2026-08-06 23:39:48,True,379,55,16.500000000000007,31,0.55,0.6,0.2,0,0.5,10,9.5,10,rrt_20260806_233948_779.png
20260806_233949_716,2026-08-06 23:39:49,False,10000,47,0.0,0,0.55,0.6,0.2,0,0.5,10,9.5,10,rrt_20260806_233949_716.png
20260806_233949_952,2026-08-06 23:39:49,True,106,40,14.850000000000009,28,0.55,0.6,0.2,0,0.5,10,9.5,10,rrt_20260806_233949_952.png
20260806_233950_195,2026-08-06 23:39:50,True,243,54,15.400000000000004,29,0.55,0.6,0.2,0,0.5,10,9.5,10,rrt_20260806_233950_195.png
20260806_233950_362,2026-08-06 23:39:50,True,130,50,15.40000000000001,29,0.55,0.6,0.2,0,0.5,10,9.5,10,rrt_20260806_233950_362.png
20260806_233950_560,2026-08-06 23:39:50,True,83,39,15.950000000000003,30,0.55,0.6,0.2,0,0.5,10,9.5,10,rrt_20260806_233950_560.png
20260806_233950_723,2026-08-06 23:39:50,True,76,43,15.636619756035717,30,0.55,0.6,0.2,0,0.5,10,9.5,10,rrt_20260806_233950_723.png
20260806_233951_514,2026-08-06 23:39:51,False,10000,41,0.0,0,0.55,0.6,0.2,0,0.5,10,9.5,10,rrt_20260806_233951_514.png
20260806_233951_768,2026-08-06 23:39:51,True,232,53,19.250000000000014,36,0.55,0.6,0.2,0,0.5,10,9.5,10,rrt_20260806_233951_768.png
20260806_233953_516,2026-08-06 23:39:53,False,10000,125,0.0,0,0.55,0.6,0.2,0,0.5,10,9.5,10,rrt_20260806_233953_516.png
20260806_233953_767,2026-08-06 23:39:53,True,299,67,17.259467971237573,33,0.55,0.6,0.2,0,0.5,10,9.5,10,rrt_20260806_233953_767.png
20260806_233953_962,2026-08-06 23:39:53,True,142,47,14.760574980549865,28,0.55,0.6,0.2,0,0.5,10,9.5,10,rrt_20260806_233953_962.png
20260806_233954_126,2026-08-06 23:39:54,True,209,50,16.405190905855573,31,0.55,0.6,0.2,0,0.5,10,9.5,10,rrt_20260806_233954_126.png
20260806_233954_294,2026-08-06 23:39:54,True,170,48,14.850000000000003,28,0.55,0.6,0.2,0,0.5,10,9.5,10,rrt_20260806_233954_294.png
20260806_233954_455,2026-08-06 23:39:54,True,61,38,15.950000000000001,30,0.55,0.6,0.2,0,0.5,10,9.5,10,rrt_20260806_233954_455.png
20260806_233954_619,2026-08-06 23:39:54,True,199,63,17.54581817668245,33,0.55,0.6,0.2,0,0.5,10,9.5,10,rrt_20260806_233954_619.png
20260806_233954_801,2026-08-06 23:39:54,True,245,46,15.835125201705765,30,0.55,0.6,0.2,0,0.5,10,9.5,10,rrt_20260806_233954_801.png
20260806_233955_042,2026-08-06 23:39:55,True,170,43,15.850965427813392,30,0.55,0.6,0.2,0,0.5,10,9.5,10,rrt_20260806_233955_042.png
20260806_233955_201,2026-08-06 23:39:55,True,137,49,18.003488857625676,34,0.55,0.6,0.2,0,0.5,10,9.5,10,rrt_20260806_233955_201.png
20260806_233955_368,2026-08-06 23:39:55,True,156,43,15.400000000000006,29,0.55,0.6,0.2,0,0.5,10,9.5,10,rrt_20260806_233955_368.png
20260806_233955_569,2026-08-06 23:39:55,True,519,58,14.749616179146567,28,0.55,0.6,0.2,0,0.5,10,9.5,10,rrt_20260806_233955_569.png
20260806_233955_741,2026-08-06 23:39:55,True,101,44,15.12206813338987,29,0.55,0.6,0.2,0,0.5,10,9.5,10,rrt_20260806_233955_741.png
20260806_233956_619,2026-08-06 23:39:56,False,10000,46,0.0,0,0.55,0.6,0.2,0,0.5,10,9.5,10,rrt_20260806_233956_619.png
20260806_233956_833,2026-08-06 23:39:56,True,62,40,14.850000000000009,28,0.55,0.6,0.2,0,0.5,10,9.5,10,rrt_20260806_233956_833.png
20260806_233957_021,2026-08-06 23:39:57,True,112,40,15.312236385405715,29,0.55,0.6,0.2,0,0.5,10,9.5,10,rrt_20260806_233957_021.png
20260806_233957_216,2026-08-06 23:39:57,True,137,47,17.050000000000008,32,0.55,0.6,0.2,0,0.5,10,9.5,10,rrt_20260806_233957_216.png
20260806_233957_375,2026-08-06 23:39:57,True,48,39,16.308520775871784,31,0.55,0.6,0.2,0,0.5,10,9.5,10,rrt_20260806_233957_375.png
20260806_233957_541,2026-08-06 23:39:57,True,215,55,17.32724593176926,33,0.55,0.6,0.2,0,0.5,10,9.5,10,rrt_20260806_233957_541.png
20260806_233957_736,2026-08-06 23:39:57,True,108,46,15.055057892186023,29,0.55,0.6,0.2,0,0.5,10,9.5,10,rrt_20260806_233957_736.png
20260806_233957_950,2026-08-06 23:39:57,True,442,71,15.812420582355642,30,0.55,0.6,0.2,0,0.5,10,9.5,10,rrt_20260806_233957_950.png
20260806_233958_177,2026-08-06 23:39:58,True,279,65,17.05,32,0.55,0.6,0.2,0,0.5,10,9.5,10,rrt_20260806_233958_177.png
20260806_233958_346,2026-08-06 23:39:58,True,122,54,15.077562249430265,29,0.55,0.6,0.2,0,0.5,10,9.5,10,rrt_20260806_233958_346.png
20260806_233958_527,2026-08-06 23:39:58,True,102,48,16.35131147242502,31,0.55,0.6,0.2,0,0.5,10,9.5,10,rrt_20260806_233958_527.png
20260806_233958_695,2026-08-06 23:39:58,True,150,47,17.572547211980048,33,0.55,0.6,0.2,0,0.5,10,9.5,10,rrt_20260806_233958_695.png
20260806_233958_911,2026-08-06 23:39:58,True,289,59,16.849865267266228,32,0.55,0.6,0.2,0,0.5,10,9.5,10,rrt_20260806_233958_911.png
20260806_233959_082,2026-08-06 23:39:59,True,68,40,14.850000000000001,28,0.55,0.6,0.2,0,0.5,10,9.5,10,rrt_20260806_233959_082.png
20260806_233959_250,2026-08-06 23:39:59,True,76,37,15.650956853444178,30,0.55,0.6,0.2,0,0.5,10,9.5,10,rrt_20260806_233959_250.png
20260806_233959_480,2026-08-06 23:39:59,True,85,41,15.91284120811907,30,0.55,0.6,0.2,0,0.5,10,9.5,10,rrt_20260806_233959_480.png
20260806_234000_486,2026-08-06 23:40:00,False,10000,47,0.0,0,0.55,0.6,0.2,0,0.5,10,9.5,10,rrt_20260806_234000_486.png
20260806_234002_044,2026-08-06 23:40:02,False,10000,101,0.0,0,0.55,0.6,0.2,0,0.5,10,9.5,10,rrt_20260806_234002_044.png
20260806_234002_269,2026-08-06 23:40:02,True,64,37,14.772982517212894,28,0.55,0.6,0.2,0,0.5,10,9.5,10,rrt_20260806_234002_269.png
20260806_234003_629,2026-08-06 23:40:03,False,10000,85,0.0,0,0.55,0.6,0.2,0,0.5,10,9.5,10,rrt_20260806_234003_629.png
20260806_234003_915,2026-08-06 23:40:03,True,160,44,15.4,29,0.55,0.6,0.2,0,0.5,10,9.5,10,rrt_20260806_234003_915.png
20260806_234004_133,2026-08-06 23:40:04,True,92,41,15.348437880324413,29,0.55,0.6,0.2,0,0.5,10,9.5,10,rrt_20260806_234004_133.png
20260806_234004_292,2026-08-06 23:40:04,True,83,45,15.400000000000004,29,0.55,0.6,0.2,0,0.5,10,9.5,10,rrt_20260806_234004_292.png
20260806_234004_480,2026-08-06 23:40:04,True,56,34,15.24903974836623,29,0.55,0.6,0.2,0,0.5,10,9.5,10,rrt_20260806_234004_480.png
20260806_234006_258,2026-08-06 23:40:06,False,10000,119,0.0,0,0.55,0.6,0.2,0,0.5,10,9.5,10,rrt_20260806_234006_258.png
20260806_234006_496,2026-08-06 23:40:06,True,168,47,15.399999999999995,29,0.55,0.6,0.2,0,0.5,10,9.5,10,rrt_20260806_234006_496.png
20260806_234007_772,2026-08-06 23:40:07,False,10000,76,0.0,0,0.55,0.6,0.2,0,0.5,10,9.5,10,rrt_20260806_234007_772.png
20260806_234008_029,2026-08-06 23:40:08,True,528,68,16.964516901846014,32,0.55,0.6,0.2,0,0.5,10,9.5,10,rrt_20260806_234008_029.png
20260806_234008_226,2026-08-06 23:40:08,True,484,55,15.399999999999997,29,0.55,0.6,0.2,0,0.5,10,9.5,10,rrt_20260806_234008_226.png
20260806_234008_418,2026-08-06 23:40:08,True,480,62,16.243677094267085,31,0.55,0.6,0.2,0,0.5,10,9.5,10,rrt_20260806_234008_418.png
20260806_234008_678,2026-08-06 23:40:08,True,416,86,19.493490911724827,37,0.55,0.6,0.2,0,0.5,10,9.5,10,rrt_20260806_234008_678.png
20260806_234010_112,2026-08-06 23:40:10,False,10000,90,0.0,0,0.55,0.6,0.2,0,0.5,10,9.5,10,rrt_20260806_234010_112.png
20260806_234010_334,2026-08-06 23:40:10,True,93,46,16.45745682713376,31,0.55,0.6,0.2,0,0.5,10,9.5,10,rrt_20260806_234010_334.png
20260806_234011_905,2026-08-06 23:40:11,False,10000,101,0.0,0,0.55,0.6,0.2,0,0.5,10,9.5,10,rrt_20260806_234011_905.png
20260806_234012_143,2026-08-06 23:40:12,True,125,51,15.69550589238637,30,0.55,0.6,0.2,0,0.5,10,9.5,10,rrt_20260806_234012_143.png
20260806_234012_316,2026-08-06 23:40:12,True,239,68,16.98940488102654,32,0.55,0.6,0.2,0,0.5,10,9.5,10,rrt_20260806_234012_316.png
20260806_234013_809,2026-08-06 23:40:13,False,10000,94,0.0,0,0.55,0.6,0.2,0,0.5,10,9.5,10,rrt_20260806_234013_809.png
20260806_234014_025,2026-08-06 23:40:14,True,103,43,16.190408648091466,31,0.55,0.6,0.2,0,0.5,10,9.5,10,rrt_20260806_234014_025.png
20260806_234015_691,2026-08-06 23:40:15,False,10000,112,0.0,0,0.55,0.6,0.2,0,0.5,10,9.5,10,rrt_20260806_234015_691.png
20260806_234016_032,2026-08-06 23:40:16,True,332,65,16.500000000000007,31,0.55,0.6,0.2,0,0.5,10,9.5,10,rrt_20260806_234016_032.png
20260806_234016_215,2026-08-06 23:40:16,True,161,42,15.950000000000003,30,0.55,0.6,0.2,0,0.5,10,9.5,10,rrt_20260806_234016_215.png
20260806_234016_500,2026-08-06 23:40:16,True,302,62,17.600000000000005,33,0.55,0.6,0.2,0,0.5,10,9.5,10,rrt_20260806_234016_500.png
20260806_234016_715,2026-08-06 23:40:16,True,88,43,15.950000000000008,30,0.55,0.6,0.2,0,0.5,10,9.5,10,rrt_20260806_234016_715.png
20260806_234016_915,2026-08-06 23:40:16,True,196,50,15.25281205928541,29,0.55,0.6,0.2,0,0.5,10,9.5,10,rrt_20260806_234016_915.png
20260806_234017_086,2026-08-06 23:40:17,True,102,43,15.286450506050045,29,0.55,0.6,0.2,0,0.5,10,9.5,10,rrt_20260806_234017_086.png
20260806_234017_250,2026-08-06 23:40:17,True,117,39,14.850000000000003,28,0.55,0.6,0.2,0,0.5,10,9.5,10,rrt_20260806_234017_250.png
20260806_234017_411,2026-08-06 23:40:17,True,100,38,16.332173907682595,31,0.55,0.6,0.2,0,0.5,10,9.5,10,rrt_20260806_234017_411.png
20260806_234017_590,2026-08-06 23:40:17,True,75,42,15.25828255429775,29,0.55,0.6,0.2,0,0.5,10,9.5,10,rrt_20260806_234017_590.png
20260806_234017_857,2026-08-06 23:40:17,True,272,57,15.391143304247251,29,0.55,0.6,0.2,0,0.5,10,9.5,10,rrt_20260806_234017_857.png
20260806_234018_049,2026-08-06 23:40:18,True,91,37,14.850000000000009,28,0.55,0.6,0.2,0,0.5,10,9.5,10,rrt_20260806_234018_049.png
20260806_234019_561,2026-08-06 23:40:19,False,10000,102,0.0,0,0.55,0.6,0.2,0,0.5,10,9.5,10,rrt_20260806_234019_561.png
20260806_234019_793,2026-08-06 23:40:19,True,141,44,14.850000000000007,28,0.55,0.6,0.2,0,0.5,10,9.5,10,rrt_20260806_234019_793.png
20260806_234020_788,2026-08-06 23:40:20,False,10000,46,0.0,0,0.55,0.6,0.2,0,0.5,10,9.5,10,rrt_20260806_234020_788.png
20260806_234021_035,2026-08-06 23:40:21,True,199,51,15.744659705705535,30,0.55,0.7,0.2,0,0.5,10,9.5,10,rrt_20260806_234021_035.png
20260806_234021_257,2026-08-06 23:40:21,True,528,93,18.66144213599545,35,0.55,0.7,0.2,0,0.5,10,9.5,10,rrt_20260806_234021_257.png
20260806_234021_427,2026-08-06 23:40:21,True,64,41,15.374898861927552,29,0.55,0.7,0.2,0,0.5,10,9.5,10,rrt_20260806_234021_427.png
20260806_234021_601,2026-08-06 23:40:21,True,179,60,15.950000000000001,30,0.55,0.7,0.2,0,0.5,10,9.5,10,rrt_20260806_234021_601.png
20260806_234021_810,2026-08-06 23:40:21,True,183,48,16.80442428554015,32,0.55,0.7,0.2,0,0.5,10,9.5,10,rrt_20260806_234021_810.png
20260806_234021_970,2026-08-06 23:40:21,True,94,42,15.251549352839262,29,0.55,0.7,0.2,0,0.5,10,9.5,10,rrt_20260806_234021_970.png
20260806_234023_301,2026-08-06 23:40:23,False,10000,82,0.0,0,0.55,0.7,0.2,0,0.5,10,9.5,10,rrt_20260806_234023_301.png
20260806_234023_528,2026-08-06 23:40:23,True,267,54,16.297125136358144,31,0.55,0.7,0.2,0,0.5,10,9.5,10,rrt_20260806_234023_528.png
20260806_234023_711,2026-08-06 23:40:23,True,138,56,15.899393358336495,30,0.55,0.7,0.2,0,0.5,10,9.5,10,rrt_20260806_234023_711.png
20260806_234025_112,2026-08-06 23:40:25,False,10000,91,0.0,0,0.55,0.7,0.2,0,0.5,10,9.5,10,rrt_20260806_234025_112.png
20260806_234025_335,2026-08-06 23:40:25,True,213,50,15.950000000000005,30,0.55,0.7,0.2,0,0.5,10,9.5,10,rrt_20260806_234025_335.png
20260806_234025_515,2026-08-06 23:40:25,True,257,55,16.500000000000007,31,0.55,0.7,0.2,0,0.5,10,9.5,10,rrt_20260806_234025_515.png
20260806_234025_754,2026-08-06 23:40:25,True,128,45,15.400000000000004,29,0.55,0.7,0.2,0,0.5,10,9.5,10,rrt_20260806_234025_754.png
20260806_234025_914,2026-08-06 23:40:25,True,52,37,15.931541812567898,30,0.55,0.7,0.2,0,0.5,10,9.5,10,rrt_20260806_234025_914.png
20260806_234026_088,2026-08-06 23:40:26,True,142,52,15.400000000000007,29,0.55,0.7,0.2,0,0.5,10,9.5,10,rrt_20260806_234026_088.png
20260806_234026_298,2026-08-06 23:40:26,True,174,63,16.244003381298377,31,0.55,0.7,0.2,0,0.5,10,9.5,10,rrt_20260806_234026_298.png
20260806_234026_469,2026-08-06 23:40:26,True,156,54,16.500000000000007,31,0.55,0.7,0.2,0,0.5,10,9.5,10,rrt_20260806_234026_469.png
20260806_234026_630,2026-08-06 23:40:26,True,79,43,14.85,28,0.55,0.7,0.2,0,0.5,10,9.5,10,rrt_20260806_234026_630.png
20260806_234026_834,2026-08-06 23:40:26,True,132,47,16.86164642286917,32,0.55,0.7,0.2,0,0.5,10,9.5,10,rrt_20260806_234026_834.png
20260806_234027_109,2026-08-06 23:40:27,True,94,47,15.07693072561167,29,0.55,0.7,0.2,0,0.5,10,9.5,10,rrt_20260806_234027_109.png
20260806_234027_304,2026-08-06 23:40:27,True,94,47,15.4,29,0.55,0.7,0.2,0,0.5,10,9.5,10,rrt_20260806_234027_304.png
20260806_234027_580,2026-08-06 23:40:27,True,878,89,19.8,37,0.55,0.7,0.2,0,0.5,10,9.5,10,rrt_20260806_234027_580.png
20260806_234027_758,2026-08-06 23:40:27,True,101,38,14.850000000000005,28,0.55,0.7,0.2,0,0.5,10,9.5,10,rrt_20260806_234027_758.png
20260806_234029_289,2026-08-06 23:40:29,False,10000,102,0.0,0,0.55,0.7,0.2,0,0.5,10,9.5,10,rrt_20260806_234029_289.png
20260806_234029_519,2026-08-06 23:40:29,True,89,44,15.05324429565195,29,0.55,0.7,0.2,0,0.5,10,9.5,10,rrt_20260806_234029_519.png
20260806_234029_729,2026-08-06 23:40:29,True,248,69,17.836511674186937,34,0.55,0.7,0.2,0,0.5,10,9.5,10,rrt_20260806_234029_729.png
20260806_234029_909,2026-08-06 23:40:29,True,201,63,17.467159351609517,33,0.55,0.7,0.2,0,0.5,10,9.5,10,rrt_20260806_234029_909.png
20260806_234030_082,2026-08-06 23:40:30,True,83,35,14.850000000000009,28,0.55,0.7,0.2,0,0.5,10,9.5,10,rrt_20260806_234030_082.png
20260806_234031_353,2026-08-06 23:40:31,False,10000,77,0.0,0,0.55,0.7,0.2,0,0.5,10,9.5,10,rrt_20260806_234031_353.png
20260806_234031_629,2026-08-06 23:40:31,True,900,68,18.437976907599392,35,0.55,0.7,0.2,0,0.5,10,9.5,10,rrt_20260806_234031_629.png
20260806_234033_296,2026-08-06 23:40:33,False,10000,106,0.0,0,0.55,0.7,0.2,0,0.5,10,9.5,10,rrt_20260806_234033_296.png
20260806_234033_523,2026-08-06 23:40:33,True,79,38,15.81690273488161,30,0.55,0.7,0.2,0,0.5,10,9.5,10,rrt_20260806_234033_523.png
20260806_234033_690,2026-08-06 23:40:33,True,89,39,15.383760032959755,29,0.55,0.7,0.2,0,0.5,10,9.5,10,rrt_20260806_234033_690.png
20260806_234033_861,2026-08-06 23:40:33,True,150,50,16.500000000000007,31,0.55,0.7,0.2,0,0.5,10,9.5,10,rrt_20260806_234033_861.png
20260806_234034_078,2026-08-06 23:40:34,True,737,76,22.550000000000015,42,0.55,0.7,0.2,0,0.5,10,9.5,10,rrt_20260806_234034_078.png
20260806_234034_277,2026-08-06 23:40:34,True,225,58,15.879616376495601,30,0.55,0.7,0.2,0,0.5,10,9.5,10,rrt_20260806_234034_277.png
20260806_234034_533,2026-08-06 23:40:34,True,211,59,17.423240846594066,33,0.55,0.7,0.2,0,0.5,10,9.5,10,rrt_20260806_234034_533.png
20260806_234034_743,2026-08-06 23:40:34,True,186,72,16.966304849425317,32,0.55,0.7,0.2,0,0.5,10,9.5,10,rrt_20260806_234034_743.png
20260806_234034_934,2026-08-06 23:40:34,True,297,74,16.50000000000001,31,0.55,0.7,0.2,0,0.5,10,9.5,10,rrt_20260806_234034_934.png
20260806_234035_134,2026-08-06 23:40:35,True,115,40,15.950000000000003,30,0.55,0.7,0.2,0,0.5,10,9.5,10,rrt_20260806_234035_134.png
20260806_234036_757,2026-08-06 23:40:36,False,10000,111,0.0,0,0.55,0.7,0.2,0,0.5,10,9.5,10,rrt_20260806_234036_757.png
20260806_234036_985,2026-08-06 23:40:36,True,82,46,15.9164919017582,30,0.55,0.7,0.2,0,0.5,10,9.5,10,rrt_20260806_234036_985.png
20260806_234037_183,2026-08-06 23:40:37,True,104,48,15.31895311680125,29,0.55,0.7,0.2,0,0.5,10,9.5,10,rrt_20260806_234037_183.png
20260806_234037_345,2026-08-06 23:40:37,True,159,47,17.6,33,0.55,0.7,0.2,0,0.5,10,9.5,10,rrt_20260806_234037_345.png
20260806_234037_506,2026-08-06 23:40:37,True,78,44,16.27204123035707,31,0.55,0.7,0.2,0,0.5,10,9.5,10,rrt_20260806_234037_506.png
20260806_234038_290,2026-08-06 23:40:38,False,10000,38,0.0,0,0.55,0.7,0.2,0,0.5,10,9.5,10,rrt_20260806_234038_290.png
20260806_234038_497,2026-08-06 23:40:38,True,121,54,16.91629556497771,32,0.55,0.7,0.2,0,0.5,10,9.5,10,rrt_20260806_234038_497.png
20260806_234039_768,2026-08-06 23:40:39,False,10000,67,0.0,0,0.55,0.7,0.2,0,0.5,10,9.5,10,rrt_20260806_234039_768.png
20260806_234041_291,2026-08-06 23:40:41,False,10000,95,0.0,0,0.55,0.7,0.2,0,0.5,10,9.5,10,rrt_20260806_234041_291.png
20260806_234041_512,2026-08-06 23:40:41,True,137,48,16.500000000000004,31,0.55,0.7,0.2,0,0.5,10,9.5,10,rrt_20260806_234041_512.png
20260806_234041_706,2026-08-06 23:40:41,True,226,50,16.29605556395058,31,0.55,0.7,0.2,0,0.5,10,9.5,10,rrt_20260806_234041_706.png
20260806_234041_876,2026-08-06 23:40:41,True,156,48,16.219120119221337,31,0.55,0.7,0.2,0,0.5,10,9.5,10,rrt_20260806_234041_876.png
20260806_234042_040,2026-08-06 23:40:42,True,133,43,15.95000000000001,30,0.55,0.7,0.2,0,0.5,10,9.5,10,rrt_20260806_234042_040.png
20260806_234043_436,2026-08-06 23:40:43,False,10000,86,0.0,0,0.55,0.7,0.2,0,0.5,10,9.5,10,rrt_20260806_234043_436.png
20260806_234043_659,2026-08-06 23:40:43,True,137,48,15.785772660926275,30,0.55,0.7,0.2,0,0.5,10,9.5,10,rrt_20260806_234043_659.png
20260806_234043_856,2026-08-06 23:40:43,True,619,69,15.390969391709923,29,0.55,0.7,0.2,0,0.5,10,9.5,10,rrt_20260806_234043_856.png
20260806_234044_033,2026-08-06 23:40:44,True,87,48,16.881877766539667,32,0.55,0.7,0.2,0,0.5,10,9.5,10,rrt_20260806_234044_033.png
20260806_234045_141,2026-08-06 23:40:45,False,10000,65,0.0,0,0.55,0.7,0.2,0,0.5,10,9.5,10,rrt_20260806_234045_141.png
20260806_234045_405,2026-08-06 23:40:45,True,103,47,16.267632577633595,31,0.55,0.7,0.2,0,0.5,10,9.5,10,rrt_20260806_234045_405.png
20260806_234046_637,2026-08-06 23:40:46,False,10000,80,0.0,0,0.55,0.7,0.2,0,0.5,10,9.5,10,rrt_20260806_234046_637.png
20260806_234046_887,2026-08-06 23:40:46,True,238,51,16.206755896363685,31,0.55,0.7,0.2,0,0.5,10,9.5,10,rrt_20260806_234046_887.png
20260806_234047_054,2026-08-06 23:40:47,True,114,52,17.336306174769717,33,0.55,0.7,0.2,0,0.5,10,9.5,10,rrt_20260806_234047_054.png
20260806_234047_233,2026-08-06 23:40:47,True,425,49,15.400000000000002,29,0.55,0.7,0.2,0,0.5,10,9.5,10,rrt_20260806_234047_233.png
20260806_234047_423,2026-08-06 23:40:47,True,116,50,16.89941380086188,32,0.55,0.7,0.2,0,0.5,10,9.5,10,rrt_20260806_234047_423.png
20260806_234047_623,2026-08-06 23:40:47,True,63,42,15.400000000000002,29,0.55,0.7,0.2,0,0.5,10,9.5,10,rrt_20260806_234047_623.png
20260806_234047_801,2026-08-06 23:40:47,True,152,50,17.600000000000005,33,0.55,0.7,0.2,0,0.5,10,9.5,10,rrt_20260806_234047_801.png
20260806_234047_997,2026-08-06 23:40:47,True,91,43,15.794028327475532,30,0.55,0.7,0.2,0,0.5,10,9.5,10,rrt_20260806_234047_997.png
20260806_234048_185,2026-08-06 23:40:48,True,361,72,17.305432507542292,33,0.55,0.7,0.2,0,0.5,10,9.5,10,rrt_20260806_234048_185.png
20260806_234048_351,2026-08-06 23:40:48,True,62,40,14.822667366821491,28,0.55,0.7,0.2,0,0.5,10,9.5,10,rrt_20260806_234048_351.png
20260806_234048_521,2026-08-06 23:40:48,True,101,57,15.400000000000007,29,0.55,0.7,0.2,0,0.5,10,9.5,10,rrt_20260806_234048_521.png
20260806_234048_708,2026-08-06 23:40:48,True,101,48,16.236898425628247,31,0.55,0.7,0.2,0,0.5,10,9.5,10,rrt_20260806_234048_708.png
20260806_234048_916,2026-08-06 23:40:48,True,241,67,17.860819516489364,34,0.55,0.7,0.2,0,0.5,10,9.5,10,rrt_20260806_234048_916.png
20260806_234049_092,2026-08-06 23:40:49,True,251,53,17.027229214882038,32,0.55,0.7,0.2,0,0.5,10,9.5,10,rrt_20260806_234049_092.png
20260806_234049_314,2026-08-06 23:40:49,True,161,55,16.286843618882802,31,0.55,0.7,0.2,0,0.5,10,9.5,10,rrt_20260806_234049_314.png
20260806_234049_531,2026-08-06 23:40:49,True,276,71,17.05000000000001,32,0.55,0.7,0.2,0,0.5,10,9.5,10,rrt_20260806_234049_531.png
20260806_234051_076,2026-08-06 23:40:51,False,10000,96,0.0,0,0.55,0.7,0.2,0,0.5,10,9.5,10,rrt_20260806_234051_076.png
20260806_234051_312,2026-08-06 23:40:51,True,127,44,16.316454875094323,31,0.55,0.7,0.2,0,0.5,10,9.5,10,rrt_20260806_234051_312.png
20260806_234051_520,2026-08-06 23:40:51,True,208,52,15.400000000000002,29,0.55,0.7,0.2,0,0.5,10,9.5,10,rrt_20260806_234051_520.png
20260806_234052_998,2026-08-06 23:40:52,False,10000,99,0.0,0,0.55,0.7,0.2,0,0.5,10,9.5,10,rrt_20260806_234052_998.png
20260806_234054_492,2026-08-06 23:40:54,False,10000,96,0.0,0,0.55,0.7,0.2,0,0.5,10,9.5,10,rrt_20260806_234054_492.png
20260806_234054_717,2026-08-06 23:40:54,True,76,38,15.767189845059045,30,0.55,0.7,0.2,0,0.5,10,9.5,10,rrt_20260806_234054_717.png
20260806_234054_874,2026-08-06 23:40:54,True,77,48,15.349270330868702,29,0.55,0.7,0.2,0,0.5,10,9.5,10,rrt_20260806_234054_874.png
20260806_234055_089,2026-08-06 23:40:55,True,337,64,18.950415412495182,36,0.55,0.7,0.2,0,0.5,10,9.5,10,rrt_20260806_234055_089.png
20260806_234056_433,2026-08-06 23:40:56,False,10000,81,0.0,0,0.55,0.7,0.2,0,0.5,10,9.5,10,rrt_20260806_234056_433.png
20260806_234058_143,2026-08-06 23:40:58,False,10000,115,0.0,0,0.55,0.7,0.2,0,0.5,10,9.5,10,rrt_20260806_234058_143.png
20260806_234058_366,2026-08-06 23:40:58,True,109,46,15.400000000000002,29,0.55,0.7,0.2,0,0.5,10,9.5,10,rrt_20260806_234058_366.png
20260806_234058_530,2026-08-06 23:40:58,True,116,52,15.317944603014245,29,0.55,0.7,0.2,0,0.5,10,9.5,10,rrt_20260806_234058_530.png
20260806_234058_750,2026-08-06 23:40:58,True,256,56,17.050000000000004,32,0.55,0.7,0.2,0,0.5,10,9.5,10,rrt_20260806_234058_750.png
20260806_234058_929,2026-08-06 23:40:58,True,114,59,15.602817713632012,30,0.55,0.7,0.2,0,0.5,10,9.5,10,rrt_20260806_234058_929.png
20260806_234100_274,2026-08-06 23:41:00,False,10000,81,0.0,0,0.55,0.7,0.2,0,0.5,10,9.5,10,rrt_20260806_234100_274.png
20260806_234100_516,2026-08-06 23:41:00,True,137,43,15.950000000000006,30,0.55,0.7,0.2,0,0.5,10,9.5,10,rrt_20260806_234100_516.png
20260806_234100_697,2026-08-06 23:41:00,True,85,49,17.868689197499783,34,0.55,0.7,0.2,0,0.5,10,9.5,10,rrt_20260806_234100_697.png
20260806_234100_901,2026-08-06 23:41:00,True,130,46,15.88154700158444,30,0.55,0.7,0.2,0,0.5,10,9.5,10,rrt_20260806_234100_901.png
20260806_234101_102,2026-08-06 23:41:01,True,74,38,15.400000000000007,29,0.55,0.7,0.2,0,0.5,10,9.5,10,rrt_20260806_234101_102.png
20260806_234101_275,2026-08-06 23:41:01,True,236,63,18.7,35,0.55,0.7,0.2,0,0.5,10,9.5,10,rrt_20260806_234101_275.png
20260806_234101_442,2026-08-06 23:41:01,True,116,44,15.675513538648488,30,0.55,0.7,0.2,0,0.5,10,9.5,10,rrt_20260806_234101_442.png
20260806_234101_645,2026-08-06 23:41:01,True,713,67,16.927626895453542,32,0.55,0.7,0.2,0,0.5,10,9.5,10,rrt_20260806_234101_645.png
20260806_234101_819,2026-08-06 23:41:01,True,63,44,14.747715368850384,28,0.55,0.7,0.2,0,0.5,10,9.5,10,rrt_20260806_234101_819.png
20260806_234103_303,2026-08-06 23:41:03,False,10000,99,0.0,0,0.55,0.7,0.2,0,0.5,10,9.5,10,rrt_20260806_234103_303.png
20260806_234103_560,2026-08-06 23:41:03,True,93,39,15.400000000000004,29,0.55,0.7,0.2,0,0.5,10,9.5,10,rrt_20260806_234103_560.png
20260806_234103_729,2026-08-06 23:41:03,True,155,56,17.018398639963152,32,0.55,0.8,0.2,0,0.5,10,9.5,10,rrt_20260806_234103_729.png
20260806_234103_937,2026-08-06 23:41:03,True,124,58,18.377827934046067,35,0.55,0.8,0.2,0,0.5,10,9.5,10,rrt_20260806_234103_937.png
20260806_234104_170,2026-08-06 23:41:04,True,1069,66,15.950000000000005,30,0.55,0.8,0.2,0,0.5,10,9.5,10,rrt_20260806_234104_170.png
20260806_234104_375,2026-08-06 23:41:04,True,378,61,18.624039454237003,35,0.55,0.8,0.2,0,0.5,10,9.5,10,rrt_20260806_234104_375.png
20260806_234104_543,2026-08-06 23:41:04,True,142,55,16.796365164195596,32,0.55,0.8,0.2,0,0.5,10,9.5,10,rrt_20260806_234104_543.png
20260806_234104_764,2026-08-06 23:41:04,True,104,53,16.369087732577526,31,0.55,0.8,0.2,0,0.5,10,9.5,10,rrt_20260806_234104_764.png
20260806_234104_930,2026-08-06 23:41:04,True,136,61,16.390151425424076,31,0.55,0.8,0.2,0,0.5,10,9.5,10,rrt_20260806_234104_930.png
20260806_234105_099,2026-08-06 23:41:05,True,134,49,16.500000000000007,31,0.55,0.8,0.2,0,0.5,10,9.5,10,rrt_20260806_234105_099.png
20260806_234105_265,2026-08-06 23:41:05,True,98,45,16.27807956745619,31,0.55,0.8,0.2,0,0.5,10,9.5,10,rrt_20260806_234105_265.png
20260806_234105_439,2026-08-06 23:41:05,True,172,56,16.860663473904044,32,0.55,0.8,0.2,0,0.5,10,9.5,10,rrt_20260806_234105_439.png
20260806_234105_689,2026-08-06 23:41:05,True,72,41,15.4,29,0.55,0.8,0.2,0,0.5,10,9.5,10,rrt_20260806_234105_689.png
20260806_234106_600,2026-08-06 23:41:06,False,10000,43,0.0,0,0.55,0.8,0.2,0,0.5,10,9.5,10,rrt_20260806_234106_600.png
20260806_234106_815,2026-08-06 23:41:06,True,162,58,16.5,31,0.55,0.8,0.2,0,0.5,10,9.5,10,rrt_20260806_234106_815.png
20260806_234108_342,2026-08-06 23:41:08,False,10000,102,0.0,0,0.55,0.8,0.2,0,0.5,10,9.5,10,rrt_20260806_234108_342.png
20260806_234108_562,2026-08-06 23:41:08,True,130,50,15.152273835538768,29,0.55,0.8,0.2,0,0.5,10,9.5,10,rrt_20260806_234108_562.png
20260806_234108_728,2026-08-06 23:41:08,True,147,45,15.26770504623883,29,0.55,0.8,0.2,0,0.5,10,9.5,10,rrt_20260806_234108_728.png
20260806_234108_904,2026-08-06 23:41:08,True,231,52,15.850333800242783,30,0.55,0.8,0.2,0,0.5,10,9.5,10,rrt_20260806_234108_904.png
20260806_234110_464,2026-08-06 23:41:10,False,10000,103,0.0,0,0.55,0.8,0.2,0,0.5,10,9.5,10,rrt_20260806_234110_464.png
20260806_234110_721,2026-08-06 23:41:10,True,103,43,15.903765839283238,30,0.55,0.8,0.2,0,0.5,10,9.5,10,rrt_20260806_234110_721.png
20260806_234111_037,2026-08-06 23:41:11,True,114,49,17.417353270085098,33,0.55,0.8,0.2,0,0.5,10,9.5,10,rrt_20260806_234111_037.png
20260806_234111_240,2026-08-06 23:41:11,True,200,62,16.49545391838607,31,0.55,0.8,0.2,0,0.5,10,9.5,10,rrt_20260806_234111_240.png
20260806_234111_416,2026-08-06 23:41:11,True,106,54,16.416483598306648,31,0.55,0.8,0.2,0,0.5,10,9.5,10,rrt_20260806_234111_416.png
20260806_234111_605,2026-08-06 23:41:11,True,436,63,15.950000000000001,30,0.55,0.8,0.2,0,0.5,10,9.5,10,rrt_20260806_234111_605.png
20260806_234111_833,2026-08-06 23:41:11,True,68,39,15.950000000000006,30,0.55,0.8,0.2,0,0.5,10,9.5,10,rrt_20260806_234111_833.png
20260806_234112_001,2026-08-06 23:41:12,True,156,53,16.500000000000004,31,0.55,0.8,0.2,0,0.5,10,9.5,10,rrt_20260806_234112_001.png
20260806_234113_242,2026-08-06 23:41:13,False,10000,74,0.0,0,0.55,0.8,0.2,0,0.5,10,9.5,10,rrt_20260806_234113_242.png
20260806_234114_631,2026-08-06 23:41:14,False,10000,80,0.0,0,0.55,0.8,0.2,0,0.5,10,9.5,10,rrt_20260806_234114_631.png
20260806_234114_898,2026-08-06 23:41:14,True,80,43,16.168924495154826,31,0.55,0.8,0.2,0,0.5,10,9.5,10,rrt_20260806_234114_898.png
20260806_234115_148,2026-08-06 23:41:15,True,210,54,15.824457507277767,30,0.55,0.8,0.2,0,0.5,10,9.5,10,rrt_20260806_234115_148.png
20260806_234115_359,2026-08-06 23:41:15,True,307,71,16.843505588516173,32,0.55,0.8,0.2,0,0.5,10,9.5,10,rrt_20260806_234115_359.png
20260806_234115_645,2026-08-06 23:41:15,True,193,67,15.950000000000005,30,0.55,0.8,0.2,0,0.5,10,9.5,10,rrt_20260806_234115_645.png
20260806_234115_906,2026-08-06 23:41:15,True,213,58,16.962147198398757,32,0.55,0.8,0.2,0,0.5,10,9.5,10,rrt_20260806_234115_906.png
20260806_234116_164,2026-08-06 23:41:16,True,253,66,17.050000000000008,32,0.55,0.8,0.2,0,0.5,10,9.5,10,rrt_20260806_234116_164.png
20260806_234116_337,2026-08-06 23:41:16,True,93,49,17.89119750296598,34,0.55,0.8,0.2,0,0.5,10,9.5,10,rrt_20260806_234116_337.png
20260806_234117_907,2026-08-06 23:41:17,False,10000,103,0.0,0,0.55,0.8,0.2,0,0.5,10,9.5,10,rrt_20260806_234117_907.png
20260806_234118_136,2026-08-06 23:41:18,True,142,58,15.950000000000003,30,0.55,0.8,0.2,0,0.5,10,9.5,10,rrt_20260806_234118_136.png
20260806_234118_307,2026-08-06 23:41:18,True,120,51,15.400000000000002,29,0.55,0.8,0.2,0,0.5,10,9.5,10,rrt_20260806_234118_307.png
20260806_234118_566,2026-08-06 23:41:18,True,908,68,18.914714320726258,36,0.55,0.8,0.2,0,0.5,10,9.5,10,rrt_20260806_234118_566.png
20260806_234118_755,2026-08-06 23:41:18,True,75,48,15.243801591190586,29,0.55,0.8,0.2,0,0.5,10,9.5,10,rrt_20260806_234118_755.png
20260806_234118_930,2026-08-06 23:41:18,True,120,43,16.500000000000004,31,0.55,0.8,0.2,0,0.5,10,9.5,10,rrt_20260806_234118_930.png
20260806_234119_137,2026-08-06 23:41:19,True,277,69,17.273948058860704,33,0.55,0.8,0.2,0,0.5,10,9.5,10,rrt_20260806_234119_137.png
20260806_234120_521,2026-08-06 23:41:20,False,10000,82,0.0,0,0.55,0.8,0.2,0,0.5,10,9.5,10,rrt_20260806_234120_521.png
20260806_234121_971,2026-08-06 23:41:21,False,10000,89,0.0,0,0.55,0.8,0.2,0,0.5,10,9.5,10,rrt_20260806_234121_971.png
20260806_234122_200,2026-08-06 23:41:22,True,192,50,18.006481343254954,34,0.55,0.8,0.2,0,0.5,10,9.5,10,rrt_20260806_234122_200.png
20260806_234123_798,2026-08-06 23:41:23,False,10000,106,0.0,0,0.55,0.8,0.2,0,0.5,10,9.5,10,rrt_20260806_234123_798.png
20260806_234124_084,2026-08-06 23:41:24,True,109,54,15.717005105047534,30,0.55,0.8,0.2,0,0.5,10,9.5,10,rrt_20260806_234124_084.png
20260806_234124_254,2026-08-06 23:41:24,True,114,46,16.500000000000004,31,0.55,0.8,0.2,0,0.5,10,9.5,10,rrt_20260806_234124_254.png
20260806_234124_449,2026-08-06 23:41:24,True,429,57,17.05000000000001,32,0.55,0.8,0.2,0,0.5,10,9.5,10,rrt_20260806_234124_449.png
20260806_234125_932,2026-08-06 23:41:25,False,10000,98,0.0,0,0.55,0.8,0.2,0,0.5,10,9.5,10,rrt_20260806_234125_932.png
20260806_234126_200,2026-08-06 23:41:26,True,93,54,15.696859589769852,30,0.55,0.8,0.2,0,0.5,10,9.5,10,rrt_20260806_234126_200.png
20260806_234126_421,2026-08-06 23:41:26,True,222,69,18.70000000000001,35,0.55,0.8,0.2,0,0.5,10,9.5,10,rrt_20260806_234126_421.png
20260806_234126_604,2026-08-06 23:41:26,True,220,61,16.95078819592284,32,0.55,0.8,0.2,0,0.5,10,9.5,10,rrt_20260806_234126_604.png
20260806_234126_792,2026-08-06 23:41:26,True,192,68,17.82106817467996,34,0.55,0.8,0.2,0,0.5,10,9.5,10,rrt_20260806_234126_792.png
20260806_234126_965,2026-08-06 23:41:26,True,185,51,17.6,33,0.55,0.8,0.2,0,0.5,10,9.5,10,rrt_20260806_234126_965.png
20260806_234128_231,2026-08-06 23:41:28,False,10000,75,0.0,0,0.55,0.8,0.2,0,0.5,10,9.5,10,rrt_20260806_234128_231.png
20260806_234129_907,2026-08-06 23:41:29,False,10000,107,0.0,0,0.55,0.8,0.2,0,0.5,10,9.5,10,rrt_20260806_234129_907.png
20260806_234130_139,2026-08-06 23:41:30,True,215,57,18.006788074249272,34,0.55,0.8,0.2,0,0.5,10,9.5,10,rrt_20260806_234130_139.png
20260806_234130_328,2026-08-06 23:41:30,True,91,42,15.391695233172495,29,0.55,0.8,0.2,0,0.5,10,9.5,10,rrt_20260806_234130_328.png
20260806_234130_491,2026-08-06 23:41:30,True,100,54,15.387229017482476,29,0.55,0.8,0.2,0,0.5,10,9.5,10,rrt_20260806_234130_491.png
20260806_234130_663,2026-08-06 23:41:30,True,129,50,17.600000000000012,33,0.55,0.8,0.2,0,0.5,10,9.5,10,rrt_20260806_234130_663.png
20260806_234132_311,2026-08-06 23:41:32,False,10000,111,0.0,0,0.55,0.8,0.2,0,0.5,10,9.5,10,rrt_20260806_234132_311.png
20260806_234132_573,2026-08-06 23:41:32,True,59,39,15.400000000000002,29,0.55,0.8,0.2,0,0.5,10,9.5,10,rrt_20260806_234132_573.png
20260806_234132_749,2026-08-06 23:41:32,True,116,54,15.950000000000001,30,0.55,0.8,0.2,0,0.5,10,9.5,10,rrt_20260806_234132_749.png
20260806_234132_974,2026-08-06 23:41:32,True,454,79,20.30378715236397,38,0.55,0.8,0.2,0,0.5,10,9.5,10,rrt_20260806_234132_974.png
20260806_234134_494,2026-08-06 23:41:34,False,10000,104,0.0,0,0.55,0.8,0.2,0,0.5,10,9.5,10,rrt_20260806_234134_494.png
20260806_234134_723,2026-08-06 23:41:34,True,145,62,17.86039452211396,34,0.55,0.8,0.2,0,0.5,10,9.5,10,rrt_20260806_234134_723.png
20260806_234134_926,2026-08-06 23:41:34,True,136,58,15.90897438240623,30,0.55,0.8,0.2,0,0.5,10,9.5,10,rrt_20260806_234134_926.png
20260806_234135_132,2026-08-06 23:41:35,True,632,70,18.150000000000006,34,0.55,0.8,0.2,0,0.5,10,9.5,10,rrt_20260806_234135_132.png
20260806_234136_763,2026-08-06 23:41:36,False,10000,110,0.0,0,0.55,0.8,0.2,0,0.5,10,9.5,10,rrt_20260806_234136_763.png
20260806_234136_998,2026-08-06 23:41:36,True,170,56,15.867927457127589,30,0.55,0.8,0.2,0,0.5,10,9.5,10,rrt_20260806_234136_998.png
20260806_234137_169,2026-08-06 23:41:37,True,155,56,15.936116933783264,30,0.55,0.8,0.2,0,0.5,10,9.5,10,rrt_20260806_234137_169.png
20260806_234137_335,2026-08-06 23:41:37,True,134,41,16.500000000000004,31,0.55,0.8,0.2,0,0.5,10,9.5,10,rrt_20260806_234137_335.png
20260806_234138_696,2026-08-06 23:41:38,False,10000,72,0.0,0,0.55,0.8,0.2,0,0.5,10,9.5,10,rrt_20260806_234138_696.png
20260806_234140_157,2026-08-06 23:41:40,False,10000,91,0.0,0,0.55,0.8,0.2,0,0.5,10,9.5,10,rrt_20260806_234140_157.png
20260806_234140_386,2026-08-06 23:41:40,True,169,46,16.42966312904441,31,0.55,0.8,0.2,0,0.5,10,9.5,10,rrt_20260806_234140_386.png
20260806_234140_556,2026-08-06 23:41:40,True,150,54,17.050000000000008,32,0.55,0.8,0.2,0,0.5,10,9.5,10,rrt_20260806_234140_556.png
20260806_234140_748,2026-08-06 23:41:40,True,213,58,15.89432215830931,30,0.55,0.8,0.2,0,0.5,10,9.5,10,rrt_20260806_234140_748.png
20260806_234140_971,2026-08-06 23:41:40,True,336,98,16.729780028284882,32,0.55,0.8,0.2,0,0.5,10,9.5,10,rrt_20260806_234140_971.png
20260806_234141_167,2026-08-06 23:41:41,True,130,52,15.763414240495885,30,0.55,0.8,0.2,0,0.5,10,9.5,10,rrt_20260806_234141_167.png
20260806_234141_349,2026-08-06 23:41:41,True,337,77,18.4372931917448,35,0.55,0.8,0.2,0,0.5,10,9.5,10,rrt_20260806_234141_349.png
20260806_234141_530,2026-08-06 23:41:41,True,238,58,17.56923402023862,33,0.55,0.8,0.2,0,0.5,10,9.5,10,rrt_20260806_234141_530.png
20260806_234141_756,2026-08-06 23:41:41,True,436,73,19.10981570339847,36,0.55,0.8,0.2,0,0.5,10,9.5,10,rrt_20260806_234141_756.png
20260806_234142_682,2026-08-06 23:41:42,False,10000,46,0.0,0,0.55,0.8,0.2,0,0.5,10,9.5,10,rrt_20260806_234142_682.png
20260806_234142_943,2026-08-06 23:41:42,True,398,65,20.10891961812511,38,0.55,0.8,0.2,0,0.5,10,9.5,10,rrt_20260806_234142_943.png
20260806_234143_115,2026-08-06 23:41:43,True,75,43,15.769571861366266,30,0.55,0.8,0.2,0,0.5,10,9.5,10,rrt_20260806_234143_115.png
20260806_234143_298,2026-08-06 23:41:43,True,380,68,17.050000000000004,32,0.55,0.8,0.2,0,0.5,10,9.5,10,rrt_20260806_234143_298.png
20260806_234143_468,2026-08-06 23:41:43,True,69,47,15.399999999999995,29,0.55,0.8,0.2,0,0.5,10,9.5,10,rrt_20260806_234143_468.png
20260806_234143_645,2026-08-06 23:41:43,True,129,49,16.500000000000007,31,0.55,0.8,0.2,0,0.5,10,9.5,10,rrt_20260806_234143_645.png
20260806_234143_816,2026-08-06 23:41:43,True,152,50,15.950000000000005,30,0.55,0.8,0.2,0,0.5,10,9.5,10,rrt_20260806_234143_816.png
20260806_234144_014,2026-08-06 23:41:44,True,116,52,15.806675173572687,30,0.55,0.8,0.2,0,0.5,10,9.5,10,rrt_20260806_234144_014.png
20260806_234144_215,2026-08-06 23:41:44,True,126,47,15.949999999999998,30,0.55,0.8,0.2,0,0.5,10,9.5,10,rrt_20260806_234144_215.png
20260806_234144_427,2026-08-06 23:41:44,True,110,42,16.782903383776624,32,0.55,0.8,0.2,0,0.5,10,9.5,10,rrt_20260806_234144_427.png
20260806_234144_617,2026-08-06 23:41:44,True,185,65,19.10441333519314,36,0.55,0.8,0.2,0,0.5,10,9.5,10,rrt_20260806_234144_617.png
20260806_234144_813,2026-08-06 23:41:44,True,122,54,15.838915409709317,30,0.55,0.8,0.2,0,0.5,10,9.5,10,rrt_20260806_234144_813.png
20260806_234146_223,2026-08-06 23:41:46,False,10000,88,0.0,0,0.55,0.8,0.2,0,0.5,10,9.5,10,rrt_20260806_234146_223.png
20260806_234147_830,2026-08-06 23:41:47,False,10000,101,0.0,0,0.55,0.8,0.2,0,0.5,10,9.5,10,rrt_20260806_234147_830.png
20260806_234148_060,2026-08-06 23:41:48,True,181,63,15.331187857082796,29,0.55,0.8,0.2,0,0.5,10,9.5,10,rrt_20260806_234148_060.png
20260806_234148_255,2026-08-06 23:41:48,True,175,49,15.950000000000005,30,0.55,0.8,0.2,0,0.5,10,9.5,10,rrt_20260806_234148_255.png
20260806_234148_429,2026-08-06 23:41:48,True,175,67,17.549182077591688,33,0.55,0.8,0.2,0,0.5,10,9.5,10,rrt_20260806_234148_429.png
20260806_234148_632,2026-08-06 23:41:48,True,85,43,15.84208197493911,30,0.55,0.8,0.2,0,0.5,10,9.5,10,rrt_20260806_234148_632.png
20260806_234149_684,2026-08-06 23:41:49,False,10000,57,0.0,0,0.55,0.9,0.2,0,0.5,10,9.5,10,rrt_20260806_234149_684.png
20260806_234150_781,2026-08-06 23:41:50,False,10000,55,0.0,0,0.55,0.9,0.2,0,0.5,10,9.5,10,rrt_20260806_234150_781.png
20260806_234151_025,2026-08-06 23:41:51,True,414,74,16.771750960571758,32,0.55,0.9,0.2,0,0.5,10,9.5,10,rrt_20260806_234151_025.png
20260806_234151_213,2026-08-06 23:41:51,True,197,64,18.070283181475986,34,0.55,0.9,0.2,0,0.5,10,9.5,10,rrt_20260806_234151_213.png
20260806_234151_380,2026-08-06 23:41:51,True,103,60,16.881143790716916,32,0.55,0.9,0.2,0,0.5,10,9.5,10,rrt_20260806_234151_380.png
20260806_234151_570,2026-08-06 23:41:51,True,203,58,16.846063881635956,32,0.55,0.9,0.2,0,0.5,10,9.5,10,rrt_20260806_234151_570.png
20260806_234151_769,2026-08-06 23:41:51,True,132,55,15.87812253725323,30,0.55,0.9,0.2,0,0.5,10,9.5,10,rrt_20260806_234151_769.png
20260806_234151_939,2026-08-06 23:41:51,True,204,64,17.037221794900283,32,0.55,0.9,0.2,0,0.5,10,9.5,10,rrt_20260806_234151_939.png
20260806_234152_155,2026-08-06 23:41:52,True,264,65,15.885055805954572,30,0.55,0.9,0.2,0,0.5,10,9.5,10,rrt_20260806_234152_155.png
20260806_234152_331,2026-08-06 23:41:52,True,151,63,16.3555293012829,31,0.55,0.9,0.2,0,0.5,10,9.5,10,rrt_20260806_234152_331.png
20260806_234152_518,2026-08-06 23:41:52,True,207,70,19.55135253068544,37,0.55,0.9,0.2,0,0.5,10,9.5,10,rrt_20260806_234152_518.png
20260806_234152_748,2026-08-06 23:41:52,True,135,49,16.500000000000007,31,0.55,0.9,0.2,0,0.5,10,9.5,10,rrt_20260806_234152_748.png
20260806_234152_952,2026-08-06 23:41:52,True,194,54,18.150000000000002,34,0.55,0.9,0.2,0,0.5,10,9.5,10,rrt_20260806_234152_952.png
20260806_234153_264,2026-08-06 23:41:53,True,597,113,16.50000000000001,31,0.55,0.9,0.2,0,0.5,10,9.5,10,rrt_20260806_234153_264.png
20260806_234153_459,2026-08-06 23:41:53,True,197,54,16.370563814073677,31,0.55,0.9,0.2,0,0.5,10,9.5,10,rrt_20260806_234153_459.png
20260806_234153_670,2026-08-06 23:41:53,True,325,81,19.25000000000001,36,0.55,0.9,0.2,0,0.5,10,9.5,10,rrt_20260806_234153_670.png
20260806_234155_370,2026-08-06 23:41:55,False,10000,116,0.0,0,0.55,0.9,0.2,0,0.5,10,9.5,10,rrt_20260806_234155_370.png
20260806_234155_634,2026-08-06 23:41:55,True,516,65,19.551132185392078,37,0.55,0.9,0.2,0,0.5,10,9.5,10,rrt_20260806_234155_634.png
20260806_234157_326,2026-08-06 23:41:57,False,10000,112,0.0,0,0.55,0.9,0.2,0,0.5,10,9.5,10,rrt_20260806_234157_326.png
20260806_234157_597,2026-08-06 23:41:57,True,702,71,17.914740723217513,34,0.55,0.9,0.2,0,0.5,10,9.5,10,rrt_20260806_234157_597.png
20260806_234157_820,2026-08-06 23:41:57,True,463,69,18.086630955804203,34,0.55,0.9,0.2,0,0.5,10,9.5,10,rrt_20260806_234157_820.png
20260806_234158_008,2026-08-06 23:41:58,True,218,70,19.800000000000008,37,0.55,0.9,0.2,0,0.5,10,9.5,10,rrt_20260806_234158_008.png
20260806_234158_191,2026-08-06 23:41:58,True,284,63,17.968658359544815,34,0.55,0.9,0.2,0,0.5,10,9.5,10,rrt_20260806_234158_191.png
20260806_234158_393,2026-08-06 23:41:58,True,151,57,15.95,30,0.55,0.9,0.2,0,0.5,10,9.5,10,rrt_20260806_234158_393.png
20260806_234159_940,2026-08-06 23:41:59,False,10000,105,0.0,0,0.55,0.9,0.2,0,0.5,10,9.5,10,rrt_20260806_234159_940.png
20260806_234200_991,2026-08-06 23:42:00,False,10000,49,0.0,0,0.55,0.9,0.2,0,0.5,10,9.5,10,rrt_20260806_234200_991.png
20260806_234201_210,2026-08-06 23:42:01,True,161,54,16.82066282673829,32,0.55,0.9,0.2,0,0.5,10,9.5,10,rrt_20260806_234201_210.png
20260806_234201_382,2026-08-06 23:42:01,True,182,68,17.050000000000008,32,0.55,0.9,0.2,0,0.5,10,9.5,10,rrt_20260806_234201_382.png
20260806_234201_589,2026-08-06 23:42:01,True,142,66,15.218037570920961,29,0.55,0.9,0.2,0,0.5,10,9.5,10,rrt_20260806_234201_589.png
20260806_234201_761,2026-08-06 23:42:01,True,126,54,15.858517421559155,30,0.55,0.9,0.2,0,0.5,10,9.5,10,rrt_20260806_234201_761.png
20260806_234203_575,2026-08-06 23:42:03,False,10000,126,0.0,0,0.55,0.9,0.2,0,0.5,10,9.5,10,rrt_20260806_234203_575.png
20260806_234203_813,2026-08-06 23:42:03,True,137,63,16.500000000000007,31,0.55,0.9,0.2,0,0.5,10,9.5,10,rrt_20260806_234203_813.png
20260806_234204_686,2026-08-06 23:42:04,False,10000,40,0.0,0,0.55,0.9,0.2,0,0.5,10,9.5,10,rrt_20260806_234204_686.png
20260806_234205_024,2026-08-06 23:42:05,True,138,68,16.71416814751476,32,0.55,0.9,0.2,0,0.5,10,9.5,10,rrt_20260806_234205_024.png
20260806_234205_284,2026-08-06 23:42:05,True,316,82,18.15000000000001,34,0.55,0.9,0.2,0,0.5,10,9.5,10,rrt_20260806_234205_284.png
20260806_234205_523,2026-08-06 23:42:05,True,243,60,18.025684293176507,34,0.55,0.9,0.2,0,0.5,10,9.5,10,rrt_20260806_234205_523.png
20260806_234205_744,2026-08-06 23:42:05,True,349,94,18.971418078040216,36,0.55,0.9,0.2,0,0.5,10,9.5,10,rrt_20260806_234205_744.png
20260806_234205_941,2026-08-06 23:42:05,True,128,52,16.500000000000004,31,0.55,0.9,0.2,0,0.5,10,9.5,10,rrt_20260806_234205_941.png
20260806_234206_147,2026-08-06 23:42:06,True,653,69,15.602356963872749,30,0.55,0.9,0.2,0,0.5,10,9.5,10,rrt_20260806_234206_147.png
20260806_234206_358,2026-08-06 23:42:06,True,129,47,16.448280792557807,31,0.55,0.9,0.2,0,0.5,10,9.5,10,rrt_20260806_234206_358.png
20260806_234207_792,2026-08-06 23:42:07,False,10000,91,0.0,0,0.55,0.9,0.2,0,0.5,10,9.5,10,rrt_20260806_234207_792.png
20260806_234208_045,2026-08-06 23:42:08,True,602,68,16.86170916613448,32,0.55,0.9,0.2,0,0.5,10,9.5,10,rrt_20260806_234208_045.png
20260806_234208_957,2026-08-06 23:42:08,False,10000,44,0.0,0,0.55,0.9,0.2,0,0.5,10,9.5,10,rrt_20260806_234208_957.png
20260806_234209_216,2026-08-06 23:42:09,True,173,61,15.400000000000004,29,0.55,0.9,0.2,0,0.5,10,9.5,10,rrt_20260806_234209_216.png
20260806_234209_405,2026-08-06 23:42:09,True,251,64,18.572499671815955,35,0.55,0.9,0.2,0,0.5,10,9.5,10,rrt_20260806_234209_405.png
20260806_234211_199,2026-08-06 23:42:11,False,10000,120,0.0,0,0.55,0.9,0.2,0,0.5,10,9.5,10,rrt_20260806_234211_199.png
20260806_234211_526,2026-08-06 23:42:11,True,773,106,17.00023006172636,32,0.55,0.9,0.2,0,0.5,10,9.5,10,rrt_20260806_234211_526.png
20260806_234211_725,2026-08-06 23:42:11,True,227,61,16.25095727039835,31,0.55,0.9,0.2,0,0.5,10,9.5,10,rrt_20260806_234211_725.png
20260806_234211_910,2026-08-06 23:42:11,True,180,64,15.950000000000006,30,0.55,0.9,0.2,0,0.5,10,9.5,10,rrt_20260806_234211_910.png
20260806_234212_113,2026-08-06 23:42:12,True,193,66,16.784312570434828,32,0.55,0.9,0.2,0,0.5,10,9.5,10,rrt_20260806_234212_113.png
20260806_234212_353,2026-08-06 23:42:12,True,411,87,16.926805457391605,32,0.55,0.9,0.2,0,0.5,10,9.5,10,rrt_20260806_234212_353.png
20260806_234213_364,2026-08-06 23:42:13,False,10000,48,0.0,0,0.55,0.9,0.2,0,0.5,10,9.5,10,rrt_20260806_234213_364.png
20260806_234213_659,2026-08-06 23:42:13,True,368,88,21.164031112435957,40,0.55,0.9,0.2,0,0.5,10,9.5,10,rrt_20260806_234213_659.png
20260806_234213_875,2026-08-06 23:42:13,True,123,53,17.449379006070785,33,0.55,0.9,0.2,0,0.5,10,9.5,10,rrt_20260806_234213_875.png
20260806_234214_076,2026-08-06 23:42:14,True,200,63,15.95000000000001,30,0.55,0.9,0.2,0,0.5,10,9.5,10,rrt_20260806_234214_076.png
20260806_234214_362,2026-08-06 23:42:14,True,717,80,21.450000000000014,40,0.55,0.9,0.2,0,0.5,10,9.5,10,rrt_20260806_234214_362.png
20260806_234214_601,2026-08-06 23:42:14,True,390,76,20.198003600330996,38,0.55,0.9,0.2,0,0.5,10,9.5,10,rrt_20260806_234214_601.png
20260806_234214_827,2026-08-06 23:42:14,True,234,72,18.15000000000001,34,0.55,0.9,0.2,0,0.5,10,9.5,10,rrt_20260806_234214_827.png
20260806_234215_011,2026-08-06 23:42:15,True,142,58,18.048494591189137,34,0.55,0.9,0.2,0,0.5,10,9.5,10,rrt_20260806_234215_011.png
20260806_234216_153,2026-08-06 23:42:16,False,10000,62,0.0,0,0.55,0.9,0.2,0,0.5,10,9.5,10,rrt_20260806_234216_153.png
20260806_234216_379,2026-08-06 23:42:16,True,127,59,15.950000000000006,30,0.55,0.9,0.2,0,0.5,10,9.5,10,rrt_20260806_234216_379.png
20260806_234217_306,2026-08-06 23:42:17,False,10000,43,0.0,0,0.55,0.9,0.2,0,0.5,10,9.5,10,rrt_20260806_234217_306.png
20260806_234217_521,2026-08-06 23:42:17,True,116,45,17.486176678178765,33,0.55,0.9,0.2,0,0.5,10,9.5,10,rrt_20260806_234217_521.png
20260806_234218_390,2026-08-06 23:42:18,False,10000,37,0.0,0,0.55,0.9,0.2,0,0.5,10,9.5,10,rrt_20260806_234218_390.png
20260806_234218_644,2026-08-06 23:42:18,True,258,71,18.49875197422,35,0.55,0.9,0.2,0,0.5,10,9.5,10,rrt_20260806_234218_644.png
20260806_234218_823,2026-08-06 23:42:18,True,191,59,17.47771368605153,33,0.55,0.9,0.2,0,0.5,10,9.5,10,rrt_20260806_234218_823.png
20260806_234219_028,2026-08-06 23:42:19,True,157,55,15.697001875295788,30,0.55,0.9,0.2,0,0.5,10,9.5,10,rrt_20260806_234219_028.png
20260806_234219_206,2026-08-06 23:42:19,True,151,74,16.428053003525424,31,0.55,0.9,0.2,0,0.5,10,9.5,10,rrt_20260806_234219_206.png
20260806_234220_095,2026-08-06 23:42:20,False,10000,40,0.0,0,0.55,0.9,0.2,0,0.5,10,9.5,10,rrt_20260806_234220_095.png
20260806_234220_304,2026-08-06 23:42:20,True,154,60,17.05000000000001,32,0.55,0.9,0.2,0,0.5,10,9.5,10,rrt_20260806_234220_304.png
20260806_234220_530,2026-08-06 23:42:20,True,144,66,16.195472559483928,31,0.55,0.9,0.2,0,0.5,10,9.5,10,rrt_20260806_234220_530.png
20260806_234220_720,2026-08-06 23:42:20,True,201,67,17.85915064157223,34,0.55,0.9,0.2,0,0.5,10,9.5,10,rrt_20260806_234220_720.png
20260806_234222_026,2026-08-06 23:42:22,False,10000,79,0.0,0,0.55,0.9,0.2,0,0.5,10,9.5,10,rrt_20260806_234222_026.png
20260806_234222_257,2026-08-06 23:42:22,True,182,55,15.93436500580533,30,0.55,0.9,0.2,0,0.5,10,9.5,10,rrt_20260806_234222_257.png
20260806_234222_496,2026-08-06 23:42:22,True,568,75,17.05,32,0.55,0.9,0.2,0,0.5,10,9.5,10,rrt_20260806_234222_496.png
20260806_234222_712,2026-08-06 23:42:22,True,338,76,21.246660941888777,40,0.55,0.9,0.2,0,0.5,10,9.5,10,rrt_20260806_234222_712.png
20260806_234222_918,2026-08-06 23:42:22,True,140,53,16.89931116501009,32,0.55,0.9,0.2,0,0.5,10,9.5,10,rrt_20260806_234222_918.png
20260806_234224_717,2026-08-06 23:42:24,False,10000,124,0.0,0,0.55,0.9,0.2,0,0.5,10,9.5,10,rrt_20260806_234224_717.png
20260806_234225_009,2026-08-06 23:42:25,True,453,62,18.51188056203717,35,0.55,0.9,0.2,0,0.5,10,9.5,10,rrt_20260806_234225_009.png
20260806_234225_197,2026-08-06 23:42:25,True,177,67,15.950000000000003,30,0.55,0.9,0.2,0,0.5,10,9.5,10,rrt_20260806_234225_197.png
20260806_234225_377,2026-08-06 23:42:25,True,144,60,16.483545863835598,31,0.55,0.9,0.2,0,0.5,10,9.5,10,rrt_20260806_234225_377.png
20260806_234225_557,2026-08-06 23:42:25,True,186,58,16.500000000000007,31,0.55,0.9,0.2,0,0.5,10,9.5,10,rrt_20260806_234225_557.png
20260806_234225_741,2026-08-06 23:42:25,True,145,53,17.87831171022499,34,0.55,0.9,0.2,0,0.5,10,9.5,10,rrt_20260806_234225_741.png
20260806_234225_949,2026-08-06 23:42:25,True,160,76,17.963884505458175,34,0.55,0.9,0.2,0,0.5,10,9.5,10,rrt_20260806_234225_949.png
20260806_234226_135,2026-08-06 23:42:26,True,145,55,16.267803828989123,31,0.55,0.9,0.2,0,0.5,10,9.5,10,rrt_20260806_234226_135.png
20260806_234226_303,2026-08-06 23:42:26,True,139,49,16.24668381377673,31,0.55,0.9,0.2,0,0.5,10,9.5,10,rrt_20260806_234226_303.png
20260806_234226_478,2026-08-06 23:42:26,True,191,76,18.145536161967968,34,0.55,0.9,0.2,0,0.5,10,9.5,10,rrt_20260806_234226_478.png
20260806_234226_700,2026-08-06 23:42:26,True,177,76,18.025717949871527,34,0.55,0.9,0.2,0,0.5,10,9.5,10,rrt_20260806_234226_700.png
20260806_234226_898,2026-08-06 23:42:26,True,263,75,16.50000000000001,31,0.55,0.9,0.2,0,0.5,10,9.5,10,rrt_20260806_234226_898.png
20260806_234227_087,2026-08-06 23:42:27,True,111,62,15.399999999999997,29,0.55,0.9,0.2,0,0.5,10,9.5,10,rrt_20260806_234227_087.png
20260806_234227_305,2026-08-06 23:42:27,True,168,62,17.29549722642033,33,0.55,0.9,0.2,0,0.5,10,9.5,10,rrt_20260806_234227_305.png
20260806_234227_485,2026-08-06 23:42:27,True,166,54,16.499999999999996,31,0.55,0.9,0.2,0,0.5,10,9.5,10,rrt_20260806_234227_485.png
20260806_234227_654,2026-08-06 23:42:27,True,140,53,17.371640832652314,33,0.55,0.9,0.2,0,0.5,10,9.5,10,rrt_20260806_234227_654.png
20260806_234227_851,2026-08-06 23:42:27,True,191,61,18.150000000000006,34,0.55,0.9,0.2,0,0.5,10,9.5,10,rrt_20260806_234227_851.png
20260806_234228_024,2026-08-06 23:42:28,True,158,66,15.939336927837427,30,0.55,0.9,0.2,0,0.5,10,9.5,10,rrt_20260806_234228_024.png
20260806_234228_195,2026-08-06 23:42:28,True,127,57,16.803221134692393,32,0.55,0.9,0.2,0,0.5,10,9.5,10,rrt_20260806_234228_195.png
20260806_234228_453,2026-08-06 23:42:28,True,357,66,15.950000000000001,30,0.55,0.9,0.2,0,0.5,10,9.5,10,rrt_20260806_234228_453.png
20260806_234228_626,2026-08-06 23:42:28,True,127,62,16.98931504350961,32,0.55,0.9,0.2,0,0.5,10,9.5,10,rrt_20260806_234228_626.png
20260806_234228_803,2026-08-06 23:42:28,True,182,55,16.74427837599874,32,0.55,0.9,0.2,0,0.5,10,9.5,10,rrt_20260806_234228_803.png
20260806_234228_979,2026-08-06 23:42:28,True,162,65,17.600000000000005,33,0.55,0.9,0.2,0,0.5,10,9.5,10,rrt_20260806_234228_979.png
20260806_234230_797,2026-08-06 23:42:30,False,10000,121,0.0,0,0.55,1.0,0.2,0,0.5,10,9.5,10,rrt_20260806_234230_797.png
20260806_234231_118,2026-08-06 23:42:31,True,260,87,16.500000000000004,31,0.55,1.0,0.2,0,0.5,10,9.5,10,rrt_20260806_234231_118.png
20260806_234231_393,2026-08-06 23:42:31,True,306,85,16.500000000000004,31,0.55,1.0,0.2,0,0.5,10,9.5,10,rrt_20260806_234231_393.png
20260806_234232_411,2026-08-06 23:42:32,False,10000,48,0.0,0,0.55,1.0,0.2,0,0.5,10,9.5,10,rrt_20260806_234232_411.png
20260806_234233_350,2026-08-06 23:42:33,False,10000,40,0.0,0,0.55,1.0,0.2,0,0.5,10,9.5,10,rrt_20260806_234233_350.png
20260806_234235_372,2026-08-06 23:42:35,False,10000,141,0.0,0,0.55,1.0,0.2,0,0.5,10,9.5,10,rrt_20260806_234235_372.png
20260806_234237_250,2026-08-06 23:42:37,False,10000,122,0.0,0,0.55,1.0,0.2,0,0.5,10,9.5,10,rrt_20260806_234237_250.png
20260806_234239_179,2026-08-06 23:42:39,False,10000,134,0.0,0,0.55,1.0,0.2,0,0.5,10,9.5,10,rrt_20260806_234239_179.png
20260806_234240_944,2026-08-06 23:42:40,False,10000,114,0.0,0,0.55,1.0,0.2,0,0.5,10,9.5,10,rrt_20260806_234240_944.png
20260806_234242_663,2026-08-06 23:42:42,False,10000,113,0.0,0,0.55,1.0,0.2,0,0.5,10,9.5,10,rrt_20260806_234242_663.png
20260806_234244_529,2026-08-06 23:42:44,False,10000,130,0.0,0,0.55,1.0,0.2,0,0.5,10,9.5,10,rrt_20260806_234244_529.png
20260806_234245_565,2026-08-06 23:42:45,False,10000,48,0.0,0,0.55,1.0,0.2,0,0.5,10,9.5,10,rrt_20260806_234245_565.png
20260806_234247_077,2026-08-06 23:42:47,False,10000,92,0.0,0,0.55,1.0,0.2,0,0.5,10,9.5,10,rrt_20260806_234247_077.png
20260806_234248_799,2026-08-06 23:42:48,False,10000,110,0.0,0,0.55,1.0,0.2,0,0.5,10,9.5,10,rrt_20260806_234248_799.png
20260806_234250_513,2026-08-06 23:42:50,False,10000,108,0.0,0,0.55,1.0,0.2,0,0.5,10,9.5,10,rrt_20260806_234250_513.png
20260806_234250_799,2026-08-06 23:42:50,True,467,112,21.450000000000006,40,0.55,1.0,0.2,0,0.5,10,9.5,10,rrt_20260806_234250_799.png
20260806_234252_354,2026-08-06 23:42:52,False,10000,102,0.0,0,0.55,1.0,0.2,0,0.5,10,9.5,10,rrt_20260806_234252_354.png
20260806_234252_635,2026-08-06 23:42:52,True,622,95,15.950000000000005,30,0.55,1.0,0.2,0,0.5,10,9.5,10,rrt_20260806_234252_635.png
20260806_234254_578,2026-08-06 23:42:54,False,10000,138,0.0,0,0.55,1.0,0.2,0,0.5,10,9.5,10,rrt_20260806_234254_578.png
20260806_234256_361,2026-08-06 23:42:56,False,10000,117,0.0,0,0.55,1.0,0.2,0,0.5,10,9.5,10,rrt_20260806_234256_361.png
20260806_234258_138,2026-08-06 23:42:58,False,10000,117,0.0,0,0.55,1.0,0.2,0,0.5,10,9.5,10,rrt_20260806_234258_138.png
20260806_234258_466,2026-08-06 23:42:58,True,1006,97,16.500000000000004,31,0.55,1.0,0.2,0,0.5,10,9.5,10,rrt_20260806_234258_466.png
20260806_234259_987,2026-08-06 23:42:59,False,10000,101,0.0,0,0.55,1.0,0.2,0,0.5,10,9.5,10,rrt_20260806_234259_987.png
20260806_234300_362,2026-08-06 23:43:00,True,322,88,17.600000000000012,33,0.55,1.0,0.2,0,0.5,10,9.5,10,rrt_20260806_234300_362.png
20260806_234302_015,2026-08-06 23:43:02,False,10000,109,0.0,0,0.55,1.0,0.2,0,0.5,10,9.5,10,rrt_20260806_234302_015.png
20260806_234303_473,2026-08-06 23:43:03,False,10000,87,0.0,0,0.55,1.0,0.2,0,0.5,10,9.5,10,rrt_20260806_234303_473.png
20260806_234305_209,2026-08-06 23:43:05,False,10000,118,0.0,0,0.55,1.0,0.2,0,0.5,10,9.5,10,rrt_20260806_234305_209.png
20260806_234306_247,2026-08-06 23:43:06,False,10000,49,0.0,0,0.55,1.0,0.2,0,0.5,10,9.5,10,rrt_20260806_234306_247.png
20260806_234306_504,2026-08-06 23:43:06,True,341,71,19.250000000000004,36,0.55,1.0,0.2,0,0.5,10,9.5,10,rrt_20260806_234306_504.png
20260806_234307_835,2026-08-06 23:43:07,False,10000,80,0.0,0,0.55,1.0,0.2,0,0.5,10,9.5,10,rrt_20260806_234307_835.png
20260806_234309_517,2026-08-06 23:43:09,False,10000,105,0.0,0,0.55,1.0,0.2,0,0.5,10,9.5,10,rrt_20260806_234309_517.png
20260806_234309_795,2026-08-06 23:43:09,True,408,97,16.499999999999996,31,0.55,1.0,0.2,0,0.5,10,9.5,10,rrt_20260806_234309_795.png
20260806_234311_840,2026-08-06 23:43:11,False,10000,139,0.0,0,0.55,1.0,0.2,0,0.5,10,9.5,10,rrt_20260806_234311_840.png
20260806_234313_366,2026-08-06 23:43:13,False,10000,92,0.0,0,0.55,1.0,0.2,0,0.5,10,9.5,10,rrt_20260806_234313_366.png
20260806_234314_411,2026-08-06 23:43:14,False,10000,47,0.0,0,0.55,1.0,0.2,0,0.5,10,9.5,10,rrt_20260806_234314_411.png
20260806_234316_132,2026-08-06 23:43:16,False,10000,116,0.0,0,0.55,1.0,0.2,0,0.5,10,9.5,10,rrt_20260806_234316_132.png
20260806_234317_653,2026-08-06 23:43:17,False,10000,92,0.0,0,0.55,1.0,0.2,0,0.5,10,9.5,10,rrt_20260806_234317_653.png
20260806_234319_151,2026-08-06 23:43:19,False,10000,87,0.0,0,0.55,1.0,0.2,0,0.5,10,9.5,10,rrt_20260806_234319_151.png
20260806_234320_818,2026-08-06 23:43:20,False,10000,107,0.0,0,0.55,1.0,0.2,0,0.5,10,9.5,10,rrt_20260806_234320_818.png
20260806_234321_783,2026-08-06 23:43:21,False,10000,39,0.0,0,0.55,1.0,0.2,0,0.5,10,9.5,10,rrt_20260806_234321_783.png
20260806_234323_133,2026-08-06 23:43:23,False,10000,77,0.0,0,0.55,1.0,0.2,0,0.5,10,9.5,10,rrt_20260806_234323_133.png
20260806_234324_287,2026-08-06 23:43:24,False,10000,57,0.0,0,0.55,1.0,0.2,0,0.5,10,9.5,10,rrt_20260806_234324_287.png
20260806_234326_144,2026-08-06 23:43:26,False,10000,127,0.0,0,0.55,1.0,0.2,0,0.5,10,9.5,10,rrt_20260806_234326_144.png
20260806_234327_637,2026-08-06 23:43:27,False,10000,84,0.0,0,0.55,1.0,0.2,0,0.5,10,9.5,10,rrt_20260806_234327_637.png
20260806_234329_048,2026-08-06 23:43:29,False,10000,86,0.0,0,0.55,1.0,0.2,0,0.5,10,9.5,10,rrt_20260806_234329_048.png
20260806_234330_866,2026-08-06 23:43:30,False,10000,120,0.0,0,0.55,1.0,0.2,0,0.5,10,9.5,10,rrt_20260806_234330_866.png
20260806_234332_543,2026-08-06 23:43:32,False,10000,107,0.0,0,0.55,1.0,0.2,0,0.5,10,9.5,10,rrt_20260806_234332_543.png
20260806_234334_322,2026-08-06 23:43:34,False,10000,120,0.0,0,0.55,1.0,0.2,0,0.5,10,9.5,10,rrt_20260806_234334_322.png
20260806_234336_095,2026-08-06 23:43:36,False,10000,113,0.0,0,0.55,1.0,0.2,0,0.5,10,9.5,10,rrt_20260806_234336_095.png
20260806_234337_680,2026-08-06 23:43:37,False,10000,93,0.0,0,0.55,1.0,0.2,0,0.5,10,9.5,10,rrt_20260806_234337_680.png
20260806_234339_234,2026-08-06 23:43:39,False,10000,97,0.0,0,0.55,1.0,0.2,0,0.5,10,9.5,10,rrt_20260806_234339_234.png
20260806_234340_753,2026-08-06 23:43:40,False,10000,95,0.0,0,0.55,1.0,0.2,0,0.5,10,9.5,10,rrt_20260806_234340_753.png
20260806_234342_287,2026-08-06 23:43:42,False,10000,93,0.0,0,0.55,1.0,0.2,0,0.5,10,9.5,10,rrt_20260806_234342_287.png
20260806_234342_530,2026-08-06 23:43:42,True,277,94,18.700000000000014,35,0.55,1.0,0.2,0,0.5,10,9.5,10,rrt_20260806_234342_530.png
20260806_234343_343,2026-08-06 23:43:43,False,10000,32,0.0,0,0.55,1.0,0.2,0,0.5,10,9.5,10,rrt_20260806_234343_343.png
20260806_234345_200,2026-08-06 23:43:45,False,10000,130,0.0,0,0.55,1.0,0.2,0,0.5,10,9.5,10,rrt_20260806_234345_200.png
20260806_234347_017,2026-08-06 23:43:47,False,10000,115,0.0,0,0.55,1.0,0.2,0,0.5,10,9.5,10,rrt_20260806_234347_017.png
20260806_234347_329,2026-08-06 23:43:47,True,616,88,17.600000000000005,33,0.55,1.0,0.2,0,0.5,10,9.5,10,rrt_20260806_234347_329.png
20260806_234348_787,2026-08-06 23:43:48,False,10000,85,0.0,0,0.55,1.0,0.2,0,0.5,10,9.5,10,rrt_20260806_234348_787.png
20260806_234350_390,2026-08-06 23:43:50,False,10000,102,0.0,0,0.55,1.0,0.2,0,0.5,10,9.5,10,rrt_20260806_234350_390.png
20260806_234350_661,2026-08-06 23:43:50,True,516,97,20.90000000000001,39,0.55,1.0,0.2,0,0.5,10,9.5,10,rrt_20260806_234350_661.png
20260806_234352_396,2026-08-06 23:43:52,False,10000,124,0.0,0,0.55,1.0,0.2,0,0.5,10,9.5,10,rrt_20260806_234352_396.png
20260806_234353_934,2026-08-06 23:43:53,False,10000,93,0.0,0,0.55,1.0,0.2,0,0.5,10,9.5,10,rrt_20260806_234353_934.png
20260806_234355_687,2026-08-06 23:43:55,False,10000,118,0.0,0,0.55,1.0,0.2,0,0.5,10,9.5,10,rrt_20260806_234355_687.png
20260806_234355_984,2026-08-06 23:43:55,True,600,100,17.60000000000001,33,0.55,1.0,0.2,0,0.5,10,9.5,10,rrt_20260806_234355_984.png
20260806_234357_800,2026-08-06 23:43:57,False,10000,124,0.0,0,0.55,1.0,0.2,0,0.5,10,9.5,10,rrt_20260806_234357_800.png
20260806_234358_066,2026-08-06 23:43:58,True,305,81,18.15000000000001,34,0.55,1.0,0.2,0,0.5,10,9.5,10,rrt_20260806_234358_066.png
20260806_234400_127,2026-08-06 23:44:00,False,10000,147,0.0,0,0.55,1.0,0.2,0,0.5,10,9.5,10,rrt_20260806_234400_127.png
20260806_234401_956,2026-08-06 23:44:01,False,10000,114,0.0,0,0.55,1.0,0.2,0,0.5,10,9.5,10,rrt_20260806_234401_956.png
20260806_234403_847,2026-08-06 23:44:03,False,10000,126,0.0,0,0.55,1.0,0.2,0,0.5,10,9.5,10,rrt_20260806_234403_847.png
20260806_234405_406,2026-08-06 23:44:05,False,10000,99,0.0,0,0.55,1.0,0.2,0,0.5,10,9.5,10,rrt_20260806_234405_406.png
20260806_234407_367,2026-08-06 23:44:07,False,10000,140,0.0,0,0.55,1.0,0.2,0,0.5,10,9.5,10,rrt_20260806_234407_367.png
20260806_234407_663,2026-08-06 23:44:07,True,555,98,16.500000000000007,31,0.55,1.0,0.2,0,0.5,10,9.5,10,rrt_20260806_234407_663.png
20260806_234409_433,2026-08-06 23:44:09,False,10000,114,0.0,0,0.55,1.0,0.2,0,0.5,10,9.5,10,rrt_20260806_234409_433.png
20260806_234411_362,2026-08-06 23:44:11,False,10000,126,0.0,0,0.55,1.0,0.2,0,0.5,10,9.5,10,rrt_20260806_234411_362.png
20260806_234412_423,2026-08-06 23:44:12,False,10000,49,0.0,0,0.55,1.0,0.2,0,0.5,10,9.5,10,rrt_20260806_234412_423.png
20260806_234414_275,2026-08-06 23:44:14,False,10000,125,0.0,0,0.55,1.0,0.2,0,0.5,10,9.5,10,rrt_20260806_234414_275.png
20260806_234414_576,2026-08-06 23:44:14,True,654,112,17.050000000000004,32,0.55,1.0,0.2,0,0.5,10,9.5,10,rrt_20260806_234414_576.png
20260806_234414_842,2026-08-06 23:44:14,True,390,79,18.150000000000013,34,0.55,1.0,0.2,0,0.5,10,9.5,10,rrt_20260806_234414_842.png
20260806_234416_722,2026-08-06 23:44:16,False,10000,124,0.0,0,0.55,1.0,0.2,0,0.5,10,9.5,10,rrt_20260806_234416_722.png
20260806_234418_147,2026-08-06 23:44:18,False,10000,81,0.0,0,0.55,1.0,0.2,0,0.5,10,9.5,10,rrt_20260806_234418_147.png
20260806_234419_923,2026-08-06 23:44:19,False,10000,119,0.0,0,0.55,1.0,0.2,0,0.5,10,9.5,10,rrt_20260806_234419_923.png
20260806_234421_984,2026-08-06 23:44:21,False,10000,151,0.0,0,0.55,1.0,0.2,0,0.5,10,9.5,10,rrt_20260806_234421_984.png
20260806_234423_777,2026-08-06 23:44:23,False,10000,112,0.0,0,0.55,1.0,0.2,0,0.5,10,9.5,10,rrt_20260806_234423_777.png
20260806_234424_892,2026-08-06 23:44:24,False,10000,47,0.0,0,0.55,1.0,0.2,0,0.5,10,9.5,10,rrt_20260806_234424_892.png
20260806_234426_816,2026-08-06 23:44:26,False,10000,125,0.0,0,0.55,1.0,0.2,0,0.5,10,9.5,10,rrt_20260806_234426_816.png
20260806_234428_632,2026-08-06 23:44:28,False,10000,119,0.0,0,0.55,1.0,0.2,0,0.5,10,9.5,10,rrt_20260806_234428_632.png
20260806_234429_066,2026-08-06 23:44:29,True,999,121,17.050000000000004,32,0.55,1.0,0.2,0,0.5,10,9.5,10,rrt_20260806_234429_066.png
20260806_234430_938,2026-08-06 23:44:30,False,10000,114,0.0,0,0.55,1.0,0.2,0,0.5,10,9.5,10,rrt_20260806_234430_938.png
20260806_234432_347,2026-08-06 23:44:32,False,10000,81,0.0,0,0.55,1.0,0.2,0,0.5,10,9.5,10,rrt_20260806_234432_347.png
20260806_234432_639,2026-08-06 23:44:32,True,739,88,17.050000000000008,32,0.55,1.0,0.2,0,0.5,10,9.5,10,rrt_20260806_234432_639.png
20260806_234434_329,2026-08-06 23:44:34,False,10000,113,0.0,0,0.55,1.0,0.2,0,0.5,10,9.5,10,rrt_20260806_234434_329.png
20260806_234435_957,2026-08-06 23:44:35,False,10000,102,0.0,0,0.55,1.0,0.2,0,0.5,10,9.5,10,rrt_20260806_234435_957.png
20260806_234437_753,2026-08-06 23:44:37,False,10000,123,0.0,0,0.55,1.0,0.2,0,0.5,10,9.5,10,rrt_20260806_234437_753.png
20260806_234439_589,2026-08-06 23:44:39,False,10000,120,0.0,0,0.55,1.0,0.2,0,0.5,10,9.5,10,rrt_20260806_234439_589.png
20260806_234441_240,2026-08-06 23:44:41,False,10000,106,0.0,0,0.55,1.0,0.2,0,0.5,10,9.5,10,rrt_20260806_234441_240.png
20260806_234442_977,2026-08-06 23:44:42,False,10000,114,0.0,0,0.55,1.0,0.2,0,0.5,10,9.5,10,rrt_20260806_234442_977.png
20260806_234444_464,2026-08-06 23:44:44,False,10000,95,0.0,0,0.55,1.0,0.2,0,0.5,10,9.5,10,rrt_20260806_234444_464.png
20260806_234444_746,2026-08-06 23:44:44,True,346,83,15.950000000000003,30,0.55,1.0,0.2,0,0.5,10,9.5,10,rrt_20260806_234444_746.png
20260806_234445_728,2026-08-06 23:44:45,False,10000,44,0.0,0,0.55,1.0,0.2,0,0.5,10,9.5,10,rrt_20260806_234445_728.png
20260806_234446_062,2026-08-06 23:44:46,True,989,54,17.17236861106044,30,0.6,0.1,0.2,0,0.5,10,9.5,10,rrt_20260806_234446_062.png
20260806_234446_428,2026-08-06 23:44:46,True,1709,48,16.200000000000003,28,0.6,0.1,0.2,0,0.5,10,9.5,10,rrt_20260806_234446_428.png
20260806_234447_284,2026-08-06 23:44:47,False,10000,43,0.0,0,0.6,0.1,0.2,0,0.5,10,9.5,10,rrt_20260806_234447_284.png
20260806_234447_819,2026-08-06 23:44:47,True,2086,47,15.599999999999998,27,0.6,0.1,0.2,0,0.5,10,9.5,10,rrt_20260806_234447_819.png
20260806_234449_255,2026-08-06 23:44:49,False,10000,95,0.0,0,0.6,0.1,0.2,0,0.5,10,9.5,10,rrt_20260806_234449_255.png
20260806_234449_544,2026-08-06 23:44:49,True,310,38,16.464143022989415,29,0.6,0.1,0.2,0,0.5,10,9.5,10,rrt_20260806_234449_544.png
20260806_234449_788,2026-08-06 23:44:49,True,610,34,15.464551060776442,27,0.6,0.1,0.2,0,0.5,10,9.5,10,rrt_20260806_234449_788.png
20260806_234451_003,2026-08-06 23:44:51,False,10000,77,0.0,0,0.6,0.1,0.2,0,0.5,10,9.5,10,rrt_20260806_234451_003.png
20260806_234451_747,2026-08-06 23:44:51,True,6951,64,21.84153563701674,38,0.6,0.1,0.2,0,0.5,10,9.5,10,rrt_20260806_234451_747.png
20260806_234452_046,2026-08-06 23:44:52,True,141,33,14.868773019904859,26,0.6,0.1,0.2,0,0.5,10,9.5,10,rrt_20260806_234452_046.png
20260806_234453_476,2026-08-06 23:44:53,False,10000,104,0.0,0,0.6,0.1,0.2,0,0.5,10,9.5,10,rrt_20260806_234453_476.png
20260806_234453_768,2026-08-06 23:44:53,True,224,32,14.664886806927747,26,0.6,0.1,0.2,0,0.5,10,9.5,10,rrt_20260806_234453_768.png
20260806_234453_940,2026-08-06 23:44:53,True,368,31,15.922117752595318,28,0.6,0.1,0.2,0,0.5,10,9.5,10,rrt_20260806_234453_940.png
20260806_234454_118,2026-08-06 23:44:54,True,477,35,15.901877276932517,28,0.6,0.1,0.2,0,0.5,10,9.5,10,rrt_20260806_234454_118.png
20260806_234454_340,2026-08-06 23:44:54,True,1084,36,15.974132127597624,28,0.6,0.1,0.2,0,0.5,10,9.5,10,rrt_20260806_234454_340.png
20260806_234454_566,2026-08-06 23:44:54,True,674,34,15.807468154758817,28,0.6,0.1,0.2,0,0.5,10,9.5,10,rrt_20260806_234454_566.png
20260806_234455_330,2026-08-06 23:44:55,False,10000,41,0.0,0,0.6,0.1,0.2,0,0.5,10,9.5,10,rrt_20260806_234455_330.png
20260806_234456_145,2026-08-06 23:44:56,False,10000,42,0.0,0,0.6,0.1,0.2,0,0.5,10,9.5,10,rrt_20260806_234456_145.png
20260806_234456_366,2026-08-06 23:44:56,True,139,30,14.297151953430127,25,0.6,0.1,0.2,0,0.5,10,9.5,10,rrt_20260806_234456_366.png
20260806_234456_556,2026-08-06 23:44:56,True,154,32,15.583936399645886,27,0.6,0.1,0.2,0,0.5,10,9.5,10,rrt_20260806_234456_556.png
20260806_234456_765,2026-08-06 23:44:56,True,172,26,14.954022257726649,26,0.6,0.1,0.2,0,0.5,10,9.5,10,rrt_20260806_234456_765.png
20260806_234457_940,2026-08-06 23:44:57,False,10000,74,0.0,0,0.6,0.1,0.2,0,0.5,10,9.5,10,rrt_20260806_234457_940.png
20260806_234458_253,2026-08-06 23:44:58,True,1040,45,15.599999999999996,27,0.6,0.1,0.2,0,0.5,10,9.5,10,rrt_20260806_234458_253.png
20260806_234458_447,2026-08-06 23:44:58,True,437,33,14.92426801196345,26,0.6,0.1,0.2,0,0.5,10,9.5,10,rrt_20260806_234458_447.png
20260806_234458_855,2026-08-06 23:44:58,True,3690,70,18.511439329422466,32,0.6,0.1,0.2,0,0.5,10,9.5,10,rrt_20260806_234458_855.png
20260806_234459_114,2026-08-06 23:44:59,True,954,49,15.215874205833423,27,0.6,0.1,0.2,0,0.5,10,9.5,10,rrt_20260806_234459_114.png
20260806_234459_385,2026-08-06 23:44:59,True,619,37,16.2,28,0.6,0.1,0.2,0,0.5,10,9.5,10,rrt_20260806_234459_385.png
20260806_234459_630,2026-08-06 23:44:59,True,997,47,15.820973996417354,28,0.6,0.1,0.2,0,0.5,10,9.5,10,rrt_20260806_234459_630.png
20260806_234500_873,2026-08-06 23:45:00,False,10000,88,0.0,0,0.6,0.1,0.2,0,0.5,10,9.5,10,rrt_20260806_234500_873.png
20260806_234501_185,2026-08-06 23:45:01,True,664,43,16.54672957223899,29,0.6,0.1,0.2,0,0.5,10,9.5,10,rrt_20260806_234501_185.png
20260806_234501_366,2026-08-06 23:45:01,True,317,33,15.587015627421021,27,0.6,0.1,0.2,0,0.5,10,9.5,10,rrt_20260806_234501_366.png
20260806_234501_552,2026-08-06 23:45:01,True,485,38,15.290254313958133,27,0.6,0.1,0.2,0,0.5,10,9.5,10,rrt_20260806_234501_552.png
20260806_234502_668,2026-08-06 23:45:02,False,10000,69,0.0,0,0.6,0.1,0.2,0,0.5,10,9.5,10,rrt_20260806_234502_668.png
20260806_234503_816,2026-08-06 23:45:03,False,10000,83,0.0,0,0.6,0.1,0.2,0,0.5,10,9.5,10,rrt_20260806_234503_816.png
20260806_234504_070,2026-08-06 23:45:04,True,428,45,18.0,31,0.6,0.1,0.2,0,0.5,10,9.5,10,rrt_20260806_234504_070.png
20260806_234504_367,2026-08-06 23:45:04,True,2232,46,16.51191131053536,29,0.6,0.1,0.2,0,0.5,10,9.5,10,rrt_20260806_234504_367.png
20260806_234504_724,2026-08-06 23:45:04,True,2798,68,18.211703811567947,32,0.6,0.1,0.2,0,0.5,10,9.5,10,rrt_20260806_234504_724.png
20260806_234505_084,2026-08-06 23:45:05,True,3062,54,14.999999999999995,26,0.6,0.1,0.2,0,0.5,10,9.5,10,rrt_20260806_234505_084.png
20260806_234505_912,2026-08-06 23:45:05,False,10000,40,0.0,0,0.6,0.1,0.2,0,0.5,10,9.5,10,rrt_20260806_234505_912.png
20260806_234506_957,2026-08-06 23:45:06,False,10000,43,0.0,0,0.6,0.1,0.2,0,0.5,10,9.5,10,rrt_20260806_234506_957.png
20260806_234507_223,2026-08-06 23:45:07,True,239,29,14.999999999999995,26,0.6,0.1,0.2,0,0.5,10,9.5,10,rrt_20260806_234507_223.png
20260806_234507_635,2026-08-06 23:45:07,True,5266,51,15.532417877172367,27,0.6,0.1,0.2,0,0.5,10,9.5,10,rrt_20260806_234507_635.png
20260806_234508_943,2026-08-06 23:45:08,False,10000,91,0.0,0,0.6,0.1,0.2,0,0.5,10,9.5,10,rrt_20260806_234508_943.png
20260806_234509_172,2026-08-06 23:45:09,True,326,34,14.811338779087642,26,0.6,0.1,0.2,0,0.5,10,9.5,10,rrt_20260806_234509_172.png
20260806_234509_352,2026-08-06 23:45:09,True,363,31,15.246003057598896,27,0.6,0.1,0.2,0,0.5,10,9.5,10,rrt_20260806_234509_352.png
20260806_234509_710,2026-08-06 23:45:09,True,2839,51,14.999999999999998,26,0.6,0.1,0.2,0,0.5,10,9.5,10,rrt_20260806_234509_710.png
20260806_234510_984,2026-08-06 23:45:10,False,10000,96,0.0,0,0.6,0.1,0.2,0,0.5,10,9.5,10,rrt_20260806_234510_984.png
20260806_234511_413,2026-08-06 23:45:11,True,430,37,15.599999999999998,27,0.6,0.1,0.2,0,0.5,10,9.5,10,rrt_20260806_234511_413.png
20260806_234511_588,2026-08-06 23:45:11,True,222,29,14.399999999999995,25,0.6,0.1,0.2,0,0.5,10,9.5,10,rrt_20260806_234511_588.png
20260806_234512_320,2026-08-06 23:45:12,False,10000,43,0.0,0,0.6,0.1,0.2,0,0.5,10,9.5,10,rrt_20260806_234512_320.png
20260806_234512_540,2026-08-06 23:45:12,True,295,31,15.995049586711637,28,0.6,0.1,0.2,0,0.5,10,9.5,10,rrt_20260806_234512_540.png
20260806_234512_732,2026-08-06 23:45:12,True,681,35,14.999999999999995,26,0.6,0.1,0.2,0,0.5,10,9.5,10,rrt_20260806_234512_732.png
20260806_234512_912,2026-08-06 23:45:12,True,333,32,14.621690304044538,26,0.6,0.1,0.2,0,0.5,10,9.5,10,rrt_20260806_234512_912.png
20260806_234513_110,2026-08-06 23:45:13,True,595,33,15.42528651505858,27,0.6,0.1,0.2,0,0.5,10,9.5,10,rrt_20260806_234513_110.png
20260806_234513_331,2026-08-06 23:45:13,True,400,31,15.389140273391819,27,0.6,0.1,0.2,0,0.5,10,9.5,10,rrt_20260806_234513_331.png
20260806_234513_532,2026-08-06 23:45:13,True,1152,44,17.1820712815199,30,0.6,0.1,0.2,0,0.5,10,9.5,10,rrt_20260806_234513_532.png
20260806_234514_599,2026-08-06 23:45:14,False,10000,44,0.0,0,0.6,0.1,0.2,0,0.5,10,9.5,10,rrt_20260806_234514_599.png
20260806_234514_884,2026-08-06 23:45:14,True,121,32,14.678537085351861,26,0.6,0.1,0.2,0,0.5,10,9.5,10,rrt_20260806_234514_884.png
20260806_234515_095,2026-08-06 23:45:15,True,512,34,15.512430539406383,27,0.6,0.1,0.2,0,0.5,10,9.5,10,rrt_20260806_234515_095.png
20260806_234516_080,2026-08-06 23:45:16,False,10000,43,0.0,0,0.6,0.1,0.2,0,0.5,10,9.5,10,rrt_20260806_234516_080.png
20260806_234516_847,2026-08-06 23:45:16,False,10000,36,0.0,0,0.6,0.1,0.2,0,0.5,10,9.5,10,rrt_20260806_234516_847.png
20260806_234517_403,2026-08-06 23:45:17,True,4287,75,16.199999999999992,28,0.6,0.1,0.2,0,0.5,10,9.5,10,rrt_20260806_234517_403.png
20260806_234517_697,2026-08-06 23:45:17,True,2284,41,15.303161932068173,27,0.6,0.1,0.2,0,0.5,10,9.5,10,rrt_20260806_234517_697.png
20260806_234517_967,2026-08-06 23:45:17,True,1270,53,18.3083919599067,32,0.6,0.1,0.2,0,0.5,10,9.5,10,rrt_20260806_234517_967.png
20260806_234518_168,2026-08-06 23:45:18,True,370,37,15.0,26,0.6,0.1,0.2,0,0.5,10,9.5,10,rrt_20260806_234518_168.png
20260806_234518_439,2026-08-06 23:45:18,True,432,36,14.999999999999991,26,0.6,0.1,0.2,0,0.5,10,9.5,10,rrt_20260806_234518_439.png
20260806_234518_681,2026-08-06 23:45:18,True,1650,54,15.331748088023247,27,0.6,0.1,0.2,0,0.5,10,9.5,10,rrt_20260806_234518_681.png
20260806_234518_966,2026-08-06 23:45:18,True,1588,49,18.21391051856033,32,0.6,0.1,0.2,0,0.5,10,9.5,10,rrt_20260806_234518_966.png
20260806_234519_186,2026-08-06 23:45:19,True,745,41,15.83258336708177,28,0.6,0.1,0.2,0,0.5,10,9.5,10,rrt_20260806_234519_186.png
20260806_234519_391,2026-08-06 23:45:19,True,406,32,15.395552352051597,27,0.6,0.1,0.2,0,0.5,10,9.5,10,rrt_20260806_234519_391.png
20260806_234519_799,2026-08-06 23:45:19,True,3731,63,17.615009445131633,31,0.6,0.1,0.2,0,0.5,10,9.5,10,rrt_20260806_234519_799.png
20260806_234520_032,2026-08-06 23:45:20,True,653,47,17.36996477611772,30,0.6,0.1,0.2,0,0.5,10,9.5,10,rrt_20260806_234520_032.png
20260806_234520_332,2026-08-06 23:45:20,True,561,34,15.314224055451316,27,0.6,0.1,0.2,0,0.5,10,9.5,10,rrt_20260806_234520_332.png
20260806_234520_603,2026-08-06 23:45:20,True,785,40,15.600000000000001,27,0.6,0.1,0.2,0,0.5,10,9.5,10,rrt_20260806_234520_603.png
20260806_234520_847,2026-08-06 23:45:20,True,1066,48,15.456967811670236,27,0.6,0.1,0.2,0,0.5,10,9.5,10,rrt_20260806_234520_847.png
20260806_234521_026,2026-08-06 23:45:21,True,203,33,15.560560477925089,27,0.6,0.1,0.2,0,0.5,10,9.5,10,rrt_20260806_234521_026.png
20260806_234521_252,2026-08-06 23:45:21,True,1671,46,15.26385572164598,27,0.6,0.1,0.2,0,0.5,10,9.5,10,rrt_20260806_234521_252.png
20260806_234521_515,2026-08-06 23:45:21,True,1794,54,19.799999999999997,34,0.6,0.1,0.2,0,0.5,10,9.5,10,rrt_20260806_234521_515.png
20260806_234521_968,2026-08-06 23:45:21,True,3383,63,17.999999999999996,31,0.6,0.1,0.2,0,0.5,10,9.5,10,rrt_20260806_234521_968.png
20260806_234523_176,2026-08-06 23:45:23,False,10000,86,0.0,0,0.6,0.1,0.2,0,0.5,10,9.5,10,rrt_20260806_234523_176.png
20260806_234524_348,2026-08-06 23:45:24,False,10000,83,0.0,0,0.6,0.1,0.2,0,0.5,10,9.5,10,rrt_20260806_234524_348.png
20260806_234524_584,2026-08-06 23:45:24,True,431,32,16.199999999999996,28,0.6,0.1,0.2,0,0.5,10,9.5,10,rrt_20260806_234524_584.png
20260806_234525_602,2026-08-06 23:45:25,False,10000,40,0.0,0,0.6,0.1,0.2,0,0.5,10,9.5,10,rrt_20260806_234525_602.png
20260806_234525_915,2026-08-06 23:45:25,True,515,39,15.538491961957154,27,0.6,0.1,0.2,0,0.5,10,9.5,10,rrt_20260806_234525_915.png
20260806_234526_141,2026-08-06 23:45:26,True,1278,45,16.690012996062727,29,0.6,0.1,0.2,0,0.5,10,9.5,10,rrt_20260806_234526_141.png
20260806_234526_342,2026-08-06 23:45:26,True,590,36,15.827691025854794,28,0.6,0.1,0.2,0,0.5,10,9.5,10,rrt_20260806_234526_342.png
20260806_234526_565,2026-08-06 23:45:26,True,957,49,15.841544146821096,28,0.6,0.1,0.2,0,0.5,10,9.5,10,rrt_20260806_234526_565.png
20260806_234526_796,2026-08-06 23:45:26,True,981,43,17.15039659100678,30,0.6,0.1,0.2,0,0.5,10,9.5,10,rrt_20260806_234526_796.png
20260806_234527_210,2026-08-06 23:45:27,True,4279,68,20.400000000000006,35,0.6,0.1,0.2,0,0.5,10,9.5,10,rrt_20260806_234527_210.png
20260806_234527_457,2026-08-06 23:45:27,True,376,27,14.999999999999998,26,0.6,0.1,0.2,0,0.5,10,9.5,10,rrt_20260806_234527_457.png
20260806_234527_680,2026-08-06 23:45:27,True,1136,57,16.799999999999997,29,0.6,0.1,0.2,0,0.5,10,9.5,10,rrt_20260806_234527_680.png
20260806_234527_903,2026-08-06 23:45:27,True,259,30,14.794335661588613,26,0.6,0.1,0.2,0,0.5,10,9.5,10,rrt_20260806_234527_903.png
20260806_234528_153,2026-08-06 23:45:28,True,1278,44,16.79999999999999,29,0.6,0.1,0.2,0,0.5,10,9.5,10,rrt_20260806_234528_153.png
20260806_234528_608,2026-08-06 23:45:28,True,4411,69,18.0,31,0.6,0.1,0.2,0,0.5,10,9.5,10,rrt_20260806_234528_608.png
20260806_234528_885,2026-08-06 23:45:28,True,1643,52,19.12130744047493,33,0.6,0.1,0.2,0,0.5,10,9.5,10,rrt_20260806_234528_885.png
20260806_234529_674,2026-08-06 23:45:29,False,10000,39,0.0,0,0.6,0.1,0.2,0,0.5,10,9.5,10,rrt_20260806_234529_674.png
20260806_234530_231,2026-08-06 23:45:30,True,5068,68,17.121672197361328,30,0.6,0.1,0.2,0,0.5,10,9.5,10,rrt_20260806_234530_231.png
20260806_234530_477,2026-08-06 23:45:30,True,383,32,15.361165727812592,27,0.6,0.1,0.2,0,0.5,10,9.5,10,rrt_20260806_234530_477.png
20260806_234530_666,2026-08-06 23:45:30,True,283,32,15.492060732631812,27,0.6,0.1,0.2,0,0.5,10,9.5,10,rrt_20260806_234530_666.png
20260806_234530_885,2026-08-06 23:45:30,True,842,46,14.999999999999996,26,0.6,0.1,0.2,0,0.5,10,9.5,10,rrt_20260806_234530_885.png
20260806_234531_203,2026-08-06 23:45:31,True,1617,55,17.99999999999999,31,0.6,0.2,0.2,0,0.5,10,9.5,10,rrt_20260806_234531_203.png
20260806_234531_421,2026-08-06 23:45:31,True,287,34,15.599999999999994,27,0.6,0.2,0.2,0,0.5,10,9.5,10,rrt_20260806_234531_421.png
20260806_234531_586,2026-08-06 23:45:31,True,67,29,15.284897789010179,27,0.6,0.2,0.2,0,0.5,10,9.5,10,rrt_20260806_234531_586.png
20260806_234531_774,2026-08-06 23:45:31,True,449,36,16.604284926750186,29,0.6,0.2,0.2,0,0.5,10,9.5,10,rrt_20260806_234531_774.png
20260806_234531_942,2026-08-06 23:45:31,True,262,35,15.48181634819102,27,0.6,0.2,0.2,0,0.5,10,9.5,10,rrt_20260806_234531_942.png
20260806_234532_110,2026-08-06 23:45:32,True,185,36,15.244866059577896,27,0.6,0.2,0.2,0,0.5,10,9.5,10,rrt_20260806_234532_110.png
20260806_234532_281,2026-08-06 23:45:32,True,246,31,16.199999999999996,28,0.6,0.2,0.2,0,0.5,10,9.5,10,rrt_20260806_234532_281.png
20260806_234532_546,2026-08-06 23:45:32,True,1551,72,18.905880915098674,33,0.6,0.2,0.2,0,0.5,10,9.5,10,rrt_20260806_234532_546.png
20260806_234532_763,2026-08-06 23:45:32,True,297,30,15.600000000000005,27,0.6,0.2,0.2,0,0.5,10,9.5,10,rrt_20260806_234532_763.png
20260806_234533_046,2026-08-06 23:45:33,True,557,45,15.875847283189268,28,0.6,0.2,0.2,0,0.5,10,9.5,10,rrt_20260806_234533_046.png
20260806_234533_256,2026-08-06 23:45:33,True,981,52,17.399999999999995,30,0.6,0.2,0.2,0,0.5,10,9.5,10,rrt_20260806_234533_256.png
20260806_234533_436,2026-08-06 23:45:33,True,257,31,15.22486909660464,27,0.6,0.2,0.2,0,0.5,10,9.5,10,rrt_20260806_234533_436.png
20260806_234533_868,2026-08-06 23:45:33,True,3394,60,15.294741499531389,27,0.6,0.2,0.2,0,0.5,10,9.5,10,rrt_20260806_234533_868.png
20260806_234535_324,2026-08-06 23:45:35,False,10000,96,0.0,0,0.6,0.2,0.2,0,0.5,10,9.5,10,rrt_20260806_234535_324.png
20260806_234535_630,2026-08-06 23:45:35,True,453,40,15.854269756055494,28,0.6,0.2,0.2,0,0.5,10,9.5,10,rrt_20260806_234535_630.png
20260806_234535_812,2026-08-06 23:45:35,True,168,32,15.599999999999996,27,0.6,0.2,0.2,0,0.5,10,9.5,10,rrt_20260806_234535_812.png
20260806_234535_989,2026-08-06 23:45:35,True,137,30,14.688379786703953,26,0.6,0.2,0.2,0,0.5,10,9.5,10,rrt_20260806_234535_989.png
20260806_234536_970,2026-08-06 23:45:36,False,10000,41,0.0,0,0.6,0.2,0.2,0,0.5,10,9.5,10,rrt_20260806_234536_970.png
20260806_234538_440,2026-08-06 23:45:38,False,10000,95,0.0,0,0.6,0.2,0.2,0,0.5,10,9.5,10,rrt_20260806_234538_440.png
20260806_234538_674,2026-08-06 23:45:38,True,323,32,15.6,27,0.6,0.2,0.2,0,0.5,10,9.5,10,rrt_20260806_234538_674.png
20260806_234538_891,2026-08-06 23:45:38,True,67,26,14.400000000000006,25,0.6,0.2,0.2,0,0.5,10,9.5,10,rrt_20260806_234538_891.png
20260806_234539_935,2026-08-06 23:45:39,False,10000,53,0.0,0,0.6,0.2,0.2,0,0.5,10,9.5,10,rrt_20260806_234539_935.png
20260806_234540_148,2026-08-06 23:45:40,True,86,28,15.000000000000004,26,0.6,0.2,0.2,0,0.5,10,9.5,10,rrt_20260806_234540_148.png
20260806_234541_503,2026-08-06 23:45:41,False,10000,94,0.0,0,0.6,0.2,0.2,0,0.5,10,9.5,10,rrt_20260806_234541_503.png
20260806_234541_810,2026-08-06 23:45:41,True,1248,75,17.915511231166274,31,0.6,0.2,0.2,0,0.5,10,9.5,10,rrt_20260806_234541_810.png
20260806_234542_030,2026-08-06 23:45:42,True,190,31,15.599999999999996,27,0.6,0.2,0.2,0,0.5,10,9.5,10,rrt_20260806_234542_030.png
20260806_234542_262,2026-08-06 23:45:42,True,177,32,15.6,27,0.6,0.2,0.2,0,0.5,10,9.5,10,rrt_20260806_234542_262.png
20260806_234543_417,2026-08-06 23:45:43,False,10000,68,0.0,0,0.6,0.2,0.2,0,0.5,10,9.5,10,rrt_20260806_234543_417.png
20260806_234543_652,2026-08-06 23:45:43,True,312,38,16.056227226157322,28,0.6,0.2,0.2,0,0.5,10,9.5,10,rrt_20260806_234543_652.png
20260806_234543_816,2026-08-06 23:45:43,True,115,30,14.84842934406026,26,0.6,0.2,0.2,0,0.5,10,9.5,10,rrt_20260806_234543_816.png
20260806_234545_377,2026-08-06 23:45:45,False,10000,113,0.0,0,0.6,0.2,0.2,0,0.5,10,9.5,10,rrt_20260806_234545_377.png
20260806_234545_643,2026-08-06 23:45:45,True,220,33,15.269300682422582,27,0.6,0.2,0.2,0,0.5,10,9.5,10,rrt_20260806_234545_643.png
20260806_234546_941,2026-08-06 23:45:46,False,10000,91,0.0,0,0.6,0.2,0.2,0,0.5,10,9.5,10,rrt_20260806_234546_941.png
20260806_234547_194,2026-08-06 23:45:47,True,618,57,18.549170633692302,32,0.6,0.2,0.2,0,0.5,10,9.5,10,rrt_20260806_234547_194.png
20260806_234547_369,2026-08-06 23:45:47,True,216,34,15.504830968167052,27,0.6,0.2,0.2,0,0.5,10,9.5,10,rrt_20260806_234547_369.png
20260806_234547_539,2026-08-06 23:45:47,True,121,29,14.999999999999996,26,0.6,0.2,0.2,0,0.5,10,9.5,10,rrt_20260806_234547_539.png
20260806_234547_997,2026-08-06 23:45:47,True,2902,69,20.735521777347078,36,0.6,0.2,0.2,0,0.5,10,9.5,10,rrt_20260806_234547_997.png
20260806_234548_325,2026-08-06 23:45:48,True,2010,61,15.833849041821653,28,0.6,0.2,0.2,0,0.5,10,9.5,10,rrt_20260806_234548_325.png
20260806_234548_509,2026-08-06 23:45:48,True,159,33,14.878828415163937,26,0.6,0.2,0.2,0,0.5,10,9.5,10,rrt_20260806_234548_509.png
20260806_234548_692,2026-08-06 23:45:48,True,388,43,17.4,30,0.6,0.2,0.2,0,0.5,10,9.5,10,rrt_20260806_234548_692.png
20260806_234548_880,2026-08-06 23:45:48,True,154,31,15.519337611030087,27,0.6,0.2,0.2,0,0.5,10,9.5,10,rrt_20260806_234548_880.png
20260806_234549_059,2026-08-06 23:45:49,True,247,36,14.866344064450699,26,0.6,0.2,0.2,0,0.5,10,9.5,10,rrt_20260806_234549_059.png
20260806_234550_210,2026-08-06 23:45:50,False,10000,75,0.0,0,0.6,0.2,0.2,0,0.5,10,9.5,10,rrt_20260806_234550_210.png
20260806_234550_456,2026-08-06 23:45:50,True,153,29,15.399073286340386,27,0.6,0.2,0.2,0,0.5,10,9.5,10,rrt_20260806_234550_456.png
20260806_234550_692,2026-08-06 23:45:50,True,342,37,15.974739710848283,28,0.6,0.2,0.2,0,0.5,10,9.5,10,rrt_20260806_234550_692.png
20260806_234550_885,2026-08-06 23:45:50,True,310,35,14.399999999999997,25,0.6,0.2,0.2,0,0.5,10,9.5,10,rrt_20260806_234550_885.png
20260806_234551_053,2026-08-06 23:45:51,True,197,30,15.599999999999996,27,0.6,0.2,0.2,0,0.5,10,9.5,10,rrt_20260806_234551_053.png
20260806_234551_227,2026-08-06 23:45:51,True,152,32,15.435662290446494,27,0.6,0.2,0.2,0,0.5,10,9.5,10,rrt_20260806_234551_227.png
20260806_234551_408,2026-08-06 23:45:51,True,206,33,15.600000000000001,27,0.6,0.2,0.2,0,0.5,10,9.5,10,rrt_20260806_234551_408.png
20260806_234552_364,2026-08-06 23:45:52,False,10000,36,0.0,0,0.6,0.2,0.2,0,0.5,10,9.5,10,rrt_20260806_234552_364.png
20260806_234552_713,2026-08-06 23:45:52,True,2424,51,17.02155088056969,30,0.6,0.2,0.2,0,0.5,10,9.5,10,rrt_20260806_234552_713.png
20260806_234552_895,2026-08-06 23:45:52,True,166,36,14.890801961364614,26,0.6,0.2,0.2,0,0.5,10,9.5,10,rrt_20260806_234552_895.png
20260806_234553_069,2026-08-06 23:45:53,True,284,36,17.305720755206522,30,0.6,0.2,0.2,0,0.5,10,9.5,10,rrt_20260806_234553_069.png
20260806_234553_285,2026-08-06 23:45:53,True,251,36,15.57586663128787,27,0.6,0.2,0.2,0,0.5,10,9.5,10,rrt_20260806_234553_285.png
20260806_234553_536,2026-08-06 23:45:53,True,1259,59,18.42114389285849,32,0.6,0.2,0.2,0,0.5,10,9.5,10,rrt_20260806_234553_536.png
20260806_234554_678,2026-08-06 23:45:54,False,10000,53,0.0,0,0.6,0.2,0.2,0,0.5,10,9.5,10,rrt_20260806_234554_678.png
20260806_234554_893,2026-08-06 23:45:54,True,74,28,14.399999999999999,25,0.6,0.2,0.2,0,0.5,10,9.5,10,rrt_20260806_234554_893.png
20260806_234555_078,2026-08-06 23:45:55,True,531,36,16.2,28,0.6,0.2,0.2,0,0.5,10,9.5,10,rrt_20260806_234555_078.png
20260806_234555_253,2026-08-06 23:45:55,True,298,38,16.0991812745951,28,0.6,0.2,0.2,0,0.5,10,9.5,10,rrt_20260806_234555_253.png
20260806_234555_438,2026-08-06 23:45:55,True,302,40,16.199999999999996,28,0.6,0.2,0.2,0,0.5,10,9.5,10,rrt_20260806_234555_438.png
20260806_234555_705,2026-08-06 23:45:55,True,1417,50,17.002781780261536,30,0.6,0.2,0.2,0,0.5,10,9.5,10,rrt_20260806_234555_705.png
20260806_234555_913,2026-08-06 23:45:55,True,182,33,14.631761456256655,26,0.6,0.2,0.2,0,0.5,10,9.5,10,rrt_20260806_234555_913.png
20260806_234556_227,2026-08-06 23:45:56,True,631,51,20.355399336030473,35,0.6,0.2,0.2,0,0.5,10,9.5,10,rrt_20260806_234556_227.png
20260806_234556_402,2026-08-06 23:45:56,True,236,35,15.597070474669371,27,0.6,0.2,0.2,0,0.5,10,9.5,10,rrt_20260806_234556_402.png
20260806_234556_571,2026-08-06 23:45:56,True,263,32,14.999999999999996,26,0.6,0.2,0.2,0,0.5,10,9.5,10,rrt_20260806_234556_571.png
20260806_234558_217,2026-08-06 23:45:58,False,10000,125,0.0,0,0.6,0.2,0.2,0,0.5,10,9.5,10,rrt_20260806_234558_217.png
20260806_234558_462,2026-08-06 23:45:58,True,158,33,14.999999999999998,26,0.6,0.2,0.2,0,0.5,10,9.5,10,rrt_20260806_234558_462.png
20260806_234558_630,2026-08-06 23:45:58,True,237,37,15.210927830620038,27,0.6,0.2,0.2,0,0.5,10,9.5,10,rrt_20260806_234558_630.png
20260806_234558_828,2026-08-06 23:45:58,True,77,31,15.21524025720504,27,0.6,0.2,0.2,0,0.5,10,9.5,10,rrt_20260806_234558_828.png
20260806_234559_008,2026-08-06 23:45:59,True,357,44,18.211540742835822,32,0.6,0.2,0.2,0,0.5,10,9.5,10,rrt_20260806_234559_008.png
20260806_234559_180,2026-08-06 23:45:59,True,313,32,16.199999999999996,28,0.6,0.2,0.2,0,0.5,10,9.5,10,rrt_20260806_234559_180.png
20260806_234559_442,2026-08-06 23:45:59,True,136,34,15.599999999999994,27,0.6,0.2,0.2,0,0.5,10,9.5,10,rrt_20260806_234559_442.png
20260806_234600_512,2026-08-06 23:46:00,False,10000,43,0.0,0,0.6,0.2,0.2,0,0.5,10,9.5,10,rrt_20260806_234600_512.png
20260806_234601_811,2026-08-06 23:46:01,False,10000,71,0.0,0,0.6,0.2,0.2,0,0.5,10,9.5,10,rrt_20260806_234601_811.png
20260806_234603_287,2026-08-06 23:46:03,False,10000,108,0.0,0,0.6,0.2,0.2,0,0.5,10,9.5,10,rrt_20260806_234603_287.png
20260806_234603_517,2026-08-06 23:46:03,True,256,37,14.999999999999995,26,0.6,0.2,0.2,0,0.5,10,9.5,10,rrt_20260806_234603_517.png
20260806_234603_691,2026-08-06 23:46:03,True,151,36,14.999999999999995,26,0.6,0.2,0.2,0,0.5,10,9.5,10,rrt_20260806_234603_691.png
20260806_234603_875,2026-08-06 23:46:03,True,353,38,17.231328481617876,30,0.6,0.2,0.2,0,0.5,10,9.5,10,rrt_20260806_234603_875.png
20260806_234605_130,2026-08-06 23:46:05,False,10000,86,0.0,0,0.6,0.2,0.2,0,0.5,10,9.5,10,rrt_20260806_234605_130.png
20260806_234605_407,2026-08-06 23:46:05,True,155,35,15.846422255071328,28,0.6,0.2,0.2,0,0.5,10,9.5,10,rrt_20260806_234605_407.png
20260806_234606_853,2026-08-06 23:46:06,False,10000,88,0.0,0,0.6,0.2,0.2,0,0.5,10,9.5,10,rrt_20260806_234606_853.png
20260806_234607_150,2026-08-06 23:46:07,True,288,32,14.999999999999996,26,0.6,0.2,0.2,0,0.5,10,9.5,10,rrt_20260806_234607_150.png
20260806_234607_326,2026-08-06 23:46:07,True,192,39,15.827931657156839,28,0.6,0.2,0.2,0,0.5,10,9.5,10,rrt_20260806_234607_326.png
20260806_234607_507,2026-08-06 23:46:07,True,250,40,15.866331091433466,28,0.6,0.2,0.2,0,0.5,10,9.5,10,rrt_20260806_234607_507.png
20260806_234607_698,2026-08-06 23:46:07,True,447,41,17.399999999999995,30,0.6,0.2,0.2,0,0.5,10,9.5,10,rrt_20260806_234607_698.png
20260806_234607_918,2026-08-06 23:46:07,True,466,49,16.776832942217897,29,0.6,0.2,0.2,0,0.5,10,9.5,10,rrt_20260806_234607_918.png
20260806_234608_111,2026-08-06 23:46:08,True,256,39,15.599999999999996,27,0.6,0.2,0.2,0,0.5,10,9.5,10,rrt_20260806_234608_111.png
20260806_234608_281,2026-08-06 23:46:08,True,219,36,15.373549739066119,27,0.6,0.2,0.2,0,0.5,10,9.5,10,rrt_20260806_234608_281.png
20260806_234608_505,2026-08-06 23:46:08,True,1506,47,15.320968160787599,27,0.6,0.2,0.2,0,0.5,10,9.5,10,rrt_20260806_234608_505.png
20260806_234608_734,2026-08-06 23:46:08,True,226,37,15.467611077923495,27,0.6,0.2,0.2,0,0.5,10,9.5,10,rrt_20260806_234608_734.png
20260806_234608_997,2026-08-06 23:46:08,True,1514,69,15.301571156233889,27,0.6,0.2,0.2,0,0.5,10,9.5,10,rrt_20260806_234608_997.png
20260806_234609_193,2026-08-06 23:46:09,True,592,34,16.08698440882267,28,0.6,0.2,0.2,0,0.5,10,9.5,10,rrt_20260806_234609_193.png
20260806_234609_410,2026-08-06 23:46:09,True,241,37,15.411302378327601,27,0.6,0.2,0.2,0,0.5,10,9.5,10,rrt_20260806_234609_410.png
20260806_234609_581,2026-08-06 23:46:09,True,222,36,15.6,27,0.6,0.2,0.2,0,0.5,10,9.5,10,rrt_20260806_234609_581.png
20260806_234609_763,2026-08-06 23:46:09,True,157,31,16.15221300540336,28,0.6,0.2,0.2,0,0.5,10,9.5,10,rrt_20260806_234609_763.png
20260806_234609_938,2026-08-06 23:46:09,True,258,40,15.220012516371279,27,0.6,0.2,0.2,0,0.5,10,9.5,10,rrt_20260806_234609_938.png
20260806_234611_295,2026-08-06 23:46:11,False,10000,84,0.0,0,0.6,0.2,0.2,0,0.5,10,9.5,10,rrt_20260806_234611_295.png
20260806_234611_546,2026-08-06 23:46:11,True,367,41,16.64592875000153,29,0.6,0.2,0.2,0,0.5,10,9.5,10,rrt_20260806_234611_546.png
20260806_234611_810,2026-08-06 23:46:11,True,355,42,17.944413368465003,31,0.6,0.2,0.2,0,0.5,10,9.5,10,rrt_20260806_234611_810.png
20260806_234612_003,2026-08-06 23:46:12,True,294,31,15.368418701777502,27,0.6,0.2,0.2,0,0.5,10,9.5,10,rrt_20260806_234612_003.png
20260806_234612_893,2026-08-06 23:46:12,False,10000,50,0.0,0,0.6,0.3,0.2,0,0.5,10,9.5,10,rrt_20260806_234612_893.png
20260806_234613_115,2026-08-06 23:46:13,True,163,32,16.199999999999996,28,0.6,0.3,0.2,0,0.5,10,9.5,10,rrt_20260806_234613_115.png
20260806_234613_279,2026-08-06 23:46:13,True,113,30,15.585921844277859,27,0.6,0.3,0.2,0,0.5,10,9.5,10,rrt_20260806_234613_279.png
20260806_234613_439,2026-08-06 23:46:13,True,81,31,15.927956956894219,28,0.6,0.3,0.2,0,0.5,10,9.5,10,rrt_20260806_234613_439.png
20260806_234613_618,2026-08-06 23:46:13,True,338,41,15.423797166743919,27,0.6,0.3,0.2,0,0.5,10,9.5,10,rrt_20260806_234613_618.png
20260806_234613_832,2026-08-06 23:46:13,True,263,41,15.264892023809242,27,0.6,0.3,0.2,0,0.5,10,9.5,10,rrt_20260806_234613_832.png
20260806_234614_087,2026-08-06 23:46:14,True,101,30,15.544245666686805,27,0.6,0.3,0.2,0,0.5,10,9.5,10,rrt_20260806_234614_087.png
20260806_234614_328,2026-08-06 23:46:14,True,742,52,20.4,35,0.6,0.3,0.2,0,0.5,10,9.5,10,rrt_20260806_234614_328.png
20260806_234615_865,2026-08-06 23:46:15,False,10000,99,0.0,0,0.6,0.3,0.2,0,0.5,10,9.5,10,rrt_20260806_234615_865.png
20260806_234616_116,2026-08-06 23:46:16,True,110,35,16.099333928325407,28,0.6,0.3,0.2,0,0.5,10,9.5,10,rrt_20260806_234616_116.png
20260806_234617_056,2026-08-06 23:46:17,False,10000,35,0.0,0,0.6,0.3,0.2,0,0.5,10,9.5,10,rrt_20260806_234617_056.png
20260806_234617_299,2026-08-06 23:46:17,True,573,53,17.229346601626048,30,0.6,0.3,0.2,0,0.5,10,9.5,10,rrt_20260806_234617_299.png
20260806_234617_477,2026-08-06 23:46:17,True,168,39,15.386898894448782,27,0.6,0.3,0.2,0,0.5,10,9.5,10,rrt_20260806_234617_477.png
20260806_234617_698,2026-08-06 23:46:17,True,923,68,19.73230177545648,34,0.6,0.3,0.2,0,0.5,10,9.5,10,rrt_20260806_234617_698.png
20260806_234617_877,2026-08-06 23:46:17,True,203,35,15.594840261189153,27,0.6,0.3,0.2,0,0.5,10,9.5,10,rrt_20260806_234617_877.png
20260806_234618_139,2026-08-06 23:46:18,True,143,37,15.506786990680348,27,0.6,0.3,0.2,0,0.5,10,9.5,10,rrt_20260806_234618_139.png
20260806_234618_307,2026-08-06 23:46:18,True,178,30,15.52577852083117,27,0.6,0.3,0.2,0,0.5,10,9.5,10,rrt_20260806_234618_307.png
20260806_234618_517,2026-08-06 23:46:18,True,66,31,14.61251805188877,26,0.6,0.3,0.2,0,0.5,10,9.5,10,rrt_20260806_234618_517.png
20260806_234618_687,2026-08-06 23:46:18,True,155,34,15.599999999999996,27,0.6,0.3,0.2,0,0.5,10,9.5,10,rrt_20260806_234618_687.png
20260806_234618_851,2026-08-06 23:46:18,True,70,32,15.599999999999994,27,0.6,0.3,0.2,0,0.5,10,9.5,10,rrt_20260806_234618_851.png
20260806_234619_011,2026-08-06 23:46:19,True,139,38,15.56021143192702,27,0.6,0.3,0.2,0,0.5,10,9.5,10,rrt_20260806_234619_011.png
20260806_234619_990,2026-08-06 23:46:19,False,10000,42,0.0,0,0.6,0.3,0.2,0,0.5,10,9.5,10,rrt_20260806_234619_990.png
20260806_234620_204,2026-08-06 23:46:20,True,345,33,16.051165030070944,28,0.6,0.3,0.2,0,0.5,10,9.5,10,rrt_20260806_234620_204.png
20260806_234620_369,2026-08-06 23:46:20,True,124,30,16.2,28,0.6,0.3,0.2,0,0.5,10,9.5,10,rrt_20260806_234620_369.png
20260806_234620_616,2026-08-06 23:46:20,True,377,40,14.999999999999998,26,0.6,0.3,0.2,0,0.5,10,9.5,10,rrt_20260806_234620_616.png
20260806_234621_317,2026-08-06 23:46:21,False,10000,34,0.0,0,0.6,0.3,0.2,0,0.5,10,9.5,10,rrt_20260806_234621_317.png
20260806_234621_523,2026-08-06 23:46:21,True,43,31,14.933722597113867,26,0.6,0.3,0.2,0,0.5,10,9.5,10,rrt_20260806_234621_523.png
20260806_234622_456,2026-08-06 23:46:22,False,10000,37,0.0,0,0.6,0.3,0.2,0,0.5,10,9.5,10,rrt_20260806_234622_456.png
20260806_234622_661,2026-08-06 23:46:22,True,88,36,15.600000000000001,27,0.6,0.3,0.2,0,0.5,10,9.5,10,rrt_20260806_234622_661.png
20260806_234623_705,2026-08-06 23:46:23,False,10000,44,0.0,0,0.6,0.3,0.2,0,0.5,10,9.5,10,rrt_20260806_234623_705.png
20260806_234623_986,2026-08-06 23:46:23,True,868,67,22.074600272791777,38,0.6,0.3,0.2,0,0.5,10,9.5,10,rrt_20260806_234623_986.png
20260806_234624_187,2026-08-06 23:46:24,True,597,52,18.6,32,0.6,0.3,0.2,0,0.5,10,9.5,10,rrt_20260806_234624_187.png
20260806_234625_505,2026-08-06 23:46:25,False,10000,85,0.0,0,0.6,0.3,0.2,0,0.5,10,9.5,10,rrt_20260806_234625_505.png
20260806_234625_807,2026-08-06 23:46:25,True,40,28,14.4,25,0.6,0.3,0.2,0,0.5,10,9.5,10,rrt_20260806_234625_807.png
20260806_234626_025,2026-08-06 23:46:26,True,256,48,17.39999999999999,30,0.6,0.3,0.2,0,0.5,10,9.5,10,rrt_20260806_234626_025.png
20260806_234626_255,2026-08-06 23:46:26,True,152,34,15.599999999999998,27,0.6,0.3,0.2,0,0.5,10,9.5,10,rrt_20260806_234626_255.png
20260806_234627_742,2026-08-06 23:46:27,False,10000,121,0.0,0,0.6,0.3,0.2,0,0.5,10,9.5,10,rrt_20260806_234627_742.png
20260806_234628_049,2026-08-06 23:46:28,True,607,52,15.599999999999994,27,0.6,0.3,0.2,0,0.5,10,9.5,10,rrt_20260806_234628_049.png
20260806_234629_410,2026-08-06 23:46:29,False,10000,88,0.0,0,0.6,0.3,0.2,0,0.5,10,9.5,10,rrt_20260806_234629_410.png
20260806_234629_667,2026-08-06 23:46:29,True,426,47,16.47047130022625,29,0.6,0.3,0.2,0,0.5,10,9.5,10,rrt_20260806_234629_667.png
20260806_234629_883,2026-08-06 23:46:29,True,209,39,15.6,27,0.6,0.3,0.2,0,0.5,10,9.5,10,rrt_20260806_234629_883.png
20260806_234630_107,2026-08-06 23:46:30,True,1171,60,18.279694916157148,32,0.6,0.3,0.2,0,0.5,10,9.5,10,rrt_20260806_234630_107.png
20260806_234630_446,2026-08-06 23:46:30,True,766,65,19.772689198269862,34,0.6,0.3,0.2,0,0.5,10,9.5,10,rrt_20260806_234630_446.png
20260806_234630_645,2026-08-06 23:46:30,True,340,37,15.599999999999998,27,0.6,0.3,0.2,0,0.5,10,9.5,10,rrt_20260806_234630_645.png
20260806_234630_854,2026-08-06 23:46:30,True,225,47,17.245372860486384,30,0.6,0.3,0.2,0,0.5,10,9.5,10,rrt_20260806_234630_854.png
20260806_234631_064,2026-08-06 23:46:31,True,503,56,18.283092999047028,32,0.6,0.3,0.2,0,0.5,10,9.5,10,rrt_20260806_234631_064.png
20260806_234632_399,2026-08-06 23:46:32,False,10000,83,0.0,0,0.6,0.3,0.2,0,0.5,10,9.5,10,rrt_20260806_234632_399.png
20260806_234632_700,2026-08-06 23:46:32,True,1187,70,22.200000000000003,38,0.6,0.3,0.2,0,0.5,10,9.5,10,rrt_20260806_234632_700.png
20260806_234632_903,2026-08-06 23:46:32,True,263,41,16.2,28,0.6,0.3,0.2,0,0.5,10,9.5,10,rrt_20260806_234632_903.png
20260806_234634_297,2026-08-06 23:46:34,False,10000,82,0.0,0,0.6,0.3,0.2,0,0.5,10,9.5,10,rrt_20260806_234634_297.png
20260806_234635_925,2026-08-06 23:46:35,False,10000,113,0.0,0,0.6,0.3,0.2,0,0.5,10,9.5,10,rrt_20260806_234635_925.png
20260806_234636_230,2026-08-06 23:46:36,True,374,46,15.52321209248978,27,0.6,0.3,0.2,0,0.5,10,9.5,10,rrt_20260806_234636_230.png
20260806_234636_398,2026-08-06 23:46:36,True,155,36,15.599999999999993,27,0.6,0.3,0.2,0,0.5,10,9.5,10,rrt_20260806_234636_398.png
20260806_234636_602,2026-08-06 23:46:36,True,613,62,16.77288174589784,29,0.6,0.3,0.2,0,0.5,10,9.5,10,rrt_20260806_234636_602.png
20260806_234636_787,2026-08-06 23:46:36,True,99,34,15.42419721612388,27,0.6,0.3,0.2,0,0.5,10,9.5,10,rrt_20260806_234636_787.png
20260806_234637_730,2026-08-06 23:46:37,False,10000,38,0.0,0,0.6,0.3,0.2,0,0.5,10,9.5,10,rrt_20260806_234637_730.png
20260806_234637_937,2026-08-06 23:46:37,True,114,32,15.43618912325728,27,0.6,0.3,0.2,0,0.5,10,9.5,10,rrt_20260806_234637_937.png
20260806_234638_152,2026-08-06 23:46:38,True,720,40,15.421923800670738,27,0.6,0.3,0.2,0,0.5,10,9.5,10,rrt_20260806_234638_152.png
20260806_234638_392,2026-08-06 23:46:38,True,1067,70,19.8,34,0.6,0.3,0.2,0,0.5,10,9.5,10,rrt_20260806_234638_392.png
20260806_234638_628,2026-08-06 23:46:38,True,839,52,16.47309831329845,29,0.6,0.3,0.2,0,0.5,10,9.5,10,rrt_20260806_234638_628.png
20260806_234639_646,2026-08-06 23:46:39,False,10000,35,0.0,0,0.6,0.3,0.2,0,0.5,10,9.5,10,rrt_20260806_234639_646.png
20260806_234639_856,2026-08-06 23:46:39,True,175,33,15.904871751420945,28,0.6,0.3,0.2,0,0.5,10,9.5,10,rrt_20260806_234639_856.png
20260806_234640_034,2026-08-06 23:46:40,True,228,49,17.19531750107026,30,0.6,0.3,0.2,0,0.5,10,9.5,10,rrt_20260806_234640_034.png
20260806_234640_258,2026-08-06 23:46:40,True,154,36,15.247319464843642,27,0.6,0.3,0.2,0,0.5,10,9.5,10,rrt_20260806_234640_258.png
20260806_234640_424,2026-08-06 23:46:40,True,248,29,15.574446609253584,27,0.6,0.3,0.2,0,0.5,10,9.5,10,rrt_20260806_234640_424.png
20260806_234640_617,2026-08-06 23:46:40,True,658,33,15.83519739556603,28,0.6,0.3,0.2,0,0.5,10,9.5,10,rrt_20260806_234640_617.png
20260806_234640_796,2026-08-06 23:46:40,True,260,38,16.187573091616475,28,0.6,0.3,0.2,0,0.5,10,9.5,10,rrt_20260806_234640_796.png
20260806_234640_983,2026-08-06 23:46:40,True,94,32,16.42246613155067,29,0.6,0.3,0.2,0,0.5,10,9.5,10,rrt_20260806_234640_983.png
20260806_234641_166,2026-08-06 23:46:41,True,429,38,16.409066562800774,29,0.6,0.3,0.2,0,0.5,10,9.5,10,rrt_20260806_234641_166.png
20260806_234642_555,2026-08-06 23:46:42,False,10000,85,0.0,0,0.6,0.3,0.2,0,0.5,10,9.5,10,rrt_20260806_234642_555.png
20260806_234643_411,2026-08-06 23:46:43,False,10000,39,0.0,0,0.6,0.3,0.2,0,0.5,10,9.5,10,rrt_20260806_234643_411.png
20260806_234643_635,2026-08-06 23:46:43,True,210,39,14.631680989569384,26,0.6,0.3,0.2,0,0.5,10,9.5,10,rrt_20260806_234643_635.png
20260806_234644_380,2026-08-06 23:46:44,False,10000,35,0.0,0,0.6,0.3,0.2,0,0.5,10,9.5,10,rrt_20260806_234644_380.png
20260806_234644_596,2026-08-06 23:46:44,True,164,35,15.870217391516839,28,0.6,0.3,0.2,0,0.5,10,9.5,10,rrt_20260806_234644_596.png
20260806_234644_858,2026-08-06 23:46:44,True,755,63,15.56616347267561,27,0.6,0.3,0.2,0,0.5,10,9.5,10,rrt_20260806_234644_858.png
20260806_234645_067,2026-08-06 23:46:45,True,94,31,14.98081789239088,26,0.6,0.3,0.2,0,0.5,10,9.5,10,rrt_20260806_234645_067.png
20260806_234646_662,2026-08-06 23:46:46,False,10000,99,0.0,0,0.6,0.3,0.2,0,0.5,10,9.5,10,rrt_20260806_234646_662.png
20260806_234646_990,2026-08-06 23:46:46,True,966,57,16.199999999999996,28,0.6,0.3,0.2,0,0.5,10,9.5,10,rrt_20260806_234646_990.png
20260806_234647_171,2026-08-06 23:46:47,True,141,34,14.958105817341162,26,0.6,0.3,0.2,0,0.5,10,9.5,10,rrt_20260806_234647_171.png
20260806_234647_341,2026-08-06 23:46:47,True,241,40,17.046750637877714,30,0.6,0.3,0.2,0,0.5,10,9.5,10,rrt_20260806_234647_341.png
20260806_234647_530,2026-08-06 23:46:47,True,453,46,16.48492691749333,29,0.6,0.3,0.2,0,0.5,10,9.5,10,rrt_20260806_234647_530.png
20260806_234648_322,2026-08-06 23:46:48,False,10000,36,0.0,0,0.6,0.3,0.2,0,0.5,10,9.5,10,rrt_20260806_234648_322.png
20260806_234648_772,2026-08-06 23:46:48,True,2599,73,20.4,35,0.6,0.3,0.2,0,0.5,10,9.5,10,rrt_20260806_234648_772.png
20260806_234648_967,2026-08-06 23:46:48,True,79,30,14.248140809904907,25,0.6,0.3,0.2,0,0.5,10,9.5,10,rrt_20260806_234648_967.png
20260806_234649_704,2026-08-06 23:46:49,False,10000,37,0.0,0,0.6,0.3,0.2,0,0.5,10,9.5,10,rrt_20260806_234649_704.png
20260806_234651_124,2026-08-06 23:46:51,False,10000,89,0.0,0,0.6,0.3,0.2,0,0.5,10,9.5,10,rrt_20260806_234651_124.png
20260806_234652_170,2026-08-06 23:46:52,False,10000,52,0.0,0,0.6,0.3,0.2,0,0.5,10,9.5,10,rrt_20260806_234652_170.png
20260806_234652_446,2026-08-06 23:46:52,True,872,54,15.547143238562253,27,0.6,0.3,0.2,0,0.5,10,9.5,10,rrt_20260806_234652_446.png
20260806_234652_643,2026-08-06 23:46:52,True,404,43,15.814087209494552,28,0.6,0.3,0.2,0,0.5,10,9.5,10,rrt_20260806_234652_643.png
20260806_234652_816,2026-08-06 23:46:52,True,174,33,15.445254262458507,27,0.6,0.3,0.2,0,0.5,10,9.5,10,rrt_20260806_234652_816.png
20260806_234653_607,2026-08-06 23:46:53,False,10000,40,0.0,0,0.6,0.3,0.2,0,0.5,10,9.5,10,rrt_20260806_234653_607.png
20260806_234653_920,2026-08-06 23:46:53,True,303,37,15.889611712249797,28,0.6,0.3,0.2,0,0.5,10,9.5,10,rrt_20260806_234653_920.png
20260806_234654_133,2026-08-06 23:46:54,True,194,41,16.78697499291054,29,0.6,0.3,0.2,0,0.5,10,9.5,10,rrt_20260806_234654_133.png
20260806_234654_323,2026-08-06 23:46:54,True,148,29,14.999999999999996,26,0.6,0.3,0.2,0,0.5,10,9.5,10,rrt_20260806_234654_323.png
20260806_234654_509,2026-08-06 23:46:54,True,235,38,14.610873829459972,26,0.6,0.3,0.2,0,0.5,10,9.5,10,rrt_20260806_234654_509.png
20260806_234654_761,2026-08-06 23:46:54,True,48,32,15.48182342561931,27,0.6,0.3,0.2,0,0.5,10,9.5,10,rrt_20260806_234654_761.png
20260806_234654_955,2026-08-06 23:46:54,True,128,35,15.514379026494144,27,0.6,0.3,0.2,0,0.5,10,9.5,10,rrt_20260806_234654_955.png
20260806_234655_982,2026-08-06 23:46:55,False,10000,43,0.0,0,0.6,0.3,0.2,0,0.5,10,9.5,10,rrt_20260806_234655_982.png
20260806_234656_232,2026-08-06 23:46:56,True,81,29,14.955691697213396,26,0.6,0.3,0.2,0,0.5,10,9.5,10,rrt_20260806_234656_232.png
20260806_234656_390,2026-08-06 23:46:56,True,77,29,14.998822100127141,26,0.6,0.3,0.2,0,0.5,10,9.5,10,rrt_20260806_234656_390.png
20260806_234658_082,2026-08-06 23:46:58,False,10000,122,0.0,0,0.6,0.4,0.2,0,0.5,10,9.5,10,rrt_20260806_234658_082.png
20260806_234658_325,2026-08-06 23:46:58,True,170,38,16.42424021630485,29,0.6,0.4,0.2,0,0.5,10,9.5,10,rrt_20260806_234658_325.png
20260806_234658_492,2026-08-06 23:46:58,True,114,32,16.199999999999996,28,0.6,0.4,0.2,0,0.5,10,9.5,10,rrt_20260806_234658_492.png
20260806_234700_200,2026-08-06 23:47:00,False,10000,122,0.0,0,0.6,0.4,0.2,0,0.5,10,9.5,10,rrt_20260806_234700_200.png
20260806_234700_518,2026-08-06 23:47:00,True,221,36,15.599999999999993,27,0.6,0.4,0.2,0,0.5,10,9.5,10,rrt_20260806_234700_518.png
20260806_234700_690,2026-08-06 23:47:00,True,113,34,15.599999999999996,27,0.6,0.4,0.2,0,0.5,10,9.5,10,rrt_20260806_234700_690.png
20260806_234700_870,2026-08-06 23:47:00,True,99,31,16.199999999999996,28,0.6,0.4,0.2,0,0.5,10,9.5,10,rrt_20260806_234700_870.png
20260806_234701_057,2026-08-06 23:47:01,True,380,53,16.199999999999992,28,0.6,0.4,0.2,0,0.5,10,9.5,10,rrt_20260806_234701_057.png
20260806_234702_357,2026-08-06 23:47:02,False,10000,81,0.0,0,0.6,0.4,0.2,0,0.5,10,9.5,10,rrt_20260806_234702_357.png
20260806_234702_634,2026-08-06 23:47:02,True,311,50,18.91858213985736,33,0.6,0.4,0.2,0,0.5,10,9.5,10,rrt_20260806_234702_634.png
20260806_234702_812,2026-08-06 23:47:02,True,269,51,17.4,30,0.6,0.4,0.2,0,0.5,10,9.5,10,rrt_20260806_234702_812.png
20260806_234702_985,2026-08-06 23:47:02,True,143,35,15.550465311284364,27,0.6,0.4,0.2,0,0.5,10,9.5,10,rrt_20260806_234702_985.png
20260806_234703_286,2026-08-06 23:47:03,True,1627,78,19.49801544634941,34,0.6,0.4,0.2,0,0.5,10,9.5,10,rrt_20260806_234703_286.png
20260806_234703_501,2026-08-06 23:47:03,True,101,35,16.120665290926873,28,0.6,0.4,0.2,0,0.5,10,9.5,10,rrt_20260806_234703_501.png
20260806_234703_672,2026-08-06 23:47:03,True,141,37,15.44192616856323,27,0.6,0.4,0.2,0,0.5,10,9.5,10,rrt_20260806_234703_672.png
20260806_234703_834,2026-08-06 23:47:03,True,134,33,14.655988970313027,26,0.6,0.4,0.2,0,0.5,10,9.5,10,rrt_20260806_234703_834.png
20260806_234704_036,2026-08-06 23:47:04,True,101,31,15.224908354157073,27,0.6,0.4,0.2,0,0.5,10,9.5,10,rrt_20260806_234704_036.png
20260806_234704_214,2026-08-06 23:47:04,True,164,34,15.599999999999996,27,0.6,0.4,0.2,0,0.5,10,9.5,10,rrt_20260806_234704_214.png
20260806_234705_671,2026-08-06 23:47:05,False,10000,80,0.0,0,0.6,0.4,0.2,0,0.5,10,9.5,10,rrt_20260806_234705_671.png
20260806_234705_899,2026-08-06 23:47:05,True,57,33,15.47642104625009,27,0.6,0.4,0.2,0,0.5,10,9.5,10,rrt_20260806_234705_899.png
20260806_234706_072,2026-08-06 23:47:06,True,139,40,17.270625930335964,30,0.6,0.4,0.2,0,0.5,10,9.5,10,rrt_20260806_234706_072.png
20260806_234706_234,2026-08-06 23:47:06,True,63,33,15.862554271458903,28,0.6,0.4,0.2,0,0.5,10,9.5,10,rrt_20260806_234706_234.png
20260806_234706_433,2026-08-06 23:47:06,True,98,37,15.800900525225671,28,0.6,0.4,0.2,0,0.5,10,9.5,10,rrt_20260806_234706_433.png
20260806_234706_630,2026-08-06 23:47:06,True,186,40,16.129150665107563,28,0.6,0.4,0.2,0,0.5,10,9.5,10,rrt_20260806_234706_630.png
20260806_234706_896,2026-08-06 23:47:06,True,1479,59,17.999999999999993,31,0.6,0.4,0.2,0,0.5,10,9.5,10,rrt_20260806_234706_896.png
20260806_234707_078,2026-08-06 23:47:07,True,212,34,16.14267226242018,28,0.6,0.4,0.2,0,0.5,10,9.5,10,rrt_20260806_234707_078.png
20260806_234707_241,2026-08-06 23:47:07,True,118,37,14.999999999999995,26,0.6,0.4,0.2,0,0.5,10,9.5,10,rrt_20260806_234707_241.png
20260806_234708_225,2026-08-06 23:47:08,False,10000,40,0.0,0,0.6,0.4,0.2,0,0.5,10,9.5,10,rrt_20260806_234708_225.png
20260806_234708_439,2026-08-06 23:47:08,True,81,33,14.611861345194754,26,0.6,0.4,0.2,0,0.5,10,9.5,10,rrt_20260806_234708_439.png
20260806_234708_639,2026-08-06 23:47:08,True,169,36,15.868178499148332,28,0.6,0.4,0.2,0,0.5,10,9.5,10,rrt_20260806_234708_639.png
20260806_234708_826,2026-08-06 23:47:08,True,102,34,15.580223561079848,27,0.6,0.4,0.2,0,0.5,10,9.5,10,rrt_20260806_234708_826.png
20260806_234709_064,2026-08-06 23:47:09,True,87,32,14.999999999999998,26,0.6,0.4,0.2,0,0.5,10,9.5,10,rrt_20260806_234709_064.png
20260806_234709_281,2026-08-06 23:47:09,True,163,38,15.952413590387458,28,0.6,0.4,0.2,0,0.5,10,9.5,10,rrt_20260806_234709_281.png
20260806_234709_475,2026-08-06 23:47:09,True,182,44,16.763997885600556,29,0.6,0.4,0.2,0,0.5,10,9.5,10,rrt_20260806_234709_475.png
20260806_234709_648,2026-08-06 23:47:09,True,117,34,15.215494257766526,27,0.6,0.4,0.2,0,0.5,10,9.5,10,rrt_20260806_234709_648.png
20260806_234709_810,2026-08-06 23:47:09,True,107,34,15.599999999999998,27,0.6,0.4,0.2,0,0.5,10,9.5,10,rrt_20260806_234709_810.png
20260806_234711_197,2026-08-06 23:47:11,False,10000,84,0.0,0,0.6,0.4,0.2,0,0.5,10,9.5,10,rrt_20260806_234711_197.png
20260806_234711_442,2026-08-06 23:47:11,True,288,38,16.199999999999992,28,0.6,0.4,0.2,0,0.5,10,9.5,10,rrt_20260806_234711_442.png
20260806_234711_624,2026-08-06 23:47:11,True,233,33,15.599999999999996,27,0.6,0.4,0.2,0,0.5,10,9.5,10,rrt_20260806_234711_624.png
20260806_234711_825,2026-08-06 23:47:11,True,59,30,14.923187725382906,26,0.6,0.4,0.2,0,0.5,10,9.5,10,rrt_20260806_234711_825.png
20260806_234712_000,2026-08-06 23:47:12,True,226,36,14.9044368619475,26,0.6,0.4,0.2,0,0.5,10,9.5,10,rrt_20260806_234712_000.png
20260806_234712_168,2026-08-06 23:47:12,True,123,38,14.655644087952238,26,0.6,0.4,0.2,0,0.5,10,9.5,10,rrt_20260806_234712_168.png
20260806_234712_364,2026-08-06 23:47:12,True,474,68,16.42441577539673,29,0.6,0.4,0.2,0,0.5,10,9.5,10,rrt_20260806_234712_364.png
20260806_234712_578,2026-08-06 23:47:12,True,91,33,14.999999999999995,26,0.6,0.4,0.2,0,0.5,10,9.5,10,rrt_20260806_234712_578.png
20260806_234713_850,2026-08-06 23:47:13,False,10000,82,0.0,0,0.6,0.4,0.2,0,0.5,10,9.5,10,rrt_20260806_234713_850.png
20260806_234714_099,2026-08-06 23:47:14,True,236,41,15.404275125316497,27,0.6,0.4,0.2,0,0.5,10,9.5,10,rrt_20260806_234714_099.png
20260806_234714_263,2026-08-06 23:47:14,True,86,35,15.0,26,0.6,0.4,0.2,0,0.5,10,9.5,10,rrt_20260806_234714_263.png
20260806_234715_648,2026-08-06 23:47:15,False,10000,87,0.0,0,0.6,0.4,0.2,0,0.5,10,9.5,10,rrt_20260806_234715_648.png
20260806_234715_977,2026-08-06 23:47:15,True,232,38,15.928612969135187,28,0.6,0.4,0.2,0,0.5,10,9.5,10,rrt_20260806_234715_977.png
20260806_234716_149,2026-08-06 23:47:16,True,178,37,16.472651556490078,29,0.6,0.4,0.2,0,0.5,10,9.5,10,rrt_20260806_234716_149.png
20260806_234716_964,2026-08-06 23:47:16,False,10000,42,0.0,0,0.6,0.4,0.2,0,0.5,10,9.5,10,rrt_20260806_234716_964.png
20260806_234718_473,2026-08-06 23:47:18,False,10000,112,0.0,0,0.6,0.4,0.2,0,0.5,10,9.5,10,rrt_20260806_234718_473.png
20260806_234718_699,2026-08-06 23:47:18,True,51,35,14.37796099748909,25,0.6,0.4,0.2,0,0.5,10,9.5,10,rrt_20260806_234718_699.png
20260806_234718_889,2026-08-06 23:47:18,True,70,34,15.599999999999994,27,0.6,0.4,0.2,0,0.5,10,9.5,10,rrt_20260806_234718_889.png
20260806_234719_053,2026-08-06 23:47:19,True,137,36,14.673500979047148,26,0.6,0.4,0.2,0,0.5,10,9.5,10,rrt_20260806_234719_053.png
20260806_234719_273,2026-08-06 23:47:19,True,144,30,14.696842740905867,26,0.6,0.4,0.2,0,0.5,10,9.5,10,rrt_20260806_234719_273.png
20260806_234719_507,2026-08-06 23:47:19,True,168,39,16.025325241936347,28,0.6,0.4,0.2,0,0.5,10,9.5,10,rrt_20260806_234719_507.png
20260806_234719_761,2026-08-06 23:47:19,True,133,34,15.599999999999994,27,0.6,0.4,0.2,0,0.5,10,9.5,10,rrt_20260806_234719_761.png
20260806_234719_941,2026-08-06 23:47:19,True,250,51,15.267545245982948,27,0.6,0.4,0.2,0,0.5,10,9.5,10,rrt_20260806_234719_941.png
20260806_234720_127,2026-08-06 23:47:20,True,378,47,16.192537570103088,28,0.6,0.4,0.2,0,0.5,10,9.5,10,rrt_20260806_234720_127.png
20260806_234720_322,2026-08-06 23:47:20,True,410,47,15.599999999999998,27,0.6,0.4,0.2,0,0.5,10,9.5,10,rrt_20260806_234720_322.png
20260806_234720_587,2026-08-06 23:47:20,True,434,54,16.199999999999996,28,0.6,0.4,0.2,0,0.5,10,9.5,10,rrt_20260806_234720_587.png
20260806_234720_787,2026-08-06 23:47:20,True,259,46,17.641927556141948,31,0.6,0.4,0.2,0,0.5,10,9.5,10,rrt_20260806_234720_787.png
20260806_234720_983,2026-08-06 23:47:20,True,125,34,14.910245411667821,26,0.6,0.4,0.2,0,0.5,10,9.5,10,rrt_20260806_234720_983.png
20260806_234721_150,2026-08-06 23:47:21,True,113,32,15.599999999999998,27,0.6,0.4,0.2,0,0.5,10,9.5,10,rrt_20260806_234721_150.png
20260806_234721_309,2026-08-06 23:47:21,True,62,32,15.364406186013667,27,0.6,0.4,0.2,0,0.5,10,9.5,10,rrt_20260806_234721_309.png
20260806_234722_661,2026-08-06 23:47:22,False,10000,85,0.0,0,0.6,0.4,0.2,0,0.5,10,9.5,10,rrt_20260806_234722_661.png
20260806_234722_912,2026-08-06 23:47:22,True,66,30,14.82898123330621,26,0.6,0.4,0.2,0,0.5,10,9.5,10,rrt_20260806_234722_912.png
20260806_234723_075,2026-08-06 23:47:23,True,51,32,15.0,26,0.6,0.4,0.2,0,0.5,10,9.5,10,rrt_20260806_234723_075.png
20260806_234723_243,2026-08-06 23:47:23,True,128,35,16.2,28,0.6,0.4,0.2,0,0.5,10,9.5,10,rrt_20260806_234723_243.png
20260806_234723_408,2026-08-06 23:47:23,True,127,39,17.263362933223394,30,0.6,0.4,0.2,0,0.5,10,9.5,10,rrt_20260806_234723_408.png
20260806_234724_347,2026-08-06 23:47:24,False,10000,36,0.0,0,0.6,0.4,0.2,0,0.5,10,9.5,10,rrt_20260806_234724_347.png
20260806_234724_565,2026-08-06 23:47:24,True,189,41,16.779476514234897,29,0.6,0.4,0.2,0,0.5,10,9.5,10,rrt_20260806_234724_565.png
20260806_234724_764,2026-08-06 23:47:24,True,63,35,15.512072619080513,27,0.6,0.4,0.2,0,0.5,10,9.5,10,rrt_20260806_234724_764.png
20260806_234724_939,2026-08-06 23:47:24,True,220,49,15.22059753898056,27,0.6,0.4,0.2,0,0.5,10,9.5,10,rrt_20260806_234724_939.png
20260806_234725_164,2026-08-06 23:47:25,True,365,56,17.754856143398513,31,0.6,0.4,0.2,0,0.5,10,9.5,10,rrt_20260806_234725_164.png
20260806_234726_107,2026-08-06 23:47:26,False,10000,53,0.0,0,0.6,0.4,0.2,0,0.5,10,9.5,10,rrt_20260806_234726_107.png
20260806_234726_335,2026-08-06 23:47:26,True,346,45,17.4,30,0.6,0.4,0.2,0,0.5,10,9.5,10,rrt_20260806_234726_335.png
20260806_234726_503,2026-08-06 23:47:26,True,131,37,15.460296819904867,27,0.6,0.4,0.2,0,0.5,10,9.5,10,rrt_20260806_234726_503.png
20260806_234727_319,2026-08-06 23:47:27,False,10000,38,0.0,0,0.6,0.4,0.2,0,0.5,10,9.5,10,rrt_20260806_234727_319.png
20260806_234727_528,2026-08-06 23:47:27,True,96,35,15.98942886985147,28,0.6,0.4,0.2,0,0.5,10,9.5,10,rrt_20260806_234727_528.png
20260806_234727_691,2026-08-06 23:47:27,True,62,29,14.946756322364909,26,0.6,0.4,0.2,0,0.5,10,9.5,10,rrt_20260806_234727_691.png
20260806_234728_642,2026-08-06 23:47:28,False,10000,53,0.0,0,0.6,0.4,0.2,0,0.5,10,9.5,10,rrt_20260806_234728_642.png
20260806_234728_863,2026-08-06 23:47:28,True,119,36,16.013348694935335,28,0.6,0.4,0.2,0,0.5,10,9.5,10,rrt_20260806_234728_863.png
20260806_234729_884,2026-08-06 23:47:29,False,10000,41,0.0,0,0.6,0.4,0.2,0,0.5,10,9.5,10,rrt_20260806_234729_884.png
20260806_234730_151,2026-08-06 23:47:30,True,199,39,16.163358027226348,28,0.6,0.4,0.2,0,0.5,10,9.5,10,rrt_20260806_234730_151.png
20260806_234730_334,2026-08-06 23:47:30,True,141,38,15.813789239728793,28,0.6,0.4,0.2,0,0.5,10,9.5,10,rrt_20260806_234730_334.png
20260806_234730_500,2026-08-06 23:47:30,True,106,36,15.250325191419046,27,0.6,0.4,0.2,0,0.5,10,9.5,10,rrt_20260806_234730_500.png
20260806_234731_410,2026-08-06 23:47:31,False,10000,35,0.0,0,0.6,0.4,0.2,0,0.5,10,9.5,10,rrt_20260806_234731_410.png
20260806_234731_618,2026-08-06 23:47:31,True,147,34,16.0033931515736,28,0.6,0.4,0.2,0,0.5,10,9.5,10,rrt_20260806_234731_618.png
20260806_234731_793,2026-08-06 23:47:31,True,312,42,16.799999999999997,29,0.6,0.4,0.2,0,0.5,10,9.5,10,rrt_20260806_234731_793.png
20260806_234732_048,2026-08-06 23:47:32,True,560,67,21.203166032612756,37,0.6,0.4,0.2,0,0.5,10,9.5,10,rrt_20260806_234732_048.png
20260806_234732_231,2026-08-06 23:47:32,True,273,42,16.799999999999997,29,0.6,0.4,0.2,0,0.5,10,9.5,10,rrt_20260806_234732_231.png
20260806_234733_281,2026-08-06 23:47:33,False,10000,51,0.0,0,0.6,0.4,0.2,0,0.5,10,9.5,10,rrt_20260806_234733_281.png
20260806_234734_322,2026-08-06 23:47:34,False,10000,43,0.0,0,0.6,0.4,0.2,0,0.5,10,9.5,10,rrt_20260806_234734_322.png
20260806_234735_196,2026-08-06 23:47:35,False,10000,43,0.0,0,0.6,0.4,0.2,0,0.5,10,9.5,10,rrt_20260806_234735_196.png
20260806_234735_461,2026-08-06 23:47:35,True,356,56,16.2,28,0.6,0.4,0.2,0,0.5,10,9.5,10,rrt_20260806_234735_461.png
20260806_234735_708,2026-08-06 23:47:35,True,1138,57,15.483986371350685,27,0.6,0.4,0.2,0,0.5,10,9.5,10,rrt_20260806_234735_708.png
20260806_234735_883,2026-08-06 23:47:35,True,120,30,15.386432758494596,27,0.6,0.4,0.2,0,0.5,10,9.5,10,rrt_20260806_234735_883.png
20260806_234737_280,2026-08-06 23:47:37,False,10000,77,0.0,0,0.6,0.4,0.2,0,0.5,10,9.5,10,rrt_20260806_234737_280.png
20260806_234737_522,2026-08-06 23:47:37,True,91,38,15.506950178130246,27,0.6,0.5,0.2,0,0.5,10,9.5,10,rrt_20260806_234737_522.png
20260806_234738_415,2026-08-06 23:47:38,False,10000,35,0.0,0,0.6,0.5,0.2,0,0.5,10,9.5,10,rrt_20260806_234738_415.png
20260806_234738_702,2026-08-06 23:47:38,True,164,38,15.806977999324584,28,0.6,0.5,0.2,0,0.5,10,9.5,10,rrt_20260806_234738_702.png
20260806_234738_891,2026-08-06 23:47:38,True,411,59,17.71546366151648,31,0.6,0.5,0.2,0,0.5,10,9.5,10,rrt_20260806_234738_891.png
20260806_234739_153,2026-08-06 23:47:39,True,603,68,18.453589294847767,32,0.6,0.5,0.2,0,0.5,10,9.5,10,rrt_20260806_234739_153.png
20260806_234739_426,2026-08-06 23:47:39,True,352,56,18.42154668381696,32,0.6,0.5,0.2,0,0.5,10,9.5,10,rrt_20260806_234739_426.png
20260806_234739_637,2026-08-06 23:47:39,True,148,39,16.168971416862313,28,0.6,0.5,0.2,0,0.5,10,9.5,10,rrt_20260806_234739_637.png
20260806_234739_815,2026-08-06 23:47:39,True,97,34,15.561853948805627,27,0.6,0.5,0.2,0,0.5,10,9.5,10,rrt_20260806_234739_815.png
20260806_234740_029,2026-08-06 23:47:40,True,193,45,17.836609500352544,31,0.6,0.5,0.2,0,0.5,10,9.5,10,rrt_20260806_234740_029.png
20260806_234740_207,2026-08-06 23:47:40,True,162,44,16.02809954647163,28,0.6,0.5,0.2,0,0.5,10,9.5,10,rrt_20260806_234740_207.png
20260806_234741_086,2026-08-06 23:47:41,False,10000,41,0.0,0,0.6,0.5,0.2,0,0.5,10,9.5,10,rrt_20260806_234741_086.png
20260806_234742_031,2026-08-06 23:47:42,False,10000,36,0.0,0,0.6,0.5,0.2,0,0.5,10,9.5,10,rrt_20260806_234742_031.png
20260806_234743_413,2026-08-06 23:47:43,False,10000,84,0.0,0,0.6,0.5,0.2,0,0.5,10,9.5,10,rrt_20260806_234743_413.png
20260806_234743_695,2026-08-06 23:47:43,True,572,40,15.286279387607973,27,0.6,0.5,0.2,0,0.5,10,9.5,10,rrt_20260806_234743_695.png
20260806_234743_875,2026-08-06 23:47:43,True,207,41,15.599999999999998,27,0.6,0.5,0.2,0,0.5,10,9.5,10,rrt_20260806_234743_875.png
20260806_234744_047,2026-08-06 23:47:44,True,90,34,15.222741538558072,27,0.6,0.5,0.2,0,0.5,10,9.5,10,rrt_20260806_234744_047.png
20260806_234744_230,2026-08-06 23:47:44,True,438,51,18.818611587038312,33,0.6,0.5,0.2,0,0.5,10,9.5,10,rrt_20260806_234744_230.png
20260806_234744_423,2026-08-06 23:47:44,True,476,52,16.2,28,0.6,0.5,0.2,0,0.5,10,9.5,10,rrt_20260806_234744_423.png
20260806_234744_658,2026-08-06 23:47:44,True,375,51,16.2,28,0.6,0.5,0.2,0,0.5,10,9.5,10,rrt_20260806_234744_658.png
20260806_234745_582,2026-08-06 23:47:45,False,10000,43,0.0,0,0.6,0.5,0.2,0,0.5,10,9.5,10,rrt_20260806_234745_582.png
20260806_234745_902,2026-08-06 23:47:45,True,764,77,17.740617608781804,31,0.6,0.5,0.2,0,0.5,10,9.5,10,rrt_20260806_234745_902.png
20260806_234746_840,2026-08-06 23:47:46,False,10000,37,0.0,0,0.6,0.5,0.2,0,0.5,10,9.5,10,rrt_20260806_234746_840.png
20260806_234747_051,2026-08-06 23:47:47,True,57,35,14.812166457205896,26,0.6,0.5,0.2,0,0.5,10,9.5,10,rrt_20260806_234747_051.png
20260806_234747_212,2026-08-06 23:47:47,True,96,37,15.597651181562494,27,0.6,0.5,0.2,0,0.5,10,9.5,10,rrt_20260806_234747_212.png
20260806_234747_380,2026-08-06 23:47:47,True,167,40,16.68505441894131,29,0.6,0.5,0.2,0,0.5,10,9.5,10,rrt_20260806_234747_380.png
20260806_234747_552,2026-08-06 23:47:47,True,115,37,15.0,26,0.6,0.5,0.2,0,0.5,10,9.5,10,rrt_20260806_234747_552.png
20260806_234747_753,2026-08-06 23:47:47,True,209,54,17.35250434189262,30,0.6,0.5,0.2,0,0.5,10,9.5,10,rrt_20260806_234747_753.png
20260806_234747_918,2026-08-06 23:47:47,True,41,29,14.999999999999996,26,0.6,0.5,0.2,0,0.5,10,9.5,10,rrt_20260806_234747_918.png
20260806_234748_134,2026-08-06 23:47:48,True,342,49,15.566286937656683,27,0.6,0.5,0.2,0,0.5,10,9.5,10,rrt_20260806_234748_134.png
20260806_234748_311,2026-08-06 23:47:48,True,276,51,15.322899998972503,27,0.6,0.5,0.2,0,0.5,10,9.5,10,rrt_20260806_234748_311.png
20260806_234749_772,2026-08-06 23:47:49,False,10000,94,0.0,0,0.6,0.5,0.2,0,0.5,10,9.5,10,rrt_20260806_234749_772.png
20260806_234750_015,2026-08-06 23:47:50,True,86,35,15.927025951734668,28,0.6,0.5,0.2,0,0.5,10,9.5,10,rrt_20260806_234750_015.png
20260806_234750_230,2026-08-06 23:47:50,True,314,57,17.399999999999995,30,0.6,0.5,0.2,0,0.5,10,9.5,10,rrt_20260806_234750_230.png
20260806_234750_405,2026-08-06 23:47:50,True,137,38,16.778267212700456,29,0.6,0.5,0.2,0,0.5,10,9.5,10,rrt_20260806_234750_405.png
20260806_234750_588,2026-08-06 23:47:50,True,175,45,16.199999999999996,28,0.6,0.5,0.2,0,0.5,10,9.5,10,rrt_20260806_234750_588.png
20260806_234750_791,2026-08-06 23:47:50,True,114,32,15.247200340975116,27,0.6,0.5,0.2,0,0.5,10,9.5,10,rrt_20260806_234750_791.png
20260806_234752_169,2026-08-06 23:47:52,False,10000,89,0.0,0,0.6,0.5,0.2,0,0.5,10,9.5,10,rrt_20260806_234752_169.png
20260806_234752_459,2026-08-06 23:47:52,True,78,38,16.027430895334653,28,0.6,0.5,0.2,0,0.5,10,9.5,10,rrt_20260806_234752_459.png
20260806_234752_654,2026-08-06 23:47:52,True,191,38,16.471509712783163,29,0.6,0.5,0.2,0,0.5,10,9.5,10,rrt_20260806_234752_654.png
20260806_234752_865,2026-08-06 23:47:52,True,484,81,18.504072288183032,32,0.6,0.5,0.2,0,0.5,10,9.5,10,rrt_20260806_234752_865.png
20260806_234753_045,2026-08-06 23:47:53,True,217,36,15.599999999999994,27,0.6,0.5,0.2,0,0.5,10,9.5,10,rrt_20260806_234753_045.png
20260806_234753_257,2026-08-06 23:47:53,True,584,72,17.38393967627327,30,0.6,0.5,0.2,0,0.5,10,9.5,10,rrt_20260806_234753_257.png
20260806_234753_439,2026-08-06 23:47:53,True,161,36,17.363481569798,30,0.6,0.5,0.2,0,0.5,10,9.5,10,rrt_20260806_234753_439.png
20260806_234754_802,2026-08-06 23:47:54,False,10000,83,0.0,0,0.6,0.5,0.2,0,0.5,10,9.5,10,rrt_20260806_234754_802.png
20260806_234755_059,2026-08-06 23:47:55,True,99,40,14.999999999999996,26,0.6,0.5,0.2,0,0.5,10,9.5,10,rrt_20260806_234755_059.png
20260806_234755_271,2026-08-06 23:47:55,True,651,67,19.163620964032404,33,0.6,0.5,0.2,0,0.5,10,9.5,10,rrt_20260806_234755_271.png
20260806_234755_486,2026-08-06 23:47:55,True,116,42,17.399999999999988,30,0.6,0.5,0.2,0,0.5,10,9.5,10,rrt_20260806_234755_486.png
20260806_234755_670,2026-08-06 23:47:55,True,193,47,14.767210764536548,26,0.6,0.5,0.2,0,0.5,10,9.5,10,rrt_20260806_234755_670.png
20260806_234755_849,2026-08-06 23:47:55,True,126,39,15.599999999999996,27,0.6,0.5,0.2,0,0.5,10,9.5,10,rrt_20260806_234755_849.png
20260806_234756_027,2026-08-06 23:47:56,True,110,40,16.07182560095447,28,0.6,0.5,0.2,0,0.5,10,9.5,10,rrt_20260806_234756_027.png
20260806_234756_196,2026-08-06 23:47:56,True,132,41,18.41467451115005,32,0.6,0.5,0.2,0,0.5,10,9.5,10,rrt_20260806_234756_196.png
20260806_234756_403,2026-08-06 23:47:56,True,116,35,15.364744280094714,27,0.6,0.5,0.2,0,0.5,10,9.5,10,rrt_20260806_234756_403.png
20260806_234757_393,2026-08-06 23:47:57,False,10000,42,0.0,0,0.6,0.5,0.2,0,0.5,10,9.5,10,rrt_20260806_234757_393.png
20260806_234757_622,2026-08-06 23:47:57,True,148,40,15.979237645164266,28,0.6,0.5,0.2,0,0.5,10,9.5,10,rrt_20260806_234757_622.png
20260806_234757_787,2026-08-06 23:47:57,True,65,31,14.96540438287013,26,0.6,0.5,0.2,0,0.5,10,9.5,10,rrt_20260806_234757_787.png
20260806_234758_063,2026-08-06 23:47:58,True,927,74,22.800000000000004,39,0.6,0.5,0.2,0,0.5,10,9.5,10,rrt_20260806_234758_063.png
20260806_234758_250,2026-08-06 23:47:58,True,163,42,16.628764578731413,29,0.6,0.5,0.2,0,0.5,10,9.5,10,rrt_20260806_234758_250.png
20260806_234758_440,2026-08-06 23:47:58,True,73,37,15.35986503408616,27,0.6,0.5,0.2,0,0.5,10,9.5,10,rrt_20260806_234758_440.png
20260806_234758_601,2026-08-06 23:47:58,True,47,29,14.790378113370524,26,0.6,0.5,0.2,0,0.5,10,9.5,10,rrt_20260806_234758_601.png
20260806_234758_879,2026-08-06 23:47:58,True,1443,74,19.800000000000004,34,0.6,0.5,0.2,0,0.5,10,9.5,10,rrt_20260806_234758_879.png
20260806_234759_101,2026-08-06 23:47:59,True,630,71,17.39999999999999,30,0.6,0.5,0.2,0,0.5,10,9.5,10,rrt_20260806_234759_101.png
20260806_234759_936,2026-08-06 23:47:59,False,10000,29,0.0,0,0.6,0.5,0.2,0,0.5,10,9.5,10,rrt_20260806_234759_936.png
20260806_234801_324,2026-08-06 23:48:01,False,10000,75,0.0,0,0.6,0.5,0.2,0,0.5,10,9.5,10,rrt_20260806_234801_324.png
20260806_234801_587,2026-08-06 23:48:01,True,231,58,16.092615286503428,28,0.6,0.5,0.2,0,0.5,10,9.5,10,rrt_20260806_234801_587.png
20260806_234801_829,2026-08-06 23:48:01,True,223,36,14.999999999999993,26,0.6,0.5,0.2,0,0.5,10,9.5,10,rrt_20260806_234801_829.png
20260806_234801_998,2026-08-06 23:48:01,True,88,36,15.317009964649113,27,0.6,0.5,0.2,0,0.5,10,9.5,10,rrt_20260806_234801_998.png
20260806_234803_389,2026-08-06 23:48:03,False,10000,91,0.0,0,0.6,0.5,0.2,0,0.5,10,9.5,10,rrt_20260806_234803_389.png
20260806_234803_623,2026-08-06 23:48:03,True,83,34,15.517419153194812,27,0.6,0.5,0.2,0,0.5,10,9.5,10,rrt_20260806_234803_623.png
20260806_234803_788,2026-08-06 23:48:03,True,111,34,16.2,28,0.6,0.5,0.2,0,0.5,10,9.5,10,rrt_20260806_234803_788.png
20260806_234805_049,2026-08-06 23:48:05,False,10000,73,0.0,0,0.6,0.5,0.2,0,0.5,10,9.5,10,rrt_20260806_234805_049.png
20260806_234805_485,2026-08-06 23:48:05,True,2439,73,19.722643741781614,34,0.6,0.5,0.2,0,0.5,10,9.5,10,rrt_20260806_234805_485.png
20260806_234805_700,2026-08-06 23:48:05,True,397,48,16.196562010294873,28,0.6,0.5,0.2,0,0.5,10,9.5,10,rrt_20260806_234805_700.png
20260806_234805_916,2026-08-06 23:48:05,True,81,35,15.346652231801512,27,0.6,0.5,0.2,0,0.5,10,9.5,10,rrt_20260806_234805_916.png
20260806_234807_381,2026-08-06 23:48:07,False,10000,96,0.0,0,0.6,0.5,0.2,0,0.5,10,9.5,10,rrt_20260806_234807_381.png
20260806_234807_637,2026-08-06 23:48:07,True,59,38,14.399999999999997,25,0.6,0.5,0.2,0,0.5,10,9.5,10,rrt_20260806_234807_637.png
20260806_234807_806,2026-08-06 23:48:07,True,170,43,18.000000000000004,31,0.6,0.5,0.2,0,0.5,10,9.5,10,rrt_20260806_234807_806.png
20260806_234807_974,2026-08-06 23:48:07,True,141,42,17.956626248039743,31,0.6,0.5,0.2,0,0.5,10,9.5,10,rrt_20260806_234807_974.png
20260806_234808_162,2026-08-06 23:48:08,True,427,55,17.4,30,0.6,0.5,0.2,0,0.5,10,9.5,10,rrt_20260806_234808_162.png
20260806_234808_345,2026-08-06 23:48:08,True,74,36,15.210147886018593,27,0.6,0.5,0.2,0,0.5,10,9.5,10,rrt_20260806_234808_345.png
20260806_234808_516,2026-08-06 23:48:08,True,187,47,15.599999999999996,27,0.6,0.5,0.2,0,0.5,10,9.5,10,rrt_20260806_234808_516.png
20260806_234808_703,2026-08-06 23:48:08,True,71,35,16.199999999999996,28,0.6,0.5,0.2,0,0.5,10,9.5,10,rrt_20260806_234808_703.png
20260806_234809_056,2026-08-06 23:48:09,True,440,76,18.350451767267145,32,0.6,0.5,0.2,0,0.5,10,9.5,10,rrt_20260806_234809_056.png
20260806_234809_268,2026-08-06 23:48:09,True,275,39,15.89480431240193,28,0.6,0.5,0.2,0,0.5,10,9.5,10,rrt_20260806_234809_268.png
20260806_234810_513,2026-08-06 23:48:10,False,10000,74,0.0,0,0.6,0.5,0.2,0,0.5,10,9.5,10,rrt_20260806_234810_513.png
20260806_234810_786,2026-08-06 23:48:10,True,133,41,16.764943621278263,29,0.6,0.5,0.2,0,0.5,10,9.5,10,rrt_20260806_234810_786.png
20260806_234811_107,2026-08-06 23:48:11,True,148,43,16.48864908000675,29,0.6,0.5,0.2,0,0.5,10,9.5,10,rrt_20260806_234811_107.png
20260806_234811_335,2026-08-06 23:48:11,True,357,59,16.799999999999997,29,0.6,0.5,0.2,0,0.5,10,9.5,10,rrt_20260806_234811_335.png
20260806_234811_657,2026-08-06 23:48:11,True,1392,63,17.791656785739168,31,0.6,0.5,0.2,0,0.5,10,9.5,10,rrt_20260806_234811_657.png
20260806_234811_868,2026-08-06 23:48:11,True,255,58,18.599999999999987,32,0.6,0.5,0.2,0,0.5,10,9.5,10,rrt_20260806_234811_868.png
20260806_234812_051,2026-08-06 23:48:12,True,179,44,14.999999999999996,26,0.6,0.5,0.2,0,0.5,10,9.5,10,rrt_20260806_234812_051.png
20260806_234812_300,2026-08-06 23:48:12,True,565,69,19.116655582902034,33,0.6,0.5,0.2,0,0.5,10,9.5,10,rrt_20260806_234812_300.png
20260806_234812_505,2026-08-06 23:48:12,True,138,38,16.773352498391212,29,0.6,0.5,0.2,0,0.5,10,9.5,10,rrt_20260806_234812_505.png
20260806_234812_682,2026-08-06 23:48:12,True,67,40,16.024653540780086,28,0.6,0.5,0.2,0,0.5,10,9.5,10,rrt_20260806_234812_682.png
20260806_234812_898,2026-08-06 23:48:12,True,92,38,16.14294733085121,28,0.6,0.5,0.2,0,0.5,10,9.5,10,rrt_20260806_234812_898.png
20260806_234813_060,2026-08-06 23:48:13,True,72,33,15.451967451822057,27,0.6,0.5,0.2,0,0.5,10,9.5,10,rrt_20260806_234813_060.png
20260806_234813_223,2026-08-06 23:48:13,True,76,30,14.824250561060149,26,0.6,0.5,0.2,0,0.5,10,9.5,10,rrt_20260806_234813_223.png
20260806_234813_467,2026-08-06 23:48:13,True,1347,61,16.63443232097691,29,0.6,0.5,0.2,0,0.5,10,9.5,10,rrt_20260806_234813_467.png
20260806_234813_640,2026-08-06 23:48:13,True,93,32,16.498172981233644,29,0.6,0.5,0.2,0,0.5,10,9.5,10,rrt_20260806_234813_640.png
20260806_234813_812,2026-08-06 23:48:13,True,152,41,16.68980658178117,29,0.6,0.5,0.2,0,0.5,10,9.5,10,rrt_20260806_234813_812.png
20260806_234814_015,2026-08-06 23:48:14,True,94,34,15.42088488838146,27,0.6,0.5,0.2,0,0.5,10,9.5,10,rrt_20260806_234814_015.png
20260806_234814_196,2026-08-06 23:48:14,True,240,58,15.884936523991813,28,0.6,0.6,0.2,0,0.5,10,9.5,10,rrt_20260806_234814_196.png
20260806_234814_407,2026-08-06 23:48:14,True,77,34,15.261754661418646,27,0.6,0.6,0.2,0,0.5,10,9.5,10,rrt_20260806_234814_407.png
20260806_234814_576,2026-08-06 23:48:14,True,217,41,15.553225180757071,27,0.6,0.6,0.2,0,0.5,10,9.5,10,rrt_20260806_234814_576.png
20260806_234815_580,2026-08-06 23:48:15,False,10000,44,0.0,0,0.6,0.6,0.2,0,0.5,10,9.5,10,rrt_20260806_234815_580.png
20260806_234815_841,2026-08-06 23:48:15,True,145,43,15.86952036423305,28,0.6,0.6,0.2,0,0.5,10,9.5,10,rrt_20260806_234815_841.png
20260806_234816_020,2026-08-06 23:48:16,True,55,35,14.215261751336353,25,0.6,0.6,0.2,0,0.5,10,9.5,10,rrt_20260806_234816_020.png
20260806_234816_824,2026-08-06 23:48:16,False,10000,26,0.0,0,0.6,0.6,0.2,0,0.5,10,9.5,10,rrt_20260806_234816_824.png
20260806_234817_049,2026-08-06 23:48:17,True,274,57,16.07513930173456,28,0.6,0.6,0.2,0,0.5,10,9.5,10,rrt_20260806_234817_049.png
20260806_234817_278,2026-08-06 23:48:17,True,200,53,17.29615476336704,30,0.6,0.6,0.2,0,0.5,10,9.5,10,rrt_20260806_234817_278.png
20260806_234817_519,2026-08-06 23:48:17,True,576,50,15.937518675117136,28,0.6,0.6,0.2,0,0.5,10,9.5,10,rrt_20260806_234817_519.png
20260806_234817_777,2026-08-06 23:48:17,True,81,40,15.559394184362693,27,0.6,0.6,0.2,0,0.5,10,9.5,10,rrt_20260806_234817_777.png
20260806_234818_009,2026-08-06 23:48:18,True,838,69,20.61146118494626,36,0.6,0.6,0.2,0,0.5,10,9.5,10,rrt_20260806_234818_009.png
20260806_234818_280,2026-08-06 23:48:18,True,1518,65,22.199999999999992,38,0.6,0.6,0.2,0,0.5,10,9.5,10,rrt_20260806_234818_280.png
20260806_234818_494,2026-08-06 23:48:18,True,60,32,15.412470235778507,27,0.6,0.6,0.2,0,0.5,10,9.5,10,rrt_20260806_234818_494.png
20260806_234818_660,2026-08-06 23:48:18,True,70,39,16.435870711334836,29,0.6,0.6,0.2,0,0.5,10,9.5,10,rrt_20260806_234818_660.png
20260806_234818_831,2026-08-06 23:48:18,True,83,34,15.599999999999996,27,0.6,0.6,0.2,0,0.5,10,9.5,10,rrt_20260806_234818_831.png
20260806_234819_023,2026-08-06 23:48:19,True,257,42,16.199999999999996,28,0.6,0.6,0.2,0,0.5,10,9.5,10,rrt_20260806_234819_023.png
20260806_234819_231,2026-08-06 23:48:19,True,121,36,16.105302800664504,28,0.6,0.6,0.2,0,0.5,10,9.5,10,rrt_20260806_234819_231.png
20260806_234819_395,2026-08-06 23:48:19,True,74,31,15.589907400186219,27,0.6,0.6,0.2,0,0.5,10,9.5,10,rrt_20260806_234819_395.png
20260806_234819_565,2026-08-06 23:48:19,True,74,41,15.2350480978729,27,0.6,0.6,0.2,0,0.5,10,9.5,10,rrt_20260806_234819_565.png
20260806_234819_773,2026-08-06 23:48:19,True,139,41,15.599999999999996,27,0.6,0.6,0.2,0,0.5,10,9.5,10,rrt_20260806_234819_773.png
20260806_234819_939,2026-08-06 23:48:19,True,114,43,16.423113614435106,29,0.6,0.6,0.2,0,0.5,10,9.5,10,rrt_20260806_234819_939.png
20260806_234820_131,2026-08-06 23:48:20,True,216,41,16.130264043632184,28,0.6,0.6,0.2,0,0.5,10,9.5,10,rrt_20260806_234820_131.png
20260806_234820_304,2026-08-06 23:48:20,True,123,43,18.303690556765464,32,0.6,0.6,0.2,0,0.5,10,9.5,10,rrt_20260806_234820_304.png
20260806_234820_469,2026-08-06 23:48:20,True,69,34,16.074979703328854,28,0.6,0.6,0.2,0,0.5,10,9.5,10,rrt_20260806_234820_469.png
20260806_234820_628,2026-08-06 23:48:20,True,66,35,15.97336114290146,28,0.6,0.6,0.2,0,0.5,10,9.5,10,rrt_20260806_234820_628.png
20260806_234820_832,2026-08-06 23:48:20,True,86,40,15.264696260317452,27,0.6,0.6,0.2,0,0.5,10,9.5,10,rrt_20260806_234820_832.png
20260806_234821_025,2026-08-06 23:48:21,True,111,41,16.199999999999992,28,0.6,0.6,0.2,0,0.5,10,9.5,10,rrt_20260806_234821_025.png
20260806_234821_224,2026-08-06 23:48:21,True,312,50,17.760312063443525,31,0.6,0.6,0.2,0,0.5,10,9.5,10,rrt_20260806_234821_224.png
20260806_234822_439,2026-08-06 23:48:22,False,10000,72,0.0,0,0.6,0.6,0.2,0,0.5,10,9.5,10,rrt_20260806_234822_439.png
20260806_234823_608,2026-08-06 23:48:23,False,10000,69,0.0,0,0.6,0.6,0.2,0,0.5,10,9.5,10,rrt_20260806_234823_608.png
20260806_234823_839,2026-08-06 23:48:23,True,114,36,16.086662542491148,28,0.6,0.6,0.2,0,0.5,10,9.5,10,rrt_20260806_234823_839.png
20260806_234824_009,2026-08-06 23:48:24,True,161,49,16.799999999999997,29,0.6,0.6,0.2,0,0.5,10,9.5,10,rrt_20260806_234824_009.png
20260806_234824_215,2026-08-06 23:48:24,True,75,34,15.941298615726073,28,0.6,0.6,0.2,0,0.5,10,9.5,10,rrt_20260806_234824_215.png
20260806_234824_388,2026-08-06 23:48:24,True,147,45,17.97610915107482,31,0.6,0.6,0.2,0,0.5,10,9.5,10,rrt_20260806_234824_388.png
20260806_234825_354,2026-08-06 23:48:25,False,10000,38,0.0,0,0.6,0.6,0.2,0,0.5,10,9.5,10,rrt_20260806_234825_354.png
20260806_234825_625,2026-08-06 23:48:25,True,701,86,20.039493034921342,35,0.6,0.6,0.2,0,0.5,10,9.5,10,rrt_20260806_234825_625.png
20260806_234825_830,2026-08-06 23:48:25,True,114,40,15.599999999999994,27,0.6,0.6,0.2,0,0.5,10,9.5,10,rrt_20260806_234825_830.png
20260806_234827_600,2026-08-06 23:48:27,False,10000,125,0.0,0,0.6,0.6,0.2,0,0.5,10,9.5,10,rrt_20260806_234827_600.png
20260806_234828_898,2026-08-06 23:48:28,False,10000,73,0.0,0,0.6,0.6,0.2,0,0.5,10,9.5,10,rrt_20260806_234828_898.png
20260806_234829_126,2026-08-06 23:48:29,True,90,37,16.199999999999996,28,0.6,0.6,0.2,0,0.5,10,9.5,10,rrt_20260806_234829_126.png
20260806_234829_301,2026-08-06 23:48:29,True,78,40,15.438677098679502,27,0.6,0.6,0.2,0,0.5,10,9.5,10,rrt_20260806_234829_301.png
20260806_234829_489,2026-08-06 23:48:29,True,102,47,16.199999999999996,28,0.6,0.6,0.2,0,0.5,10,9.5,10,rrt_20260806_234829_489.png
20260806_234830_455,2026-08-06 23:48:30,False,10000,38,0.0,0,0.6,0.6,0.2,0,0.5,10,9.5,10,rrt_20260806_234830_455.png
20260806_234831_557,2026-08-06 23:48:31,False,10000,51,0.0,0,0.6,0.6,0.2,0,0.5,10,9.5,10,rrt_20260806_234831_557.png
20260806_234831_776,2026-08-06 23:48:31,True,180,36,15.488960606670979,27,0.6,0.6,0.2,0,0.5,10,9.5,10,rrt_20260806_234831_776.png
20260806_234831_992,2026-08-06 23:48:31,True,252,47,15.386813137991231,27,0.6,0.6,0.2,0,0.5,10,9.5,10,rrt_20260806_234831_992.png
20260806_234832_167,2026-08-06 23:48:32,True,215,67,16.780005975858252,29,0.6,0.6,0.2,0,0.5,10,9.5,10,rrt_20260806_234832_167.png
20260806_234833_643,2026-08-06 23:48:33,False,10000,97,0.0,0,0.6,0.6,0.2,0,0.5,10,9.5,10,rrt_20260806_234833_643.png
20260806_234834_564,2026-08-06 23:48:34,False,10000,42,0.0,0,0.6,0.6,0.2,0,0.5,10,9.5,10,rrt_20260806_234834_564.png
20260806_234834_795,2026-08-06 23:48:34,True,258,52,16.486529458042433,29,0.6,0.6,0.2,0,0.5,10,9.5,10,rrt_20260806_234834_795.png
20260806_234835_583,2026-08-06 23:48:35,False,10000,37,0.0,0,0.6,0.6,0.2,0,0.5,10,9.5,10,rrt_20260806_234835_583.png
20260806_234837_053,2026-08-06 23:48:37,False,10000,85,0.0,0,0.6,0.6,0.2,0,0.5,10,9.5,10,rrt_20260806_234837_053.png
20260806_234837_306,2026-08-06 23:48:37,True,140,45,16.79999999999999,29,0.6,0.6,0.2,0,0.5,10,9.5,10,rrt_20260806_234837_306.png
20260806_234837_477,2026-08-06 23:48:37,True,113,42,14.999999999999995,26,0.6,0.6,0.2,0,0.5,10,9.5,10,rrt_20260806_234837_477.png
20260806_234838_878,2026-08-06 23:48:38,False,10000,88,0.0,0,0.6,0.6,0.2,0,0.5,10,9.5,10,rrt_20260806_234838_878.png
20260806_234839_134,2026-08-06 23:48:39,True,631,55,18.327149170080133,32,0.6,0.6,0.2,0,0.5,10,9.5,10,rrt_20260806_234839_134.png
20260806_234839_342,2026-08-06 23:48:39,True,442,60,14.999999999999996,26,0.6,0.6,0.2,0,0.5,10,9.5,10,rrt_20260806_234839_342.png
20260806_234839_522,2026-08-06 23:48:39,True,81,42,15.340559494450694,27,0.6,0.6,0.2,0,0.5,10,9.5,10,rrt_20260806_234839_522.png
20260806_234839_744,2026-08-06 23:48:39,True,355,61,19.199999999999996,33,0.6,0.6,0.2,0,0.5,10,9.5,10,rrt_20260806_234839_744.png
20260806_234839_940,2026-08-06 23:48:39,True,310,60,15.937860865789137,28,0.6,0.6,0.2,0,0.5,10,9.5,10,rrt_20260806_234839_940.png
20260806_234840_192,2026-08-06 23:48:40,True,83,34,15.599999999999996,27,0.6,0.6,0.2,0,0.5,10,9.5,10,rrt_20260806_234840_192.png
20260806_234840_374,2026-08-06 23:48:40,True,344,48,15.399352033073693,27,0.6,0.6,0.2,0,0.5,10,9.5,10,rrt_20260806_234840_374.png
20260806_234840_549,2026-08-06 23:48:40,True,85,39,16.43620590703075,29,0.6,0.6,0.2,0,0.5,10,9.5,10,rrt_20260806_234840_549.png
20260806_234840_725,2026-08-06 23:48:40,True,93,38,15.365337558250317,27,0.6,0.6,0.2,0,0.5,10,9.5,10,rrt_20260806_234840_725.png
20260806_234840_950,2026-08-06 23:48:40,True,78,34,15.599999999999996,27,0.6,0.6,0.2,0,0.5,10,9.5,10,rrt_20260806_234840_950.png
20260806_234842_472,2026-08-06 23:48:42,False,10000,95,0.0,0,0.6,0.6,0.2,0,0.5,10,9.5,10,rrt_20260806_234842_472.png
20260806_234842_699,2026-08-06 23:48:42,True,63,37,15.388011477480903,27,0.6,0.6,0.2,0,0.5,10,9.5,10,rrt_20260806_234842_699.png
20260806_234842_881,2026-08-06 23:48:42,True,327,53,18.9949194186457,33,0.6,0.6,0.2,0,0.5,10,9.5,10,rrt_20260806_234842_881.png
20260806_234843_052,2026-08-06 23:48:43,True,55,38,15.835590331175938,28,0.6,0.6,0.2,0,0.5,10,9.5,10,rrt_20260806_234843_052.png
20260806_234843_270,2026-08-06 23:48:43,True,86,37,15.599999999999996,27,0.6,0.6,0.2,0,0.5,10,9.5,10,rrt_20260806_234843_270.png
20260806_234843_435,2026-08-06 23:48:43,True,105,39,15.500332890401326,27,0.6,0.6,0.2,0,0.5,10,9.5,10,rrt_20260806_234843_435.png
20260806_234843_640,2026-08-06 23:48:43,True,81,39,15.599999999999994,27,0.6,0.6,0.2,0,0.5,10,9.5,10,rrt_20260806_234843_640.png
20260806_234843_864,2026-08-06 23:48:43,True,341,68,18.392434365829406,32,0.6,0.6,0.2,0,0.5,10,9.5,10,rrt_20260806_234843_864.png
20260806_234844_736,2026-08-06 23:48:44,False,10000,41,0.0,0,0.6,0.6,0.2,0,0.5,10,9.5,10,rrt_20260806_234844_736.png
20260806_234844_966,2026-08-06 23:48:44,True,91,39,15.599999999999996,27,0.6,0.6,0.2,0,0.5,10,9.5,10,rrt_20260806_234844_966.png
20260806_234845_862,2026-08-06 23:48:45,False,10000,36,0.0,0,0.6,0.6,0.2,0,0.5,10,9.5,10,rrt_20260806_234845_862.png
20260806_234846_087,2026-08-06 23:48:46,True,84,37,15.884884213787062,28,0.6,0.6,0.2,0,0.5,10,9.5,10,rrt_20260806_234846_087.png
20260806_234847_209,2026-08-06 23:48:47,False,10000,66,0.0,0,0.6,0.6,0.2,0,0.5,10,9.5,10,rrt_20260806_234847_209.png
20260806_234847_551,2026-08-06 23:48:47,True,1048,69,19.2,33,0.6,0.6,0.2,0,0.5,10,9.5,10,rrt_20260806_234847_551.png
20260806_234848_865,2026-08-06 23:48:48,False,10000,81,0.0,0,0.6,0.6,0.2,0,0.5,10,9.5,10,rrt_20260806_234848_865.png
20260806_234849_139,2026-08-06 23:48:49,True,308,48,15.325842247446507,27,0.6,0.6,0.2,0,0.5,10,9.5,10,rrt_20260806_234849_139.png
20260806_234849_310,2026-08-06 23:48:49,True,59,34,16.199999999999992,28,0.6,0.6,0.2,0,0.5,10,9.5,10,rrt_20260806_234849_310.png
20260806_234849_515,2026-08-06 23:48:49,True,92,36,16.8,29,0.6,0.6,0.2,0,0.5,10,9.5,10,rrt_20260806_234849_515.png
20260806_234849_688,2026-08-06 23:48:49,True,85,34,15.400480282734039,27,0.6,0.6,0.2,0,0.5,10,9.5,10,rrt_20260806_234849_688.png
20260806_234849_861,2026-08-06 23:48:49,True,213,41,16.63899773191886,29,0.6,0.6,0.2,0,0.5,10,9.5,10,rrt_20260806_234849_861.png
20260806_234850_032,2026-08-06 23:48:50,True,202,49,18.599999999999994,32,0.6,0.6,0.2,0,0.5,10,9.5,10,rrt_20260806_234850_032.png
20260806_234850_212,2026-08-06 23:48:50,True,213,47,15.599999999999996,27,0.6,0.6,0.2,0,0.5,10,9.5,10,rrt_20260806_234850_212.png
20260806_234850_453,2026-08-06 23:48:50,True,502,69,17.962369033815314,31,0.6,0.6,0.2,0,0.5,10,9.5,10,rrt_20260806_234850_453.png
20260806_234850_644,2026-08-06 23:48:50,True,221,60,15.599999999999996,27,0.6,0.6,0.2,0,0.5,10,9.5,10,rrt_20260806_234850_644.png
20260806_234851_947,2026-08-06 23:48:51,False,10000,65,0.0,0,0.6,0.6,0.2,0,0.5,10,9.5,10,rrt_20260806_234851_947.png
20260806_234852_170,2026-08-06 23:48:52,True,67,35,15.946843450636127,28,0.6,0.6,0.2,0,0.5,10,9.5,10,rrt_20260806_234852_170.png
20260806_234852_345,2026-08-06 23:48:52,True,259,52,17.025705121123714,30,0.6,0.6,0.2,0,0.5,10,9.5,10,rrt_20260806_234852_345.png
20260806_234852_549,2026-08-06 23:48:52,True,535,58,16.712459071842257,29,0.6,0.6,0.2,0,0.5,10,9.5,10,rrt_20260806_234852_549.png
20260806_234852_729,2026-08-06 23:48:52,True,115,45,18.2535648376821,32,0.6,0.6,0.2,0,0.5,10,9.5,10,rrt_20260806_234852_729.png
20260806_234852_913,2026-08-06 23:48:52,True,193,45,16.199999999999996,28,0.6,0.6,0.2,0,0.5,10,9.5,10,rrt_20260806_234852_913.png
20260806_234853_112,2026-08-06 23:48:53,True,58,35,15.991581104559144,28,0.6,0.6,0.2,0,0.5,10,9.5,10,rrt_20260806_234853_112.png
20260806_234853_316,2026-08-06 23:48:53,True,100,43,17.037359696750812,30,0.6,0.6,0.2,0,0.5,10,9.5,10,rrt_20260806_234853_316.png
20260806_234853_502,2026-08-06 23:48:53,True,437,54,14.999999999999996,26,0.6,0.6,0.2,0,0.5,10,9.5,10,rrt_20260806_234853_502.png
20260806_234853_745,2026-08-06 23:48:53,True,464,71,22.473376325855345,39,0.6,0.6,0.2,0,0.5,10,9.5,10,rrt_20260806_234853_745.png
20260806_234853_960,2026-08-06 23:48:53,True,66,30,14.999999999999993,26,0.6,0.7,0.2,0,0.5,10,9.5,10,rrt_20260806_234853_960.png
20260806_234854_163,2026-08-06 23:48:54,True,60,41,15.599999999999998,27,0.6,0.7,0.2,0,0.5,10,9.5,10,rrt_20260806_234854_163.png
20260806_234854_986,2026-08-06 23:48:54,False,10000,35,0.0,0,0.6,0.7,0.2,0,0.5,10,9.5,10,rrt_20260806_234854_986.png
20260806_234855_203,2026-08-06 23:48:55,True,127,46,16.136902835716747,28,0.6,0.7,0.2,0,0.5,10,9.5,10,rrt_20260806_234855_203.png
20260806_234856_942,2026-08-06 23:48:56,False,10000,124,0.0,0,0.6,0.7,0.2,0,0.5,10,9.5,10,rrt_20260806_234856_942.png
20260806_234858_371,2026-08-06 23:48:58,False,10000,83,0.0,0,0.6,0.7,0.2,0,0.5,10,9.5,10,rrt_20260806_234858_371.png
20260806_234858_610,2026-08-06 23:48:58,True,230,43,16.199999999999996,28,0.6,0.7,0.2,0,0.5,10,9.5,10,rrt_20260806_234858_610.png
20260806_234858_819,2026-08-06 23:48:58,True,233,67,16.623275958808968,29,0.6,0.7,0.2,0,0.5,10,9.5,10,rrt_20260806_234858_819.png
20260806_234859_003,2026-08-06 23:48:59,True,143,48,17.124724889969727,30,0.6,0.7,0.2,0,0.5,10,9.5,10,rrt_20260806_234859_003.png
20260806_234900_321,2026-08-06 23:49:00,False,10000,81,0.0,0,0.6,0.7,0.2,0,0.5,10,9.5,10,rrt_20260806_234900_321.png
20260806_234902_199,2026-08-06 23:49:02,False,10000,121,0.0,0,0.6,0.7,0.2,0,0.5,10,9.5,10,rrt_20260806_234902_199.png
20260806_234903_451,2026-08-06 23:49:03,False,10000,65,0.0,0,0.6,0.7,0.2,0,0.5,10,9.5,10,rrt_20260806_234903_451.png
20260806_234903_680,2026-08-06 23:49:03,True,130,45,18.930582295751694,33,0.6,0.7,0.2,0,0.5,10,9.5,10,rrt_20260806_234903_680.png
20260806_234903_871,2026-08-06 23:49:03,True,286,70,18.347987830416642,32,0.6,0.7,0.2,0,0.5,10,9.5,10,rrt_20260806_234903_871.png
20260806_234904_845,2026-08-06 23:49:04,False,10000,50,0.0,0,0.6,0.7,0.2,0,0.5,10,9.5,10,rrt_20260806_234904_845.png
20260806_234905_068,2026-08-06 23:49:05,True,119,46,15.599999999999994,27,0.6,0.7,0.2,0,0.5,10,9.5,10,rrt_20260806_234905_068.png
20260806_234905_242,2026-08-06 23:49:05,True,282,47,16.6729987403134,29,0.6,0.7,0.2,0,0.5,10,9.5,10,rrt_20260806_234905_242.png
20260806_234906_102,2026-08-06 23:49:06,False,10000,40,0.0,0,0.6,0.7,0.2,0,0.5,10,9.5,10,rrt_20260806_234906_102.png
20260806_234906_332,2026-08-06 23:49:06,True,120,38,15.819666995344907,28,0.6,0.7,0.2,0,0.5,10,9.5,10,rrt_20260806_234906_332.png
20260806_234906_520,2026-08-06 23:49:06,True,223,57,18.599999999999998,32,0.6,0.7,0.2,0,0.5,10,9.5,10,rrt_20260806_234906_520.png
20260806_234906_711,2026-08-06 23:49:06,True,258,51,15.599999999999994,27,0.6,0.7,0.2,0,0.5,10,9.5,10,rrt_20260806_234906_711.png
20260806_234906_888,2026-08-06 23:49:06,True,183,50,15.813923344183966,28,0.6,0.7,0.2,0,0.5,10,9.5,10,rrt_20260806_234906_888.png
20260806_234907_057,2026-08-06 23:49:07,True,112,40,15.376548294505538,27,0.6,0.7,0.2,0,0.5,10,9.5,10,rrt_20260806_234907_057.png
20260806_234907_365,2026-08-06 23:49:07,True,280,52,18.91370760441301,33,0.6,0.7,0.2,0,0.5,10,9.5,10,rrt_20260806_234907_365.png
20260806_234907_638,2026-08-06 23:49:07,True,99,41,15.0,26,0.6,0.7,0.2,0,0.5,10,9.5,10,rrt_20260806_234907_638.png
20260806_234908_873,2026-08-06 23:49:08,False,10000,56,0.0,0,0.6,0.7,0.2,0,0.5,10,9.5,10,rrt_20260806_234908_873.png
20260806_234909_121,2026-08-06 23:49:09,True,278,78,18.407654100334053,32,0.6,0.7,0.2,0,0.5,10,9.5,10,rrt_20260806_234909_121.png
20260806_234909_310,2026-08-06 23:49:09,True,75,38,14.980501989316993,26,0.6,0.7,0.2,0,0.5,10,9.5,10,rrt_20260806_234909_310.png
20260806_234909_491,2026-08-06 23:49:09,True,107,44,17.399999999999995,30,0.6,0.7,0.2,0,0.5,10,9.5,10,rrt_20260806_234909_491.png
20260806_234909_684,2026-08-06 23:49:09,True,411,58,16.584732957725727,29,0.6,0.7,0.2,0,0.5,10,9.5,10,rrt_20260806_234909_684.png
20260806_234910_548,2026-08-06 23:49:10,False,10000,34,0.0,0,0.6,0.7,0.2,0,0.5,10,9.5,10,rrt_20260806_234910_548.png
20260806_234910_775,2026-08-06 23:49:10,True,73,45,15.600000000000001,27,0.6,0.7,0.2,0,0.5,10,9.5,10,rrt_20260806_234910_775.png
20260806_234911_084,2026-08-06 23:49:11,True,155,43,15.881672806953611,28,0.6,0.7,0.2,0,0.5,10,9.5,10,rrt_20260806_234911_084.png
20260806_234911_396,2026-08-06 23:49:11,True,1078,103,21.474193308292303,37,0.6,0.7,0.2,0,0.5,10,9.5,10,rrt_20260806_234911_396.png
20260806_234911_593,2026-08-06 23:49:11,True,254,46,15.500475431858582,27,0.6,0.7,0.2,0,0.5,10,9.5,10,rrt_20260806_234911_593.png
20260806_234911_791,2026-08-06 23:49:11,True,296,65,17.773940159726664,31,0.6,0.7,0.2,0,0.5,10,9.5,10,rrt_20260806_234911_791.png
20260806_234911_999,2026-08-06 23:49:11,True,54,36,15.233425769766026,27,0.6,0.7,0.2,0,0.5,10,9.5,10,rrt_20260806_234911_999.png
20260806_234912_170,2026-08-06 23:49:12,True,163,50,17.61763190600415,31,0.6,0.7,0.2,0,0.5,10,9.5,10,rrt_20260806_234912_170.png
20260806_234913_133,2026-08-06 23:49:13,False,10000,41,0.0,0,0.6,0.7,0.2,0,0.5,10,9.5,10,rrt_20260806_234913_133.png
20260806_234914_026,2026-08-06 23:49:14,False,10000,41,0.0,0,0.6,0.7,0.2,0,0.5,10,9.5,10,rrt_20260806_234914_026.png
20260806_234914_263,2026-08-06 23:49:14,True,120,39,17.4,30,0.6,0.7,0.2,0,0.5,10,9.5,10,rrt_20260806_234914_263.png
20260806_234915_565,2026-08-06 23:49:15,False,10000,66,0.0,0,0.6,0.7,0.2,0,0.5,10,9.5,10,rrt_20260806_234915_565.png
20260806_234915_809,2026-08-06 23:49:15,True,60,35,14.738976088603081,26,0.6,0.7,0.2,0,0.5,10,9.5,10,rrt_20260806_234915_809.png
20260806_234915_985,2026-08-06 23:49:15,True,110,37,15.44601634249519,27,0.6,0.7,0.2,0,0.5,10,9.5,10,rrt_20260806_234915_985.png
20260806_234916_157,2026-08-06 23:49:16,True,90,47,16.159402396225378,28,0.6,0.7,0.2,0,0.5,10,9.5,10,rrt_20260806_234916_157.png
20260806_234916_326,2026-08-06 23:49:16,True,77,35,15.918304715852315,28,0.6,0.7,0.2,0,0.5,10,9.5,10,rrt_20260806_234916_326.png
20260806_234916_492,2026-08-06 23:49:16,True,97,55,17.739513238007248,31,0.6,0.7,0.2,0,0.5,10,9.5,10,rrt_20260806_234916_492.png
20260806_234916_717,2026-08-06 23:49:16,True,99,35,15.379388890437976,27,0.6,0.7,0.2,0,0.5,10,9.5,10,rrt_20260806_234916_717.png
20260806_234916_897,2026-08-06 23:49:16,True,300,54,16.199999999999996,28,0.6,0.7,0.2,0,0.5,10,9.5,10,rrt_20260806_234916_897.png
20260806_234917_128,2026-08-06 23:49:17,True,788,72,21.599999999999998,37,0.6,0.7,0.2,0,0.5,10,9.5,10,rrt_20260806_234917_128.png
20260806_234917_354,2026-08-06 23:49:17,True,76,43,16.2,28,0.6,0.7,0.2,0,0.5,10,9.5,10,rrt_20260806_234917_354.png
20260806_234917_537,2026-08-06 23:49:17,True,334,53,15.570927480549262,27,0.6,0.7,0.2,0,0.5,10,9.5,10,rrt_20260806_234917_537.png
20260806_234917_731,2026-08-06 23:49:17,True,216,55,17.241568600393574,30,0.6,0.7,0.2,0,0.5,10,9.5,10,rrt_20260806_234917_731.png
20260806_234918_020,2026-08-06 23:49:18,True,958,66,20.952026105674065,36,0.6,0.7,0.2,0,0.5,10,9.5,10,rrt_20260806_234918_020.png
20260806_234918_334,2026-08-06 23:49:18,True,232,55,16.477970334925576,29,0.6,0.7,0.2,0,0.5,10,9.5,10,rrt_20260806_234918_334.png
20260806_234919_760,2026-08-06 23:49:19,False,10000,90,0.0,0,0.6,0.7,0.2,0,0.5,10,9.5,10,rrt_20260806_234919_760.png
20260806_234920_007,2026-08-06 23:49:20,True,83,46,14.901880017632907,26,0.6,0.7,0.2,0,0.5,10,9.5,10,rrt_20260806_234920_007.png
20260806_234920_177,2026-08-06 23:49:20,True,53,36,14.999999999999998,26,0.6,0.7,0.2,0,0.5,10,9.5,10,rrt_20260806_234920_177.png
20260806_234920_349,2026-08-06 23:49:20,True,190,48,18.22376934332853,32,0.6,0.7,0.2,0,0.5,10,9.5,10,rrt_20260806_234920_349.png
20260806_234920_576,2026-08-06 23:49:20,True,134,43,16.413399128709358,29,0.6,0.7,0.2,0,0.5,10,9.5,10,rrt_20260806_234920_576.png
20260806_234921_386,2026-08-06 23:49:21,False,10000,37,0.0,0,0.6,0.7,0.2,0,0.5,10,9.5,10,rrt_20260806_234921_386.png
20260806_234921_599,2026-08-06 23:49:21,True,114,51,15.312573707240052,27,0.6,0.7,0.2,0,0.5,10,9.5,10,rrt_20260806_234921_599.png
20260806_234922_548,2026-08-06 23:49:22,False,10000,41,0.0,0,0.6,0.7,0.2,0,0.5,10,9.5,10,rrt_20260806_234922_548.png
20260806_234922_779,2026-08-06 23:49:22,True,337,68,16.179388395587363,28,0.6,0.7,0.2,0,0.5,10,9.5,10,rrt_20260806_234922_779.png
20260806_234922_960,2026-08-06 23:49:22,True,85,42,14.88490291659317,26,0.6,0.7,0.2,0,0.5,10,9.5,10,rrt_20260806_234922_960.png
20260806_234923_127,2026-08-06 23:49:23,True,118,42,14.999999999999996,26,0.6,0.7,0.2,0,0.5,10,9.5,10,rrt_20260806_234923_127.png
20260806_234923_324,2026-08-06 23:49:23,True,83,40,15.835346883483984,28,0.6,0.7,0.2,0,0.5,10,9.5,10,rrt_20260806_234923_324.png
20260806_234923_546,2026-08-06 23:49:23,True,262,49,15.336854428294679,27,0.6,0.7,0.2,0,0.5,10,9.5,10,rrt_20260806_234923_546.png
20260806_234923_724,2026-08-06 23:49:23,True,139,47,16.45328302047846,29,0.6,0.7,0.2,0,0.5,10,9.5,10,rrt_20260806_234923_724.png
20260806_234923_928,2026-08-06 23:49:23,True,441,57,19.8,34,0.6,0.7,0.2,0,0.5,10,9.5,10,rrt_20260806_234923_928.png
20260806_234925_319,2026-08-06 23:49:25,False,10000,89,0.0,0,0.6,0.7,0.2,0,0.5,10,9.5,10,rrt_20260806_234925_319.png
20260806_234925_555,2026-08-06 23:49:25,True,166,46,16.199999999999996,28,0.6,0.7,0.2,0,0.5,10,9.5,10,rrt_20260806_234925_555.png
20260806_234926_671,2026-08-06 23:49:26,False,10000,53,0.0,0,0.6,0.7,0.2,0,0.5,10,9.5,10,rrt_20260806_234926_671.png
20260806_234926_898,2026-08-06 23:49:26,True,169,42,17.999999999999993,31,0.6,0.7,0.2,0,0.5,10,9.5,10,rrt_20260806_234926_898.png
20260806_234927_111,2026-08-06 23:49:27,True,399,63,17.999999999999993,31,0.6,0.7,0.2,0,0.5,10,9.5,10,rrt_20260806_234927_111.png
20260806_234927_289,2026-08-06 23:49:27,True,147,50,17.03514548423994,30,0.6,0.7,0.2,0,0.5,10,9.5,10,rrt_20260806_234927_289.png
20260806_234927_575,2026-08-06 23:49:27,True,304,63,19.180457288176555,33,0.6,0.7,0.2,0,0.5,10,9.5,10,rrt_20260806_234927_575.png
20260806_234927_795,2026-08-06 23:49:27,True,89,38,15.51685027767496,27,0.6,0.7,0.2,0,0.5,10,9.5,10,rrt_20260806_234927_795.png
20260806_234928_067,2026-08-06 23:49:28,True,83,42,17.210820607325417,30,0.6,0.7,0.2,0,0.5,10,9.5,10,rrt_20260806_234928_067.png
20260806_234928_283,2026-08-06 23:49:28,True,81,35,15.871949861705414,28,0.6,0.7,0.2,0,0.5,10,9.5,10,rrt_20260806_234928_283.png
20260806_234928_532,2026-08-06 23:49:28,True,350,71,19.79999999999999,34,0.6,0.7,0.2,0,0.5,10,9.5,10,rrt_20260806_234928_532.png
20260806_234928_785,2026-08-06 23:49:28,True,116,44,15.599999999999996,27,0.6,0.7,0.2,0,0.5,10,9.5,10,rrt_20260806_234928_785.png
20260806_234930_246,2026-08-06 23:49:30,False,10000,90,0.0,0,0.6,0.7,0.2,0,0.5,10,9.5,10,rrt_20260806_234930_246.png
20260806_234930_534,2026-08-06 23:49:30,True,116,40,15.546659011289707,27,0.6,0.7,0.2,0,0.5,10,9.5,10,rrt_20260806_234930_534.png
20260806_234932_356,2026-08-06 23:49:32,False,10000,130,0.0,0,0.6,0.7,0.2,0,0.5,10,9.5,10,rrt_20260806_234932_356.png
20260806_234932_634,2026-08-06 23:49:32,True,98,46,16.199999999999996,28,0.6,0.7,0.2,0,0.5,10,9.5,10,rrt_20260806_234932_634.png
20260806_234932_821,2026-08-06 23:49:32,True,284,65,16.526613583219547,29,0.6,0.7,0.2,0,0.5,10,9.5,10,rrt_20260806_234932_821.png
20260806_234932_997,2026-08-06 23:49:32,True,144,42,15.599999999999993,27,0.6,0.7,0.2,0,0.5,10,9.5,10,rrt_20260806_234932_997.png
20260806_234933_172,2026-08-06 23:49:33,True,226,50,17.999999999999996,31,0.6,0.7,0.2,0,0.5,10,9.5,10,rrt_20260806_234933_172.png
20260806_234933_355,2026-08-06 23:49:33,True,220,48,16.199999999999996,28,0.6,0.7,0.2,0,0.5,10,9.5,10,rrt_20260806_234933_355.png
20260806_234933_556,2026-08-06 23:49:33,True,126,44,15.910173477310217,28,0.6,0.7,0.2,0,0.5,10,9.5,10,rrt_20260806_234933_556.png
20260806_234934_422,2026-08-06 23:49:34,False,10000,34,0.0,0,0.6,0.7,0.2,0,0.5,10,9.5,10,rrt_20260806_234934_422.png
20260806_234934_666,2026-08-06 23:49:34,True,345,62,16.575085936085472,29,0.6,0.7,0.2,0,0.5,10,9.5,10,rrt_20260806_234934_666.png
20260806_234935_950,2026-08-06 23:49:35,False,10000,80,0.0,0,0.6,0.7,0.2,0,0.5,10,9.5,10,rrt_20260806_234935_950.png
20260806_234936_226,2026-08-06 23:49:36,True,312,62,19.8,34,0.6,0.7,0.2,0,0.5,10,9.5,10,rrt_20260806_234936_226.png
20260806_234937_212,2026-08-06 23:49:37,False,10000,42,0.0,0,0.6,0.7,0.2,0,0.5,10,9.5,10,rrt_20260806_234937_212.png
20260806_234938_065,2026-08-06 23:49:38,False,10000,40,0.0,0,0.6,0.7,0.2,0,0.5,10,9.5,10,rrt_20260806_234938_065.png
20260806_234938_321,2026-08-06 23:49:38,True,305,76,16.11096959914694,28,0.6,0.7,0.2,0,0.5,10,9.5,10,rrt_20260806_234938_321.png
20260806_234938_573,2026-08-06 23:49:38,True,126,43,15.297048841250298,27,0.6,0.7,0.2,0,0.5,10,9.5,10,rrt_20260806_234938_573.png
20260806_234938_819,2026-08-06 23:49:38,True,506,57,17.4,30,0.6,0.7,0.2,0,0.5,10,9.5,10,rrt_20260806_234938_819.png
20260806_234939_075,2026-08-06 23:49:39,True,116,44,16.799999999999994,29,0.6,0.8,0.2,0,0.5,10,9.5,10,rrt_20260806_234939_075.png
20260806_234940_450,2026-08-06 23:49:40,False,10000,87,0.0,0,0.6,0.8,0.2,0,0.5,10,9.5,10,rrt_20260806_234940_450.png
20260806_234940_679,2026-08-06 23:49:40,True,129,42,15.445815357466657,27,0.6,0.8,0.2,0,0.5,10,9.5,10,rrt_20260806_234940_679.png
20260806_234940_920,2026-08-06 23:49:40,True,129,51,16.49340953461676,29,0.6,0.8,0.2,0,0.5,10,9.5,10,rrt_20260806_234940_920.png
20260806_234941_104,2026-08-06 23:49:41,True,65,42,15.599999999999996,27,0.6,0.8,0.2,0,0.5,10,9.5,10,rrt_20260806_234941_104.png
20260806_234941_301,2026-08-06 23:49:41,True,418,55,16.799999999999994,29,0.6,0.8,0.2,0,0.5,10,9.5,10,rrt_20260806_234941_301.png
20260806_234942_272,2026-08-06 23:49:42,False,10000,41,0.0,0,0.6,0.8,0.2,0,0.5,10,9.5,10,rrt_20260806_234942_272.png
20260806_234942_501,2026-08-06 23:49:42,True,122,50,17.619595396286154,31,0.6,0.8,0.2,0,0.5,10,9.5,10,rrt_20260806_234942_501.png
20260806_234942_684,2026-08-06 23:49:42,True,143,46,17.16419637176334,30,0.6,0.8,0.2,0,0.5,10,9.5,10,rrt_20260806_234942_684.png
20260806_234942_858,2026-08-06 23:49:42,True,177,50,15.593597714074374,27,0.6,0.8,0.2,0,0.5,10,9.5,10,rrt_20260806_234942_858.png
20260806_234943_028,2026-08-06 23:49:43,True,90,41,15.896634303759491,28,0.6,0.8,0.2,0,0.5,10,9.5,10,rrt_20260806_234943_028.png
20260806_234943_267,2026-08-06 23:49:43,True,398,66,20.4,35,0.6,0.8,0.2,0,0.5,10,9.5,10,rrt_20260806_234943_267.png
20260806_234943_510,2026-08-06 23:49:43,True,283,71,17.822625123114094,31,0.6,0.8,0.2,0,0.5,10,9.5,10,rrt_20260806_234943_510.png
20260806_234943_728,2026-08-06 23:49:43,True,187,48,15.935799929145517,28,0.6,0.8,0.2,0,0.5,10,9.5,10,rrt_20260806_234943_728.png
20260806_234943_906,2026-08-06 23:49:43,True,124,51,16.09520015848676,28,0.6,0.8,0.2,0,0.5,10,9.5,10,rrt_20260806_234943_906.png
20260806_234944_084,2026-08-06 23:49:44,True,239,50,15.946706910372594,28,0.6,0.8,0.2,0,0.5,10,9.5,10,rrt_20260806_234944_084.png
20260806_234944_253,2026-08-06 23:49:44,True,66,40,15.240750625918045,27,0.6,0.8,0.2,0,0.5,10,9.5,10,rrt_20260806_234944_253.png
20260806_234944_434,2026-08-06 23:49:44,True,295,57,17.66808715324757,31,0.6,0.8,0.2,0,0.5,10,9.5,10,rrt_20260806_234944_434.png
20260806_234944_649,2026-08-06 23:49:44,True,79,39,15.369976365779861,27,0.6,0.8,0.2,0,0.5,10,9.5,10,rrt_20260806_234944_649.png
20260806_234944_998,2026-08-06 23:49:44,True,139,57,16.799999999999994,29,0.6,0.8,0.2,0,0.5,10,9.5,10,rrt_20260806_234944_998.png
20260806_234945_233,2026-08-06 23:49:45,True,109,46,15.203484695008973,27,0.6,0.8,0.2,0,0.5,10,9.5,10,rrt_20260806_234945_233.png
20260806_234945_504,2026-08-06 23:49:45,True,446,55,19.153941972750797,33,0.6,0.8,0.2,0,0.5,10,9.5,10,rrt_20260806_234945_504.png
20260806_234945_708,2026-08-06 23:49:45,True,101,46,17.4,30,0.6,0.8,0.2,0,0.5,10,9.5,10,rrt_20260806_234945_708.png
20260806_234945_911,2026-08-06 23:49:45,True,323,51,15.917161087556542,28,0.6,0.8,0.2,0,0.5,10,9.5,10,rrt_20260806_234945_911.png
20260806_234946_099,2026-08-06 23:49:46,True,145,46,17.119713485920833,30,0.6,0.8,0.2,0,0.5,10,9.5,10,rrt_20260806_234946_099.png
20260806_234946_288,2026-08-06 23:49:46,True,79,45,15.599999999999994,27,0.6,0.8,0.2,0,0.5,10,9.5,10,rrt_20260806_234946_288.png
20260806_234946_492,2026-08-06 23:49:46,True,97,45,19.200000000000003,33,0.6,0.8,0.2,0,0.5,10,9.5,10,rrt_20260806_234946_492.png
20260806_234946_716,2026-08-06 23:49:46,True,107,44,15.51559267847194,27,0.6,0.8,0.2,0,0.5,10,9.5,10,rrt_20260806_234946_716.png
20260806_234946_884,2026-08-06 23:49:46,True,103,40,15.600000000000001,27,0.6,0.8,0.2,0,0.5,10,9.5,10,rrt_20260806_234946_884.png
20260806_234947_088,2026-08-06 23:49:47,True,453,52,17.037830122249055,30,0.6,0.8,0.2,0,0.5,10,9.5,10,rrt_20260806_234947_088.png
20260806_234948_467,2026-08-06 23:49:48,False,10000,81,0.0,0,0.6,0.8,0.2,0,0.5,10,9.5,10,rrt_20260806_234948_467.png
20260806_234948_700,2026-08-06 23:49:48,True,193,50,17.73525641164499,31,0.6,0.8,0.2,0,0.5,10,9.5,10,rrt_20260806_234948_700.png
20260806_234948_914,2026-08-06 23:49:48,True,72,44,15.519639282534623,27,0.6,0.8,0.2,0,0.5,10,9.5,10,rrt_20260806_234948_914.png
20260806_234950_310,2026-08-06 23:49:50,False,10000,92,0.0,0,0.6,0.8,0.2,0,0.5,10,9.5,10,rrt_20260806_234950_310.png
20260806_234950_538,2026-08-06 23:49:50,True,141,49,16.569152310962536,29,0.6,0.8,0.2,0,0.5,10,9.5,10,rrt_20260806_234950_538.png
20260806_234950_713,2026-08-06 23:49:50,True,98,40,16.2,28,0.6,0.8,0.2,0,0.5,10,9.5,10,rrt_20260806_234950_713.png
20260806_234950_880,2026-08-06 23:49:50,True,97,43,16.654230888726328,29,0.6,0.8,0.2,0,0.5,10,9.5,10,rrt_20260806_234950_880.png
20260806_234951_048,2026-08-06 23:49:51,True,83,46,15.42785348574854,27,0.6,0.8,0.2,0,0.5,10,9.5,10,rrt_20260806_234951_048.png
20260806_234951_290,2026-08-06 23:49:51,True,116,43,15.398386271835435,27,0.6,0.8,0.2,0,0.5,10,9.5,10,rrt_20260806_234951_290.png
20260806_234951_463,2026-08-06 23:49:51,True,151,50,17.298091722845104,30,0.6,0.8,0.2,0,0.5,10,9.5,10,rrt_20260806_234951_463.png
20260806_234952_767,2026-08-06 23:49:52,False,10000,82,0.0,0,0.6,0.8,0.2,0,0.5,10,9.5,10,rrt_20260806_234952_767.png
20260806_234952_993,2026-08-06 23:49:52,True,87,44,16.7443219925302,29,0.6,0.8,0.2,0,0.5,10,9.5,10,rrt_20260806_234952_993.png
20260806_234954_401,2026-08-06 23:49:54,False,10000,90,0.0,0,0.6,0.8,0.2,0,0.5,10,9.5,10,rrt_20260806_234954_401.png
20260806_234955_648,2026-08-06 23:49:55,False,10000,59,0.0,0,0.6,0.8,0.2,0,0.5,10,9.5,10,rrt_20260806_234955_648.png
20260806_234955_886,2026-08-06 23:49:55,True,212,48,16.79999999999999,29,0.6,0.8,0.2,0,0.5,10,9.5,10,rrt_20260806_234955_886.png
20260806_234956_074,2026-08-06 23:49:56,True,240,55,17.260392588306505,30,0.6,0.8,0.2,0,0.5,10,9.5,10,rrt_20260806_234956_074.png
20260806_234957_273,2026-08-06 23:49:57,False,10000,66,0.0,0,0.6,0.8,0.2,0,0.5,10,9.5,10,rrt_20260806_234957_273.png
20260806_234957_603,2026-08-06 23:49:57,True,615,73,18.6,32,0.6,0.8,0.2,0,0.5,10,9.5,10,rrt_20260806_234957_603.png
20260806_234959_118,2026-08-06 23:49:59,False,10000,98,0.0,0,0.6,0.8,0.2,0,0.5,10,9.5,10,rrt_20260806_234959_118.png
20260806_234959_363,2026-08-06 23:49:59,True,112,50,17.09344359422256,30,0.6,0.8,0.2,0,0.5,10,9.5,10,rrt_20260806_234959_363.png
20260806_234959_568,2026-08-06 23:49:59,True,367,60,18.599999999999998,32,0.6,0.8,0.2,0,0.5,10,9.5,10,rrt_20260806_234959_568.png
20260806_235000_967,2026-08-06 23:50:00,False,10000,89,0.0,0,0.6,0.8,0.2,0,0.5,10,9.5,10,rrt_20260806_235000_967.png
20260806_235001_209,2026-08-06 23:50:01,True,88,41,16.06272276844387,28,0.6,0.8,0.2,0,0.5,10,9.5,10,rrt_20260806_235001_209.png
20260806_235001_393,2026-08-06 23:50:01,True,198,51,18.917411979515737,33,0.6,0.8,0.2,0,0.5,10,9.5,10,rrt_20260806_235001_393.png
20260806_235001_594,2026-08-06 23:50:01,True,75,40,15.992429734850361,28,0.6,0.8,0.2,0,0.5,10,9.5,10,rrt_20260806_235001_594.png
20260806_235002_485,2026-08-06 23:50:02,False,10000,39,0.0,0,0.6,0.8,0.2,0,0.5,10,9.5,10,rrt_20260806_235002_485.png
20260806_235002_783,2026-08-06 23:50:02,True,676,68,20.98184494640862,36,0.6,0.8,0.2,0,0.5,10,9.5,10,rrt_20260806_235002_783.png
20260806_235003_021,2026-08-06 23:50:03,True,588,107,15.839034564379995,28,0.6,0.8,0.2,0,0.5,10,9.5,10,rrt_20260806_235003_021.png
20260806_235003_216,2026-08-06 23:50:03,True,243,59,18.839968560471114,33,0.6,0.8,0.2,0,0.5,10,9.5,10,rrt_20260806_235003_216.png
20260806_235003_425,2026-08-06 23:50:03,True,85,52,15.0,26,0.6,0.8,0.2,0,0.5,10,9.5,10,rrt_20260806_235003_425.png
20260806_235003_608,2026-08-06 23:50:03,True,198,58,18.2358378005877,32,0.6,0.8,0.2,0,0.5,10,9.5,10,rrt_20260806_235003_608.png
20260806_235003_792,2026-08-06 23:50:03,True,209,49,17.984296835945518,31,0.6,0.8,0.2,0,0.5,10,9.5,10,rrt_20260806_235003_792.png
20260806_235005_491,2026-08-06 23:50:05,False,10000,115,0.0,0,0.6,0.8,0.2,0,0.5,10,9.5,10,rrt_20260806_235005_491.png
20260806_235005_800,2026-08-06 23:50:05,True,371,71,17.12456435235392,30,0.6,0.8,0.2,0,0.5,10,9.5,10,rrt_20260806_235005_800.png
20260806_235005_998,2026-08-06 23:50:05,True,279,67,17.78744078328771,31,0.6,0.8,0.2,0,0.5,10,9.5,10,rrt_20260806_235005_998.png
20260806_235006_284,2026-08-06 23:50:06,True,126,49,15.919219720893983,28,0.6,0.8,0.2,0,0.5,10,9.5,10,rrt_20260806_235006_284.png
20260806_235006_508,2026-08-06 23:50:06,True,228,60,18.599999999999998,32,0.6,0.8,0.2,0,0.5,10,9.5,10,rrt_20260806_235006_508.png
20260806_235006_722,2026-08-06 23:50:06,True,504,60,19.799999999999997,34,0.6,0.8,0.2,0,0.5,10,9.5,10,rrt_20260806_235006_722.png
20260806_235006_899,2026-08-06 23:50:06,True,68,37,15.937635026776656,28,0.6,0.8,0.2,0,0.5,10,9.5,10,rrt_20260806_235006_899.png
20260806_235008_281,2026-08-06 23:50:08,False,10000,86,0.0,0,0.6,0.8,0.2,0,0.5,10,9.5,10,rrt_20260806_235008_281.png
20260806_235008_557,2026-08-06 23:50:08,True,579,84,18.83305402855181,33,0.6,0.8,0.2,0,0.5,10,9.5,10,rrt_20260806_235008_557.png
20260806_235009_794,2026-08-06 23:50:09,False,10000,68,0.0,0,0.6,0.8,0.2,0,0.5,10,9.5,10,rrt_20260806_235009_794.png
20260806_235011_329,2026-08-06 23:50:11,False,10000,94,0.0,0,0.6,0.8,0.2,0,0.5,10,9.5,10,rrt_20260806_235011_329.png
20260806_235011_616,2026-08-06 23:50:11,True,363,69,16.536901676797743,29,0.6,0.8,0.2,0,0.5,10,9.5,10,rrt_20260806_235011_616.png
20260806_235011_845,2026-08-06 23:50:11,True,154,47,16.47041075618083,29,0.6,0.8,0.2,0,0.5,10,9.5,10,rrt_20260806_235011_845.png
20260806_235012_043,2026-08-06 23:50:12,True,209,51,19.199999999999996,33,0.6,0.8,0.2,0,0.5,10,9.5,10,rrt_20260806_235012_043.png
20260806_235012_246,2026-08-06 23:50:12,True,97,49,15.348678486573016,27,0.6,0.8,0.2,0,0.5,10,9.5,10,rrt_20260806_235012_246.png
20260806_235013_070,2026-08-06 23:50:13,False,10000,34,0.0,0,0.6,0.8,0.2,0,0.5,10,9.5,10,rrt_20260806_235013_070.png
20260806_235013_289,2026-08-06 23:50:13,True,139,52,17.248696850764873,30,0.6,0.8,0.2,0,0.5,10,9.5,10,rrt_20260806_235013_289.png
20260806_235013_499,2026-08-06 23:50:13,True,464,62,17.4,30,0.6,0.8,0.2,0,0.5,10,9.5,10,rrt_20260806_235013_499.png
20260806_235013_676,2026-08-06 23:50:13,True,76,38,15.387612066682873,27,0.6,0.8,0.2,0,0.5,10,9.5,10,rrt_20260806_235013_676.png
20260806_235013_857,2026-08-06 23:50:13,True,222,54,17.399999999999995,30,0.6,0.8,0.2,0,0.5,10,9.5,10,rrt_20260806_235013_857.png
20260806_235014_703,2026-08-06 23:50:14,False,10000,39,0.0,0,0.6,0.8,0.2,0,0.5,10,9.5,10,rrt_20260806_235014_703.png
20260806_235014_994,2026-08-06 23:50:14,True,210,45,16.799999999999997,29,0.6,0.8,0.2,0,0.5,10,9.5,10,rrt_20260806_235014_994.png
20260806_235015_293,2026-08-06 23:50:15,True,136,50,17.238350296382357,30,0.6,0.8,0.2,0,0.5,10,9.5,10,rrt_20260806_235015_293.png
20260806_235016_137,2026-08-06 23:50:16,False,10000,22,0.0,0,0.6,0.8,0.2,0,0.5,10,9.5,10,rrt_20260806_235016_137.png
20260806_235016_549,2026-08-06 23:50:16,True,1659,85,19.765801089620886,34,0.6,0.8,0.2,0,0.5,10,9.5,10,rrt_20260806_235016_549.png
20260806_235016_799,2026-08-06 23:50:16,True,103,57,15.907003143995604,28,0.6,0.8,0.2,0,0.5,10,9.5,10,rrt_20260806_235016_799.png
20260806_235016_975,2026-08-06 23:50:16,True,132,49,17.643038428937576,31,0.6,0.8,0.2,0,0.5,10,9.5,10,rrt_20260806_235016_975.png
20260806_235017_193,2026-08-06 23:50:17,True,433,91,17.240127493881854,30,0.6,0.8,0.2,0,0.5,10,9.5,10,rrt_20260806_235017_193.png
20260806_235017_393,2026-08-06 23:50:17,True,332,59,16.19763438648833,28,0.6,0.8,0.2,0,0.5,10,9.5,10,rrt_20260806_235017_393.png
20260806_235017_577,2026-08-06 23:50:17,True,252,61,18.55771196844282,32,0.6,0.8,0.2,0,0.5,10,9.5,10,rrt_20260806_235017_577.png
20260806_235019_078,2026-08-06 23:50:19,False,10000,94,0.0,0,0.6,0.8,0.2,0,0.5,10,9.5,10,rrt_20260806_235019_078.png
20260806_235019_351,2026-08-06 23:50:19,True,191,64,17.39999999999999,30,0.6,0.8,0.2,0,0.5,10,9.5,10,rrt_20260806_235019_351.png
20260806_235019_537,2026-08-06 23:50:19,True,145,42,19.200000000000003,33,0.6,0.8,0.2,0,0.5,10,9.5,10,rrt_20260806_235019_537.png
20260806_235019_714,2026-08-06 23:50:19,True,144,54,16.120155980696065,28,0.6,0.8,0.2,0,0.5,10,9.5,10,rrt_20260806_235019_714.png
20260806_235019_912,2026-08-06 23:50:19,True,370,77,18.27837725770311,32,0.6,0.8,0.2,0,0.5,10,9.5,10,rrt_20260806_235019_912.png
20260806_235020_098,2026-08-06 23:50:20,True,124,48,16.60608166605406,29,0.6,0.8,0.2,0,0.5,10,9.5,10,rrt_20260806_235020_098.png
20260806_235020_273,2026-08-06 23:50:20,True,94,43,15.542576394636294,27,0.6,0.8,0.2,0,0.5,10,9.5,10,rrt_20260806_235020_273.png
20260806_235020_442,2026-08-06 23:50:20,True,108,44,15.599999999999994,27,0.6,0.8,0.2,0,0.5,10,9.5,10,rrt_20260806_235020_442.png
20260806_235020_705,2026-08-06 23:50:20,True,128,49,16.665672472597507,29,0.6,0.9,0.2,0,0.5,10,9.5,10,rrt_20260806_235020_705.png
20260806_235020_886,2026-08-06 23:50:20,True,186,59,17.996922330626735,31,0.6,0.9,0.2,0,0.5,10,9.5,10,rrt_20260806_235020_886.png
20260806_235021_081,2026-08-06 23:50:21,True,191,59,17.069834097921465,30,0.6,0.9,0.2,0,0.5,10,9.5,10,rrt_20260806_235021_081.png
20260806_235021_268,2026-08-06 23:50:21,True,217,63,16.460617561702925,29,0.6,0.9,0.2,0,0.5,10,9.5,10,rrt_20260806_235021_268.png
20260806_235021_461,2026-08-06 23:50:21,True,185,52,16.799999999999997,29,0.6,0.9,0.2,0,0.5,10,9.5,10,rrt_20260806_235021_461.png
20260806_235021_637,2026-08-06 23:50:21,True,151,66,15.599999999999996,27,0.6,0.9,0.2,0,0.5,10,9.5,10,rrt_20260806_235021_637.png
20260806_235022_560,2026-08-06 23:50:22,False,10000,43,0.0,0,0.6,0.9,0.2,0,0.5,10,9.5,10,rrt_20260806_235022_560.png
20260806_235022_784,2026-08-06 23:50:22,True,96,46,16.199999999999992,28,0.6,0.9,0.2,0,0.5,10,9.5,10,rrt_20260806_235022_784.png
20260806_235023_038,2026-08-06 23:50:23,True,1123,76,22.200000000000003,38,0.6,0.9,0.2,0,0.5,10,9.5,10,rrt_20260806_235023_038.png
20260806_235023_292,2026-08-06 23:50:23,True,348,67,18.0,31,0.6,0.9,0.2,0,0.5,10,9.5,10,rrt_20260806_235023_292.png
20260806_235023_479,2026-08-06 23:50:23,True,254,64,15.599999999999994,27,0.6,0.9,0.2,0,0.5,10,9.5,10,rrt_20260806_235023_479.png
20260806_235023_721,2026-08-06 23:50:23,True,411,80,18.591734727891836,32,0.6,0.9,0.2,0,0.5,10,9.5,10,rrt_20260806_235023_721.png
20260806_235023_969,2026-08-06 23:50:23,True,138,51,17.65302811491516,31,0.6,0.9,0.2,0,0.5,10,9.5,10,rrt_20260806_235023_969.png
20260806_235024_166,2026-08-06 23:50:24,True,201,69,17.835123691330253,31,0.6,0.9,0.2,0,0.5,10,9.5,10,rrt_20260806_235024_166.png
20260806_235024_347,2026-08-06 23:50:24,True,99,49,16.526721245216415,29,0.6,0.9,0.2,0,0.5,10,9.5,10,rrt_20260806_235024_347.png
20260806_235024_545,2026-08-06 23:50:24,True,117,45,15.581198293124245,27,0.6,0.9,0.2,0,0.5,10,9.5,10,rrt_20260806_235024_545.png
20260806_235024_718,2026-08-06 23:50:24,True,144,46,15.906614603166258,28,0.6,0.9,0.2,0,0.5,10,9.5,10,rrt_20260806_235024_718.png
20260806_235025_565,2026-08-06 23:50:25,False,10000,35,0.0,0,0.6,0.9,0.2,0,0.5,10,9.5,10,rrt_20260806_235025_565.png
20260806_235025_880,2026-08-06 23:50:25,True,298,61,16.199999999999992,28,0.6,0.9,0.2,0,0.5,10,9.5,10,rrt_20260806_235025_880.png
20260806_235026_065,2026-08-06 23:50:26,True,149,54,17.060658690722384,30,0.6,0.9,0.2,0,0.5,10,9.5,10,rrt_20260806_235026_065.png
20260806_235026_261,2026-08-06 23:50:26,True,181,46,16.510881018336338,29,0.6,0.9,0.2,0,0.5,10,9.5,10,rrt_20260806_235026_261.png
20260806_235026_451,2026-08-06 23:50:26,True,121,45,16.199999999999996,28,0.6,0.9,0.2,0,0.5,10,9.5,10,rrt_20260806_235026_451.png
20260806_235026_676,2026-08-06 23:50:26,True,526,92,17.976583939367913,31,0.6,0.9,0.2,0,0.5,10,9.5,10,rrt_20260806_235026_676.png
20260806_235026_914,2026-08-06 23:50:26,True,773,64,15.567015719697679,27,0.6,0.9,0.2,0,0.5,10,9.5,10,rrt_20260806_235026_914.png
20260806_235027_839,2026-08-06 23:50:27,False,10000,40,0.0,0,0.6,0.9,0.2,0,0.5,10,9.5,10,rrt_20260806_235027_839.png
20260806_235028_058,2026-08-06 23:50:28,True,135,53,18.87905403268656,33,0.6,0.9,0.2,0,0.5,10,9.5,10,rrt_20260806_235028_058.png
20260806_235028_227,2026-08-06 23:50:28,True,104,37,15.599999999999998,27,0.6,0.9,0.2,0,0.5,10,9.5,10,rrt_20260806_235028_227.png
20260806_235028_450,2026-08-06 23:50:28,True,216,49,16.799999999999994,29,0.6,0.9,0.2,0,0.5,10,9.5,10,rrt_20260806_235028_450.png
20260806_235028_625,2026-08-06 23:50:28,True,149,58,16.529349960526552,29,0.6,0.9,0.2,0,0.5,10,9.5,10,rrt_20260806_235028_625.png
20260806_235028_816,2026-08-06 23:50:28,True,150,52,15.910418028192357,28,0.6,0.9,0.2,0,0.5,10,9.5,10,rrt_20260806_235028_816.png
20260806_235029_117,2026-08-06 23:50:29,True,1061,72,21.33112589647057,37,0.6,0.9,0.2,0,0.5,10,9.5,10,rrt_20260806_235029_117.png
20260806_235029_365,2026-08-06 23:50:29,True,192,51,15.599999999999994,27,0.6,0.9,0.2,0,0.5,10,9.5,10,rrt_20260806_235029_365.png
20260806_235029_547,2026-08-06 23:50:29,True,143,49,17.399999999999995,30,0.6,0.9,0.2,0,0.5,10,9.5,10,rrt_20260806_235029_547.png
20260806_235029_767,2026-08-06 23:50:29,True,503,79,18.310298952984905,32,0.6,0.9,0.2,0,0.5,10,9.5,10,rrt_20260806_235029_767.png
20260806_235029_961,2026-08-06 23:50:29,True,257,63,18.295245234111313,32,0.6,0.9,0.2,0,0.5,10,9.5,10,rrt_20260806_235029_961.png
20260806_235030_275,2026-08-06 23:50:30,True,1336,100,18.474604639257805,32,0.6,0.9,0.2,0,0.5,10,9.5,10,rrt_20260806_235030_275.png
20260806_235030_506,2026-08-06 23:50:30,True,136,51,15.975724979465063,28,0.6,0.9,0.2,0,0.5,10,9.5,10,rrt_20260806_235030_506.png
20260806_235031_843,2026-08-06 23:50:31,False,10000,82,0.0,0,0.6,0.9,0.2,0,0.5,10,9.5,10,rrt_20260806_235031_843.png
20260806_235032_105,2026-08-06 23:50:32,True,343,73,17.999999999999996,31,0.6,0.9,0.2,0,0.5,10,9.5,10,rrt_20260806_235032_105.png
20260806_235032_322,2026-08-06 23:50:32,True,352,81,18.599999999999998,32,0.6,0.9,0.2,0,0.5,10,9.5,10,rrt_20260806_235032_322.png
20260806_235032_549,2026-08-06 23:50:32,True,521,87,16.2,28,0.6,0.9,0.2,0,0.5,10,9.5,10,rrt_20260806_235032_549.png
20260806_235032_742,2026-08-06 23:50:32,True,104,45,16.799999999999997,29,0.6,0.9,0.2,0,0.5,10,9.5,10,rrt_20260806_235032_742.png
20260806_235032_943,2026-08-06 23:50:32,True,101,49,16.2,28,0.6,0.9,0.2,0,0.5,10,9.5,10,rrt_20260806_235032_943.png
20260806_235033_149,2026-08-06 23:50:33,True,523,75,18.59999999999999,32,0.6,0.9,0.2,0,0.5,10,9.5,10,rrt_20260806_235033_149.png
20260806_235033_346,2026-08-06 23:50:33,True,124,51,15.599999999999998,27,0.6,0.9,0.2,0,0.5,10,9.5,10,rrt_20260806_235033_346.png
20260806_235033_554,2026-08-06 23:50:33,True,133,40,16.799999999999994,29,0.6,0.9,0.2,0,0.5,10,9.5,10,rrt_20260806_235033_554.png
20260806_235033_744,2026-08-06 23:50:33,True,248,60,16.120754387982558,28,0.6,0.9,0.2,0,0.5,10,9.5,10,rrt_20260806_235033_744.png
20260806_235033_936,2026-08-06 23:50:33,True,133,51,16.596164960753132,29,0.6,0.9,0.2,0,0.5,10,9.5,10,rrt_20260806_235033_936.png
20260806_235034_114,2026-08-06 23:50:34,True,227,56,18.6,32,0.6,0.9,0.2,0,0.5,10,9.5,10,rrt_20260806_235034_114.png
20260806_235034_335,2026-08-06 23:50:34,True,153,60,17.696951599347983,31,0.6,0.9,0.2,0,0.5,10,9.5,10,rrt_20260806_235034_335.png
20260806_235034_564,2026-08-06 23:50:34,True,187,77,16.113009007088177,28,0.6,0.9,0.2,0,0.5,10,9.5,10,rrt_20260806_235034_564.png
20260806_235034_792,2026-08-06 23:50:34,True,91,47,15.265014807563656,27,0.6,0.9,0.2,0,0.5,10,9.5,10,rrt_20260806_235034_792.png
20260806_235035_720,2026-08-06 23:50:35,False,10000,42,0.0,0,0.6,0.9,0.2,0,0.5,10,9.5,10,rrt_20260806_235035_720.png
20260806_235035_948,2026-08-06 23:50:35,True,173,52,15.599999999999998,27,0.6,0.9,0.2,0,0.5,10,9.5,10,rrt_20260806_235035_948.png
20260806_235036_188,2026-08-06 23:50:36,True,169,53,15.599999999999998,27,0.6,0.9,0.2,0,0.5,10,9.5,10,rrt_20260806_235036_188.png
20260806_235036_396,2026-08-06 23:50:36,True,106,53,15.816208464808987,28,0.6,0.9,0.2,0,0.5,10,9.5,10,rrt_20260806_235036_396.png
20260806_235036_621,2026-08-06 23:50:36,True,708,80,17.860527032102883,31,0.6,0.9,0.2,0,0.5,10,9.5,10,rrt_20260806_235036_621.png
20260806_235036_837,2026-08-06 23:50:36,True,322,55,16.2,28,0.6,0.9,0.2,0,0.5,10,9.5,10,rrt_20260806_235036_837.png
20260806_235037_668,2026-08-06 23:50:37,False,10000,38,0.0,0,0.6,0.9,0.2,0,0.5,10,9.5,10,rrt_20260806_235037_668.png
20260806_235037_917,2026-08-06 23:50:37,True,182,64,15.920607544195747,28,0.6,0.9,0.2,0,0.5,10,9.5,10,rrt_20260806_235037_917.png
20260806_235038_141,2026-08-06 23:50:38,True,687,80,19.799999999999997,34,0.6,0.9,0.2,0,0.5,10,9.5,10,rrt_20260806_235038_141.png
20260806_235038_363,2026-08-06 23:50:38,True,172,56,18.41738292693427,32,0.6,0.9,0.2,0,0.5,10,9.5,10,rrt_20260806_235038_363.png
20260806_235039_508,2026-08-06 23:50:39,False,10000,70,0.0,0,0.6,0.9,0.2,0,0.5,10,9.5,10,rrt_20260806_235039_508.png
20260806_235039_792,2026-08-06 23:50:39,True,132,52,17.399999999999995,30,0.6,0.9,0.2,0,0.5,10,9.5,10,rrt_20260806_235039_792.png
20260806_235039_978,2026-08-06 23:50:39,True,278,61,18.810038442983718,33,0.6,0.9,0.2,0,0.5,10,9.5,10,rrt_20260806_235039_978.png
20260806_235040_183,2026-08-06 23:50:40,True,409,62,18.959878931957864,33,0.6,0.9,0.2,0,0.5,10,9.5,10,rrt_20260806_235040_183.png
20260806_235041_013,2026-08-06 23:50:41,False,10000,34,0.0,0,0.6,0.9,0.2,0,0.5,10,9.5,10,rrt_20260806_235041_013.png
20260806_235041_231,2026-08-06 23:50:41,True,185,46,16.777556627366305,29,0.6,0.9,0.2,0,0.5,10,9.5,10,rrt_20260806_235041_231.png
20260806_235041_408,2026-08-06 23:50:41,True,107,43,15.572479410194434,27,0.6,0.9,0.2,0,0.5,10,9.5,10,rrt_20260806_235041_408.png
20260806_235041_580,2026-08-06 23:50:41,True,110,50,15.910797249821114,28,0.6,0.9,0.2,0,0.5,10,9.5,10,rrt_20260806_235041_580.png
20260806_235041_767,2026-08-06 23:50:41,True,242,57,16.41194149627739,29,0.6,0.9,0.2,0,0.5,10,9.5,10,rrt_20260806_235041_767.png
20260806_235042_003,2026-08-06 23:50:42,True,427,69,17.62027618896281,31,0.6,0.9,0.2,0,0.5,10,9.5,10,rrt_20260806_235042_003.png
20260806_235042_189,2026-08-06 23:50:42,True,161,57,15.333454175169113,27,0.6,0.9,0.2,0,0.5,10,9.5,10,rrt_20260806_235042_189.png
20260806_235042_420,2026-08-06 23:50:42,True,270,77,17.999999999999993,31,0.6,0.9,0.2,0,0.5,10,9.5,10,rrt_20260806_235042_420.png
20260806_235042_616,2026-08-06 23:50:42,True,264,63,16.2,28,0.6,0.9,0.2,0,0.5,10,9.5,10,rrt_20260806_235042_616.png
20260806_235042_806,2026-08-06 23:50:42,True,120,49,15.802502528908201,28,0.6,0.9,0.2,0,0.5,10,9.5,10,rrt_20260806_235042_806.png
20260806_235042_975,2026-08-06 23:50:42,True,80,42,15.54750880715045,27,0.6,0.9,0.2,0,0.5,10,9.5,10,rrt_20260806_235042_975.png
20260806_235044_204,2026-08-06 23:50:44,False,10000,70,0.0,0,0.6,0.9,0.2,0,0.5,10,9.5,10,rrt_20260806_235044_204.png
20260806_235044_473,2026-08-06 23:50:44,True,120,56,15.303716787298782,27,0.6,0.9,0.2,0,0.5,10,9.5,10,rrt_20260806_235044_473.png
20260806_235044_712,2026-08-06 23:50:44,True,151,58,16.695501197153703,29,0.6,0.9,0.2,0,0.5,10,9.5,10,rrt_20260806_235044_712.png
20260806_235044_988,2026-08-06 23:50:44,True,236,75,17.999999999999993,31,0.6,0.9,0.2,0,0.5,10,9.5,10,rrt_20260806_235044_988.png
20260806_235045_181,2026-08-06 23:50:45,True,161,54,18.351733395263725,32,0.6,0.9,0.2,0,0.5,10,9.5,10,rrt_20260806_235045_181.png
20260806_235045_395,2026-08-06 23:50:45,True,118,52,16.555500625906888,29,0.6,0.9,0.2,0,0.5,10,9.5,10,rrt_20260806_235045_395.png
20260806_235045_577,2026-08-06 23:50:45,True,144,53,15.911399663875562,28,0.6,0.9,0.2,0,0.5,10,9.5,10,rrt_20260806_235045_577.png
20260806_235045_792,2026-08-06 23:50:45,True,147,54,16.720501373790075,29,0.6,0.9,0.2,0,0.5,10,9.5,10,rrt_20260806_235045_792.png
20260806_235046_002,2026-08-06 23:50:46,True,106,47,16.199999999999996,28,0.6,0.9,0.2,0,0.5,10,9.5,10,rrt_20260806_235046_002.png
20260806_235047_398,2026-08-06 23:50:47,False,10000,88,0.0,0,0.6,0.9,0.2,0,0.5,10,9.5,10,rrt_20260806_235047_398.png
20260806_235047_635,2026-08-06 23:50:47,True,142,50,16.685343501279466,29,0.6,0.9,0.2,0,0.5,10,9.5,10,rrt_20260806_235047_635.png
20260806_235047_851,2026-08-06 23:50:47,True,248,60,17.4,30,0.6,0.9,0.2,0,0.5,10,9.5,10,rrt_20260806_235047_851.png
20260806_235048_078,2026-08-06 23:50:48,True,277,50,15.9861300513837,28,0.6,0.9,0.2,0,0.5,10,9.5,10,rrt_20260806_235048_078.png
20260806_235048_258,2026-08-06 23:50:48,True,158,53,16.400138267530675,29,0.6,0.9,0.2,0,0.5,10,9.5,10,rrt_20260806_235048_258.png
20260806_235049_640,2026-08-06 23:50:49,False,10000,87,0.0,0,0.6,0.9,0.2,0,0.5,10,9.5,10,rrt_20260806_235049_640.png
20260806_235050_756,2026-08-06 23:50:50,False,10000,53,0.0,0,0.6,0.9,0.2,0,0.5,10,9.5,10,rrt_20260806_235050_756.png
20260806_235052_315,2026-08-06 23:50:52,False,10000,98,0.0,0,0.6,0.9,0.2,0,0.5,10,9.5,10,rrt_20260806_235052_315.png
20260806_235054_024,2026-08-06 23:50:54,False,10000,114,0.0,0,0.6,0.9,0.2,0,0.5,10,9.5,10,rrt_20260806_235054_024.png
20260806_235054_308,2026-08-06 23:50:54,True,401,70,18.527882074584863,32,0.6,0.9,0.2,0,0.5,10,9.5,10,rrt_20260806_235054_308.png
20260806_235055_560,2026-08-06 23:50:55,False,10000,74,0.0,0,0.6,0.9,0.2,0,0.5,10,9.5,10,rrt_20260806_235055_560.png
20260806_235055_814,2026-08-06 23:50:55,True,125,44,15.437107954166327,27,0.6,0.9,0.2,0,0.5,10,9.5,10,rrt_20260806_235055_814.png
20260806_235056_080,2026-08-06 23:50:56,True,147,57,15.881518898301712,28,0.6,0.9,0.2,0,0.5,10,9.5,10,rrt_20260806_235056_080.png
20260806_235056_341,2026-08-06 23:50:56,True,136,54,16.199999999999996,28,0.6,0.9,0.2,0,0.5,10,9.5,10,rrt_20260806_235056_341.png
20260806_235057_963,2026-08-06 23:50:57,False,10000,106,0.0,0,0.6,1.0,0.2,0,0.5,10,9.5,10,rrt_20260806_235057_963.png
20260806_235058_908,2026-08-06 23:50:58,False,10000,42,0.0,0,0.6,1.0,0.2,0,0.5,10,9.5,10,rrt_20260806_235058_908.png
20260806_235059_949,2026-08-06 23:50:59,False,10000,51,0.0,0,0.6,1.0,0.2,0,0.5,10,9.5,10,rrt_20260806_235059_949.png
20260806_235101_357,2026-08-06 23:51:01,False,10000,79,0.0,0,0.6,1.0,0.2,0,0.5,10,9.5,10,rrt_20260806_235101_357.png
20260806_235102_277,2026-08-06 23:51:02,False,10000,39,0.0,0,0.6,1.0,0.2,0,0.5,10,9.5,10,rrt_20260806_235102_277.png
20260806_235103_743,2026-08-06 23:51:03,False,10000,94,0.0,0,0.6,1.0,0.2,0,0.5,10,9.5,10,rrt_20260806_235103_743.png
20260806_235105_088,2026-08-06 23:51:05,False,10000,77,0.0,0,0.6,1.0,0.2,0,0.5,10,9.5,10,rrt_20260806_235105_088.png
20260806_235106_977,2026-08-06 23:51:06,False,10000,124,0.0,0,0.6,1.0,0.2,0,0.5,10,9.5,10,rrt_20260806_235106_977.png
20260806_235108_434,2026-08-06 23:51:08,False,10000,88,0.0,0,0.6,1.0,0.2,0,0.5,10,9.5,10,rrt_20260806_235108_434.png
20260806_235110_010,2026-08-06 23:51:10,False,10000,97,0.0,0,0.6,1.0,0.2,0,0.5,10,9.5,10,rrt_20260806_235110_010.png
20260806_235111_398,2026-08-06 23:51:11,False,10000,77,0.0,0,0.6,1.0,0.2,0,0.5,10,9.5,10,rrt_20260806_235111_398.png
20260806_235112_326,2026-08-06 23:51:12,False,10000,44,0.0,0,0.6,1.0,0.2,0,0.5,10,9.5,10,rrt_20260806_235112_326.png
20260806_235114_208,2026-08-06 23:51:14,False,10000,131,0.0,0,0.6,1.0,0.2,0,0.5,10,9.5,10,rrt_20260806_235114_208.png
20260806_235115_691,2026-08-06 23:51:15,False,10000,90,0.0,0,0.6,1.0,0.2,0,0.5,10,9.5,10,rrt_20260806_235115_691.png
20260806_235117_180,2026-08-06 23:51:17,False,10000,89,0.0,0,0.6,1.0,0.2,0,0.5,10,9.5,10,rrt_20260806_235117_180.png
20260806_235119_058,2026-08-06 23:51:19,False,10000,128,0.0,0,0.6,1.0,0.2,0,0.5,10,9.5,10,rrt_20260806_235119_058.png
20260806_235119_986,2026-08-06 23:51:19,False,10000,35,0.0,0,0.6,1.0,0.2,0,0.5,10,9.5,10,rrt_20260806_235119_986.png
20260806_235121_825,2026-08-06 23:51:21,False,10000,126,0.0,0,0.6,1.0,0.2,0,0.5,10,9.5,10,rrt_20260806_235121_825.png
20260806_235123_521,2026-08-06 23:51:23,False,10000,110,0.0,0,0.6,1.0,0.2,0,0.5,10,9.5,10,rrt_20260806_235123_521.png
20260806_235124_938,2026-08-06 23:51:24,False,10000,81,0.0,0,0.6,1.0,0.2,0,0.5,10,9.5,10,rrt_20260806_235124_938.png
20260806_235126_345,2026-08-06 23:51:26,False,10000,86,0.0,0,0.6,1.0,0.2,0,0.5,10,9.5,10,rrt_20260806_235126_345.png
20260806_235126_633,2026-08-06 23:51:26,True,559,95,16.799999999999994,29,0.6,1.0,0.2,0,0.5,10,9.5,10,rrt_20260806_235126_633.png
20260806_235128_067,2026-08-06 23:51:28,False,10000,87,0.0,0,0.6,1.0,0.2,0,0.5,10,9.5,10,rrt_20260806_235128_067.png
20260806_235129_476,2026-08-06 23:51:29,False,10000,87,0.0,0,0.6,1.0,0.2,0,0.5,10,9.5,10,rrt_20260806_235129_476.png
20260806_235131_309,2026-08-06 23:51:31,False,10000,126,0.0,0,0.6,1.0,0.2,0,0.5,10,9.5,10,rrt_20260806_235131_309.png
20260806_235131_630,2026-08-06 23:51:31,True,377,76,19.2,33,0.6,1.0,0.2,0,0.5,10,9.5,10,rrt_20260806_235131_630.png
20260806_235132_475,2026-08-06 23:51:32,False,10000,36,0.0,0,0.6,1.0,0.2,0,0.5,10,9.5,10,rrt_20260806_235132_475.png
20260806_235133_918,2026-08-06 23:51:33,False,10000,87,0.0,0,0.6,1.0,0.2,0,0.5,10,9.5,10,rrt_20260806_235133_918.png
20260806_235134_288,2026-08-06 23:51:34,True,657,76,16.799999999999997,29,0.6,1.0,0.2,0,0.5,10,9.5,10,rrt_20260806_235134_288.png
20260806_235134_545,2026-08-06 23:51:34,True,462,91,18.599999999999998,32,0.6,1.0,0.2,0,0.5,10,9.5,10,rrt_20260806_235134_545.png
20260806_235136_324,2026-08-06 23:51:36,False,10000,114,0.0,0,0.6,1.0,0.2,0,0.5,10,9.5,10,rrt_20260806_235136_324.png
20260806_235136_586,2026-08-06 23:51:36,True,255,74,16.8,29,0.6,1.0,0.2,0,0.5,10,9.5,10,rrt_20260806_235136_586.png
20260806_235136_821,2026-08-06 23:51:36,True,532,79,19.79999999999999,34,0.6,1.0,0.2,0,0.5,10,9.5,10,rrt_20260806_235136_821.png
20260806_235138_258,2026-08-06 23:51:38,False,10000,82,0.0,0,0.6,1.0,0.2,0,0.5,10,9.5,10,rrt_20260806_235138_258.png
20260806_235139_729,2026-08-06 23:51:39,False,10000,88,0.0,0,0.6,1.0,0.2,0,0.5,10,9.5,10,rrt_20260806_235139_729.png
20260806_235141_122,2026-08-06 23:51:41,False,10000,78,0.0,0,0.6,1.0,0.2,0,0.5,10,9.5,10,rrt_20260806_235141_122.png
20260806_235141_403,2026-08-06 23:51:41,True,493,78,16.799999999999994,29,0.6,1.0,0.2,0,0.5,10,9.5,10,rrt_20260806_235141_403.png
20260806_235142_788,2026-08-06 23:51:42,False,10000,87,0.0,0,0.6,1.0,0.2,0,0.5,10,9.5,10,rrt_20260806_235142_788.png
20260806_235144_206,2026-08-06 23:51:44,False,10000,83,0.0,0,0.6,1.0,0.2,0,0.5,10,9.5,10,rrt_20260806_235144_206.png
20260806_235145_881,2026-08-06 23:51:45,False,10000,106,0.0,0,0.6,1.0,0.2,0,0.5,10,9.5,10,rrt_20260806_235145_881.png
20260806_235147_598,2026-08-06 23:51:47,False,10000,111,0.0,0,0.6,1.0,0.2,0,0.5,10,9.5,10,rrt_20260806_235147_598.png
20260806_235148_442,2026-08-06 23:51:48,False,10000,34,0.0,0,0.6,1.0,0.2,0,0.5,10,9.5,10,rrt_20260806_235148_442.png
20260806_235149_886,2026-08-06 23:51:49,False,10000,84,0.0,0,0.6,1.0,0.2,0,0.5,10,9.5,10,rrt_20260806_235149_886.png
20260806_235150_200,2026-08-06 23:51:50,True,1011,77,20.400000000000006,35,0.6,1.0,0.2,0,0.5,10,9.5,10,rrt_20260806_235150_200.png
20260806_235151_645,2026-08-06 23:51:51,False,10000,92,0.0,0,0.6,1.0,0.2,0,0.5,10,9.5,10,rrt_20260806_235151_645.png
20260806_235153_158,2026-08-06 23:51:53,False,10000,90,0.0,0,0.6,1.0,0.2,0,0.5,10,9.5,10,rrt_20260806_235153_158.png
20260806_235153_417,2026-08-06 23:51:53,True,353,75,16.799999999999997,29,0.6,1.0,0.2,0,0.5,10,9.5,10,rrt_20260806_235153_417.png
20260806_235153_827,2026-08-06 23:51:53,True,1131,72,17.4,30,0.6,1.0,0.2,0,0.5,10,9.5,10,rrt_20260806_235153_827.png
20260806_235154_922,2026-08-06 23:51:54,False,10000,56,0.0,0,0.6,1.0,0.2,0,0.5,10,9.5,10,rrt_20260806_235154_922.png
20260806_235156_511,2026-08-06 23:51:56,False,10000,102,0.0,0,0.6,1.0,0.2,0,0.5,10,9.5,10,rrt_20260806_235156_511.png
20260806_235158_207,2026-08-06 23:51:58,False,10000,112,0.0,0,0.6,1.0,0.2,0,0.5,10,9.5,10,rrt_20260806_235158_207.png
20260806_235159_757,2026-08-06 23:51:59,False,10000,91,0.0,0,0.6,1.0,0.2,0,0.5,10,9.5,10,rrt_20260806_235159_757.png
20260806_235200_788,2026-08-06 23:52:00,False,10000,48,0.0,0,0.6,1.0,0.2,0,0.5,10,9.5,10,rrt_20260806_235200_788.png
20260806_235202_509,2026-08-06 23:52:02,False,10000,117,0.0,0,0.6,1.0,0.2,0,0.5,10,9.5,10,rrt_20260806_235202_509.png
20260806_235204_092,2026-08-06 23:52:04,False,10000,99,0.0,0,0.6,1.0,0.2,0,0.5,10,9.5,10,rrt_20260806_235204_092.png
20260806_235205_537,2026-08-06 23:52:05,False,10000,92,0.0,0,0.6,1.0,0.2,0,0.5,10,9.5,10,rrt_20260806_235205_537.png
20260806_235207_384,2026-08-06 23:52:07,False,10000,126,0.0,0,0.6,1.0,0.2,0,0.5,10,9.5,10,rrt_20260806_235207_384.png
20260806_235208_912,2026-08-06 23:52:08,False,10000,92,0.0,0,0.6,1.0,0.2,0,0.5,10,9.5,10,rrt_20260806_235208_912.png
20260806_235210_371,2026-08-06 23:52:10,False,10000,89,0.0,0,0.6,1.0,0.2,0,0.5,10,9.5,10,rrt_20260806_235210_371.png
20260806_235211_345,2026-08-06 23:52:11,False,10000,38,0.0,0,0.6,1.0,0.2,0,0.5,10,9.5,10,rrt_20260806_235211_345.png
20260806_235213_313,2026-08-06 23:52:13,False,10000,126,0.0,0,0.6,1.0,0.2,0,0.5,10,9.5,10,rrt_20260806_235213_313.png
20260806_235215_246,2026-08-06 23:52:15,False,10000,129,0.0,0,0.6,1.0,0.2,0,0.5,10,9.5,10,rrt_20260806_235215_246.png
20260806_235216_925,2026-08-06 23:52:16,False,10000,101,0.0,0,0.6,1.0,0.2,0,0.5,10,9.5,10,rrt_20260806_235216_925.png
20260806_235218_649,2026-08-06 23:52:18,False,10000,113,0.0,0,0.6,1.0,0.2,0,0.5,10,9.5,10,rrt_20260806_235218_649.png
20260806_235220_371,2026-08-06 23:52:20,False,10000,115,0.0,0,0.6,1.0,0.2,0,0.5,10,9.5,10,rrt_20260806_235220_371.png
20260806_235222_243,2026-08-06 23:52:22,False,10000,127,0.0,0,0.6,1.0,0.2,0,0.5,10,9.5,10,rrt_20260806_235222_243.png
20260806_235222_533,2026-08-06 23:52:22,True,626,83,19.199999999999996,33,0.6,1.0,0.2,0,0.5,10,9.5,10,rrt_20260806_235222_533.png
20260806_235224_192,2026-08-06 23:52:24,False,10000,109,0.0,0,0.6,1.0,0.2,0,0.5,10,9.5,10,rrt_20260806_235224_192.png
20260806_235224_516,2026-08-06 23:52:24,True,811,106,16.199999999999992,28,0.6,1.0,0.2,0,0.5,10,9.5,10,rrt_20260806_235224_516.png
20260806_235226_247,2026-08-06 23:52:26,False,10000,113,0.0,0,0.6,1.0,0.2,0,0.5,10,9.5,10,rrt_20260806_235226_247.png
20260806_235227_592,2026-08-06 23:52:27,False,10000,74,0.0,0,0.6,1.0,0.2,0,0.5,10,9.5,10,rrt_20260806_235227_592.png
20260806_235228_359,2026-08-06 23:52:28,False,10000,29,0.0,0,0.6,1.0,0.2,0,0.5,10,9.5,10,rrt_20260806_235228_359.png
20260806_235229_921,2026-08-06 23:52:29,False,10000,102,0.0,0,0.6,1.0,0.2,0,0.5,10,9.5,10,rrt_20260806_235229_921.png
20260806_235231_456,2026-08-06 23:52:31,False,10000,95,0.0,0,0.6,1.0,0.2,0,0.5,10,9.5,10,rrt_20260806_235231_456.png
20260806_235232_982,2026-08-06 23:52:32,False,10000,97,0.0,0,0.6,1.0,0.2,0,0.5,10,9.5,10,rrt_20260806_235232_982.png
20260806_235234_801,2026-08-06 23:52:34,False,10000,122,0.0,0,0.6,1.0,0.2,0,0.5,10,9.5,10,rrt_20260806_235234_801.png
20260806_235236_549,2026-08-06 23:52:36,False,10000,107,0.0,0,0.6,1.0,0.2,0,0.5,10,9.5,10,rrt_20260806_235236_549.png
20260806_235237_651,2026-08-06 23:52:37,False,10000,55,0.0,0,0.6,1.0,0.2,0,0.5,10,9.5,10,rrt_20260806_235237_651.png
20260806_235239_242,2026-08-06 23:52:39,False,10000,99,0.0,0,0.6,1.0,0.2,0,0.5,10,9.5,10,rrt_20260806_235239_242.png
20260806_235240_888,2026-08-06 23:52:40,False,10000,106,0.0,0,0.6,1.0,0.2,0,0.5,10,9.5,10,rrt_20260806_235240_888.png
20260806_235241_833,2026-08-06 23:52:41,False,10000,41,0.0,0,0.6,1.0,0.2,0,0.5,10,9.5,10,rrt_20260806_235241_833.png
20260806_235243_296,2026-08-06 23:52:43,False,10000,93,0.0,0,0.6,1.0,0.2,0,0.5,10,9.5,10,rrt_20260806_235243_296.png
20260806_235244_890,2026-08-06 23:52:44,False,10000,103,0.0,0,0.6,1.0,0.2,0,0.5,10,9.5,10,rrt_20260806_235244_890.png
20260806_235246_373,2026-08-06 23:52:46,False,10000,88,0.0,0,0.6,1.0,0.2,0,0.5,10,9.5,10,rrt_20260806_235246_373.png
20260806_235248_112,2026-08-06 23:52:48,False,10000,118,0.0,0,0.6,1.0,0.2,0,0.5,10,9.5,10,rrt_20260806_235248_112.png
20260806_235249_021,2026-08-06 23:52:49,False,10000,33,0.0,0,0.6,1.0,0.2,0,0.5,10,9.5,10,rrt_20260806_235249_021.png
20260806_235250_450,2026-08-06 23:52:50,False,10000,90,0.0,0,0.6,1.0,0.2,0,0.5,10,9.5,10,rrt_20260806_235250_450.png
20260806_235252_163,2026-08-06 23:52:52,False,10000,100,0.0,0,0.6,1.0,0.2,0,0.5,10,9.5,10,rrt_20260806_235252_163.png
20260806_235253_910,2026-08-06 23:52:53,False,10000,114,0.0,0,0.6,1.0,0.2,0,0.5,10,9.5,10,rrt_20260806_235253_910.png
20260806_235254_835,2026-08-06 23:52:54,False,10000,39,0.0,0,0.6,1.0,0.2,0,0.5,10,9.5,10,rrt_20260806_235254_835.png
20260806_235255_115,2026-08-06 23:52:55,True,401,71,18.59999999999999,32,0.6,1.0,0.2,0,0.5,10,9.5,10,rrt_20260806_235255_115.png
20260806_235256_191,2026-08-06 23:52:56,False,10000,54,0.0,0,0.6,1.0,0.2,0,0.5,10,9.5,10,rrt_20260806_235256_191.png
20260806_235256_439,2026-08-06 23:52:56,True,340,67,16.799999999999997,29,0.6,1.0,0.2,0,0.5,10,9.5,10,rrt_20260806_235256_439.png
20260806_235257_405,2026-08-06 23:52:57,False,10000,43,0.0,0,0.6,1.0,0.2,0,0.5,10,9.5,10,rrt_20260806_235257_405.png
20260806_235259_087,2026-08-06 23:52:59,False,10000,111,0.0,0,0.6,1.0,0.2,0,0.5,10,9.5,10,rrt_20260806_235259_087.png
20260806_235300_661,2026-08-06 23:53:00,False,10000,97,0.0,0,0.6,1.0,0.2,0,0.5,10,9.5,10,rrt_20260806_235300_661.png
20260806_235302_035,2026-08-06 23:53:02,False,10000,79,0.0,0,0.6,1.0,0.2,0,0.5,10,9.5,10,rrt_20260806_235302_035.png
20260806_235304_082,2026-08-06 23:53:04,False,10000,145,0.0,0,0.6,1.0,0.2,0,0.5,10,9.5,10,rrt_20260806_235304_082.png
20260806_235304_380,2026-08-06 23:53:04,True,563,98,18.0,31,0.6,1.0,0.2,0,0.5,10,9.5,10,rrt_20260806_235304_380.png
20260806_235304_582,2026-08-06 23:53:04,True,281,69,19.200000000000003,33,0.6,1.0,0.2,0,0.5,10,9.5,10,rrt_20260806_235304_582.png
