run_key,timestamp,path_found,iterations,nodes_in_tree,path_length,path_nodes,step_size,random_rate,start_x,start_y,goal_x,goal_y,map_size,image_filename
20260612_231538_320,2026-06-12 23:15:38,False,10000,161,0.0,0,0.3,0.1,0,0.5,10,9.5,10,rrt_20260612_231538_320.png
20260612_231540_333,2026-06-12 23:15:40,False,10000,95,0.0,0,0.3,0.1,0,0.5,10,9.5,10,rrt_20260612_231540_333.png
20260612_231543_550,2026-06-12 23:15:43,False,10000,214,0.0,0,0.3,0.1,0,0.5,10,9.5,10,rrt_20260612_231543_550.png
20260612_231545_687,2026-06-12 23:15:45,True,8589,173,17.39999999999999,59,0.3,0.1,0,0.5,10,9.5,10,rrt_20260612_231545_687.png
20260612_231547_907,2026-06-12 23:15:47,False,10000,86,0.0,0,0.3,0.1,0,0.5,10,9.5,10,rrt_20260612_231547_907.png
20260612_231548_915,2026-06-12 23:15:48,True,4047,120,20.400000000000013,69,0.3,0.1,0,0.5,10,9.5,10,rrt_20260612_231548_915.png
20260612_231551_501,2026-06-12 23:15:51,False,10000,154,0.0,0,0.3,0.1,0,0.5,10,9.5,10,rrt_20260612_231551_501.png
20260612_231554_293,2026-06-12 23:15:54,False,10000,212,0.0,0,0.3,0.1,0,0.5,10,9.5,10,rrt_20260612_231554_293.png
20260612_231556_097,2026-06-12 23:15:56,False,10000,102,0.0,0,0.3,0.1,0,0.5,10,9.5,10,rrt_20260612_231556_097.png
20260612_231558_664,2026-06-12 23:15:58,True,9339,214,17.100000000000012,58,0.3,0.1,0,0.5,10,9.5,10,rrt_20260612_231558_664.png
20260612_231601_583,2026-06-12 23:16:01,False,10000,214,0.0,0,0.3,0.1,0,0.5,10,9.5,10,rrt_20260612_231601_583.png
20260612_231604_483,2026-06-12 23:16:04,False,10000,179,0.0,0,0.3,0.1,0,0.5,10,9.5,10,rrt_20260612_231604_483.png
20260612_231607_044,2026-06-12 23:16:07,False,10000,153,0.0,0,0.3,0.1,0,0.5,10,9.5,10,rrt_20260612_231607_044.png
20260612_231609_353,2026-06-12 23:16:09,False,10000,182,0.0,0,0.3,0.1,0,0.5,10,9.5,10,rrt_20260612_231609_353.png
20260612_231610_085,2026-06-12 23:16:10,True,2696,120,17.1,58,0.3,0.1,0,0.5,10,9.5,10,rrt_20260612_231610_085.png
20260612_231613_164,2026-06-12 23:16:13,False,10000,254,0.0,0,0.3,0.1,0,0.5,10,9.5,10,rrt_20260612_231613_164.png
20260612_231616_211,2026-06-12 23:16:16,False,10000,164,0.0,0,0.3,0.1,0,0.5,10,9.5,10,rrt_20260612_231616_211.png
20260612_231620_425,2026-06-12 23:16:20,False,10000,151,0.0,0,0.3,0.1,0,0.5,10,9.5,10,rrt_20260612_231620_425.png
20260612_231624_538,2026-06-12 23:16:24,False,10000,194,0.0,0,0.3,0.1,0,0.5,10,9.5,10,rrt_20260612_231624_538.png
20260612_231627_789,2026-06-12 23:16:27,False,10000,172,0.0,0,0.3,0.1,0,0.5,10,9.5,10,rrt_20260612_231627_789.png
20260612_231630_336,2026-06-12 23:16:30,False,10000,199,0.0,0,0.3,0.1,0,0.5,10,9.5,10,rrt_20260612_231630_336.png
20260612_231634_213,2026-06-12 23:16:34,False,10000,185,0.0,0,0.3,0.1,0,0.5,10,9.5,10,rrt_20260612_231634_213.png
20260612_231637_514,2026-06-12 23:16:37,False,10000,189,0.0,0,0.3,0.1,0,0.5,10,9.5,10,rrt_20260612_231637_514.png
20260612_231640_337,2026-06-12 23:16:40,False,10000,196,0.0,0,0.3,0.1,0,0.5,10,9.5,10,rrt_20260612_231640_337.png
20260612_231642_326,2026-06-12 23:16:42,False,10000,96,0.0,0,0.3,0.1,0,0.5,10,9.5,10,rrt_20260612_231642_326.png
20260612_231643_145,2026-06-12 23:16:43,True,2459,120,18.600000000000016,63,0.3,0.1,0,0.5,10,9.5,10,rrt_20260612_231643_145.png
20260612_231646_897,2026-06-12 23:16:46,False,10000,197,0.0,0,0.3,0.1,0,0.5,10,9.5,10,rrt_20260612_231646_897.png
20260612_231649_813,2026-06-12 23:16:49,False,10000,213,0.0,0,0.3,0.1,0,0.5,10,9.5,10,rrt_20260612_231649_813.png
20260612_231652_458,2026-06-12 23:16:52,False,10000,185,0.0,0,0.3,0.1,0,0.5,10,9.5,10,rrt_20260612_231652_458.png
20260612_231654_596,2026-06-12 23:16:54,False,10000,192,0.0,0,0.3,0.1,0,0.5,10,9.5,10,rrt_20260612_231654_596.png
20260612_231655_242,2026-06-12 23:16:55,True,2478,99,17.400000000000006,59,0.3,0.1,0,0.5,10,9.5,10,rrt_20260612_231655_242.png
20260612_231657_837,2026-06-12 23:16:57,False,10000,204,0.0,0,0.3,0.1,0,0.5,10,9.5,10,rrt_20260612_231657_837.png
20260612_231700_285,2026-06-12 23:17:00,False,10000,209,0.0,0,0.3,0.1,0,0.5,10,9.5,10,rrt_20260612_231700_285.png
20260612_231702_888,2026-06-12 23:17:02,False,10000,207,0.0,0,0.3,0.1,0,0.5,10,9.5,10,rrt_20260612_231702_888.png
20260612_231704_699,2026-06-12 23:17:04,False,10000,98,0.0,0,0.3,0.1,0,0.5,10,9.5,10,rrt_20260612_231704_699.png
20260612_231705_270,2026-06-12 23:17:05,True,1975,110,17.7,60,0.3,0.1,0,0.5,10,9.5,10,rrt_20260612_231705_270.png
20260612_231707_692,2026-06-12 23:17:07,False,10000,186,0.0,0,0.3,0.1,0,0.5,10,9.5,10,rrt_20260612_231707_692.png
20260612_231710_551,2026-06-12 23:17:10,False,10000,216,0.0,0,0.3,0.1,0,0.5,10,9.5,10,rrt_20260612_231710_551.png
20260612_231712_089,2026-06-12 23:17:12,True,7160,161,19.200000000000006,65,0.3,0.1,0,0.5,10,9.5,10,rrt_20260612_231712_089.png
20260612_231714_928,2026-06-12 23:17:14,False,10000,219,0.0,0,0.3,0.1,0,0.5,10,9.5,10,rrt_20260612_231714_928.png
20260612_231716_602,2026-06-12 23:17:16,False,10000,96,0.0,0,0.3,0.1,0,0.5,10,9.5,10,rrt_20260612_231716_602.png
20260612_231718_416,2026-06-12 23:17:18,False,10000,99,0.0,0,0.3,0.1,0,0.5,10,9.5,10,rrt_20260612_231718_416.png
20260612_231720_339,2026-06-12 23:17:20,False,10000,142,0.0,0,0.3,0.1,0,0.5,10,9.5,10,rrt_20260612_231720_339.png
20260612_231722_270,2026-06-12 23:17:22,False,10000,100,0.0,0,0.3,0.1,0,0.5,10,9.5,10,rrt_20260612_231722_270.png
20260612_231724_911,2026-06-12 23:17:24,False,10000,195,0.0,0,0.3,0.1,0,0.5,10,9.5,10,rrt_20260612_231724_911.png
20260612_231726_443,2026-06-12 23:17:26,False,10000,97,0.0,0,0.3,0.1,0,0.5,10,9.5,10,rrt_20260612_231726_443.png
20260612_231728_947,2026-06-12 23:17:28,False,10000,166,0.0,0,0.3,0.1,0,0.5,10,9.5,10,rrt_20260612_231728_947.png
20260612_231731_123,2026-06-12 23:17:31,False,10000,189,0.0,0,0.3,0.1,0,0.5,10,9.5,10,rrt_20260612_231731_123.png
20260612_231734_513,2026-06-12 23:17:34,False,10000,247,0.0,0,0.3,0.1,0,0.5,10,9.5,10,rrt_20260612_231734_513.png
20260612_231736_295,2026-06-12 23:17:36,False,10000,94,0.0,0,0.3,0.1,0,0.5,10,9.5,10,rrt_20260612_231736_295.png
20260612_231739_550,2026-06-12 23:17:39,False,10000,201,0.0,0,0.3,0.1,0,0.5,10,9.5,10,rrt_20260612_231739_550.png
20260612_231742_656,2026-06-12 23:17:42,False,10000,221,0.0,0,0.3,0.1,0,0.5,10,9.5,10,rrt_20260612_231742_656.png
20260612_231746_509,2026-06-12 23:17:46,False,10000,199,0.0,0,0.3,0.1,0,0.5,10,9.5,10,rrt_20260612_231746_509.png
20260612_231749_542,2026-06-12 23:17:49,False,10000,197,0.0,0,0.3,0.1,0,0.5,10,9.5,10,rrt_20260612_231749_542.png
20260612_231752_240,2026-06-12 23:17:52,False,10000,234,0.0,0,0.3,0.1,0,0.5,10,9.5,10,rrt_20260612_231752_240.png
20260612_231754_009,2026-06-12 23:17:54,False,10000,98,0.0,0,0.3,0.1,0,0.5,10,9.5,10,rrt_20260612_231754_009.png
20260612_231756_705,2026-06-12 23:17:56,False,10000,208,0.0,0,0.3,0.1,0,0.5,10,9.5,10,rrt_20260612_231756_705.png
20260612_231757_367,2026-06-12 23:17:57,True,1993,98,16.499999999999996,56,0.3,0.1,0,0.5,10,9.5,10,rrt_20260612_231757_367.png
20260612_231800_067,2026-06-12 23:18:00,False,10000,211,0.0,0,0.3,0.1,0,0.5,10,9.5,10,rrt_20260612_231800_067.png
20260612_231801_990,2026-06-12 23:18:01,False,10000,106,0.0,0,0.3,0.1,0,0.5,10,9.5,10,rrt_20260612_231801_990.png
20260612_231803_727,2026-06-12 23:18:03,False,10000,97,0.0,0,0.3,0.1,0,0.5,10,9.5,10,rrt_20260612_231803_727.png
20260612_231805_474,2026-06-12 23:18:05,False,10000,85,0.0,0,0.3,0.1,0,0.5,10,9.5,10,rrt_20260612_231805_474.png
20260612_231807_002,2026-06-12 23:18:07,False,10000,95,0.0,0,0.3,0.1,0,0.5,10,9.5,10,rrt_20260612_231807_002.png
20260612_231809_678,2026-06-12 23:18:09,False,10000,205,0.0,0,0.3,0.1,0,0.5,10,9.5,10,rrt_20260612_231809_678.png
20260612_231812_462,2026-06-12 23:18:12,False,10000,211,0.0,0,0.3,0.1,0,0.5,10,9.5,10,rrt_20260612_231812_462.png
20260612_231814_947,2026-06-12 23:18:14,False,10000,193,0.0,0,0.3,0.1,0,0.5,10,9.5,10,rrt_20260612_231814_947.png
20260612_231817_276,2026-06-12 23:18:17,False,10000,187,0.0,0,0.3,0.1,0,0.5,10,9.5,10,rrt_20260612_231817_276.png
20260612_231819_678,2026-06-12 23:18:19,False,10000,161,0.0,0,0.3,0.1,0,0.5,10,9.5,10,rrt_20260612_231819_678.png
20260612_231822_616,2026-06-12 23:18:22,False,10000,217,0.0,0,0.3,0.1,0,0.5,10,9.5,10,rrt_20260612_231822_616.png
20260612_231825_269,2026-06-12 23:18:25,False,10000,235,0.0,0,0.3,0.1,0,0.5,10,9.5,10,rrt_20260612_231825_269.png
20260612_231827_886,2026-06-12 23:18:27,False,10000,222,0.0,0,0.3,0.1,0,0.5,10,9.5,10,rrt_20260612_231827_886.png
20260612_231828_762,2026-06-12 23:18:28,True,3939,128,20.100000000000012,68,0.3,0.1,0,0.5,10,9.5,10,rrt_20260612_231828_762.png
20260612_231831_302,2026-06-12 23:18:31,False,10000,208,0.0,0,0.3,0.1,0,0.5,10,9.5,10,rrt_20260612_231831_302.png
20260612_231833_861,2026-06-12 23:18:33,False,10000,198,0.0,0,0.3,0.1,0,0.5,10,9.5,10,rrt_20260612_231833_861.png
20260612_231834_842,2026-06-12 23:18:34,True,5033,123,19.800000000000015,67,0.3,0.1,0,0.5,10,9.5,10,rrt_20260612_231834_842.png
20260612_231837_371,2026-06-12 23:18:37,False,10000,193,0.0,0,0.3,0.1,0,0.5,10,9.5,10,rrt_20260612_231837_371.png
20260612_231840_154,2026-06-12 23:18:40,False,10000,169,0.0,0,0.3,0.1,0,0.5,10,9.5,10,rrt_20260612_231840_154.png
20260612_231842_411,2026-06-12 23:18:42,False,10000,165,0.0,0,0.3,0.1,0,0.5,10,9.5,10,rrt_20260612_231842_411.png
20260612_231845_000,2026-06-12 23:18:45,False,10000,188,0.0,0,0.3,0.1,0,0.5,10,9.5,10,rrt_20260612_231845_000.png
20260612_231845_660,2026-06-12 23:18:45,True,2452,108,18.000000000000004,61,0.3,0.1,0,0.5,10,9.5,10,rrt_20260612_231845_660.png
20260612_231848_343,2026-06-12 23:18:48,False,10000,217,0.0,0,0.3,0.1,0,0.5,10,9.5,10,rrt_20260612_231848_343.png
20260612_231850_725,2026-06-12 23:18:50,False,10000,189,0.0,0,0.3,0.1,0,0.5,10,9.5,10,rrt_20260612_231850_725.png
20260612_231853_233,2026-06-12 23:18:53,False,10000,223,0.0,0,0.3,0.1,0,0.5,10,9.5,10,rrt_20260612_231853_233.png
20260612_231856_059,2026-06-12 23:18:56,False,10000,200,0.0,0,0.3,0.1,0,0.5,10,9.5,10,rrt_20260612_231856_059.png
20260612_231857_714,2026-06-12 23:18:57,False,10000,84,0.0,0,0.3,0.1,0,0.5,10,9.5,10,rrt_20260612_231857_714.png
20260612_231859_389,2026-06-12 23:18:59,True,9365,136,20.099999999999998,68,0.3,0.1,0,0.5,10,9.5,10,rrt_20260612_231859_389.png
20260612_231901_756,2026-06-12 23:19:01,False,10000,194,0.0,0,0.3,0.1,0,0.5,10,9.5,10,rrt_20260612_231901_756.png
20260612_231904_217,2026-06-12 23:19:04,False,10000,195,0.0,0,0.3,0.1,0,0.5,10,9.5,10,rrt_20260612_231904_217.png
20260612_231906_663,2026-06-12 23:19:06,False,10000,198,0.0,0,0.3,0.1,0,0.5,10,9.5,10,rrt_20260612_231906_663.png
20260612_231909_347,2026-06-12 23:19:09,False,10000,216,0.0,0,0.3,0.1,0,0.5,10,9.5,10,rrt_20260612_231909_347.png
20260612_231912_643,2026-06-12 23:19:12,False,10000,208,0.0,0,0.3,0.1,0,0.5,10,9.5,10,rrt_20260612_231912_643.png
20260612_231913_709,2026-06-12 23:19:13,True,5060,147,17.700000000000003,60,0.3,0.1,0,0.5,10,9.5,10,rrt_20260612_231913_709.png
20260612_231916_064,2026-06-12 23:19:16,False,10000,162,0.0,0,0.3,0.1,0,0.5,10,9.5,10,rrt_20260612_231916_064.png
20260612_231917_929,2026-06-12 23:19:17,False,10000,97,0.0,0,0.3,0.1,0,0.5,10,9.5,10,rrt_20260612_231917_929.png
20260612_231920_094,2026-06-12 23:19:20,False,10000,151,0.0,0,0.3,0.1,0,0.5,10,9.5,10,rrt_20260612_231920_094.png
20260612_231922_432,2026-06-12 23:19:22,False,10000,171,0.0,0,0.3,0.1,0,0.5,10,9.5,10,rrt_20260612_231922_432.png
20260612_231925_029,2026-06-12 23:19:25,False,10000,184,0.0,0,0.3,0.1,0,0.5,10,9.5,10,rrt_20260612_231925_029.png
20260612_231928_069,2026-06-12 23:19:28,False,10000,223,0.0,0,0.3,0.1,0,0.5,10,9.5,10,rrt_20260612_231928_069.png
20260612_231930_133,2026-06-12 23:19:30,False,10000,159,0.0,0,0.3,0.1,0,0.5,10,9.5,10,rrt_20260612_231930_133.png
20260612_231932_934,2026-06-12 23:19:32,False,10000,194,0.0,0,0.3,0.1,0,0.5,10,9.5,10,rrt_20260612_231932_934.png
20260612_231934_789,2026-06-12 23:19:34,True,5534,236,18.30000000000001,62,0.3,0.2,0,0.5,10,9.5,10,rrt_20260612_231934_789.png
20260612_231936_795,2026-06-12 23:19:36,False,10000,95,0.0,0,0.3,0.2,0,0.5,10,9.5,10,rrt_20260612_231936_795.png
20260612_231939_802,2026-06-12 23:19:39,False,10000,208,0.0,0,0.3,0.2,0,0.5,10,9.5,10,rrt_20260612_231939_802.png
20260612_231942_826,2026-06-12 23:19:42,False,10000,216,0.0,0,0.3,0.2,0,0.5,10,9.5,10,rrt_20260612_231942_826.png
20260612_231946_006,2026-06-12 23:19:46,False,10000,242,0.0,0,0.3,0.2,0,0.5,10,9.5,10,rrt_20260612_231946_006.png
20260612_231947_932,2026-06-12 23:19:47,False,10000,100,0.0,0,0.3,0.2,0,0.5,10,9.5,10,rrt_20260612_231947_932.png
20260612_231951_082,2026-06-12 23:19:51,False,10000,207,0.0,0,0.3,0.2,0,0.5,10,9.5,10,rrt_20260612_231951_082.png
20260612_231952_716,2026-06-12 23:19:52,True,5737,202,18.299999999999997,62,0.3,0.2,0,0.5,10,9.5,10,rrt_20260612_231952_716.png
20260612_231955_332,2026-06-12 23:19:55,False,10000,162,0.0,0,0.3,0.2,0,0.5,10,9.5,10,rrt_20260612_231955_332.png
20260612_231958_567,2026-06-12 23:19:58,False,10000,253,0.0,0,0.3,0.2,0,0.5,10,9.5,10,rrt_20260612_231958_567.png
20260612_232000_562,2026-06-12 23:20:00,False,10000,100,0.0,0,0.3,0.2,0,0.5,10,9.5,10,rrt_20260612_232000_562.png
20260612_232003_471,2026-06-12 23:20:03,True,7089,263,18.300000000000008,62,0.3,0.2,0,0.5,10,9.5,10,rrt_20260612_232003_471.png
20260612_232006_411,2026-06-12 23:20:06,False,10000,160,0.0,0,0.3,0.2,0,0.5,10,9.5,10,rrt_20260612_232006_411.png
20260612_232009_432,2026-06-12 23:20:09,False,10000,217,0.0,0,0.3,0.2,0,0.5,10,9.5,10,rrt_20260612_232009_432.png
20260612_232012_814,2026-06-12 23:20:12,False,10000,202,0.0,0,0.3,0.2,0,0.5,10,9.5,10,rrt_20260612_232012_814.png
20260612_232013_415,2026-06-12 23:20:13,True,1915,139,16.50000000000001,56,0.3,0.2,0,0.5,10,9.5,10,rrt_20260612_232013_415.png
20260612_232015_104,2026-06-12 23:20:15,False,10000,99,0.0,0,0.3,0.2,0,0.5,10,9.5,10,rrt_20260612_232015_104.png
20260612_232017_542,2026-06-12 23:20:17,True,7058,204,18.300000000000008,62,0.3,0.2,0,0.5,10,9.5,10,rrt_20260612_232017_542.png
20260612_232020_113,2026-06-12 23:20:20,False,10000,167,0.0,0,0.3,0.2,0,0.5,10,9.5,10,rrt_20260612_232020_113.png
20260612_232022_460,2026-06-12 23:20:22,False,10000,161,0.0,0,0.3,0.2,0,0.5,10,9.5,10,rrt_20260612_232022_460.png
20260612_232025_219,2026-06-12 23:20:25,False,10000,177,0.0,0,0.3,0.2,0,0.5,10,9.5,10,rrt_20260612_232025_219.png
20260612_232027_818,2026-06-12 23:20:27,False,10000,159,0.0,0,0.3,0.2,0,0.5,10,9.5,10,rrt_20260612_232027_818.png
20260612_232031_053,2026-06-12 23:20:31,False,10000,195,0.0,0,0.3,0.2,0,0.5,10,9.5,10,rrt_20260612_232031_053.png
20260612_232033_717,2026-06-12 23:20:33,True,8755,217,17.400000000000006,59,0.3,0.2,0,0.5,10,9.5,10,rrt_20260612_232033_717.png
20260612_232036_533,2026-06-12 23:20:36,False,10000,211,0.0,0,0.3,0.2,0,0.5,10,9.5,10,rrt_20260612_232036_533.png
20260612_232038_315,2026-06-12 23:20:38,False,10000,94,0.0,0,0.3,0.2,0,0.5,10,9.5,10,rrt_20260612_232038_315.png
20260612_232041_288,2026-06-12 23:20:41,False,10000,193,0.0,0,0.3,0.2,0,0.5,10,9.5,10,rrt_20260612_232041_288.png
20260612_232044_423,2026-06-12 23:20:44,False,10000,220,0.0,0,0.3,0.2,0,0.5,10,9.5,10,rrt_20260612_232044_423.png
20260612_232046_255,2026-06-12 23:20:46,False,10000,85,0.0,0,0.3,0.2,0,0.5,10,9.5,10,rrt_20260612_232046_255.png
20260612_232046_891,2026-06-12 23:20:46,True,1781,123,19.80000000000002,67,0.3,0.2,0,0.5,10,9.5,10,rrt_20260612_232046_891.png
20260612_232048_571,2026-06-12 23:20:48,False,10000,95,0.0,0,0.3,0.2,0,0.5,10,9.5,10,rrt_20260612_232048_571.png
20260612_232050_492,2026-06-12 23:20:50,False,10000,97,0.0,0,0.3,0.2,0,0.5,10,9.5,10,rrt_20260612_232050_492.png
20260612_232053_589,2026-06-12 23:20:53,False,10000,204,0.0,0,0.3,0.2,0,0.5,10,9.5,10,rrt_20260612_232053_589.png
20260612_232054_549,2026-06-12 23:20:54,True,1671,129,21.00000000000001,71,0.3,0.2,0,0.5,10,9.5,10,rrt_20260612_232054_549.png
20260612_232057_305,2026-06-12 23:20:57,False,10000,86,0.0,0,0.3,0.2,0,0.5,10,9.5,10,rrt_20260612_232057_305.png
20260612_232059_232,2026-06-12 23:20:59,False,10000,101,0.0,0,0.3,0.2,0,0.5,10,9.5,10,rrt_20260612_232059_232.png
20260612_232102_257,2026-06-12 23:21:02,False,10000,214,0.0,0,0.3,0.2,0,0.5,10,9.5,10,rrt_20260612_232102_257.png
20260612_232105_241,2026-06-12 23:21:05,False,10000,244,0.0,0,0.3,0.2,0,0.5,10,9.5,10,rrt_20260612_232105_241.png
20260612_232107_772,2026-06-12 23:21:07,False,10000,157,0.0,0,0.3,0.2,0,0.5,10,9.5,10,rrt_20260612_232107_772.png
20260612_232110_738,2026-06-12 23:21:10,False,10000,191,0.0,0,0.3,0.2,0,0.5,10,9.5,10,rrt_20260612_232110_738.png
20260612_232113_421,2026-06-12 23:21:13,False,10000,208,0.0,0,0.3,0.2,0,0.5,10,9.5,10,rrt_20260612_232113_421.png
20260612_232115_996,2026-06-12 23:21:15,False,10000,180,0.0,0,0.3,0.2,0,0.5,10,9.5,10,rrt_20260612_232115_996.png
20260612_232119_018,2026-06-12 23:21:19,False,10000,201,0.0,0,0.3,0.2,0,0.5,10,9.5,10,rrt_20260612_232119_018.png
20260612_232119_792,2026-06-12 23:21:19,True,2673,198,18.000000000000004,61,0.3,0.2,0,0.5,10,9.5,10,rrt_20260612_232119_792.png
20260612_232122_440,2026-06-12 23:21:22,False,10000,185,0.0,0,0.3,0.2,0,0.5,10,9.5,10,rrt_20260612_232122_440.png
20260612_232124_291,2026-06-12 23:21:24,False,10000,122,0.0,0,0.3,0.2,0,0.5,10,9.5,10,rrt_20260612_232124_291.png
20260612_232127_099,2026-06-12 23:21:27,False,10000,217,0.0,0,0.3,0.2,0,0.5,10,9.5,10,rrt_20260612_232127_099.png
20260612_232129_056,2026-06-12 23:21:29,False,10000,97,0.0,0,0.3,0.2,0,0.5,10,9.5,10,rrt_20260612_232129_056.png
20260612_232131_954,2026-06-12 23:21:31,False,10000,213,0.0,0,0.3,0.2,0,0.5,10,9.5,10,rrt_20260612_232131_954.png
20260612_232133_687,2026-06-12 23:21:33,True,7345,210,22.800000000000026,77,0.3,0.2,0,0.5,10,9.5,10,rrt_20260612_232133_687.png
20260612_232135_191,2026-06-12 23:21:35,False,10000,99,0.0,0,0.3,0.2,0,0.5,10,9.5,10,rrt_20260612_232135_191.png
20260612_232135_818,2026-06-12 23:21:35,True,2138,135,17.400000000000016,59,0.3,0.2,0,0.5,10,9.5,10,rrt_20260612_232135_818.png
20260612_232136_643,2026-06-12 23:21:36,True,3175,195,17.400000000000006,59,0.3,0.2,0,0.5,10,9.5,10,rrt_20260612_232136_643.png
20260612_232137_054,2026-06-12 23:21:37,True,1245,139,17.70000000000001,60,0.3,0.2,0,0.5,10,9.5,10,rrt_20260612_232137_054.png
20260612_232140_014,2026-06-12 23:21:40,False,10000,248,0.0,0,0.3,0.2,0,0.5,10,9.5,10,rrt_20260612_232140_014.png
20260612_232142_615,2026-06-12 23:21:42,False,10000,179,0.0,0,0.3,0.2,0,0.5,10,9.5,10,rrt_20260612_232142_615.png
20260612_232144_498,2026-06-12 23:21:44,False,10000,94,0.0,0,0.3,0.2,0,0.5,10,9.5,10,rrt_20260612_232144_498.png
20260612_232145_889,2026-06-12 23:21:45,True,5833,179,21.000000000000014,71,0.3,0.2,0,0.5,10,9.5,10,rrt_20260612_232145_889.png
20260612_232149_174,2026-06-12 23:21:49,False,10000,216,0.0,0,0.3,0.2,0,0.5,10,9.5,10,rrt_20260612_232149_174.png
20260612_232152_696,2026-06-12 23:21:52,False,10000,166,0.0,0,0.3,0.2,0,0.5,10,9.5,10,rrt_20260612_232152_696.png
20260612_232156_446,2026-06-12 23:21:56,False,10000,161,0.0,0,0.3,0.2,0,0.5,10,9.5,10,rrt_20260612_232156_446.png
20260612_232158_796,2026-06-12 23:21:58,True,5412,210,17.700000000000017,60,0.3,0.2,0,0.5,10,9.5,10,rrt_20260612_232158_796.png
20260612_232200_289,2026-06-12 23:22:00,True,3187,181,17.400000000000006,59,0.3,0.2,0,0.5,10,9.5,10,rrt_20260612_232200_289.png
20260612_232203_484,2026-06-12 23:22:03,False,10000,97,0.0,0,0.3,0.2,0,0.5,10,9.5,10,rrt_20260612_232203_484.png
20260612_232204_776,2026-06-12 23:22:04,True,2377,124,18.000000000000014,61,0.3,0.2,0,0.5,10,9.5,10,rrt_20260612_232204_776.png
20260612_232209_666,2026-06-12 23:22:09,False,10000,216,0.0,0,0.3,0.2,0,0.5,10,9.5,10,rrt_20260612_232209_666.png
20260612_232213_631,2026-06-12 23:22:13,False,10000,226,0.0,0,0.3,0.2,0,0.5,10,9.5,10,rrt_20260612_232213_631.png
20260612_232217_955,2026-06-12 23:22:17,False,10000,205,0.0,0,0.3,0.2,0,0.5,10,9.5,10,rrt_20260612_232217_955.png
20260612_232219_637,2026-06-12 23:22:19,False,10000,88,0.0,0,0.3,0.2,0,0.5,10,9.5,10,rrt_20260612_232219_637.png
20260612_232223_205,2026-06-12 23:22:23,False,10000,213,0.0,0,0.3,0.2,0,0.5,10,9.5,10,rrt_20260612_232223_205.png
20260612_232226_873,2026-06-12 23:22:26,False,10000,213,0.0,0,0.3,0.2,0,0.5,10,9.5,10,rrt_20260612_232226_873.png
20260612_232229_481,2026-06-12 23:22:29,False,10000,159,0.0,0,0.3,0.2,0,0.5,10,9.5,10,rrt_20260612_232229_481.png
20260612_232230_008,2026-06-12 23:22:30,True,1320,111,16.500000000000004,56,0.3,0.2,0,0.5,10,9.5,10,rrt_20260612_232230_008.png
20260612_232232_680,2026-06-12 23:22:32,False,10000,187,0.0,0,0.3,0.2,0,0.5,10,9.5,10,rrt_20260612_232232_680.png
20260612_232235_918,2026-06-12 23:22:35,False,10000,193,0.0,0,0.3,0.2,0,0.5,10,9.5,10,rrt_20260612_232235_918.png
20260612_232238_996,2026-06-12 23:22:38,False,10000,199,0.0,0,0.3,0.2,0,0.5,10,9.5,10,rrt_20260612_232238_996.png
20260612_232242_064,2026-06-12 23:22:42,False,10000,196,0.0,0,0.3,0.2,0,0.5,10,9.5,10,rrt_20260612_232242_064.png
20260612_232244_426,2026-06-12 23:22:44,False,10000,159,0.0,0,0.3,0.2,0,0.5,10,9.5,10,rrt_20260612_232244_426.png
20260612_232246_441,2026-06-12 23:22:46,False,10000,100,0.0,0,0.3,0.2,0,0.5,10,9.5,10,rrt_20260612_232246_441.png
20260612_232250_666,2026-06-12 23:22:50,False,10000,204,0.0,0,0.3,0.2,0,0.5,10,9.5,10,rrt_20260612_232250_666.png
20260612_232254_128,2026-06-12 23:22:54,False,10000,203,0.0,0,0.3,0.2,0,0.5,10,9.5,10,rrt_20260612_232254_128.png
20260612_232255_175,2026-06-12 23:22:55,True,2959,196,17.10000000000001,58,0.3,0.2,0,0.5,10,9.5,10,rrt_20260612_232255_175.png
20260612_232259_675,2026-06-12 23:22:59,False,10000,198,0.0,0,0.3,0.2,0,0.5,10,9.5,10,rrt_20260612_232259_675.png
20260612_232303_405,2026-06-12 23:23:03,False,10000,200,0.0,0,0.3,0.2,0,0.5,10,9.5,10,rrt_20260612_232303_405.png
20260612_232306_944,2026-06-12 23:23:06,False,10000,207,0.0,0,0.3,0.2,0,0.5,10,9.5,10,rrt_20260612_232306_944.png
20260612_232309_878,2026-06-12 23:23:09,True,7750,223,17.40000000000001,59,0.3,0.2,0,0.5,10,9.5,10,rrt_20260612_232309_878.png
20260612_232313_952,2026-06-12 23:23:13,False,10000,204,0.0,0,0.3,0.2,0,0.5,10,9.5,10,rrt_20260612_232313_952.png
20260612_232314_860,2026-06-12 23:23:14,True,1544,121,18.600000000000012,63,0.3,0.2,0,0.5,10,9.5,10,rrt_20260612_232314_860.png
20260612_232319_967,2026-06-12 23:23:19,False,10000,246,0.0,0,0.3,0.2,0,0.5,10,9.5,10,rrt_20260612_232319_967.png
20260612_232322_938,2026-06-12 23:23:22,False,10000,85,0.0,0,0.3,0.2,0,0.5,10,9.5,10,rrt_20260612_232322_938.png
20260612_232327_573,2026-06-12 23:23:27,False,10000,188,0.0,0,0.3,0.2,0,0.5,10,9.5,10,rrt_20260612_232327_573.png
20260612_232332_716,2026-06-12 23:23:32,False,10000,195,0.0,0,0.3,0.2,0,0.5,10,9.5,10,rrt_20260612_232332_716.png
20260612_232337_659,2026-06-12 23:23:37,False,10000,215,0.0,0,0.3,0.2,0,0.5,10,9.5,10,rrt_20260612_232337_659.png
20260612_232340_377,2026-06-12 23:23:40,False,10000,128,0.0,0,0.3,0.2,0,0.5,10,9.5,10,rrt_20260612_232340_377.png
20260612_232344_755,2026-06-12 23:23:44,False,10000,235,0.0,0,0.3,0.2,0,0.5,10,9.5,10,rrt_20260612_232344_755.png
20260612_232348_694,2026-06-12 23:23:48,False,10000,200,0.0,0,0.3,0.2,0,0.5,10,9.5,10,rrt_20260612_232348_694.png
20260612_232351_902,2026-06-12 23:23:51,False,10000,194,0.0,0,0.3,0.2,0,0.5,10,9.5,10,rrt_20260612_232351_902.png
20260612_232354_368,2026-06-12 23:23:54,False,10000,99,0.0,0,0.3,0.2,0,0.5,10,9.5,10,rrt_20260612_232354_368.png
20260612_232358_468,2026-06-12 23:23:58,False,10000,223,0.0,0,0.3,0.2,0,0.5,10,9.5,10,rrt_20260612_232358_468.png
20260612_232402_762,2026-06-12 23:24:02,False,10000,214,0.0,0,0.3,0.2,0,0.5,10,9.5,10,rrt_20260612_232402_762.png
20260612_232406_391,2026-06-12 23:24:06,False,10000,198,0.0,0,0.3,0.3,0,0.5,10,9.5,10,rrt_20260612_232406_391.png
20260612_232408_540,2026-06-12 23:24:08,False,10000,90,0.0,0,0.3,0.3,0,0.5,10,9.5,10,rrt_20260612_232408_540.png
20260612_232412_317,2026-06-12 23:24:12,False,10000,218,0.0,0,0.3,0.3,0,0.5,10,9.5,10,rrt_20260612_232412_317.png
20260612_232413_081,2026-06-12 23:24:13,True,2085,175,20.10000000000001,68,0.3,0.3,0,0.5,10,9.5,10,rrt_20260612_232413_081.png
20260612_232415_121,2026-06-12 23:24:15,True,5189,234,18.000000000000004,61,0.3,0.3,0,0.5,10,9.5,10,rrt_20260612_232415_121.png
20260612_232416_671,2026-06-12 23:24:16,True,3336,219,17.400000000000006,59,0.3,0.3,0,0.5,10,9.5,10,rrt_20260612_232416_671.png
20260612_232417_359,2026-06-12 23:24:17,True,586,100,17.100000000000012,58,0.3,0.3,0,0.5,10,9.5,10,rrt_20260612_232417_359.png
20260612_232419_073,2026-06-12 23:24:19,True,4685,189,17.4,59,0.3,0.3,0,0.5,10,9.5,10,rrt_20260612_232419_073.png
20260612_232422_671,2026-06-12 23:24:22,False,10000,235,0.0,0,0.3,0.3,0,0.5,10,9.5,10,rrt_20260612_232422_671.png
20260612_232425_347,2026-06-12 23:24:25,False,10000,154,0.0,0,0.3,0.3,0,0.5,10,9.5,10,rrt_20260612_232425_347.png
20260612_232428_658,2026-06-12 23:24:28,False,10000,204,0.0,0,0.3,0.3,0,0.5,10,9.5,10,rrt_20260612_232428_658.png
20260612_232431_911,2026-06-12 23:24:31,False,10000,213,0.0,0,0.3,0.3,0,0.5,10,9.5,10,rrt_20260612_232431_911.png
20260612_232433_054,2026-06-12 23:24:33,True,2676,242,17.999999999999996,61,0.3,0.3,0,0.5,10,9.5,10,rrt_20260612_232433_054.png
20260612_232436_157,2026-06-12 23:24:36,False,10000,188,0.0,0,0.3,0.3,0,0.5,10,9.5,10,rrt_20260612_232436_157.png
20260612_232438_481,2026-06-12 23:24:38,False,10000,124,0.0,0,0.3,0.3,0,0.5,10,9.5,10,rrt_20260612_232438_481.png
20260612_232441_168,2026-06-12 23:24:41,True,5472,265,18.30000000000001,62,0.3,0.3,0,0.5,10,9.5,10,rrt_20260612_232441_168.png
20260612_232445_301,2026-06-12 23:24:45,False,10000,192,0.0,0,0.3,0.3,0,0.5,10,9.5,10,rrt_20260612_232445_301.png
20260612_232447_694,2026-06-12 23:24:47,False,10000,100,0.0,0,0.3,0.3,0,0.5,10,9.5,10,rrt_20260612_232447_694.png
20260612_232448_559,2026-06-12 23:24:48,True,3795,154,20.70000000000002,70,0.3,0.3,0,0.5,10,9.5,10,rrt_20260612_232448_559.png
20260612_232449_121,2026-06-12 23:24:49,True,1229,126,16.500000000000007,56,0.3,0.3,0,0.5,10,9.5,10,rrt_20260612_232449_121.png
20260612_232451_289,2026-06-12 23:24:51,True,5620,225,17.400000000000002,59,0.3,0.3,0,0.5,10,9.5,10,rrt_20260612_232451_289.png
20260612_232454_840,2026-06-12 23:24:54,False,10000,199,0.0,0,0.3,0.3,0,0.5,10,9.5,10,rrt_20260612_232454_840.png
20260612_232459_113,2026-06-12 23:24:59,False,10000,176,0.0,0,0.3,0.3,0,0.5,10,9.5,10,rrt_20260612_232459_113.png
20260612_232502_003,2026-06-12 23:25:02,False,10000,141,0.0,0,0.3,0.3,0,0.5,10,9.5,10,rrt_20260612_232502_003.png
20260612_232505_012,2026-06-12 23:25:05,False,10000,161,0.0,0,0.3,0.3,0,0.5,10,9.5,10,rrt_20260612_232505_012.png
20260612_232506_719,2026-06-12 23:25:06,True,5592,188,18.90000000000001,64,0.3,0.3,0,0.5,10,9.5,10,rrt_20260612_232506_719.png
20260612_232510_707,2026-06-12 23:25:10,False,10000,209,0.0,0,0.3,0.3,0,0.5,10,9.5,10,rrt_20260612_232510_707.png
20260612_232513_899,2026-06-12 23:25:13,False,10000,179,0.0,0,0.3,0.3,0,0.5,10,9.5,10,rrt_20260612_232513_899.png
20260612_232518_348,2026-06-12 23:25:18,False,10000,248,0.0,0,0.3,0.3,0,0.5,10,9.5,10,rrt_20260612_232518_348.png
20260612_232518_947,2026-06-12 23:25:18,True,1680,126,20.100000000000016,68,0.3,0.3,0,0.5,10,9.5,10,rrt_20260612_232518_947.png
20260612_232520_702,2026-06-12 23:25:20,False,10000,99,0.0,0,0.3,0.3,0,0.5,10,9.5,10,rrt_20260612_232520_702.png
20260612_232523_147,2026-06-12 23:25:23,False,10000,100,0.0,0,0.3,0.3,0,0.5,10,9.5,10,rrt_20260612_232523_147.png
20260612_232526_205,2026-06-12 23:25:26,False,10000,191,0.0,0,0.3,0.3,0,0.5,10,9.5,10,rrt_20260612_232526_205.png
20260612_232529_264,2026-06-12 23:25:29,False,10000,178,0.0,0,0.3,0.3,0,0.5,10,9.5,10,rrt_20260612_232529_264.png
20260612_232530_077,2026-06-12 23:25:30,True,2752,151,20.70000000000002,70,0.3,0.3,0,0.5,10,9.5,10,rrt_20260612_232530_077.png
20260612_232533_187,2026-06-12 23:25:33,False,10000,200,0.0,0,0.3,0.3,0,0.5,10,9.5,10,rrt_20260612_232533_187.png
20260612_232536_563,2026-06-12 23:25:36,False,10000,230,0.0,0,0.3,0.3,0,0.5,10,9.5,10,rrt_20260612_232536_563.png
20260612_232538_911,2026-06-12 23:25:38,False,10000,97,0.0,0,0.3,0.3,0,0.5,10,9.5,10,rrt_20260612_232538_911.png
20260612_232542_615,2026-06-12 23:25:42,False,10000,187,0.0,0,0.3,0.3,0,0.5,10,9.5,10,rrt_20260612_232542_615.png
20260612_232546_538,2026-06-12 23:25:46,False,10000,213,0.0,0,0.3,0.3,0,0.5,10,9.5,10,rrt_20260612_232546_538.png
20260612_232547_458,2026-06-12 23:25:47,True,1421,149,16.5,56,0.3,0.3,0,0.5,10,9.5,10,rrt_20260612_232547_458.png
20260612_232548_131,2026-06-12 23:25:48,True,1495,139,18.300000000000004,62,0.3,0.3,0,0.5,10,9.5,10,rrt_20260612_232548_131.png
20260612_232550_143,2026-06-12 23:25:50,True,4746,223,18.300000000000008,62,0.3,0.3,0,0.5,10,9.5,10,rrt_20260612_232550_143.png
20260612_232552_211,2026-06-12 23:25:52,False,10000,100,0.0,0,0.3,0.3,0,0.5,10,9.5,10,rrt_20260612_232552_211.png
20260612_232556_094,2026-06-12 23:25:56,False,10000,204,0.0,0,0.3,0.3,0,0.5,10,9.5,10,rrt_20260612_232556_094.png
20260612_232558_971,2026-06-12 23:25:58,False,10000,163,0.0,0,0.3,0.3,0,0.5,10,9.5,10,rrt_20260612_232558_971.png
20260612_232559_489,2026-06-12 23:25:59,True,1412,134,20.700000000000014,70,0.3,0.3,0,0.5,10,9.5,10,rrt_20260612_232559_489.png
20260612_232601_998,2026-06-12 23:26:01,False,10000,147,0.0,0,0.3,0.3,0,0.5,10,9.5,10,rrt_20260612_232601_998.png
20260612_232605_030,2026-06-12 23:26:05,False,10000,203,0.0,0,0.3,0.3,0,0.5,10,9.5,10,rrt_20260612_232605_030.png
20260612_232609_021,2026-06-12 23:26:09,False,10000,273,0.0,0,0.3,0.3,0,0.5,10,9.5,10,rrt_20260612_232609_021.png
20260612_232613_157,2026-06-12 23:26:13,False,10000,240,0.0,0,0.3,0.3,0,0.5,10,9.5,10,rrt_20260612_232613_157.png
20260612_232616_364,2026-06-12 23:26:16,False,10000,181,0.0,0,0.3,0.3,0,0.5,10,9.5,10,rrt_20260612_232616_364.png
20260612_232620_196,2026-06-12 23:26:20,False,10000,198,0.0,0,0.3,0.3,0,0.5,10,9.5,10,rrt_20260612_232620_196.png
20260612_232622_655,2026-06-12 23:26:22,False,10000,97,0.0,0,0.3,0.3,0,0.5,10,9.5,10,rrt_20260612_232622_655.png
20260612_232625_879,2026-06-12 23:26:25,False,10000,219,0.0,0,0.3,0.3,0,0.5,10,9.5,10,rrt_20260612_232625_879.png
20260612_232629_586,2026-06-12 23:26:29,False,10000,220,0.0,0,0.3,0.3,0,0.5,10,9.5,10,rrt_20260612_232629_586.png
20260612_232630_752,2026-06-12 23:26:30,True,3406,207,17.099999999999998,58,0.3,0.3,0,0.5,10,9.5,10,rrt_20260612_232630_752.png
20260612_232633_017,2026-06-12 23:26:33,False,10000,125,0.0,0,0.3,0.3,0,0.5,10,9.5,10,rrt_20260612_232633_017.png
20260612_232635_601,2026-06-12 23:26:35,False,10000,153,0.0,0,0.3,0.3,0,0.5,10,9.5,10,rrt_20260612_232635_601.png
20260612_232637_650,2026-06-12 23:26:37,False,10000,100,0.0,0,0.3,0.3,0,0.5,10,9.5,10,rrt_20260612_232637_650.png
20260612_232641_320,2026-06-12 23:26:41,False,10000,213,0.0,0,0.3,0.3,0,0.5,10,9.5,10,rrt_20260612_232641_320.png
20260612_232643_120,2026-06-12 23:26:43,False,10000,94,0.0,0,0.3,0.3,0,0.5,10,9.5,10,rrt_20260612_232643_120.png
20260612_232645_603,2026-06-12 23:26:45,False,10000,156,0.0,0,0.3,0.3,0,0.5,10,9.5,10,rrt_20260612_232645_603.png
20260612_232647_713,2026-06-12 23:26:47,True,5938,270,18.600000000000012,63,0.3,0.3,0,0.5,10,9.5,10,rrt_20260612_232647_713.png
20260612_232648_823,2026-06-12 23:26:48,True,2684,216,17.70000000000001,60,0.3,0.3,0,0.5,10,9.5,10,rrt_20260612_232648_823.png
20260612_232651_912,2026-06-12 23:26:51,False,10000,214,0.0,0,0.3,0.3,0,0.5,10,9.5,10,rrt_20260612_232651_912.png
20260612_232654_778,2026-06-12 23:26:54,False,10000,174,0.0,0,0.3,0.3,0,0.5,10,9.5,10,rrt_20260612_232654_778.png
20260612_232657_790,2026-06-12 23:26:57,False,10000,145,0.0,0,0.3,0.3,0,0.5,10,9.5,10,rrt_20260612_232657_790.png
20260612_232701_294,2026-06-12 23:27:01,False,10000,198,0.0,0,0.3,0.3,0,0.5,10,9.5,10,rrt_20260612_232701_294.png
20260612_232704_440,2026-06-12 23:27:04,False,10000,197,0.0,0,0.3,0.3,0,0.5,10,9.5,10,rrt_20260612_232704_440.png
20260612_232707_946,2026-06-12 23:27:07,False,10000,226,0.0,0,0.3,0.3,0,0.5,10,9.5,10,rrt_20260612_232707_946.png
20260612_232711_113,2026-06-12 23:27:11,False,10000,165,0.0,0,0.3,0.3,0,0.5,10,9.5,10,rrt_20260612_232711_113.png
20260612_232714_699,2026-06-12 23:27:14,False,10000,197,0.0,0,0.3,0.3,0,0.5,10,9.5,10,rrt_20260612_232714_699.png
20260612_232717_297,2026-06-12 23:27:17,False,10000,95,0.0,0,0.3,0.3,0,0.5,10,9.5,10,rrt_20260612_232717_297.png
20260612_232720_371,2026-06-12 23:27:20,False,10000,183,0.0,0,0.3,0.3,0,0.5,10,9.5,10,rrt_20260612_232720_371.png
20260612_232724_638,2026-06-12 23:27:24,False,10000,212,0.0,0,0.3,0.3,0,0.5,10,9.5,10,rrt_20260612_232724_638.png
20260612_232725_246,2026-06-12 23:27:25,True,906,118,17.100000000000005,58,0.3,0.3,0,0.5,10,9.5,10,rrt_20260612_232725_246.png
20260612_232728_635,2026-06-12 23:27:28,False,10000,230,0.0,0,0.3,0.3,0,0.5,10,9.5,10,rrt_20260612_232728_635.png
20260612_232732_288,2026-06-12 23:27:32,False,10000,207,0.0,0,0.3,0.3,0,0.5,10,9.5,10,rrt_20260612_232732_288.png
20260612_232735_337,2026-06-12 23:27:35,False,10000,201,0.0,0,0.3,0.3,0,0.5,10,9.5,10,rrt_20260612_232735_337.png
20260612_232738_340,2026-06-12 23:27:38,False,10000,197,0.0,0,0.3,0.3,0,0.5,10,9.5,10,rrt_20260612_232738_340.png
20260612_232741_516,2026-06-12 23:27:41,False,10000,167,0.0,0,0.3,0.3,0,0.5,10,9.5,10,rrt_20260612_232741_516.png
20260612_232745_037,2026-06-12 23:27:45,False,10000,211,0.0,0,0.3,0.3,0,0.5,10,9.5,10,rrt_20260612_232745_037.png
20260612_232746_619,2026-06-12 23:27:46,True,4416,208,19.200000000000014,65,0.3,0.3,0,0.5,10,9.5,10,rrt_20260612_232746_619.png
20260612_232750_958,2026-06-12 23:27:50,False,10000,243,0.0,0,0.3,0.3,0,0.5,10,9.5,10,rrt_20260612_232750_958.png
20260612_232754_943,2026-06-12 23:27:54,False,10000,205,0.0,0,0.3,0.3,0,0.5,10,9.5,10,rrt_20260612_232754_943.png
20260612_232758_584,2026-06-12 23:27:58,False,10000,183,0.0,0,0.3,0.3,0,0.5,10,9.5,10,rrt_20260612_232758_584.png
20260612_232800_720,2026-06-12 23:28:00,False,10000,98,0.0,0,0.3,0.3,0,0.5,10,9.5,10,rrt_20260612_232800_720.png
20260612_232803_991,2026-06-12 23:28:03,False,10000,216,0.0,0,0.3,0.3,0,0.5,10,9.5,10,rrt_20260612_232803_991.png
20260612_232807_575,2026-06-12 23:28:07,False,10000,218,0.0,0,0.3,0.3,0,0.5,10,9.5,10,rrt_20260612_232807_575.png
20260612_232811_222,2026-06-12 23:28:11,False,10000,218,0.0,0,0.3,0.3,0,0.5,10,9.5,10,rrt_20260612_232811_222.png
20260612_232815_403,2026-06-12 23:28:15,False,10000,244,0.0,0,0.3,0.3,0,0.5,10,9.5,10,rrt_20260612_232815_403.png
20260612_232820_231,2026-06-12 23:28:20,False,10000,209,0.0,0,0.3,0.3,0,0.5,10,9.5,10,rrt_20260612_232820_231.png
20260612_232824_189,2026-06-12 23:28:24,False,10000,209,0.0,0,0.3,0.3,0,0.5,10,9.5,10,rrt_20260612_232824_189.png
20260612_232824_673,2026-06-12 23:28:24,True,811,111,16.800000000000008,57,0.3,0.3,0,0.5,10,9.5,10,rrt_20260612_232824_673.png
20260612_232828_286,2026-06-12 23:28:28,False,10000,227,0.0,0,0.3,0.3,0,0.5,10,9.5,10,rrt_20260612_232828_286.png
20260612_232829_294,2026-06-12 23:28:29,True,2775,215,18.000000000000007,61,0.3,0.3,0,0.5,10,9.5,10,rrt_20260612_232829_294.png
20260612_232832_454,2026-06-12 23:28:32,False,10000,195,0.0,0,0.3,0.3,0,0.5,10,9.5,10,rrt_20260612_232832_454.png
20260612_232836_033,2026-06-12 23:28:36,False,10000,240,0.0,0,0.3,0.3,0,0.5,10,9.5,10,rrt_20260612_232836_033.png
20260612_232839_380,2026-06-12 23:28:39,False,10000,207,0.0,0,0.3,0.3,0,0.5,10,9.5,10,rrt_20260612_232839_380.png
20260612_232843_117,2026-06-12 23:28:43,False,10000,192,0.0,0,0.3,0.4,0,0.5,10,9.5,10,rrt_20260612_232843_117.png
20260612_232846_864,2026-06-12 23:28:46,False,10000,186,0.0,0,0.3,0.4,0,0.5,10,9.5,10,rrt_20260612_232846_864.png
20260612_232852_209,2026-06-12 23:28:52,False,10000,236,0.0,0,0.3,0.4,0,0.5,10,9.5,10,rrt_20260612_232852_209.png
20260612_232855_902,2026-06-12 23:28:55,False,10000,195,0.0,0,0.3,0.4,0,0.5,10,9.5,10,rrt_20260612_232855_902.png
20260612_232900_385,2026-06-12 23:29:00,False,10000,274,0.0,0,0.3,0.4,0,0.5,10,9.5,10,rrt_20260612_232900_385.png
20260612_232904_306,2026-06-12 23:29:04,False,10000,229,0.0,0,0.3,0.4,0,0.5,10,9.5,10,rrt_20260612_232904_306.png
20260612_232907_595,2026-06-12 23:29:07,False,10000,179,0.0,0,0.3,0.4,0,0.5,10,9.5,10,rrt_20260612_232907_595.png
20260612_232910_626,2026-06-12 23:29:10,False,10000,178,0.0,0,0.3,0.4,0,0.5,10,9.5,10,rrt_20260612_232910_626.png
20260612_232912_650,2026-06-12 23:29:12,False,10000,101,0.0,0,0.3,0.4,0,0.5,10,9.5,10,rrt_20260612_232912_650.png
20260612_232913_400,2026-06-12 23:29:13,True,1891,207,16.800000000000008,57,0.3,0.4,0,0.5,10,9.5,10,rrt_20260612_232913_400.png
20260612_232917_502,2026-06-12 23:29:17,False,10000,204,0.0,0,0.3,0.4,0,0.5,10,9.5,10,rrt_20260612_232917_502.png
20260612_232921_999,2026-06-12 23:29:22,False,10000,207,0.0,0,0.3,0.4,0,0.5,10,9.5,10,rrt_20260612_232921_999.png
20260612_232925_559,2026-06-12 23:29:25,False,10000,187,0.0,0,0.3,0.4,0,0.5,10,9.5,10,rrt_20260612_232925_559.png
20260612_232929_113,2026-06-12 23:29:29,False,10000,221,0.0,0,0.3,0.4,0,0.5,10,9.5,10,rrt_20260612_232929_113.png
20260612_232932_282,2026-06-12 23:29:32,False,10000,190,0.0,0,0.3,0.4,0,0.5,10,9.5,10,rrt_20260612_232932_282.png
20260612_232935_420,2026-06-12 23:29:35,False,10000,197,0.0,0,0.3,0.4,0,0.5,10,9.5,10,rrt_20260612_232935_420.png
20260612_232936_811,2026-06-12 23:29:36,True,2665,248,16.799999999999997,57,0.3,0.4,0,0.5,10,9.5,10,rrt_20260612_232936_811.png
20260612_232939_778,2026-06-12 23:29:39,False,10000,204,0.0,0,0.3,0.4,0,0.5,10,9.5,10,rrt_20260612_232939_778.png
20260612_232941_429,2026-06-12 23:29:41,False,10000,83,0.0,0,0.3,0.4,0,0.5,10,9.5,10,rrt_20260612_232941_429.png
20260612_232945_034,2026-06-12 23:29:45,False,10000,203,0.0,0,0.3,0.4,0,0.5,10,9.5,10,rrt_20260612_232945_034.png
20260612_232949_035,2026-06-12 23:29:49,False,10000,220,0.0,0,0.3,0.4,0,0.5,10,9.5,10,rrt_20260612_232949_035.png
20260612_232954_417,2026-06-12 23:29:54,False,10000,219,0.0,0,0.3,0.4,0,0.5,10,9.5,10,rrt_20260612_232954_417.png
20260612_232957_904,2026-06-12 23:29:57,False,10000,145,0.0,0,0.3,0.4,0,0.5,10,9.5,10,rrt_20260612_232957_904.png
20260612_233001_582,2026-06-12 23:30:01,False,10000,209,0.0,0,0.3,0.4,0,0.5,10,9.5,10,rrt_20260612_233001_582.png
20260612_233005_659,2026-06-12 23:30:05,False,10000,229,0.0,0,0.3,0.4,0,0.5,10,9.5,10,rrt_20260612_233005_659.png
20260612_233007_068,2026-06-12 23:30:07,True,3553,196,18.30000000000001,62,0.3,0.4,0,0.5,10,9.5,10,rrt_20260612_233007_068.png
20260612_233010_598,2026-06-12 23:30:10,False,10000,237,0.0,0,0.3,0.4,0,0.5,10,9.5,10,rrt_20260612_233010_598.png
20260612_233013_430,2026-06-12 23:30:13,False,10000,174,0.0,0,0.3,0.4,0,0.5,10,9.5,10,rrt_20260612_233013_430.png
20260612_233016_960,2026-06-12 23:30:16,False,10000,205,0.0,0,0.3,0.4,0,0.5,10,9.5,10,rrt_20260612_233016_960.png
20260612_233020_760,2026-06-12 23:30:20,False,10000,215,0.0,0,0.3,0.4,0,0.5,10,9.5,10,rrt_20260612_233020_760.png
20260612_233024_466,2026-06-12 23:30:24,False,10000,186,0.0,0,0.3,0.4,0,0.5,10,9.5,10,rrt_20260612_233024_466.png
20260612_233027_004,2026-06-12 23:30:27,False,10000,107,0.0,0,0.3,0.4,0,0.5,10,9.5,10,rrt_20260612_233027_004.png
20260612_233027_491,2026-06-12 23:30:27,True,408,105,16.800000000000008,57,0.3,0.4,0,0.5,10,9.5,10,rrt_20260612_233027_491.png
20260612_233031_200,2026-06-12 23:30:31,False,10000,229,0.0,0,0.3,0.4,0,0.5,10,9.5,10,rrt_20260612_233031_200.png
20260612_233032_028,2026-06-12 23:30:32,True,1942,176,18.30000000000001,62,0.3,0.4,0,0.5,10,9.5,10,rrt_20260612_233032_028.png
20260612_233035_035,2026-06-12 23:30:35,False,10000,180,0.0,0,0.3,0.4,0,0.5,10,9.5,10,rrt_20260612_233035_035.png
20260612_233037_589,2026-06-12 23:30:37,False,10000,139,0.0,0,0.3,0.4,0,0.5,10,9.5,10,rrt_20260612_233037_589.png
20260612_233039_418,2026-06-12 23:30:39,False,10000,82,0.0,0,0.3,0.4,0,0.5,10,9.5,10,rrt_20260612_233039_418.png
20260612_233043_460,2026-06-12 23:30:43,False,10000,247,0.0,0,0.3,0.4,0,0.5,10,9.5,10,rrt_20260612_233043_460.png
20260612_233044_534,2026-06-12 23:30:44,True,2791,259,18.300000000000004,62,0.3,0.4,0,0.5,10,9.5,10,rrt_20260612_233044_534.png
20260612_233046_578,2026-06-12 23:30:46,False,10000,97,0.0,0,0.3,0.4,0,0.5,10,9.5,10,rrt_20260612_233046_578.png
20260612_233049_353,2026-06-12 23:30:49,False,10000,153,0.0,0,0.3,0.4,0,0.5,10,9.5,10,rrt_20260612_233049_353.png
20260612_233052_661,2026-06-12 23:30:52,False,10000,150,0.0,0,0.3,0.4,0,0.5,10,9.5,10,rrt_20260612_233052_661.png
20260612_233056_478,2026-06-12 23:30:56,False,10000,210,0.0,0,0.3,0.4,0,0.5,10,9.5,10,rrt_20260612_233056_478.png
20260612_233058_656,2026-06-12 23:30:58,False,10000,116,0.0,0,0.3,0.4,0,0.5,10,9.5,10,rrt_20260612_233058_656.png
20260612_233101_959,2026-06-12 23:31:01,False,10000,201,0.0,0,0.3,0.4,0,0.5,10,9.5,10,rrt_20260612_233101_959.png
20260612_233102_758,2026-06-12 23:31:02,True,1885,198,17.40000000000001,59,0.3,0.4,0,0.5,10,9.5,10,rrt_20260612_233102_758.png
20260612_233103_202,2026-06-12 23:31:03,True,524,113,18.900000000000016,64,0.3,0.4,0,0.5,10,9.5,10,rrt_20260612_233103_202.png
20260612_233106_638,2026-06-12 23:31:06,False,10000,217,0.0,0,0.3,0.4,0,0.5,10,9.5,10,rrt_20260612_233106_638.png
20260612_233109_763,2026-06-12 23:31:09,False,10000,181,0.0,0,0.3,0.4,0,0.5,10,9.5,10,rrt_20260612_233109_763.png
20260612_233111_220,2026-06-12 23:31:11,True,3755,242,19.500000000000004,66,0.3,0.4,0,0.5,10,9.5,10,rrt_20260612_233111_220.png
20260612_233114_178,2026-06-12 23:31:14,False,10000,156,0.0,0,0.3,0.4,0,0.5,10,9.5,10,rrt_20260612_233114_178.png
20260612_233115_538,2026-06-12 23:31:15,True,2834,232,17.10000000000001,58,0.3,0.4,0,0.5,10,9.5,10,rrt_20260612_233115_538.png
20260612_233119_399,2026-06-12 23:31:19,False,10000,219,0.0,0,0.3,0.4,0,0.5,10,9.5,10,rrt_20260612_233119_399.png
20260612_233123_320,2026-06-12 23:31:23,False,10000,200,0.0,0,0.3,0.4,0,0.5,10,9.5,10,rrt_20260612_233123_320.png
20260612_233127_312,2026-06-12 23:31:27,False,10000,213,0.0,0,0.3,0.4,0,0.5,10,9.5,10,rrt_20260612_233127_312.png
20260612_233130_243,2026-06-12 23:31:30,False,10000,141,0.0,0,0.3,0.4,0,0.5,10,9.5,10,rrt_20260612_233130_243.png
20260612_233133_474,2026-06-12 23:31:33,False,10000,197,0.0,0,0.3,0.4,0,0.5,10,9.5,10,rrt_20260612_233133_474.png
20260612_233136_306,2026-06-12 23:31:36,False,10000,166,0.0,0,0.3,0.4,0,0.5,10,9.5,10,rrt_20260612_233136_306.png
20260612_233138_754,2026-06-12 23:31:38,False,10000,160,0.0,0,0.3,0.4,0,0.5,10,9.5,10,rrt_20260612_233138_754.png
20260612_233142_077,2026-06-12 23:31:42,False,10000,181,0.0,0,0.3,0.4,0,0.5,10,9.5,10,rrt_20260612_233142_077.png
20260612_233145_100,2026-06-12 23:31:45,False,10000,180,0.0,0,0.3,0.4,0,0.5,10,9.5,10,rrt_20260612_233145_100.png
20260612_233146_181,2026-06-12 23:31:46,True,2832,236,18.00000000000001,61,0.3,0.4,0,0.5,10,9.5,10,rrt_20260612_233146_181.png
20260612_233146_868,2026-06-12 23:31:46,True,1650,172,16.799999999999997,57,0.3,0.4,0,0.5,10,9.5,10,rrt_20260612_233146_868.png
20260612_233150_467,2026-06-12 23:31:50,False,10000,176,0.0,0,0.3,0.4,0,0.5,10,9.5,10,rrt_20260612_233150_467.png
20260612_233154_422,2026-06-12 23:31:54,False,10000,224,0.0,0,0.3,0.4,0,0.5,10,9.5,10,rrt_20260612_233154_422.png
20260612_233158_082,2026-06-12 23:31:58,False,10000,211,0.0,0,0.3,0.4,0,0.5,10,9.5,10,rrt_20260612_233158_082.png
20260612_233158_929,2026-06-12 23:31:58,True,1624,213,17.4,59,0.3,0.4,0,0.5,10,9.5,10,rrt_20260612_233158_929.png
20260612_233202_319,2026-06-12 23:32:02,False,10000,217,0.0,0,0.3,0.4,0,0.5,10,9.5,10,rrt_20260612_233202_319.png
20260612_233205_971,2026-06-12 23:32:05,False,10000,214,0.0,0,0.3,0.4,0,0.5,10,9.5,10,rrt_20260612_233205_971.png
20260612_233209_353,2026-06-12 23:32:09,False,10000,209,0.0,0,0.3,0.4,0,0.5,10,9.5,10,rrt_20260612_233209_353.png
20260612_233209_842,2026-06-12 23:32:09,True,641,122,16.80000000000001,57,0.3,0.4,0,0.5,10,9.5,10,rrt_20260612_233209_842.png
20260612_233214_162,2026-06-12 23:32:14,False,10000,287,0.0,0,0.3,0.4,0,0.5,10,9.5,10,rrt_20260612_233214_162.png
20260612_233216_592,2026-06-12 23:32:16,False,10000,100,0.0,0,0.3,0.4,0,0.5,10,9.5,10,rrt_20260612_233216_592.png
20260612_233217_141,2026-06-12 23:32:17,True,965,128,19.200000000000006,65,0.3,0.4,0,0.5,10,9.5,10,rrt_20260612_233217_141.png
20260612_233220_923,2026-06-12 23:32:20,False,10000,210,0.0,0,0.3,0.4,0,0.5,10,9.5,10,rrt_20260612_233220_923.png
20260612_233225_400,2026-06-12 23:32:25,False,10000,162,0.0,0,0.3,0.4,0,0.5,10,9.5,10,rrt_20260612_233225_400.png
20260612_233226_549,2026-06-12 23:32:26,True,1822,192,17.700000000000003,60,0.3,0.4,0,0.5,10,9.5,10,rrt_20260612_233226_549.png
20260612_233230_670,2026-06-12 23:32:30,False,10000,203,0.0,0,0.3,0.4,0,0.5,10,9.5,10,rrt_20260612_233230_670.png
20260612_233234_592,2026-06-12 23:32:34,False,10000,159,0.0,0,0.3,0.4,0,0.5,10,9.5,10,rrt_20260612_233234_592.png
20260612_233235_370,2026-06-12 23:32:35,True,1224,164,19.50000000000002,66,0.3,0.4,0,0.5,10,9.5,10,rrt_20260612_233235_370.png
20260612_233237_901,2026-06-12 23:32:37,False,10000,87,0.0,0,0.3,0.4,0,0.5,10,9.5,10,rrt_20260612_233237_901.png
20260612_233238_765,2026-06-12 23:32:38,True,1453,162,17.70000000000001,60,0.3,0.4,0,0.5,10,9.5,10,rrt_20260612_233238_765.png
20260612_233240_708,2026-06-12 23:32:40,True,4548,218,18.00000000000001,61,0.3,0.4,0,0.5,10,9.5,10,rrt_20260612_233240_708.png
20260612_233245_050,2026-06-12 23:32:45,False,10000,243,0.0,0,0.3,0.4,0,0.5,10,9.5,10,rrt_20260612_233245_050.png
20260612_233249_103,2026-06-12 23:32:49,False,10000,209,0.0,0,0.3,0.4,0,0.5,10,9.5,10,rrt_20260612_233249_103.png
20260612_233253_564,2026-06-12 23:32:53,False,10000,191,0.0,0,0.3,0.4,0,0.5,10,9.5,10,rrt_20260612_233253_564.png
20260612_233257_594,2026-06-12 23:32:57,False,10000,233,0.0,0,0.3,0.4,0,0.5,10,9.5,10,rrt_20260612_233257_594.png
20260612_233300_859,2026-06-12 23:33:00,False,10000,173,0.0,0,0.3,0.4,0,0.5,10,9.5,10,rrt_20260612_233300_859.png
20260612_233302_485,2026-06-12 23:33:02,True,3463,231,18.30000000000001,62,0.3,0.4,0,0.5,10,9.5,10,rrt_20260612_233302_485.png
20260612_233303_488,2026-06-12 23:33:03,True,2474,223,17.700000000000017,60,0.3,0.4,0,0.5,10,9.5,10,rrt_20260612_233303_488.png
20260612_233305_765,2026-06-12 23:33:05,False,10000,126,0.0,0,0.3,0.4,0,0.5,10,9.5,10,rrt_20260612_233305_765.png
20260612_233309_109,2026-06-12 23:33:09,False,10000,198,0.0,0,0.3,0.4,0,0.5,10,9.5,10,rrt_20260612_233309_109.png
20260612_233312_499,2026-06-12 23:33:12,False,10000,182,0.0,0,0.3,0.4,0,0.5,10,9.5,10,rrt_20260612_233312_499.png
20260612_233316_263,2026-06-12 23:33:16,False,10000,214,0.0,0,0.3,0.4,0,0.5,10,9.5,10,rrt_20260612_233316_263.png
20260612_233320_027,2026-06-12 23:33:20,False,10000,171,0.0,0,0.3,0.4,0,0.5,10,9.5,10,rrt_20260612_233320_027.png
20260612_233320_893,2026-06-12 23:33:20,True,1375,128,19.200000000000014,65,0.3,0.4,0,0.5,10,9.5,10,rrt_20260612_233320_893.png
20260612_233324_268,2026-06-12 23:33:24,False,10000,151,0.0,0,0.3,0.4,0,0.5,10,9.5,10,rrt_20260612_233324_268.png
20260612_233327_808,2026-06-12 23:33:27,False,10000,173,0.0,0,0.3,0.4,0,0.5,10,9.5,10,rrt_20260612_233327_808.png
20260612_233328_394,2026-06-12 23:33:28,True,908,160,17.700000000000003,60,0.3,0.4,0,0.5,10,9.5,10,rrt_20260612_233328_394.png
20260612_233332_750,2026-06-12 23:33:32,False,10000,245,0.0,0,0.3,0.5,0,0.5,10,9.5,10,rrt_20260612_233332_750.png
20260612_233336_451,2026-06-12 23:33:36,False,10000,211,0.0,0,0.3,0.5,0,0.5,10,9.5,10,rrt_20260612_233336_451.png
20260612_233339_331,2026-06-12 23:33:39,False,10000,173,0.0,0,0.3,0.5,0,0.5,10,9.5,10,rrt_20260612_233339_331.png
20260612_233342_798,2026-06-12 23:33:42,False,10000,204,0.0,0,0.3,0.5,0,0.5,10,9.5,10,rrt_20260612_233342_798.png
20260612_233347_070,2026-06-12 23:33:47,False,10000,243,0.0,0,0.3,0.5,0,0.5,10,9.5,10,rrt_20260612_233347_070.png
20260612_233351_331,2026-06-12 23:33:51,False,10000,203,0.0,0,0.3,0.5,0,0.5,10,9.5,10,rrt_20260612_233351_331.png
20260612_233356_153,2026-06-12 23:33:56,False,10000,210,0.0,0,0.3,0.5,0,0.5,10,9.5,10,rrt_20260612_233356_153.png
20260612_233356_936,2026-06-12 23:33:56,True,441,110,16.800000000000008,57,0.3,0.5,0,0.5,10,9.5,10,rrt_20260612_233356_936.png
20260612_233359_499,2026-06-12 23:33:59,False,10000,96,0.0,0,0.3,0.5,0,0.5,10,9.5,10,rrt_20260612_233359_499.png
20260612_233400_032,2026-06-12 23:34:00,True,842,143,19.50000000000001,66,0.3,0.5,0,0.5,10,9.5,10,rrt_20260612_233400_032.png
20260612_233403_564,2026-06-12 23:34:03,False,10000,199,0.0,0,0.3,0.5,0,0.5,10,9.5,10,rrt_20260612_233403_564.png
20260612_233407_557,2026-06-12 23:34:07,False,10000,209,0.0,0,0.3,0.5,0,0.5,10,9.5,10,rrt_20260612_233407_557.png
20260612_233408_195,2026-06-12 23:34:08,True,1161,165,20.1,68,0.3,0.5,0,0.5,10,9.5,10,rrt_20260612_233408_195.png
20260612_233411_807,2026-06-12 23:34:11,False,10000,207,0.0,0,0.3,0.5,0,0.5,10,9.5,10,rrt_20260612_233411_807.png
20260612_233415_892,2026-06-12 23:34:15,False,10000,218,0.0,0,0.3,0.5,0,0.5,10,9.5,10,rrt_20260612_233415_892.png
20260612_233419_238,2026-06-12 23:34:19,False,10000,155,0.0,0,0.3,0.5,0,0.5,10,9.5,10,rrt_20260612_233419_238.png
20260612_233420_382,2026-06-12 23:34:20,True,2387,247,18.900000000000013,64,0.3,0.5,0,0.5,10,9.5,10,rrt_20260612_233420_382.png
20260612_233425_320,2026-06-12 23:34:25,False,10000,226,0.0,0,0.3,0.5,0,0.5,10,9.5,10,rrt_20260612_233425_320.png
20260612_233426_866,2026-06-12 23:34:26,True,3413,207,18.300000000000004,62,0.3,0.5,0,0.5,10,9.5,10,rrt_20260612_233426_866.png
20260612_233431_355,2026-06-12 23:34:31,False,10000,244,0.0,0,0.3,0.5,0,0.5,10,9.5,10,rrt_20260612_233431_355.png
20260612_233432_016,2026-06-12 23:34:32,True,857,172,17.1,58,0.3,0.5,0,0.5,10,9.5,10,rrt_20260612_233432_016.png
20260612_233432_981,2026-06-12 23:34:32,True,2043,253,18.000000000000007,61,0.3,0.5,0,0.5,10,9.5,10,rrt_20260612_233432_981.png
20260612_233437_550,2026-06-12 23:34:37,False,10000,195,0.0,0,0.3,0.5,0,0.5,10,9.5,10,rrt_20260612_233437_550.png
20260612_233441_618,2026-06-12 23:34:41,False,10000,167,0.0,0,0.3,0.5,0,0.5,10,9.5,10,rrt_20260612_233441_618.png
20260612_233445_661,2026-06-12 23:34:45,False,10000,208,0.0,0,0.3,0.5,0,0.5,10,9.5,10,rrt_20260612_233445_661.png
20260612_233449_922,2026-06-12 23:34:49,False,10000,212,0.0,0,0.3,0.5,0,0.5,10,9.5,10,rrt_20260612_233449_922.png
20260612_233454_115,2026-06-12 23:34:54,False,10000,199,0.0,0,0.3,0.5,0,0.5,10,9.5,10,rrt_20260612_233454_115.png
20260612_233454_889,2026-06-12 23:34:54,True,2513,187,22.50000000000002,76,0.3,0.5,0,0.5,10,9.5,10,rrt_20260612_233454_889.png
20260612_233455_689,2026-06-12 23:34:55,True,1282,174,18.90000000000001,64,0.3,0.5,0,0.5,10,9.5,10,rrt_20260612_233455_689.png
20260612_233500_273,2026-06-12 23:35:00,False,10000,203,0.0,0,0.3,0.5,0,0.5,10,9.5,10,rrt_20260612_233500_273.png
20260612_233504_413,2026-06-12 23:35:04,False,10000,207,0.0,0,0.3,0.5,0,0.5,10,9.5,10,rrt_20260612_233504_413.png
20260612_233506_437,2026-06-12 23:35:06,False,10000,87,0.0,0,0.3,0.5,0,0.5,10,9.5,10,rrt_20260612_233506_437.png
20260612_233507_454,2026-06-12 23:35:07,True,1961,228,17.700000000000006,60,0.3,0.5,0,0.5,10,9.5,10,rrt_20260612_233507_454.png
20260612_233511_488,2026-06-12 23:35:11,False,10000,225,0.0,0,0.3,0.5,0,0.5,10,9.5,10,rrt_20260612_233511_488.png
20260612_233513_785,2026-06-12 23:35:13,False,10000,95,0.0,0,0.3,0.5,0,0.5,10,9.5,10,rrt_20260612_233513_785.png
20260612_233518_038,2026-06-12 23:35:18,False,10000,202,0.0,0,0.3,0.5,0,0.5,10,9.5,10,rrt_20260612_233518_038.png
20260612_233522_268,2026-06-12 23:35:22,False,10000,203,0.0,0,0.3,0.5,0,0.5,10,9.5,10,rrt_20260612_233522_268.png
20260612_233526_145,2026-06-12 23:35:26,False,10000,169,0.0,0,0.3,0.5,0,0.5,10,9.5,10,rrt_20260612_233526_145.png
20260612_233529_260,2026-06-12 23:35:29,False,10000,97,0.0,0,0.3,0.5,0,0.5,10,9.5,10,rrt_20260612_233529_260.png
20260612_233534_017,2026-06-12 23:35:34,False,10000,194,0.0,0,0.3,0.5,0,0.5,10,9.5,10,rrt_20260612_233534_017.png
20260612_233536_304,2026-06-12 23:35:36,False,10000,100,0.0,0,0.3,0.5,0,0.5,10,9.5,10,rrt_20260612_233536_304.png
20260612_233537_466,2026-06-12 23:35:37,True,2508,226,18.300000000000008,62,0.3,0.5,0,0.5,10,9.5,10,rrt_20260612_233537_466.png
20260612_233541_545,2026-06-12 23:35:41,False,10000,222,0.0,0,0.3,0.5,0,0.5,10,9.5,10,rrt_20260612_233541_545.png
20260612_233545_270,2026-06-12 23:35:45,False,10000,169,0.0,0,0.3,0.5,0,0.5,10,9.5,10,rrt_20260612_233545_270.png
20260612_233546_551,2026-06-12 23:35:46,True,2040,184,17.40000000000001,59,0.3,0.5,0,0.5,10,9.5,10,rrt_20260612_233546_551.png
20260612_233552_752,2026-06-12 23:35:52,False,10000,220,0.0,0,0.3,0.5,0,0.5,10,9.5,10,rrt_20260612_233552_752.png
20260612_233558_003,2026-06-12 23:35:58,False,10000,158,0.0,0,0.3,0.5,0,0.5,10,9.5,10,rrt_20260612_233558_003.png
20260612_233605_286,2026-06-12 23:36:05,False,10000,228,0.0,0,0.3,0.5,0,0.5,10,9.5,10,rrt_20260612_233605_286.png
20260612_233610_787,2026-06-12 23:36:10,False,10000,206,0.0,0,0.3,0.5,0,0.5,10,9.5,10,rrt_20260612_233610_787.png
20260612_233616_907,2026-06-12 23:36:16,False,10000,245,0.0,0,0.3,0.5,0,0.5,10,9.5,10,rrt_20260612_233616_907.png
20260612_233622_104,2026-06-12 23:36:22,False,10000,183,0.0,0,0.3,0.5,0,0.5,10,9.5,10,rrt_20260612_233622_104.png
20260612_233622_796,2026-06-12 23:36:22,True,616,123,17.100000000000016,58,0.3,0.5,0,0.5,10,9.5,10,rrt_20260612_233622_796.png
20260612_233627_707,2026-06-12 23:36:27,False,10000,182,0.0,0,0.3,0.5,0,0.5,10,9.5,10,rrt_20260612_233627_707.png
20260612_233631_216,2026-06-12 23:36:31,False,10000,89,0.0,0,0.3,0.5,0,0.5,10,9.5,10,rrt_20260612_233631_216.png
20260612_233635_506,2026-06-12 23:36:35,False,10000,126,0.0,0,0.3,0.5,0,0.5,10,9.5,10,rrt_20260612_233635_506.png
20260612_233641_786,2026-06-12 23:36:41,False,10000,229,0.0,0,0.3,0.5,0,0.5,10,9.5,10,rrt_20260612_233641_786.png
20260612_233643_139,2026-06-12 23:36:43,True,2133,166,17.40000000000001,59,0.3,0.5,0,0.5,10,9.5,10,rrt_20260612_233643_139.png
20260612_233648_498,2026-06-12 23:36:48,False,10000,218,0.0,0,0.3,0.5,0,0.5,10,9.5,10,rrt_20260612_233648_498.png
20260612_233654_532,2026-06-12 23:36:54,False,10000,228,0.0,0,0.3,0.5,0,0.5,10,9.5,10,rrt_20260612_233654_532.png
20260612_233655_749,2026-06-12 23:36:55,True,1186,199,18.000000000000004,61,0.3,0.5,0,0.5,10,9.5,10,rrt_20260612_233655_749.png
20260612_233656_344,2026-06-12 23:36:56,True,499,127,17.1,58,0.3,0.5,0,0.5,10,9.5,10,rrt_20260612_233656_344.png
20260612_233657_422,2026-06-12 23:36:57,True,1591,220,18.000000000000004,61,0.3,0.5,0,0.5,10,9.5,10,rrt_20260612_233657_422.png
20260612_233703_074,2026-06-12 23:37:03,False,10000,213,0.0,0,0.3,0.5,0,0.5,10,9.5,10,rrt_20260612_233703_074.png
20260612_233705_918,2026-06-12 23:37:05,False,10000,89,0.0,0,0.3,0.5,0,0.5,10,9.5,10,rrt_20260612_233705_918.png
20260612_233711_010,2026-06-12 23:37:11,False,10000,231,0.0,0,0.3,0.5,0,0.5,10,9.5,10,rrt_20260612_233711_010.png
20260612_233714_898,2026-06-12 23:37:14,False,10000,162,0.0,0,0.3,0.5,0,0.5,10,9.5,10,rrt_20260612_233714_898.png
20260612_233718_117,2026-06-12 23:37:18,False,10000,104,0.0,0,0.3,0.5,0,0.5,10,9.5,10,rrt_20260612_233718_117.png
20260612_233723_524,2026-06-12 23:37:23,False,10000,218,0.0,0,0.3,0.5,0,0.5,10,9.5,10,rrt_20260612_233723_524.png
20260612_233729_638,2026-06-12 23:37:29,False,10000,242,0.0,0,0.3,0.5,0,0.5,10,9.5,10,rrt_20260612_233729_638.png
20260612_233731_175,2026-06-12 23:37:31,True,2517,225,17.7,60,0.3,0.5,0,0.5,10,9.5,10,rrt_20260612_233731_175.png
20260612_233734_211,2026-06-12 23:37:34,False,10000,99,0.0,0,0.3,0.5,0,0.5,10,9.5,10,rrt_20260612_233734_211.png
20260612_233738_376,2026-06-12 23:37:38,False,10000,175,0.0,0,0.3,0.5,0,0.5,10,9.5,10,rrt_20260612_233738_376.png
20260612_233739_163,2026-06-12 23:37:39,True,868,155,17.10000000000001,58,0.3,0.5,0,0.5,10,9.5,10,rrt_20260612_233739_163.png
20260612_233743_056,2026-06-12 23:37:43,False,10000,168,0.0,0,0.3,0.5,0,0.5,10,9.5,10,rrt_20260612_233743_056.png
20260612_233745_742,2026-06-12 23:37:45,False,10000,95,0.0,0,0.3,0.5,0,0.5,10,9.5,10,rrt_20260612_233745_742.png
20260612_233750_170,2026-06-12 23:37:50,False,10000,199,0.0,0,0.3,0.5,0,0.5,10,9.5,10,rrt_20260612_233750_170.png
20260612_233754_392,2026-06-12 23:37:54,False,10000,215,0.0,0,0.3,0.5,0,0.5,10,9.5,10,rrt_20260612_233754_392.png
20260612_233755_989,2026-06-12 23:37:55,True,2350,223,17.700000000000003,60,0.3,0.5,0,0.5,10,9.5,10,rrt_20260612_233755_989.png
20260612_233800_744,2026-06-12 23:38:00,False,10000,159,0.0,0,0.3,0.5,0,0.5,10,9.5,10,rrt_20260612_233800_744.png
20260612_233803_201,2026-06-12 23:38:03,False,10000,85,0.0,0,0.3,0.5,0,0.5,10,9.5,10,rrt_20260612_233803_201.png
20260612_233806_898,2026-06-12 23:38:06,False,10000,220,0.0,0,0.3,0.5,0,0.5,10,9.5,10,rrt_20260612_233806_898.png
20260612_233811_052,2026-06-12 23:38:11,False,10000,183,0.0,0,0.3,0.5,0,0.5,10,9.5,10,rrt_20260612_233811_052.png
20260612_233815_201,2026-06-12 23:38:15,False,10000,191,0.0,0,0.3,0.5,0,0.5,10,9.5,10,rrt_20260612_233815_201.png
20260612_233818_215,2026-06-12 23:38:18,False,10000,102,0.0,0,0.3,0.5,0,0.5,10,9.5,10,rrt_20260612_233818_215.png
20260612_233822_479,2026-06-12 23:38:22,False,10000,195,0.0,0,0.3,0.5,0,0.5,10,9.5,10,rrt_20260612_233822_479.png
20260612_233824_089,2026-06-12 23:38:24,True,3386,237,18.600000000000005,63,0.3,0.5,0,0.5,10,9.5,10,rrt_20260612_233824_089.png
20260612_233827_275,2026-06-12 23:38:27,False,10000,101,0.0,0,0.3,0.5,0,0.5,10,9.5,10,rrt_20260612_233827_275.png
20260612_233833_652,2026-06-12 23:38:33,False,10000,278,0.0,0,0.3,0.5,0,0.5,10,9.5,10,rrt_20260612_233833_652.png
20260612_233838_742,2026-06-12 23:38:38,False,10000,225,0.0,0,0.3,0.5,0,0.5,10,9.5,10,rrt_20260612_233838_742.png
20260612_233839_343,2026-06-12 23:38:39,True,452,111,17.400000000000013,59,0.3,0.5,0,0.5,10,9.5,10,rrt_20260612_233839_343.png
20260612_233840_265,2026-06-12 23:38:40,True,1484,190,18.000000000000004,61,0.3,0.5,0,0.5,10,9.5,10,rrt_20260612_233840_265.png
20260612_233845_887,2026-06-12 23:38:45,False,10000,274,0.0,0,0.3,0.5,0,0.5,10,9.5,10,rrt_20260612_233845_887.png
20260612_233847_678,2026-06-12 23:38:47,True,2910,227,18.00000000000001,61,0.3,0.5,0,0.5,10,9.5,10,rrt_20260612_233847_678.png
20260612_233852_866,2026-06-12 23:38:52,False,10000,224,0.0,0,0.3,0.5,0,0.5,10,9.5,10,rrt_20260612_233852_866.png
20260612_233857_630,2026-06-12 23:38:57,False,10000,213,0.0,0,0.3,0.5,0,0.5,10,9.5,10,rrt_20260612_233857_630.png
20260612_233902_928,2026-06-12 23:39:02,False,10000,227,0.0,0,0.3,0.5,0,0.5,10,9.5,10,rrt_20260612_233902_928.png
20260612_233907_688,2026-06-12 23:39:07,False,10000,183,0.0,0,0.3,0.5,0,0.5,10,9.5,10,rrt_20260612_233907_688.png
20260612_233910_664,2026-06-12 23:39:10,False,10000,102,0.0,0,0.3,0.5,0,0.5,10,9.5,10,rrt_20260612_233910_664.png
20260612_233915_481,2026-06-12 23:39:15,False,10000,214,0.0,0,0.3,0.5,0,0.5,10,9.5,10,rrt_20260612_233915_481.png
20260612_233920_347,2026-06-12 23:39:20,False,10000,196,0.0,0,0.3,0.5,0,0.5,10,9.5,10,rrt_20260612_233920_347.png
20260612_233924_515,2026-06-12 23:39:24,False,10000,217,0.0,0,0.3,0.6,0,0.5,10,9.5,10,rrt_20260612_233924_515.png
20260612_233928_625,2026-06-12 23:39:28,False,10000,202,0.0,0,0.3,0.6,0,0.5,10,9.5,10,rrt_20260612_233928_625.png
20260612_233929_274,2026-06-12 23:39:29,True,786,128,17.400000000000006,59,0.3,0.6,0,0.5,10,9.5,10,rrt_20260612_233929_274.png
20260612_233934_110,2026-06-12 23:39:34,False,10000,204,0.0,0,0.3,0.6,0,0.5,10,9.5,10,rrt_20260612_233934_110.png
20260612_233936_623,2026-06-12 23:39:36,True,3708,280,17.70000000000001,60,0.3,0.6,0,0.5,10,9.5,10,rrt_20260612_233936_623.png
20260612_233940_527,2026-06-12 23:39:40,False,10000,201,0.0,0,0.3,0.6,0,0.5,10,9.5,10,rrt_20260612_233940_527.png
20260612_233942_821,2026-06-12 23:39:42,False,10000,89,0.0,0,0.3,0.6,0,0.5,10,9.5,10,rrt_20260612_233942_821.png
20260612_233948_115,2026-06-12 23:39:48,False,10000,190,0.0,0,0.3,0.6,0,0.5,10,9.5,10,rrt_20260612_233948_115.png
20260612_233952_454,2026-06-12 23:39:52,False,10000,195,0.0,0,0.3,0.6,0,0.5,10,9.5,10,rrt_20260612_233952_454.png
20260612_233953_264,2026-06-12 23:39:53,True,483,114,19.500000000000004,66,0.3,0.6,0,0.5,10,9.5,10,rrt_20260612_233953_264.png
20260612_233953_731,2026-06-12 23:39:53,True,517,134,16.2,55,0.3,0.6,0,0.5,10,9.5,10,rrt_20260612_233953_731.png
20260612_233956_226,2026-06-12 23:39:56,False,10000,85,0.0,0,0.3,0.6,0,0.5,10,9.5,10,rrt_20260612_233956_226.png
20260612_233957_929,2026-06-12 23:39:57,True,3181,223,18.3,62,0.3,0.6,0,0.5,10,9.5,10,rrt_20260612_233957_929.png
20260612_234002_948,2026-06-12 23:40:02,False,10000,218,0.0,0,0.3,0.6,0,0.5,10,9.5,10,rrt_20260612_234002_948.png
20260612_234004_251,2026-06-12 23:40:04,True,1889,188,17.100000000000005,58,0.3,0.6,0,0.5,10,9.5,10,rrt_20260612_234004_251.png
20260612_234008_892,2026-06-12 23:40:08,False,10000,201,0.0,0,0.3,0.6,0,0.5,10,9.5,10,rrt_20260612_234008_892.png
20260612_234012_985,2026-06-12 23:40:12,False,10000,189,0.0,0,0.3,0.6,0,0.5,10,9.5,10,rrt_20260612_234012_985.png
20260612_234017_416,2026-06-12 23:40:17,False,10000,170,0.0,0,0.3,0.6,0,0.5,10,9.5,10,rrt_20260612_234017_416.png
20260612_234022_092,2026-06-12 23:40:22,False,10000,190,0.0,0,0.3,0.6,0,0.5,10,9.5,10,rrt_20260612_234022_092.png
20260612_234026_650,2026-06-12 23:40:26,False,10000,217,0.0,0,0.3,0.6,0,0.5,10,9.5,10,rrt_20260612_234026_650.png
20260612_234028_810,2026-06-12 23:40:28,False,10000,100,0.0,0,0.3,0.6,0,0.5,10,9.5,10,rrt_20260612_234028_810.png
20260612_234029_340,2026-06-12 23:40:29,True,375,125,17.400000000000002,59,0.3,0.6,0,0.5,10,9.5,10,rrt_20260612_234029_340.png
20260612_234033_768,2026-06-12 23:40:33,False,10000,194,0.0,0,0.3,0.6,0,0.5,10,9.5,10,rrt_20260612_234033_768.png
20260612_234037_910,2026-06-12 23:40:37,False,10000,192,0.0,0,0.3,0.6,0,0.5,10,9.5,10,rrt_20260612_234037_910.png
20260612_234041_472,2026-06-12 23:40:41,False,10000,187,0.0,0,0.3,0.6,0,0.5,10,9.5,10,rrt_20260612_234041_472.png
20260612_234044_949,2026-06-12 23:40:44,False,10000,193,0.0,0,0.3,0.6,0,0.5,10,9.5,10,rrt_20260612_234044_949.png
20260612_234047_603,2026-06-12 23:40:47,False,10000,120,0.0,0,0.3,0.6,0,0.5,10,9.5,10,rrt_20260612_234047_603.png
20260612_234051_265,2026-06-12 23:40:51,False,10000,194,0.0,0,0.3,0.6,0,0.5,10,9.5,10,rrt_20260612_234051_265.png
20260612_234055_439,2026-06-12 23:40:55,False,10000,239,0.0,0,0.3,0.6,0,0.5,10,9.5,10,rrt_20260612_234055_439.png
20260612_234056_033,2026-06-12 23:40:56,True,384,115,16.800000000000004,57,0.3,0.6,0,0.5,10,9.5,10,rrt_20260612_234056_033.png
20260612_234100_204,2026-06-12 23:41:00,False,10000,213,0.0,0,0.3,0.6,0,0.5,10,9.5,10,rrt_20260612_234100_204.png
20260612_234104_319,2026-06-12 23:41:04,False,10000,204,0.0,0,0.3,0.6,0,0.5,10,9.5,10,rrt_20260612_234104_319.png
20260612_234107_430,2026-06-12 23:41:07,False,10000,179,0.0,0,0.3,0.6,0,0.5,10,9.5,10,rrt_20260612_234107_430.png
20260612_234110_688,2026-06-12 23:41:10,False,10000,184,0.0,0,0.3,0.6,0,0.5,10,9.5,10,rrt_20260612_234110_688.png
20260612_234113_197,2026-06-12 23:41:13,False,10000,100,0.0,0,0.3,0.6,0,0.5,10,9.5,10,rrt_20260612_234113_197.png
20260612_234116_478,2026-06-12 23:41:16,False,10000,175,0.0,0,0.3,0.6,0,0.5,10,9.5,10,rrt_20260612_234116_478.png
20260612_234117_638,2026-06-12 23:41:17,True,1717,236,18.000000000000004,61,0.3,0.6,0,0.5,10,9.5,10,rrt_20260612_234117_638.png
20260612_234120_494,2026-06-12 23:41:20,False,10000,144,0.0,0,0.3,0.6,0,0.5,10,9.5,10,rrt_20260612_234120_494.png
20260612_234124_390,2026-06-12 23:41:24,False,10000,204,0.0,0,0.3,0.6,0,0.5,10,9.5,10,rrt_20260612_234124_390.png
20260612_234127_909,2026-06-12 23:41:27,False,10000,163,0.0,0,0.3,0.6,0,0.5,10,9.5,10,rrt_20260612_234127_909.png
20260612_234133_894,2026-06-12 23:41:33,False,10000,238,0.0,0,0.3,0.6,0,0.5,10,9.5,10,rrt_20260612_234133_894.png
20260612_234138_534,2026-06-12 23:41:38,False,10000,175,0.0,0,0.3,0.6,0,0.5,10,9.5,10,rrt_20260612_234138_534.png
20260612_234141_661,2026-06-12 23:41:41,False,10000,219,0.0,0,0.3,0.6,0,0.5,10,9.5,10,rrt_20260612_234141_661.png
20260612_234143_362,2026-06-12 23:41:43,False,10000,89,0.0,0,0.3,0.6,0,0.5,10,9.5,10,rrt_20260612_234143_362.png
20260612_234146_668,2026-06-12 23:41:46,False,10000,213,0.0,0,0.3,0.6,0,0.5,10,9.5,10,rrt_20260612_234146_668.png
20260612_234149_923,2026-06-12 23:41:49,False,10000,178,0.0,0,0.3,0.6,0,0.5,10,9.5,10,rrt_20260612_234149_923.png
20260612_234151_030,2026-06-12 23:41:51,True,3397,209,18.60000000000001,63,0.3,0.6,0,0.5,10,9.5,10,rrt_20260612_234151_030.png
20260612_234154_507,2026-06-12 23:41:54,False,10000,232,0.0,0,0.3,0.6,0,0.5,10,9.5,10,rrt_20260612_234154_507.png
20260612_234157_628,2026-06-12 23:41:57,False,10000,156,0.0,0,0.3,0.6,0,0.5,10,9.5,10,rrt_20260612_234157_628.png
20260612_234158_483,2026-06-12 23:41:58,True,1631,257,17.700000000000003,60,0.3,0.6,0,0.5,10,9.5,10,rrt_20260612_234158_483.png
20260612_234201_616,2026-06-12 23:42:01,False,10000,218,0.0,0,0.3,0.6,0,0.5,10,9.5,10,rrt_20260612_234201_616.png
20260612_234202_030,2026-06-12 23:42:02,True,292,98,17.100000000000005,58,0.3,0.6,0,0.5,10,9.5,10,rrt_20260612_234202_030.png
20260612_234204_942,2026-06-12 23:42:04,False,10000,211,0.0,0,0.3,0.6,0,0.5,10,9.5,10,rrt_20260612_234204_942.png
20260612_234205_343,2026-06-12 23:42:05,True,536,118,19.200000000000017,65,0.3,0.6,0,0.5,10,9.5,10,rrt_20260612_234205_343.png
20260612_234208_159,2026-06-12 23:42:08,False,10000,194,0.0,0,0.3,0.6,0,0.5,10,9.5,10,rrt_20260612_234208_159.png
20260612_234208_443,2026-06-12 23:42:08,True,345,116,17.700000000000006,60,0.3,0.6,0,0.5,10,9.5,10,rrt_20260612_234208_443.png
20260612_234211_197,2026-06-12 23:42:11,False,10000,202,0.0,0,0.3,0.6,0,0.5,10,9.5,10,rrt_20260612_234211_197.png
20260612_234213_909,2026-06-12 23:42:13,False,10000,180,0.0,0,0.3,0.6,0,0.5,10,9.5,10,rrt_20260612_234213_909.png
20260612_234214_957,2026-06-12 23:42:14,True,1353,219,18.90000000000001,64,0.3,0.6,0,0.5,10,9.5,10,rrt_20260612_234214_957.png
20260612_234215_560,2026-06-12 23:42:15,True,1193,143,18.00000000000001,61,0.3,0.6,0,0.5,10,9.5,10,rrt_20260612_234215_560.png
20260612_234217_968,2026-06-12 23:42:17,False,10000,100,0.0,0,0.3,0.6,0,0.5,10,9.5,10,rrt_20260612_234217_968.png
20260612_234221_155,2026-06-12 23:42:21,False,10000,145,0.0,0,0.3,0.6,0,0.5,10,9.5,10,rrt_20260612_234221_155.png
20260612_234224_484,2026-06-12 23:42:24,False,10000,210,0.0,0,0.3,0.6,0,0.5,10,9.5,10,rrt_20260612_234224_484.png
20260612_234227_456,2026-06-12 23:42:27,False,10000,159,0.0,0,0.3,0.6,0,0.5,10,9.5,10,rrt_20260612_234227_456.png
20260612_234230_579,2026-06-12 23:42:30,False,10000,186,0.0,0,0.3,0.6,0,0.5,10,9.5,10,rrt_20260612_234230_579.png
20260612_234234_772,2026-06-12 23:42:34,False,10000,265,0.0,0,0.3,0.6,0,0.5,10,9.5,10,rrt_20260612_234234_772.png
20260612_234235_558,2026-06-12 23:42:35,True,1684,196,18.299999999999994,62,0.3,0.6,0,0.5,10,9.5,10,rrt_20260612_234235_558.png
20260612_234238_458,2026-06-12 23:42:38,False,10000,187,0.0,0,0.3,0.6,0,0.5,10,9.5,10,rrt_20260612_234238_458.png
20260612_234242_275,2026-06-12 23:42:42,False,10000,180,0.0,0,0.3,0.6,0,0.5,10,9.5,10,rrt_20260612_234242_275.png
20260612_234243_156,2026-06-12 23:42:43,True,2203,261,18.60000000000001,63,0.3,0.6,0,0.5,10,9.5,10,rrt_20260612_234243_156.png
20260612_234247_247,2026-06-12 23:42:47,False,10000,244,0.0,0,0.3,0.6,0,0.5,10,9.5,10,rrt_20260612_234247_247.png
20260612_234248_007,2026-06-12 23:42:48,True,1207,202,18.600000000000016,63,0.3,0.6,0,0.5,10,9.5,10,rrt_20260612_234248_007.png
20260612_234250_876,2026-06-12 23:42:50,False,10000,191,0.0,0,0.3,0.6,0,0.5,10,9.5,10,rrt_20260612_234250_876.png
20260612_234252_725,2026-06-12 23:42:52,False,10000,86,0.0,0,0.3,0.6,0,0.5,10,9.5,10,rrt_20260612_234252_725.png
20260612_234257_688,2026-06-12 23:42:57,False,10000,243,0.0,0,0.3,0.6,0,0.5,10,9.5,10,rrt_20260612_234257_688.png
20260612_234301_257,2026-06-12 23:43:01,False,10000,174,0.0,0,0.3,0.6,0,0.5,10,9.5,10,rrt_20260612_234301_257.png
20260612_234304_580,2026-06-12 23:43:04,False,10000,190,0.0,0,0.3,0.6,0,0.5,10,9.5,10,rrt_20260612_234304_580.png
20260612_234306_471,2026-06-12 23:43:06,False,10000,88,0.0,0,0.3,0.6,0,0.5,10,9.5,10,rrt_20260612_234306_471.png
20260612_234307_913,2026-06-12 23:43:07,True,3355,261,18.600000000000005,63,0.3,0.6,0,0.5,10,9.5,10,rrt_20260612_234307_913.png
20260612_234311_225,2026-06-12 23:43:11,False,10000,169,0.0,0,0.3,0.6,0,0.5,10,9.5,10,rrt_20260612_234311_225.png
20260612_234315_007,2026-06-12 23:43:15,False,10000,203,0.0,0,0.3,0.6,0,0.5,10,9.5,10,rrt_20260612_234315_007.png
20260612_234318_598,2026-06-12 23:43:18,False,10000,166,0.0,0,0.3,0.6,0,0.5,10,9.5,10,rrt_20260612_234318_598.png
20260612_234319_539,2026-06-12 23:43:19,True,1594,232,17.700000000000003,60,0.3,0.6,0,0.5,10,9.5,10,rrt_20260612_234319_539.png
20260612_234320_130,2026-06-12 23:43:20,True,1051,194,16.800000000000004,57,0.3,0.6,0,0.5,10,9.5,10,rrt_20260612_234320_130.png
20260612_234322_321,2026-06-12 23:43:22,False,10000,100,0.0,0,0.3,0.6,0,0.5,10,9.5,10,rrt_20260612_234322_321.png
20260612_234325_982,2026-06-12 23:43:25,False,10000,197,0.0,0,0.3,0.6,0,0.5,10,9.5,10,rrt_20260612_234325_982.png
20260612_234329_727,2026-06-12 23:43:29,False,10000,190,0.0,0,0.3,0.6,0,0.5,10,9.5,10,rrt_20260612_234329_727.png
20260612_234330_540,2026-06-12 23:43:30,True,2072,219,18.900000000000006,64,0.3,0.6,0,0.5,10,9.5,10,rrt_20260612_234330_540.png
20260612_234333_367,2026-06-12 23:43:33,False,10000,189,0.0,0,0.3,0.6,0,0.5,10,9.5,10,rrt_20260612_234333_367.png
20260612_234337_174,2026-06-12 23:43:37,False,10000,233,0.0,0,0.3,0.6,0,0.5,10,9.5,10,rrt_20260612_234337_174.png
20260612_234338_186,2026-06-12 23:43:38,True,2092,204,19.200000000000017,65,0.3,0.6,0,0.5,10,9.5,10,rrt_20260612_234338_186.png
20260612_234341_751,2026-06-12 23:43:41,False,10000,218,0.0,0,0.3,0.6,0,0.5,10,9.5,10,rrt_20260612_234341_751.png
20260612_234342_710,2026-06-12 23:43:42,True,2676,195,18.90000000000001,64,0.3,0.6,0,0.5,10,9.5,10,rrt_20260612_234342_710.png
20260612_234343_862,2026-06-12 23:43:43,True,3429,236,17.700000000000003,60,0.3,0.6,0,0.5,10,9.5,10,rrt_20260612_234343_862.png
20260612_234346_663,2026-06-12 23:43:46,False,10000,136,0.0,0,0.3,0.6,0,0.5,10,9.5,10,rrt_20260612_234346_663.png
20260612_234350_429,2026-06-12 23:43:50,False,10000,204,0.0,0,0.3,0.6,0,0.5,10,9.5,10,rrt_20260612_234350_429.png
20260612_234352_651,2026-06-12 23:43:52,False,10000,139,0.0,0,0.3,0.6,0,0.5,10,9.5,10,rrt_20260612_234352_651.png
20260612_234356_054,2026-06-12 23:43:56,False,10000,207,0.0,0,0.3,0.6,0,0.5,10,9.5,10,rrt_20260612_234356_054.png
20260612_234356_734,2026-06-12 23:43:56,True,407,119,17.4,59,0.3,0.6,0,0.5,10,9.5,10,rrt_20260612_234356_734.png
20260612_234400_198,2026-06-12 23:44:00,False,10000,180,0.0,0,0.3,0.6,0,0.5,10,9.5,10,rrt_20260612_234400_198.png
20260612_234403_766,2026-06-12 23:44:03,False,10000,197,0.0,0,0.3,0.7,0,0.5,10,9.5,10,rrt_20260612_234403_766.png
20260612_234407_011,2026-06-12 23:44:07,False,10000,179,0.0,0,0.3,0.7,0,0.5,10,9.5,10,rrt_20260612_234407_011.png
20260612_234409_205,2026-06-12 23:44:09,False,10000,105,0.0,0,0.3,0.7,0,0.5,10,9.5,10,rrt_20260612_234409_205.png
20260612_234411_864,2026-06-12 23:44:11,False,10000,146,0.0,0,0.3,0.7,0,0.5,10,9.5,10,rrt_20260612_234411_864.png
20260612_234415_133,2026-06-12 23:44:15,False,10000,203,0.0,0,0.3,0.7,0,0.5,10,9.5,10,rrt_20260612_234415_133.png
20260612_234419_263,2026-06-12 23:44:19,False,10000,208,0.0,0,0.3,0.7,0,0.5,10,9.5,10,rrt_20260612_234419_263.png
20260612_234421_565,2026-06-12 23:44:21,False,10000,96,0.0,0,0.3,0.7,0,0.5,10,9.5,10,rrt_20260612_234421_565.png
20260612_234426_312,2026-06-12 23:44:26,False,10000,299,0.0,0,0.3,0.7,0,0.5,10,9.5,10,rrt_20260612_234426_312.png
20260612_234429_967,2026-06-12 23:44:29,False,10000,208,0.0,0,0.3,0.7,0,0.5,10,9.5,10,rrt_20260612_234429_967.png
20260612_234431_866,2026-06-12 23:44:31,False,10000,103,0.0,0,0.3,0.7,0,0.5,10,9.5,10,rrt_20260612_234431_866.png
20260612_234434_930,2026-06-12 23:44:34,False,10000,199,0.0,0,0.3,0.7,0,0.5,10,9.5,10,rrt_20260612_234434_930.png
20260612_234437_759,2026-06-12 23:44:37,False,10000,184,0.0,0,0.3,0.7,0,0.5,10,9.5,10,rrt_20260612_234437_759.png
20260612_234440_938,2026-06-12 23:44:40,False,10000,198,0.0,0,0.3,0.7,0,0.5,10,9.5,10,rrt_20260612_234440_938.png
20260612_234441_813,2026-06-12 23:44:41,True,2507,190,20.40000000000001,69,0.3,0.7,0,0.5,10,9.5,10,rrt_20260612_234441_813.png
20260612_234442_376,2026-06-12 23:44:42,True,1272,175,16.799999999999994,57,0.3,0.7,0,0.5,10,9.5,10,rrt_20260612_234442_376.png
20260612_234443_061,2026-06-12 23:44:43,True,1836,225,17.70000000000001,60,0.3,0.7,0,0.5,10,9.5,10,rrt_20260612_234443_061.png
20260612_234446_167,2026-06-12 23:44:46,False,10000,167,0.0,0,0.3,0.7,0,0.5,10,9.5,10,rrt_20260612_234446_167.png
20260612_234449_541,2026-06-12 23:44:49,False,10000,171,0.0,0,0.3,0.7,0,0.5,10,9.5,10,rrt_20260612_234449_541.png
20260612_234450_163,2026-06-12 23:44:50,True,949,133,18.90000000000001,64,0.3,0.7,0,0.5,10,9.5,10,rrt_20260612_234450_163.png
20260612_234453_953,2026-06-12 23:44:53,False,10000,214,0.0,0,0.3,0.7,0,0.5,10,9.5,10,rrt_20260612_234453_953.png
20260612_234457_514,2026-06-12 23:44:57,False,10000,182,0.0,0,0.3,0.7,0,0.5,10,9.5,10,rrt_20260612_234457_514.png
20260612_234501_620,2026-06-12 23:45:01,False,10000,195,0.0,0,0.3,0.7,0,0.5,10,9.5,10,rrt_20260612_234501_620.png
20260612_234506_934,2026-06-12 23:45:06,False,10000,208,0.0,0,0.3,0.7,0,0.5,10,9.5,10,rrt_20260612_234506_934.png
20260612_234507_487,2026-06-12 23:45:07,True,650,180,17.400000000000002,59,0.3,0.7,0,0.5,10,9.5,10,rrt_20260612_234507_487.png
20260612_234511_098,2026-06-12 23:45:11,False,10000,227,0.0,0,0.3,0.7,0,0.5,10,9.5,10,rrt_20260612_234511_098.png
20260612_234511_835,2026-06-12 23:45:11,True,2573,162,18.60000000000001,63,0.3,0.7,0,0.5,10,9.5,10,rrt_20260612_234511_835.png
20260612_234514_756,2026-06-12 23:45:14,False,10000,208,0.0,0,0.3,0.7,0,0.5,10,9.5,10,rrt_20260612_234514_756.png
20260612_234518_934,2026-06-12 23:45:18,False,10000,205,0.0,0,0.3,0.7,0,0.5,10,9.5,10,rrt_20260612_234518_934.png
20260612_234519_643,2026-06-12 23:45:19,True,1684,188,19.200000000000014,65,0.3,0.7,0,0.5,10,9.5,10,rrt_20260612_234519_643.png
20260612_234522_098,2026-06-12 23:45:22,False,10000,160,0.0,0,0.3,0.7,0,0.5,10,9.5,10,rrt_20260612_234522_098.png
20260612_234522_603,2026-06-12 23:45:22,True,557,160,19.500000000000014,66,0.3,0.7,0,0.5,10,9.5,10,rrt_20260612_234522_603.png
20260612_234525_295,2026-06-12 23:45:25,False,10000,170,0.0,0,0.3,0.7,0,0.5,10,9.5,10,rrt_20260612_234525_295.png
20260612_234528_950,2026-06-12 23:45:28,False,10000,293,0.0,0,0.3,0.7,0,0.5,10,9.5,10,rrt_20260612_234528_950.png
20260612_234529_975,2026-06-12 23:45:29,True,3091,218,17.40000000000001,59,0.3,0.7,0,0.5,10,9.5,10,rrt_20260612_234529_975.png
20260612_234532_814,2026-06-12 23:45:32,False,10000,199,0.0,0,0.3,0.7,0,0.5,10,9.5,10,rrt_20260612_234532_814.png
20260612_234535_570,2026-06-12 23:45:35,False,10000,194,0.0,0,0.3,0.7,0,0.5,10,9.5,10,rrt_20260612_234535_570.png
20260612_234538_357,2026-06-12 23:45:38,False,10000,207,0.0,0,0.3,0.7,0,0.5,10,9.5,10,rrt_20260612_234538_357.png
20260612_234541_214,2026-06-12 23:45:41,False,10000,195,0.0,0,0.3,0.7,0,0.5,10,9.5,10,rrt_20260612_234541_214.png
20260612_234544_837,2026-06-12 23:45:44,False,10000,295,0.0,0,0.3,0.7,0,0.5,10,9.5,10,rrt_20260612_234544_837.png
20260612_234545_651,2026-06-12 23:45:45,True,2107,253,17.700000000000003,60,0.3,0.7,0,0.5,10,9.5,10,rrt_20260612_234545_651.png
20260612_234549_016,2026-06-12 23:45:49,False,10000,214,0.0,0,0.3,0.7,0,0.5,10,9.5,10,rrt_20260612_234549_016.png
20260612_234551_867,2026-06-12 23:45:51,False,10000,206,0.0,0,0.3,0.7,0,0.5,10,9.5,10,rrt_20260612_234551_867.png
20260612_234554_561,2026-06-12 23:45:54,False,10000,203,0.0,0,0.3,0.7,0,0.5,10,9.5,10,rrt_20260612_234554_561.png
20260612_234557_749,2026-06-12 23:45:57,False,10000,209,0.0,0,0.3,0.7,0,0.5,10,9.5,10,rrt_20260612_234557_749.png
20260612_234559_542,2026-06-12 23:45:59,False,10000,100,0.0,0,0.3,0.7,0,0.5,10,9.5,10,rrt_20260612_234559_542.png
20260612_234602_216,2026-06-12 23:46:02,False,10000,173,0.0,0,0.3,0.7,0,0.5,10,9.5,10,rrt_20260612_234602_216.png
20260612_234605_398,2026-06-12 23:46:05,False,10000,239,0.0,0,0.3,0.7,0,0.5,10,9.5,10,rrt_20260612_234605_398.png
20260612_234608_296,2026-06-12 23:46:08,False,10000,191,0.0,0,0.3,0.7,0,0.5,10,9.5,10,rrt_20260612_234608_296.png
20260612_234608_911,2026-06-12 23:46:08,True,1127,174,17.700000000000017,60,0.3,0.7,0,0.5,10,9.5,10,rrt_20260612_234608_911.png
20260612_234611_869,2026-06-12 23:46:11,False,10000,215,0.0,0,0.3,0.7,0,0.5,10,9.5,10,rrt_20260612_234611_869.png
20260612_234615_777,2026-06-12 23:46:15,False,10000,242,0.0,0,0.3,0.7,0,0.5,10,9.5,10,rrt_20260612_234615_777.png
20260612_234616_810,2026-06-12 23:46:16,True,2433,217,17.700000000000017,60,0.3,0.7,0,0.5,10,9.5,10,rrt_20260612_234616_810.png
20260612_234619_425,2026-06-12 23:46:19,False,10000,177,0.0,0,0.3,0.7,0,0.5,10,9.5,10,rrt_20260612_234619_425.png
20260612_234620_244,2026-06-12 23:46:20,True,1638,213,16.80000000000001,57,0.3,0.7,0,0.5,10,9.5,10,rrt_20260612_234620_244.png
20260612_234623_534,2026-06-12 23:46:23,False,10000,225,0.0,0,0.3,0.7,0,0.5,10,9.5,10,rrt_20260612_234623_534.png
20260612_234624_470,2026-06-12 23:46:24,True,2193,212,18.300000000000008,62,0.3,0.7,0,0.5,10,9.5,10,rrt_20260612_234624_470.png
20260612_234628_083,2026-06-12 23:46:28,False,10000,262,0.0,0,0.3,0.7,0,0.5,10,9.5,10,rrt_20260612_234628_083.png
20260612_234631_246,2026-06-12 23:46:31,False,10000,224,0.0,0,0.3,0.7,0,0.5,10,9.5,10,rrt_20260612_234631_246.png
20260612_234633_933,2026-06-12 23:46:33,False,10000,164,0.0,0,0.3,0.7,0,0.5,10,9.5,10,rrt_20260612_234633_933.png
20260612_234636_564,2026-06-12 23:46:36,False,10000,158,0.0,0,0.3,0.7,0,0.5,10,9.5,10,rrt_20260612_234636_564.png
20260612_234640_405,2026-06-12 23:46:40,False,10000,249,0.0,0,0.3,0.7,0,0.5,10,9.5,10,rrt_20260612_234640_405.png
20260612_234643_189,2026-06-12 23:46:43,False,10000,204,0.0,0,0.3,0.7,0,0.5,10,9.5,10,rrt_20260612_234643_189.png
20260612_234646_103,2026-06-12 23:46:46,False,10000,204,0.0,0,0.3,0.7,0,0.5,10,9.5,10,rrt_20260612_234646_103.png
20260612_234647_185,2026-06-12 23:46:47,True,2044,233,18.000000000000004,61,0.3,0.7,0,0.5,10,9.5,10,rrt_20260612_234647_185.png
20260612_234647_944,2026-06-12 23:46:47,True,1490,214,17.400000000000013,59,0.3,0.7,0,0.5,10,9.5,10,rrt_20260612_234647_944.png
20260612_234651_932,2026-06-12 23:46:51,False,10000,313,0.0,0,0.3,0.7,0,0.5,10,9.5,10,rrt_20260612_234651_932.png
20260612_234654_511,2026-06-12 23:46:54,False,10000,162,0.0,0,0.3,0.7,0,0.5,10,9.5,10,rrt_20260612_234654_511.png
20260612_234656_391,2026-06-12 23:46:56,False,10000,89,0.0,0,0.3,0.7,0,0.5,10,9.5,10,rrt_20260612_234656_391.png
20260612_234659_587,2026-06-12 23:46:59,False,10000,203,0.0,0,0.3,0.7,0,0.5,10,9.5,10,rrt_20260612_234659_587.png
20260612_234703_516,2026-06-12 23:47:03,False,10000,229,0.0,0,0.3,0.7,0,0.5,10,9.5,10,rrt_20260612_234703_516.png
20260612_234705_791,2026-06-12 23:47:05,False,10000,123,0.0,0,0.3,0.7,0,0.5,10,9.5,10,rrt_20260612_234705_791.png
20260612_234707_671,2026-06-12 23:47:07,False,10000,99,0.0,0,0.3,0.7,0,0.5,10,9.5,10,rrt_20260612_234707_671.png
20260612_234710_190,2026-06-12 23:47:10,False,10000,145,0.0,0,0.3,0.7,0,0.5,10,9.5,10,rrt_20260612_234710_190.png
20260612_234713_028,2026-06-12 23:47:13,False,10000,191,0.0,0,0.3,0.7,0,0.5,10,9.5,10,rrt_20260612_234713_028.png
20260612_234717_427,2026-06-12 23:47:17,False,10000,275,0.0,0,0.3,0.7,0,0.5,10,9.5,10,rrt_20260612_234717_427.png
20260612_234720_450,2026-06-12 23:47:20,False,10000,171,0.0,0,0.3,0.7,0,0.5,10,9.5,10,rrt_20260612_234720_450.png
20260612_234723_621,2026-06-12 23:47:23,False,10000,208,0.0,0,0.3,0.7,0,0.5,10,9.5,10,rrt_20260612_234723_621.png
20260612_234724_444,2026-06-12 23:47:24,True,1373,189,18.0,61,0.3,0.7,0,0.5,10,9.5,10,rrt_20260612_234724_444.png
20260612_234728_151,2026-06-12 23:47:28,False,10000,235,0.0,0,0.3,0.7,0,0.5,10,9.5,10,rrt_20260612_234728_151.png
20260612_234731_337,2026-06-12 23:47:31,False,10000,205,0.0,0,0.3,0.7,0,0.5,10,9.5,10,rrt_20260612_234731_337.png
20260612_234734_546,2026-06-12 23:47:34,False,10000,197,0.0,0,0.3,0.7,0,0.5,10,9.5,10,rrt_20260612_234734_546.png
20260612_234737_747,2026-06-12 23:47:37,False,10000,198,0.0,0,0.3,0.7,0,0.5,10,9.5,10,rrt_20260612_234737_747.png
20260612_234740_554,2026-06-12 23:47:40,False,10000,183,0.0,0,0.3,0.7,0,0.5,10,9.5,10,rrt_20260612_234740_554.png
20260612_234743_276,2026-06-12 23:47:43,False,10000,169,0.0,0,0.3,0.7,0,0.5,10,9.5,10,rrt_20260612_234743_276.png
20260612_234745_803,2026-06-12 23:47:45,False,10000,150,0.0,0,0.3,0.7,0,0.5,10,9.5,10,rrt_20260612_234745_803.png
20260612_234749_328,2026-06-12 23:47:49,False,10000,230,0.0,0,0.3,0.7,0,0.5,10,9.5,10,rrt_20260612_234749_328.png
20260612_234752_078,2026-06-12 23:47:52,False,10000,168,0.0,0,0.3,0.7,0,0.5,10,9.5,10,rrt_20260612_234752_078.png
20260612_234755_496,2026-06-12 23:47:55,False,10000,231,0.0,0,0.3,0.7,0,0.5,10,9.5,10,rrt_20260612_234755_496.png
20260612_234758_712,2026-06-12 23:47:58,False,10000,177,0.0,0,0.3,0.7,0,0.5,10,9.5,10,rrt_20260612_234758_712.png
20260612_234802_477,2026-06-12 23:48:02,False,10000,266,0.0,0,0.3,0.7,0,0.5,10,9.5,10,rrt_20260612_234802_477.png
20260612_234805_505,2026-06-12 23:48:05,False,10000,191,0.0,0,0.3,0.7,0,0.5,10,9.5,10,rrt_20260612_234805_505.png
20260612_234808_233,2026-06-12 23:48:08,False,10000,145,0.0,0,0.3,0.7,0,0.5,10,9.5,10,rrt_20260612_234808_233.png
20260612_234809_182,2026-06-12 23:48:09,True,2018,255,18.000000000000004,61,0.3,0.7,0,0.5,10,9.5,10,rrt_20260612_234809_182.png
20260612_234811_712,2026-06-12 23:48:11,False,10000,159,0.0,0,0.3,0.7,0,0.5,10,9.5,10,rrt_20260612_234811_712.png
20260612_234814_697,2026-06-12 23:48:14,False,10000,184,0.0,0,0.3,0.7,0,0.5,10,9.5,10,rrt_20260612_234814_697.png
20260612_234816_709,2026-06-12 23:48:16,False,10000,105,0.0,0,0.3,0.7,0,0.5,10,9.5,10,rrt_20260612_234816_709.png
20260612_234820_638,2026-06-12 23:48:20,False,10000,217,0.0,0,0.3,0.7,0,0.5,10,9.5,10,rrt_20260612_234820_638.png
20260612_234824_082,2026-06-12 23:48:24,False,10000,214,0.0,0,0.3,0.7,0,0.5,10,9.5,10,rrt_20260612_234824_082.png
20260612_234826_056,2026-06-12 23:48:26,False,10000,91,0.0,0,0.3,0.7,0,0.5,10,9.5,10,rrt_20260612_234826_056.png
20260612_234828_807,2026-06-12 23:48:28,False,10000,145,0.0,0,0.3,0.7,0,0.5,10,9.5,10,rrt_20260612_234828_807.png
20260612_234829_312,2026-06-12 23:48:29,True,770,119,20.700000000000017,70,0.3,0.8,0,0.5,10,9.5,10,rrt_20260612_234829_312.png
20260612_234832_137,2026-06-12 23:48:32,False,10000,181,0.0,0,0.3,0.8,0,0.5,10,9.5,10,rrt_20260612_234832_137.png
20260612_234833_242,2026-06-12 23:48:33,True,2641,231,17.400000000000006,59,0.3,0.8,0,0.5,10,9.5,10,rrt_20260612_234833_242.png
20260612_234836_564,2026-06-12 23:48:36,False,10000,200,0.0,0,0.3,0.8,0,0.5,10,9.5,10,rrt_20260612_234836_564.png
20260612_234838_578,2026-06-12 23:48:38,False,10000,99,0.0,0,0.3,0.8,0,0.5,10,9.5,10,rrt_20260612_234838_578.png
20260612_234841_627,2026-06-12 23:48:41,False,10000,164,0.0,0,0.3,0.8,0,0.5,10,9.5,10,rrt_20260612_234841_627.png
20260612_234844_983,2026-06-12 23:48:44,False,10000,223,0.0,0,0.3,0.8,0,0.5,10,9.5,10,rrt_20260612_234844_983.png
20260612_234848_966,2026-06-12 23:48:48,False,10000,252,0.0,0,0.3,0.8,0,0.5,10,9.5,10,rrt_20260612_234848_966.png
20260612_234851_959,2026-06-12 23:48:51,False,10000,195,0.0,0,0.3,0.8,0,0.5,10,9.5,10,rrt_20260612_234851_959.png
20260612_234855_246,2026-06-12 23:48:55,False,10000,223,0.0,0,0.3,0.8,0,0.5,10,9.5,10,rrt_20260612_234855_246.png
20260612_234857_932,2026-06-12 23:48:57,False,10000,121,0.0,0,0.3,0.8,0,0.5,10,9.5,10,rrt_20260612_234857_932.png
20260612_234900_860,2026-06-12 23:49:00,False,10000,138,0.0,0,0.3,0.8,0,0.5,10,9.5,10,rrt_20260612_234900_860.png
20260612_234903_705,2026-06-12 23:49:03,False,10000,167,0.0,0,0.3,0.8,0,0.5,10,9.5,10,rrt_20260612_234903_705.png
20260612_234906_183,2026-06-12 23:49:06,False,10000,139,0.0,0,0.3,0.8,0,0.5,10,9.5,10,rrt_20260612_234906_183.png
20260612_234909_233,2026-06-12 23:49:09,False,10000,200,0.0,0,0.3,0.8,0,0.5,10,9.5,10,rrt_20260612_234909_233.png
20260612_234912_852,2026-06-12 23:49:12,False,10000,228,0.0,0,0.3,0.8,0,0.5,10,9.5,10,rrt_20260612_234912_852.png
20260612_234915_670,2026-06-12 23:49:15,False,10000,170,0.0,0,0.3,0.8,0,0.5,10,9.5,10,rrt_20260612_234915_670.png
20260612_234919_544,2026-06-12 23:49:19,False,10000,236,0.0,0,0.3,0.8,0,0.5,10,9.5,10,rrt_20260612_234919_544.png
20260612_234922_857,2026-06-12 23:49:22,False,10000,195,0.0,0,0.3,0.8,0,0.5,10,9.5,10,rrt_20260612_234922_857.png
20260612_234925_778,2026-06-12 23:49:25,False,10000,179,0.0,0,0.3,0.8,0,0.5,10,9.5,10,rrt_20260612_234925_778.png
20260612_234929_234,2026-06-12 23:49:29,False,10000,217,0.0,0,0.3,0.8,0,0.5,10,9.5,10,rrt_20260612_234929_234.png
20260612_234929_771,2026-06-12 23:49:29,True,611,150,18.300000000000008,62,0.3,0.8,0,0.5,10,9.5,10,rrt_20260612_234929_771.png
20260612_234931_280,2026-06-12 23:49:31,False,10000,79,0.0,0,0.3,0.8,0,0.5,10,9.5,10,rrt_20260612_234931_280.png
20260612_234933_208,2026-06-12 23:49:33,False,10000,96,0.0,0,0.3,0.8,0,0.5,10,9.5,10,rrt_20260612_234933_208.png
20260612_234936_342,2026-06-12 23:49:36,False,10000,207,0.0,0,0.3,0.8,0,0.5,10,9.5,10,rrt_20260612_234936_342.png
20260612_234937_042,2026-06-12 23:49:37,True,1530,156,19.20000000000001,65,0.3,0.8,0,0.5,10,9.5,10,rrt_20260612_234937_042.png
20260612_234940_038,2026-06-12 23:49:40,False,10000,196,0.0,0,0.3,0.8,0,0.5,10,9.5,10,rrt_20260612_234940_038.png
20260612_234942_675,2026-06-12 23:49:42,False,10000,147,0.0,0,0.3,0.8,0,0.5,10,9.5,10,rrt_20260612_234942_675.png
20260612_234943_173,2026-06-12 23:49:43,True,825,169,18.6,63,0.3,0.8,0,0.5,10,9.5,10,rrt_20260612_234943_173.png
20260612_234946_293,2026-06-12 23:49:46,False,10000,208,0.0,0,0.3,0.8,0,0.5,10,9.5,10,rrt_20260612_234946_293.png
20260612_234947_349,2026-06-12 23:49:47,True,2085,245,18.300000000000004,62,0.3,0.8,0,0.5,10,9.5,10,rrt_20260612_234947_349.png
20260612_234950_484,2026-06-12 23:49:50,False,10000,193,0.0,0,0.3,0.8,0,0.5,10,9.5,10,rrt_20260612_234950_484.png
20260612_234953_070,2026-06-12 23:49:53,False,10000,156,0.0,0,0.3,0.8,0,0.5,10,9.5,10,rrt_20260612_234953_070.png
20260612_234956_076,2026-06-12 23:49:56,False,10000,176,0.0,0,0.3,0.8,0,0.5,10,9.5,10,rrt_20260612_234956_076.png
20260612_234959_469,2026-06-12 23:49:59,False,10000,147,0.0,0,0.3,0.8,0,0.5,10,9.5,10,rrt_20260612_234959_469.png
20260612_235002_130,2026-06-12 23:50:02,False,10000,148,0.0,0,0.3,0.8,0,0.5,10,9.5,10,rrt_20260612_235002_130.png
20260612_235002_547,2026-06-12 23:50:02,True,557,156,21.00000000000001,71,0.3,0.8,0,0.5,10,9.5,10,rrt_20260612_235002_547.png
20260612_235005_873,2026-06-12 23:50:05,False,10000,219,0.0,0,0.3,0.8,0,0.5,10,9.5,10,rrt_20260612_235005_873.png
20260612_235009_514,2026-06-12 23:50:09,False,10000,249,0.0,0,0.3,0.8,0,0.5,10,9.5,10,rrt_20260612_235009_514.png
20260612_235010_789,2026-06-12 23:50:10,True,3698,211,17.700000000000003,60,0.3,0.8,0,0.5,10,9.5,10,rrt_20260612_235010_789.png
20260612_235011_898,2026-06-12 23:50:11,True,2562,281,19.50000000000001,66,0.3,0.8,0,0.5,10,9.5,10,rrt_20260612_235011_898.png
20260612_235012_812,2026-06-12 23:50:12,True,2215,228,17.700000000000003,60,0.3,0.8,0,0.5,10,9.5,10,rrt_20260612_235012_812.png
20260612_235015_335,2026-06-12 23:50:15,False,10000,145,0.0,0,0.3,0.8,0,0.5,10,9.5,10,rrt_20260612_235015_335.png
20260612_235016_126,2026-06-12 23:50:16,True,1243,239,17.700000000000006,60,0.3,0.8,0,0.5,10,9.5,10,rrt_20260612_235016_126.png
20260612_235020_626,2026-06-12 23:50:20,False,10000,297,0.0,0,0.3,0.8,0,0.5,10,9.5,10,rrt_20260612_235020_626.png
20260612_235023_577,2026-06-12 23:50:23,False,10000,179,0.0,0,0.3,0.8,0,0.5,10,9.5,10,rrt_20260612_235023_577.png
20260612_235025_740,2026-06-12 23:50:25,False,10000,119,0.0,0,0.3,0.8,0,0.5,10,9.5,10,rrt_20260612_235025_740.png
20260612_235026_622,2026-06-12 23:50:26,True,2088,209,19.500000000000014,66,0.3,0.8,0,0.5,10,9.5,10,rrt_20260612_235026_622.png
20260612_235029_107,2026-06-12 23:50:29,False,10000,140,0.0,0,0.3,0.8,0,0.5,10,9.5,10,rrt_20260612_235029_107.png
20260612_235029_770,2026-06-12 23:50:29,True,779,241,19.50000000000001,66,0.3,0.8,0,0.5,10,9.5,10,rrt_20260612_235029_770.png
20260612_235032_335,2026-06-12 23:50:32,False,10000,137,0.0,0,0.3,0.8,0,0.5,10,9.5,10,rrt_20260612_235032_335.png
20260612_235033_099,2026-06-12 23:50:33,True,1810,195,19.80000000000001,67,0.3,0.8,0,0.5,10,9.5,10,rrt_20260612_235033_099.png
20260612_235034_909,2026-06-12 23:50:34,False,10000,91,0.0,0,0.3,0.8,0,0.5,10,9.5,10,rrt_20260612_235034_909.png
20260612_235037_965,2026-06-12 23:50:37,False,10000,193,0.0,0,0.3,0.8,0,0.5,10,9.5,10,rrt_20260612_235037_965.png
20260612_235041_268,2026-06-12 23:50:41,False,10000,207,0.0,0,0.3,0.8,0,0.5,10,9.5,10,rrt_20260612_235041_268.png
20260612_235044_107,2026-06-12 23:50:44,False,10000,179,0.0,0,0.3,0.8,0,0.5,10,9.5,10,rrt_20260612_235044_107.png
20260612_235047_196,2026-06-12 23:50:47,False,10000,185,0.0,0,0.3,0.8,0,0.5,10,9.5,10,rrt_20260612_235047_196.png
20260612_235050_004,2026-06-12 23:50:50,False,10000,178,0.0,0,0.3,0.8,0,0.5,10,9.5,10,rrt_20260612_235050_004.png
20260612_235053_571,2026-06-12 23:50:53,False,10000,233,0.0,0,0.3,0.8,0,0.5,10,9.5,10,rrt_20260612_235053_571.png
20260612_235056_290,2026-06-12 23:50:56,False,10000,146,0.0,0,0.3,0.8,0,0.5,10,9.5,10,rrt_20260612_235056_290.png
20260612_235059_442,2026-06-12 23:50:59,False,10000,191,0.0,0,0.3,0.8,0,0.5,10,9.5,10,rrt_20260612_235059_442.png
20260612_235100_042,2026-06-12 23:51:00,True,1347,170,20.400000000000013,69,0.3,0.8,0,0.5,10,9.5,10,rrt_20260612_235100_042.png
20260612_235103_168,2026-06-12 23:51:03,False,10000,207,0.0,0,0.3,0.8,0,0.5,10,9.5,10,rrt_20260612_235103_168.png
20260612_235105_966,2026-06-12 23:51:05,False,10000,181,0.0,0,0.3,0.8,0,0.5,10,9.5,10,rrt_20260612_235105_966.png
20260612_235109_470,2026-06-12 23:51:09,False,10000,227,0.0,0,0.3,0.8,0,0.5,10,9.5,10,rrt_20260612_235109_470.png
20260612_235112_689,2026-06-12 23:51:12,False,10000,218,0.0,0,0.3,0.8,0,0.5,10,9.5,10,rrt_20260612_235112_689.png
20260612_235113_255,2026-06-12 23:51:13,True,1075,183,16.800000000000004,57,0.3,0.8,0,0.5,10,9.5,10,rrt_20260612_235113_255.png
20260612_235116_963,2026-06-12 23:51:16,False,10000,242,0.0,0,0.3,0.8,0,0.5,10,9.5,10,rrt_20260612_235116_963.png
20260612_235117_432,2026-06-12 23:51:17,True,465,131,19.20000000000001,65,0.3,0.8,0,0.5,10,9.5,10,rrt_20260612_235117_432.png
20260612_235120_389,2026-06-12 23:51:20,False,10000,191,0.0,0,0.3,0.8,0,0.5,10,9.5,10,rrt_20260612_235120_389.png
20260612_235125_341,2026-06-12 23:51:25,False,10000,201,0.0,0,0.3,0.8,0,0.5,10,9.5,10,rrt_20260612_235125_341.png
20260612_235130_780,2026-06-12 23:51:30,False,10000,201,0.0,0,0.3,0.8,0,0.5,10,9.5,10,rrt_20260612_235130_780.png
20260612_235132_359,2026-06-12 23:51:32,True,1311,223,18.3,62,0.3,0.8,0,0.5,10,9.5,10,rrt_20260612_235132_359.png
20260612_235133_801,2026-06-12 23:51:33,True,1594,240,22.500000000000025,76,0.3,0.8,0,0.5,10,9.5,10,rrt_20260612_235133_801.png
20260612_235138_883,2026-06-12 23:51:38,False,10000,227,0.0,0,0.3,0.8,0,0.5,10,9.5,10,rrt_20260612_235138_883.png
20260612_235142_533,2026-06-12 23:51:42,False,10000,238,0.0,0,0.3,0.8,0,0.5,10,9.5,10,rrt_20260612_235142_533.png
20260612_235147_160,2026-06-12 23:51:47,False,10000,306,0.0,0,0.3,0.8,0,0.5,10,9.5,10,rrt_20260612_235147_160.png
20260612_235147_880,2026-06-12 23:51:47,True,2116,167,19.200000000000017,65,0.3,0.8,0,0.5,10,9.5,10,rrt_20260612_235147_880.png
20260612_235150_602,2026-06-12 23:51:50,False,10000,181,0.0,0,0.3,0.8,0,0.5,10,9.5,10,rrt_20260612_235150_602.png
20260612_235153_321,2026-06-12 23:51:53,False,10000,154,0.0,0,0.3,0.8,0,0.5,10,9.5,10,rrt_20260612_235153_321.png
20260612_235156_582,2026-06-12 23:51:56,False,10000,174,0.0,0,0.3,0.8,0,0.5,10,9.5,10,rrt_20260612_235156_582.png
20260612_235158_461,2026-06-12 23:51:58,False,10000,92,0.0,0,0.3,0.8,0,0.5,10,9.5,10,rrt_20260612_235158_461.png
20260612_235201_783,2026-06-12 23:52:01,False,10000,215,0.0,0,0.3,0.8,0,0.5,10,9.5,10,rrt_20260612_235201_783.png
20260612_235202_366,2026-06-12 23:52:02,True,1569,167,20.700000000000017,70,0.3,0.8,0,0.5,10,9.5,10,rrt_20260612_235202_366.png
20260612_235205_116,2026-06-12 23:52:05,False,10000,182,0.0,0,0.3,0.8,0,0.5,10,9.5,10,rrt_20260612_235205_116.png
20260612_235205_571,2026-06-12 23:52:05,True,813,168,21.30000000000002,72,0.3,0.8,0,0.5,10,9.5,10,rrt_20260612_235205_571.png
20260612_235208_637,2026-06-12 23:52:08,False,10000,208,0.0,0,0.3,0.8,0,0.5,10,9.5,10,rrt_20260612_235208_637.png
20260612_235211_286,2026-06-12 23:52:11,False,10000,163,0.0,0,0.3,0.8,0,0.5,10,9.5,10,rrt_20260612_235211_286.png
20260612_235214_511,2026-06-12 23:52:14,False,10000,206,0.0,0,0.3,0.8,0,0.5,10,9.5,10,rrt_20260612_235214_511.png
20260612_235217_339,2026-06-12 23:52:17,False,10000,161,0.0,0,0.3,0.8,0,0.5,10,9.5,10,rrt_20260612_235217_339.png
20260612_235221_340,2026-06-12 23:52:21,False,10000,282,0.0,0,0.3,0.8,0,0.5,10,9.5,10,rrt_20260612_235221_340.png
20260612_235224_873,2026-06-12 23:52:24,False,10000,230,0.0,0,0.3,0.8,0,0.5,10,9.5,10,rrt_20260612_235224_873.png
20260612_235226_065,2026-06-12 23:52:26,True,2528,218,18.00000000000001,61,0.3,0.8,0,0.5,10,9.5,10,rrt_20260612_235226_065.png
20260612_235229_021,2026-06-12 23:52:29,False,10000,162,0.0,0,0.3,0.8,0,0.5,10,9.5,10,rrt_20260612_235229_021.png
20260612_235233_056,2026-06-12 23:52:33,False,10000,274,0.0,0,0.3,0.8,0,0.5,10,9.5,10,rrt_20260612_235233_056.png
20260612_235236_581,2026-06-12 23:52:36,False,10000,241,0.0,0,0.3,0.8,0,0.5,10,9.5,10,rrt_20260612_235236_581.png
20260612_235237_085,2026-06-12 23:52:37,True,583,163,17.700000000000014,60,0.3,0.8,0,0.5,10,9.5,10,rrt_20260612_235237_085.png
20260612_235239_590,2026-06-12 23:52:39,False,10000,157,0.0,0,0.3,0.8,0,0.5,10,9.5,10,rrt_20260612_235239_590.png
20260612_235242_941,2026-06-12 23:52:42,False,10000,231,0.0,0,0.3,0.8,0,0.5,10,9.5,10,rrt_20260612_235242_941.png
20260612_235244_885,2026-06-12 23:52:44,False,10000,98,0.0,0,0.3,0.8,0,0.5,10,9.5,10,rrt_20260612_235244_885.png
20260612_235245_910,2026-06-12 23:52:45,True,5138,124,19.2,49,0.4,0.1,0,0.5,10,9.5,10,rrt_20260612_235245_910.png
20260612_235248_082,2026-06-12 23:52:48,False,10000,176,0.0,0,0.4,0.1,0,0.5,10,9.5,10,rrt_20260612_235248_082.png
20260612_235250_053,2026-06-12 23:52:50,False,10000,133,0.0,0,0.4,0.1,0,0.5,10,9.5,10,rrt_20260612_235250_053.png
20260612_235252_565,2026-06-12 23:52:52,False,10000,154,0.0,0,0.4,0.1,0,0.5,10,9.5,10,rrt_20260612_235252_565.png
20260612_235254_282,2026-06-12 23:52:54,True,6758,137,16.8,43,0.4,0.1,0,0.5,10,9.5,10,rrt_20260612_235254_282.png
20260612_235256_443,2026-06-12 23:52:56,False,10000,133,0.0,0,0.4,0.1,0,0.5,10,9.5,10,rrt_20260612_235256_443.png
20260612_235258_935,2026-06-12 23:52:58,False,10000,158,0.0,0,0.4,0.1,0,0.5,10,9.5,10,rrt_20260612_235258_935.png
20260612_235300_672,2026-06-12 23:53:00,False,10000,70,0.0,0,0.4,0.1,0,0.5,10,9.5,10,rrt_20260612_235300_672.png
20260612_235302_233,2026-06-12 23:53:02,False,10000,71,0.0,0,0.4,0.1,0,0.5,10,9.5,10,rrt_20260612_235302_233.png
20260612_235304_375,2026-06-12 23:53:04,False,10000,168,0.0,0,0.4,0.1,0,0.5,10,9.5,10,rrt_20260612_235304_375.png
20260612_235305_966,2026-06-12 23:53:05,False,10000,57,0.0,0,0.4,0.1,0,0.5,10,9.5,10,rrt_20260612_235305_966.png
20260612_235308_052,2026-06-12 23:53:08,False,10000,155,0.0,0,0.4,0.1,0,0.5,10,9.5,10,rrt_20260612_235308_052.png
20260612_235310_241,2026-06-12 23:53:10,False,10000,153,0.0,0,0.4,0.1,0,0.5,10,9.5,10,rrt_20260612_235310_241.png
20260612_235312_341,2026-06-12 23:53:12,False,10000,134,0.0,0,0.4,0.1,0,0.5,10,9.5,10,rrt_20260612_235312_341.png
20260612_235314_770,2026-06-12 23:53:14,False,10000,151,0.0,0,0.4,0.1,0,0.5,10,9.5,10,rrt_20260612_235314_770.png
20260612_235317_086,2026-06-12 23:53:17,False,10000,154,0.0,0,0.4,0.1,0,0.5,10,9.5,10,rrt_20260612_235317_086.png
20260612_235319_708,2026-06-12 23:53:19,False,10000,146,0.0,0,0.4,0.1,0,0.5,10,9.5,10,rrt_20260612_235319_708.png
20260612_235322_485,2026-06-12 23:53:22,False,10000,172,0.0,0,0.4,0.1,0,0.5,10,9.5,10,rrt_20260612_235322_485.png
20260612_235324_962,2026-06-12 23:53:24,False,10000,169,0.0,0,0.4,0.1,0,0.5,10,9.5,10,rrt_20260612_235324_962.png
20260612_235327_667,2026-06-12 23:53:27,False,10000,140,0.0,0,0.4,0.1,0,0.5,10,9.5,10,rrt_20260612_235327_667.png
20260612_235328_975,2026-06-12 23:53:28,False,10000,61,0.0,0,0.4,0.1,0,0.5,10,9.5,10,rrt_20260612_235328_975.png
20260612_235330_545,2026-06-12 23:53:30,True,6242,168,18.000000000000014,46,0.4,0.1,0,0.5,10,9.5,10,rrt_20260612_235330_545.png
20260612_235331_997,2026-06-12 23:53:31,False,10000,62,0.0,0,0.4,0.1,0,0.5,10,9.5,10,rrt_20260612_235331_997.png
20260612_235334_010,2026-06-12 23:53:34,False,10000,140,0.0,0,0.4,0.1,0,0.5,10,9.5,10,rrt_20260612_235334_010.png
20260612_235335_363,2026-06-12 23:53:35,False,10000,87,0.0,0,0.4,0.1,0,0.5,10,9.5,10,rrt_20260612_235335_363.png
20260612_235336_877,2026-06-12 23:53:36,False,10000,84,0.0,0,0.4,0.1,0,0.5,10,9.5,10,rrt_20260612_235336_877.png
20260612_235339_145,2026-06-12 23:53:39,False,10000,151,0.0,0,0.4,0.1,0,0.5,10,9.5,10,rrt_20260612_235339_145.png
20260612_235341_236,2026-06-12 23:53:41,False,10000,108,0.0,0,0.4,0.1,0,0.5,10,9.5,10,rrt_20260612_235341_236.png
20260612_235343_358,2026-06-12 23:53:43,False,10000,147,0.0,0,0.4,0.1,0,0.5,10,9.5,10,rrt_20260612_235343_358.png
20260612_235344_959,2026-06-12 23:53:44,False,10000,73,0.0,0,0.4,0.1,0,0.5,10,9.5,10,rrt_20260612_235344_959.png
20260612_235346_596,2026-06-12 23:53:46,False,10000,88,0.0,0,0.4,0.1,0,0.5,10,9.5,10,rrt_20260612_235346_596.png
20260612_235348_137,2026-06-12 23:53:48,False,10000,70,0.0,0,0.4,0.1,0,0.5,10,9.5,10,rrt_20260612_235348_137.png
20260612_235350_233,2026-06-12 23:53:50,False,10000,139,0.0,0,0.4,0.1,0,0.5,10,9.5,10,rrt_20260612_235350_233.png
20260612_235350_833,2026-06-12 23:53:50,True,1813,85,19.599999999999994,50,0.4,0.1,0,0.5,10,9.5,10,rrt_20260612_235350_833.png
20260612_235352_489,2026-06-12 23:53:52,False,10000,111,0.0,0,0.4,0.1,0,0.5,10,9.5,10,rrt_20260612_235352_489.png
20260612_235354_641,2026-06-12 23:53:54,False,10000,147,0.0,0,0.4,0.1,0,0.5,10,9.5,10,rrt_20260612_235354_641.png
20260612_235356_229,2026-06-12 23:53:56,False,10000,87,0.0,0,0.4,0.1,0,0.5,10,9.5,10,rrt_20260612_235356_229.png
20260612_235358_494,2026-06-12 23:53:58,False,10000,159,0.0,0,0.4,0.1,0,0.5,10,9.5,10,rrt_20260612_235358_494.png
20260612_235400_870,2026-06-12 23:54:00,False,10000,162,0.0,0,0.4,0.1,0,0.5,10,9.5,10,rrt_20260612_235400_870.png
20260612_235402_885,2026-06-12 23:54:02,False,10000,165,0.0,0,0.4,0.1,0,0.5,10,9.5,10,rrt_20260612_235402_885.png
20260612_235404_840,2026-06-12 23:54:04,False,10000,114,0.0,0,0.4,0.1,0,0.5,10,9.5,10,rrt_20260612_235404_840.png
20260612_235406_956,2026-06-12 23:54:06,False,10000,151,0.0,0,0.4,0.1,0,0.5,10,9.5,10,rrt_20260612_235406_956.png
20260612_235408_429,2026-06-12 23:54:08,False,10000,68,0.0,0,0.4,0.1,0,0.5,10,9.5,10,rrt_20260612_235408_429.png
20260612_235408_912,2026-06-12 23:54:08,True,1709,93,17.6,45,0.4,0.1,0,0.5,10,9.5,10,rrt_20260612_235408_912.png
20260612_235411_286,2026-06-12 23:54:11,False,10000,149,0.0,0,0.4,0.1,0,0.5,10,9.5,10,rrt_20260612_235411_286.png
20260612_235413_467,2026-06-12 23:54:13,False,10000,153,0.0,0,0.4,0.1,0,0.5,10,9.5,10,rrt_20260612_235413_467.png
20260612_235415_021,2026-06-12 23:54:15,False,10000,70,0.0,0,0.4,0.1,0,0.5,10,9.5,10,rrt_20260612_235415_021.png
20260612_235415_534,2026-06-12 23:54:15,True,1606,69,16.8,43,0.4,0.1,0,0.5,10,9.5,10,rrt_20260612_235415_534.png
20260612_235417_536,2026-06-12 23:54:17,False,10000,115,0.0,0,0.4,0.1,0,0.5,10,9.5,10,rrt_20260612_235417_536.png
20260612_235419_061,2026-06-12 23:54:19,False,10000,69,0.0,0,0.4,0.1,0,0.5,10,9.5,10,rrt_20260612_235419_061.png
20260612_235421_012,2026-06-12 23:54:21,False,10000,119,0.0,0,0.4,0.1,0,0.5,10,9.5,10,rrt_20260612_235421_012.png
20260612_235422_526,2026-06-12 23:54:22,False,10000,86,0.0,0,0.4,0.1,0,0.5,10,9.5,10,rrt_20260612_235422_526.png
20260612_235423_740,2026-06-12 23:54:23,False,10000,61,0.0,0,0.4,0.1,0,0.5,10,9.5,10,rrt_20260612_235423_740.png
20260612_235426_257,2026-06-12 23:54:26,False,10000,157,0.0,0,0.4,0.1,0,0.5,10,9.5,10,rrt_20260612_235426_257.png
20260612_235428_473,2026-06-12 23:54:28,False,10000,128,0.0,0,0.4,0.1,0,0.5,10,9.5,10,rrt_20260612_235428_473.png
20260612_235430_417,2026-06-12 23:54:30,False,10000,99,0.0,0,0.4,0.1,0,0.5,10,9.5,10,rrt_20260612_235430_417.png
20260612_235431_713,2026-06-12 23:54:31,False,10000,81,0.0,0,0.4,0.1,0,0.5,10,9.5,10,rrt_20260612_235431_713.png
20260612_235433_763,2026-06-12 23:54:33,False,10000,154,0.0,0,0.4,0.1,0,0.5,10,9.5,10,rrt_20260612_235433_763.png
20260612_235435_761,2026-06-12 23:54:35,False,10000,115,0.0,0,0.4,0.1,0,0.5,10,9.5,10,rrt_20260612_235435_761.png
20260612_235437_984,2026-06-12 23:54:37,False,10000,130,0.0,0,0.4,0.1,0,0.5,10,9.5,10,rrt_20260612_235437_984.png
20260612_235440_056,2026-06-12 23:54:40,False,10000,131,0.0,0,0.4,0.1,0,0.5,10,9.5,10,rrt_20260612_235440_056.png
20260612_235442_413,2026-06-12 23:54:42,False,10000,117,0.0,0,0.4,0.1,0,0.5,10,9.5,10,rrt_20260612_235442_413.png
20260612_235446_917,2026-06-12 23:54:46,False,10000,147,0.0,0,0.4,0.1,0,0.5,10,9.5,10,rrt_20260612_235446_917.png
20260612_235450_615,2026-06-12 23:54:50,False,10000,140,0.0,0,0.4,0.1,0,0.5,10,9.5,10,rrt_20260612_235450_615.png
20260612_235452_412,2026-06-12 23:54:52,True,5755,132,17.20000000000001,44,0.4,0.1,0,0.5,10,9.5,10,rrt_20260612_235452_412.png
20260612_235453_744,2026-06-12 23:54:53,True,5418,136,18.400000000000006,47,0.4,0.1,0,0.5,10,9.5,10,rrt_20260612_235453_744.png
20260612_235455_605,2026-06-12 23:54:55,False,10000,117,0.0,0,0.4,0.1,0,0.5,10,9.5,10,rrt_20260612_235455_605.png
20260612_235459_005,2026-06-12 23:54:59,False,10000,153,0.0,0,0.4,0.1,0,0.5,10,9.5,10,rrt_20260612_235459_005.png
20260612_235502_214,2026-06-12 23:55:02,False,10000,151,0.0,0,0.4,0.1,0,0.5,10,9.5,10,rrt_20260612_235502_214.png
20260612_235503_797,2026-06-12 23:55:03,False,10000,67,0.0,0,0.4,0.1,0,0.5,10,9.5,10,rrt_20260612_235503_797.png
20260612_235505_324,2026-06-12 23:55:05,False,10000,85,0.0,0,0.4,0.1,0,0.5,10,9.5,10,rrt_20260612_235505_324.png
20260612_235507_004,2026-06-12 23:55:07,False,10000,86,0.0,0,0.4,0.1,0,0.5,10,9.5,10,rrt_20260612_235507_004.png
20260612_235508_712,2026-06-12 23:55:08,False,10000,88,0.0,0,0.4,0.1,0,0.5,10,9.5,10,rrt_20260612_235508_712.png
20260612_235510_109,2026-06-12 23:55:10,True,6612,137,17.200000000000003,44,0.4,0.1,0,0.5,10,9.5,10,rrt_20260612_235510_109.png
20260612_235512_379,2026-06-12 23:55:12,False,10000,161,0.0,0,0.4,0.1,0,0.5,10,9.5,10,rrt_20260612_235512_379.png
20260612_235514_706,2026-06-12 23:55:14,False,10000,157,0.0,0,0.4,0.1,0,0.5,10,9.5,10,rrt_20260612_235514_706.png
20260612_235516_466,2026-06-12 23:55:16,False,10000,72,0.0,0,0.4,0.1,0,0.5,10,9.5,10,rrt_20260612_235516_466.png
20260612_235518_826,2026-06-12 23:55:18,False,10000,155,0.0,0,0.4,0.1,0,0.5,10,9.5,10,rrt_20260612_235518_826.png
20260612_235520_099,2026-06-12 23:55:20,True,6460,120,19.999999999999996,51,0.4,0.1,0,0.5,10,9.5,10,rrt_20260612_235520_099.png
20260612_235522_205,2026-06-12 23:55:22,False,10000,144,0.0,0,0.4,0.1,0,0.5,10,9.5,10,rrt_20260612_235522_205.png
20260612_235522_991,2026-06-12 23:55:22,True,3490,98,17.200000000000003,44,0.4,0.1,0,0.5,10,9.5,10,rrt_20260612_235522_991.png
20260612_235525_065,2026-06-12 23:55:25,False,10000,154,0.0,0,0.4,0.1,0,0.5,10,9.5,10,rrt_20260612_235525_065.png
20260612_235526_749,2026-06-12 23:55:26,False,10000,124,0.0,0,0.4,0.1,0,0.5,10,9.5,10,rrt_20260612_235526_749.png
20260612_235528_373,2026-06-12 23:55:28,False,10000,90,0.0,0,0.4,0.1,0,0.5,10,9.5,10,rrt_20260612_235528_373.png
20260612_235529_710,2026-06-12 23:55:29,False,10000,70,0.0,0,0.4,0.1,0,0.5,10,9.5,10,rrt_20260612_235529_710.png
20260612_235532_020,2026-06-12 23:55:32,False,10000,133,0.0,0,0.4,0.1,0,0.5,10,9.5,10,rrt_20260612_235532_020.png
20260612_235532_488,2026-06-12 23:55:32,True,1376,68,17.20000000000001,44,0.4,0.1,0,0.5,10,9.5,10,rrt_20260612_235532_488.png
20260612_235534_333,2026-06-12 23:55:34,True,9106,162,16.400000000000006,42,0.4,0.1,0,0.5,10,9.5,10,rrt_20260612_235534_333.png
20260612_235536_536,2026-06-12 23:55:36,False,10000,149,0.0,0,0.4,0.1,0,0.5,10,9.5,10,rrt_20260612_235536_536.png
20260612_235538_922,2026-06-12 23:55:38,False,10000,174,0.0,0,0.4,0.1,0,0.5,10,9.5,10,rrt_20260612_235538_922.png
20260612_235540_830,2026-06-12 23:55:40,False,10000,115,0.0,0,0.4,0.1,0,0.5,10,9.5,10,rrt_20260612_235540_830.png
20260612_235542_727,2026-06-12 23:55:42,False,10000,126,0.0,0,0.4,0.1,0,0.5,10,9.5,10,rrt_20260612_235542_727.png
20260612_235544_468,2026-06-12 23:55:44,False,10000,67,0.0,0,0.4,0.1,0,0.5,10,9.5,10,rrt_20260612_235544_468.png
20260612_235545_804,2026-06-12 23:55:45,False,10000,71,0.0,0,0.4,0.1,0,0.5,10,9.5,10,rrt_20260612_235545_804.png
20260612_235547_623,2026-06-12 23:55:47,False,10000,68,0.0,0,0.4,0.1,0,0.5,10,9.5,10,rrt_20260612_235547_623.png
20260612_235549_709,2026-06-12 23:55:49,False,10000,128,0.0,0,0.4,0.1,0,0.5,10,9.5,10,rrt_20260612_235549_709.png
20260612_235550_307,2026-06-12 23:55:50,True,2004,83,17.20000000000001,44,0.4,0.1,0,0.5,10,9.5,10,rrt_20260612_235550_307.png
20260612_235551_669,2026-06-12 23:55:51,False,10000,61,0.0,0,0.4,0.1,0,0.5,10,9.5,10,rrt_20260612_235551_669.png
20260612_235553_889,2026-06-12 23:55:53,False,10000,147,0.0,0,0.4,0.1,0,0.5,10,9.5,10,rrt_20260612_235553_889.png
20260612_235555_679,2026-06-12 23:55:55,False,10000,71,0.0,0,0.4,0.1,0,0.5,10,9.5,10,rrt_20260612_235555_679.png
20260612_235557_393,2026-06-12 23:55:57,False,10000,85,0.0,0,0.4,0.2,0,0.5,10,9.5,10,rrt_20260612_235557_393.png
20260612_235558_218,2026-06-12 23:55:58,True,3300,154,17.6,45,0.4,0.2,0,0.5,10,9.5,10,rrt_20260612_235558_218.png
20260612_235601_050,2026-06-12 23:56:01,False,10000,157,0.0,0,0.4,0.2,0,0.5,10,9.5,10,rrt_20260612_235601_050.png
20260612_235603_278,2026-06-12 23:56:03,False,10000,104,0.0,0,0.4,0.2,0,0.5,10,9.5,10,rrt_20260612_235603_278.png
20260612_235605_607,2026-06-12 23:56:05,False,10000,148,0.0,0,0.4,0.2,0,0.5,10,9.5,10,rrt_20260612_235605_607.png
20260612_235607_653,2026-06-12 23:56:07,False,10000,118,0.0,0,0.4,0.2,0,0.5,10,9.5,10,rrt_20260612_235607_653.png
20260612_235609_434,2026-06-12 23:56:09,False,10000,73,0.0,0,0.4,0.2,0,0.5,10,9.5,10,rrt_20260612_235609_434.png
20260612_235610_763,2026-06-12 23:56:10,False,10000,68,0.0,0,0.4,0.2,0,0.5,10,9.5,10,rrt_20260612_235610_763.png
20260612_235612_365,2026-06-12 23:56:12,False,10000,69,0.0,0,0.4,0.2,0,0.5,10,9.5,10,rrt_20260612_235612_365.png
20260612_235614_571,2026-06-12 23:56:14,False,10000,150,0.0,0,0.4,0.2,0,0.5,10,9.5,10,rrt_20260612_235614_571.png
20260612_235617_265,2026-06-12 23:56:17,False,10000,124,0.0,0,0.4,0.2,0,0.5,10,9.5,10,rrt_20260612_235617_265.png
20260612_235619_939,2026-06-12 23:56:19,False,10000,141,0.0,0,0.4,0.2,0,0.5,10,9.5,10,rrt_20260612_235619_939.png
20260612_235622_189,2026-06-12 23:56:22,False,10000,129,0.0,0,0.4,0.2,0,0.5,10,9.5,10,rrt_20260612_235622_189.png
20260612_235624_552,2026-06-12 23:56:24,False,10000,150,0.0,0,0.4,0.2,0,0.5,10,9.5,10,rrt_20260612_235624_552.png
20260612_235627_403,2026-06-12 23:56:27,False,10000,196,0.0,0,0.4,0.2,0,0.5,10,9.5,10,rrt_20260612_235627_403.png
20260612_235629_692,2026-06-12 23:56:29,False,10000,143,0.0,0,0.4,0.2,0,0.5,10,9.5,10,rrt_20260612_235629_692.png
20260612_235631_858,2026-06-12 23:56:31,False,10000,130,0.0,0,0.4,0.2,0,0.5,10,9.5,10,rrt_20260612_235631_858.png
20260612_235634_463,2026-06-12 23:56:34,False,10000,177,0.0,0,0.4,0.2,0,0.5,10,9.5,10,rrt_20260612_235634_463.png
20260612_235636_548,2026-06-12 23:56:36,False,10000,127,0.0,0,0.4,0.2,0,0.5,10,9.5,10,rrt_20260612_235636_548.png
20260612_235638_171,2026-06-12 23:56:38,False,10000,68,0.0,0,0.4,0.2,0,0.5,10,9.5,10,rrt_20260612_235638_171.png
20260612_235640_817,2026-06-12 23:56:40,False,10000,136,0.0,0,0.4,0.2,0,0.5,10,9.5,10,rrt_20260612_235640_817.png
20260612_235643_473,2026-06-12 23:56:43,False,10000,130,0.0,0,0.4,0.2,0,0.5,10,9.5,10,rrt_20260612_235643_473.png
20260612_235645_235,2026-06-12 23:56:45,False,10000,88,0.0,0,0.4,0.2,0,0.5,10,9.5,10,rrt_20260612_235645_235.png
20260612_235645_869,2026-06-12 23:56:45,True,2228,102,19.99999999999999,51,0.4,0.2,0,0.5,10,9.5,10,rrt_20260612_235645_869.png
20260612_235648_140,2026-06-12 23:56:48,False,10000,137,0.0,0,0.4,0.2,0,0.5,10,9.5,10,rrt_20260612_235648_140.png
20260612_235650_552,2026-06-12 23:56:50,False,10000,168,0.0,0,0.4,0.2,0,0.5,10,9.5,10,rrt_20260612_235650_552.png
20260612_235653_238,2026-06-12 23:56:53,False,10000,162,0.0,0,0.4,0.2,0,0.5,10,9.5,10,rrt_20260612_235653_238.png
20260612_235654_572,2026-06-12 23:56:54,False,10000,71,0.0,0,0.4,0.2,0,0.5,10,9.5,10,rrt_20260612_235654_572.png
20260612_235657_517,2026-06-12 23:56:57,False,10000,164,0.0,0,0.4,0.2,0,0.5,10,9.5,10,rrt_20260612_235657_517.png
20260612_235700_000,2026-06-12 23:57:00,False,10000,158,0.0,0,0.4,0.2,0,0.5,10,9.5,10,rrt_20260612_235700_000.png
20260612_235702_446,2026-06-12 23:57:02,False,10000,138,0.0,0,0.4,0.2,0,0.5,10,9.5,10,rrt_20260612_235702_446.png
20260612_235703_926,2026-06-12 23:57:03,False,10000,59,0.0,0,0.4,0.2,0,0.5,10,9.5,10,rrt_20260612_235703_926.png
20260612_235706_090,2026-06-12 23:57:06,False,10000,135,0.0,0,0.4,0.2,0,0.5,10,9.5,10,rrt_20260612_235706_090.png
20260612_235708_374,2026-06-12 23:57:08,False,10000,116,0.0,0,0.4,0.2,0,0.5,10,9.5,10,rrt_20260612_235708_374.png
20260612_235708_800,2026-06-12 23:57:08,True,974,81,18.40000000000001,47,0.4,0.2,0,0.5,10,9.5,10,rrt_20260612_235708_800.png
20260612_235710_280,2026-06-12 23:57:10,False,10000,89,0.0,0,0.4,0.2,0,0.5,10,9.5,10,rrt_20260612_235710_280.png
20260612_235712_650,2026-06-12 23:57:12,False,10000,148,0.0,0,0.4,0.2,0,0.5,10,9.5,10,rrt_20260612_235712_650.png
20260612_235715_187,2026-06-12 23:57:15,False,10000,137,0.0,0,0.4,0.2,0,0.5,10,9.5,10,rrt_20260612_235715_187.png
20260612_235715_587,2026-06-12 23:57:15,True,881,73,17.20000000000001,44,0.4,0.2,0,0.5,10,9.5,10,rrt_20260612_235715_587.png
20260612_235718_225,2026-06-12 23:57:18,False,10000,136,0.0,0,0.4,0.2,0,0.5,10,9.5,10,rrt_20260612_235718_225.png
20260612_235720_913,2026-06-12 23:57:20,False,10000,138,0.0,0,0.4,0.2,0,0.5,10,9.5,10,rrt_20260612_235720_913.png
20260612_235723_654,2026-06-12 23:57:23,False,10000,153,0.0,0,0.4,0.2,0,0.5,10,9.5,10,rrt_20260612_235723_654.png
20260612_235725_840,2026-06-12 23:57:25,False,10000,114,0.0,0,0.4,0.2,0,0.5,10,9.5,10,rrt_20260612_235725_840.png
20260612_235727_622,2026-06-12 23:57:27,False,10000,87,0.0,0,0.4,0.2,0,0.5,10,9.5,10,rrt_20260612_235727_622.png
20260612_235729_768,2026-06-12 23:57:29,False,10000,71,0.0,0,0.4,0.2,0,0.5,10,9.5,10,rrt_20260612_235729_768.png
20260612_235731_891,2026-06-12 23:57:31,False,10000,90,0.0,0,0.4,0.2,0,0.5,10,9.5,10,rrt_20260612_235731_891.png
20260612_235734_173,2026-06-12 23:57:34,False,10000,153,0.0,0,0.4,0.2,0,0.5,10,9.5,10,rrt_20260612_235734_173.png
20260612_235737_108,2026-06-12 23:57:37,False,10000,126,0.0,0,0.4,0.2,0,0.5,10,9.5,10,rrt_20260612_235737_108.png
20260612_235740_000,2026-06-12 23:57:40,False,10000,155,0.0,0,0.4,0.2,0,0.5,10,9.5,10,rrt_20260612_235740_000.png
20260612_235742_176,2026-06-12 23:57:42,False,10000,149,0.0,0,0.4,0.2,0,0.5,10,9.5,10,rrt_20260612_235742_176.png
20260612_235744_352,2026-06-12 23:57:44,False,10000,137,0.0,0,0.4,0.2,0,0.5,10,9.5,10,rrt_20260612_235744_352.png
20260612_235747_328,2026-06-12 23:57:47,False,10000,161,0.0,0,0.4,0.2,0,0.5,10,9.5,10,rrt_20260612_235747_328.png
20260612_235749_248,2026-06-12 23:57:49,False,10000,126,0.0,0,0.4,0.2,0,0.5,10,9.5,10,rrt_20260612_235749_248.png
20260612_235752_042,2026-06-12 23:57:52,False,10000,135,0.0,0,0.4,0.2,0,0.5,10,9.5,10,rrt_20260612_235752_042.png
20260612_235754_033,2026-06-12 23:57:54,False,10000,126,0.0,0,0.4,0.2,0,0.5,10,9.5,10,rrt_20260612_235754_033.png
20260612_235756_538,2026-06-12 23:57:56,False,10000,146,0.0,0,0.4,0.2,0,0.5,10,9.5,10,rrt_20260612_235756_538.png
20260612_235757_994,2026-06-12 23:57:57,False,10000,61,0.0,0,0.4,0.2,0,0.5,10,9.5,10,rrt_20260612_235757_994.png
20260612_235800_604,2026-06-12 23:58:00,False,10000,164,0.0,0,0.4,0.2,0,0.5,10,9.5,10,rrt_20260612_235800_604.png
20260612_235802_886,2026-06-12 23:58:02,False,10000,141,0.0,0,0.4,0.2,0,0.5,10,9.5,10,rrt_20260612_235802_886.png
20260612_235805_214,2026-06-12 23:58:05,False,10000,164,0.0,0,0.4,0.2,0,0.5,10,9.5,10,rrt_20260612_235805_214.png
20260612_235807_139,2026-06-12 23:58:07,False,10000,88,0.0,0,0.4,0.2,0,0.5,10,9.5,10,rrt_20260612_235807_139.png
20260612_235809_788,2026-06-12 23:58:09,False,10000,140,0.0,0,0.4,0.2,0,0.5,10,9.5,10,rrt_20260612_235809_788.png
20260612_235812_171,2026-06-12 23:58:12,False,10000,149,0.0,0,0.4,0.2,0,0.5,10,9.5,10,rrt_20260612_235812_171.png
20260612_235814_502,2026-06-12 23:58:14,False,10000,146,0.0,0,0.4,0.2,0,0.5,10,9.5,10,rrt_20260612_235814_502.png
20260612_235816_497,2026-06-12 23:58:16,False,10000,111,0.0,0,0.4,0.2,0,0.5,10,9.5,10,rrt_20260612_235816_497.png
20260612_235817_036,2026-06-12 23:58:17,True,1147,103,17.599999999999998,45,0.4,0.2,0,0.5,10,9.5,10,rrt_20260612_235817_036.png
20260612_235819_245,2026-06-12 23:58:19,False,10000,140,0.0,0,0.4,0.2,0,0.5,10,9.5,10,rrt_20260612_235819_245.png
20260612_235820_929,2026-06-12 23:58:20,False,10000,79,0.0,0,0.4,0.2,0,0.5,10,9.5,10,rrt_20260612_235820_929.png
20260612_235822_124,2026-06-12 23:58:22,True,3875,158,17.60000000000001,45,0.4,0.2,0,0.5,10,9.5,10,rrt_20260612_235822_124.png
20260612_235822_898,2026-06-12 23:58:22,True,2338,127,17.600000000000012,45,0.4,0.2,0,0.5,10,9.5,10,rrt_20260612_235822_898.png
20260612_235825_684,2026-06-12 23:58:25,False,10000,175,0.0,0,0.4,0.2,0,0.5,10,9.5,10,rrt_20260612_235825_684.png
20260612_235827_833,2026-06-12 23:58:27,False,10000,114,0.0,0,0.4,0.2,0,0.5,10,9.5,10,rrt_20260612_235827_833.png
20260612_235829_724,2026-06-12 23:58:29,False,10000,153,0.0,0,0.4,0.2,0,0.5,10,9.5,10,rrt_20260612_235829_724.png
20260612_235832_267,2026-06-12 23:58:32,False,10000,172,0.0,0,0.4,0.2,0,0.5,10,9.5,10,rrt_20260612_235832_267.png
20260612_235833_732,2026-06-12 23:58:33,False,10000,69,0.0,0,0.4,0.2,0,0.5,10,9.5,10,rrt_20260612_235833_732.png
20260612_235835_808,2026-06-12 23:58:35,False,10000,133,0.0,0,0.4,0.2,0,0.5,10,9.5,10,rrt_20260612_235835_808.png
20260612_235836_431,2026-06-12 23:58:36,True,1722,119,18.000000000000014,46,0.4,0.2,0,0.5,10,9.5,10,rrt_20260612_235836_431.png
20260612_235837_846,2026-06-12 23:58:37,True,5030,169,18.000000000000004,46,0.4,0.2,0,0.5,10,9.5,10,rrt_20260612_235837_846.png
20260612_235839_242,2026-06-12 23:58:39,False,10000,72,0.0,0,0.4,0.2,0,0.5,10,9.5,10,rrt_20260612_235839_242.png
20260612_235841_619,2026-06-12 23:58:41,False,10000,157,0.0,0,0.4,0.2,0,0.5,10,9.5,10,rrt_20260612_235841_619.png
20260612_235842_296,2026-06-12 23:58:42,True,3015,112,20.800000000000022,53,0.4,0.2,0,0.5,10,9.5,10,rrt_20260612_235842_296.png
20260612_235843_849,2026-06-12 23:58:43,False,10000,73,0.0,0,0.4,0.2,0,0.5,10,9.5,10,rrt_20260612_235843_849.png
20260612_235846_023,2026-06-12 23:58:46,False,10000,148,0.0,0,0.4,0.2,0,0.5,10,9.5,10,rrt_20260612_235846_023.png
20260612_235847_114,2026-06-12 23:58:47,True,4107,147,18.799999999999997,48,0.4,0.2,0,0.5,10,9.5,10,rrt_20260612_235847_114.png
20260612_235849_612,2026-06-12 23:58:49,False,10000,167,0.0,0,0.4,0.2,0,0.5,10,9.5,10,rrt_20260612_235849_612.png
20260612_235851_890,2026-06-12 23:58:51,False,10000,154,0.0,0,0.4,0.2,0,0.5,10,9.5,10,rrt_20260612_235851_890.png
20260612_235854_105,2026-06-12 23:58:54,False,10000,142,0.0,0,0.4,0.2,0,0.5,10,9.5,10,rrt_20260612_235854_105.png
20260612_235856_436,2026-06-12 23:58:56,False,10000,137,0.0,0,0.4,0.2,0,0.5,10,9.5,10,rrt_20260612_235856_436.png
20260612_235858_822,2026-06-12 23:58:58,False,10000,157,0.0,0,0.4,0.2,0,0.5,10,9.5,10,rrt_20260612_235858_822.png
20260612_235901_287,2026-06-12 23:59:01,False,10000,133,0.0,0,0.4,0.2,0,0.5,10,9.5,10,rrt_20260612_235901_287.png
20260612_235903_488,2026-06-12 23:59:03,False,10000,119,0.0,0,0.4,0.2,0,0.5,10,9.5,10,rrt_20260612_235903_488.png
20260612_235905_487,2026-06-12 23:59:05,False,10000,93,0.0,0,0.4,0.2,0,0.5,10,9.5,10,rrt_20260612_235905_487.png
20260612_235905_925,2026-06-12 23:59:05,True,1288,76,17.200000000000003,44,0.4,0.2,0,0.5,10,9.5,10,rrt_20260612_235905_925.png
20260612_235906_308,2026-06-12 23:59:06,True,1377,113,16.800000000000008,43,0.4,0.2,0,0.5,10,9.5,10,rrt_20260612_235906_308.png
20260612_235906_620,2026-06-12 23:59:06,True,1219,75,19.600000000000016,50,0.4,0.2,0,0.5,10,9.5,10,rrt_20260612_235906_620.png
20260612_235908_584,2026-06-12 23:59:08,False,10000,114,0.0,0,0.4,0.2,0,0.5,10,9.5,10,rrt_20260612_235908_584.png
20260612_235909_863,2026-06-12 23:59:09,False,10000,59,0.0,0,0.4,0.2,0,0.5,10,9.5,10,rrt_20260612_235909_863.png
20260612_235912_817,2026-06-12 23:59:12,False,10000,147,0.0,0,0.4,0.2,0,0.5,10,9.5,10,rrt_20260612_235912_817.png
20260612_235913_319,2026-06-12 23:59:13,True,458,64,16.800000000000004,43,0.4,0.2,0,0.5,10,9.5,10,rrt_20260612_235913_319.png
20260612_235914_894,2026-06-12 23:59:14,False,10000,69,0.0,0,0.4,0.2,0,0.5,10,9.5,10,rrt_20260612_235914_894.png
20260612_235917_942,2026-06-12 23:59:17,False,10000,156,0.0,0,0.4,0.3,0,0.5,10,9.5,10,rrt_20260612_235917_942.png
20260612_235920_762,2026-06-12 23:59:20,False,10000,131,0.0,0,0.4,0.3,0,0.5,10,9.5,10,rrt_20260612_235920_762.png
20260612_235923_933,2026-06-12 23:59:23,False,10000,158,0.0,0,0.4,0.3,0,0.5,10,9.5,10,rrt_20260612_235923_933.png
20260612_235924_762,2026-06-12 23:59:24,True,2823,142,17.6,45,0.4,0.3,0,0.5,10,9.5,10,rrt_20260612_235924_762.png
20260612_235927_298,2026-06-12 23:59:27,False,10000,155,0.0,0,0.4,0.3,0,0.5,10,9.5,10,rrt_20260612_235927_298.png
20260612_235929_985,2026-06-12 23:59:29,False,10000,176,0.0,0,0.4,0.3,0,0.5,10,9.5,10,rrt_20260612_235929_985.png
20260612_235932_270,2026-06-12 23:59:32,False,10000,132,0.0,0,0.4,0.3,0,0.5,10,9.5,10,rrt_20260612_235932_270.png
20260612_235934_810,2026-06-12 23:59:34,False,10000,163,0.0,0,0.4,0.3,0,0.5,10,9.5,10,rrt_20260612_235934_810.png
20260612_235936_977,2026-06-12 23:59:36,False,10000,120,0.0,0,0.4,0.3,0,0.5,10,9.5,10,rrt_20260612_235936_977.png
20260612_235940_016,2026-06-12 23:59:40,False,10000,218,0.0,0,0.4,0.3,0,0.5,10,9.5,10,rrt_20260612_235940_016.png
20260612_235942_543,2026-06-12 23:59:42,False,10000,134,0.0,0,0.4,0.3,0,0.5,10,9.5,10,rrt_20260612_235942_543.png
20260612_235942_956,2026-06-12 23:59:42,True,479,69,17.199999999999992,44,0.4,0.3,0,0.5,10,9.5,10,rrt_20260612_235942_956.png
20260612_235945_001,2026-06-12 23:59:45,False,10000,127,0.0,0,0.4,0.3,0,0.5,10,9.5,10,rrt_20260612_235945_001.png
20260612_235947_454,2026-06-12 23:59:47,False,10000,126,0.0,0,0.4,0.3,0,0.5,10,9.5,10,rrt_20260612_235947_454.png
20260612_235949_990,2026-06-12 23:59:49,False,10000,164,0.0,0,0.4,0.3,0,0.5,10,9.5,10,rrt_20260612_235949_990.png
20260612_235951_624,2026-06-12 23:59:51,False,10000,69,0.0,0,0.4,0.3,0,0.5,10,9.5,10,rrt_20260612_235951_624.png
20260612_235953_841,2026-06-12 23:59:53,False,10000,125,0.0,0,0.4,0.3,0,0.5,10,9.5,10,rrt_20260612_235953_841.png
20260612_235955_871,2026-06-12 23:59:55,False,10000,108,0.0,0,0.4,0.3,0,0.5,10,9.5,10,rrt_20260612_235955_871.png
20260612_235958_637,2026-06-12 23:59:58,False,10000,156,0.0,0,0.4,0.3,0,0.5,10,9.5,10,rrt_20260612_235958_637.png
20260613_000001_064,2026-06-13 00:00:01,False,10000,70,0.0,0,0.4,0.3,0,0.5,10,9.5,10,rrt_20260613_000001_064.png
20260613_000003_187,2026-06-13 00:00:03,False,10000,87,0.0,0,0.4,0.3,0,0.5,10,9.5,10,rrt_20260613_000003_187.png
20260613_000006_799,2026-06-13 00:00:06,False,10000,174,0.0,0,0.4,0.3,0,0.5,10,9.5,10,rrt_20260613_000006_799.png
20260613_000008_658,2026-06-13 00:00:08,False,10000,61,0.0,0,0.4,0.3,0,0.5,10,9.5,10,rrt_20260613_000008_658.png
20260613_000009_362,2026-06-13 00:00:09,True,2342,98,17.6,45,0.4,0.3,0,0.5,10,9.5,10,rrt_20260613_000009_362.png
20260613_000011_749,2026-06-13 00:00:11,False,10000,137,0.0,0,0.4,0.3,0,0.5,10,9.5,10,rrt_20260613_000011_749.png
20260613_000014_056,2026-06-13 00:00:14,False,10000,125,0.0,0,0.4,0.3,0,0.5,10,9.5,10,rrt_20260613_000014_056.png
20260613_000015_519,2026-06-13 00:00:15,False,10000,61,0.0,0,0.4,0.3,0,0.5,10,9.5,10,rrt_20260613_000015_519.png
20260613_000015_952,2026-06-13 00:00:15,True,477,81,17.999999999999993,46,0.4,0.3,0,0.5,10,9.5,10,rrt_20260613_000015_952.png
20260613_000016_408,2026-06-13 00:00:16,True,1464,117,17.600000000000012,45,0.4,0.3,0,0.5,10,9.5,10,rrt_20260613_000016_408.png
20260613_000019_287,2026-06-13 00:00:19,False,10000,155,0.0,0,0.4,0.3,0,0.5,10,9.5,10,rrt_20260613_000019_287.png
20260613_000021_727,2026-06-13 00:00:21,False,10000,134,0.0,0,0.4,0.3,0,0.5,10,9.5,10,rrt_20260613_000021_727.png
20260613_000024_454,2026-06-13 00:00:24,False,10000,157,0.0,0,0.4,0.3,0,0.5,10,9.5,10,rrt_20260613_000024_454.png
20260613_000026_992,2026-06-13 00:00:26,False,10000,147,0.0,0,0.4,0.3,0,0.5,10,9.5,10,rrt_20260613_000026_992.png
20260613_000029_216,2026-06-13 00:00:29,False,10000,118,0.0,0,0.4,0.3,0,0.5,10,9.5,10,rrt_20260613_000029_216.png
20260613_000031_771,2026-06-13 00:00:31,False,10000,161,0.0,0,0.4,0.3,0,0.5,10,9.5,10,rrt_20260613_000031_771.png
20260613_000034_700,2026-06-13 00:00:34,False,10000,172,0.0,0,0.4,0.3,0,0.5,10,9.5,10,rrt_20260613_000034_700.png
20260613_000036_879,2026-06-13 00:00:36,False,10000,103,0.0,0,0.4,0.3,0,0.5,10,9.5,10,rrt_20260613_000036_879.png
20260613_000038_161,2026-06-13 00:00:38,False,10000,66,0.0,0,0.4,0.3,0,0.5,10,9.5,10,rrt_20260613_000038_161.png
20260613_000040_747,2026-06-13 00:00:40,False,10000,169,0.0,0,0.4,0.3,0,0.5,10,9.5,10,rrt_20260613_000040_747.png
20260613_000042_566,2026-06-13 00:00:42,False,10000,100,0.0,0,0.4,0.3,0,0.5,10,9.5,10,rrt_20260613_000042_566.png
20260613_000044_857,2026-06-13 00:00:44,False,10000,128,0.0,0,0.4,0.3,0,0.5,10,9.5,10,rrt_20260613_000044_857.png
20260613_000047_503,2026-06-13 00:00:47,False,10000,152,0.0,0,0.4,0.3,0,0.5,10,9.5,10,rrt_20260613_000047_503.png
20260613_000049_859,2026-06-13 00:00:49,False,10000,153,0.0,0,0.4,0.3,0,0.5,10,9.5,10,rrt_20260613_000049_859.png
20260613_000051_455,2026-06-13 00:00:51,False,10000,60,0.0,0,0.4,0.3,0,0.5,10,9.5,10,rrt_20260613_000051_455.png
20260613_000054_520,2026-06-13 00:00:54,False,10000,173,0.0,0,0.4,0.3,0,0.5,10,9.5,10,rrt_20260613_000054_520.png
20260613_000056_977,2026-06-13 00:00:56,False,10000,122,0.0,0,0.4,0.3,0,0.5,10,9.5,10,rrt_20260613_000056_977.png
20260613_000058_751,2026-06-13 00:00:58,False,10000,61,0.0,0,0.4,0.3,0,0.5,10,9.5,10,rrt_20260613_000058_751.png
20260613_000101_210,2026-06-13 00:01:01,False,10000,129,0.0,0,0.4,0.3,0,0.5,10,9.5,10,rrt_20260613_000101_210.png
20260613_000103_791,2026-06-13 00:01:03,False,10000,159,0.0,0,0.4,0.3,0,0.5,10,9.5,10,rrt_20260613_000103_791.png
20260613_000104_272,2026-06-13 00:01:04,True,1296,108,17.200000000000003,44,0.4,0.3,0,0.5,10,9.5,10,rrt_20260613_000104_272.png
20260613_000104_619,2026-06-13 00:01:04,True,694,109,17.60000000000001,45,0.4,0.3,0,0.5,10,9.5,10,rrt_20260613_000104_619.png
20260613_000105_201,2026-06-13 00:01:05,True,2568,146,21.200000000000003,54,0.4,0.3,0,0.5,10,9.5,10,rrt_20260613_000105_201.png
20260613_000107_569,2026-06-13 00:01:07,False,10000,155,0.0,0,0.4,0.3,0,0.5,10,9.5,10,rrt_20260613_000107_569.png
20260613_000110_061,2026-06-13 00:01:10,False,10000,168,0.0,0,0.4,0.3,0,0.5,10,9.5,10,rrt_20260613_000110_061.png
20260613_000112_930,2026-06-13 00:01:12,False,10000,165,0.0,0,0.4,0.3,0,0.5,10,9.5,10,rrt_20260613_000112_930.png
20260613_000113_367,2026-06-13 00:01:13,True,697,95,17.200000000000003,44,0.4,0.3,0,0.5,10,9.5,10,rrt_20260613_000113_367.png
20260613_000114_619,2026-06-13 00:01:14,False,10000,68,0.0,0,0.4,0.3,0,0.5,10,9.5,10,rrt_20260613_000114_619.png
20260613_000117_241,2026-06-13 00:01:17,False,10000,142,0.0,0,0.4,0.3,0,0.5,10,9.5,10,rrt_20260613_000117_241.png
20260613_000119_890,2026-06-13 00:01:19,False,10000,158,0.0,0,0.4,0.3,0,0.5,10,9.5,10,rrt_20260613_000119_890.png
20260613_000120_343,2026-06-13 00:01:20,True,848,93,17.600000000000016,45,0.4,0.3,0,0.5,10,9.5,10,rrt_20260613_000120_343.png
20260613_000121_856,2026-06-13 00:01:21,False,10000,87,0.0,0,0.4,0.3,0,0.5,10,9.5,10,rrt_20260613_000121_856.png
20260613_000124_164,2026-06-13 00:01:24,False,10000,138,0.0,0,0.4,0.3,0,0.5,10,9.5,10,rrt_20260613_000124_164.png
20260613_000126_772,2026-06-13 00:01:26,False,10000,154,0.0,0,0.4,0.3,0,0.5,10,9.5,10,rrt_20260613_000126_772.png
20260613_000129_227,2026-06-13 00:01:29,False,10000,146,0.0,0,0.4,0.3,0,0.5,10,9.5,10,rrt_20260613_000129_227.png
20260613_000129_593,2026-06-13 00:01:29,True,513,73,17.60000000000001,45,0.4,0.3,0,0.5,10,9.5,10,rrt_20260613_000129_593.png
20260613_000129_895,2026-06-13 00:01:29,True,727,94,19.599999999999994,50,0.4,0.3,0,0.5,10,9.5,10,rrt_20260613_000129_895.png
20260613_000133_005,2026-06-13 00:01:33,False,10000,222,0.0,0,0.4,0.3,0,0.5,10,9.5,10,rrt_20260613_000133_005.png
20260613_000135_786,2026-06-13 00:01:35,False,10000,145,0.0,0,0.4,0.3,0,0.5,10,9.5,10,rrt_20260613_000135_786.png
20260613_000137_580,2026-06-13 00:01:37,False,10000,75,0.0,0,0.4,0.3,0,0.5,10,9.5,10,rrt_20260613_000137_580.png
20260613_000139_996,2026-06-13 00:01:39,False,10000,118,0.0,0,0.4,0.3,0,0.5,10,9.5,10,rrt_20260613_000139_996.png
20260613_000142_341,2026-06-13 00:01:42,False,10000,138,0.0,0,0.4,0.3,0,0.5,10,9.5,10,rrt_20260613_000142_341.png
20260613_000144_908,2026-06-13 00:01:44,False,10000,162,0.0,0,0.4,0.3,0,0.5,10,9.5,10,rrt_20260613_000144_908.png
20260613_000146_730,2026-06-13 00:01:46,False,10000,71,0.0,0,0.4,0.3,0,0.5,10,9.5,10,rrt_20260613_000146_730.png
20260613_000149_171,2026-06-13 00:01:49,False,10000,118,0.0,0,0.4,0.3,0,0.5,10,9.5,10,rrt_20260613_000149_171.png
20260613_000149_735,2026-06-13 00:01:49,True,1950,104,18.0,46,0.4,0.3,0,0.5,10,9.5,10,rrt_20260613_000149_735.png
20260613_000150_264,2026-06-13 00:01:50,True,1979,150,16.800000000000008,43,0.4,0.3,0,0.5,10,9.5,10,rrt_20260613_000150_264.png
20260613_000152_534,2026-06-13 00:01:52,False,10000,148,0.0,0,0.4,0.3,0,0.5,10,9.5,10,rrt_20260613_000152_534.png
20260613_000155_089,2026-06-13 00:01:55,False,10000,158,0.0,0,0.4,0.3,0,0.5,10,9.5,10,rrt_20260613_000155_089.png
20260613_000158_033,2026-06-13 00:01:58,False,10000,186,0.0,0,0.4,0.3,0,0.5,10,9.5,10,rrt_20260613_000158_033.png
20260613_000158_556,2026-06-13 00:01:58,True,499,84,17.200000000000006,44,0.4,0.3,0,0.5,10,9.5,10,rrt_20260613_000158_556.png
20260613_000200_660,2026-06-13 00:02:00,False,10000,132,0.0,0,0.4,0.3,0,0.5,10,9.5,10,rrt_20260613_000200_660.png
20260613_000204_911,2026-06-13 00:02:04,False,10000,138,0.0,0,0.4,0.3,0,0.5,10,9.5,10,rrt_20260613_000204_911.png
20260613_000207_812,2026-06-13 00:02:07,False,10000,70,0.0,0,0.4,0.3,0,0.5,10,9.5,10,rrt_20260613_000207_812.png
20260613_000211_061,2026-06-13 00:02:11,False,10000,120,0.0,0,0.4,0.3,0,0.5,10,9.5,10,rrt_20260613_000211_061.png
20260613_000214_149,2026-06-13 00:02:14,False,10000,136,0.0,0,0.4,0.3,0,0.5,10,9.5,10,rrt_20260613_000214_149.png
20260613_000215_704,2026-06-13 00:02:15,True,3206,174,17.999999999999996,46,0.4,0.3,0,0.5,10,9.5,10,rrt_20260613_000215_704.png
20260613_000219_095,2026-06-13 00:02:19,False,10000,179,0.0,0,0.4,0.3,0,0.5,10,9.5,10,rrt_20260613_000219_095.png
20260613_000220_266,2026-06-13 00:02:20,True,3257,175,17.200000000000003,44,0.4,0.3,0,0.5,10,9.5,10,rrt_20260613_000220_266.png
20260613_000220_901,2026-06-13 00:02:20,True,1089,113,17.6,45,0.4,0.3,0,0.5,10,9.5,10,rrt_20260613_000220_901.png
20260613_000223_221,2026-06-13 00:02:23,False,10000,131,0.0,0,0.4,0.3,0,0.5,10,9.5,10,rrt_20260613_000223_221.png
20260613_000224_896,2026-06-13 00:02:24,False,10000,63,0.0,0,0.4,0.3,0,0.5,10,9.5,10,rrt_20260613_000224_896.png
20260613_000225_343,2026-06-13 00:02:25,True,637,80,16.400000000000006,42,0.4,0.3,0,0.5,10,9.5,10,rrt_20260613_000225_343.png
20260613_000227_746,2026-06-13 00:02:27,False,10000,150,0.0,0,0.4,0.3,0,0.5,10,9.5,10,rrt_20260613_000227_746.png
20260613_000232_335,2026-06-13 00:02:32,False,10000,156,0.0,0,0.4,0.3,0,0.5,10,9.5,10,rrt_20260613_000232_335.png
20260613_000236_390,2026-06-13 00:02:36,False,10000,163,0.0,0,0.4,0.3,0,0.5,10,9.5,10,rrt_20260613_000236_390.png
20260613_000239_402,2026-06-13 00:02:39,False,10000,122,0.0,0,0.4,0.3,0,0.5,10,9.5,10,rrt_20260613_000239_402.png
20260613_000242_988,2026-06-13 00:02:42,False,10000,189,0.0,0,0.4,0.3,0,0.5,10,9.5,10,rrt_20260613_000242_988.png
20260613_000243_953,2026-06-13 00:02:43,True,3033,156,17.200000000000003,44,0.4,0.3,0,0.5,10,9.5,10,rrt_20260613_000243_953.png
20260613_000246_903,2026-06-13 00:02:46,False,10000,171,0.0,0,0.4,0.3,0,0.5,10,9.5,10,rrt_20260613_000246_903.png
20260613_000249_538,2026-06-13 00:02:49,False,10000,152,0.0,0,0.4,0.3,0,0.5,10,9.5,10,rrt_20260613_000249_538.png
20260613_000252_524,2026-06-13 00:02:52,False,10000,157,0.0,0,0.4,0.4,0,0.5,10,9.5,10,rrt_20260613_000252_524.png
20260613_000253_164,2026-06-13 00:02:53,True,771,115,18.000000000000004,46,0.4,0.4,0,0.5,10,9.5,10,rrt_20260613_000253_164.png
20260613_000255_337,2026-06-13 00:02:55,False,10000,121,0.0,0,0.4,0.4,0,0.5,10,9.5,10,rrt_20260613_000255_337.png
20260613_000258_854,2026-06-13 00:02:58,False,10000,155,0.0,0,0.4,0.4,0,0.5,10,9.5,10,rrt_20260613_000258_854.png
20260613_000303_089,2026-06-13 00:03:03,False,10000,149,0.0,0,0.4,0.4,0,0.5,10,9.5,10,rrt_20260613_000303_089.png
20260613_000304_240,2026-06-13 00:03:04,True,2873,157,20.39999999999999,52,0.4,0.4,0,0.5,10,9.5,10,rrt_20260613_000304_240.png
20260613_000308_908,2026-06-13 00:03:08,False,10000,159,0.0,0,0.4,0.4,0,0.5,10,9.5,10,rrt_20260613_000308_908.png
20260613_000313_103,2026-06-13 00:03:13,False,10000,161,0.0,0,0.4,0.4,0,0.5,10,9.5,10,rrt_20260613_000313_103.png
20260613_000316_230,2026-06-13 00:03:16,False,10000,152,0.0,0,0.4,0.4,0,0.5,10,9.5,10,rrt_20260613_000316_230.png
20260613_000320_841,2026-06-13 00:03:20,False,10000,142,0.0,0,0.4,0.4,0,0.5,10,9.5,10,rrt_20260613_000320_841.png
20260613_000325_770,2026-06-13 00:03:25,False,10000,153,0.0,0,0.4,0.4,0,0.5,10,9.5,10,rrt_20260613_000325_770.png
20260613_000329_567,2026-06-13 00:03:29,False,10000,130,0.0,0,0.4,0.4,0,0.5,10,9.5,10,rrt_20260613_000329_567.png
20260613_000330_774,2026-06-13 00:03:30,True,2954,152,17.200000000000003,44,0.4,0.4,0,0.5,10,9.5,10,rrt_20260613_000330_774.png
20260613_000331_346,2026-06-13 00:03:31,True,1322,96,19.6,50,0.4,0.4,0,0.5,10,9.5,10,rrt_20260613_000331_346.png
20260613_000333_753,2026-06-13 00:03:33,False,10000,118,0.0,0,0.4,0.4,0,0.5,10,9.5,10,rrt_20260613_000333_753.png
20260613_000335_976,2026-06-13 00:03:35,False,10000,110,0.0,0,0.4,0.4,0,0.5,10,9.5,10,rrt_20260613_000335_976.png
20260613_000338_140,2026-06-13 00:03:38,False,10000,72,0.0,0,0.4,0.4,0,0.5,10,9.5,10,rrt_20260613_000338_140.png
20260613_000341_415,2026-06-13 00:03:41,False,10000,148,0.0,0,0.4,0.4,0,0.5,10,9.5,10,rrt_20260613_000341_415.png
20260613_000342_876,2026-06-13 00:03:42,True,3895,227,18.000000000000004,46,0.4,0.4,0,0.5,10,9.5,10,rrt_20260613_000342_876.png
20260613_000344_962,2026-06-13 00:03:44,False,10000,99,0.0,0,0.4,0.4,0,0.5,10,9.5,10,rrt_20260613_000344_962.png
20260613_000345_264,2026-06-13 00:03:45,True,236,76,16.800000000000004,43,0.4,0.4,0,0.5,10,9.5,10,rrt_20260613_000345_264.png
20260613_000348_160,2026-06-13 00:03:48,False,10000,149,0.0,0,0.4,0.4,0,0.5,10,9.5,10,rrt_20260613_000348_160.png
20260613_000350_659,2026-06-13 00:03:50,False,10000,145,0.0,0,0.4,0.4,0,0.5,10,9.5,10,rrt_20260613_000350_659.png
20260613_000351_380,2026-06-13 00:03:51,True,1773,171,20.000000000000014,51,0.4,0.4,0,0.5,10,9.5,10,rrt_20260613_000351_380.png
20260613_000354_800,2026-06-13 00:03:54,False,10000,173,0.0,0,0.4,0.4,0,0.5,10,9.5,10,rrt_20260613_000354_800.png
20260613_000357_955,2026-06-13 00:03:57,False,10000,184,0.0,0,0.4,0.4,0,0.5,10,9.5,10,rrt_20260613_000357_955.png
20260613_000400_924,2026-06-13 00:04:00,False,10000,162,0.0,0,0.4,0.4,0,0.5,10,9.5,10,rrt_20260613_000400_924.png
20260613_000403_993,2026-06-13 00:04:03,False,10000,147,0.0,0,0.4,0.4,0,0.5,10,9.5,10,rrt_20260613_000403_993.png
20260613_000407_156,2026-06-13 00:04:07,False,10000,148,0.0,0,0.4,0.4,0,0.5,10,9.5,10,rrt_20260613_000407_156.png
20260613_000410_212,2026-06-13 00:04:10,False,10000,160,0.0,0,0.4,0.4,0,0.5,10,9.5,10,rrt_20260613_000410_212.png
20260613_000413_271,2026-06-13 00:04:13,False,10000,146,0.0,0,0.4,0.4,0,0.5,10,9.5,10,rrt_20260613_000413_271.png
20260613_000416_375,2026-06-13 00:04:16,False,10000,160,0.0,0,0.4,0.4,0,0.5,10,9.5,10,rrt_20260613_000416_375.png
20260613_000418_260,2026-06-13 00:04:18,False,10000,71,0.0,0,0.4,0.4,0,0.5,10,9.5,10,rrt_20260613_000418_260.png
20260613_000420_412,2026-06-13 00:04:20,False,10000,112,0.0,0,0.4,0.4,0,0.5,10,9.5,10,rrt_20260613_000420_412.png
20260613_000423_630,2026-06-13 00:04:23,False,10000,151,0.0,0,0.4,0.4,0,0.5,10,9.5,10,rrt_20260613_000423_630.png
20260613_000424_043,2026-06-13 00:04:24,True,314,78,17.599999999999998,45,0.4,0.4,0,0.5,10,9.5,10,rrt_20260613_000424_043.png
20260613_000425_695,2026-06-13 00:04:25,False,10000,58,0.0,0,0.4,0.4,0,0.5,10,9.5,10,rrt_20260613_000425_695.png
20260613_000426_356,2026-06-13 00:04:26,True,1400,146,19.199999999999992,49,0.4,0.4,0,0.5,10,9.5,10,rrt_20260613_000426_356.png
20260613_000428_779,2026-06-13 00:04:28,False,10000,146,0.0,0,0.4,0.4,0,0.5,10,9.5,10,rrt_20260613_000428_779.png
20260613_000431_522,2026-06-13 00:04:31,False,10000,152,0.0,0,0.4,0.4,0,0.5,10,9.5,10,rrt_20260613_000431_522.png
20260613_000432_454,2026-06-13 00:04:32,True,2274,120,18.0,46,0.4,0.4,0,0.5,10,9.5,10,rrt_20260613_000432_454.png
20260613_000434_865,2026-06-13 00:04:34,False,10000,140,0.0,0,0.4,0.4,0,0.5,10,9.5,10,rrt_20260613_000434_865.png
20260613_000436_613,2026-06-13 00:04:36,False,10000,80,0.0,0,0.4,0.4,0,0.5,10,9.5,10,rrt_20260613_000436_613.png
20260613_000438_167,2026-06-13 00:04:38,False,10000,69,0.0,0,0.4,0.4,0,0.5,10,9.5,10,rrt_20260613_000438_167.png
20260613_000441_069,2026-06-13 00:04:41,False,10000,144,0.0,0,0.4,0.4,0,0.5,10,9.5,10,rrt_20260613_000441_069.png
20260613_000443_953,2026-06-13 00:04:43,False,10000,164,0.0,0,0.4,0.4,0,0.5,10,9.5,10,rrt_20260613_000443_953.png
20260613_000446_854,2026-06-13 00:04:46,False,10000,149,0.0,0,0.4,0.4,0,0.5,10,9.5,10,rrt_20260613_000446_854.png
20260613_000449_768,2026-06-13 00:04:49,False,10000,159,0.0,0,0.4,0.4,0,0.5,10,9.5,10,rrt_20260613_000449_768.png
20260613_000452_181,2026-06-13 00:04:52,False,10000,152,0.0,0,0.4,0.4,0,0.5,10,9.5,10,rrt_20260613_000452_181.png
20260613_000454_688,2026-06-13 00:04:54,False,10000,145,0.0,0,0.4,0.4,0,0.5,10,9.5,10,rrt_20260613_000454_688.png
20260613_000457_221,2026-06-13 00:04:57,False,10000,144,0.0,0,0.4,0.4,0,0.5,10,9.5,10,rrt_20260613_000457_221.png
20260613_000459_713,2026-06-13 00:04:59,False,10000,146,0.0,0,0.4,0.4,0,0.5,10,9.5,10,rrt_20260613_000459_713.png
20260613_000502_062,2026-06-13 00:05:02,False,10000,142,0.0,0,0.4,0.4,0,0.5,10,9.5,10,rrt_20260613_000502_062.png
20260613_000503_684,2026-06-13 00:05:03,False,10000,72,0.0,0,0.4,0.4,0,0.5,10,9.5,10,rrt_20260613_000503_684.png
20260613_000506_346,2026-06-13 00:05:06,False,10000,153,0.0,0,0.4,0.4,0,0.5,10,9.5,10,rrt_20260613_000506_346.png
20260613_000508_166,2026-06-13 00:05:08,False,10000,91,0.0,0,0.4,0.4,0,0.5,10,9.5,10,rrt_20260613_000508_166.png
20260613_000509_531,2026-06-13 00:05:09,False,10000,58,0.0,0,0.4,0.4,0,0.5,10,9.5,10,rrt_20260613_000509_531.png
20260613_000510_647,2026-06-13 00:05:10,True,3880,155,17.6,45,0.4,0.4,0,0.5,10,9.5,10,rrt_20260613_000510_647.png
20260613_000513_091,2026-06-13 00:05:13,False,10000,139,0.0,0,0.4,0.4,0,0.5,10,9.5,10,rrt_20260613_000513_091.png
20260613_000515_243,2026-06-13 00:05:15,False,10000,131,0.0,0,0.4,0.4,0,0.5,10,9.5,10,rrt_20260613_000515_243.png
20260613_000519_368,2026-06-13 00:05:19,False,10000,184,0.0,0,0.4,0.4,0,0.5,10,9.5,10,rrt_20260613_000519_368.png
20260613_000522_465,2026-06-13 00:05:22,False,10000,141,0.0,0,0.4,0.4,0,0.5,10,9.5,10,rrt_20260613_000522_465.png
20260613_000525_996,2026-06-13 00:05:25,False,10000,144,0.0,0,0.4,0.4,0,0.5,10,9.5,10,rrt_20260613_000525_996.png
20260613_000528_486,2026-06-13 00:05:28,False,10000,137,0.0,0,0.4,0.4,0,0.5,10,9.5,10,rrt_20260613_000528_486.png
20260613_000529_447,2026-06-13 00:05:29,True,3037,161,18.400000000000006,47,0.4,0.4,0,0.5,10,9.5,10,rrt_20260613_000529_447.png
20260613_000531_934,2026-06-13 00:05:31,False,10000,147,0.0,0,0.4,0.4,0,0.5,10,9.5,10,rrt_20260613_000531_934.png
20260613_000534_582,2026-06-13 00:05:34,False,10000,131,0.0,0,0.4,0.4,0,0.5,10,9.5,10,rrt_20260613_000534_582.png
20260613_000537_821,2026-06-13 00:05:37,False,10000,166,0.0,0,0.4,0.4,0,0.5,10,9.5,10,rrt_20260613_000537_821.png
20260613_000543_066,2026-06-13 00:05:43,False,10000,199,0.0,0,0.4,0.4,0,0.5,10,9.5,10,rrt_20260613_000543_066.png
20260613_000544_021,2026-06-13 00:05:44,True,2165,155,16.8,43,0.4,0.4,0,0.5,10,9.5,10,rrt_20260613_000544_021.png
20260613_000544_715,2026-06-13 00:05:44,True,1280,137,17.200000000000006,44,0.4,0.4,0,0.5,10,9.5,10,rrt_20260613_000544_715.png
20260613_000545_046,2026-06-13 00:05:45,True,667,89,18.000000000000014,46,0.4,0.4,0,0.5,10,9.5,10,rrt_20260613_000545_046.png
20260613_000548_179,2026-06-13 00:05:48,False,10000,125,0.0,0,0.4,0.4,0,0.5,10,9.5,10,rrt_20260613_000548_179.png
20260613_000551_451,2026-06-13 00:05:51,False,10000,122,0.0,0,0.4,0.4,0,0.5,10,9.5,10,rrt_20260613_000551_451.png
20260613_000554_806,2026-06-13 00:05:54,False,10000,175,0.0,0,0.4,0.4,0,0.5,10,9.5,10,rrt_20260613_000554_806.png
20260613_000557_673,2026-06-13 00:05:57,False,10000,101,0.0,0,0.4,0.4,0,0.5,10,9.5,10,rrt_20260613_000557_673.png
20260613_000600_305,2026-06-13 00:06:00,False,10000,130,0.0,0,0.4,0.4,0,0.5,10,9.5,10,rrt_20260613_000600_305.png
20260613_000602_727,2026-06-13 00:06:02,False,10000,142,0.0,0,0.4,0.4,0,0.5,10,9.5,10,rrt_20260613_000602_727.png
20260613_000605_425,2026-06-13 00:06:05,False,10000,166,0.0,0,0.4,0.4,0,0.5,10,9.5,10,rrt_20260613_000605_425.png
20260613_000608_050,2026-06-13 00:06:08,False,10000,117,0.0,0,0.4,0.4,0,0.5,10,9.5,10,rrt_20260613_000608_050.png
20260613_000609_753,2026-06-13 00:06:09,False,10000,69,0.0,0,0.4,0.4,0,0.5,10,9.5,10,rrt_20260613_000609_753.png
20260613_000612_795,2026-06-13 00:06:12,False,10000,143,0.0,0,0.4,0.4,0,0.5,10,9.5,10,rrt_20260613_000612_795.png
20260613_000616_179,2026-06-13 00:06:16,False,10000,159,0.0,0,0.4,0.4,0,0.5,10,9.5,10,rrt_20260613_000616_179.png
20260613_000622_706,2026-06-13 00:06:22,False,10000,194,0.0,0,0.4,0.4,0,0.5,10,9.5,10,rrt_20260613_000622_706.png
20260613_000626_543,2026-06-13 00:06:26,False,10000,92,0.0,0,0.4,0.4,0,0.5,10,9.5,10,rrt_20260613_000626_543.png
20260613_000631_020,2026-06-13 00:06:31,False,10000,151,0.0,0,0.4,0.4,0,0.5,10,9.5,10,rrt_20260613_000631_020.png
20260613_000632_396,2026-06-13 00:06:32,True,2087,142,17.6,45,0.4,0.4,0,0.5,10,9.5,10,rrt_20260613_000632_396.png
20260613_000636_947,2026-06-13 00:06:36,False,10000,169,0.0,0,0.4,0.4,0,0.5,10,9.5,10,rrt_20260613_000636_947.png
20260613_000640_877,2026-06-13 00:06:40,False,10000,149,0.0,0,0.4,0.4,0,0.5,10,9.5,10,rrt_20260613_000640_877.png
20260613_000644_357,2026-06-13 00:06:44,False,10000,120,0.0,0,0.4,0.4,0,0.5,10,9.5,10,rrt_20260613_000644_357.png
20260613_000648_023,2026-06-13 00:06:48,False,10000,164,0.0,0,0.4,0.4,0,0.5,10,9.5,10,rrt_20260613_000648_023.png
20260613_000650_876,2026-06-13 00:06:50,False,10000,127,0.0,0,0.4,0.4,0,0.5,10,9.5,10,rrt_20260613_000650_876.png
20260613_000653_438,2026-06-13 00:06:53,False,10000,139,0.0,0,0.4,0.4,0,0.5,10,9.5,10,rrt_20260613_000653_438.png
20260613_000656_106,2026-06-13 00:06:56,False,10000,132,0.0,0,0.4,0.4,0,0.5,10,9.5,10,rrt_20260613_000656_106.png
20260613_000656_910,2026-06-13 00:06:56,True,1818,133,18.399999999999995,47,0.4,0.4,0,0.5,10,9.5,10,rrt_20260613_000656_910.png
20260613_000659_294,2026-06-13 00:06:59,False,10000,128,0.0,0,0.4,0.4,0,0.5,10,9.5,10,rrt_20260613_000659_294.png
20260613_000702_380,2026-06-13 00:07:02,False,10000,159,0.0,0,0.4,0.4,0,0.5,10,9.5,10,rrt_20260613_000702_380.png
20260613_000704_278,2026-06-13 00:07:04,False,10000,77,0.0,0,0.4,0.4,0,0.5,10,9.5,10,rrt_20260613_000704_278.png
20260613_000706_992,2026-06-13 00:07:06,False,10000,159,0.0,0,0.4,0.4,0,0.5,10,9.5,10,rrt_20260613_000706_992.png
20260613_000707_524,2026-06-13 00:07:07,True,518,83,16.800000000000004,43,0.4,0.4,0,0.5,10,9.5,10,rrt_20260613_000707_524.png
20260613_000710_205,2026-06-13 00:07:10,False,10000,73,0.0,0,0.4,0.5,0,0.5,10,9.5,10,rrt_20260613_000710_205.png
20260613_000710_617,2026-06-13 00:07:10,True,785,106,18.799999999999997,48,0.4,0.5,0,0.5,10,9.5,10,rrt_20260613_000710_617.png
20260613_000713_027,2026-06-13 00:07:13,False,10000,142,0.0,0,0.4,0.5,0,0.5,10,9.5,10,rrt_20260613_000713_027.png
20260613_000715_949,2026-06-13 00:07:15,False,10000,161,0.0,0,0.4,0.5,0,0.5,10,9.5,10,rrt_20260613_000715_949.png
20260613_000747_574,2026-06-13 00:07:47,False,10000,148,0.0,0,0.4,0.5,0,0.5,10,9.5,10,rrt_20260613_000747_574.png
20260613_000749_925,2026-06-13 00:07:49,False,10000,143,0.0,0,0.4,0.5,0,0.5,10,9.5,10,rrt_20260613_000749_925.png
20260613_000752_484,2026-06-13 00:07:52,False,10000,179,0.0,0,0.4,0.5,0,0.5,10,9.5,10,rrt_20260613_000752_484.png
20260613_000757_447,2026-06-13 00:07:57,False,10000,140,0.0,0,0.4,0.5,0,0.5,10,9.5,10,rrt_20260613_000757_447.png
20260613_000759_860,2026-06-13 00:07:59,False,10000,145,0.0,0,0.4,0.5,0,0.5,10,9.5,10,rrt_20260613_000759_860.png
20260613_000801_775,2026-06-13 00:08:01,False,10000,113,0.0,0,0.4,0.5,0,0.5,10,9.5,10,rrt_20260613_000801_775.png
20260613_000804_290,2026-06-13 00:08:04,False,10000,173,0.0,0,0.4,0.5,0,0.5,10,9.5,10,rrt_20260613_000804_290.png
20260613_000806_415,2026-06-13 00:08:06,False,10000,131,0.0,0,0.4,0.5,0,0.5,10,9.5,10,rrt_20260613_000806_415.png
20260613_000808_623,2026-06-13 00:08:08,False,10000,126,0.0,0,0.4,0.5,0,0.5,10,9.5,10,rrt_20260613_000808_623.png
20260613_000811_149,2026-06-13 00:08:11,False,10000,151,0.0,0,0.4,0.5,0,0.5,10,9.5,10,rrt_20260613_000811_149.png
20260613_000813_364,2026-06-13 00:08:13,False,10000,142,0.0,0,0.4,0.5,0,0.5,10,9.5,10,rrt_20260613_000813_364.png
20260613_000815_114,2026-06-13 00:08:15,False,10000,91,0.0,0,0.4,0.5,0,0.5,10,9.5,10,rrt_20260613_000815_114.png
20260613_000817_294,2026-06-13 00:08:17,False,10000,143,0.0,0,0.4,0.5,0,0.5,10,9.5,10,rrt_20260613_000817_294.png
20260613_000817_709,2026-06-13 00:08:17,True,922,90,18.400000000000002,47,0.4,0.5,0,0.5,10,9.5,10,rrt_20260613_000817_709.png
20260613_000820_066,2026-06-13 00:08:20,False,10000,165,0.0,0,0.4,0.5,0,0.5,10,9.5,10,rrt_20260613_000820_066.png
20260613_000822_233,2026-06-13 00:08:22,False,10000,136,0.0,0,0.4,0.5,0,0.5,10,9.5,10,rrt_20260613_000822_233.png
20260613_000824_860,2026-06-13 00:08:24,False,10000,168,0.0,0,0.4,0.5,0,0.5,10,9.5,10,rrt_20260613_000824_860.png
20260613_000826_296,2026-06-13 00:08:26,False,10000,64,0.0,0,0.4,0.5,0,0.5,10,9.5,10,rrt_20260613_000826_296.png
20260613_000828_897,2026-06-13 00:08:28,False,10000,175,0.0,0,0.4,0.5,0,0.5,10,9.5,10,rrt_20260613_000828_897.png
20260613_000831_352,2026-06-13 00:08:31,False,10000,131,0.0,0,0.4,0.5,0,0.5,10,9.5,10,rrt_20260613_000831_352.png
20260613_001713_323,2026-06-13 00:17:13,False,10000,163,0.0,0,0.4,0.5,0,0.5,10,9.5,10,rrt_20260613_001713_323.png
20260613_001713_797,2026-06-13 00:17:13,True,406,80,17.200000000000006,44,0.4,0.5,0,0.5,10,9.5,10,rrt_20260613_001713_797.png
20260613_001715_891,2026-06-13 00:17:15,False,10000,141,0.0,0,0.4,0.5,0,0.5,10,9.5,10,rrt_20260613_001715_891.png
20260613_001718_225,2026-06-13 00:17:18,False,10000,131,0.0,0,0.4,0.5,0,0.5,10,9.5,10,rrt_20260613_001718_225.png
20260613_001720_692,2026-06-13 00:17:20,False,10000,131,0.0,0,0.4,0.5,0,0.5,10,9.5,10,rrt_20260613_001720_692.png
20260613_001722_859,2026-06-13 00:17:22,False,10000,128,0.0,0,0.4,0.5,0,0.5,10,9.5,10,rrt_20260613_001722_859.png
20260613_001725_548,2026-06-13 00:17:25,False,10000,160,0.0,0,0.4,0.5,0,0.5,10,9.5,10,rrt_20260613_001725_548.png
20260613_001727_823,2026-06-13 00:17:27,False,10000,145,0.0,0,0.4,0.5,0,0.5,10,9.5,10,rrt_20260613_001727_823.png
20260613_001730_099,2026-06-13 00:17:30,False,10000,153,0.0,0,0.4,0.5,0,0.5,10,9.5,10,rrt_20260613_001730_099.png
20260613_001732_742,2026-06-13 00:17:32,False,10000,159,0.0,0,0.4,0.5,0,0.5,10,9.5,10,rrt_20260613_001732_742.png
20260613_001735_246,2026-06-13 00:17:35,False,10000,144,0.0,0,0.4,0.5,0,0.5,10,9.5,10,rrt_20260613_001735_246.png
20260613_001737_778,2026-06-13 00:17:37,False,10000,163,0.0,0,0.4,0.5,0,0.5,10,9.5,10,rrt_20260613_001737_778.png
20260613_001739_367,2026-06-13 00:17:39,False,10000,73,0.0,0,0.4,0.5,0,0.5,10,9.5,10,rrt_20260613_001739_367.png
20260613_001741_755,2026-06-13 00:17:41,False,10000,155,0.0,0,0.4,0.5,0,0.5,10,9.5,10,rrt_20260613_001741_755.png
20260613_001743_890,2026-06-13 00:17:43,False,10000,128,0.0,0,0.4,0.5,0,0.5,10,9.5,10,rrt_20260613_001743_890.png
20260613_001744_262,2026-06-13 00:17:44,True,608,87,20.400000000000023,52,0.4,0.5,0,0.5,10,9.5,10,rrt_20260613_001744_262.png
20260613_001744_969,2026-06-13 00:17:44,True,2878,148,18.799999999999997,48,0.4,0.5,0,0.5,10,9.5,10,rrt_20260613_001744_969.png
20260613_001747_418,2026-06-13 00:17:47,False,10000,158,0.0,0,0.4,0.5,0,0.5,10,9.5,10,rrt_20260613_001747_418.png
20260613_001749_745,2026-06-13 00:17:49,False,10000,142,0.0,0,0.4,0.5,0,0.5,10,9.5,10,rrt_20260613_001749_745.png
20260613_001752_275,2026-06-13 00:17:52,False,10000,146,0.0,0,0.4,0.5,0,0.5,10,9.5,10,rrt_20260613_001752_275.png
20260613_001755_087,2026-06-13 00:17:55,False,10000,186,0.0,0,0.4,0.5,0,0.5,10,9.5,10,rrt_20260613_001755_087.png
20260613_001757_698,2026-06-13 00:17:57,False,10000,155,0.0,0,0.4,0.5,0,0.5,10,9.5,10,rrt_20260613_001757_698.png
20260613_001758_336,2026-06-13 00:17:58,True,1693,164,18.400000000000006,47,0.4,0.5,0,0.5,10,9.5,10,rrt_20260613_001758_336.png
20260613_002142_695,2026-06-13 00:21:42,True,1279,171,18.4,47,0.4,0.5,0,0.5,10,9.5,10,rrt_20260613_002142_695.png
20260613_002145_244,2026-06-13 00:21:45,False,10000,157,0.0,0,0.4,0.5,0,0.5,10,9.5,10,rrt_20260613_002145_244.png
20260613_002145_823,2026-06-13 00:21:45,True,1717,128,19.599999999999998,50,0.4,0.5,0,0.5,10,9.5,10,rrt_20260613_002145_823.png
20260613_002148_146,2026-06-13 00:21:48,False,10000,143,0.0,0,0.4,0.5,0,0.5,10,9.5,10,rrt_20260613_002148_146.png
20260613_002149_454,2026-06-13 00:21:49,False,10000,62,0.0,0,0.4,0.5,0,0.5,10,9.5,10,rrt_20260613_002149_454.png
20260613_002149_870,2026-06-13 00:21:49,True,1026,109,20.799999999999994,53,0.4,0.5,0,0.5,10,9.5,10,rrt_20260613_002149_870.png
20260613_002152_163,2026-06-13 00:21:52,False,10000,154,0.0,0,0.4,0.5,0,0.5,10,9.5,10,rrt_20260613_002152_163.png
20260613_002154_490,2026-06-13 00:21:54,False,10000,152,0.0,0,0.4,0.5,0,0.5,10,9.5,10,rrt_20260613_002154_490.png
20260613_002157_020,2026-06-13 00:21:57,False,10000,163,0.0,0,0.4,0.5,0,0.5,10,9.5,10,rrt_20260613_002157_020.png
20260613_002158_623,2026-06-13 00:21:58,False,10000,72,0.0,0,0.4,0.5,0,0.5,10,9.5,10,rrt_20260613_002158_623.png
20260613_002159_117,2026-06-13 00:21:59,True,1004,99,18.80000000000001,48,0.4,0.5,0,0.5,10,9.5,10,rrt_20260613_002159_117.png
20260613_002201_490,2026-06-13 00:22:01,False,10000,156,0.0,0,0.4,0.5,0,0.5,10,9.5,10,rrt_20260613_002201_490.png
20260613_002201_870,2026-06-13 00:22:01,True,425,90,17.200000000000003,44,0.4,0.5,0,0.5,10,9.5,10,rrt_20260613_002201_870.png
20260613_002204_151,2026-06-13 00:22:04,False,10000,160,0.0,0,0.4,0.5,0,0.5,10,9.5,10,rrt_20260613_002204_151.png
20260613_002206_217,2026-06-13 00:22:06,False,10000,126,0.0,0,0.4,0.5,0,0.5,10,9.5,10,rrt_20260613_002206_217.png
20260613_002208_565,2026-06-13 00:22:08,False,10000,124,0.0,0,0.4,0.5,0,0.5,10,9.5,10,rrt_20260613_002208_565.png
20260613_002211_058,2026-06-13 00:22:11,False,10000,150,0.0,0,0.4,0.5,0,0.5,10,9.5,10,rrt_20260613_002211_058.png
20260613_002213_395,2026-06-13 00:22:13,False,10000,135,0.0,0,0.4,0.5,0,0.5,10,9.5,10,rrt_20260613_002213_395.png
20260613_002215_628,2026-06-13 00:22:15,False,10000,143,0.0,0,0.4,0.5,0,0.5,10,9.5,10,rrt_20260613_002215_628.png
20260613_002217_873,2026-06-13 00:22:17,False,10000,140,0.0,0,0.4,0.5,0,0.5,10,9.5,10,rrt_20260613_002217_873.png
20260613_002218_278,2026-06-13 00:22:18,True,695,129,17.200000000000014,44,0.4,0.5,0,0.5,10,9.5,10,rrt_20260613_002218_278.png
20260613_002220_699,2026-06-13 00:22:20,False,10000,148,0.0,0,0.4,0.5,0,0.5,10,9.5,10,rrt_20260613_002220_699.png
20260613_002223_057,2026-06-13 00:22:23,False,10000,158,0.0,0,0.4,0.5,0,0.5,10,9.5,10,rrt_20260613_002223_057.png
20260613_002224_769,2026-06-13 00:22:24,False,10000,89,0.0,0,0.4,0.5,0,0.5,10,9.5,10,rrt_20260613_002224_769.png
20260613_002225_164,2026-06-13 00:22:25,True,553,99,17.200000000000003,44,0.4,0.5,0,0.5,10,9.5,10,rrt_20260613_002225_164.png
20260613_003852_055,2026-06-13 00:38:52,False,10000,160,0.0,0,0.4,0.5,0,0.5,10,9.5,10,rrt_20260613_003852_055.png
20260613_003852_770,2026-06-13 00:38:52,True,1925,164,17.60000000000002,45,0.4,0.5,0,0.5,10,9.5,10,rrt_20260613_003852_770.png
20260613_003854_234,2026-06-13 00:38:54,False,10000,71,0.0,0,0.4,0.5,0,0.5,10,9.5,10,rrt_20260613_003854_234.png
20260613_003856_540,2026-06-13 00:38:56,False,10000,141,0.0,0,0.4,0.5,0,0.5,10,9.5,10,rrt_20260613_003856_540.png
20260613_003858_983,2026-06-13 00:38:58,False,10000,147,0.0,0,0.4,0.5,0,0.5,10,9.5,10,rrt_20260613_003858_983.png
20260613_003901_327,2026-06-13 00:39:01,False,10000,153,0.0,0,0.4,0.5,0,0.5,10,9.5,10,rrt_20260613_003901_327.png
20260613_003903_631,2026-06-13 00:39:03,False,10000,151,0.0,0,0.4,0.5,0,0.5,10,9.5,10,rrt_20260613_003903_631.png
20260613_003905_965,2026-06-13 00:39:05,False,10000,156,0.0,0,0.4,0.5,0,0.5,10,9.5,10,rrt_20260613_003905_965.png
20260613_003906_507,2026-06-13 00:39:06,True,1496,141,19.599999999999994,50,0.4,0.5,0,0.5,10,9.5,10,rrt_20260613_003906_507.png
20260613_003908_748,2026-06-13 00:39:08,False,10000,143,0.0,0,0.4,0.5,0,0.5,10,9.5,10,rrt_20260613_003908_748.png
20260613_003911_189,2026-06-13 00:39:11,False,10000,162,0.0,0,0.4,0.5,0,0.5,10,9.5,10,rrt_20260613_003911_189.png
20260613_003913_739,2026-06-13 00:39:13,False,10000,179,0.0,0,0.4,0.5,0,0.5,10,9.5,10,rrt_20260613_003913_739.png
20260613_003915_763,2026-06-13 00:39:15,False,10000,118,0.0,0,0.4,0.5,0,0.5,10,9.5,10,rrt_20260613_003915_763.png
20260613_003916_214,2026-06-13 00:39:16,True,1175,168,17.200000000000003,44,0.4,0.5,0,0.5,10,9.5,10,rrt_20260613_003916_214.png
20260613_003918_492,2026-06-13 00:39:18,False,10000,161,0.0,0,0.4,0.5,0,0.5,10,9.5,10,rrt_20260613_003918_492.png
20260613_003920_664,2026-06-13 00:39:20,False,10000,123,0.0,0,0.4,0.5,0,0.5,10,9.5,10,rrt_20260613_003920_664.png
20260613_003921_363,2026-06-13 00:39:21,True,2135,129,18.000000000000004,46,0.4,0.5,0,0.5,10,9.5,10,rrt_20260613_003921_363.png
20260613_003923_623,2026-06-13 00:39:23,False,10000,144,0.0,0,0.4,0.5,0,0.5,10,9.5,10,rrt_20260613_003923_623.png
20260613_003923_957,2026-06-13 00:39:23,True,355,77,20.39999999999999,52,0.4,0.5,0,0.5,10,9.5,10,rrt_20260613_003923_957.png
20260613_003926_426,2026-06-13 00:39:26,False,10000,179,0.0,0,0.4,0.5,0,0.5,10,9.5,10,rrt_20260613_003926_426.png
20260613_003928_910,2026-06-13 00:39:28,False,10000,160,0.0,0,0.4,0.5,0,0.5,10,9.5,10,rrt_20260613_003928_910.png
20260613_003931_442,2026-06-13 00:39:31,False,10000,156,0.0,0,0.4,0.5,0,0.5,10,9.5,10,rrt_20260613_003931_442.png
20260613_003932_741,2026-06-13 00:39:32,False,10000,65,0.0,0,0.4,0.5,0,0.5,10,9.5,10,rrt_20260613_003932_741.png
20260613_003933_377,2026-06-13 00:39:33,True,1728,144,17.599999999999998,45,0.4,0.5,0,0.5,10,9.5,10,rrt_20260613_003933_377.png
20260613_003935_259,2026-06-13 00:39:35,False,10000,123,0.0,0,0.4,0.5,0,0.5,10,9.5,10,rrt_20260613_003935_259.png
20260613_003935_795,2026-06-13 00:39:35,True,1829,125,17.999999999999996,46,0.4,0.5,0,0.5,10,9.5,10,rrt_20260613_003935_795.png
20260613_003937_929,2026-06-13 00:39:37,False,10000,145,0.0,0,0.4,0.5,0,0.5,10,9.5,10,rrt_20260613_003937_929.png
20260613_003940_182,2026-06-13 00:39:40,False,10000,139,0.0,0,0.4,0.5,0,0.5,10,9.5,10,rrt_20260613_003940_182.png
20260613_003942_605,2026-06-13 00:39:42,False,10000,171,0.0,0,0.4,0.6,0,0.5,10,9.5,10,rrt_20260613_003942_605.png
20260613_003945_017,2026-06-13 00:39:45,False,10000,159,0.0,0,0.4,0.6,0,0.5,10,9.5,10,rrt_20260613_003945_017.png
20260613_003947_153,2026-06-13 00:39:47,False,10000,131,0.0,0,0.4,0.6,0,0.5,10,9.5,10,rrt_20260613_003947_153.png
20260613_003949_222,2026-06-13 00:39:49,False,10000,125,0.0,0,0.4,0.6,0,0.5,10,9.5,10,rrt_20260613_003949_222.png
20260613_003951_105,2026-06-13 00:39:51,False,10000,103,0.0,0,0.4,0.6,0,0.5,10,9.5,10,rrt_20260613_003951_105.png
20260613_003953_604,2026-06-13 00:39:53,False,10000,161,0.0,0,0.4,0.6,0,0.5,10,9.5,10,rrt_20260613_003953_604.png
20260613_003956_315,2026-06-13 00:39:56,False,10000,156,0.0,0,0.4,0.6,0,0.5,10,9.5,10,rrt_20260613_003956_315.png
20260613_003958_589,2026-06-13 00:39:58,False,10000,143,0.0,0,0.4,0.6,0,0.5,10,9.5,10,rrt_20260613_003958_589.png
20260613_004000_820,2026-06-13 00:40:00,False,10000,124,0.0,0,0.4,0.6,0,0.5,10,9.5,10,rrt_20260613_004000_820.png
20260613_004002_296,2026-06-13 00:40:02,False,10000,70,0.0,0,0.4,0.6,0,0.5,10,9.5,10,rrt_20260613_004002_296.png
20260613_004003_488,2026-06-13 00:40:03,False,10000,59,0.0,0,0.4,0.6,0,0.5,10,9.5,10,rrt_20260613_004003_488.png
20260613_004308_562,2026-06-13 00:43:08,False,10000,160,0.0,0,0.4,0.6,0,0.5,10,9.5,10,rrt_20260613_004308_562.png
20260613_004310_497,2026-06-13 00:43:10,False,10000,99,0.0,0,0.4,0.6,0,0.5,10,9.5,10,rrt_20260613_004310_497.png
20260613_004311_934,2026-06-13 00:43:11,False,10000,60,0.0,0,0.4,0.6,0,0.5,10,9.5,10,rrt_20260613_004311_934.png
20260613_004314_920,2026-06-13 00:43:14,False,10000,210,0.0,0,0.4,0.6,0,0.5,10,9.5,10,rrt_20260613_004314_920.png
20260613_004316_798,2026-06-13 00:43:16,False,10000,103,0.0,0,0.4,0.6,0,0.5,10,9.5,10,rrt_20260613_004316_798.png
20260613_004319_421,2026-06-13 00:43:19,False,10000,163,0.0,0,0.4,0.6,0,0.5,10,9.5,10,rrt_20260613_004319_421.png
20260613_004321_561,2026-06-13 00:43:21,False,10000,133,0.0,0,0.4,0.6,0,0.5,10,9.5,10,rrt_20260613_004321_561.png
20260613_004323_487,2026-06-13 00:43:23,False,10000,107,0.0,0,0.4,0.6,0,0.5,10,9.5,10,rrt_20260613_004323_487.png
20260613_004325_452,2026-06-13 00:43:25,False,10000,119,0.0,0,0.4,0.6,0,0.5,10,9.5,10,rrt_20260613_004325_452.png
20260613_004326_937,2026-06-13 00:43:26,False,10000,75,0.0,0,0.4,0.6,0,0.5,10,9.5,10,rrt_20260613_004326_937.png
20260613_004329_406,2026-06-13 00:43:29,False,10000,155,0.0,0,0.4,0.6,0,0.5,10,9.5,10,rrt_20260613_004329_406.png
20260613_004332_107,2026-06-13 00:43:32,False,10000,187,0.0,0,0.4,0.6,0,0.5,10,9.5,10,rrt_20260613_004332_107.png
20260613_004334_310,2026-06-13 00:43:34,False,10000,136,0.0,0,0.4,0.6,0,0.5,10,9.5,10,rrt_20260613_004334_310.png
20260613_004336_883,2026-06-13 00:43:36,False,10000,170,0.0,0,0.4,0.6,0,0.5,10,9.5,10,rrt_20260613_004336_883.png
20260613_004339_402,2026-06-13 00:43:39,False,10000,157,0.0,0,0.4,0.6,0,0.5,10,9.5,10,rrt_20260613_004339_402.png
20260613_004339_879,2026-06-13 00:43:39,True,1309,144,19.999999999999993,51,0.4,0.6,0,0.5,10,9.5,10,rrt_20260613_004339_879.png
20260613_004341_188,2026-06-13 00:43:41,False,10000,62,0.0,0,0.4,0.6,0,0.5,10,9.5,10,rrt_20260613_004341_188.png
20260613_004343_298,2026-06-13 00:43:43,False,10000,128,0.0,0,0.4,0.6,0,0.5,10,9.5,10,rrt_20260613_004343_298.png
20260613_004345_748,2026-06-13 00:43:45,False,10000,167,0.0,0,0.4,0.6,0,0.5,10,9.5,10,rrt_20260613_004345_748.png
20260613_004348_115,2026-06-13 00:43:48,False,10000,154,0.0,0,0.4,0.6,0,0.5,10,9.5,10,rrt_20260613_004348_115.png
20260613_004350_095,2026-06-13 00:43:50,False,10000,112,0.0,0,0.4,0.6,0,0.5,10,9.5,10,rrt_20260613_004350_095.png
20260613_004352_252,2026-06-13 00:43:52,False,10000,142,0.0,0,0.4,0.6,0,0.5,10,9.5,10,rrt_20260613_004352_252.png
20260613_004354_906,2026-06-13 00:43:54,False,10000,165,0.0,0,0.4,0.6,0,0.5,10,9.5,10,rrt_20260613_004354_906.png
20260613_004357_222,2026-06-13 00:43:57,False,10000,149,0.0,0,0.4,0.6,0,0.5,10,9.5,10,rrt_20260613_004357_222.png
20260613_004357_617,2026-06-13 00:43:57,True,370,92,17.60000000000001,45,0.4,0.6,0,0.5,10,9.5,10,rrt_20260613_004357_617.png
20260613_004357_887,2026-06-13 00:43:57,True,866,116,18.000000000000007,46,0.4,0.6,0,0.5,10,9.5,10,rrt_20260613_004357_887.png
20260613_004400_317,2026-06-13 00:44:00,False,10000,167,0.0,0,0.4,0.6,0,0.5,10,9.5,10,rrt_20260613_004400_317.png
20260613_004401_018,2026-06-13 00:44:01,True,3167,143,21.199999999999996,54,0.4,0.6,0,0.5,10,9.5,10,rrt_20260613_004401_018.png
20260613_004403_913,2026-06-13 00:44:03,False,10000,205,0.0,0,0.4,0.6,0,0.5,10,9.5,10,rrt_20260613_004403_913.png
20260613_004406_136,2026-06-13 00:44:06,False,10000,142,0.0,0,0.4,0.6,0,0.5,10,9.5,10,rrt_20260613_004406_136.png
20260613_004406_747,2026-06-13 00:44:06,True,1827,157,18.8,48,0.4,0.6,0,0.5,10,9.5,10,rrt_20260613_004406_747.png
20260613_004408_551,2026-06-13 00:44:08,False,10000,113,0.0,0,0.4,0.6,0,0.5,10,9.5,10,rrt_20260613_004408_551.png
20260613_004410_916,2026-06-13 00:44:10,False,10000,147,0.0,0,0.4,0.6,0,0.5,10,9.5,10,rrt_20260613_004410_916.png
20260613_004411_543,2026-06-13 00:44:11,True,1364,195,17.60000000000001,45,0.4,0.6,0,0.5,10,9.5,10,rrt_20260613_004411_543.png
20260613_004413_562,2026-06-13 00:44:13,False,10000,107,0.0,0,0.4,0.6,0,0.5,10,9.5,10,rrt_20260613_004413_562.png
20260613_004415_760,2026-06-13 00:44:15,False,10000,139,0.0,0,0.4,0.6,0,0.5,10,9.5,10,rrt_20260613_004415_760.png
20260613_004417_225,2026-06-13 00:44:17,False,10000,70,0.0,0,0.4,0.6,0,0.5,10,9.5,10,rrt_20260613_004417_225.png
20260613_004417_652,2026-06-13 00:44:17,True,814,131,17.20000000000001,44,0.4,0.6,0,0.5,10,9.5,10,rrt_20260613_004417_652.png
20260613_004420_052,2026-06-13 00:44:20,False,10000,165,0.0,0,0.4,0.6,0,0.5,10,9.5,10,rrt_20260613_004420_052.png
20260613_004421_545,2026-06-13 00:44:21,False,10000,72,0.0,0,0.4,0.6,0,0.5,10,9.5,10,rrt_20260613_004421_545.png
20260613_004423_864,2026-06-13 00:44:23,False,10000,154,0.0,0,0.4,0.6,0,0.5,10,9.5,10,rrt_20260613_004423_864.png
20260613_004425_888,2026-06-13 00:44:25,False,10000,119,0.0,0,0.4,0.6,0,0.5,10,9.5,10,rrt_20260613_004425_888.png
20260613_004427_939,2026-06-13 00:44:27,False,10000,126,0.0,0,0.4,0.6,0,0.5,10,9.5,10,rrt_20260613_004427_939.png
20260613_004430_093,2026-06-13 00:44:30,False,10000,138,0.0,0,0.4,0.6,0,0.5,10,9.5,10,rrt_20260613_004430_093.png
20260613_004432_501,2026-06-13 00:44:32,False,10000,151,0.0,0,0.4,0.6,0,0.5,10,9.5,10,rrt_20260613_004432_501.png
20260613_004433_992,2026-06-13 00:44:33,False,10000,74,0.0,0,0.4,0.6,0,0.5,10,9.5,10,rrt_20260613_004433_992.png
20260613_004436_328,2026-06-13 00:44:36,False,10000,121,0.0,0,0.4,0.6,0,0.5,10,9.5,10,rrt_20260613_004436_328.png
20260613_004436_796,2026-06-13 00:44:36,True,825,94,16.8,43,0.4,0.6,0,0.5,10,9.5,10,rrt_20260613_004436_796.png
20260613_004439_823,2026-06-13 00:44:39,False,10000,139,0.0,0,0.4,0.6,0,0.5,10,9.5,10,rrt_20260613_004439_823.png
20260613_004450_618,2026-06-13 00:44:50,False,10000,159,0.0,0,0.4,0.6,0,0.5,10,9.5,10,rrt_20260613_004450_618.png
20260613_004500_961,2026-06-13 00:45:00,False,10000,140,0.0,0,0.4,0.6,0,0.5,10,9.5,10,rrt_20260613_004500_961.png
20260613_004515_663,2026-06-13 00:45:15,False,10000,195,0.0,0,0.4,0.6,0,0.5,10,9.5,10,rrt_20260613_004515_663.png
20260613_004517_437,2026-06-13 00:45:17,True,366,77,18.400000000000016,47,0.4,0.6,0,0.5,10,9.5,10,rrt_20260613_004517_437.png
20260613_004518_992,2026-06-13 00:45:18,True,1006,122,20.0,51,0.4,0.6,0,0.5,10,9.5,10,rrt_20260613_004518_992.png
20260613_004530_474,2026-06-13 00:45:30,False,10000,145,0.0,0,0.4,0.6,0,0.5,10,9.5,10,rrt_20260613_004530_474.png
20260613_010100_438,2026-06-13 01:01:00,False,10000,122,0.0,0,0.4,0.6,0,0.5,10,9.5,10,rrt_20260613_010100_438.png
20260613_010104_332,2026-06-13 01:01:04,False,10000,112,0.0,0,0.4,0.6,0,0.5,10,9.5,10,rrt_20260613_010104_332.png
20260613_010106_363,2026-06-13 01:01:06,False,10000,127,0.0,0,0.4,0.6,0,0.5,10,9.5,10,rrt_20260613_010106_363.png
20260613_010108_858,2026-06-13 01:01:08,False,10000,158,0.0,0,0.4,0.6,0,0.5,10,9.5,10,rrt_20260613_010108_858.png
20260613_010111_066,2026-06-13 01:01:11,False,10000,152,0.0,0,0.4,0.6,0,0.5,10,9.5,10,rrt_20260613_010111_066.png
20260613_010111_414,2026-06-13 01:01:11,True,340,119,19.200000000000006,49,0.4,0.6,0,0.5,10,9.5,10,rrt_20260613_010111_414.png
20260613_010113_415,2026-06-13 01:01:13,False,10000,136,0.0,0,0.4,0.6,0,0.5,10,9.5,10,rrt_20260613_010113_415.png
20260613_010115_760,2026-06-13 01:01:15,False,10000,131,0.0,0,0.4,0.6,0,0.5,10,9.5,10,rrt_20260613_010115_760.png
20260613_010118_670,2026-06-13 01:01:18,False,10000,200,0.0,0,0.4,0.6,0,0.5,10,9.5,10,rrt_20260613_010118_670.png
20260613_010121_037,2026-06-13 01:01:21,False,10000,151,0.0,0,0.4,0.6,0,0.5,10,9.5,10,rrt_20260613_010121_037.png
20260613_010123_377,2026-06-13 01:01:23,False,10000,140,0.0,0,0.4,0.6,0,0.5,10,9.5,10,rrt_20260613_010123_377.png
20260613_010125_735,2026-06-13 01:01:25,False,10000,144,0.0,0,0.4,0.6,0,0.5,10,9.5,10,rrt_20260613_010125_735.png
20260613_010127_114,2026-06-13 01:01:27,False,10000,60,0.0,0,0.4,0.6,0,0.5,10,9.5,10,rrt_20260613_010127_114.png
20260613_010129_529,2026-06-13 01:01:29,False,10000,151,0.0,0,0.4,0.6,0,0.5,10,9.5,10,rrt_20260613_010129_529.png
20260613_010129_970,2026-06-13 01:01:29,True,789,123,18.40000000000001,47,0.4,0.6,0,0.5,10,9.5,10,rrt_20260613_010129_970.png
20260613_010132_695,2026-06-13 01:01:32,False,10000,192,0.0,0,0.4,0.6,0,0.5,10,9.5,10,rrt_20260613_010132_695.png
20260613_010133_042,2026-06-13 01:01:33,True,354,74,18.400000000000002,47,0.4,0.6,0,0.5,10,9.5,10,rrt_20260613_010133_042.png
20260613_010134_983,2026-06-13 01:01:34,False,10000,120,0.0,0,0.4,0.6,0,0.5,10,9.5,10,rrt_20260613_010134_983.png
20260613_010137_029,2026-06-13 01:01:37,False,10000,118,0.0,0,0.4,0.6,0,0.5,10,9.5,10,rrt_20260613_010137_029.png
20260613_010139_179,2026-06-13 01:01:39,False,10000,122,0.0,0,0.4,0.6,0,0.5,10,9.5,10,rrt_20260613_010139_179.png
20260613_010139_501,2026-06-13 01:01:39,True,391,100,18.000000000000004,46,0.4,0.6,0,0.5,10,9.5,10,rrt_20260613_010139_501.png
20260613_010139_800,2026-06-13 01:01:39,True,530,96,18.4,47,0.4,0.6,0,0.5,10,9.5,10,rrt_20260613_010139_800.png
20260613_010142_266,2026-06-13 01:01:42,False,10000,161,0.0,0,0.4,0.6,0,0.5,10,9.5,10,rrt_20260613_010142_266.png
20260613_010145_166,2026-06-13 01:01:45,False,10000,196,0.0,0,0.4,0.6,0,0.5,10,9.5,10,rrt_20260613_010145_166.png
20260613_010147_687,2026-06-13 01:01:47,False,10000,157,0.0,0,0.4,0.6,0,0.5,10,9.5,10,rrt_20260613_010147_687.png
20260613_010149_897,2026-06-13 01:01:49,False,10000,133,0.0,0,0.4,0.6,0,0.5,10,9.5,10,rrt_20260613_010149_897.png
20260613_010151_775,2026-06-13 01:01:51,False,10000,94,0.0,0,0.4,0.6,0,0.5,10,9.5,10,rrt_20260613_010151_775.png
20260613_010153_279,2026-06-13 01:01:53,False,10000,73,0.0,0,0.4,0.6,0,0.5,10,9.5,10,rrt_20260613_010153_279.png
20260613_010155_482,2026-06-13 01:01:55,False,10000,141,0.0,0,0.4,0.6,0,0.5,10,9.5,10,rrt_20260613_010155_482.png
20260613_010157_780,2026-06-13 01:01:57,False,10000,141,0.0,0,0.4,0.6,0,0.5,10,9.5,10,rrt_20260613_010157_780.png
20260613_010158_410,2026-06-13 01:01:58,True,1621,183,18.799999999999997,48,0.4,0.6,0,0.5,10,9.5,10,rrt_20260613_010158_410.png
20260613_010201_167,2026-06-13 01:02:01,False,10000,191,0.0,0,0.4,0.6,0,0.5,10,9.5,10,rrt_20260613_010201_167.png
20260613_010203_615,2026-06-13 01:02:03,False,10000,148,0.0,0,0.4,0.6,0,0.5,10,9.5,10,rrt_20260613_010203_615.png
20260613_010205_875,2026-06-13 01:02:05,False,10000,141,0.0,0,0.4,0.6,0,0.5,10,9.5,10,rrt_20260613_010205_875.png
20260613_010208_283,2026-06-13 01:02:08,False,10000,149,0.0,0,0.4,0.7,0,0.5,10,9.5,10,rrt_20260613_010208_283.png
20260613_010210_178,2026-06-13 01:02:10,False,10000,97,0.0,0,0.4,0.7,0,0.5,10,9.5,10,rrt_20260613_010210_178.png
20260613_010212_015,2026-06-13 01:02:12,False,10000,106,0.0,0,0.4,0.7,0,0.5,10,9.5,10,rrt_20260613_010212_015.png
20260613_010214_355,2026-06-13 01:02:14,False,10000,142,0.0,0,0.4,0.7,0,0.5,10,9.5,10,rrt_20260613_010214_355.png
20260613_010215_830,2026-06-13 01:02:15,False,10000,76,0.0,0,0.4,0.7,0,0.5,10,9.5,10,rrt_20260613_010215_830.png
20260613_010218_417,2026-06-13 01:02:18,False,10000,169,0.0,0,0.4,0.7,0,0.5,10,9.5,10,rrt_20260613_010218_417.png
20260613_010220_404,2026-06-13 01:02:20,False,10000,115,0.0,0,0.4,0.7,0,0.5,10,9.5,10,rrt_20260613_010220_404.png
20260613_010222_543,2026-06-13 01:02:22,False,10000,135,0.0,0,0.4,0.7,0,0.5,10,9.5,10,rrt_20260613_010222_543.png
20260613_010224_834,2026-06-13 01:02:24,False,10000,141,0.0,0,0.4,0.7,0,0.5,10,9.5,10,rrt_20260613_010224_834.png
20260613_010226_142,2026-06-13 01:02:26,False,10000,60,0.0,0,0.4,0.7,0,0.5,10,9.5,10,rrt_20260613_010226_142.png
20260613_010228_561,2026-06-13 01:02:28,False,10000,145,0.0,0,0.4,0.7,0,0.5,10,9.5,10,rrt_20260613_010228_561.png
20260613_010231_096,2026-06-13 01:02:31,False,10000,147,0.0,0,0.4,0.7,0,0.5,10,9.5,10,rrt_20260613_010231_096.png
20260613_010231_784,2026-06-13 01:02:31,True,1608,155,18.000000000000004,46,0.4,0.7,0,0.5,10,9.5,10,rrt_20260613_010231_784.png
20260613_010233_675,2026-06-13 01:02:33,False,10000,112,0.0,0,0.4,0.7,0,0.5,10,9.5,10,rrt_20260613_010233_675.png
20260613_010234_064,2026-06-13 01:02:34,True,208,87,16.80000000000001,43,0.4,0.7,0,0.5,10,9.5,10,rrt_20260613_010234_064.png
20260613_010234_772,2026-06-13 01:02:34,True,3067,149,18.8,48,0.4,0.7,0,0.5,10,9.5,10,rrt_20260613_010234_772.png
20260613_010236_377,2026-06-13 01:02:36,False,10000,72,0.0,0,0.4,0.7,0,0.5,10,9.5,10,rrt_20260613_010236_377.png
20260613_010238_934,2026-06-13 01:02:38,False,10000,140,0.0,0,0.4,0.7,0,0.5,10,9.5,10,rrt_20260613_010238_934.png
20260613_010240_419,2026-06-13 01:02:40,False,10000,62,0.0,0,0.4,0.7,0,0.5,10,9.5,10,rrt_20260613_010240_419.png
20260613_010242_965,2026-06-13 01:02:42,False,10000,143,0.0,0,0.4,0.7,0,0.5,10,9.5,10,rrt_20260613_010242_965.png
20260613_010245_296,2026-06-13 01:02:45,False,10000,124,0.0,0,0.4,0.7,0,0.5,10,9.5,10,rrt_20260613_010245_296.png
20260613_010247_888,2026-06-13 01:02:47,False,10000,136,0.0,0,0.4,0.7,0,0.5,10,9.5,10,rrt_20260613_010247_888.png
20260613_010248_572,2026-06-13 01:02:48,True,1398,176,19.600000000000012,50,0.4,0.7,0,0.5,10,9.5,10,rrt_20260613_010248_572.png
20260613_010251_446,2026-06-13 01:02:51,False,10000,109,0.0,0,0.4,0.7,0,0.5,10,9.5,10,rrt_20260613_010251_446.png
20260613_010253_989,2026-06-13 01:02:53,False,10000,72,0.0,0,0.4,0.7,0,0.5,10,9.5,10,rrt_20260613_010253_989.png
20260613_010257_661,2026-06-13 01:02:57,False,10000,149,0.0,0,0.4,0.7,0,0.5,10,9.5,10,rrt_20260613_010257_661.png
20260613_010301_789,2026-06-13 01:03:01,False,10000,152,0.0,0,0.4,0.7,0,0.5,10,9.5,10,rrt_20260613_010301_789.png
20260613_010307_036,2026-06-13 01:03:07,False,10000,157,0.0,0,0.4,0.7,0,0.5,10,9.5,10,rrt_20260613_010307_036.png
20260613_010318_052,2026-06-13 01:03:18,False,10000,159,0.0,0,0.4,0.7,0,0.5,10,9.5,10,rrt_20260613_010318_052.png
20260613_010328_952,2026-06-13 01:03:28,False,10000,134,0.0,0,0.4,0.7,0,0.5,10,9.5,10,rrt_20260613_010328_952.png
20260613_010340_670,2026-06-13 01:03:40,False,10000,149,0.0,0,0.4,0.7,0,0.5,10,9.5,10,rrt_20260613_010340_670.png
20260613_010352_164,2026-06-13 01:03:52,False,10000,149,0.0,0,0.4,0.7,0,0.5,10,9.5,10,rrt_20260613_010352_164.png
20260613_010404_049,2026-06-13 01:04:04,False,10000,135,0.0,0,0.4,0.7,0,0.5,10,9.5,10,rrt_20260613_010404_049.png
20260613_010416_381,2026-06-13 01:04:16,False,10000,153,0.0,0,0.4,0.7,0,0.5,10,9.5,10,rrt_20260613_010416_381.png
20260613_010429_140,2026-06-13 01:04:29,False,10000,170,0.0,0,0.4,0.7,0,0.5,10,9.5,10,rrt_20260613_010429_140.png
20260613_010442_452,2026-06-13 01:04:42,False,10000,184,0.0,0,0.4,0.7,0,0.5,10,9.5,10,rrt_20260613_010442_452.png
20260613_010451_950,2026-06-13 01:04:51,False,10000,113,0.0,0,0.4,0.7,0,0.5,10,9.5,10,rrt_20260613_010451_950.png
20260613_010502_493,2026-06-13 01:05:02,False,10000,125,0.0,0,0.4,0.7,0,0.5,10,9.5,10,rrt_20260613_010502_493.png
20260613_010503_903,2026-06-13 01:05:03,True,315,94,16.80000000000001,43,0.4,0.7,0,0.5,10,9.5,10,rrt_20260613_010503_903.png
20260613_010516_519,2026-06-13 01:05:16,False,10000,182,0.0,0,0.4,0.7,0,0.5,10,9.5,10,rrt_20260613_010516_519.png
20260613_010528_482,2026-06-13 01:05:28,False,10000,161,0.0,0,0.4,0.7,0,0.5,10,9.5,10,rrt_20260613_010528_482.png
20260613_010539_224,2026-06-13 01:05:39,False,10000,150,0.0,0,0.4,0.7,0,0.5,10,9.5,10,rrt_20260613_010539_224.png
20260613_010551_832,2026-06-13 01:05:51,False,10000,182,0.0,0,0.4,0.7,0,0.5,10,9.5,10,rrt_20260613_010551_832.png
20260613_010602_868,2026-06-13 01:06:02,False,10000,135,0.0,0,0.4,0.7,0,0.5,10,9.5,10,rrt_20260613_010602_868.png
20260613_010614_127,2026-06-13 01:06:14,False,10000,129,0.0,0,0.4,0.7,0,0.5,10,9.5,10,rrt_20260613_010614_127.png
20260613_010627_323,2026-06-13 01:06:27,False,10000,159,0.0,0,0.4,0.7,0,0.5,10,9.5,10,rrt_20260613_010627_323.png
20260613_010639_277,2026-06-13 01:06:39,False,10000,170,0.0,0,0.4,0.7,0,0.5,10,9.5,10,rrt_20260613_010639_277.png
20260613_010649_850,2026-06-13 01:06:49,False,10000,140,0.0,0,0.4,0.7,0,0.5,10,9.5,10,rrt_20260613_010649_850.png
20260613_010651_600,2026-06-13 01:06:51,True,585,113,18.400000000000006,47,0.4,0.7,0,0.5,10,9.5,10,rrt_20260613_010651_600.png
20260613_010702_999,2026-06-13 01:07:03,False,10000,152,0.0,0,0.4,0.7,0,0.5,10,9.5,10,rrt_20260613_010702_999.png
20260613_010710_443,2026-06-13 01:07:10,False,10000,74,0.0,0,0.4,0.7,0,0.5,10,9.5,10,rrt_20260613_010710_443.png
20260613_010721_253,2026-06-13 01:07:21,False,10000,143,0.0,0,0.4,0.7,0,0.5,10,9.5,10,rrt_20260613_010721_253.png
20260613_012250_168,2026-06-13 01:22:50,False,10000,104,0.0,0,0.4,0.7,0,0.5,10,9.5,10,rrt_20260613_012250_168.png
20260613_012252_215,2026-06-13 01:22:52,False,10000,109,0.0,0,0.4,0.7,0,0.5,10,9.5,10,rrt_20260613_012252_215.png
20260613_012254_337,2026-06-13 01:22:54,False,10000,124,0.0,0,0.4,0.7,0,0.5,10,9.5,10,rrt_20260613_012254_337.png
20260613_012256_606,2026-06-13 01:22:56,False,10000,141,0.0,0,0.4,0.7,0,0.5,10,9.5,10,rrt_20260613_012256_606.png
20260613_012258_998,2026-06-13 01:22:59,False,10000,140,0.0,0,0.4,0.7,0,0.5,10,9.5,10,rrt_20260613_012258_998.png
20260613_012301_351,2026-06-13 01:23:01,False,10000,155,0.0,0,0.4,0.7,0,0.5,10,9.5,10,rrt_20260613_012301_351.png
20260613_012303_720,2026-06-13 01:23:03,False,10000,155,0.0,0,0.4,0.7,0,0.5,10,9.5,10,rrt_20260613_012303_720.png
20260613_012305_645,2026-06-13 01:23:05,False,10000,110,0.0,0,0.4,0.7,0,0.5,10,9.5,10,rrt_20260613_012305_645.png
20260613_012308_095,2026-06-13 01:23:08,False,10000,152,0.0,0,0.4,0.7,0,0.5,10,9.5,10,rrt_20260613_012308_095.png
20260613_012309_476,2026-06-13 01:23:09,False,10000,62,0.0,0,0.4,0.7,0,0.5,10,9.5,10,rrt_20260613_012309_476.png
20260613_012311_444,2026-06-13 01:23:11,False,10000,124,0.0,0,0.4,0.7,0,0.5,10,9.5,10,rrt_20260613_012311_444.png
20260613_012311_962,2026-06-13 01:23:11,True,1142,135,16.800000000000004,43,0.4,0.7,0,0.5,10,9.5,10,rrt_20260613_012311_962.png
20260613_012313_939,2026-06-13 01:23:13,False,10000,125,0.0,0,0.4,0.7,0,0.5,10,9.5,10,rrt_20260613_012313_939.png
20260613_012316_342,2026-06-13 01:23:16,False,10000,157,0.0,0,0.4,0.7,0,0.5,10,9.5,10,rrt_20260613_012316_342.png
20260613_012319_263,2026-06-13 01:23:19,False,10000,200,0.0,0,0.4,0.7,0,0.5,10,9.5,10,rrt_20260613_012319_263.png
20260613_012321_548,2026-06-13 01:23:21,False,10000,141,0.0,0,0.4,0.7,0,0.5,10,9.5,10,rrt_20260613_012321_548.png
20260613_012323_347,2026-06-13 01:23:23,False,10000,92,0.0,0,0.4,0.7,0,0.5,10,9.5,10,rrt_20260613_012323_347.png
20260613_012324_754,2026-06-13 01:23:24,False,10000,62,0.0,0,0.4,0.7,0,0.5,10,9.5,10,rrt_20260613_012324_754.png
20260613_012327_113,2026-06-13 01:23:27,False,10000,147,0.0,0,0.4,0.7,0,0.5,10,9.5,10,rrt_20260613_012327_113.png
20260613_012329_056,2026-06-13 01:23:29,False,10000,112,0.0,0,0.4,0.7,0,0.5,10,9.5,10,rrt_20260613_012329_056.png
20260613_012330_443,2026-06-13 01:23:30,False,10000,72,0.0,0,0.4,0.7,0,0.5,10,9.5,10,rrt_20260613_012330_443.png
20260613_012332_822,2026-06-13 01:23:32,False,10000,139,0.0,0,0.4,0.7,0,0.5,10,9.5,10,rrt_20260613_012332_822.png
20260613_012335_166,2026-06-13 01:23:35,False,10000,150,0.0,0,0.4,0.7,0,0.5,10,9.5,10,rrt_20260613_012335_166.png
20260613_012337_727,2026-06-13 01:23:37,False,10000,167,0.0,0,0.4,0.7,0,0.5,10,9.5,10,rrt_20260613_012337_727.png
20260613_012339_804,2026-06-13 01:23:39,False,10000,128,0.0,0,0.4,0.7,0,0.5,10,9.5,10,rrt_20260613_012339_804.png
20260613_012340_256,2026-06-13 01:23:40,True,800,104,17.6,45,0.4,0.7,0,0.5,10,9.5,10,rrt_20260613_012340_256.png
20260613_012342_196,2026-06-13 01:23:42,False,10000,116,0.0,0,0.4,0.7,0,0.5,10,9.5,10,rrt_20260613_012342_196.png
20260613_012345_310,2026-06-13 01:23:45,False,10000,200,0.0,0,0.4,0.7,0,0.5,10,9.5,10,rrt_20260613_012345_310.png
20260613_012348_747,2026-06-13 01:23:48,False,10000,219,0.0,0,0.4,0.7,0,0.5,10,9.5,10,rrt_20260613_012348_747.png
20260613_012349_349,2026-06-13 01:23:49,True,1100,156,17.600000000000005,45,0.4,0.7,0,0.5,10,9.5,10,rrt_20260613_012349_349.png
20260613_012351_632,2026-06-13 01:23:51,False,10000,148,0.0,0,0.4,0.7,0,0.5,10,9.5,10,rrt_20260613_012351_632.png
20260613_012352_059,2026-06-13 01:23:52,True,454,107,18.799999999999997,48,0.4,0.7,0,0.5,10,9.5,10,rrt_20260613_012352_059.png
20260613_012354_179,2026-06-13 01:23:54,False,10000,132,0.0,0,0.4,0.7,0,0.5,10,9.5,10,rrt_20260613_012354_179.png
20260613_012356_653,2026-06-13 01:23:56,False,10000,162,0.0,0,0.4,0.7,0,0.5,10,9.5,10,rrt_20260613_012356_653.png
20260613_012359_292,2026-06-13 01:23:59,False,10000,174,0.0,0,0.4,0.7,0,0.5,10,9.5,10,rrt_20260613_012359_292.png
20260613_012401_551,2026-06-13 01:24:01,False,10000,135,0.0,0,0.4,0.7,0,0.5,10,9.5,10,rrt_20260613_012401_551.png
20260613_012402_003,2026-06-13 01:24:02,True,690,123,16.800000000000004,43,0.4,0.7,0,0.5,10,9.5,10,rrt_20260613_012402_003.png
20260613_012402_244,2026-06-13 01:24:02,True,205,76,16.0,41,0.4,0.7,0,0.5,10,9.5,10,rrt_20260613_012402_244.png
20260613_012405_164,2026-06-13 01:24:05,False,10000,213,0.0,0,0.4,0.7,0,0.5,10,9.5,10,rrt_20260613_012405_164.png
20260613_012405_572,2026-06-13 01:24:05,True,201,86,17.200000000000014,44,0.4,0.7,0,0.5,10,9.5,10,rrt_20260613_012405_572.png
20260613_012405_783,2026-06-13 01:24:05,True,326,98,18.400000000000002,47,0.4,0.7,0,0.5,10,9.5,10,rrt_20260613_012405_783.png
20260613_012408_618,2026-06-13 01:24:08,False,10000,210,0.0,0,0.4,0.7,0,0.5,10,9.5,10,rrt_20260613_012408_618.png
20260613_012410_366,2026-06-13 01:24:10,False,10000,89,0.0,0,0.4,0.7,0,0.5,10,9.5,10,rrt_20260613_012410_366.png
20260613_012412_767,2026-06-13 01:24:12,False,10000,150,0.0,0,0.4,0.7,0,0.5,10,9.5,10,rrt_20260613_012412_767.png
20260613_012415_275,2026-06-13 01:24:15,False,10000,160,0.0,0,0.4,0.7,0,0.5,10,9.5,10,rrt_20260613_012415_275.png
20260613_012417_214,2026-06-13 01:24:17,False,10000,116,0.0,0,0.4,0.7,0,0.5,10,9.5,10,rrt_20260613_012417_214.png
20260613_012417_625,2026-06-13 01:24:17,True,378,104,17.999999999999993,46,0.4,0.7,0,0.5,10,9.5,10,rrt_20260613_012417_625.png
20260613_012419_997,2026-06-13 01:24:19,False,10000,157,0.0,0,0.4,0.7,0,0.5,10,9.5,10,rrt_20260613_012419_997.png
20260613_012422_329,2026-06-13 01:24:22,False,10000,144,0.0,0,0.4,0.8,0,0.5,10,9.5,10,rrt_20260613_012422_329.png
20260613_012424_679,2026-06-13 01:24:24,False,10000,150,0.0,0,0.4,0.8,0,0.5,10,9.5,10,rrt_20260613_012424_679.png
20260613_012426_609,2026-06-13 01:24:26,False,10000,104,0.0,0,0.4,0.8,0,0.5,10,9.5,10,rrt_20260613_012426_609.png
20260613_012428_847,2026-06-13 01:24:28,False,10000,144,0.0,0,0.4,0.8,0,0.5,10,9.5,10,rrt_20260613_012428_847.png
20260613_012429_339,2026-06-13 01:24:29,True,1224,149,17.599999999999998,45,0.4,0.8,0,0.5,10,9.5,10,rrt_20260613_012429_339.png
20260613_012432_052,2026-06-13 01:24:32,False,10000,186,0.0,0,0.4,0.8,0,0.5,10,9.5,10,rrt_20260613_012432_052.png
20260613_012433_387,2026-06-13 01:24:33,False,10000,60,0.0,0,0.4,0.8,0,0.5,10,9.5,10,rrt_20260613_012433_387.png
20260613_012435_548,2026-06-13 01:24:35,False,10000,136,0.0,0,0.4,0.8,0,0.5,10,9.5,10,rrt_20260613_012435_548.png
20260613_012437_393,2026-06-13 01:24:37,False,10000,103,0.0,0,0.4,0.8,0,0.5,10,9.5,10,rrt_20260613_012437_393.png
20260613_012437_854,2026-06-13 01:24:37,True,965,168,18.800000000000004,48,0.4,0.8,0,0.5,10,9.5,10,rrt_20260613_012437_854.png
20260613_012439_507,2026-06-13 01:24:39,False,10000,102,0.0,0,0.4,0.8,0,0.5,10,9.5,10,rrt_20260613_012439_507.png
20260613_012441_796,2026-06-13 01:24:41,False,10000,145,0.0,0,0.4,0.8,0,0.5,10,9.5,10,rrt_20260613_012441_796.png
20260613_012443_854,2026-06-13 01:24:43,False,10000,105,0.0,0,0.4,0.8,0,0.5,10,9.5,10,rrt_20260613_012443_854.png
20260613_012446_381,2026-06-13 01:24:46,False,10000,169,0.0,0,0.4,0.8,0,0.5,10,9.5,10,rrt_20260613_012446_381.png
20260613_012448_586,2026-06-13 01:24:48,False,10000,132,0.0,0,0.4,0.8,0,0.5,10,9.5,10,rrt_20260613_012448_586.png
20260613_012450_967,2026-06-13 01:24:50,False,10000,151,0.0,0,0.4,0.8,0,0.5,10,9.5,10,rrt_20260613_012450_967.png
20260613_012453_397,2026-06-13 01:24:53,False,10000,141,0.0,0,0.4,0.8,0,0.5,10,9.5,10,rrt_20260613_012453_397.png
20260613_012455_976,2026-06-13 01:24:55,False,10000,158,0.0,0,0.4,0.8,0,0.5,10,9.5,10,rrt_20260613_012455_976.png
20260613_012457_568,2026-06-13 01:24:57,False,10000,74,0.0,0,0.4,0.8,0,0.5,10,9.5,10,rrt_20260613_012457_568.png
20260613_012500_749,2026-06-13 01:25:00,False,10000,197,0.0,0,0.4,0.8,0,0.5,10,9.5,10,rrt_20260613_012500_749.png
20260613_012503_282,2026-06-13 01:25:03,False,10000,127,0.0,0,0.4,0.8,0,0.5,10,9.5,10,rrt_20260613_012503_282.png
20260613_012506_546,2026-06-13 01:25:06,False,10000,163,0.0,0,0.4,0.8,0,0.5,10,9.5,10,rrt_20260613_012506_546.png
20260613_012508_382,2026-06-13 01:25:08,False,10000,70,0.0,0,0.4,0.8,0,0.5,10,9.5,10,rrt_20260613_012508_382.png
20260613_012508_840,2026-06-13 01:25:08,True,594,134,17.600000000000005,45,0.4,0.8,0,0.5,10,9.5,10,rrt_20260613_012508_840.png
20260613_012512_137,2026-06-13 01:25:12,False,10000,151,0.0,0,0.4,0.8,0,0.5,10,9.5,10,rrt_20260613_012512_137.png
20260613_012512_833,2026-06-13 01:25:12,True,224,94,18.000000000000007,46,0.4,0.8,0,0.5,10,9.5,10,rrt_20260613_012512_833.png
20260613_012518_001,2026-06-13 01:25:18,False,10000,179,0.0,0,0.4,0.8,0,0.5,10,9.5,10,rrt_20260613_012518_001.png
20260613_012524_236,2026-06-13 01:25:24,False,10000,117,0.0,0,0.4,0.8,0,0.5,10,9.5,10,rrt_20260613_012524_236.png
20260613_012535_093,2026-06-13 01:25:35,False,10000,148,0.0,0,0.4,0.8,0,0.5,10,9.5,10,rrt_20260613_012535_093.png
20260613_012539_374,2026-06-13 01:25:39,True,2540,220,20.000000000000007,51,0.4,0.8,0,0.5,10,9.5,10,rrt_20260613_012539_374.png
20260613_012548_174,2026-06-13 01:25:48,False,10000,104,0.0,0,0.4,0.8,0,0.5,10,9.5,10,rrt_20260613_012548_174.png
20260613_012554_560,2026-06-13 01:25:54,False,10000,62,0.0,0,0.4,0.8,0,0.5,10,9.5,10,rrt_20260613_012554_560.png
20260613_012605_805,2026-06-13 01:26:05,False,10000,155,0.0,0,0.4,0.8,0,0.5,10,9.5,10,rrt_20260613_012605_805.png
20260613_012617_648,2026-06-13 01:26:17,False,10000,146,0.0,0,0.4,0.8,0,0.5,10,9.5,10,rrt_20260613_012617_648.png
20260613_012630_088,2026-06-13 01:26:30,False,10000,155,0.0,0,0.4,0.8,0,0.5,10,9.5,10,rrt_20260613_012630_088.png
20260613_012642_054,2026-06-13 01:26:42,False,10000,150,0.0,0,0.4,0.8,0,0.5,10,9.5,10,rrt_20260613_012642_054.png
20260613_012655_959,2026-06-13 01:26:55,False,10000,181,0.0,0,0.4,0.8,0,0.5,10,9.5,10,rrt_20260613_012655_959.png
20260613_012702_392,2026-06-13 01:27:02,False,10000,68,0.0,0,0.4,0.8,0,0.5,10,9.5,10,rrt_20260613_012702_392.png
20260613_012712_842,2026-06-13 01:27:12,False,10000,129,0.0,0,0.4,0.8,0,0.5,10,9.5,10,rrt_20260613_012712_842.png
20260613_012724_446,2026-06-13 01:27:24,False,10000,145,0.0,0,0.4,0.8,0,0.5,10,9.5,10,rrt_20260613_012724_446.png
20260613_012736_574,2026-06-13 01:27:36,False,10000,155,0.0,0,0.4,0.8,0,0.5,10,9.5,10,rrt_20260613_012736_574.png
20260613_012747_366,2026-06-13 01:27:47,False,10000,145,0.0,0,0.4,0.8,0,0.5,10,9.5,10,rrt_20260613_012747_366.png
20260613_012758_518,2026-06-13 01:27:58,False,10000,153,0.0,0,0.4,0.8,0,0.5,10,9.5,10,rrt_20260613_012758_518.png
20260613_012809_422,2026-06-13 01:28:09,False,10000,137,0.0,0,0.4,0.8,0,0.5,10,9.5,10,rrt_20260613_012809_422.png
20260613_012819_615,2026-06-13 01:28:19,False,10000,123,0.0,0,0.4,0.8,0,0.5,10,9.5,10,rrt_20260613_012819_615.png
20260613_012822_624,2026-06-13 01:28:22,True,1534,185,18.4,47,0.4,0.8,0,0.5,10,9.5,10,rrt_20260613_012822_624.png
20260613_012838_658,2026-06-13 01:28:38,False,10000,216,0.0,0,0.4,0.8,0,0.5,10,9.5,10,rrt_20260613_012838_658.png
20260613_012848_705,2026-06-13 01:28:48,False,10000,110,0.0,0,0.4,0.8,0,0.5,10,9.5,10,rrt_20260613_012848_705.png
20260613_012858_620,2026-06-13 01:28:58,False,10000,121,0.0,0,0.4,0.8,0,0.5,10,9.5,10,rrt_20260613_012858_620.png
20260613_012908_584,2026-06-13 01:29:08,False,10000,127,0.0,0,0.4,0.8,0,0.5,10,9.5,10,rrt_20260613_012908_584.png
20260613_012918_662,2026-06-13 01:29:18,False,10000,116,0.0,0,0.4,0.8,0,0.5,10,9.5,10,rrt_20260613_012918_662.png
20260613_012931_177,2026-06-13 01:29:31,False,10000,153,0.0,0,0.4,0.8,0,0.5,10,9.5,10,rrt_20260613_012931_177.png
20260613_012942_506,2026-06-13 01:29:42,False,10000,135,0.0,0,0.4,0.8,0,0.5,10,9.5,10,rrt_20260613_012942_506.png
20260613_012949_579,2026-06-13 01:29:49,False,10000,69,0.0,0,0.4,0.8,0,0.5,10,9.5,10,rrt_20260613_012949_579.png
20260613_013001_772,2026-06-13 01:30:01,False,10000,175,0.0,0,0.4,0.8,0,0.5,10,9.5,10,rrt_20260613_013001_772.png
20260613_013003_315,2026-06-13 01:30:03,True,260,95,17.60000000000001,45,0.4,0.8,0,0.5,10,9.5,10,rrt_20260613_013003_315.png
20260613_013012_893,2026-06-13 01:30:12,False,10000,149,0.0,0,0.4,0.8,0,0.5,10,9.5,10,rrt_20260613_013012_893.png
20260613_013025_740,2026-06-13 01:30:25,False,10000,213,0.0,0,0.4,0.8,0,0.5,10,9.5,10,rrt_20260613_013025_740.png
20260613_013032_983,2026-06-13 01:30:32,False,10000,98,0.0,0,0.4,0.8,0,0.5,10,9.5,10,rrt_20260613_013032_983.png
20260613_013041_264,2026-06-13 01:30:41,False,10000,124,0.0,0,0.4,0.8,0,0.5,10,9.5,10,rrt_20260613_013041_264.png
20260613_013050_259,2026-06-13 01:30:50,False,10000,148,0.0,0,0.4,0.8,0,0.5,10,9.5,10,rrt_20260613_013050_259.png
20260613_013059_917,2026-06-13 01:30:59,False,10000,150,0.0,0,0.4,0.8,0,0.5,10,9.5,10,rrt_20260613_013059_917.png
20260613_013107_415,2026-06-13 01:31:07,False,10000,112,0.0,0,0.4,0.8,0,0.5,10,9.5,10,rrt_20260613_013107_415.png
20260613_013109_836,2026-06-13 01:31:09,True,1657,160,17.6,45,0.4,0.8,0,0.5,10,9.5,10,rrt_20260613_013109_836.png
20260613_013119_458,2026-06-13 01:31:19,False,10000,155,0.0,0,0.4,0.8,0,0.5,10,9.5,10,rrt_20260613_013119_458.png
20260613_013129_261,2026-06-13 01:31:29,False,10000,169,0.0,0,0.4,0.8,0,0.5,10,9.5,10,rrt_20260613_013129_261.png
20260613_013139_498,2026-06-13 01:31:39,False,10000,166,0.0,0,0.4,0.8,0,0.5,10,9.5,10,rrt_20260613_013139_498.png
20260613_013147_346,2026-06-13 01:31:47,False,10000,112,0.0,0,0.4,0.8,0,0.5,10,9.5,10,rrt_20260613_013147_346.png
20260613_013155_607,2026-06-13 01:31:55,False,10000,122,0.0,0,0.4,0.8,0,0.5,10,9.5,10,rrt_20260613_013155_607.png
20260613_013205_988,2026-06-13 01:32:05,False,10000,169,0.0,0,0.4,0.8,0,0.5,10,9.5,10,rrt_20260613_013205_988.png
20260613_013208_298,2026-06-13 01:32:08,True,1359,190,18.0,46,0.4,0.8,0,0.5,10,9.5,10,rrt_20260613_013208_298.png
20260613_013216_862,2026-06-13 01:32:16,False,10000,133,0.0,0,0.4,0.8,0,0.5,10,9.5,10,rrt_20260613_013216_862.png
20260613_013224_387,2026-06-13 01:32:24,False,10000,106,0.0,0,0.4,0.8,0,0.5,10,9.5,10,rrt_20260613_013224_387.png
20260613_013233_300,2026-06-13 01:32:33,False,10000,142,0.0,0,0.4,0.8,0,0.5,10,9.5,10,rrt_20260613_013233_300.png
20260613_013235_277,2026-06-13 01:32:35,True,1018,128,17.600000000000005,45,0.4,0.8,0,0.5,10,9.5,10,rrt_20260613_013235_277.png
20260613_013243_745,2026-06-13 01:32:43,False,10000,136,0.0,0,0.4,0.8,0,0.5,10,9.5,10,rrt_20260613_013243_745.png
20260613_013253_197,2026-06-13 01:32:53,False,10000,143,0.0,0,0.4,0.8,0,0.5,10,9.5,10,rrt_20260613_013253_197.png
20260613_013254_977,2026-06-13 01:32:54,True,720,150,18.4,47,0.4,0.8,0,0.5,10,9.5,10,rrt_20260613_013254_977.png
20260613_013302_911,2026-06-13 01:33:02,False,10000,116,0.0,0,0.4,0.8,0,0.5,10,9.5,10,rrt_20260613_013302_911.png
20260613_013312_244,2026-06-13 01:33:12,False,10000,151,0.0,0,0.4,0.8,0,0.5,10,9.5,10,rrt_20260613_013312_244.png
20260613_013314_044,2026-06-13 01:33:14,True,875,147,18.40000000000001,47,0.4,0.8,0,0.5,10,9.5,10,rrt_20260613_013314_044.png
20260613_013322_868,2026-06-13 01:33:22,False,10000,145,0.0,0,0.4,0.8,0,0.5,10,9.5,10,rrt_20260613_013322_868.png
20260613_013334_770,2026-06-13 01:33:34,False,10000,203,0.0,0,0.4,0.8,0,0.5,10,9.5,10,rrt_20260613_013334_770.png
20260613_013343_993,2026-06-13 01:33:43,False,10000,144,0.0,0,0.4,0.8,0,0.5,10,9.5,10,rrt_20260613_013343_993.png
20260613_013353_617,2026-06-13 01:33:53,False,10000,150,0.0,0,0.4,0.8,0,0.5,10,9.5,10,rrt_20260613_013353_617.png
20260613_013402_774,2026-06-13 01:34:02,False,10000,131,0.0,0,0.4,0.8,0,0.5,10,9.5,10,rrt_20260613_013402_774.png
20260613_013412_322,2026-06-13 01:34:12,False,10000,155,0.0,0,0.4,0.8,0,0.5,10,9.5,10,rrt_20260613_013412_322.png
20260613_013422_939,2026-06-13 01:34:22,False,10000,170,0.0,0,0.4,0.8,0,0.5,10,9.5,10,rrt_20260613_013422_939.png
20260613_013432_365,2026-06-13 01:34:32,False,10000,150,0.0,0,0.4,0.8,0,0.5,10,9.5,10,rrt_20260613_013432_365.png
20260613_013440_538,2026-06-13 01:34:40,False,10000,132,0.0,0,0.4,0.8,0,0.5,10,9.5,10,rrt_20260613_013440_538.png
20260613_013442_067,2026-06-13 01:34:42,True,793,114,19.6,50,0.4,0.8,0,0.5,10,9.5,10,rrt_20260613_013442_067.png
20260613_013449_352,2026-06-13 01:34:49,False,10000,112,0.0,0,0.4,0.8,0,0.5,10,9.5,10,rrt_20260613_013449_352.png
20260613_013457_251,2026-06-13 01:34:57,False,10000,123,0.0,0,0.4,0.8,0,0.5,10,9.5,10,rrt_20260613_013457_251.png
20260613_013507_702,2026-06-13 01:35:07,False,10000,179,0.0,0,0.4,0.8,0,0.5,10,9.5,10,rrt_20260613_013507_702.png
20260613_013516_428,2026-06-13 01:35:16,False,10000,143,0.0,0,0.4,0.8,0,0.5,10,9.5,10,rrt_20260613_013516_428.png
20260613_013522_164,2026-06-13 01:35:22,False,10000,70,0.0,0,0.4,0.8,0,0.5,10,9.5,10,rrt_20260613_013522_164.png
20260613_013526_835,2026-06-13 01:35:26,False,10000,57,0.0,0,0.4,0.8,0,0.5,10,9.5,10,rrt_20260613_013526_835.png
20260613_013535_959,2026-06-13 01:35:35,False,10000,139,0.0,0,0.4,0.8,0,0.5,10,9.5,10,rrt_20260613_013535_959.png
20260613_013544_412,2026-06-13 01:35:44,False,10000,136,0.0,0,0.4,0.8,0,0.5,10,9.5,10,rrt_20260613_013544_412.png
20260613_013545_778,2026-06-13 01:35:45,True,274,110,19.2,49,0.4,0.8,0,0.5,10,9.5,10,rrt_20260613_013545_778.png
20260613_013548_703,2026-06-13 01:35:48,True,5790,80,18.0,37,0.5,0.1,0,0.5,10,9.5,10,rrt_20260613_013548_703.png
20260613_013550_495,2026-06-13 01:35:50,True,2274,86,17.5,36,0.5,0.1,0,0.5,10,9.5,10,rrt_20260613_013550_495.png
20260613_013555_413,2026-06-13 01:35:55,True,7956,113,18.0,37,0.5,0.1,0,0.5,10,9.5,10,rrt_20260613_013555_413.png
20260613_013559_658,2026-06-13 01:35:59,False,10000,52,0.0,0,0.5,0.1,0,0.5,10,9.5,10,rrt_20260613_013559_658.png
20260613_013606_435,2026-06-13 01:36:06,False,10000,119,0.0,0,0.5,0.1,0,0.5,10,9.5,10,rrt_20260613_013606_435.png
20260613_013611_501,2026-06-13 01:36:11,False,10000,52,0.0,0,0.5,0.1,0,0.5,10,9.5,10,rrt_20260613_013611_501.png
20260613_013618_438,2026-06-13 01:36:18,False,10000,138,0.0,0,0.5,0.1,0,0.5,10,9.5,10,rrt_20260613_013618_438.png
20260613_013623_278,2026-06-13 01:36:23,True,6441,120,16.999999999999996,35,0.5,0.1,0,0.5,10,9.5,10,rrt_20260613_013623_278.png
20260613_013629_483,2026-06-13 01:36:29,False,10000,105,0.0,0,0.5,0.1,0,0.5,10,9.5,10,rrt_20260613_013629_483.png
20260613_013637_317,2026-06-13 01:36:37,False,10000,164,0.0,0,0.5,0.1,0,0.5,10,9.5,10,rrt_20260613_013637_317.png
20260613_013640_588,2026-06-13 01:36:40,True,4622,109,17.0,35,0.5,0.1,0,0.5,10,9.5,10,rrt_20260613_013640_588.png
20260613_013647_771,2026-06-13 01:36:47,False,10000,101,0.0,0,0.5,0.1,0,0.5,10,9.5,10,rrt_20260613_013647_771.png
20260613_013649_627,2026-06-13 01:36:49,True,2386,54,19.0,39,0.5,0.1,0,0.5,10,9.5,10,rrt_20260613_013649_627.png
20260613_013655_860,2026-06-13 01:36:55,True,9352,122,17.5,36,0.5,0.1,0,0.5,10,9.5,10,rrt_20260613_013655_860.png
20260613_013701_794,2026-06-13 01:37:01,False,10000,91,0.0,0,0.5,0.1,0,0.5,10,9.5,10,rrt_20260613_013701_794.png
20260613_013709_209,2026-06-13 01:37:09,False,10000,106,0.0,0,0.5,0.1,0,0.5,10,9.5,10,rrt_20260613_013709_209.png
20260613_013711_322,2026-06-13 01:37:11,True,2696,84,17.0,35,0.5,0.1,0,0.5,10,9.5,10,rrt_20260613_013711_322.png
20260613_013719_084,2026-06-13 01:37:19,False,10000,123,0.0,0,0.5,0.1,0,0.5,10,9.5,10,rrt_20260613_013719_084.png
20260613_013726_282,2026-06-13 01:37:26,False,10000,99,0.0,0,0.5,0.1,0,0.5,10,9.5,10,rrt_20260613_013726_282.png
20260613_013730_994,2026-06-13 01:37:30,False,10000,45,0.0,0,0.5,0.1,0,0.5,10,9.5,10,rrt_20260613_013730_994.png
20260613_013736_789,2026-06-13 01:37:36,False,10000,86,0.0,0,0.5,0.1,0,0.5,10,9.5,10,rrt_20260613_013736_789.png
20260613_013743_250,2026-06-13 01:37:43,False,10000,131,0.0,0,0.5,0.1,0,0.5,10,9.5,10,rrt_20260613_013743_250.png
20260613_013749_362,2026-06-13 01:37:49,True,8282,142,18.0,37,0.5,0.1,0,0.5,10,9.5,10,rrt_20260613_013749_362.png
20260613_013754_602,2026-06-13 01:37:54,True,6720,112,18.0,37,0.5,0.1,0,0.5,10,9.5,10,rrt_20260613_013754_602.png
20260613_013800_770,2026-06-13 01:38:00,False,10000,85,0.0,0,0.5,0.1,0,0.5,10,9.5,10,rrt_20260613_013800_770.png
20260613_013804_406,2026-06-13 01:38:04,False,10000,37,0.0,0,0.5,0.1,0,0.5,10,9.5,10,rrt_20260613_013804_406.png
20260613_013808_853,2026-06-13 01:38:08,True,7142,101,18.5,38,0.5,0.1,0,0.5,10,9.5,10,rrt_20260613_013808_853.png
20260613_013815_573,2026-06-13 01:38:15,False,10000,86,0.0,0,0.5,0.1,0,0.5,10,9.5,10,rrt_20260613_013815_573.png
20260613_013820_597,2026-06-13 01:38:20,False,10000,47,0.0,0,0.5,0.1,0,0.5,10,9.5,10,rrt_20260613_013820_597.png
20260613_013826_537,2026-06-13 01:38:26,False,10000,93,0.0,0,0.5,0.1,0,0.5,10,9.5,10,rrt_20260613_013826_537.png
20260613_013832_540,2026-06-13 01:38:32,False,10000,96,0.0,0,0.5,0.1,0,0.5,10,9.5,10,rrt_20260613_013832_540.png
20260613_013838_578,2026-06-13 01:38:38,False,10000,106,0.0,0,0.5,0.1,0,0.5,10,9.5,10,rrt_20260613_013838_578.png
20260613_013846_710,2026-06-13 01:38:46,False,10000,140,0.0,0,0.5,0.1,0,0.5,10,9.5,10,rrt_20260613_013846_710.png
20260613_013848_032,2026-06-13 01:38:48,True,556,53,16.5,34,0.5,0.1,0,0.5,10,9.5,10,rrt_20260613_013848_032.png
20260613_013855_957,2026-06-13 01:38:55,False,10000,164,0.0,0,0.5,0.1,0,0.5,10,9.5,10,rrt_20260613_013855_957.png
20260613_013904_058,2026-06-13 01:39:04,False,10000,123,0.0,0,0.5,0.1,0,0.5,10,9.5,10,rrt_20260613_013904_058.png
20260613_013908_870,2026-06-13 01:39:08,True,7144,123,18.0,37,0.5,0.1,0,0.5,10,9.5,10,rrt_20260613_013908_870.png
20260613_013916_080,2026-06-13 01:39:16,False,10000,119,0.0,0,0.5,0.1,0,0.5,10,9.5,10,rrt_20260613_013916_080.png
20260613_013922_658,2026-06-13 01:39:22,False,10000,122,0.0,0,0.5,0.1,0,0.5,10,9.5,10,rrt_20260613_013922_658.png
20260613_013929_481,2026-06-13 01:39:29,True,9180,118,17.0,35,0.5,0.1,0,0.5,10,9.5,10,rrt_20260613_013929_481.png
20260613_013936_032,2026-06-13 01:39:36,False,10000,109,0.0,0,0.5,0.1,0,0.5,10,9.5,10,rrt_20260613_013936_032.png
20260613_013943_991,2026-06-13 01:39:43,False,10000,110,0.0,0,0.5,0.1,0,0.5,10,9.5,10,rrt_20260613_013943_991.png
20260613_013952_091,2026-06-13 01:39:52,False,10000,109,0.0,0,0.5,0.1,0,0.5,10,9.5,10,rrt_20260613_013952_091.png
20260613_014000_839,2026-06-13 01:40:00,False,10000,117,0.0,0,0.5,0.1,0,0.5,10,9.5,10,rrt_20260613_014000_839.png
20260613_014007_594,2026-06-13 01:40:07,False,10000,113,0.0,0,0.5,0.1,0,0.5,10,9.5,10,rrt_20260613_014007_594.png
20260613_014015_192,2026-06-13 01:40:15,False,10000,145,0.0,0,0.5,0.1,0,0.5,10,9.5,10,rrt_20260613_014015_192.png
20260613_014023_371,2026-06-13 01:40:23,False,10000,105,0.0,0,0.5,0.1,0,0.5,10,9.5,10,rrt_20260613_014023_371.png
20260613_014029_179,2026-06-13 01:40:29,False,10000,63,0.0,0,0.5,0.1,0,0.5,10,9.5,10,rrt_20260613_014029_179.png
20260613_014031_164,2026-06-13 01:40:31,True,2236,81,18.0,37,0.5,0.1,0,0.5,10,9.5,10,rrt_20260613_014031_164.png
20260613_014037_336,2026-06-13 01:40:37,False,10000,81,0.0,0,0.5,0.1,0,0.5,10,9.5,10,rrt_20260613_014037_336.png
20260613_014043_752,2026-06-13 01:40:43,False,10000,108,0.0,0,0.5,0.1,0,0.5,10,9.5,10,rrt_20260613_014043_752.png
20260613_014050_309,2026-06-13 01:40:50,False,10000,102,0.0,0,0.5,0.1,0,0.5,10,9.5,10,rrt_20260613_014050_309.png
20260613_014052_368,2026-06-13 01:40:52,True,2330,70,19.0,39,0.5,0.1,0,0.5,10,9.5,10,rrt_20260613_014052_368.png
20260613_014058_867,2026-06-13 01:40:58,False,10000,109,0.0,0,0.5,0.1,0,0.5,10,9.5,10,rrt_20260613_014058_867.png
20260613_014102_021,2026-06-13 01:41:02,True,4783,90,18.5,38,0.5,0.1,0,0.5,10,9.5,10,rrt_20260613_014102_021.png
20260613_014107_798,2026-06-13 01:41:07,False,10000,94,0.0,0,0.5,0.1,0,0.5,10,9.5,10,rrt_20260613_014107_798.png
20260613_014115_452,2026-06-13 01:41:15,False,10000,92,0.0,0,0.5,0.1,0,0.5,10,9.5,10,rrt_20260613_014115_452.png
20260613_014121_445,2026-06-13 01:41:21,False,10000,97,0.0,0,0.5,0.1,0,0.5,10,9.5,10,rrt_20260613_014121_445.png
20260613_014126_409,2026-06-13 01:41:26,True,8084,108,18.499999999999996,38,0.5,0.1,0,0.5,10,9.5,10,rrt_20260613_014126_409.png
20260613_014134_877,2026-06-13 01:41:34,False,10000,118,0.0,0,0.5,0.1,0,0.5,10,9.5,10,rrt_20260613_014134_877.png
20260613_014141_375,2026-06-13 01:41:41,False,10000,73,0.0,0,0.5,0.1,0,0.5,10,9.5,10,rrt_20260613_014141_375.png
20260613_014148_137,2026-06-13 01:41:48,False,10000,110,0.0,0,0.5,0.1,0,0.5,10,9.5,10,rrt_20260613_014148_137.png
20260613_014153_964,2026-06-13 01:41:53,False,10000,74,0.0,0,0.5,0.1,0,0.5,10,9.5,10,rrt_20260613_014153_964.png
20260613_014201_349,2026-06-13 01:42:01,False,10000,81,0.0,0,0.5,0.1,0,0.5,10,9.5,10,rrt_20260613_014201_349.png
20260613_014209_322,2026-06-13 01:42:09,False,10000,119,0.0,0,0.5,0.1,0,0.5,10,9.5,10,rrt_20260613_014209_322.png
20260613_014216_262,2026-06-13 01:42:16,False,10000,118,0.0,0,0.5,0.1,0,0.5,10,9.5,10,rrt_20260613_014216_262.png
20260613_014223_214,2026-06-13 01:42:23,False,10000,122,0.0,0,0.5,0.1,0,0.5,10,9.5,10,rrt_20260613_014223_214.png
20260613_014228_422,2026-06-13 01:42:28,False,10000,51,0.0,0,0.5,0.1,0,0.5,10,9.5,10,rrt_20260613_014228_422.png
20260613_014230_763,2026-06-13 01:42:30,True,4385,79,17.5,36,0.5,0.1,0,0.5,10,9.5,10,rrt_20260613_014230_763.png
20260613_014238_780,2026-06-13 01:42:38,False,10000,108,0.0,0,0.5,0.1,0,0.5,10,9.5,10,rrt_20260613_014238_780.png
20260613_014246_060,2026-06-13 01:42:46,False,10000,110,0.0,0,0.5,0.1,0,0.5,10,9.5,10,rrt_20260613_014246_060.png
20260613_014251_228,2026-06-13 01:42:51,False,10000,50,0.0,0,0.5,0.1,0,0.5,10,9.5,10,rrt_20260613_014251_228.png
20260613_014252_769,2026-06-13 01:42:52,True,1183,60,18.5,38,0.5,0.1,0,0.5,10,9.5,10,rrt_20260613_014252_769.png
20260613_014259_715,2026-06-13 01:42:59,False,10000,104,0.0,0,0.5,0.1,0,0.5,10,9.5,10,rrt_20260613_014259_715.png
20260613_014304_859,2026-06-13 01:43:04,True,7214,122,18.0,37,0.5,0.1,0,0.5,10,9.5,10,rrt_20260613_014304_859.png
20260613_014308_009,2026-06-13 01:43:08,True,6396,78,19.5,40,0.5,0.1,0,0.5,10,9.5,10,rrt_20260613_014308_009.png
20260613_014309_442,2026-06-13 01:43:09,True,1018,50,17.999999999999996,37,0.5,0.1,0,0.5,10,9.5,10,rrt_20260613_014309_442.png
20260613_014316_935,2026-06-13 01:43:16,False,10000,111,0.0,0,0.5,0.1,0,0.5,10,9.5,10,rrt_20260613_014316_935.png
20260613_014323_697,2026-06-13 01:43:23,False,10000,126,0.0,0,0.5,0.1,0,0.5,10,9.5,10,rrt_20260613_014323_697.png
20260613_014331_937,2026-06-13 01:43:31,False,10000,136,0.0,0,0.5,0.1,0,0.5,10,9.5,10,rrt_20260613_014331_937.png
20260613_014336_516,2026-06-13 01:43:36,False,10000,45,0.0,0,0.5,0.1,0,0.5,10,9.5,10,rrt_20260613_014336_516.png
20260613_014341_565,2026-06-13 01:43:41,True,7237,121,18.5,38,0.5,0.1,0,0.5,10,9.5,10,rrt_20260613_014341_565.png
20260613_014346_885,2026-06-13 01:43:46,False,10000,56,0.0,0,0.5,0.1,0,0.5,10,9.5,10,rrt_20260613_014346_885.png
20260613_014351_015,2026-06-13 01:43:51,True,5575,120,17.0,35,0.5,0.1,0,0.5,10,9.5,10,rrt_20260613_014351_015.png
20260613_014356_322,2026-06-13 01:43:56,False,10000,54,0.0,0,0.5,0.1,0,0.5,10,9.5,10,rrt_20260613_014356_322.png
20260613_014400_826,2026-06-13 01:44:00,True,6454,121,18.5,38,0.5,0.1,0,0.5,10,9.5,10,rrt_20260613_014400_826.png
20260613_014407_869,2026-06-13 01:44:07,False,10000,87,0.0,0,0.5,0.1,0,0.5,10,9.5,10,rrt_20260613_014407_869.png
20260613_014413_279,2026-06-13 01:44:13,True,8079,109,17.5,36,0.5,0.1,0,0.5,10,9.5,10,rrt_20260613_014413_279.png
20260613_014420_754,2026-06-13 01:44:20,False,10000,155,0.0,0,0.5,0.1,0,0.5,10,9.5,10,rrt_20260613_014420_754.png
20260613_014425_135,2026-06-13 01:44:25,True,6017,127,18.0,37,0.5,0.1,0,0.5,10,9.5,10,rrt_20260613_014425_135.png
20260613_014430_183,2026-06-13 01:44:30,True,7159,124,18.5,38,0.5,0.1,0,0.5,10,9.5,10,rrt_20260613_014430_183.png
20260613_014433_862,2026-06-13 01:44:33,False,10000,44,0.0,0,0.5,0.1,0,0.5,10,9.5,10,rrt_20260613_014433_862.png
20260613_014435_290,2026-06-13 01:44:35,True,1009,61,18.5,38,0.5,0.1,0,0.5,10,9.5,10,rrt_20260613_014435_290.png
20260613_014439_532,2026-06-13 01:44:39,True,7429,102,17.5,36,0.5,0.1,0,0.5,10,9.5,10,rrt_20260613_014439_532.png
20260613_014445_696,2026-06-13 01:44:45,False,10000,90,0.0,0,0.5,0.1,0,0.5,10,9.5,10,rrt_20260613_014445_696.png
20260613_014451_135,2026-06-13 01:44:51,False,10000,54,0.0,0,0.5,0.1,0,0.5,10,9.5,10,rrt_20260613_014451_135.png
20260613_014457_737,2026-06-13 01:44:57,False,10000,97,0.0,0,0.5,0.1,0,0.5,10,9.5,10,rrt_20260613_014457_737.png
20260613_014503_313,2026-06-13 01:45:03,False,10000,66,0.0,0,0.5,0.1,0,0.5,10,9.5,10,rrt_20260613_014503_313.png
20260613_014509_378,2026-06-13 01:45:09,False,10000,93,0.0,0,0.5,0.1,0,0.5,10,9.5,10,rrt_20260613_014509_378.png
20260613_014516_047,2026-06-13 01:45:16,False,10000,85,0.0,0,0.5,0.1,0,0.5,10,9.5,10,rrt_20260613_014516_047.png
20260613_014522_489,2026-06-13 01:45:22,False,10000,87,0.0,0,0.5,0.2,0,0.5,10,9.5,10,rrt_20260613_014522_489.png
20260613_014530_589,2026-06-13 01:45:30,False,10000,139,0.0,0,0.5,0.2,0,0.5,10,9.5,10,rrt_20260613_014530_589.png
20260613_014535_026,2026-06-13 01:45:35,False,10000,51,0.0,0,0.5,0.2,0,0.5,10,9.5,10,rrt_20260613_014535_026.png
20260613_014537_533,2026-06-13 01:45:37,True,2484,132,18.5,38,0.5,0.2,0,0.5,10,9.5,10,rrt_20260613_014537_533.png
20260613_014543_671,2026-06-13 01:45:43,True,7341,161,21.0,43,0.5,0.2,0,0.5,10,9.5,10,rrt_20260613_014543_671.png
20260613_014547_471,2026-06-13 01:45:47,True,4523,117,16.5,34,0.5,0.2,0,0.5,10,9.5,10,rrt_20260613_014547_471.png
20260613_014551_588,2026-06-13 01:45:51,False,10000,48,0.0,0,0.5,0.2,0,0.5,10,9.5,10,rrt_20260613_014551_588.png
20260613_014556_001,2026-06-13 01:45:56,False,10000,46,0.0,0,0.5,0.2,0,0.5,10,9.5,10,rrt_20260613_014556_001.png
20260613_014603_474,2026-06-13 01:46:03,False,10000,118,0.0,0,0.5,0.2,0,0.5,10,9.5,10,rrt_20260613_014603_474.png
20260613_014610_793,2026-06-13 01:46:10,False,10000,143,0.0,0,0.5,0.2,0,0.5,10,9.5,10,rrt_20260613_014610_793.png
20260613_014616_854,2026-06-13 01:46:16,False,10000,90,0.0,0,0.5,0.2,0,0.5,10,9.5,10,rrt_20260613_014616_854.png
20260613_014623_687,2026-06-13 01:46:23,False,10000,104,0.0,0,0.5,0.2,0,0.5,10,9.5,10,rrt_20260613_014623_687.png
20260613_014631_393,2026-06-13 01:46:31,False,10000,97,0.0,0,0.5,0.2,0,0.5,10,9.5,10,rrt_20260613_014631_393.png
20260613_014638_716,2026-06-13 01:46:38,False,10000,115,0.0,0,0.5,0.2,0,0.5,10,9.5,10,rrt_20260613_014638_716.png
20260613_014640_830,2026-06-13 01:46:40,True,2301,121,19.5,40,0.5,0.2,0,0.5,10,9.5,10,rrt_20260613_014640_830.png
20260613_014647_506,2026-06-13 01:46:47,False,10000,93,0.0,0,0.5,0.2,0,0.5,10,9.5,10,rrt_20260613_014647_506.png
20260613_014650_335,2026-06-13 01:46:50,True,3319,113,17.500000000000004,36,0.5,0.2,0,0.5,10,9.5,10,rrt_20260613_014650_335.png
20260613_014656_400,2026-06-13 01:46:56,False,10000,78,0.0,0,0.5,0.2,0,0.5,10,9.5,10,rrt_20260613_014656_400.png
20260613_014704_645,2026-06-13 01:47:04,False,10000,130,0.0,0,0.5,0.2,0,0.5,10,9.5,10,rrt_20260613_014704_645.png
20260613_014706_653,2026-06-13 01:47:06,True,1994,77,20.0,41,0.5,0.2,0,0.5,10,9.5,10,rrt_20260613_014706_653.png
20260613_014714_720,2026-06-13 01:47:14,False,10000,108,0.0,0,0.5,0.2,0,0.5,10,9.5,10,rrt_20260613_014714_720.png
20260613_014722_235,2026-06-13 01:47:22,False,10000,128,0.0,0,0.5,0.2,0,0.5,10,9.5,10,rrt_20260613_014722_235.png
20260613_014726_904,2026-06-13 01:47:26,False,10000,51,0.0,0,0.5,0.2,0,0.5,10,9.5,10,rrt_20260613_014726_904.png
20260613_014734_965,2026-06-13 01:47:34,False,10000,115,0.0,0,0.5,0.2,0,0.5,10,9.5,10,rrt_20260613_014734_965.png
20260613_014741_673,2026-06-13 01:47:41,False,10000,83,0.0,0,0.5,0.2,0,0.5,10,9.5,10,rrt_20260613_014741_673.png
20260613_014743_134,2026-06-13 01:47:43,True,840,65,17.0,35,0.5,0.2,0,0.5,10,9.5,10,rrt_20260613_014743_134.png
20260613_014746_787,2026-06-13 01:47:46,True,4680,138,18.0,37,0.5,0.2,0,0.5,10,9.5,10,rrt_20260613_014746_787.png
20260613_014755_668,2026-06-13 01:47:55,False,10000,120,0.0,0,0.5,0.2,0,0.5,10,9.5,10,rrt_20260613_014755_668.png
20260613_014803_272,2026-06-13 01:48:03,False,10000,111,0.0,0,0.5,0.2,0,0.5,10,9.5,10,rrt_20260613_014803_272.png
20260613_014811_592,2026-06-13 01:48:11,False,10000,107,0.0,0,0.5,0.2,0,0.5,10,9.5,10,rrt_20260613_014811_592.png
20260613_014818_320,2026-06-13 01:48:18,False,10000,86,0.0,0,0.5,0.2,0,0.5,10,9.5,10,rrt_20260613_014818_320.png
20260613_014824_533,2026-06-13 01:48:24,False,10000,88,0.0,0,0.5,0.2,0,0.5,10,9.5,10,rrt_20260613_014824_533.png
20260613_014833_773,2026-06-13 01:48:33,False,10000,127,0.0,0,0.5,0.2,0,0.5,10,9.5,10,rrt_20260613_014833_773.png
20260613_014841_679,2026-06-13 01:48:41,False,10000,128,0.0,0,0.5,0.2,0,0.5,10,9.5,10,rrt_20260613_014841_679.png
20260613_014846_262,2026-06-13 01:48:46,False,10000,55,0.0,0,0.5,0.2,0,0.5,10,9.5,10,rrt_20260613_014846_262.png
20260613_014850_690,2026-06-13 01:48:50,True,5688,116,17.5,36,0.5,0.2,0,0.5,10,9.5,10,rrt_20260613_014850_690.png
20260613_014859_565,2026-06-13 01:48:59,False,10000,132,0.0,0,0.5,0.2,0,0.5,10,9.5,10,rrt_20260613_014859_565.png
20260613_014901_120,2026-06-13 01:49:01,True,539,60,17.0,35,0.5,0.2,0,0.5,10,9.5,10,rrt_20260613_014901_120.png
20260613_014908_463,2026-06-13 01:49:08,False,10000,124,0.0,0,0.5,0.2,0,0.5,10,9.5,10,rrt_20260613_014908_463.png
20260613_014915_443,2026-06-13 01:49:15,False,10000,105,0.0,0,0.5,0.2,0,0.5,10,9.5,10,rrt_20260613_014915_443.png
20260613_014923_474,2026-06-13 01:49:23,False,10000,153,0.0,0,0.5,0.2,0,0.5,10,9.5,10,rrt_20260613_014923_474.png
20260613_014927_874,2026-06-13 01:49:27,True,5635,121,17.5,36,0.5,0.2,0,0.5,10,9.5,10,rrt_20260613_014927_874.png
20260613_014930_330,2026-06-13 01:49:30,True,3613,82,18.0,37,0.5,0.2,0,0.5,10,9.5,10,rrt_20260613_014930_330.png
20260613_014936_620,2026-06-13 01:49:36,False,10000,81,0.0,0,0.5,0.2,0,0.5,10,9.5,10,rrt_20260613_014936_620.png
20260613_014942_547,2026-06-13 01:49:42,False,10000,91,0.0,0,0.5,0.2,0,0.5,10,9.5,10,rrt_20260613_014942_547.png
20260613_014944_196,2026-06-13 01:49:44,True,1488,76,19.0,39,0.5,0.2,0,0.5,10,9.5,10,rrt_20260613_014944_196.png
20260613_014950_577,2026-06-13 01:49:50,False,10000,98,0.0,0,0.5,0.2,0,0.5,10,9.5,10,rrt_20260613_014950_577.png
20260613_014956_309,2026-06-13 01:49:56,False,10000,61,0.0,0,0.5,0.2,0,0.5,10,9.5,10,rrt_20260613_014956_309.png
20260613_015003_674,2026-06-13 01:50:03,False,10000,109,0.0,0,0.5,0.2,0,0.5,10,9.5,10,rrt_20260613_015003_674.png
20260613_015010_520,2026-06-13 01:50:10,False,10000,107,0.0,0,0.5,0.2,0,0.5,10,9.5,10,rrt_20260613_015010_520.png
20260613_015018_337,2026-06-13 01:50:18,False,10000,97,0.0,0,0.5,0.2,0,0.5,10,9.5,10,rrt_20260613_015018_337.png
20260613_015025_384,2026-06-13 01:50:25,False,10000,81,0.0,0,0.5,0.2,0,0.5,10,9.5,10,rrt_20260613_015025_384.png
20260613_015034_970,2026-06-13 01:50:34,False,10000,145,0.0,0,0.5,0.2,0,0.5,10,9.5,10,rrt_20260613_015034_970.png
20260613_015038_265,2026-06-13 01:50:38,True,3724,123,17.0,35,0.5,0.2,0,0.5,10,9.5,10,rrt_20260613_015038_265.png
20260613_015045_698,2026-06-13 01:50:45,False,10000,80,0.0,0,0.5,0.2,0,0.5,10,9.5,10,rrt_20260613_015045_698.png
20260613_015052_063,2026-06-13 01:50:52,False,10000,100,0.0,0,0.5,0.2,0,0.5,10,9.5,10,rrt_20260613_015052_063.png
20260613_015100_707,2026-06-13 01:51:00,False,10000,144,0.0,0,0.5,0.2,0,0.5,10,9.5,10,rrt_20260613_015100_707.png
20260613_015106_094,2026-06-13 01:51:06,False,10000,53,0.0,0,0.5,0.2,0,0.5,10,9.5,10,rrt_20260613_015106_094.png
20260613_015113_056,2026-06-13 01:51:13,False,10000,84,0.0,0,0.5,0.2,0,0.5,10,9.5,10,rrt_20260613_015113_056.png
20260613_015117_531,2026-06-13 01:51:17,False,10000,57,0.0,0,0.5,0.2,0,0.5,10,9.5,10,rrt_20260613_015117_531.png
20260613_015122_542,2026-06-13 01:51:22,False,10000,67,0.0,0,0.5,0.2,0,0.5,10,9.5,10,rrt_20260613_015122_542.png
20260613_015129_797,2026-06-13 01:51:29,False,10000,112,0.0,0,0.5,0.2,0,0.5,10,9.5,10,rrt_20260613_015129_797.png
20260613_015134_237,2026-06-13 01:51:34,False,10000,52,0.0,0,0.5,0.2,0,0.5,10,9.5,10,rrt_20260613_015134_237.png
20260613_015142_579,2026-06-13 01:51:42,False,10000,129,0.0,0,0.5,0.2,0,0.5,10,9.5,10,rrt_20260613_015142_579.png
20260613_015147_422,2026-06-13 01:51:47,False,10000,63,0.0,0,0.5,0.2,0,0.5,10,9.5,10,rrt_20260613_015147_422.png
20260613_015148_967,2026-06-13 01:51:48,True,478,53,16.5,34,0.5,0.2,0,0.5,10,9.5,10,rrt_20260613_015148_967.png
20260613_015150_779,2026-06-13 01:51:50,True,3135,80,18.5,38,0.5,0.2,0,0.5,10,9.5,10,rrt_20260613_015150_779.png
20260613_015158_093,2026-06-13 01:51:58,False,10000,114,0.0,0,0.5,0.2,0,0.5,10,9.5,10,rrt_20260613_015158_093.png
20260613_015203_724,2026-06-13 01:52:03,False,10000,85,0.0,0,0.5,0.2,0,0.5,10,9.5,10,rrt_20260613_015203_724.png
20260613_015211_002,2026-06-13 01:52:11,False,10000,117,0.0,0,0.5,0.2,0,0.5,10,9.5,10,rrt_20260613_015211_002.png
20260613_015215_143,2026-06-13 01:52:15,False,10000,44,0.0,0,0.5,0.2,0,0.5,10,9.5,10,rrt_20260613_015215_143.png
20260613_015217_136,2026-06-13 01:52:17,True,2020,105,17.5,36,0.5,0.2,0,0.5,10,9.5,10,rrt_20260613_015217_136.png
20260613_015219_777,2026-06-13 01:52:19,True,4016,82,20.5,42,0.5,0.2,0,0.5,10,9.5,10,rrt_20260613_015219_777.png
20260613_015227_761,2026-06-13 01:52:27,False,10000,95,0.0,0,0.5,0.2,0,0.5,10,9.5,10,rrt_20260613_015227_761.png
20260613_015230_870,2026-06-13 01:52:30,True,3433,129,17.0,35,0.5,0.2,0,0.5,10,9.5,10,rrt_20260613_015230_870.png
20260613_015239_154,2026-06-13 01:52:39,False,10000,113,0.0,0,0.5,0.2,0,0.5,10,9.5,10,rrt_20260613_015239_154.png
20260613_015244_866,2026-06-13 01:52:44,False,10000,75,0.0,0,0.5,0.2,0,0.5,10,9.5,10,rrt_20260613_015244_866.png
20260613_015251_967,2026-06-13 01:52:51,False,10000,85,0.0,0,0.5,0.2,0,0.5,10,9.5,10,rrt_20260613_015251_967.png
20260613_015256_154,2026-06-13 01:52:56,True,3842,112,17.0,35,0.5,0.2,0,0.5,10,9.5,10,rrt_20260613_015256_154.png
20260613_015301_735,2026-06-13 01:53:01,False,10000,54,0.0,0,0.5,0.2,0,0.5,10,9.5,10,rrt_20260613_015301_735.png
20260613_015309_234,2026-06-13 01:53:09,False,10000,110,0.0,0,0.5,0.2,0,0.5,10,9.5,10,rrt_20260613_015309_234.png
20260613_015312_996,2026-06-13 01:53:12,True,5312,117,18.0,37,0.5,0.2,0,0.5,10,9.5,10,rrt_20260613_015312_996.png
20260613_015315_371,2026-06-13 01:53:15,True,2273,120,16.5,34,0.5,0.2,0,0.5,10,9.5,10,rrt_20260613_015315_371.png
20260613_015318_184,2026-06-13 01:53:18,True,3293,111,18.0,37,0.5,0.2,0,0.5,10,9.5,10,rrt_20260613_015318_184.png
20260613_015325_073,2026-06-13 01:53:25,False,10000,79,0.0,0,0.5,0.2,0,0.5,10,9.5,10,rrt_20260613_015325_073.png
20260613_015331_954,2026-06-13 01:53:31,False,10000,80,0.0,0,0.5,0.2,0,0.5,10,9.5,10,rrt_20260613_015331_954.png
20260613_015333_335,2026-06-13 01:53:33,True,570,52,16.5,34,0.5,0.2,0,0.5,10,9.5,10,rrt_20260613_015333_335.png
20260613_015341_460,2026-06-13 01:53:41,False,10000,114,0.0,0,0.5,0.2,0,0.5,10,9.5,10,rrt_20260613_015341_460.png
20260613_015348_523,2026-06-13 01:53:48,False,10000,107,0.0,0,0.5,0.2,0,0.5,10,9.5,10,rrt_20260613_015348_523.png
20260613_015355_805,2026-06-13 01:53:55,False,10000,114,0.0,0,0.5,0.2,0,0.5,10,9.5,10,rrt_20260613_015355_805.png
20260613_015358_830,2026-06-13 01:53:58,True,4655,83,19.0,39,0.5,0.2,0,0.5,10,9.5,10,rrt_20260613_015358_830.png
20260613_015402_971,2026-06-13 01:54:02,True,5049,124,16.5,34,0.5,0.2,0,0.5,10,9.5,10,rrt_20260613_015402_971.png
20260613_015405_259,2026-06-13 01:54:05,True,2005,108,17.5,36,0.5,0.2,0,0.5,10,9.5,10,rrt_20260613_015405_259.png
20260613_015412_784,2026-06-13 01:54:12,False,10000,95,0.0,0,0.5,0.2,0,0.5,10,9.5,10,rrt_20260613_015412_784.png
20260613_015415_660,2026-06-13 01:54:15,True,3312,115,17.0,35,0.5,0.2,0,0.5,10,9.5,10,rrt_20260613_015415_660.png
20260613_015417_207,2026-06-13 01:54:17,True,1072,79,18.5,38,0.5,0.2,0,0.5,10,9.5,10,rrt_20260613_015417_207.png
20260613_015419_035,2026-06-13 01:54:19,True,1935,118,17.5,36,0.5,0.2,0,0.5,10,9.5,10,rrt_20260613_015419_035.png
20260613_015426_377,2026-06-13 01:54:26,False,10000,108,0.0,0,0.5,0.2,0,0.5,10,9.5,10,rrt_20260613_015426_377.png
20260613_015429_402,2026-06-13 01:54:29,True,3399,109,17.0,35,0.5,0.2,0,0.5,10,9.5,10,rrt_20260613_015429_402.png
20260613_015432_885,2026-06-13 01:54:32,True,4465,115,17.499999999999996,36,0.5,0.2,0,0.5,10,9.5,10,rrt_20260613_015432_885.png
20260613_015440_103,2026-06-13 01:54:40,False,10000,105,0.0,0,0.5,0.3,0,0.5,10,9.5,10,rrt_20260613_015440_103.png
20260613_015446_843,2026-06-13 01:54:46,False,10000,95,0.0,0,0.5,0.3,0,0.5,10,9.5,10,rrt_20260613_015446_843.png
20260613_015454_228,2026-06-13 01:54:54,False,10000,111,0.0,0,0.5,0.3,0,0.5,10,9.5,10,rrt_20260613_015454_228.png
20260613_015459_936,2026-06-13 01:54:59,False,10000,94,0.0,0,0.5,0.3,0,0.5,10,9.5,10,rrt_20260613_015459_936.png
20260613_015502_003,2026-06-13 01:55:02,True,1555,108,18.0,37,0.5,0.3,0,0.5,10,9.5,10,rrt_20260613_015502_003.png
20260613_015504_649,2026-06-13 01:55:04,True,3171,107,17.5,36,0.5,0.3,0,0.5,10,9.5,10,rrt_20260613_015504_649.png
20260613_015507_477,2026-06-13 01:55:07,True,3532,96,18.0,37,0.5,0.3,0,0.5,10,9.5,10,rrt_20260613_015507_477.png
20260613_015512_486,2026-06-13 01:55:12,False,10000,53,0.0,0,0.5,0.3,0,0.5,10,9.5,10,rrt_20260613_015512_486.png
20260613_015520_179,2026-06-13 01:55:20,False,10000,123,0.0,0,0.5,0.3,0,0.5,10,9.5,10,rrt_20260613_015520_179.png
20260613_015528_717,2026-06-13 01:55:28,False,10000,131,0.0,0,0.5,0.3,0,0.5,10,9.5,10,rrt_20260613_015528_717.png
20260613_015536_908,2026-06-13 01:55:36,False,10000,113,0.0,0,0.5,0.3,0,0.5,10,9.5,10,rrt_20260613_015536_908.png
20260613_015539_696,2026-06-13 01:55:39,True,2761,99,17.0,35,0.5,0.3,0,0.5,10,9.5,10,rrt_20260613_015539_696.png
20260613_015547_961,2026-06-13 01:55:47,False,10000,111,0.0,0,0.5,0.3,0,0.5,10,9.5,10,rrt_20260613_015547_961.png
20260613_015556_507,2026-06-13 01:55:56,False,10000,113,0.0,0,0.5,0.3,0,0.5,10,9.5,10,rrt_20260613_015556_507.png
20260613_015600_839,2026-06-13 01:56:00,True,5585,116,18.5,38,0.5,0.3,0,0.5,10,9.5,10,rrt_20260613_015600_839.png
20260613_015606_762,2026-06-13 01:56:06,False,10000,84,0.0,0,0.5,0.3,0,0.5,10,9.5,10,rrt_20260613_015606_762.png
20260613_015614_822,2026-06-13 01:56:14,False,10000,124,0.0,0,0.5,0.3,0,0.5,10,9.5,10,rrt_20260613_015614_822.png
20260613_015621_483,2026-06-13 01:56:21,False,10000,77,0.0,0,0.5,0.3,0,0.5,10,9.5,10,rrt_20260613_015621_483.png
20260613_015629_835,2026-06-13 01:56:29,False,10000,103,0.0,0,0.5,0.3,0,0.5,10,9.5,10,rrt_20260613_015629_835.png
20260613_015637_361,2026-06-13 01:56:37,False,10000,127,0.0,0,0.5,0.3,0,0.5,10,9.5,10,rrt_20260613_015637_361.png
20260613_015639_097,2026-06-13 01:56:39,True,1142,96,18.0,37,0.5,0.3,0,0.5,10,9.5,10,rrt_20260613_015639_097.png
20260613_015646_714,2026-06-13 01:56:46,False,10000,109,0.0,0,0.5,0.3,0,0.5,10,9.5,10,rrt_20260613_015646_714.png
20260613_015648_437,2026-06-13 01:56:48,True,1522,80,20.0,41,0.5,0.3,0,0.5,10,9.5,10,rrt_20260613_015648_437.png
20260613_015649_678,2026-06-13 01:56:49,True,956,91,17.0,35,0.5,0.3,0,0.5,10,9.5,10,rrt_20260613_015649_678.png
20260613_015652_408,2026-06-13 01:56:52,True,3541,122,18.000000000000004,37,0.5,0.3,0,0.5,10,9.5,10,rrt_20260613_015652_408.png
20260613_015700_292,2026-06-13 01:57:00,False,10000,121,0.0,0,0.5,0.3,0,0.5,10,9.5,10,rrt_20260613_015700_292.png
20260613_015707_969,2026-06-13 01:57:07,False,10000,126,0.0,0,0.5,0.3,0,0.5,10,9.5,10,rrt_20260613_015707_969.png
20260613_015718_335,2026-06-13 01:57:18,False,10000,145,0.0,0,0.5,0.3,0,0.5,10,9.5,10,rrt_20260613_015718_335.png
20260613_015726_656,2026-06-13 01:57:26,False,10000,115,0.0,0,0.5,0.3,0,0.5,10,9.5,10,rrt_20260613_015726_656.png
20260613_015733_827,2026-06-13 01:57:33,False,10000,115,0.0,0,0.5,0.3,0,0.5,10,9.5,10,rrt_20260613_015733_827.png
20260613_015739_252,2026-06-13 01:57:39,False,10000,63,0.0,0,0.5,0.3,0,0.5,10,9.5,10,rrt_20260613_015739_252.png
20260613_015747_395,2026-06-13 01:57:47,False,10000,107,0.0,0,0.5,0.3,0,0.5,10,9.5,10,rrt_20260613_015747_395.png
20260613_015748_755,2026-06-13 01:57:48,True,234,46,16.5,34,0.5,0.3,0,0.5,10,9.5,10,rrt_20260613_015748_755.png
20260613_015750_474,2026-06-13 01:57:50,True,2231,102,19.0,39,0.5,0.3,0,0.5,10,9.5,10,rrt_20260613_015750_474.png
20260613_015758_490,2026-06-13 01:57:58,False,10000,105,0.0,0,0.5,0.3,0,0.5,10,9.5,10,rrt_20260613_015758_490.png
20260613_015806_816,2026-06-13 01:58:06,False,10000,109,0.0,0,0.5,0.3,0,0.5,10,9.5,10,rrt_20260613_015806_816.png
20260613_015815_890,2026-06-13 01:58:15,False,10000,124,0.0,0,0.5,0.3,0,0.5,10,9.5,10,rrt_20260613_015815_890.png
20260613_015822_759,2026-06-13 01:58:22,False,10000,106,0.0,0,0.5,0.3,0,0.5,10,9.5,10,rrt_20260613_015822_759.png
20260613_015827_754,2026-06-13 01:58:27,False,10000,49,0.0,0,0.5,0.3,0,0.5,10,9.5,10,rrt_20260613_015827_754.png
20260613_015834_466,2026-06-13 01:58:34,False,10000,98,0.0,0,0.5,0.3,0,0.5,10,9.5,10,rrt_20260613_015834_466.png
20260613_015842_224,2026-06-13 01:58:42,False,10000,120,0.0,0,0.5,0.3,0,0.5,10,9.5,10,rrt_20260613_015842_224.png
20260613_015850_577,2026-06-13 01:58:50,False,10000,137,0.0,0,0.5,0.3,0,0.5,10,9.5,10,rrt_20260613_015850_577.png
20260613_015858_842,2026-06-13 01:58:58,False,10000,123,0.0,0,0.5,0.3,0,0.5,10,9.5,10,rrt_20260613_015858_842.png
20260613_015907_056,2026-06-13 01:59:07,False,10000,105,0.0,0,0.5,0.3,0,0.5,10,9.5,10,rrt_20260613_015907_056.png
20260613_015910_221,2026-06-13 01:59:10,True,3027,148,19.0,39,0.5,0.3,0,0.5,10,9.5,10,rrt_20260613_015910_221.png
20260613_015918_113,2026-06-13 01:59:18,False,10000,105,0.0,0,0.5,0.3,0,0.5,10,9.5,10,rrt_20260613_015918_113.png
20260613_015921_208,2026-06-13 01:59:21,True,3496,111,18.5,38,0.5,0.3,0,0.5,10,9.5,10,rrt_20260613_015921_208.png
20260613_015930_094,2026-06-13 01:59:30,False,10000,119,0.0,0,0.5,0.3,0,0.5,10,9.5,10,rrt_20260613_015930_094.png
20260613_015934_861,2026-06-13 01:59:34,False,10000,54,0.0,0,0.5,0.3,0,0.5,10,9.5,10,rrt_20260613_015934_861.png
20260613_015941_898,2026-06-13 01:59:41,False,10000,108,0.0,0,0.5,0.3,0,0.5,10,9.5,10,rrt_20260613_015941_898.png
20260613_015944_320,2026-06-13 01:59:44,True,2498,99,17.5,36,0.5,0.3,0,0.5,10,9.5,10,rrt_20260613_015944_320.png
20260613_015952_931,2026-06-13 01:59:52,False,10000,119,0.0,0,0.5,0.3,0,0.5,10,9.5,10,rrt_20260613_015952_931.png
20260613_015954_996,2026-06-13 01:59:54,True,1829,123,17.0,35,0.5,0.3,0,0.5,10,9.5,10,rrt_20260613_015954_996.png
20260613_015959_243,2026-06-13 01:59:59,True,5294,127,18.0,37,0.5,0.3,0,0.5,10,9.5,10,rrt_20260613_015959_243.png
20260613_020008_095,2026-06-13 02:00:08,False,10000,136,0.0,0,0.5,0.3,0,0.5,10,9.5,10,rrt_20260613_020008_095.png
20260613_020017_087,2026-06-13 02:00:17,False,10000,119,0.0,0,0.5,0.3,0,0.5,10,9.5,10,rrt_20260613_020017_087.png
20260613_020024_420,2026-06-13 02:00:24,False,10000,113,0.0,0,0.5,0.3,0,0.5,10,9.5,10,rrt_20260613_020024_420.png
20260613_020032_510,2026-06-13 02:00:32,False,10000,118,0.0,0,0.5,0.3,0,0.5,10,9.5,10,rrt_20260613_020032_510.png
20260613_020041_295,2026-06-13 02:00:41,False,10000,153,0.0,0,0.5,0.3,0,0.5,10,9.5,10,rrt_20260613_020041_295.png
20260613_020042_951,2026-06-13 02:00:42,True,1070,109,17.5,36,0.5,0.3,0,0.5,10,9.5,10,rrt_20260613_020042_951.png
20260613_020050_156,2026-06-13 02:00:50,False,10000,95,0.0,0,0.5,0.3,0,0.5,10,9.5,10,rrt_20260613_020050_156.png
20260613_020053_670,2026-06-13 02:00:53,True,3892,105,18.0,37,0.5,0.3,0,0.5,10,9.5,10,rrt_20260613_020053_670.png
20260613_020101_550,2026-06-13 02:01:01,False,10000,100,0.0,0,0.5,0.3,0,0.5,10,9.5,10,rrt_20260613_020101_550.png
20260613_020108_436,2026-06-13 02:01:08,False,10000,100,0.0,0,0.5,0.3,0,0.5,10,9.5,10,rrt_20260613_020108_436.png
20260613_020115_381,2026-06-13 02:01:15,False,10000,83,0.0,0,0.5,0.3,0,0.5,10,9.5,10,rrt_20260613_020115_381.png
20260613_020123_037,2026-06-13 02:01:23,False,10000,115,0.0,0,0.5,0.3,0,0.5,10,9.5,10,rrt_20260613_020123_037.png
20260613_020124_468,2026-06-13 02:01:24,True,626,73,16.0,33,0.5,0.3,0,0.5,10,9.5,10,rrt_20260613_020124_468.png
20260613_020131_872,2026-06-13 02:01:31,False,10000,130,0.0,0,0.5,0.3,0,0.5,10,9.5,10,rrt_20260613_020131_872.png
20260613_020138_926,2026-06-13 02:01:38,False,10000,100,0.0,0,0.5,0.3,0,0.5,10,9.5,10,rrt_20260613_020138_926.png
20260613_020146_546,2026-06-13 02:01:46,False,10000,111,0.0,0,0.5,0.3,0,0.5,10,9.5,10,rrt_20260613_020146_546.png
20260613_020151_425,2026-06-13 02:01:51,False,10000,50,0.0,0,0.5,0.3,0,0.5,10,9.5,10,rrt_20260613_020151_425.png
20260613_020158_710,2026-06-13 02:01:58,False,10000,109,0.0,0,0.5,0.3,0,0.5,10,9.5,10,rrt_20260613_020158_710.png
20260613_020200_469,2026-06-13 02:02:00,True,1186,76,19.999999999999996,41,0.5,0.3,0,0.5,10,9.5,10,rrt_20260613_020200_469.png
20260613_020208_589,2026-06-13 02:02:08,False,10000,118,0.0,0,0.5,0.3,0,0.5,10,9.5,10,rrt_20260613_020208_589.png
20260613_020210_175,2026-06-13 02:02:10,True,1100,95,17.0,35,0.5,0.3,0,0.5,10,9.5,10,rrt_20260613_020210_175.png
20260613_020213_083,2026-06-13 02:02:13,True,4456,100,19.0,39,0.5,0.3,0,0.5,10,9.5,10,rrt_20260613_020213_083.png
20260613_020215_265,2026-06-13 02:02:15,True,1971,128,18.0,37,0.5,0.3,0,0.5,10,9.5,10,rrt_20260613_020215_265.png
20260613_020223_557,2026-06-13 02:02:23,False,10000,110,0.0,0,0.5,0.3,0,0.5,10,9.5,10,rrt_20260613_020223_557.png
20260613_020226_007,2026-06-13 02:02:26,True,2346,128,18.0,37,0.5,0.3,0,0.5,10,9.5,10,rrt_20260613_020226_007.png
20260613_020232_000,2026-06-13 02:02:32,False,10000,79,0.0,0,0.5,0.3,0,0.5,10,9.5,10,rrt_20260613_020232_000.png
20260613_020238_015,2026-06-13 02:02:38,False,10000,64,0.0,0,0.5,0.3,0,0.5,10,9.5,10,rrt_20260613_020238_015.png
20260613_020244_697,2026-06-13 02:02:44,False,10000,95,0.0,0,0.5,0.3,0,0.5,10,9.5,10,rrt_20260613_020244_697.png
20260613_020251_896,2026-06-13 02:02:51,False,10000,106,0.0,0,0.5,0.3,0,0.5,10,9.5,10,rrt_20260613_020251_896.png
20260613_020253_910,2026-06-13 02:02:53,True,1281,123,17.5,36,0.5,0.3,0,0.5,10,9.5,10,rrt_20260613_020253_910.png
20260613_020303_165,2026-06-13 02:03:03,False,10000,134,0.0,0,0.5,0.3,0,0.5,10,9.5,10,rrt_20260613_020303_165.png
20260613_020304_884,2026-06-13 02:03:04,True,852,86,19.0,39,0.5,0.3,0,0.5,10,9.5,10,rrt_20260613_020304_884.png
20260613_020312_923,2026-06-13 02:03:12,False,10000,110,0.0,0,0.5,0.3,0,0.5,10,9.5,10,rrt_20260613_020312_923.png
20260613_020317_235,2026-06-13 02:03:17,False,10000,53,0.0,0,0.5,0.3,0,0.5,10,9.5,10,rrt_20260613_020317_235.png
20260613_020321_257,2026-06-13 02:03:21,False,10000,44,0.0,0,0.5,0.3,0,0.5,10,9.5,10,rrt_20260613_020321_257.png
20260613_020325_902,2026-06-13 02:03:25,False,10000,41,0.0,0,0.5,0.3,0,0.5,10,9.5,10,rrt_20260613_020325_902.png
20260613_020332_854,2026-06-13 02:03:32,False,10000,106,0.0,0,0.5,0.3,0,0.5,10,9.5,10,rrt_20260613_020332_854.png
20260613_020338_925,2026-06-13 02:03:38,False,10000,75,0.0,0,0.5,0.3,0,0.5,10,9.5,10,rrt_20260613_020338_925.png
20260613_020344_438,2026-06-13 02:03:44,False,10000,54,0.0,0,0.5,0.3,0,0.5,10,9.5,10,rrt_20260613_020344_438.png
20260613_020351_993,2026-06-13 02:03:51,False,10000,120,0.0,0,0.5,0.3,0,0.5,10,9.5,10,rrt_20260613_020351_993.png
20260613_020355_172,2026-06-13 02:03:55,True,3262,110,17.5,36,0.5,0.3,0,0.5,10,9.5,10,rrt_20260613_020355_172.png
20260613_020357_571,2026-06-13 02:03:57,True,2455,127,19.0,39,0.5,0.3,0,0.5,10,9.5,10,rrt_20260613_020357_571.png
20260613_020406_037,2026-06-13 02:04:06,False,10000,106,0.0,0,0.5,0.3,0,0.5,10,9.5,10,rrt_20260613_020406_037.png
20260613_020407_988,2026-06-13 02:04:07,True,1524,114,17.0,35,0.5,0.3,0,0.5,10,9.5,10,rrt_20260613_020407_988.png
20260613_020414_985,2026-06-13 02:04:14,False,10000,102,0.0,0,0.5,0.3,0,0.5,10,9.5,10,rrt_20260613_020414_985.png
20260613_020422_721,2026-06-13 02:04:22,False,10000,122,0.0,0,0.5,0.3,0,0.5,10,9.5,10,rrt_20260613_020422_721.png
20260613_020425_121,2026-06-13 02:04:25,True,2155,102,18.0,37,0.5,0.4,0,0.5,10,9.5,10,rrt_20260613_020425_121.png
20260613_020430_990,2026-06-13 02:04:30,False,10000,81,0.0,0,0.5,0.4,0,0.5,10,9.5,10,rrt_20260613_020430_990.png
20260613_020438_498,2026-06-13 02:04:38,False,10000,112,0.0,0,0.5,0.4,0,0.5,10,9.5,10,rrt_20260613_020438_498.png
20260613_020445_539,2026-06-13 02:04:45,False,10000,104,0.0,0,0.5,0.4,0,0.5,10,9.5,10,rrt_20260613_020445_539.png
20260613_020448_971,2026-06-13 02:04:48,True,3350,122,21.5,44,0.5,0.4,0,0.5,10,9.5,10,rrt_20260613_020448_971.png
20260613_020455_688,2026-06-13 02:04:55,False,10000,95,0.0,0,0.5,0.4,0,0.5,10,9.5,10,rrt_20260613_020455_688.png
20260613_020504_675,2026-06-13 02:05:04,False,10000,118,0.0,0,0.5,0.4,0,0.5,10,9.5,10,rrt_20260613_020504_675.png
20260613_020512_513,2026-06-13 02:05:12,False,10000,106,0.0,0,0.5,0.4,0,0.5,10,9.5,10,rrt_20260613_020512_513.png
20260613_020519_334,2026-06-13 02:05:19,False,10000,95,0.0,0,0.5,0.4,0,0.5,10,9.5,10,rrt_20260613_020519_334.png
20260613_020526_794,2026-06-13 02:05:26,False,10000,90,0.0,0,0.5,0.4,0,0.5,10,9.5,10,rrt_20260613_020526_794.png
20260613_020529_228,2026-06-13 02:05:29,True,2472,116,17.5,36,0.5,0.4,0,0.5,10,9.5,10,rrt_20260613_020529_228.png
20260613_020533_645,2026-06-13 02:05:33,False,10000,48,0.0,0,0.5,0.4,0,0.5,10,9.5,10,rrt_20260613_020533_645.png
20260613_020535_855,2026-06-13 02:05:35,True,1672,118,17.0,35,0.5,0.4,0,0.5,10,9.5,10,rrt_20260613_020535_855.png
20260613_020538_215,2026-06-13 02:05:38,True,2397,99,18.5,38,0.5,0.4,0,0.5,10,9.5,10,rrt_20260613_020538_215.png
20260613_020545_076,2026-06-13 02:05:45,False,10000,100,0.0,0,0.5,0.4,0,0.5,10,9.5,10,rrt_20260613_020545_076.png
20260613_020552_058,2026-06-13 02:05:52,False,10000,94,0.0,0,0.5,0.4,0,0.5,10,9.5,10,rrt_20260613_020552_058.png
20260613_020600_945,2026-06-13 02:06:00,False,10000,122,0.0,0,0.5,0.4,0,0.5,10,9.5,10,rrt_20260613_020600_945.png
20260613_020608_717,2026-06-13 02:06:08,False,10000,104,0.0,0,0.5,0.4,0,0.5,10,9.5,10,rrt_20260613_020608_717.png
20260613_020615_903,2026-06-13 02:06:15,False,10000,115,0.0,0,0.5,0.4,0,0.5,10,9.5,10,rrt_20260613_020615_903.png
20260613_020623_523,2026-06-13 02:06:23,False,10000,117,0.0,0,0.5,0.4,0,0.5,10,9.5,10,rrt_20260613_020623_523.png
20260613_020630_347,2026-06-13 02:06:30,False,10000,75,0.0,0,0.5,0.4,0,0.5,10,9.5,10,rrt_20260613_020630_347.png
20260613_020635_798,2026-06-13 02:06:35,False,10000,52,0.0,0,0.5,0.4,0,0.5,10,9.5,10,rrt_20260613_020635_798.png
20260613_020643_482,2026-06-13 02:06:43,False,10000,92,0.0,0,0.5,0.4,0,0.5,10,9.5,10,rrt_20260613_020643_482.png
20260613_020651_007,2026-06-13 02:06:51,False,10000,111,0.0,0,0.5,0.4,0,0.5,10,9.5,10,rrt_20260613_020651_007.png
20260613_020658_488,2026-06-13 02:06:58,False,10000,101,0.0,0,0.5,0.4,0,0.5,10,9.5,10,rrt_20260613_020658_488.png
20260613_020707_651,2026-06-13 02:07:07,False,10000,121,0.0,0,0.5,0.4,0,0.5,10,9.5,10,rrt_20260613_020707_651.png
20260613_020712_911,2026-06-13 02:07:12,False,10000,51,0.0,0,0.5,0.4,0,0.5,10,9.5,10,rrt_20260613_020712_911.png
20260613_020714_582,2026-06-13 02:07:14,True,1134,107,18.0,37,0.5,0.4,0,0.5,10,9.5,10,rrt_20260613_020714_582.png
20260613_020721_759,2026-06-13 02:07:21,False,10000,110,0.0,0,0.5,0.4,0,0.5,10,9.5,10,rrt_20260613_020721_759.png
20260613_020723_276,2026-06-13 02:07:23,True,368,55,17.5,36,0.5,0.4,0,0.5,10,9.5,10,rrt_20260613_020723_276.png
20260613_020731_166,2026-06-13 02:07:31,False,10000,129,0.0,0,0.5,0.4,0,0.5,10,9.5,10,rrt_20260613_020731_166.png
20260613_020738_543,2026-06-13 02:07:38,False,10000,111,0.0,0,0.5,0.4,0,0.5,10,9.5,10,rrt_20260613_020738_543.png
20260613_020745_544,2026-06-13 02:07:45,False,10000,96,0.0,0,0.5,0.4,0,0.5,10,9.5,10,rrt_20260613_020745_544.png
20260613_020753_171,2026-06-13 02:07:53,False,10000,93,0.0,0,0.5,0.4,0,0.5,10,9.5,10,rrt_20260613_020753_171.png
20260613_020758_152,2026-06-13 02:07:58,False,10000,48,0.0,0,0.5,0.4,0,0.5,10,9.5,10,rrt_20260613_020758_152.png
20260613_020805_276,2026-06-13 02:08:05,False,10000,107,0.0,0,0.5,0.4,0,0.5,10,9.5,10,rrt_20260613_020805_276.png
20260613_020808_042,2026-06-13 02:08:08,True,2790,101,19.5,40,0.5,0.4,0,0.5,10,9.5,10,rrt_20260613_020808_042.png
20260613_020810_601,2026-06-13 02:08:10,True,2452,124,18.0,37,0.5,0.4,0,0.5,10,9.5,10,rrt_20260613_020810_601.png
20260613_020818_110,2026-06-13 02:08:18,False,10000,111,0.0,0,0.5,0.4,0,0.5,10,9.5,10,rrt_20260613_020818_110.png
20260613_020825_330,2026-06-13 02:08:25,False,10000,96,0.0,0,0.5,0.4,0,0.5,10,9.5,10,rrt_20260613_020825_330.png
20260613_020828_276,2026-06-13 02:08:28,True,2432,123,17.0,35,0.5,0.4,0,0.5,10,9.5,10,rrt_20260613_020828_276.png
20260613_020829_580,2026-06-13 02:08:29,True,448,65,17.5,36,0.5,0.4,0,0.5,10,9.5,10,rrt_20260613_020829_580.png
20260613_020832_009,2026-06-13 02:08:32,True,2536,126,19.0,39,0.5,0.4,0,0.5,10,9.5,10,rrt_20260613_020832_009.png
20260613_020839_126,2026-06-13 02:08:39,False,10000,101,0.0,0,0.5,0.4,0,0.5,10,9.5,10,rrt_20260613_020839_126.png
20260613_020845_267,2026-06-13 02:08:45,False,10000,79,0.0,0,0.5,0.4,0,0.5,10,9.5,10,rrt_20260613_020845_267.png
20260613_020851_991,2026-06-13 02:08:51,False,10000,90,0.0,0,0.5,0.4,0,0.5,10,9.5,10,rrt_20260613_020851_991.png
20260613_020857_900,2026-06-13 02:08:57,False,10000,66,0.0,0,0.5,0.4,0,0.5,10,9.5,10,rrt_20260613_020857_900.png
20260613_020906_896,2026-06-13 02:09:06,False,10000,125,0.0,0,0.5,0.4,0,0.5,10,9.5,10,rrt_20260613_020906_896.png
20260613_020908_429,2026-06-13 02:09:08,True,415,78,17.0,35,0.5,0.4,0,0.5,10,9.5,10,rrt_20260613_020908_429.png
20260613_020914_322,2026-06-13 02:09:14,False,10000,83,0.0,0,0.5,0.4,0,0.5,10,9.5,10,rrt_20260613_020914_322.png
20260613_020915_883,2026-06-13 02:09:15,True,699,65,17.0,35,0.5,0.4,0,0.5,10,9.5,10,rrt_20260613_020915_883.png
20260613_020923_433,2026-06-13 02:09:23,False,10000,115,0.0,0,0.5,0.4,0,0.5,10,9.5,10,rrt_20260613_020923_433.png
20260613_020929_629,2026-06-13 02:09:29,False,10000,85,0.0,0,0.5,0.4,0,0.5,10,9.5,10,rrt_20260613_020929_629.png
20260613_020937_041,2026-06-13 02:09:37,False,10000,114,0.0,0,0.5,0.4,0,0.5,10,9.5,10,rrt_20260613_020937_041.png
20260613_020945_668,2026-06-13 02:09:45,False,10000,146,0.0,0,0.5,0.4,0,0.5,10,9.5,10,rrt_20260613_020945_668.png
20260613_020952_854,2026-06-13 02:09:52,False,10000,101,0.0,0,0.5,0.4,0,0.5,10,9.5,10,rrt_20260613_020952_854.png
20260613_021001_398,2026-06-13 02:10:01,False,10000,134,0.0,0,0.5,0.4,0,0.5,10,9.5,10,rrt_20260613_021001_398.png
20260613_021003_728,2026-06-13 02:10:03,True,1601,138,18.0,37,0.5,0.4,0,0.5,10,9.5,10,rrt_20260613_021003_728.png
20260613_021006_717,2026-06-13 02:10:06,True,2815,147,18.499999999999996,38,0.5,0.4,0,0.5,10,9.5,10,rrt_20260613_021006_717.png
20260613_021009_107,2026-06-13 02:10:09,True,2500,105,21.5,44,0.5,0.4,0,0.5,10,9.5,10,rrt_20260613_021009_107.png
20260613_021017_466,2026-06-13 02:10:17,False,10000,117,0.0,0,0.5,0.4,0,0.5,10,9.5,10,rrt_20260613_021017_466.png
20260613_021020_024,2026-06-13 02:10:20,True,2597,109,21.5,44,0.5,0.4,0,0.5,10,9.5,10,rrt_20260613_021020_024.png
20260613_021022_831,2026-06-13 02:10:22,True,3395,106,18.0,37,0.5,0.4,0,0.5,10,9.5,10,rrt_20260613_021022_831.png
20260613_021029_662,2026-06-13 02:10:29,False,10000,78,0.0,0,0.5,0.4,0,0.5,10,9.5,10,rrt_20260613_021029_662.png
20260613_021031_540,2026-06-13 02:10:31,True,1998,84,20.0,41,0.5,0.4,0,0.5,10,9.5,10,rrt_20260613_021031_540.png
20260613_021034_397,2026-06-13 02:10:34,True,3259,148,21.5,44,0.5,0.4,0,0.5,10,9.5,10,rrt_20260613_021034_397.png
20260613_021043_294,2026-06-13 02:10:43,False,10000,127,0.0,0,0.5,0.4,0,0.5,10,9.5,10,rrt_20260613_021043_294.png
20260613_021045_168,2026-06-13 02:10:45,True,1209,116,17.499999999999996,36,0.5,0.4,0,0.5,10,9.5,10,rrt_20260613_021045_168.png
20260613_021052_772,2026-06-13 02:10:52,False,10000,98,0.0,0,0.5,0.4,0,0.5,10,9.5,10,rrt_20260613_021052_772.png
20260613_021102_328,2026-06-13 02:11:02,False,10000,123,0.0,0,0.5,0.4,0,0.5,10,9.5,10,rrt_20260613_021102_328.png
20260613_021104_537,2026-06-13 02:11:04,True,1682,110,17.499999999999996,36,0.5,0.4,0,0.5,10,9.5,10,rrt_20260613_021104_537.png
20260613_021111_742,2026-06-13 02:11:11,False,10000,106,0.0,0,0.5,0.4,0,0.5,10,9.5,10,rrt_20260613_021111_742.png
20260613_021119_844,2026-06-13 02:11:19,False,10000,119,0.0,0,0.5,0.4,0,0.5,10,9.5,10,rrt_20260613_021119_844.png
20260613_021124_617,2026-06-13 02:11:24,False,10000,52,0.0,0,0.5,0.4,0,0.5,10,9.5,10,rrt_20260613_021124_617.png
20260613_021132_629,2026-06-13 02:11:32,False,10000,128,0.0,0,0.5,0.4,0,0.5,10,9.5,10,rrt_20260613_021132_629.png
20260613_021134_018,2026-06-13 02:11:34,True,304,55,17.0,35,0.5,0.4,0,0.5,10,9.5,10,rrt_20260613_021134_018.png
20260613_021140_408,2026-06-13 02:11:40,False,10000,98,0.0,0,0.5,0.4,0,0.5,10,9.5,10,rrt_20260613_021140_408.png
20260613_021145_230,2026-06-13 02:11:45,False,10000,40,0.0,0,0.5,0.4,0,0.5,10,9.5,10,rrt_20260613_021145_230.png
20260613_021152_137,2026-06-13 02:11:52,False,10000,108,0.0,0,0.5,0.4,0,0.5,10,9.5,10,rrt_20260613_021152_137.png
20260613_021154_985,2026-06-13 02:11:54,True,2382,124,18.5,38,0.5,0.4,0,0.5,10,9.5,10,rrt_20260613_021154_985.png
20260613_021202_676,2026-06-13 02:12:02,False,10000,110,0.0,0,0.5,0.4,0,0.5,10,9.5,10,rrt_20260613_021202_676.png
20260613_021208_348,2026-06-13 02:12:08,False,10000,66,0.0,0,0.5,0.4,0,0.5,10,9.5,10,rrt_20260613_021208_348.png
20260613_021213_136,2026-06-13 02:12:13,False,10000,42,0.0,0,0.5,0.4,0,0.5,10,9.5,10,rrt_20260613_021213_136.png
20260613_021221_153,2026-06-13 02:12:21,False,10000,120,0.0,0,0.5,0.4,0,0.5,10,9.5,10,rrt_20260613_021221_153.png
20260613_021231_044,2026-06-13 02:12:31,False,10000,144,0.0,0,0.5,0.4,0,0.5,10,9.5,10,rrt_20260613_021231_044.png
20260613_021238_348,2026-06-13 02:12:38,False,10000,120,0.0,0,0.5,0.4,0,0.5,10,9.5,10,rrt_20260613_021238_348.png
20260613_021245_653,2026-06-13 02:12:45,False,10000,108,0.0,0,0.5,0.4,0,0.5,10,9.5,10,rrt_20260613_021245_653.png
20260613_021247_968,2026-06-13 02:12:47,True,1667,110,18.0,37,0.5,0.4,0,0.5,10,9.5,10,rrt_20260613_021247_968.png
20260613_021255_635,2026-06-13 02:12:55,False,10000,105,0.0,0,0.5,0.4,0,0.5,10,9.5,10,rrt_20260613_021255_635.png
20260613_021257_637,2026-06-13 02:12:57,True,1492,89,18.0,37,0.5,0.4,0,0.5,10,9.5,10,rrt_20260613_021257_637.png
20260613_021305_217,2026-06-13 02:13:05,False,10000,113,0.0,0,0.5,0.4,0,0.5,10,9.5,10,rrt_20260613_021305_217.png
20260613_021307_248,2026-06-13 02:13:07,True,1258,113,18.5,38,0.5,0.4,0,0.5,10,9.5,10,rrt_20260613_021307_248.png
20260613_021309_790,2026-06-13 02:13:09,True,2433,129,17.5,36,0.5,0.4,0,0.5,10,9.5,10,rrt_20260613_021309_790.png
20260613_021318_653,2026-06-13 02:13:18,False,10000,120,0.0,0,0.5,0.4,0,0.5,10,9.5,10,rrt_20260613_021318_653.png
20260613_021319_961,2026-06-13 02:13:19,True,280,59,18.0,37,0.5,0.4,0,0.5,10,9.5,10,rrt_20260613_021319_961.png
20260613_021326_243,2026-06-13 02:13:26,False,10000,93,0.0,0,0.5,0.4,0,0.5,10,9.5,10,rrt_20260613_021326_243.png
20260613_021328_359,2026-06-13 02:13:28,True,1790,127,19.0,39,0.5,0.4,0,0.5,10,9.5,10,rrt_20260613_021328_359.png
20260613_021329_854,2026-06-13 02:13:29,True,1159,105,16.5,34,0.5,0.4,0,0.5,10,9.5,10,rrt_20260613_021329_854.png
20260613_021331_367,2026-06-13 02:13:31,True,1414,126,18.5,38,0.5,0.4,0,0.5,10,9.5,10,rrt_20260613_021331_367.png
20260613_021338_434,2026-06-13 02:13:38,False,10000,113,0.0,0,0.5,0.4,0,0.5,10,9.5,10,rrt_20260613_021338_434.png
20260613_021346_110,2026-06-13 02:13:46,False,10000,111,0.0,0,0.5,0.5,0,0.5,10,9.5,10,rrt_20260613_021346_110.png
20260613_021353_517,2026-06-13 02:13:53,False,10000,113,0.0,0,0.5,0.5,0,0.5,10,9.5,10,rrt_20260613_021353_517.png
20260613_021403_083,2026-06-13 02:14:03,False,10000,161,0.0,0,0.5,0.5,0,0.5,10,9.5,10,rrt_20260613_021403_083.png
20260613_021410_957,2026-06-13 02:14:10,False,10000,123,0.0,0,0.5,0.5,0,0.5,10,9.5,10,rrt_20260613_021410_957.png
20260613_021419_356,2026-06-13 02:14:19,False,10000,109,0.0,0,0.5,0.5,0,0.5,10,9.5,10,rrt_20260613_021419_356.png
20260613_021421_729,2026-06-13 02:14:21,True,2662,102,20.5,42,0.5,0.5,0,0.5,10,9.5,10,rrt_20260613_021421_729.png
20260613_021423_885,2026-06-13 02:14:23,True,1892,134,18.0,37,0.5,0.5,0,0.5,10,9.5,10,rrt_20260613_021423_885.png
20260613_021425_975,2026-06-13 02:14:25,True,1789,127,17.0,35,0.5,0.5,0,0.5,10,9.5,10,rrt_20260613_021425_975.png
20260613_021427_284,2026-06-13 02:14:27,True,732,84,17.5,36,0.5,0.5,0,0.5,10,9.5,10,rrt_20260613_021427_284.png
20260613_021434_173,2026-06-13 02:14:34,False,10000,110,0.0,0,0.5,0.5,0,0.5,10,9.5,10,rrt_20260613_021434_173.png
20260613_021436_188,2026-06-13 02:14:36,True,1338,111,18.5,38,0.5,0.5,0,0.5,10,9.5,10,rrt_20260613_021436_188.png
20260613_021443_490,2026-06-13 02:14:43,False,10000,110,0.0,0,0.5,0.5,0,0.5,10,9.5,10,rrt_20260613_021443_490.png
20260613_021450_207,2026-06-13 02:14:50,False,10000,95,0.0,0,0.5,0.5,0,0.5,10,9.5,10,rrt_20260613_021450_207.png
20260613_021455_179,2026-06-13 02:14:55,False,10000,56,0.0,0,0.5,0.5,0,0.5,10,9.5,10,rrt_20260613_021455_179.png
20260613_021457_188,2026-06-13 02:14:57,True,1535,107,19.0,39,0.5,0.5,0,0.5,10,9.5,10,rrt_20260613_021457_188.png
20260613_021459_291,2026-06-13 02:14:59,True,2312,105,20.0,41,0.5,0.5,0,0.5,10,9.5,10,rrt_20260613_021459_291.png
20260613_021507_242,2026-06-13 02:15:07,False,10000,134,0.0,0,0.5,0.5,0,0.5,10,9.5,10,rrt_20260613_021507_242.png
20260613_021508_974,2026-06-13 02:15:08,True,952,99,17.0,35,0.5,0.5,0,0.5,10,9.5,10,rrt_20260613_021508_974.png
20260613_021515_368,2026-06-13 02:15:15,False,10000,88,0.0,0,0.5,0.5,0,0.5,10,9.5,10,rrt_20260613_021515_368.png
20260613_021522_295,2026-06-13 02:15:22,False,10000,95,0.0,0,0.5,0.5,0,0.5,10,9.5,10,rrt_20260613_021522_295.png
20260613_021523_848,2026-06-13 02:15:23,True,222,57,16.5,34,0.5,0.5,0,0.5,10,9.5,10,rrt_20260613_021523_848.png
20260613_021532_761,2026-06-13 02:15:32,False,10000,134,0.0,0,0.5,0.5,0,0.5,10,9.5,10,rrt_20260613_021532_761.png
20260613_021540_457,2026-06-13 02:15:40,False,10000,104,0.0,0,0.5,0.5,0,0.5,10,9.5,10,rrt_20260613_021540_457.png
20260613_021542_300,2026-06-13 02:15:42,True,1995,93,18.0,37,0.5,0.5,0,0.5,10,9.5,10,rrt_20260613_021542_300.png
20260613_021543_737,2026-06-13 02:15:43,True,999,116,19.0,39,0.5,0.5,0,0.5,10,9.5,10,rrt_20260613_021543_737.png
20260613_021551_515,2026-06-13 02:15:51,False,10000,105,0.0,0,0.5,0.5,0,0.5,10,9.5,10,rrt_20260613_021551_515.png
20260613_021554_679,2026-06-13 02:15:54,True,3276,132,22.5,46,0.5,0.5,0,0.5,10,9.5,10,rrt_20260613_021554_679.png
20260613_021601_754,2026-06-13 02:16:01,False,10000,100,0.0,0,0.5,0.5,0,0.5,10,9.5,10,rrt_20260613_021601_754.png
20260613_021603_991,2026-06-13 02:16:03,True,1409,116,18.0,37,0.5,0.5,0,0.5,10,9.5,10,rrt_20260613_021603_991.png
20260613_021612_732,2026-06-13 02:16:12,False,10000,124,0.0,0,0.5,0.5,0,0.5,10,9.5,10,rrt_20260613_021612_732.png
20260613_021617_884,2026-06-13 02:16:17,False,10000,46,0.0,0,0.5,0.5,0,0.5,10,9.5,10,rrt_20260613_021617_884.png
20260613_021624_408,2026-06-13 02:16:24,False,10000,92,0.0,0,0.5,0.5,0,0.5,10,9.5,10,rrt_20260613_021624_408.png
20260613_021632_287,2026-06-13 02:16:32,False,10000,118,0.0,0,0.5,0.5,0,0.5,10,9.5,10,rrt_20260613_021632_287.png
20260613_021634_452,2026-06-13 02:16:34,True,2307,108,21.0,43,0.5,0.5,0,0.5,10,9.5,10,rrt_20260613_021634_452.png
20260613_021642_145,2026-06-13 02:16:42,False,10000,127,0.0,0,0.5,0.5,0,0.5,10,9.5,10,rrt_20260613_021642_145.png
20260613_021643_784,2026-06-13 02:16:43,True,802,106,17.5,36,0.5,0.5,0,0.5,10,9.5,10,rrt_20260613_021643_784.png
20260613_021650_993,2026-06-13 02:16:50,False,10000,103,0.0,0,0.5,0.5,0,0.5,10,9.5,10,rrt_20260613_021650_993.png
20260613_021657_973,2026-06-13 02:16:57,False,10000,91,0.0,0,0.5,0.5,0,0.5,10,9.5,10,rrt_20260613_021657_973.png
20260613_021705_532,2026-06-13 02:17:05,False,10000,114,0.0,0,0.5,0.5,0,0.5,10,9.5,10,rrt_20260613_021705_532.png
20260613_021707_857,2026-06-13 02:17:07,True,1794,144,18.0,37,0.5,0.5,0,0.5,10,9.5,10,rrt_20260613_021707_857.png
20260613_021715_709,2026-06-13 02:17:15,False,10000,105,0.0,0,0.5,0.5,0,0.5,10,9.5,10,rrt_20260613_021715_709.png
20260613_021717_377,2026-06-13 02:17:17,True,1035,107,17.5,36,0.5,0.5,0,0.5,10,9.5,10,rrt_20260613_021717_377.png
20260613_021723_516,2026-06-13 02:17:23,False,10000,85,0.0,0,0.5,0.5,0,0.5,10,9.5,10,rrt_20260613_021723_516.png
20260613_021732_460,2026-06-13 02:17:32,False,10000,162,0.0,0,0.5,0.5,0,0.5,10,9.5,10,rrt_20260613_021732_460.png
20260613_021740_544,2026-06-13 02:17:40,False,10000,111,0.0,0,0.5,0.5,0,0.5,10,9.5,10,rrt_20260613_021740_544.png
20260613_021747_101,2026-06-13 02:17:47,False,10000,91,0.0,0,0.5,0.5,0,0.5,10,9.5,10,rrt_20260613_021747_101.png
20260613_021753_022,2026-06-13 02:17:53,False,10000,65,0.0,0,0.5,0.5,0,0.5,10,9.5,10,rrt_20260613_021753_022.png
20260613_021800_950,2026-06-13 02:18:00,False,10000,119,0.0,0,0.5,0.5,0,0.5,10,9.5,10,rrt_20260613_021800_950.png
20260613_021807_720,2026-06-13 02:18:07,False,10000,83,0.0,0,0.5,0.5,0,0.5,10,9.5,10,rrt_20260613_021807_720.png
20260613_021816_075,2026-06-13 02:18:16,False,10000,111,0.0,0,0.5,0.5,0,0.5,10,9.5,10,rrt_20260613_021816_075.png
20260613_021818_320,2026-06-13 02:18:18,True,1706,116,18.5,38,0.5,0.5,0,0.5,10,9.5,10,rrt_20260613_021818_320.png
20260613_021826_471,2026-06-13 02:18:26,False,10000,123,0.0,0,0.5,0.5,0,0.5,10,9.5,10,rrt_20260613_021826_471.png
20260613_021834_145,2026-06-13 02:18:34,False,10000,98,0.0,0,0.5,0.5,0,0.5,10,9.5,10,rrt_20260613_021834_145.png
20260613_021836_394,2026-06-13 02:18:36,True,1994,127,18.5,38,0.5,0.5,0,0.5,10,9.5,10,rrt_20260613_021836_394.png
20260613_021838_055,2026-06-13 02:18:38,True,1134,94,17.999999999999996,37,0.5,0.5,0,0.5,10,9.5,10,rrt_20260613_021838_055.png
20260613_021844_357,2026-06-13 02:18:44,False,10000,92,0.0,0,0.5,0.5,0,0.5,10,9.5,10,rrt_20260613_021844_357.png
20260613_021852_984,2026-06-13 02:18:52,False,10000,133,0.0,0,0.5,0.5,0,0.5,10,9.5,10,rrt_20260613_021852_984.png
20260613_021855_721,2026-06-13 02:18:55,True,3022,90,21.5,44,0.5,0.5,0,0.5,10,9.5,10,rrt_20260613_021855_721.png
20260613_021857_642,2026-06-13 02:18:57,True,1489,122,17.0,35,0.5,0.5,0,0.5,10,9.5,10,rrt_20260613_021857_642.png
20260613_021905_225,2026-06-13 02:19:05,False,10000,109,0.0,0,0.5,0.5,0,0.5,10,9.5,10,rrt_20260613_021905_225.png
20260613_021912_370,2026-06-13 02:19:12,False,10000,101,0.0,0,0.5,0.5,0,0.5,10,9.5,10,rrt_20260613_021912_370.png
20260613_021918_657,2026-06-13 02:19:18,False,10000,79,0.0,0,0.5,0.5,0,0.5,10,9.5,10,rrt_20260613_021918_657.png
20260613_021920_863,2026-06-13 02:19:20,True,1749,123,21.0,43,0.5,0.5,0,0.5,10,9.5,10,rrt_20260613_021920_863.png
20260613_021928_512,2026-06-13 02:19:28,False,10000,118,0.0,0,0.5,0.5,0,0.5,10,9.5,10,rrt_20260613_021928_512.png
20260613_021935_323,2026-06-13 02:19:35,False,10000,94,0.0,0,0.5,0.5,0,0.5,10,9.5,10,rrt_20260613_021935_323.png
20260613_021942_757,2026-06-13 02:19:42,False,10000,95,0.0,0,0.5,0.5,0,0.5,10,9.5,10,rrt_20260613_021942_757.png
20260613_021945_069,2026-06-13 02:19:45,True,1574,114,18.0,37,0.5,0.5,0,0.5,10,9.5,10,rrt_20260613_021945_069.png
20260613_021947_099,2026-06-13 02:19:47,True,1683,128,18.0,37,0.5,0.5,0,0.5,10,9.5,10,rrt_20260613_021947_099.png
20260613_021949_747,2026-06-13 02:19:49,True,2320,150,19.0,39,0.5,0.5,0,0.5,10,9.5,10,rrt_20260613_021949_747.png
20260613_021957_660,2026-06-13 02:19:57,False,10000,122,0.0,0,0.5,0.5,0,0.5,10,9.5,10,rrt_20260613_021957_660.png
20260613_022004_932,2026-06-13 02:20:04,False,10000,107,0.0,0,0.5,0.5,0,0.5,10,9.5,10,rrt_20260613_022004_932.png
20260613_022012_167,2026-06-13 02:20:12,False,10000,103,0.0,0,0.5,0.5,0,0.5,10,9.5,10,rrt_20260613_022012_167.png
20260613_022016_402,2026-06-13 02:20:16,False,10000,46,0.0,0,0.5,0.5,0,0.5,10,9.5,10,rrt_20260613_022016_402.png
20260613_022024_889,2026-06-13 02:20:24,False,10000,136,0.0,0,0.5,0.5,0,0.5,10,9.5,10,rrt_20260613_022024_889.png
20260613_022030_169,2026-06-13 02:20:30,False,10000,51,0.0,0,0.5,0.5,0,0.5,10,9.5,10,rrt_20260613_022030_169.png
20260613_022037_961,2026-06-13 02:20:37,False,10000,126,0.0,0,0.5,0.5,0,0.5,10,9.5,10,rrt_20260613_022037_961.png
20260613_022045_336,2026-06-13 02:20:45,False,10000,112,0.0,0,0.5,0.5,0,0.5,10,9.5,10,rrt_20260613_022045_336.png
20260613_022047_026,2026-06-13 02:20:47,True,626,84,20.0,41,0.5,0.5,0,0.5,10,9.5,10,rrt_20260613_022047_026.png
20260613_022048_894,2026-06-13 02:20:48,True,2007,104,18.0,37,0.5,0.5,0,0.5,10,9.5,10,rrt_20260613_022048_894.png
20260613_022051_472,2026-06-13 02:20:51,True,3059,92,18.5,38,0.5,0.5,0,0.5,10,9.5,10,rrt_20260613_022051_472.png
20260613_022056_507,2026-06-13 02:20:56,False,10000,45,0.0,0,0.5,0.5,0,0.5,10,9.5,10,rrt_20260613_022056_507.png
20260613_022106_752,2026-06-13 02:21:06,False,10000,151,0.0,0,0.5,0.5,0,0.5,10,9.5,10,rrt_20260613_022106_752.png
20260613_022109_600,2026-06-13 02:21:09,True,2777,116,20.5,42,0.5,0.5,0,0.5,10,9.5,10,rrt_20260613_022109_600.png
20260613_022111_814,2026-06-13 02:21:11,True,1910,136,17.5,36,0.5,0.5,0,0.5,10,9.5,10,rrt_20260613_022111_814.png
20260613_022116_498,2026-06-13 02:21:16,False,10000,53,0.0,0,0.5,0.5,0,0.5,10,9.5,10,rrt_20260613_022116_498.png
20260613_022123_143,2026-06-13 02:21:23,False,10000,91,0.0,0,0.5,0.5,0,0.5,10,9.5,10,rrt_20260613_022123_143.png
20260613_022132_267,2026-06-13 02:21:32,False,10000,128,0.0,0,0.5,0.5,0,0.5,10,9.5,10,rrt_20260613_022132_267.png
20260613_022133_928,2026-06-13 02:21:33,True,914,77,17.0,35,0.5,0.5,0,0.5,10,9.5,10,rrt_20260613_022133_928.png
20260613_022140_466,2026-06-13 02:21:40,False,10000,93,0.0,0,0.5,0.5,0,0.5,10,9.5,10,rrt_20260613_022140_466.png
20260613_022146_229,2026-06-13 02:21:46,False,10000,71,0.0,0,0.5,0.5,0,0.5,10,9.5,10,rrt_20260613_022146_229.png
20260613_022154_378,2026-06-13 02:21:54,False,10000,119,0.0,0,0.5,0.5,0,0.5,10,9.5,10,rrt_20260613_022154_378.png
20260613_022202_293,2026-06-13 02:22:02,False,10000,104,0.0,0,0.5,0.5,0,0.5,10,9.5,10,rrt_20260613_022202_293.png
20260613_022204_381,2026-06-13 02:22:04,True,1700,145,18.5,38,0.5,0.5,0,0.5,10,9.5,10,rrt_20260613_022204_381.png
20260613_022212_477,2026-06-13 02:22:12,False,10000,101,0.0,0,0.5,0.5,0,0.5,10,9.5,10,rrt_20260613_022212_477.png
20260613_022214_469,2026-06-13 02:22:14,True,1343,119,19.0,39,0.5,0.5,0,0.5,10,9.5,10,rrt_20260613_022214_469.png
20260613_022222_020,2026-06-13 02:22:22,False,10000,110,0.0,0,0.5,0.5,0,0.5,10,9.5,10,rrt_20260613_022222_020.png
20260613_022229_446,2026-06-13 02:22:29,False,10000,111,0.0,0,0.5,0.5,0,0.5,10,9.5,10,rrt_20260613_022229_446.png
20260613_022232_594,2026-06-13 02:22:32,True,3108,116,19.0,39,0.5,0.5,0,0.5,10,9.5,10,rrt_20260613_022232_594.png
20260613_022237_123,2026-06-13 02:22:37,False,10000,55,0.0,0,0.5,0.5,0,0.5,10,9.5,10,rrt_20260613_022237_123.png
20260613_022244_223,2026-06-13 02:22:44,False,10000,88,0.0,0,0.5,0.5,0,0.5,10,9.5,10,rrt_20260613_022244_223.png
20260613_022252_061,2026-06-13 02:22:52,False,10000,114,0.0,0,0.5,0.6,0,0.5,10,9.5,10,rrt_20260613_022252_061.png
20260613_022300_326,2026-06-13 02:23:00,False,10000,115,0.0,0,0.5,0.6,0,0.5,10,9.5,10,rrt_20260613_022300_326.png
20260613_022308_367,2026-06-13 02:23:08,False,10000,111,0.0,0,0.5,0.6,0,0.5,10,9.5,10,rrt_20260613_022308_367.png
20260613_022310_579,2026-06-13 02:23:10,True,1430,126,19.0,39,0.5,0.6,0,0.5,10,9.5,10,rrt_20260613_022310_579.png
20260613_022318_501,2026-06-13 02:23:18,False,10000,118,0.0,0,0.5,0.6,0,0.5,10,9.5,10,rrt_20260613_022318_501.png
20260613_022326_044,2026-06-13 02:23:26,False,10000,106,0.0,0,0.5,0.6,0,0.5,10,9.5,10,rrt_20260613_022326_044.png
20260613_022333_037,2026-06-13 02:23:33,False,10000,99,0.0,0,0.5,0.6,0,0.5,10,9.5,10,rrt_20260613_022333_037.png
20260613_022335_575,2026-06-13 02:23:35,True,2291,128,17.0,35,0.5,0.6,0,0.5,10,9.5,10,rrt_20260613_022335_575.png
20260613_022342_980,2026-06-13 02:23:42,False,10000,106,0.0,0,0.5,0.6,0,0.5,10,9.5,10,rrt_20260613_022342_980.png
20260613_022349_405,2026-06-13 02:23:49,False,10000,96,0.0,0,0.5,0.6,0,0.5,10,9.5,10,rrt_20260613_022349_405.png
20260613_022351_492,2026-06-13 02:23:51,True,1569,103,19.0,39,0.5,0.6,0,0.5,10,9.5,10,rrt_20260613_022351_492.png
20260613_022358_731,2026-06-13 02:23:58,False,10000,106,0.0,0,0.5,0.6,0,0.5,10,9.5,10,rrt_20260613_022358_731.png
20260613_022400_276,2026-06-13 02:24:00,True,458,76,19.5,40,0.5,0.6,0,0.5,10,9.5,10,rrt_20260613_022400_276.png
20260613_022407_816,2026-06-13 02:24:07,False,10000,109,0.0,0,0.5,0.6,0,0.5,10,9.5,10,rrt_20260613_022407_816.png
20260613_022417_183,2026-06-13 02:24:17,False,10000,141,0.0,0,0.5,0.6,0,0.5,10,9.5,10,rrt_20260613_022417_183.png
20260613_022420_142,2026-06-13 02:24:20,True,2934,116,18.5,38,0.5,0.6,0,0.5,10,9.5,10,rrt_20260613_022420_142.png
20260613_022421_613,2026-06-13 02:24:21,True,425,81,17.0,35,0.5,0.6,0,0.5,10,9.5,10,rrt_20260613_022421_613.png
20260613_022429_174,2026-06-13 02:24:29,False,10000,107,0.0,0,0.5,0.6,0,0.5,10,9.5,10,rrt_20260613_022429_174.png
20260613_022436_207,2026-06-13 02:24:36,False,10000,103,0.0,0,0.5,0.6,0,0.5,10,9.5,10,rrt_20260613_022436_207.png
20260613_022444_905,2026-06-13 02:24:44,False,10000,127,0.0,0,0.5,0.6,0,0.5,10,9.5,10,rrt_20260613_022444_905.png
20260613_022452_465,2026-06-13 02:24:52,False,10000,111,0.0,0,0.5,0.6,0,0.5,10,9.5,10,rrt_20260613_022452_465.png
20260613_022454_225,2026-06-13 02:24:54,True,946,93,17.5,36,0.5,0.6,0,0.5,10,9.5,10,rrt_20260613_022454_225.png
20260613_022501_275,2026-06-13 02:25:01,False,10000,109,0.0,0,0.5,0.6,0,0.5,10,9.5,10,rrt_20260613_022501_275.png
20260613_022508_442,2026-06-13 02:25:08,False,10000,104,0.0,0,0.5,0.6,0,0.5,10,9.5,10,rrt_20260613_022508_442.png
20260613_022510_264,2026-06-13 02:25:10,True,1529,93,17.5,36,0.5,0.6,0,0.5,10,9.5,10,rrt_20260613_022510_264.png
20260613_022517_227,2026-06-13 02:25:17,False,10000,105,0.0,0,0.5,0.6,0,0.5,10,9.5,10,rrt_20260613_022517_227.png
20260613_022525_303,2026-06-13 02:25:25,False,10000,115,0.0,0,0.5,0.6,0,0.5,10,9.5,10,rrt_20260613_022525_303.png
20260613_022527_455,2026-06-13 02:25:27,True,1565,111,17.0,35,0.5,0.6,0,0.5,10,9.5,10,rrt_20260613_022527_455.png
20260613_022535_786,2026-06-13 02:25:35,False,10000,110,0.0,0,0.5,0.6,0,0.5,10,9.5,10,rrt_20260613_022535_786.png
20260613_022537_814,2026-06-13 02:25:37,True,1579,100,17.5,36,0.5,0.6,0,0.5,10,9.5,10,rrt_20260613_022537_814.png
20260613_022547_358,2026-06-13 02:25:47,False,10000,161,0.0,0,0.5,0.6,0,0.5,10,9.5,10,rrt_20260613_022547_358.png
20260613_022555_715,2026-06-13 02:25:55,False,10000,108,0.0,0,0.5,0.6,0,0.5,10,9.5,10,rrt_20260613_022555_715.png
20260613_022603_650,2026-06-13 02:26:03,False,10000,116,0.0,0,0.5,0.6,0,0.5,10,9.5,10,rrt_20260613_022603_650.png
20260613_022605_701,2026-06-13 02:26:05,True,1418,117,18.0,37,0.5,0.6,0,0.5,10,9.5,10,rrt_20260613_022605_701.png
20260613_022613_490,2026-06-13 02:26:13,False,10000,121,0.0,0,0.5,0.6,0,0.5,10,9.5,10,rrt_20260613_022613_490.png
20260613_022619_968,2026-06-13 02:26:19,False,10000,84,0.0,0,0.5,0.6,0,0.5,10,9.5,10,rrt_20260613_022619_968.png
20260613_022621_639,2026-06-13 02:26:21,True,1122,91,19.0,39,0.5,0.6,0,0.5,10,9.5,10,rrt_20260613_022621_639.png
20260613_022627_947,2026-06-13 02:26:27,False,10000,78,0.0,0,0.5,0.6,0,0.5,10,9.5,10,rrt_20260613_022627_947.png
20260613_022636_246,2026-06-13 02:26:36,False,10000,133,0.0,0,0.5,0.6,0,0.5,10,9.5,10,rrt_20260613_022636_246.png
20260613_022642_628,2026-06-13 02:26:42,False,10000,80,0.0,0,0.5,0.6,0,0.5,10,9.5,10,rrt_20260613_022642_628.png
20260613_022651_173,2026-06-13 02:26:51,False,10000,130,0.0,0,0.5,0.6,0,0.5,10,9.5,10,rrt_20260613_022651_173.png
20260613_022652_901,2026-06-13 02:26:52,True,1050,116,18.0,37,0.5,0.6,0,0.5,10,9.5,10,rrt_20260613_022652_901.png
20260613_022654_301,2026-06-13 02:26:54,True,1042,106,18.5,38,0.5,0.6,0,0.5,10,9.5,10,rrt_20260613_022654_301.png
20260613_022701_191,2026-06-13 02:27:01,False,10000,101,0.0,0,0.5,0.6,0,0.5,10,9.5,10,rrt_20260613_022701_191.png
20260613_022709_174,2026-06-13 02:27:09,False,10000,126,0.0,0,0.5,0.6,0,0.5,10,9.5,10,rrt_20260613_022709_174.png
20260613_022713_733,2026-06-13 02:27:13,False,10000,53,0.0,0,0.5,0.6,0,0.5,10,9.5,10,rrt_20260613_022713_733.png
20260613_022720_414,2026-06-13 02:27:20,False,10000,98,0.0,0,0.5,0.6,0,0.5,10,9.5,10,rrt_20260613_022720_414.png
20260613_022725_113,2026-06-13 02:27:25,False,10000,44,0.0,0,0.5,0.6,0,0.5,10,9.5,10,rrt_20260613_022725_113.png
20260613_022727_846,2026-06-13 02:27:27,True,3135,108,20.0,41,0.5,0.6,0,0.5,10,9.5,10,rrt_20260613_022727_846.png
20260613_022734_456,2026-06-13 02:27:34,False,10000,83,0.0,0,0.5,0.6,0,0.5,10,9.5,10,rrt_20260613_022734_456.png
20260613_022735_805,2026-06-13 02:27:35,True,569,91,18.0,37,0.5,0.6,0,0.5,10,9.5,10,rrt_20260613_022735_805.png
20260613_022742_380,2026-06-13 02:27:42,False,10000,102,0.0,0,0.5,0.6,0,0.5,10,9.5,10,rrt_20260613_022742_380.png
20260613_022743_619,2026-06-13 02:27:43,True,426,67,16.5,34,0.5,0.6,0,0.5,10,9.5,10,rrt_20260613_022743_619.png
20260613_022745_390,2026-06-13 02:27:45,True,2147,108,19.0,39,0.5,0.6,0,0.5,10,9.5,10,rrt_20260613_022745_390.png
20260613_022753_241,2026-06-13 02:27:53,False,10000,118,0.0,0,0.5,0.6,0,0.5,10,9.5,10,rrt_20260613_022753_241.png
20260613_022756_006,2026-06-13 02:27:56,True,2676,106,20.5,42,0.5,0.6,0,0.5,10,9.5,10,rrt_20260613_022756_006.png
20260613_022803_472,2026-06-13 02:28:03,False,10000,100,0.0,0,0.5,0.6,0,0.5,10,9.5,10,rrt_20260613_022803_472.png
20260613_022811_129,2026-06-13 02:28:11,False,10000,117,0.0,0,0.5,0.6,0,0.5,10,9.5,10,rrt_20260613_022811_129.png
20260613_022817_105,2026-06-13 02:28:17,False,10000,77,0.0,0,0.5,0.6,0,0.5,10,9.5,10,rrt_20260613_022817_105.png
20260613_022819_151,2026-06-13 02:28:19,True,1462,119,16.999999999999996,35,0.5,0.6,0,0.5,10,9.5,10,rrt_20260613_022819_151.png
20260613_022825_806,2026-06-13 02:28:25,False,10000,99,0.0,0,0.5,0.6,0,0.5,10,9.5,10,rrt_20260613_022825_806.png
20260613_022831_611,2026-06-13 02:28:31,False,10000,79,0.0,0,0.5,0.6,0,0.5,10,9.5,10,rrt_20260613_022831_611.png
20260613_022838_026,2026-06-13 02:28:38,False,10000,89,0.0,0,0.5,0.6,0,0.5,10,9.5,10,rrt_20260613_022838_026.png
20260613_022845_102,2026-06-13 02:28:45,False,10000,103,0.0,0,0.5,0.6,0,0.5,10,9.5,10,rrt_20260613_022845_102.png
20260613_022847_501,2026-06-13 02:28:47,True,1891,156,20.0,41,0.5,0.6,0,0.5,10,9.5,10,rrt_20260613_022847_501.png
20260613_022850_170,2026-06-13 02:28:50,True,2574,118,17.5,36,0.5,0.6,0,0.5,10,9.5,10,rrt_20260613_022850_170.png
20260613_022851_413,2026-06-13 02:28:51,True,592,82,17.5,36,0.5,0.6,0,0.5,10,9.5,10,rrt_20260613_022851_413.png
20260613_022853_885,2026-06-13 02:28:53,True,2386,139,17.5,36,0.5,0.6,0,0.5,10,9.5,10,rrt_20260613_022853_885.png
20260613_022900_786,2026-06-13 02:29:00,False,10000,90,0.0,0,0.5,0.6,0,0.5,10,9.5,10,rrt_20260613_022900_786.png
20260613_022908_426,2026-06-13 02:29:08,False,10000,102,0.0,0,0.5,0.6,0,0.5,10,9.5,10,rrt_20260613_022908_426.png
20260613_022915_858,2026-06-13 02:29:15,False,10000,106,0.0,0,0.5,0.6,0,0.5,10,9.5,10,rrt_20260613_022915_858.png
20260613_022922_363,2026-06-13 02:29:22,False,10000,75,0.0,0,0.5,0.6,0,0.5,10,9.5,10,rrt_20260613_022922_363.png
20260613_022923_564,2026-06-13 02:29:23,True,179,59,17.0,35,0.5,0.6,0,0.5,10,9.5,10,rrt_20260613_022923_564.png
20260613_022925_642,2026-06-13 02:29:25,True,2088,124,18.5,38,0.5,0.6,0,0.5,10,9.5,10,rrt_20260613_022925_642.png
20260613_022931_766,2026-06-13 02:29:31,False,10000,85,0.0,0,0.5,0.6,0,0.5,10,9.5,10,rrt_20260613_022931_766.png
20260613_022939_702,2026-06-13 02:29:39,False,10000,107,0.0,0,0.5,0.6,0,0.5,10,9.5,10,rrt_20260613_022939_702.png
20260613_022941_100,2026-06-13 02:29:41,True,140,54,17.0,35,0.5,0.6,0,0.5,10,9.5,10,rrt_20260613_022941_100.png
20260613_022948_582,2026-06-13 02:29:48,False,10000,126,0.0,0,0.5,0.6,0,0.5,10,9.5,10,rrt_20260613_022948_582.png
20260613_022956_843,2026-06-13 02:29:56,False,10000,124,0.0,0,0.5,0.6,0,0.5,10,9.5,10,rrt_20260613_022956_843.png
20260613_022958_799,2026-06-13 02:29:58,True,1326,118,16.5,34,0.5,0.6,0,0.5,10,9.5,10,rrt_20260613_022958_799.png
20260613_023008_559,2026-06-13 02:30:08,False,10000,157,0.0,0,0.5,0.6,0,0.5,10,9.5,10,rrt_20260613_023008_559.png
20260613_023016_357,2026-06-13 02:30:16,False,10000,125,0.0,0,0.5,0.6,0,0.5,10,9.5,10,rrt_20260613_023016_357.png
20260613_023018_275,2026-06-13 02:30:18,True,1263,114,18.0,37,0.5,0.6,0,0.5,10,9.5,10,rrt_20260613_023018_275.png
20260613_023020_148,2026-06-13 02:30:20,True,1482,123,18.5,38,0.5,0.6,0,0.5,10,9.5,10,rrt_20260613_023020_148.png
20260613_023027_657,2026-06-13 02:30:27,False,10000,111,0.0,0,0.5,0.6,0,0.5,10,9.5,10,rrt_20260613_023027_657.png
20260613_023029_396,2026-06-13 02:30:29,True,1042,133,18.0,37,0.5,0.6,0,0.5,10,9.5,10,rrt_20260613_023029_396.png
20260613_023030_362,2026-06-13 02:30:30,True,302,68,16.5,34,0.5,0.6,0,0.5,10,9.5,10,rrt_20260613_023030_362.png
20260613_023036_974,2026-06-13 02:30:36,False,10000,100,0.0,0,0.5,0.6,0,0.5,10,9.5,10,rrt_20260613_023036_974.png
20260613_023038_839,2026-06-13 02:30:38,True,1398,120,18.0,37,0.5,0.6,0,0.5,10,9.5,10,rrt_20260613_023038_839.png
20260613_023046_682,2026-06-13 02:30:46,False,10000,137,0.0,0,0.5,0.6,0,0.5,10,9.5,10,rrt_20260613_023046_682.png
20260613_023048_680,2026-06-13 02:30:48,True,1199,109,18.5,38,0.5,0.6,0,0.5,10,9.5,10,rrt_20260613_023048_680.png
20260613_023050_658,2026-06-13 02:30:50,True,1905,118,20.0,41,0.5,0.6,0,0.5,10,9.5,10,rrt_20260613_023050_658.png
20260613_023058_371,2026-06-13 02:30:58,False,10000,123,0.0,0,0.5,0.6,0,0.5,10,9.5,10,rrt_20260613_023058_371.png
20260613_023102_844,2026-06-13 02:31:02,False,10000,49,0.0,0,0.5,0.6,0,0.5,10,9.5,10,rrt_20260613_023102_844.png
20260613_023107_851,2026-06-13 02:31:07,False,10000,54,0.0,0,0.5,0.6,0,0.5,10,9.5,10,rrt_20260613_023107_851.png
20260613_023116_154,2026-06-13 02:31:16,False,10000,136,0.0,0,0.5,0.6,0,0.5,10,9.5,10,rrt_20260613_023116_154.png
20260613_023124_441,2026-06-13 02:31:24,False,10000,120,0.0,0,0.5,0.6,0,0.5,10,9.5,10,rrt_20260613_023124_441.png
20260613_023130_723,2026-06-13 02:31:30,False,10000,87,0.0,0,0.5,0.6,0,0.5,10,9.5,10,rrt_20260613_023130_723.png
20260613_023131_806,2026-06-13 02:31:31,True,278,64,18.0,37,0.5,0.6,0,0.5,10,9.5,10,rrt_20260613_023131_806.png
20260613_023133_254,2026-06-13 02:31:33,True,1123,123,18.5,38,0.5,0.6,0,0.5,10,9.5,10,rrt_20260613_023133_254.png
20260613_023139_875,2026-06-13 02:31:39,False,10000,98,0.0,0,0.5,0.7,0,0.5,10,9.5,10,rrt_20260613_023139_875.png
20260613_023141_313,2026-06-13 02:31:41,True,743,99,18.0,37,0.5,0.7,0,0.5,10,9.5,10,rrt_20260613_023141_313.png
20260613_023142_536,2026-06-13 02:31:42,True,835,106,18.0,37,0.5,0.7,0,0.5,10,9.5,10,rrt_20260613_023142_536.png
20260613_023143_964,2026-06-13 02:31:43,True,986,116,17.5,36,0.5,0.7,0,0.5,10,9.5,10,rrt_20260613_023143_964.png
20260613_023146_682,2026-06-13 02:31:46,True,2436,140,17.5,36,0.5,0.7,0,0.5,10,9.5,10,rrt_20260613_023146_682.png
20260613_023147_890,2026-06-13 02:31:47,True,209,64,19.5,40,0.5,0.7,0,0.5,10,9.5,10,rrt_20260613_023147_890.png
20260613_023149_769,2026-06-13 02:31:49,True,2062,97,17.5,36,0.5,0.7,0,0.5,10,9.5,10,rrt_20260613_023149_769.png
20260613_023157_086,2026-06-13 02:31:57,False,10000,111,0.0,0,0.5,0.7,0,0.5,10,9.5,10,rrt_20260613_023157_086.png
20260613_023204_064,2026-06-13 02:32:04,False,10000,96,0.0,0,0.5,0.7,0,0.5,10,9.5,10,rrt_20260613_023204_064.png
20260613_023211_397,2026-06-13 02:32:11,False,10000,115,0.0,0,0.5,0.7,0,0.5,10,9.5,10,rrt_20260613_023211_397.png
20260613_023218_994,2026-06-13 02:32:18,False,10000,114,0.0,0,0.5,0.7,0,0.5,10,9.5,10,rrt_20260613_023218_994.png
20260613_023220_837,2026-06-13 02:32:20,True,1347,119,17.0,35,0.5,0.7,0,0.5,10,9.5,10,rrt_20260613_023220_837.png
20260613_023222_586,2026-06-13 02:32:22,True,1421,112,19.5,40,0.5,0.7,0,0.5,10,9.5,10,rrt_20260613_023222_586.png
20260613_023224_273,2026-06-13 02:32:24,True,1563,96,17.0,35,0.5,0.7,0,0.5,10,9.5,10,rrt_20260613_023224_273.png
20260613_023230_700,2026-06-13 02:32:30,False,10000,97,0.0,0,0.5,0.7,0,0.5,10,9.5,10,rrt_20260613_023230_700.png
20260613_023237_320,2026-06-13 02:32:37,False,10000,96,0.0,0,0.5,0.7,0,0.5,10,9.5,10,rrt_20260613_023237_320.png
20260613_023240_169,2026-06-13 02:32:40,True,2978,106,20.0,41,0.5,0.7,0,0.5,10,9.5,10,rrt_20260613_023240_169.png
20260613_023246_608,2026-06-13 02:32:46,False,10000,83,0.0,0,0.5,0.7,0,0.5,10,9.5,10,rrt_20260613_023246_608.png
20260613_023248_983,2026-06-13 02:32:48,True,1943,128,20.0,41,0.5,0.7,0,0.5,10,9.5,10,rrt_20260613_023248_983.png
20260613_023255_872,2026-06-13 02:32:55,False,10000,102,0.0,0,0.5,0.7,0,0.5,10,9.5,10,rrt_20260613_023255_872.png
20260613_023301_821,2026-06-13 02:33:01,False,10000,73,0.0,0,0.5,0.7,0,0.5,10,9.5,10,rrt_20260613_023301_821.png
20260613_023308_964,2026-06-13 02:33:08,False,10000,111,0.0,0,0.5,0.7,0,0.5,10,9.5,10,rrt_20260613_023308_964.png
20260613_023313_353,2026-06-13 02:33:13,False,10000,42,0.0,0,0.5,0.7,0,0.5,10,9.5,10,rrt_20260613_023313_353.png
20260613_023317_433,2026-06-13 02:33:17,False,10000,48,0.0,0,0.5,0.7,0,0.5,10,9.5,10,rrt_20260613_023317_433.png
20260613_023324_268,2026-06-13 02:33:24,False,10000,95,0.0,0,0.5,0.7,0,0.5,10,9.5,10,rrt_20260613_023324_268.png
20260613_023328_914,2026-06-13 02:33:28,False,10000,46,0.0,0,0.5,0.7,0,0.5,10,9.5,10,rrt_20260613_023328_914.png
20260613_023330_986,2026-06-13 02:33:30,True,1214,134,17.5,36,0.5,0.7,0,0.5,10,9.5,10,rrt_20260613_023330_986.png
20260613_023337_963,2026-06-13 02:33:37,False,10000,94,0.0,0,0.5,0.7,0,0.5,10,9.5,10,rrt_20260613_023337_963.png
20260613_023339_383,2026-06-13 02:33:39,True,187,58,16.5,34,0.5,0.7,0,0.5,10,9.5,10,rrt_20260613_023339_383.png
20260613_023346_814,2026-06-13 02:33:46,False,10000,130,0.0,0,0.5,0.7,0,0.5,10,9.5,10,rrt_20260613_023346_814.png
20260613_023353_824,2026-06-13 02:33:53,False,10000,98,0.0,0,0.5,0.7,0,0.5,10,9.5,10,rrt_20260613_023353_824.png
20260613_023356_108,2026-06-13 02:33:56,True,2010,98,19.5,40,0.5,0.7,0,0.5,10,9.5,10,rrt_20260613_023356_108.png
20260613_023400_711,2026-06-13 02:34:00,False,10000,43,0.0,0,0.5,0.7,0,0.5,10,9.5,10,rrt_20260613_023400_711.png
20260613_023408_660,2026-06-13 02:34:08,False,10000,109,0.0,0,0.5,0.7,0,0.5,10,9.5,10,rrt_20260613_023408_660.png
20260613_023415_868,2026-06-13 02:34:15,False,10000,103,0.0,0,0.5,0.7,0,0.5,10,9.5,10,rrt_20260613_023415_868.png
20260613_023417_264,2026-06-13 02:34:17,True,266,73,17.5,36,0.5,0.7,0,0.5,10,9.5,10,rrt_20260613_023417_264.png
20260613_023423_966,2026-06-13 02:34:23,False,10000,100,0.0,0,0.5,0.7,0,0.5,10,9.5,10,rrt_20260613_023423_966.png
20260613_023431_164,2026-06-13 02:34:31,False,10000,99,0.0,0,0.5,0.7,0,0.5,10,9.5,10,rrt_20260613_023431_164.png
20260613_023433_799,2026-06-13 02:34:33,True,2403,103,19.0,39,0.5,0.7,0,0.5,10,9.5,10,rrt_20260613_023433_799.png
20260613_023441_614,2026-06-13 02:34:41,False,10000,123,0.0,0,0.5,0.7,0,0.5,10,9.5,10,rrt_20260613_023441_614.png
20260613_023448_998,2026-06-13 02:34:48,False,10000,105,0.0,0,0.5,0.7,0,0.5,10,9.5,10,rrt_20260613_023448_998.png
20260613_023454_944,2026-06-13 02:34:54,False,10000,75,0.0,0,0.5,0.7,0,0.5,10,9.5,10,rrt_20260613_023454_944.png
20260613_023457_683,2026-06-13 02:34:57,True,2737,109,17.5,36,0.5,0.7,0,0.5,10,9.5,10,rrt_20260613_023457_683.png
20260613_023459_223,2026-06-13 02:34:59,True,903,118,17.5,36,0.5,0.7,0,0.5,10,9.5,10,rrt_20260613_023459_223.png
20260613_023505_519,2026-06-13 02:35:05,False,10000,85,0.0,0,0.5,0.7,0,0.5,10,9.5,10,rrt_20260613_023505_519.png
20260613_023510_144,2026-06-13 02:35:10,False,10000,55,0.0,0,0.5,0.7,0,0.5,10,9.5,10,rrt_20260613_023510_144.png
20260613_023512_180,2026-06-13 02:35:12,True,1359,124,19.5,40,0.5,0.7,0,0.5,10,9.5,10,rrt_20260613_023512_180.png
20260613_023519_976,2026-06-13 02:35:19,False,10000,115,0.0,0,0.5,0.7,0,0.5,10,9.5,10,rrt_20260613_023519_976.png
20260613_023522_495,2026-06-13 02:35:22,True,2007,120,18.5,38,0.5,0.7,0,0.5,10,9.5,10,rrt_20260613_023522_495.png
20260613_023523_731,2026-06-13 02:35:23,True,318,64,20.0,41,0.5,0.7,0,0.5,10,9.5,10,rrt_20260613_023523_731.png
20260613_023528_569,2026-06-13 02:35:28,False,10000,63,0.0,0,0.5,0.7,0,0.5,10,9.5,10,rrt_20260613_023528_569.png
20260613_023534_841,2026-06-13 02:35:34,False,10000,75,0.0,0,0.5,0.7,0,0.5,10,9.5,10,rrt_20260613_023534_841.png
20260613_023541_870,2026-06-13 02:35:41,False,10000,97,0.0,0,0.5,0.7,0,0.5,10,9.5,10,rrt_20260613_023541_870.png
20260613_023543_201,2026-06-13 02:35:43,True,185,59,16.0,33,0.5,0.7,0,0.5,10,9.5,10,rrt_20260613_023543_201.png
20260613_023544_057,2026-06-13 02:35:44,True,363,75,18.0,37,0.5,0.7,0,0.5,10,9.5,10,rrt_20260613_023544_057.png
20260613_023551_996,2026-06-13 02:35:51,False,10000,119,0.0,0,0.5,0.7,0,0.5,10,9.5,10,rrt_20260613_023551_996.png
20260613_023600_328,2026-06-13 02:36:00,False,10000,123,0.0,0,0.5,0.7,0,0.5,10,9.5,10,rrt_20260613_023600_328.png
20260613_023607_375,2026-06-13 02:36:07,False,10000,96,0.0,0,0.5,0.7,0,0.5,10,9.5,10,rrt_20260613_023607_375.png
20260613_023615_172,2026-06-13 02:36:15,False,10000,116,0.0,0,0.5,0.7,0,0.5,10,9.5,10,rrt_20260613_023615_172.png
20260613_023621_693,2026-06-13 02:36:21,False,10000,89,0.0,0,0.5,0.7,0,0.5,10,9.5,10,rrt_20260613_023621_693.png
20260613_023623_114,2026-06-13 02:36:23,True,330,59,17.5,36,0.5,0.7,0,0.5,10,9.5,10,rrt_20260613_023623_114.png
20260613_023630_484,2026-06-13 02:36:30,False,10000,119,0.0,0,0.5,0.7,0,0.5,10,9.5,10,rrt_20260613_023630_484.png
20260613_023632_498,2026-06-13 02:36:32,True,1192,133,18.0,37,0.5,0.7,0,0.5,10,9.5,10,rrt_20260613_023632_498.png
20260613_023634_141,2026-06-13 02:36:34,True,1357,109,19.0,39,0.5,0.7,0,0.5,10,9.5,10,rrt_20260613_023634_141.png
20260613_023635_036,2026-06-13 02:36:35,True,211,60,16.5,34,0.5,0.7,0,0.5,10,9.5,10,rrt_20260613_023635_036.png
20260613_023636_901,2026-06-13 02:36:36,True,1469,128,18.5,38,0.5,0.7,0,0.5,10,9.5,10,rrt_20260613_023636_901.png
20260613_023638_370,2026-06-13 02:36:38,True,717,109,19.0,39,0.5,0.7,0,0.5,10,9.5,10,rrt_20260613_023638_370.png
20260613_023644_855,2026-06-13 02:36:44,False,10000,84,0.0,0,0.5,0.7,0,0.5,10,9.5,10,rrt_20260613_023644_855.png
20260613_023650_939,2026-06-13 02:36:50,False,10000,86,0.0,0,0.5,0.7,0,0.5,10,9.5,10,rrt_20260613_023650_939.png
20260613_023657_935,2026-06-13 02:36:57,False,10000,95,0.0,0,0.5,0.7,0,0.5,10,9.5,10,rrt_20260613_023657_935.png
20260613_023659_904,2026-06-13 02:36:59,True,1413,107,18.5,38,0.5,0.7,0,0.5,10,9.5,10,rrt_20260613_023659_904.png
20260613_023700_965,2026-06-13 02:37:00,True,176,60,18.0,37,0.5,0.7,0,0.5,10,9.5,10,rrt_20260613_023700_965.png
20260613_023709_237,2026-06-13 02:37:09,False,10000,144,0.0,0,0.5,0.7,0,0.5,10,9.5,10,rrt_20260613_023709_237.png
20260613_023716_483,2026-06-13 02:37:16,False,10000,100,0.0,0,0.5,0.7,0,0.5,10,9.5,10,rrt_20260613_023716_483.png
20260613_023718_872,2026-06-13 02:37:18,True,2222,117,20.0,41,0.5,0.7,0,0.5,10,9.5,10,rrt_20260613_023718_872.png
20260613_023726_469,2026-06-13 02:37:26,False,10000,129,0.0,0,0.5,0.7,0,0.5,10,9.5,10,rrt_20260613_023726_469.png
20260613_023732_874,2026-06-13 02:37:32,False,10000,96,0.0,0,0.5,0.7,0,0.5,10,9.5,10,rrt_20260613_023732_874.png
20260613_023735_207,2026-06-13 02:37:35,True,1935,129,17.5,36,0.5,0.7,0,0.5,10,9.5,10,rrt_20260613_023735_207.png
20260613_023741_753,2026-06-13 02:37:41,False,10000,100,0.0,0,0.5,0.7,0,0.5,10,9.5,10,rrt_20260613_023741_753.png
20260613_023749_868,2026-06-13 02:37:49,False,10000,114,0.0,0,0.5,0.7,0,0.5,10,9.5,10,rrt_20260613_023749_868.png
20260613_023757_539,2026-06-13 02:37:57,False,10000,112,0.0,0,0.5,0.7,0,0.5,10,9.5,10,rrt_20260613_023757_539.png
20260613_023804_022,2026-06-13 02:38:04,False,10000,91,0.0,0,0.5,0.7,0,0.5,10,9.5,10,rrt_20260613_023804_022.png
20260613_023805_315,2026-06-13 02:38:05,True,301,57,17.0,35,0.5,0.7,0,0.5,10,9.5,10,rrt_20260613_023805_315.png
20260613_023812_408,2026-06-13 02:38:12,False,10000,105,0.0,0,0.5,0.7,0,0.5,10,9.5,10,rrt_20260613_023812_408.png
20260613_023819_407,2026-06-13 02:38:19,False,10000,90,0.0,0,0.5,0.7,0,0.5,10,9.5,10,rrt_20260613_023819_407.png
20260613_023821_320,2026-06-13 02:38:21,True,1417,107,20.0,41,0.5,0.7,0,0.5,10,9.5,10,rrt_20260613_023821_320.png
20260613_023828_881,2026-06-13 02:38:28,False,10000,109,0.0,0,0.5,0.7,0,0.5,10,9.5,10,rrt_20260613_023828_881.png
20260613_023835_587,2026-06-13 02:38:35,False,10000,99,0.0,0,0.5,0.7,0,0.5,10,9.5,10,rrt_20260613_023835_587.png
20260613_023843_012,2026-06-13 02:38:43,False,10000,114,0.0,0,0.5,0.7,0,0.5,10,9.5,10,rrt_20260613_023843_012.png
20260613_023850_130,2026-06-13 02:38:50,False,10000,107,0.0,0,0.5,0.7,0,0.5,10,9.5,10,rrt_20260613_023850_130.png
20260613_023856_502,2026-06-13 02:38:56,False,10000,95,0.0,0,0.5,0.7,0,0.5,10,9.5,10,rrt_20260613_023856_502.png
20260613_023904_141,2026-06-13 02:39:04,False,10000,128,0.0,0,0.5,0.7,0,0.5,10,9.5,10,rrt_20260613_023904_141.png
20260613_023911_598,2026-06-13 02:39:11,False,10000,107,0.0,0,0.5,0.7,0,0.5,10,9.5,10,rrt_20260613_023911_598.png
20260613_023918_557,2026-06-13 02:39:18,False,10000,92,0.0,0,0.5,0.7,0,0.5,10,9.5,10,rrt_20260613_023918_557.png
20260613_023920_401,2026-06-13 02:39:20,True,1176,123,19.0,39,0.5,0.7,0,0.5,10,9.5,10,rrt_20260613_023920_401.png
20260613_023922_039,2026-06-13 02:39:22,True,1401,119,18.5,38,0.5,0.7,0,0.5,10,9.5,10,rrt_20260613_023922_039.png
20260613_023923_389,2026-06-13 02:39:23,True,755,112,19.0,39,0.5,0.7,0,0.5,10,9.5,10,rrt_20260613_023923_389.png
20260613_023930_754,2026-06-13 02:39:30,False,10000,126,0.0,0,0.5,0.7,0,0.5,10,9.5,10,rrt_20260613_023930_754.png
20260613_023937_259,2026-06-13 02:39:37,False,10000,96,0.0,0,0.5,0.7,0,0.5,10,9.5,10,rrt_20260613_023937_259.png
20260613_023943_496,2026-06-13 02:39:43,False,10000,89,0.0,0,0.5,0.7,0,0.5,10,9.5,10,rrt_20260613_023943_496.png
20260613_023950_020,2026-06-13 02:39:50,False,10000,91,0.0,0,0.5,0.8,0,0.5,10,9.5,10,rrt_20260613_023950_020.png
20260613_023956_791,2026-06-13 02:39:56,False,10000,104,0.0,0,0.5,0.8,0,0.5,10,9.5,10,rrt_20260613_023956_791.png
20260613_024003_186,2026-06-13 02:40:03,False,10000,88,0.0,0,0.5,0.8,0,0.5,10,9.5,10,rrt_20260613_024003_186.png
20260613_024010_352,2026-06-13 02:40:10,False,10000,110,0.0,0,0.5,0.8,0,0.5,10,9.5,10,rrt_20260613_024010_352.png
20260613_024011_937,2026-06-13 02:40:11,True,659,108,18.5,38,0.5,0.8,0,0.5,10,9.5,10,rrt_20260613_024011_937.png
20260613_024019_105,2026-06-13 02:40:19,False,10000,114,0.0,0,0.5,0.8,0,0.5,10,9.5,10,rrt_20260613_024019_105.png
20260613_024025_663,2026-06-13 02:40:25,False,10000,90,0.0,0,0.5,0.8,0,0.5,10,9.5,10,rrt_20260613_024025_663.png
20260613_024028_103,2026-06-13 02:40:28,True,2015,153,20.0,41,0.5,0.8,0,0.5,10,9.5,10,rrt_20260613_024028_103.png
20260613_024029_787,2026-06-13 02:40:29,True,1005,98,18.0,37,0.5,0.8,0,0.5,10,9.5,10,rrt_20260613_024029_787.png
20260613_024036_808,2026-06-13 02:40:36,False,10000,100,0.0,0,0.5,0.8,0,0.5,10,9.5,10,rrt_20260613_024036_808.png
20260613_024044_416,2026-06-13 02:40:44,False,10000,122,0.0,0,0.5,0.8,0,0.5,10,9.5,10,rrt_20260613_024044_416.png
20260613_024050_510,2026-06-13 02:40:50,False,10000,77,0.0,0,0.5,0.8,0,0.5,10,9.5,10,rrt_20260613_024050_510.png
20260613_024057_969,2026-06-13 02:40:57,False,10000,114,0.0,0,0.5,0.8,0,0.5,10,9.5,10,rrt_20260613_024057_969.png
20260613_024105_171,2026-06-13 02:41:05,False,10000,103,0.0,0,0.5,0.8,0,0.5,10,9.5,10,rrt_20260613_024105_171.png
20260613_024112_392,2026-06-13 02:41:12,False,10000,101,0.0,0,0.5,0.8,0,0.5,10,9.5,10,rrt_20260613_024112_392.png
20260613_024121_514,2026-06-13 02:41:21,False,10000,141,0.0,0,0.5,0.8,0,0.5,10,9.5,10,rrt_20260613_024121_514.png
20260613_024127_620,2026-06-13 02:41:27,False,10000,78,0.0,0,0.5,0.8,0,0.5,10,9.5,10,rrt_20260613_024127_620.png
20260613_024132_558,2026-06-13 02:41:32,False,10000,51,0.0,0,0.5,0.8,0,0.5,10,9.5,10,rrt_20260613_024132_558.png
20260613_024134_221,2026-06-13 02:41:34,True,1141,104,20.5,42,0.5,0.8,0,0.5,10,9.5,10,rrt_20260613_024134_221.png
20260613_024139_900,2026-06-13 02:41:39,False,10000,83,0.0,0,0.5,0.8,0,0.5,10,9.5,10,rrt_20260613_024139_900.png
20260613_024148_906,2026-06-13 02:41:48,False,10000,142,0.0,0,0.5,0.8,0,0.5,10,9.5,10,rrt_20260613_024148_906.png
20260613_024155_826,2026-06-13 02:41:55,False,10000,102,0.0,0,0.5,0.8,0,0.5,10,9.5,10,rrt_20260613_024155_826.png
20260613_024157_637,2026-06-13 02:41:57,True,850,102,18.5,38,0.5,0.8,0,0.5,10,9.5,10,rrt_20260613_024157_637.png
20260613_024158_688,2026-06-13 02:41:58,True,470,91,18.5,38,0.5,0.8,0,0.5,10,9.5,10,rrt_20260613_024158_688.png
20260613_024204_111,2026-06-13 02:42:04,False,10000,64,0.0,0,0.5,0.8,0,0.5,10,9.5,10,rrt_20260613_024204_111.png
20260613_024210_009,2026-06-13 02:42:10,False,10000,79,0.0,0,0.5,0.8,0,0.5,10,9.5,10,rrt_20260613_024210_009.png
20260613_024211_422,2026-06-13 02:42:11,True,431,75,17.0,35,0.5,0.8,0,0.5,10,9.5,10,rrt_20260613_024211_422.png
20260613_024219_743,2026-06-13 02:42:19,False,10000,135,0.0,0,0.5,0.8,0,0.5,10,9.5,10,rrt_20260613_024219_743.png
20260613_024221_360,2026-06-13 02:42:21,True,834,90,20.500000000000004,42,0.5,0.8,0,0.5,10,9.5,10,rrt_20260613_024221_360.png
20260613_024227_774,2026-06-13 02:42:27,False,10000,93,0.0,0,0.5,0.8,0,0.5,10,9.5,10,rrt_20260613_024227_774.png
20260613_024235_956,2026-06-13 02:42:35,False,10000,127,0.0,0,0.5,0.8,0,0.5,10,9.5,10,rrt_20260613_024235_956.png
20260613_024240_309,2026-06-13 02:42:40,False,10000,50,0.0,0,0.5,0.8,0,0.5,10,9.5,10,rrt_20260613_024240_309.png
20260613_024248_482,2026-06-13 02:42:48,False,10000,135,0.0,0,0.5,0.8,0,0.5,10,9.5,10,rrt_20260613_024248_482.png
20260613_024256_548,2026-06-13 02:42:56,False,10000,122,0.0,0,0.5,0.8,0,0.5,10,9.5,10,rrt_20260613_024256_548.png
20260613_024303_439,2026-06-13 02:43:03,False,10000,97,0.0,0,0.5,0.8,0,0.5,10,9.5,10,rrt_20260613_024303_439.png
20260613_024312_482,2026-06-13 02:43:12,False,10000,145,0.0,0,0.5,0.8,0,0.5,10,9.5,10,rrt_20260613_024312_482.png
20260613_024319_268,2026-06-13 02:43:19,False,10000,100,0.0,0,0.5,0.8,0,0.5,10,9.5,10,rrt_20260613_024319_268.png
20260613_024326_414,2026-06-13 02:43:26,False,10000,104,0.0,0,0.5,0.8,0,0.5,10,9.5,10,rrt_20260613_024326_414.png
20260613_024332_342,2026-06-13 02:43:32,False,10000,79,0.0,0,0.5,0.8,0,0.5,10,9.5,10,rrt_20260613_024332_342.png
20260613_024338_781,2026-06-13 02:43:38,False,10000,91,0.0,0,0.5,0.8,0,0.5,10,9.5,10,rrt_20260613_024338_781.png
20260613_024347_114,2026-06-13 02:43:47,False,10000,131,0.0,0,0.5,0.8,0,0.5,10,9.5,10,rrt_20260613_024347_114.png
20260613_024354_823,2026-06-13 02:43:54,False,10000,102,0.0,0,0.5,0.8,0,0.5,10,9.5,10,rrt_20260613_024354_823.png
20260613_024356_418,2026-06-13 02:43:56,True,794,95,17.5,36,0.5,0.8,0,0.5,10,9.5,10,rrt_20260613_024356_418.png
20260613_024401_758,2026-06-13 02:44:01,False,10000,69,0.0,0,0.5,0.8,0,0.5,10,9.5,10,rrt_20260613_024401_758.png
20260613_024403_035,2026-06-13 02:44:03,True,442,82,19.0,39,0.5,0.8,0,0.5,10,9.5,10,rrt_20260613_024403_035.png
20260613_024404_047,2026-06-13 02:44:04,True,289,72,19.5,40,0.5,0.8,0,0.5,10,9.5,10,rrt_20260613_024404_047.png
20260613_024405_031,2026-06-13 02:44:05,True,518,103,17.0,35,0.5,0.8,0,0.5,10,9.5,10,rrt_20260613_024405_031.png
20260613_024411_768,2026-06-13 02:44:11,False,10000,104,0.0,0,0.5,0.8,0,0.5,10,9.5,10,rrt_20260613_024411_768.png
20260613_024413_439,2026-06-13 02:44:13,True,1191,100,19.5,40,0.5,0.8,0,0.5,10,9.5,10,rrt_20260613_024413_439.png
20260613_024419_532,2026-06-13 02:44:19,False,10000,85,0.0,0,0.5,0.8,0,0.5,10,9.5,10,rrt_20260613_024419_532.png
20260613_024428_066,2026-06-13 02:44:28,False,10000,142,0.0,0,0.5,0.8,0,0.5,10,9.5,10,rrt_20260613_024428_066.png
20260613_024432_831,2026-06-13 02:44:32,False,10000,57,0.0,0,0.5,0.8,0,0.5,10,9.5,10,rrt_20260613_024432_831.png
20260613_024440_182,2026-06-13 02:44:40,False,10000,110,0.0,0,0.5,0.8,0,0.5,10,9.5,10,rrt_20260613_024440_182.png
20260613_024447_988,2026-06-13 02:44:47,False,10000,116,0.0,0,0.5,0.8,0,0.5,10,9.5,10,rrt_20260613_024447_988.png
20260613_024457_237,2026-06-13 02:44:57,False,10000,156,0.0,0,0.5,0.8,0,0.5,10,9.5,10,rrt_20260613_024457_237.png
20260613_024458_636,2026-06-13 02:44:58,True,211,67,17.5,36,0.5,0.8,0,0.5,10,9.5,10,rrt_20260613_024458_636.png
20260613_024503_087,2026-06-13 02:45:03,False,10000,54,0.0,0,0.5,0.8,0,0.5,10,9.5,10,rrt_20260613_024503_087.png
20260613_024509_141,2026-06-13 02:45:09,False,10000,80,0.0,0,0.5,0.8,0,0.5,10,9.5,10,rrt_20260613_024509_141.png
20260613_024513_955,2026-06-13 02:45:13,False,10000,52,0.0,0,0.5,0.8,0,0.5,10,9.5,10,rrt_20260613_024513_955.png
20260613_024520_753,2026-06-13 02:45:20,False,10000,101,0.0,0,0.5,0.8,0,0.5,10,9.5,10,rrt_20260613_024520_753.png
20260613_024526_083,2026-06-13 02:45:26,False,10000,68,0.0,0,0.5,0.8,0,0.5,10,9.5,10,rrt_20260613_024526_083.png
20260613_024528_082,2026-06-13 02:45:28,True,1365,130,21.5,44,0.5,0.8,0,0.5,10,9.5,10,rrt_20260613_024528_082.png
20260613_024532_764,2026-06-13 02:45:32,False,10000,50,0.0,0,0.5,0.8,0,0.5,10,9.5,10,rrt_20260613_024532_764.png
20260613_024539_900,2026-06-13 02:45:39,False,10000,104,0.0,0,0.5,0.8,0,0.5,10,9.5,10,rrt_20260613_024539_900.png
20260613_024547_656,2026-06-13 02:45:47,False,10000,130,0.0,0,0.5,0.8,0,0.5,10,9.5,10,rrt_20260613_024547_656.png
20260613_024555_322,2026-06-13 02:45:55,False,10000,115,0.0,0,0.5,0.8,0,0.5,10,9.5,10,rrt_20260613_024555_322.png
20260613_024602_305,2026-06-13 02:46:02,False,10000,99,0.0,0,0.5,0.8,0,0.5,10,9.5,10,rrt_20260613_024602_305.png
20260613_024604_035,2026-06-13 02:46:04,True,1157,103,19.0,39,0.5,0.8,0,0.5,10,9.5,10,rrt_20260613_024604_035.png
20260613_024611_967,2026-06-13 02:46:11,False,10000,123,0.0,0,0.5,0.8,0,0.5,10,9.5,10,rrt_20260613_024611_967.png
20260613_024619_617,2026-06-13 02:46:19,False,10000,119,0.0,0,0.5,0.8,0,0.5,10,9.5,10,rrt_20260613_024619_617.png
20260613_024621_305,2026-06-13 02:46:21,True,902,97,17.0,35,0.5,0.8,0,0.5,10,9.5,10,rrt_20260613_024621_305.png
20260613_024627_891,2026-06-13 02:46:27,False,10000,99,0.0,0,0.5,0.8,0,0.5,10,9.5,10,rrt_20260613_024627_891.png
20260613_024629_699,2026-06-13 02:46:29,True,1160,136,19.0,39,0.5,0.8,0,0.5,10,9.5,10,rrt_20260613_024629_699.png
20260613_024634_136,2026-06-13 02:46:34,False,10000,60,0.0,0,0.5,0.8,0,0.5,10,9.5,10,rrt_20260613_024634_136.png
20260613_024642_437,2026-06-13 02:46:42,False,10000,135,0.0,0,0.5,0.8,0,0.5,10,9.5,10,rrt_20260613_024642_437.png
20260613_024649_457,2026-06-13 02:46:49,False,10000,106,0.0,0,0.5,0.8,0,0.5,10,9.5,10,rrt_20260613_024649_457.png
20260613_024657_030,2026-06-13 02:46:57,False,10000,107,0.0,0,0.5,0.8,0,0.5,10,9.5,10,rrt_20260613_024657_030.png
20260613_024704_374,2026-06-13 02:47:04,False,10000,100,0.0,0,0.5,0.8,0,0.5,10,9.5,10,rrt_20260613_024704_374.png
20260613_024711_692,2026-06-13 02:47:11,False,10000,97,0.0,0,0.5,0.8,0,0.5,10,9.5,10,rrt_20260613_024711_692.png
20260613_024713_660,2026-06-13 02:47:13,True,1378,106,19.5,40,0.5,0.8,0,0.5,10,9.5,10,rrt_20260613_024713_660.png
20260613_024720_845,2026-06-13 02:47:20,False,10000,104,0.0,0,0.5,0.8,0,0.5,10,9.5,10,rrt_20260613_024720_845.png
20260613_024722_159,2026-06-13 02:47:22,True,332,74,20.0,41,0.5,0.8,0,0.5,10,9.5,10,rrt_20260613_024722_159.png
20260613_024726_441,2026-06-13 02:47:26,False,10000,49,0.0,0,0.5,0.8,0,0.5,10,9.5,10,rrt_20260613_024726_441.png
20260613_024727_845,2026-06-13 02:47:27,True,632,110,18.0,37,0.5,0.8,0,0.5,10,9.5,10,rrt_20260613_024727_845.png
20260613_024732_539,2026-06-13 02:47:32,False,10000,64,0.0,0,0.5,0.8,0,0.5,10,9.5,10,rrt_20260613_024732_539.png
20260613_024740_181,2026-06-13 02:47:40,False,10000,118,0.0,0,0.5,0.8,0,0.5,10,9.5,10,rrt_20260613_024740_181.png
20260613_024741_579,2026-06-13 02:47:41,True,408,90,19.0,39,0.5,0.8,0,0.5,10,9.5,10,rrt_20260613_024741_579.png
20260613_024748_967,2026-06-13 02:47:48,False,10000,119,0.0,0,0.5,0.8,0,0.5,10,9.5,10,rrt_20260613_024748_967.png
20260613_024757_429,2026-06-13 02:47:57,False,10000,135,0.0,0,0.5,0.8,0,0.5,10,9.5,10,rrt_20260613_024757_429.png
20260613_024805_383,2026-06-13 02:48:05,False,10000,113,0.0,0,0.5,0.8,0,0.5,10,9.5,10,rrt_20260613_024805_383.png
20260613_024806_898,2026-06-13 02:48:06,True,786,98,18.5,38,0.5,0.8,0,0.5,10,9.5,10,rrt_20260613_024806_898.png
20260613_024814_181,2026-06-13 02:48:14,False,10000,108,0.0,0,0.5,0.8,0,0.5,10,9.5,10,rrt_20260613_024814_181.png
20260613_024822_101,2026-06-13 02:48:22,False,10000,128,0.0,0,0.5,0.8,0,0.5,10,9.5,10,rrt_20260613_024822_101.png
20260613_024829_934,2026-06-13 02:48:29,False,10000,115,0.0,0,0.5,0.8,0,0.5,10,9.5,10,rrt_20260613_024829_934.png
20260613_024831_509,2026-06-13 02:48:31,True,532,106,17.5,36,0.5,0.8,0,0.5,10,9.5,10,rrt_20260613_024831_509.png
20260613_024832_627,2026-06-13 02:48:32,True,636,108,17.5,36,0.5,0.8,0,0.5,10,9.5,10,rrt_20260613_024832_627.png
20260613_024839_755,2026-06-13 02:48:39,False,10000,107,0.0,0,0.5,0.8,0,0.5,10,9.5,10,rrt_20260613_024839_755.png
20260613_024846_391,2026-06-13 02:48:46,False,10000,86,0.0,0,0.5,0.8,0,0.5,10,9.5,10,rrt_20260613_024846_391.png
20260613_024854_569,2026-06-13 02:48:54,False,10000,133,0.0,0,0.5,0.8,0,0.5,10,9.5,10,rrt_20260613_024854_569.png
20260613_024902_430,2026-06-13 02:49:02,False,10000,111,0.0,0,0.5,0.8,0,0.5,10,9.5,10,rrt_20260613_024902_430.png
20260613_024908_445,2026-06-13 02:49:08,False,10000,98,0.0,0,0.6,0.1,0,0.5,10,9.5,10,rrt_20260613_024908_445.png
20260613_024910_448,2026-06-13 02:49:10,True,2411,78,17.99999999999999,31,0.6,0.1,0,0.5,10,9.5,10,rrt_20260613_024910_448.png
20260613_024917_093,2026-06-13 02:49:17,False,10000,92,0.0,0,0.6,0.1,0,0.5,10,9.5,10,rrt_20260613_024917_093.png
20260613_024919_602,2026-06-13 02:49:19,True,4537,72,20.400000000000006,35,0.6,0.1,0,0.5,10,9.5,10,rrt_20260613_024919_602.png
20260613_024926_271,2026-06-13 02:49:26,False,10000,84,0.0,0,0.6,0.1,0,0.5,10,9.5,10,rrt_20260613_024926_271.png
20260613_024927_676,2026-06-13 02:49:27,True,844,46,16.8,29,0.6,0.1,0,0.5,10,9.5,10,rrt_20260613_024927_676.png
20260613_024933_753,2026-06-13 02:49:33,False,10000,77,0.0,0,0.6,0.1,0,0.5,10,9.5,10,rrt_20260613_024933_753.png
20260613_024939_621,2026-06-13 02:49:39,False,10000,65,0.0,0,0.6,0.1,0,0.5,10,9.5,10,rrt_20260613_024939_621.png
20260613_024944_021,2026-06-13 02:49:44,False,10000,37,0.0,0,0.6,0.1,0,0.5,10,9.5,10,rrt_20260613_024944_021.png
20260613_024949_441,2026-06-13 02:49:49,False,10000,83,0.0,0,0.6,0.1,0,0.5,10,9.5,10,rrt_20260613_024949_441.png
20260613_024955_961,2026-06-13 02:49:55,False,10000,87,0.0,0,0.6,0.1,0,0.5,10,9.5,10,rrt_20260613_024955_961.png
20260613_025002_208,2026-06-13 02:50:02,False,10000,95,0.0,0,0.6,0.1,0,0.5,10,9.5,10,rrt_20260613_025002_208.png
20260613_025008_786,2026-06-13 02:50:08,False,10000,86,0.0,0,0.6,0.1,0,0.5,10,9.5,10,rrt_20260613_025008_786.png
20260613_025012_092,2026-06-13 02:50:12,False,10000,35,0.0,0,0.6,0.1,0,0.5,10,9.5,10,rrt_20260613_025012_092.png
20260613_025018_169,2026-06-13 02:50:18,False,10000,93,0.0,0,0.6,0.1,0,0.5,10,9.5,10,rrt_20260613_025018_169.png
20260613_025023_861,2026-06-13 02:50:23,False,10000,79,0.0,0,0.6,0.1,0,0.5,10,9.5,10,rrt_20260613_025023_861.png
20260613_025029_065,2026-06-13 02:50:29,False,10000,80,0.0,0,0.6,0.1,0,0.5,10,9.5,10,rrt_20260613_025029_065.png
20260613_025034_368,2026-06-13 02:50:34,False,10000,83,0.0,0,0.6,0.1,0,0.5,10,9.5,10,rrt_20260613_025034_368.png
20260613_025039_965,2026-06-13 02:50:39,False,10000,66,0.0,0,0.6,0.1,0,0.5,10,9.5,10,rrt_20260613_025039_965.png
20260613_025046_247,2026-06-13 02:50:46,False,10000,77,0.0,0,0.6,0.1,0,0.5,10,9.5,10,rrt_20260613_025046_247.png
20260613_025050_870,2026-06-13 02:50:50,True,7044,105,17.999999999999996,31,0.6,0.1,0,0.5,10,9.5,10,rrt_20260613_025050_870.png
20260613_025056_227,2026-06-13 02:50:56,False,10000,76,0.0,0,0.6,0.1,0,0.5,10,9.5,10,rrt_20260613_025056_227.png
20260613_025058_432,2026-06-13 02:50:58,True,3813,53,17.999999999999996,31,0.6,0.1,0,0.5,10,9.5,10,rrt_20260613_025058_432.png
20260613_025103_245,2026-06-13 02:51:03,False,10000,62,0.0,0,0.6,0.1,0,0.5,10,9.5,10,rrt_20260613_025103_245.png
20260613_025109_694,2026-06-13 02:51:09,False,10000,76,0.0,0,0.6,0.1,0,0.5,10,9.5,10,rrt_20260613_025109_694.png
20260613_025115_125,2026-06-13 02:51:15,False,10000,84,0.0,0,0.6,0.1,0,0.5,10,9.5,10,rrt_20260613_025115_125.png
20260613_025119_106,2026-06-13 02:51:19,False,10000,43,0.0,0,0.6,0.1,0,0.5,10,9.5,10,rrt_20260613_025119_106.png
20260613_025121_722,2026-06-13 02:51:21,True,4981,63,19.799999999999986,34,0.6,0.1,0,0.5,10,9.5,10,rrt_20260613_025121_722.png
20260613_025128_328,2026-06-13 02:51:28,False,10000,89,0.0,0,0.6,0.1,0,0.5,10,9.5,10,rrt_20260613_025128_328.png
20260613_025134_247,2026-06-13 02:51:34,False,10000,86,0.0,0,0.6,0.1,0,0.5,10,9.5,10,rrt_20260613_025134_247.png
20260613_025140_697,2026-06-13 02:51:40,False,10000,102,0.0,0,0.6,0.1,0,0.5,10,9.5,10,rrt_20260613_025140_697.png
20260613_025145_244,2026-06-13 02:51:45,False,10000,35,0.0,0,0.6,0.1,0,0.5,10,9.5,10,rrt_20260613_025145_244.png
20260613_025151_440,2026-06-13 02:51:51,False,10000,91,0.0,0,0.6,0.1,0,0.5,10,9.5,10,rrt_20260613_025151_440.png
20260613_025155_385,2026-06-13 02:51:55,False,10000,43,0.0,0,0.6,0.1,0,0.5,10,9.5,10,rrt_20260613_025155_385.png
20260613_025159_474,2026-06-13 02:51:59,True,7411,71,18.599999999999998,32,0.6,0.1,0,0.5,10,9.5,10,rrt_20260613_025159_474.png
20260613_025203_355,2026-06-13 02:52:03,True,7835,66,22.200000000000006,38,0.6,0.1,0,0.5,10,9.5,10,rrt_20260613_025203_355.png
20260613_025209_747,2026-06-13 02:52:09,False,10000,92,0.0,0,0.6,0.1,0,0.5,10,9.5,10,rrt_20260613_025209_747.png
20260613_025216_777,2026-06-13 02:52:16,False,10000,83,0.0,0,0.6,0.1,0,0.5,10,9.5,10,rrt_20260613_025216_777.png
20260613_025223_041,2026-06-13 02:52:23,False,10000,86,0.0,0,0.6,0.1,0,0.5,10,9.5,10,rrt_20260613_025223_041.png
20260613_025227_657,2026-06-13 02:52:27,False,10000,35,0.0,0,0.6,0.1,0,0.5,10,9.5,10,rrt_20260613_025227_657.png
20260613_025232_994,2026-06-13 02:52:32,False,10000,73,0.0,0,0.6,0.1,0,0.5,10,9.5,10,rrt_20260613_025232_994.png
20260613_025239_245,2026-06-13 02:52:39,False,10000,94,0.0,0,0.6,0.1,0,0.5,10,9.5,10,rrt_20260613_025239_245.png
20260613_025245_388,2026-06-13 02:52:45,False,10000,95,0.0,0,0.6,0.1,0,0.5,10,9.5,10,rrt_20260613_025245_388.png
20260613_025249_648,2026-06-13 02:52:49,True,6466,92,17.4,30,0.6,0.1,0,0.5,10,9.5,10,rrt_20260613_025249_648.png
20260613_025257_291,2026-06-13 02:52:57,False,10000,94,0.0,0,0.6,0.1,0,0.5,10,9.5,10,rrt_20260613_025257_291.png
20260613_025305_245,2026-06-13 02:53:05,False,10000,112,0.0,0,0.6,0.1,0,0.5,10,9.5,10,rrt_20260613_025305_245.png
20260613_025311_246,2026-06-13 02:53:11,False,10000,85,0.0,0,0.6,0.1,0,0.5,10,9.5,10,rrt_20260613_025311_246.png
20260613_025317_795,2026-06-13 02:53:17,False,10000,79,0.0,0,0.6,0.1,0,0.5,10,9.5,10,rrt_20260613_025317_795.png
20260613_025324_225,2026-06-13 02:53:24,False,10000,65,0.0,0,0.6,0.1,0,0.5,10,9.5,10,rrt_20260613_025324_225.png
20260613_025330_146,2026-06-13 02:53:30,False,10000,86,0.0,0,0.6,0.1,0,0.5,10,9.5,10,rrt_20260613_025330_146.png
20260613_025335_759,2026-06-13 02:53:35,False,10000,80,0.0,0,0.6,0.1,0,0.5,10,9.5,10,rrt_20260613_025335_759.png
20260613_025338_630,2026-06-13 02:53:38,True,3946,86,17.999999999999993,31,0.6,0.1,0,0.5,10,9.5,10,rrt_20260613_025338_630.png
20260613_025341_836,2026-06-13 02:53:41,False,10000,33,0.0,0,0.6,0.1,0,0.5,10,9.5,10,rrt_20260613_025341_836.png
20260613_025343_584,2026-06-13 02:53:43,True,1891,69,17.4,30,0.6,0.1,0,0.5,10,9.5,10,rrt_20260613_025343_584.png
20260613_025348_371,2026-06-13 02:53:48,False,10000,77,0.0,0,0.6,0.1,0,0.5,10,9.5,10,rrt_20260613_025348_371.png
20260613_025353_483,2026-06-13 02:53:53,False,10000,71,0.0,0,0.6,0.1,0,0.5,10,9.5,10,rrt_20260613_025353_483.png
20260613_025359_456,2026-06-13 02:53:59,False,10000,89,0.0,0,0.6,0.1,0,0.5,10,9.5,10,rrt_20260613_025359_456.png
20260613_025400_799,2026-06-13 02:54:00,True,824,40,16.799999999999997,29,0.6,0.1,0,0.5,10,9.5,10,rrt_20260613_025400_799.png
20260613_025403_132,2026-06-13 02:54:03,True,4238,75,17.399999999999988,30,0.6,0.1,0,0.5,10,9.5,10,rrt_20260613_025403_132.png
20260613_025408_145,2026-06-13 02:54:08,False,10000,80,0.0,0,0.6,0.1,0,0.5,10,9.5,10,rrt_20260613_025408_145.png
20260613_025413_295,2026-06-13 02:54:13,False,10000,69,0.0,0,0.6,0.1,0,0.5,10,9.5,10,rrt_20260613_025413_295.png
20260613_025417_874,2026-06-13 02:54:17,False,10000,38,0.0,0,0.6,0.1,0,0.5,10,9.5,10,rrt_20260613_025417_874.png
20260613_025422_298,2026-06-13 02:54:22,False,10000,38,0.0,0,0.6,0.1,0,0.5,10,9.5,10,rrt_20260613_025422_298.png
20260613_025427_178,2026-06-13 02:54:27,False,10000,76,0.0,0,0.6,0.1,0,0.5,10,9.5,10,rrt_20260613_025427_178.png
20260613_025431_862,2026-06-13 02:54:31,False,10000,84,0.0,0,0.6,0.1,0,0.5,10,9.5,10,rrt_20260613_025431_862.png
20260613_025436_527,2026-06-13 02:54:36,False,10000,70,0.0,0,0.6,0.1,0,0.5,10,9.5,10,rrt_20260613_025436_527.png
20260613_025442_387,2026-06-13 02:54:42,False,10000,93,0.0,0,0.6,0.1,0,0.5,10,9.5,10,rrt_20260613_025442_387.png
20260613_025447_853,2026-06-13 02:54:47,False,10000,85,0.0,0,0.6,0.1,0,0.5,10,9.5,10,rrt_20260613_025447_853.png
20260613_025455_097,2026-06-13 02:54:55,False,10000,110,0.0,0,0.6,0.1,0,0.5,10,9.5,10,rrt_20260613_025455_097.png
20260613_025501_934,2026-06-13 02:55:01,False,10000,90,0.0,0,0.6,0.1,0,0.5,10,9.5,10,rrt_20260613_025501_934.png
20260613_025503_180,2026-06-13 02:55:03,True,391,42,16.199999999999996,28,0.6,0.1,0,0.5,10,9.5,10,rrt_20260613_025503_180.png
20260613_025507_552,2026-06-13 02:55:07,False,10000,64,0.0,0,0.6,0.1,0,0.5,10,9.5,10,rrt_20260613_025507_552.png
20260613_025513_402,2026-06-13 02:55:13,False,10000,98,0.0,0,0.6,0.1,0,0.5,10,9.5,10,rrt_20260613_025513_402.png
20260613_025518_431,2026-06-13 02:55:18,False,10000,68,0.0,0,0.6,0.1,0,0.5,10,9.5,10,rrt_20260613_025518_431.png
20260613_025523_852,2026-06-13 02:55:23,False,10000,85,0.0,0,0.6,0.1,0,0.5,10,9.5,10,rrt_20260613_025523_852.png
20260613_025526_978,2026-06-13 02:55:26,False,10000,33,0.0,0,0.6,0.1,0,0.5,10,9.5,10,rrt_20260613_025526_978.png
20260613_025532_693,2026-06-13 02:55:32,False,10000,93,0.0,0,0.6,0.1,0,0.5,10,9.5,10,rrt_20260613_025532_693.png
20260613_025539_401,2026-06-13 02:55:39,False,10000,79,0.0,0,0.6,0.1,0,0.5,10,9.5,10,rrt_20260613_025539_401.png
20260613_025544_746,2026-06-13 02:55:44,False,10000,85,0.0,0,0.6,0.1,0,0.5,10,9.5,10,rrt_20260613_025544_746.png
20260613_025546_055,2026-06-13 02:55:46,True,774,36,16.799999999999997,29,0.6,0.1,0,0.5,10,9.5,10,rrt_20260613_025546_055.png
20260613_025551_495,2026-06-13 02:55:51,False,10000,68,0.0,0,0.6,0.1,0,0.5,10,9.5,10,rrt_20260613_025551_495.png
20260613_025556_364,2026-06-13 02:55:56,False,10000,82,0.0,0,0.6,0.1,0,0.5,10,9.5,10,rrt_20260613_025556_364.png
20260613_025601_843,2026-06-13 02:56:01,False,10000,84,0.0,0,0.6,0.1,0,0.5,10,9.5,10,rrt_20260613_025601_843.png
20260613_025607_149,2026-06-13 02:56:07,False,10000,84,0.0,0,0.6,0.1,0,0.5,10,9.5,10,rrt_20260613_025607_149.png
20260613_025613_637,2026-06-13 02:56:13,False,10000,78,0.0,0,0.6,0.1,0,0.5,10,9.5,10,rrt_20260613_025613_637.png
20260613_025620_539,2026-06-13 02:56:20,False,10000,79,0.0,0,0.6,0.1,0,0.5,10,9.5,10,rrt_20260613_025620_539.png
20260613_025625_964,2026-06-13 02:56:25,False,10000,89,0.0,0,0.6,0.1,0,0.5,10,9.5,10,rrt_20260613_025625_964.png
20260613_025631_602,2026-06-13 02:56:31,False,10000,87,0.0,0,0.6,0.1,0,0.5,10,9.5,10,rrt_20260613_025631_602.png
20260613_025633_225,2026-06-13 02:56:33,True,2047,59,17.4,30,0.6,0.1,0,0.5,10,9.5,10,rrt_20260613_025633_225.png
20260613_025634_380,2026-06-13 02:56:34,True,1539,47,18.599999999999994,32,0.6,0.1,0,0.5,10,9.5,10,rrt_20260613_025634_380.png
20260613_025640_160,2026-06-13 02:56:40,False,10000,69,0.0,0,0.6,0.1,0,0.5,10,9.5,10,rrt_20260613_025640_160.png
20260613_025645_092,2026-06-13 02:56:45,False,10000,79,0.0,0,0.6,0.1,0,0.5,10,9.5,10,rrt_20260613_025645_092.png
20260613_025649_073,2026-06-13 02:56:49,False,10000,42,0.0,0,0.6,0.1,0,0.5,10,9.5,10,rrt_20260613_025649_073.png
20260613_025654_014,2026-06-13 02:56:54,False,10000,66,0.0,0,0.6,0.1,0,0.5,10,9.5,10,rrt_20260613_025654_014.png
20260613_025655_269,2026-06-13 02:56:55,True,1283,44,17.999999999999996,31,0.6,0.1,0,0.5,10,9.5,10,rrt_20260613_025655_269.png
20260613_025700_142,2026-06-13 02:57:00,False,10000,80,0.0,0,0.6,0.1,0,0.5,10,9.5,10,rrt_20260613_025700_142.png
20260613_025704_580,2026-06-13 02:57:04,False,10000,43,0.0,0,0.6,0.1,0,0.5,10,9.5,10,rrt_20260613_025704_580.png
20260613_025709_867,2026-06-13 02:57:09,False,10000,99,0.0,0,0.6,0.1,0,0.5,10,9.5,10,rrt_20260613_025709_867.png
20260613_025715_300,2026-06-13 02:57:15,False,10000,81,0.0,0,0.6,0.1,0,0.5,10,9.5,10,rrt_20260613_025715_300.png
20260613_025720_427,2026-06-13 02:57:20,False,10000,77,0.0,0,0.6,0.1,0,0.5,10,9.5,10,rrt_20260613_025720_427.png
20260613_025721_777,2026-06-13 02:57:21,True,1167,62,19.8,34,0.6,0.2,0,0.5,10,9.5,10,rrt_20260613_025721_777.png
20260613_025723_448,2026-06-13 02:57:23,True,2792,67,19.8,34,0.6,0.2,0,0.5,10,9.5,10,rrt_20260613_025723_448.png
20260613_025726_998,2026-06-13 02:57:26,False,10000,42,0.0,0,0.6,0.2,0,0.5,10,9.5,10,rrt_20260613_025726_998.png
20260613_025732_837,2026-06-13 02:57:32,False,10000,89,0.0,0,0.6,0.2,0,0.5,10,9.5,10,rrt_20260613_025732_837.png
20260613_025738_591,2026-06-13 02:57:38,False,10000,86,0.0,0,0.6,0.2,0,0.5,10,9.5,10,rrt_20260613_025738_591.png
20260613_025743_900,2026-06-13 02:57:43,False,10000,71,0.0,0,0.6,0.2,0,0.5,10,9.5,10,rrt_20260613_025743_900.png
20260613_025749_202,2026-06-13 02:57:49,False,10000,71,0.0,0,0.6,0.2,0,0.5,10,9.5,10,rrt_20260613_025749_202.png
20260613_025751_548,2026-06-13 02:57:51,True,3215,75,18.599999999999994,32,0.6,0.2,0,0.5,10,9.5,10,rrt_20260613_025751_548.png
20260613_025757_908,2026-06-13 02:57:57,False,10000,113,0.0,0,0.6,0.2,0,0.5,10,9.5,10,rrt_20260613_025757_908.png
20260613_025803_923,2026-06-13 02:58:03,False,10000,67,0.0,0,0.6,0.2,0,0.5,10,9.5,10,rrt_20260613_025803_923.png
20260613_025805_499,2026-06-13 02:58:05,True,1826,62,21.000000000000007,36,0.6,0.2,0,0.5,10,9.5,10,rrt_20260613_025805_499.png
20260613_025810_569,2026-06-13 02:58:10,False,10000,75,0.0,0,0.6,0.2,0,0.5,10,9.5,10,rrt_20260613_025810_569.png
20260613_025815_740,2026-06-13 02:58:15,False,10000,74,0.0,0,0.6,0.2,0,0.5,10,9.5,10,rrt_20260613_025815_740.png
20260613_025821_277,2026-06-13 02:58:21,False,10000,76,0.0,0,0.6,0.2,0,0.5,10,9.5,10,rrt_20260613_025821_277.png
20260613_025827_057,2026-06-13 02:58:27,False,10000,80,0.0,0,0.6,0.2,0,0.5,10,9.5,10,rrt_20260613_025827_057.png
20260613_025833_302,2026-06-13 02:58:33,False,10000,96,0.0,0,0.6,0.2,0,0.5,10,9.5,10,rrt_20260613_025833_302.png
20260613_025839_209,2026-06-13 02:58:39,False,10000,69,0.0,0,0.6,0.2,0,0.5,10,9.5,10,rrt_20260613_025839_209.png
20260613_025845_493,2026-06-13 02:58:45,False,10000,78,0.0,0,0.6,0.2,0,0.5,10,9.5,10,rrt_20260613_025845_493.png
20260613_025850_901,2026-06-13 02:58:50,False,10000,66,0.0,0,0.6,0.2,0,0.5,10,9.5,10,rrt_20260613_025850_901.png
20260613_025857_503,2026-06-13 02:58:57,False,10000,102,0.0,0,0.6,0.2,0,0.5,10,9.5,10,rrt_20260613_025857_503.png
20260613_025902_506,2026-06-13 02:59:02,False,10000,78,0.0,0,0.6,0.2,0,0.5,10,9.5,10,rrt_20260613_025902_506.png
20260613_025905_015,2026-06-13 02:59:05,True,3568,82,16.8,29,0.6,0.2,0,0.5,10,9.5,10,rrt_20260613_025905_015.png
20260613_025909_125,2026-06-13 02:59:09,False,10000,35,0.0,0,0.6,0.2,0,0.5,10,9.5,10,rrt_20260613_025909_125.png
20260613_025915_372,2026-06-13 02:59:15,False,10000,103,0.0,0,0.6,0.2,0,0.5,10,9.5,10,rrt_20260613_025915_372.png
20260613_025916_683,2026-06-13 02:59:16,True,523,39,15.599999999999996,27,0.6,0.2,0,0.5,10,9.5,10,rrt_20260613_025916_683.png
20260613_025918_775,2026-06-13 02:59:18,True,3266,96,17.39999999999999,30,0.6,0.2,0,0.5,10,9.5,10,rrt_20260613_025918_775.png
20260613_025925_647,2026-06-13 02:59:25,False,10000,84,0.0,0,0.6,0.2,0,0.5,10,9.5,10,rrt_20260613_025925_647.png
20260613_025930_975,2026-06-13 02:59:30,False,10000,54,0.0,0,0.6,0.2,0,0.5,10,9.5,10,rrt_20260613_025930_975.png
20260613_025938_041,2026-06-13 02:59:38,False,10000,114,0.0,0,0.6,0.2,0,0.5,10,9.5,10,rrt_20260613_025938_041.png
20260613_025945_436,2026-06-13 02:59:45,False,10000,112,0.0,0,0.6,0.2,0,0.5,10,9.5,10,rrt_20260613_025945_436.png
20260613_025953_722,2026-06-13 02:59:53,False,10000,108,0.0,0,0.6,0.2,0,0.5,10,9.5,10,rrt_20260613_025953_722.png
20260613_025955_685,2026-06-13 02:59:55,True,1542,99,17.999999999999993,31,0.6,0.2,0,0.5,10,9.5,10,rrt_20260613_025955_685.png
20260613_030001_827,2026-06-13 03:00:01,False,10000,91,0.0,0,0.6,0.2,0,0.5,10,9.5,10,rrt_20260613_030001_827.png
20260613_030007_222,2026-06-13 03:00:07,False,10000,73,0.0,0,0.6,0.2,0,0.5,10,9.5,10,rrt_20260613_030007_222.png
20260613_030011_915,2026-06-13 03:00:11,False,10000,37,0.0,0,0.6,0.2,0,0.5,10,9.5,10,rrt_20260613_030011_915.png
20260613_030018_072,2026-06-13 03:00:18,False,10000,91,0.0,0,0.6,0.2,0,0.5,10,9.5,10,rrt_20260613_030018_072.png
20260613_030023_227,2026-06-13 03:00:23,False,10000,62,0.0,0,0.6,0.2,0,0.5,10,9.5,10,rrt_20260613_030023_227.png
20260613_030029_384,2026-06-13 03:00:29,False,10000,87,0.0,0,0.6,0.2,0,0.5,10,9.5,10,rrt_20260613_030029_384.png
20260613_030035_712,2026-06-13 03:00:35,False,10000,98,0.0,0,0.6,0.2,0,0.5,10,9.5,10,rrt_20260613_030035_712.png
20260613_030037_845,2026-06-13 03:00:37,True,2672,75,16.799999999999994,29,0.6,0.2,0,0.5,10,9.5,10,rrt_20260613_030037_845.png
20260613_030042_384,2026-06-13 03:00:42,False,10000,44,0.0,0,0.6,0.2,0,0.5,10,9.5,10,rrt_20260613_030042_384.png
20260613_030048_868,2026-06-13 03:00:48,False,10000,73,0.0,0,0.6,0.2,0,0.5,10,9.5,10,rrt_20260613_030048_868.png
20260613_030054_384,2026-06-13 03:00:54,False,10000,69,0.0,0,0.6,0.2,0,0.5,10,9.5,10,rrt_20260613_030054_384.png
20260613_030059_891,2026-06-13 03:00:59,False,10000,74,0.0,0,0.6,0.2,0,0.5,10,9.5,10,rrt_20260613_030059_891.png
20260613_030105_316,2026-06-13 03:01:05,False,10000,66,0.0,0,0.6,0.2,0,0.5,10,9.5,10,rrt_20260613_030105_316.png
20260613_030111_896,2026-06-13 03:01:11,False,10000,89,0.0,0,0.6,0.2,0,0.5,10,9.5,10,rrt_20260613_030111_896.png
20260613_030118_180,2026-06-13 03:01:18,False,10000,90,0.0,0,0.6,0.2,0,0.5,10,9.5,10,rrt_20260613_030118_180.png
20260613_030120_543,2026-06-13 03:01:20,True,3262,79,19.800000000000004,34,0.6,0.2,0,0.5,10,9.5,10,rrt_20260613_030120_543.png
20260613_030126_671,2026-06-13 03:01:26,False,10000,89,0.0,0,0.6,0.2,0,0.5,10,9.5,10,rrt_20260613_030126_671.png
20260613_030128_457,2026-06-13 03:01:28,True,1663,84,17.999999999999993,31,0.6,0.2,0,0.5,10,9.5,10,rrt_20260613_030128_457.png
20260613_030129_715,2026-06-13 03:01:29,True,566,42,18.0,31,0.6,0.2,0,0.5,10,9.5,10,rrt_20260613_030129_715.png
20260613_030135_436,2026-06-13 03:01:35,False,10000,92,0.0,0,0.6,0.2,0,0.5,10,9.5,10,rrt_20260613_030135_436.png
20260613_030136_785,2026-06-13 03:01:36,True,572,45,17.999999999999996,31,0.6,0.2,0,0.5,10,9.5,10,rrt_20260613_030136_785.png
20260613_030141_148,2026-06-13 03:01:41,False,10000,55,0.0,0,0.6,0.2,0,0.5,10,9.5,10,rrt_20260613_030141_148.png
20260613_030147_962,2026-06-13 03:01:47,False,10000,90,0.0,0,0.6,0.2,0,0.5,10,9.5,10,rrt_20260613_030147_962.png
20260613_030155_248,2026-06-13 03:01:55,False,10000,75,0.0,0,0.6,0.2,0,0.5,10,9.5,10,rrt_20260613_030155_248.png
20260613_030201_291,2026-06-13 03:02:01,False,10000,81,0.0,0,0.6,0.2,0,0.5,10,9.5,10,rrt_20260613_030201_291.png
20260613_030207_173,2026-06-13 03:02:07,False,10000,78,0.0,0,0.6,0.2,0,0.5,10,9.5,10,rrt_20260613_030207_173.png
20260613_030214_473,2026-06-13 03:02:14,False,10000,77,0.0,0,0.6,0.2,0,0.5,10,9.5,10,rrt_20260613_030214_473.png
20260613_030219_999,2026-06-13 03:02:20,False,10000,72,0.0,0,0.6,0.2,0,0.5,10,9.5,10,rrt_20260613_030219_999.png
20260613_030227_575,2026-06-13 03:02:27,False,10000,92,0.0,0,0.6,0.2,0,0.5,10,9.5,10,rrt_20260613_030227_575.png
20260613_030230_747,2026-06-13 03:02:30,True,3927,95,17.4,30,0.6,0.2,0,0.5,10,9.5,10,rrt_20260613_030230_747.png
20260613_030234_992,2026-06-13 03:02:34,False,10000,51,0.0,0,0.6,0.2,0,0.5,10,9.5,10,rrt_20260613_030234_992.png
20260613_030240_749,2026-06-13 03:02:40,False,10000,70,0.0,0,0.6,0.2,0,0.5,10,9.5,10,rrt_20260613_030240_749.png
20260613_030245_358,2026-06-13 03:02:45,False,10000,55,0.0,0,0.6,0.2,0,0.5,10,9.5,10,rrt_20260613_030245_358.png
20260613_030251_597,2026-06-13 03:02:51,False,10000,92,0.0,0,0.6,0.2,0,0.5,10,9.5,10,rrt_20260613_030251_597.png
20260613_030256_023,2026-06-13 03:02:56,False,10000,42,0.0,0,0.6,0.2,0,0.5,10,9.5,10,rrt_20260613_030256_023.png
20260613_030302_840,2026-06-13 03:03:02,False,10000,96,0.0,0,0.6,0.2,0,0.5,10,9.5,10,rrt_20260613_030302_840.png
20260613_030308_427,2026-06-13 03:03:08,False,10000,78,0.0,0,0.6,0.2,0,0.5,10,9.5,10,rrt_20260613_030308_427.png
20260613_030312_682,2026-06-13 03:03:12,False,10000,43,0.0,0,0.6,0.2,0,0.5,10,9.5,10,rrt_20260613_030312_682.png
20260613_030319_306,2026-06-13 03:03:19,False,10000,89,0.0,0,0.6,0.2,0,0.5,10,9.5,10,rrt_20260613_030319_306.png
20260613_030326_774,2026-06-13 03:03:26,False,10000,131,0.0,0,0.6,0.2,0,0.5,10,9.5,10,rrt_20260613_030326_774.png
20260613_030332_673,2026-06-13 03:03:32,False,10000,86,0.0,0,0.6,0.2,0,0.5,10,9.5,10,rrt_20260613_030332_673.png
20260613_030336_378,2026-06-13 03:03:36,False,10000,40,0.0,0,0.6,0.2,0,0.5,10,9.5,10,rrt_20260613_030336_378.png
20260613_030339_799,2026-06-13 03:03:39,False,10000,36,0.0,0,0.6,0.2,0,0.5,10,9.5,10,rrt_20260613_030339_799.png
20260613_030345_737,2026-06-13 03:03:45,False,10000,94,0.0,0,0.6,0.2,0,0.5,10,9.5,10,rrt_20260613_030345_737.png
20260613_030352_676,2026-06-13 03:03:52,False,10000,89,0.0,0,0.6,0.2,0,0.5,10,9.5,10,rrt_20260613_030352_676.png
20260613_030359_371,2026-06-13 03:03:59,False,10000,96,0.0,0,0.6,0.2,0,0.5,10,9.5,10,rrt_20260613_030359_371.png
20260613_030404_297,2026-06-13 03:04:04,False,10000,60,0.0,0,0.6,0.2,0,0.5,10,9.5,10,rrt_20260613_030404_297.png
20260613_030405_703,2026-06-13 03:04:05,True,1166,60,17.99999999999999,31,0.6,0.2,0,0.5,10,9.5,10,rrt_20260613_030405_703.png
20260613_030411_440,2026-06-13 03:04:11,False,10000,99,0.0,0,0.6,0.2,0,0.5,10,9.5,10,rrt_20260613_030411_440.png
20260613_030412_708,2026-06-13 03:04:12,True,312,43,16.199999999999996,28,0.6,0.2,0,0.5,10,9.5,10,rrt_20260613_030412_708.png
20260613_030413_525,2026-06-13 03:04:13,True,534,41,16.799999999999997,29,0.6,0.2,0,0.5,10,9.5,10,rrt_20260613_030413_525.png
20260613_030418_158,2026-06-13 03:04:18,False,10000,62,0.0,0,0.6,0.2,0,0.5,10,9.5,10,rrt_20260613_030418_158.png
20260613_030419_675,2026-06-13 03:04:19,True,1336,65,19.199999999999996,33,0.6,0.2,0,0.5,10,9.5,10,rrt_20260613_030419_675.png
20260613_030423_896,2026-06-13 03:04:23,False,10000,41,0.0,0,0.6,0.2,0,0.5,10,9.5,10,rrt_20260613_030423_896.png
20260613_030427_817,2026-06-13 03:04:27,True,5556,107,17.399999999999995,30,0.6,0.2,0,0.5,10,9.5,10,rrt_20260613_030427_817.png
20260613_030434_162,2026-06-13 03:04:34,False,10000,113,0.0,0,0.6,0.2,0,0.5,10,9.5,10,rrt_20260613_030434_162.png
20260613_030440_332,2026-06-13 03:04:40,False,10000,94,0.0,0,0.6,0.2,0,0.5,10,9.5,10,rrt_20260613_030440_332.png
20260613_030446_291,2026-06-13 03:04:46,False,10000,95,0.0,0,0.6,0.2,0,0.5,10,9.5,10,rrt_20260613_030446_291.png
20260613_030450_827,2026-06-13 03:04:50,False,10000,53,0.0,0,0.6,0.2,0,0.5,10,9.5,10,rrt_20260613_030450_827.png
20260613_030457_023,2026-06-13 03:04:57,False,10000,96,0.0,0,0.6,0.2,0,0.5,10,9.5,10,rrt_20260613_030457_023.png
20260613_030504_369,2026-06-13 03:05:04,False,10000,91,0.0,0,0.6,0.2,0,0.5,10,9.5,10,rrt_20260613_030504_369.png
20260613_030506_221,2026-06-13 03:05:06,True,1951,85,22.800000000000004,39,0.6,0.2,0,0.5,10,9.5,10,rrt_20260613_030506_221.png
20260613_030513_209,2026-06-13 03:05:13,False,10000,90,0.0,0,0.6,0.2,0,0.5,10,9.5,10,rrt_20260613_030513_209.png
20260613_030519_052,2026-06-13 03:05:19,False,10000,89,0.0,0,0.6,0.2,0,0.5,10,9.5,10,rrt_20260613_030519_052.png
20260613_030521_211,2026-06-13 03:05:21,True,2913,79,16.799999999999997,29,0.6,0.2,0,0.5,10,9.5,10,rrt_20260613_030521_211.png
20260613_030524_476,2026-06-13 03:05:24,False,10000,36,0.0,0,0.6,0.2,0,0.5,10,9.5,10,rrt_20260613_030524_476.png
20260613_030530_150,2026-06-13 03:05:30,False,10000,79,0.0,0,0.6,0.2,0,0.5,10,9.5,10,rrt_20260613_030530_150.png
20260613_030536_083,2026-06-13 03:05:36,False,10000,72,0.0,0,0.6,0.2,0,0.5,10,9.5,10,rrt_20260613_030536_083.png
20260613_030541_938,2026-06-13 03:05:41,False,10000,83,0.0,0,0.6,0.3,0,0.5,10,9.5,10,rrt_20260613_030541_938.png
20260613_030547_983,2026-06-13 03:05:47,False,10000,84,0.0,0,0.6,0.3,0,0.5,10,9.5,10,rrt_20260613_030547_983.png
20260613_030549_679,2026-06-13 03:05:49,True,1815,91,18.0,31,0.6,0.3,0,0.5,10,9.5,10,rrt_20260613_030549_679.png
20260613_030550_990,2026-06-13 03:05:50,True,1894,74,17.39999999999999,30,0.6,0.3,0,0.5,10,9.5,10,rrt_20260613_030550_990.png
20260613_030557_089,2026-06-13 03:05:57,False,10000,93,0.0,0,0.6,0.3,0,0.5,10,9.5,10,rrt_20260613_030557_089.png
20260613_030603_493,2026-06-13 03:06:03,False,10000,95,0.0,0,0.6,0.3,0,0.5,10,9.5,10,rrt_20260613_030603_493.png
20260613_030610_175,2026-06-13 03:06:10,False,10000,101,0.0,0,0.6,0.3,0,0.5,10,9.5,10,rrt_20260613_030610_175.png
20260613_030617_375,2026-06-13 03:06:17,False,10000,95,0.0,0,0.6,0.3,0,0.5,10,9.5,10,rrt_20260613_030617_375.png
20260613_030623_337,2026-06-13 03:06:23,False,10000,90,0.0,0,0.6,0.3,0,0.5,10,9.5,10,rrt_20260613_030623_337.png
20260613_030625_922,2026-06-13 03:06:25,True,3345,101,18.000000000000004,31,0.6,0.3,0,0.5,10,9.5,10,rrt_20260613_030625_922.png
20260613_030627_744,2026-06-13 03:06:27,True,1651,77,19.8,34,0.6,0.3,0,0.5,10,9.5,10,rrt_20260613_030627_744.png
20260613_030633_156,2026-06-13 03:06:33,False,10000,89,0.0,0,0.6,0.3,0,0.5,10,9.5,10,rrt_20260613_030633_156.png
20260613_030639_257,2026-06-13 03:06:39,False,10000,101,0.0,0,0.6,0.3,0,0.5,10,9.5,10,rrt_20260613_030639_257.png
20260613_030643_624,2026-06-13 03:06:43,False,10000,40,0.0,0,0.6,0.3,0,0.5,10,9.5,10,rrt_20260613_030643_624.png
20260613_030649_994,2026-06-13 03:06:49,False,10000,96,0.0,0,0.6,0.3,0,0.5,10,9.5,10,rrt_20260613_030649_994.png
20260613_030652_260,2026-06-13 03:06:52,True,2569,91,18.6,32,0.6,0.3,0,0.5,10,9.5,10,rrt_20260613_030652_260.png
20260613_030658_078,2026-06-13 03:06:58,False,10000,85,0.0,0,0.6,0.3,0,0.5,10,9.5,10,rrt_20260613_030658_078.png
20260613_030703_726,2026-06-13 03:07:03,False,10000,78,0.0,0,0.6,0.3,0,0.5,10,9.5,10,rrt_20260613_030703_726.png
20260613_030709_898,2026-06-13 03:07:09,False,10000,69,0.0,0,0.6,0.3,0,0.5,10,9.5,10,rrt_20260613_030709_898.png
20260613_030715_541,2026-06-13 03:07:15,False,10000,84,0.0,0,0.6,0.3,0,0.5,10,9.5,10,rrt_20260613_030715_541.png
20260613_030723_339,2026-06-13 03:07:23,False,10000,121,0.0,0,0.6,0.3,0,0.5,10,9.5,10,rrt_20260613_030723_339.png
20260613_030728_773,2026-06-13 03:07:28,False,10000,60,0.0,0,0.6,0.3,0,0.5,10,9.5,10,rrt_20260613_030728_773.png
20260613_030734_011,2026-06-13 03:07:34,False,10000,79,0.0,0,0.6,0.3,0,0.5,10,9.5,10,rrt_20260613_030734_011.png
20260613_030739_957,2026-06-13 03:07:39,False,10000,74,0.0,0,0.6,0.3,0,0.5,10,9.5,10,rrt_20260613_030739_957.png
20260613_030746_150,2026-06-13 03:07:46,False,10000,85,0.0,0,0.6,0.3,0,0.5,10,9.5,10,rrt_20260613_030746_150.png
20260613_030747_513,2026-06-13 03:07:47,True,420,55,18.6,32,0.6,0.3,0,0.5,10,9.5,10,rrt_20260613_030747_513.png
20260613_030752_769,2026-06-13 03:07:52,False,10000,81,0.0,0,0.6,0.3,0,0.5,10,9.5,10,rrt_20260613_030752_769.png
20260613_030757_663,2026-06-13 03:07:57,False,10000,62,0.0,0,0.6,0.3,0,0.5,10,9.5,10,rrt_20260613_030757_663.png
20260613_030801_096,2026-06-13 03:08:01,False,10000,37,0.0,0,0.6,0.3,0,0.5,10,9.5,10,rrt_20260613_030801_096.png
20260613_030807_708,2026-06-13 03:08:07,False,10000,93,0.0,0,0.6,0.3,0,0.5,10,9.5,10,rrt_20260613_030807_708.png
20260613_030812_298,2026-06-13 03:08:12,False,10000,45,0.0,0,0.6,0.3,0,0.5,10,9.5,10,rrt_20260613_030812_298.png
20260613_030817_689,2026-06-13 03:08:17,False,10000,77,0.0,0,0.6,0.3,0,0.5,10,9.5,10,rrt_20260613_030817_689.png
20260613_030824_052,2026-06-13 03:08:24,False,10000,78,0.0,0,0.6,0.3,0,0.5,10,9.5,10,rrt_20260613_030824_052.png
20260613_030830_261,2026-06-13 03:08:30,False,10000,99,0.0,0,0.6,0.3,0,0.5,10,9.5,10,rrt_20260613_030830_261.png
20260613_030837_117,2026-06-13 03:08:37,False,10000,90,0.0,0,0.6,0.3,0,0.5,10,9.5,10,rrt_20260613_030837_117.png
20260613_030841_630,2026-06-13 03:08:41,False,10000,57,0.0,0,0.6,0.3,0,0.5,10,9.5,10,rrt_20260613_030841_630.png
20260613_030848_033,2026-06-13 03:08:48,False,10000,80,0.0,0,0.6,0.3,0,0.5,10,9.5,10,rrt_20260613_030848_033.png
20260613_030849_456,2026-06-13 03:08:49,True,643,57,16.199999999999996,28,0.6,0.3,0,0.5,10,9.5,10,rrt_20260613_030849_456.png
20260613_030855_409,2026-06-13 03:08:55,False,10000,79,0.0,0,0.6,0.3,0,0.5,10,9.5,10,rrt_20260613_030855_409.png
20260613_030856_724,2026-06-13 03:08:56,True,628,52,20.4,35,0.6,0.3,0,0.5,10,9.5,10,rrt_20260613_030856_724.png
20260613_030858_317,2026-06-13 03:08:58,True,2139,82,16.79999999999999,29,0.6,0.3,0,0.5,10,9.5,10,rrt_20260613_030858_317.png
20260613_030905_575,2026-06-13 03:09:05,False,10000,97,0.0,0,0.6,0.3,0,0.5,10,9.5,10,rrt_20260613_030905_575.png
20260613_030911_260,2026-06-13 03:09:11,False,10000,61,0.0,0,0.6,0.3,0,0.5,10,9.5,10,rrt_20260613_030911_260.png
20260613_030917_420,2026-06-13 03:09:17,False,10000,73,0.0,0,0.6,0.3,0,0.5,10,9.5,10,rrt_20260613_030917_420.png
20260613_030924_085,2026-06-13 03:09:24,False,10000,85,0.0,0,0.6,0.3,0,0.5,10,9.5,10,rrt_20260613_030924_085.png
20260613_030930_112,2026-06-13 03:09:30,False,10000,91,0.0,0,0.6,0.3,0,0.5,10,9.5,10,rrt_20260613_030930_112.png
20260613_030936_097,2026-06-13 03:09:36,False,10000,87,0.0,0,0.6,0.3,0,0.5,10,9.5,10,rrt_20260613_030936_097.png
20260613_030942_339,2026-06-13 03:09:42,False,10000,70,0.0,0,0.6,0.3,0,0.5,10,9.5,10,rrt_20260613_030942_339.png
20260613_030943_517,2026-06-13 03:09:43,True,355,50,15.599999999999996,27,0.6,0.3,0,0.5,10,9.5,10,rrt_20260613_030943_517.png
20260613_030949_391,2026-06-13 03:09:49,False,10000,93,0.0,0,0.6,0.3,0,0.5,10,9.5,10,rrt_20260613_030949_391.png
20260613_030953_388,2026-06-13 03:09:53,False,10000,42,0.0,0,0.6,0.3,0,0.5,10,9.5,10,rrt_20260613_030953_388.png
20260613_030954_857,2026-06-13 03:09:54,True,712,57,18.0,31,0.6,0.3,0,0.5,10,9.5,10,rrt_20260613_030954_857.png
20260613_030959_465,2026-06-13 03:09:59,False,10000,50,0.0,0,0.6,0.3,0,0.5,10,9.5,10,rrt_20260613_030959_465.png
20260613_031005_654,2026-06-13 03:10:05,False,10000,72,0.0,0,0.6,0.3,0,0.5,10,9.5,10,rrt_20260613_031005_654.png
20260613_031008_023,2026-06-13 03:10:08,True,3120,77,18.600000000000005,32,0.6,0.3,0,0.5,10,9.5,10,rrt_20260613_031008_023.png
20260613_031010_269,2026-06-13 03:10:10,True,2619,106,19.199999999999992,33,0.6,0.3,0,0.5,10,9.5,10,rrt_20260613_031010_269.png
20260613_031016_699,2026-06-13 03:10:16,False,10000,109,0.0,0,0.6,0.3,0,0.5,10,9.5,10,rrt_20260613_031016_699.png
20260613_031023_262,2026-06-13 03:10:23,False,10000,81,0.0,0,0.6,0.3,0,0.5,10,9.5,10,rrt_20260613_031023_262.png
20260613_031028_974,2026-06-13 03:10:28,False,10000,86,0.0,0,0.6,0.3,0,0.5,10,9.5,10,rrt_20260613_031028_974.png
20260613_031031_044,2026-06-13 03:10:31,True,2296,93,18.0,31,0.6,0.3,0,0.5,10,9.5,10,rrt_20260613_031031_044.png
20260613_031036_330,2026-06-13 03:10:36,False,10000,75,0.0,0,0.6,0.3,0,0.5,10,9.5,10,rrt_20260613_031036_330.png
20260613_031037_571,2026-06-13 03:10:37,True,506,63,20.4,35,0.6,0.3,0,0.5,10,9.5,10,rrt_20260613_031037_571.png
20260613_031043_782,2026-06-13 03:10:43,False,10000,98,0.0,0,0.6,0.3,0,0.5,10,9.5,10,rrt_20260613_031043_782.png
20260613_031044_979,2026-06-13 03:10:44,True,259,35,17.39999999999999,30,0.6,0.3,0,0.5,10,9.5,10,rrt_20260613_031044_979.png
20260613_031050_887,2026-06-13 03:10:50,False,10000,95,0.0,0,0.6,0.3,0,0.5,10,9.5,10,rrt_20260613_031050_887.png
20260613_031054_718,2026-06-13 03:10:54,False,10000,44,0.0,0,0.6,0.3,0,0.5,10,9.5,10,rrt_20260613_031054_718.png
20260613_031100_431,2026-06-13 03:11:00,False,10000,74,0.0,0,0.6,0.3,0,0.5,10,9.5,10,rrt_20260613_031100_431.png
20260613_031107_373,2026-06-13 03:11:07,False,10000,74,0.0,0,0.6,0.3,0,0.5,10,9.5,10,rrt_20260613_031107_373.png
20260613_031114_028,2026-06-13 03:11:14,False,10000,96,0.0,0,0.6,0.3,0,0.5,10,9.5,10,rrt_20260613_031114_028.png
20260613_031116_225,2026-06-13 03:11:16,True,2624,75,17.399999999999988,30,0.6,0.3,0,0.5,10,9.5,10,rrt_20260613_031116_225.png
20260613_031122_141,2026-06-13 03:11:22,False,10000,77,0.0,0,0.6,0.3,0,0.5,10,9.5,10,rrt_20260613_031122_141.png
20260613_031128_818,2026-06-13 03:11:28,False,10000,93,0.0,0,0.6,0.3,0,0.5,10,9.5,10,rrt_20260613_031128_818.png
20260613_031134_992,2026-06-13 03:11:34,False,10000,85,0.0,0,0.6,0.3,0,0.5,10,9.5,10,rrt_20260613_031134_992.png
20260613_031136_857,2026-06-13 03:11:36,True,1477,76,17.4,30,0.6,0.3,0,0.5,10,9.5,10,rrt_20260613_031136_857.png
20260613_031139_778,2026-06-13 03:11:39,True,3431,109,18.599999999999998,32,0.6,0.3,0,0.5,10,9.5,10,rrt_20260613_031139_778.png
20260613_031144_661,2026-06-13 03:11:44,False,10000,33,0.0,0,0.6,0.3,0,0.5,10,9.5,10,rrt_20260613_031144_661.png
20260613_031151_271,2026-06-13 03:11:51,False,10000,91,0.0,0,0.6,0.3,0,0.5,10,9.5,10,rrt_20260613_031151_271.png
20260613_031157_791,2026-06-13 03:11:57,False,10000,87,0.0,0,0.6,0.3,0,0.5,10,9.5,10,rrt_20260613_031157_791.png
20260613_031204_306,2026-06-13 03:12:04,False,10000,79,0.0,0,0.6,0.3,0,0.5,10,9.5,10,rrt_20260613_031204_306.png
20260613_031211_816,2026-06-13 03:12:11,False,10000,83,0.0,0,0.6,0.3,0,0.5,10,9.5,10,rrt_20260613_031211_816.png
20260613_031219_123,2026-06-13 03:12:19,False,10000,81,0.0,0,0.6,0.3,0,0.5,10,9.5,10,rrt_20260613_031219_123.png
20260613_031226_097,2026-06-13 03:12:26,False,10000,88,0.0,0,0.6,0.3,0,0.5,10,9.5,10,rrt_20260613_031226_097.png
20260613_031228_568,2026-06-13 03:12:28,True,3137,85,17.4,30,0.6,0.3,0,0.5,10,9.5,10,rrt_20260613_031228_568.png
20260613_031232_154,2026-06-13 03:12:32,False,10000,38,0.0,0,0.6,0.3,0,0.5,10,9.5,10,rrt_20260613_031232_154.png
20260613_031233_952,2026-06-13 03:12:33,True,1360,94,16.799999999999997,29,0.6,0.3,0,0.5,10,9.5,10,rrt_20260613_031233_952.png
20260613_031240_009,2026-06-13 03:12:40,False,10000,58,0.0,0,0.6,0.3,0,0.5,10,9.5,10,rrt_20260613_031240_009.png
20260613_031246_375,2026-06-13 03:12:46,False,10000,87,0.0,0,0.6,0.3,0,0.5,10,9.5,10,rrt_20260613_031246_375.png
20260613_031253_985,2026-06-13 03:12:53,False,10000,87,0.0,0,0.6,0.3,0,0.5,10,9.5,10,rrt_20260613_031253_985.png
20260613_031300_316,2026-06-13 03:13:00,False,10000,88,0.0,0,0.6,0.3,0,0.5,10,9.5,10,rrt_20260613_031300_316.png
20260613_031307_040,2026-06-13 03:13:07,False,10000,104,0.0,0,0.6,0.3,0,0.5,10,9.5,10,rrt_20260613_031307_040.png
20260613_031314_774,2026-06-13 03:13:14,False,10000,86,0.0,0,0.6,0.3,0,0.5,10,9.5,10,rrt_20260613_031314_774.png
20260613_031320_696,2026-06-13 03:13:20,False,10000,75,0.0,0,0.6,0.3,0,0.5,10,9.5,10,rrt_20260613_031320_696.png
20260613_031326_360,2026-06-13 03:13:26,False,10000,76,0.0,0,0.6,0.3,0,0.5,10,9.5,10,rrt_20260613_031326_360.png
20260613_031328_790,2026-06-13 03:13:28,True,2861,76,19.800000000000004,34,0.6,0.3,0,0.5,10,9.5,10,rrt_20260613_031328_790.png
20260613_031335_662,2026-06-13 03:13:35,False,10000,76,0.0,0,0.6,0.3,0,0.5,10,9.5,10,rrt_20260613_031335_662.png
20260613_031342_067,2026-06-13 03:13:42,False,10000,90,0.0,0,0.6,0.3,0,0.5,10,9.5,10,rrt_20260613_031342_067.png
20260613_031348_730,2026-06-13 03:13:48,False,10000,76,0.0,0,0.6,0.3,0,0.5,10,9.5,10,rrt_20260613_031348_730.png
20260613_031354_879,2026-06-13 03:13:54,False,10000,81,0.0,0,0.6,0.3,0,0.5,10,9.5,10,rrt_20260613_031354_879.png
20260613_031400_773,2026-06-13 03:14:00,False,10000,72,0.0,0,0.6,0.3,0,0.5,10,9.5,10,rrt_20260613_031400_773.png
20260613_031404_997,2026-06-13 03:14:04,False,10000,45,0.0,0,0.6,0.3,0,0.5,10,9.5,10,rrt_20260613_031404_997.png
20260613_031411_918,2026-06-13 03:14:11,False,10000,82,0.0,0,0.6,0.4,0,0.5,10,9.5,10,rrt_20260613_031411_918.png
20260613_031418_814,2026-06-13 03:14:18,False,10000,82,0.0,0,0.6,0.4,0,0.5,10,9.5,10,rrt_20260613_031418_814.png
20260613_031423_635,2026-06-13 03:14:23,False,10000,43,0.0,0,0.6,0.4,0,0.5,10,9.5,10,rrt_20260613_031423_635.png
20260613_031430_330,2026-06-13 03:14:30,False,10000,70,0.0,0,0.6,0.4,0,0.5,10,9.5,10,rrt_20260613_031430_330.png
20260613_031435_049,2026-06-13 03:14:35,False,10000,35,0.0,0,0.6,0.4,0,0.5,10,9.5,10,rrt_20260613_031435_049.png
20260613_031440_477,2026-06-13 03:14:40,False,10000,69,0.0,0,0.6,0.4,0,0.5,10,9.5,10,rrt_20260613_031440_477.png
20260613_031445_403,2026-06-13 03:14:45,False,10000,41,0.0,0,0.6,0.4,0,0.5,10,9.5,10,rrt_20260613_031445_403.png
20260613_031451_697,2026-06-13 03:14:51,False,10000,81,0.0,0,0.6,0.4,0,0.5,10,9.5,10,rrt_20260613_031451_697.png
20260613_031457_018,2026-06-13 03:14:57,False,10000,52,0.0,0,0.6,0.4,0,0.5,10,9.5,10,rrt_20260613_031457_018.png
20260613_031500_511,2026-06-13 03:15:00,True,3775,92,18.000000000000004,31,0.6,0.4,0,0.5,10,9.5,10,rrt_20260613_031500_511.png
20260613_031506_555,2026-06-13 03:15:06,False,10000,81,0.0,0,0.6,0.4,0,0.5,10,9.5,10,rrt_20260613_031506_555.png
20260613_031513_239,2026-06-13 03:15:13,False,10000,83,0.0,0,0.6,0.4,0,0.5,10,9.5,10,rrt_20260613_031513_239.png
20260613_031518_154,2026-06-13 03:15:18,False,10000,53,0.0,0,0.6,0.4,0,0.5,10,9.5,10,rrt_20260613_031518_154.png
20260613_031524_210,2026-06-13 03:15:24,False,10000,87,0.0,0,0.6,0.4,0,0.5,10,9.5,10,rrt_20260613_031524_210.png
20260613_031525_492,2026-06-13 03:15:25,True,171,38,17.399999999999995,30,0.6,0.4,0,0.5,10,9.5,10,rrt_20260613_031525_492.png
20260613_031530_836,2026-06-13 03:15:30,False,10000,79,0.0,0,0.6,0.4,0,0.5,10,9.5,10,rrt_20260613_031530_836.png
20260613_031535_433,2026-06-13 03:15:35,False,10000,54,0.0,0,0.6,0.4,0,0.5,10,9.5,10,rrt_20260613_031535_433.png
20260613_031541_194,2026-06-13 03:15:41,False,10000,82,0.0,0,0.6,0.4,0,0.5,10,9.5,10,rrt_20260613_031541_194.png
20260613_031546_609,2026-06-13 03:15:46,False,10000,70,0.0,0,0.6,0.4,0,0.5,10,9.5,10,rrt_20260613_031546_609.png
20260613_031552_495,2026-06-13 03:15:52,False,10000,60,0.0,0,0.6,0.4,0,0.5,10,9.5,10,rrt_20260613_031552_495.png
20260613_031558_742,2026-06-13 03:15:58,False,10000,95,0.0,0,0.6,0.4,0,0.5,10,9.5,10,rrt_20260613_031558_742.png
20260613_031604_896,2026-06-13 03:16:04,False,10000,74,0.0,0,0.6,0.4,0,0.5,10,9.5,10,rrt_20260613_031604_896.png
20260613_031609_449,2026-06-13 03:16:09,False,10000,62,0.0,0,0.6,0.4,0,0.5,10,9.5,10,rrt_20260613_031609_449.png
20260613_031616_035,2026-06-13 03:16:16,False,10000,92,0.0,0,0.6,0.4,0,0.5,10,9.5,10,rrt_20260613_031616_035.png
20260613_031621_964,2026-06-13 03:16:21,False,10000,80,0.0,0,0.6,0.4,0,0.5,10,9.5,10,rrt_20260613_031621_964.png
20260613_031628_693,2026-06-13 03:16:28,False,10000,78,0.0,0,0.6,0.4,0,0.5,10,9.5,10,rrt_20260613_031628_693.png
20260613_031630_111,2026-06-13 03:16:30,True,1203,85,16.799999999999997,29,0.6,0.4,0,0.5,10,9.5,10,rrt_20260613_031630_111.png
20260613_031635_859,2026-06-13 03:16:35,False,10000,88,0.0,0,0.6,0.4,0,0.5,10,9.5,10,rrt_20260613_031635_859.png
20260613_031641_764,2026-06-13 03:16:41,False,10000,75,0.0,0,0.6,0.4,0,0.5,10,9.5,10,rrt_20260613_031641_764.png
20260613_031647_511,2026-06-13 03:16:47,False,10000,85,0.0,0,0.6,0.4,0,0.5,10,9.5,10,rrt_20260613_031647_511.png
20260613_031651_440,2026-06-13 03:16:51,False,10000,52,0.0,0,0.6,0.4,0,0.5,10,9.5,10,rrt_20260613_031651_440.png
20260613_031658_666,2026-06-13 03:16:58,False,10000,91,0.0,0,0.6,0.4,0,0.5,10,9.5,10,rrt_20260613_031658_666.png
20260613_031704_546,2026-06-13 03:17:04,False,10000,87,0.0,0,0.6,0.4,0,0.5,10,9.5,10,rrt_20260613_031704_546.png
20260613_031710_473,2026-06-13 03:17:10,False,10000,98,0.0,0,0.6,0.4,0,0.5,10,9.5,10,rrt_20260613_031710_473.png
20260613_031715_682,2026-06-13 03:17:15,False,10000,74,0.0,0,0.6,0.4,0,0.5,10,9.5,10,rrt_20260613_031715_682.png
20260613_031723_929,2026-06-13 03:17:23,False,10000,118,0.0,0,0.6,0.4,0,0.5,10,9.5,10,rrt_20260613_031723_929.png
20260613_031730_539,2026-06-13 03:17:30,False,10000,90,0.0,0,0.6,0.4,0,0.5,10,9.5,10,rrt_20260613_031730_539.png
20260613_031735_368,2026-06-13 03:17:35,False,10000,50,0.0,0,0.6,0.4,0,0.5,10,9.5,10,rrt_20260613_031735_368.png
20260613_031741_431,2026-06-13 03:17:41,False,10000,87,0.0,0,0.6,0.4,0,0.5,10,9.5,10,rrt_20260613_031741_431.png
20260613_031748_303,2026-06-13 03:17:48,False,10000,85,0.0,0,0.6,0.4,0,0.5,10,9.5,10,rrt_20260613_031748_303.png
20260613_031754_129,2026-06-13 03:17:54,False,10000,82,0.0,0,0.6,0.4,0,0.5,10,9.5,10,rrt_20260613_031754_129.png
20260613_031757_862,2026-06-13 03:17:57,False,10000,41,0.0,0,0.6,0.4,0,0.5,10,9.5,10,rrt_20260613_031757_862.png
20260613_031802_189,2026-06-13 03:18:02,False,10000,40,0.0,0,0.6,0.4,0,0.5,10,9.5,10,rrt_20260613_031802_189.png
20260613_031808_392,2026-06-13 03:18:08,False,10000,89,0.0,0,0.6,0.4,0,0.5,10,9.5,10,rrt_20260613_031808_392.png
20260613_031813_654,2026-06-13 03:18:13,False,10000,61,0.0,0,0.6,0.4,0,0.5,10,9.5,10,rrt_20260613_031813_654.png
20260613_031815_217,2026-06-13 03:18:15,True,1630,74,20.400000000000006,35,0.6,0.4,0,0.5,10,9.5,10,rrt_20260613_031815_217.png
20260613_031818_643,2026-06-13 03:18:18,False,10000,41,0.0,0,0.6,0.4,0,0.5,10,9.5,10,rrt_20260613_031818_643.png
20260613_031825_070,2026-06-13 03:18:25,False,10000,96,0.0,0,0.6,0.4,0,0.5,10,9.5,10,rrt_20260613_031825_070.png
20260613_031831_743,2026-06-13 03:18:31,False,10000,82,0.0,0,0.6,0.4,0,0.5,10,9.5,10,rrt_20260613_031831_743.png
20260613_031837_991,2026-06-13 03:18:37,False,10000,72,0.0,0,0.6,0.4,0,0.5,10,9.5,10,rrt_20260613_031837_991.png
20260613_031840_269,2026-06-13 03:18:40,True,2582,84,17.4,30,0.6,0.4,0,0.5,10,9.5,10,rrt_20260613_031840_269.png
20260613_031841_384,2026-06-13 03:18:41,True,530,66,16.199999999999996,28,0.6,0.4,0,0.5,10,9.5,10,rrt_20260613_031841_384.png
20260613_031846_720,2026-06-13 03:18:46,False,10000,76,0.0,0,0.6,0.4,0,0.5,10,9.5,10,rrt_20260613_031846_720.png
20260613_031851_600,2026-06-13 03:18:51,False,10000,71,0.0,0,0.6,0.4,0,0.5,10,9.5,10,rrt_20260613_031851_600.png
20260613_031852_959,2026-06-13 03:18:52,True,380,52,17.4,30,0.6,0.4,0,0.5,10,9.5,10,rrt_20260613_031852_959.png
20260613_031859_239,2026-06-13 03:18:59,False,10000,79,0.0,0,0.6,0.4,0,0.5,10,9.5,10,rrt_20260613_031859_239.png
20260613_031905_617,2026-06-13 03:19:05,False,10000,77,0.0,0,0.6,0.4,0,0.5,10,9.5,10,rrt_20260613_031905_617.png
20260613_031911_324,2026-06-13 03:19:11,False,10000,70,0.0,0,0.6,0.4,0,0.5,10,9.5,10,rrt_20260613_031911_324.png
20260613_031917_617,2026-06-13 03:19:17,False,10000,77,0.0,0,0.6,0.4,0,0.5,10,9.5,10,rrt_20260613_031917_617.png
20260613_031922_835,2026-06-13 03:19:22,False,10000,70,0.0,0,0.6,0.4,0,0.5,10,9.5,10,rrt_20260613_031922_835.png
20260613_031928_434,2026-06-13 03:19:28,False,10000,80,0.0,0,0.6,0.4,0,0.5,10,9.5,10,rrt_20260613_031928_434.png
20260613_031934_988,2026-06-13 03:19:34,False,10000,97,0.0,0,0.6,0.4,0,0.5,10,9.5,10,rrt_20260613_031934_988.png
20260613_031941_022,2026-06-13 03:19:41,False,10000,91,0.0,0,0.6,0.4,0,0.5,10,9.5,10,rrt_20260613_031941_022.png
20260613_031947_179,2026-06-13 03:19:47,False,10000,74,0.0,0,0.6,0.4,0,0.5,10,9.5,10,rrt_20260613_031947_179.png
20260613_031953_352,2026-06-13 03:19:53,False,10000,80,0.0,0,0.6,0.4,0,0.5,10,9.5,10,rrt_20260613_031953_352.png
20260613_031955_156,2026-06-13 03:19:55,True,1322,96,17.39999999999999,30,0.6,0.4,0,0.5,10,9.5,10,rrt_20260613_031955_156.png
20260613_032000_885,2026-06-13 03:20:00,False,10000,82,0.0,0,0.6,0.4,0,0.5,10,9.5,10,rrt_20260613_032000_885.png
20260613_032003_475,2026-06-13 03:20:03,True,2695,78,19.200000000000003,33,0.6,0.4,0,0.5,10,9.5,10,rrt_20260613_032003_475.png
20260613_032008_618,2026-06-13 03:20:08,False,10000,66,0.0,0,0.6,0.4,0,0.5,10,9.5,10,rrt_20260613_032008_618.png
20260613_032014_450,2026-06-13 03:20:14,False,10000,78,0.0,0,0.6,0.4,0,0.5,10,9.5,10,rrt_20260613_032014_450.png
20260613_032017_826,2026-06-13 03:20:17,True,4122,93,16.799999999999994,29,0.6,0.4,0,0.5,10,9.5,10,rrt_20260613_032017_826.png
20260613_032019_206,2026-06-13 03:20:19,True,890,65,17.4,30,0.6,0.4,0,0.5,10,9.5,10,rrt_20260613_032019_206.png
20260613_032022_832,2026-06-13 03:20:22,False,10000,44,0.0,0,0.6,0.4,0,0.5,10,9.5,10,rrt_20260613_032022_832.png
20260613_032029_046,2026-06-13 03:20:29,False,10000,68,0.0,0,0.6,0.4,0,0.5,10,9.5,10,rrt_20260613_032029_046.png
20260613_032034_426,2026-06-13 03:20:34,False,10000,69,0.0,0,0.6,0.4,0,0.5,10,9.5,10,rrt_20260613_032034_426.png
20260613_032040_500,2026-06-13 03:20:40,False,10000,68,0.0,0,0.6,0.4,0,0.5,10,9.5,10,rrt_20260613_032040_500.png
20260613_032046_982,2026-06-13 03:20:46,False,10000,96,0.0,0,0.6,0.4,0,0.5,10,9.5,10,rrt_20260613_032046_982.png
20260613_032054_517,2026-06-13 03:20:54,False,10000,91,0.0,0,0.6,0.4,0,0.5,10,9.5,10,rrt_20260613_032054_517.png
20260613_032100_713,2026-06-13 03:21:00,False,10000,66,0.0,0,0.6,0.4,0,0.5,10,9.5,10,rrt_20260613_032100_713.png
20260613_032106_751,2026-06-13 03:21:06,False,10000,77,0.0,0,0.6,0.4,0,0.5,10,9.5,10,rrt_20260613_032106_751.png
20260613_032112_912,2026-06-13 03:21:12,False,10000,85,0.0,0,0.6,0.4,0,0.5,10,9.5,10,rrt_20260613_032112_912.png
20260613_032118_543,2026-06-13 03:21:18,False,10000,76,0.0,0,0.6,0.4,0,0.5,10,9.5,10,rrt_20260613_032118_543.png
20260613_032125_086,2026-06-13 03:21:25,False,10000,91,0.0,0,0.6,0.4,0,0.5,10,9.5,10,rrt_20260613_032125_086.png
20260613_032129_063,2026-06-13 03:21:29,False,10000,42,0.0,0,0.6,0.4,0,0.5,10,9.5,10,rrt_20260613_032129_063.png
20260613_032134_102,2026-06-13 03:21:34,False,10000,42,0.0,0,0.6,0.4,0,0.5,10,9.5,10,rrt_20260613_032134_102.png
20260613_032140_390,2026-06-13 03:21:40,False,10000,87,0.0,0,0.6,0.4,0,0.5,10,9.5,10,rrt_20260613_032140_390.png
20260613_032146_594,2026-06-13 03:21:46,False,10000,89,0.0,0,0.6,0.4,0,0.5,10,9.5,10,rrt_20260613_032146_594.png
20260613_032151_777,2026-06-13 03:21:51,False,10000,63,0.0,0,0.6,0.4,0,0.5,10,9.5,10,rrt_20260613_032151_777.png
20260613_032158_876,2026-06-13 03:21:58,False,10000,99,0.0,0,0.6,0.4,0,0.5,10,9.5,10,rrt_20260613_032158_876.png
20260613_032200_419,2026-06-13 03:22:00,True,1030,74,17.399999999999995,30,0.6,0.4,0,0.5,10,9.5,10,rrt_20260613_032200_419.png
20260613_032208_051,2026-06-13 03:22:08,False,10000,107,0.0,0,0.6,0.4,0,0.5,10,9.5,10,rrt_20260613_032208_051.png
20260613_032214_474,2026-06-13 03:22:14,False,10000,93,0.0,0,0.6,0.4,0,0.5,10,9.5,10,rrt_20260613_032214_474.png
20260613_032216_168,2026-06-13 03:22:16,True,1126,73,18.000000000000004,31,0.6,0.4,0,0.5,10,9.5,10,rrt_20260613_032216_168.png
20260613_032222_559,2026-06-13 03:22:22,False,10000,75,0.0,0,0.6,0.4,0,0.5,10,9.5,10,rrt_20260613_032222_559.png
20260613_032224_473,2026-06-13 03:22:24,True,1232,124,18.000000000000004,31,0.6,0.4,0,0.5,10,9.5,10,rrt_20260613_032224_473.png
20260613_032226_799,2026-06-13 03:22:26,True,3965,70,20.400000000000006,35,0.6,0.4,0,0.5,10,9.5,10,rrt_20260613_032226_799.png
20260613_032232_011,2026-06-13 03:22:32,False,10000,68,0.0,0,0.6,0.4,0,0.5,10,9.5,10,rrt_20260613_032232_011.png
20260613_032238_047,2026-06-13 03:22:38,False,10000,81,0.0,0,0.6,0.4,0,0.5,10,9.5,10,rrt_20260613_032238_047.png
20260613_032244_249,2026-06-13 03:22:44,False,10000,87,0.0,0,0.6,0.4,0,0.5,10,9.5,10,rrt_20260613_032244_249.png
20260613_032245_557,2026-06-13 03:22:45,True,479,55,21.6,37,0.6,0.4,0,0.5,10,9.5,10,rrt_20260613_032245_557.png
20260613_032251_453,2026-06-13 03:22:51,False,10000,84,0.0,0,0.6,0.5,0,0.5,10,9.5,10,rrt_20260613_032251_453.png
20260613_032253_179,2026-06-13 03:22:53,True,783,65,18.6,32,0.6,0.5,0,0.5,10,9.5,10,rrt_20260613_032253_179.png
20260613_032300_243,2026-06-13 03:23:00,False,10000,96,0.0,0,0.6,0.5,0,0.5,10,9.5,10,rrt_20260613_032300_243.png
20260613_032306_183,2026-06-13 03:23:06,False,10000,78,0.0,0,0.6,0.5,0,0.5,10,9.5,10,rrt_20260613_032306_183.png
20260613_032313_109,2026-06-13 03:23:13,False,10000,105,0.0,0,0.6,0.5,0,0.5,10,9.5,10,rrt_20260613_032313_109.png
20260613_032318_771,2026-06-13 03:23:18,False,10000,57,0.0,0,0.6,0.5,0,0.5,10,9.5,10,rrt_20260613_032318_771.png
20260613_032324_406,2026-06-13 03:23:24,False,10000,79,0.0,0,0.6,0.5,0,0.5,10,9.5,10,rrt_20260613_032324_406.png
20260613_032330_917,2026-06-13 03:23:30,False,10000,93,0.0,0,0.6,0.5,0,0.5,10,9.5,10,rrt_20260613_032330_917.png
20260613_032332_446,2026-06-13 03:23:32,True,877,103,18.6,32,0.6,0.5,0,0.5,10,9.5,10,rrt_20260613_032332_446.png
20260613_032340_150,2026-06-13 03:23:40,False,10000,105,0.0,0,0.6,0.5,0,0.5,10,9.5,10,rrt_20260613_032340_150.png
20260613_032347_208,2026-06-13 03:23:47,False,10000,91,0.0,0,0.6,0.5,0,0.5,10,9.5,10,rrt_20260613_032347_208.png
20260613_032354_128,2026-06-13 03:23:54,False,10000,106,0.0,0,0.6,0.5,0,0.5,10,9.5,10,rrt_20260613_032354_128.png
20260613_032400_422,2026-06-13 03:24:00,False,10000,86,0.0,0,0.6,0.5,0,0.5,10,9.5,10,rrt_20260613_032400_422.png
20260613_032406_675,2026-06-13 03:24:06,False,10000,69,0.0,0,0.6,0.5,0,0.5,10,9.5,10,rrt_20260613_032406_675.png
20260613_032407_943,2026-06-13 03:24:07,True,413,48,18.599999999999998,32,0.6,0.5,0,0.5,10,9.5,10,rrt_20260613_032407_943.png
20260613_032412_781,2026-06-13 03:24:12,False,10000,66,0.0,0,0.6,0.5,0,0.5,10,9.5,10,rrt_20260613_032412_781.png
20260613_032419_019,2026-06-13 03:24:19,False,10000,72,0.0,0,0.6,0.5,0,0.5,10,9.5,10,rrt_20260613_032419_019.png
20260613_032426_011,2026-06-13 03:24:26,False,10000,85,0.0,0,0.6,0.5,0,0.5,10,9.5,10,rrt_20260613_032426_011.png
20260613_032432_277,2026-06-13 03:24:32,False,10000,70,0.0,0,0.6,0.5,0,0.5,10,9.5,10,rrt_20260613_032432_277.png
20260613_032437_165,2026-06-13 03:24:37,False,10000,55,0.0,0,0.6,0.5,0,0.5,10,9.5,10,rrt_20260613_032437_165.png
20260613_032441_924,2026-06-13 03:24:41,False,10000,56,0.0,0,0.6,0.5,0,0.5,10,9.5,10,rrt_20260613_032441_924.png
20260613_032443_438,2026-06-13 03:24:43,True,503,52,20.4,35,0.6,0.5,0,0.5,10,9.5,10,rrt_20260613_032443_438.png
20260613_032449_315,2026-06-13 03:24:49,False,10000,89,0.0,0,0.6,0.5,0,0.5,10,9.5,10,rrt_20260613_032449_315.png
20260613_032451_132,2026-06-13 03:24:51,True,1334,88,16.8,29,0.6,0.5,0,0.5,10,9.5,10,rrt_20260613_032451_132.png
20260613_032452_055,2026-06-13 03:24:52,True,130,38,17.999999999999996,31,0.6,0.5,0,0.5,10,9.5,10,rrt_20260613_032452_055.png
20260613_032459_179,2026-06-13 03:24:59,False,10000,101,0.0,0,0.6,0.5,0,0.5,10,9.5,10,rrt_20260613_032459_179.png
20260613_032505_833,2026-06-13 03:25:05,False,10000,91,0.0,0,0.6,0.5,0,0.5,10,9.5,10,rrt_20260613_032505_833.png
20260613_032511_943,2026-06-13 03:25:11,False,10000,86,0.0,0,0.6,0.5,0,0.5,10,9.5,10,rrt_20260613_032511_943.png
20260613_032518_055,2026-06-13 03:25:18,False,10000,87,0.0,0,0.6,0.5,0,0.5,10,9.5,10,rrt_20260613_032518_055.png
20260613_032524_184,2026-06-13 03:25:24,False,10000,77,0.0,0,0.6,0.5,0,0.5,10,9.5,10,rrt_20260613_032524_184.png
20260613_032530_705,2026-06-13 03:25:30,False,10000,80,0.0,0,0.6,0.5,0,0.5,10,9.5,10,rrt_20260613_032530_705.png
20260613_032535_971,2026-06-13 03:25:35,False,10000,66,0.0,0,0.6,0.5,0,0.5,10,9.5,10,rrt_20260613_032535_971.png
20260613_032542_996,2026-06-13 03:25:42,False,10000,105,0.0,0,0.6,0.5,0,0.5,10,9.5,10,rrt_20260613_032542_996.png
20260613_032544_626,2026-06-13 03:25:44,True,806,90,19.800000000000004,34,0.6,0.5,0,0.5,10,9.5,10,rrt_20260613_032544_626.png
20260613_032550_509,2026-06-13 03:25:50,False,10000,70,0.0,0,0.6,0.5,0,0.5,10,9.5,10,rrt_20260613_032550_509.png
20260613_032556_046,2026-06-13 03:25:56,False,10000,64,0.0,0,0.6,0.5,0,0.5,10,9.5,10,rrt_20260613_032556_046.png
20260613_032603_150,2026-06-13 03:26:03,False,10000,92,0.0,0,0.6,0.5,0,0.5,10,9.5,10,rrt_20260613_032603_150.png
20260613_032608_839,2026-06-13 03:26:08,False,10000,74,0.0,0,0.6,0.5,0,0.5,10,9.5,10,rrt_20260613_032608_839.png
20260613_032613_182,2026-06-13 03:26:13,False,10000,39,0.0,0,0.6,0.5,0,0.5,10,9.5,10,rrt_20260613_032613_182.png
20260613_032619_322,2026-06-13 03:26:19,False,10000,72,0.0,0,0.6,0.5,0,0.5,10,9.5,10,rrt_20260613_032619_322.png
20260613_032625_618,2026-06-13 03:26:25,False,10000,92,0.0,0,0.6,0.5,0,0.5,10,9.5,10,rrt_20260613_032625_618.png
20260613_032631_522,2026-06-13 03:26:31,False,10000,75,0.0,0,0.6,0.5,0,0.5,10,9.5,10,rrt_20260613_032631_522.png
20260613_032637_265,2026-06-13 03:26:37,False,10000,75,0.0,0,0.6,0.5,0,0.5,10,9.5,10,rrt_20260613_032637_265.png
20260613_032642_572,2026-06-13 03:26:42,False,10000,75,0.0,0,0.6,0.5,0,0.5,10,9.5,10,rrt_20260613_032642_572.png
20260613_032649_163,2026-06-13 03:26:49,False,10000,95,0.0,0,0.6,0.5,0,0.5,10,9.5,10,rrt_20260613_032649_163.png
20260613_032655_823,2026-06-13 03:26:55,False,10000,77,0.0,0,0.6,0.5,0,0.5,10,9.5,10,rrt_20260613_032655_823.png
20260613_032702_301,2026-06-13 03:27:02,False,10000,86,0.0,0,0.6,0.5,0,0.5,10,9.5,10,rrt_20260613_032702_301.png
20260613_032708_009,2026-06-13 03:27:08,False,10000,79,0.0,0,0.6,0.5,0,0.5,10,9.5,10,rrt_20260613_032708_009.png
20260613_032715_446,2026-06-13 03:27:15,False,10000,118,0.0,0,0.6,0.5,0,0.5,10,9.5,10,rrt_20260613_032715_446.png
20260613_032719_562,2026-06-13 03:27:19,False,10000,34,0.0,0,0.6,0.5,0,0.5,10,9.5,10,rrt_20260613_032719_562.png
20260613_032725_284,2026-06-13 03:27:25,False,10000,81,0.0,0,0.6,0.5,0,0.5,10,9.5,10,rrt_20260613_032725_284.png
20260613_032729_263,2026-06-13 03:27:29,False,10000,43,0.0,0,0.6,0.5,0,0.5,10,9.5,10,rrt_20260613_032729_263.png
20260613_032735_607,2026-06-13 03:27:35,False,10000,75,0.0,0,0.6,0.5,0,0.5,10,9.5,10,rrt_20260613_032735_607.png
20260613_032736_873,2026-06-13 03:27:36,True,199,54,16.79999999999999,29,0.6,0.5,0,0.5,10,9.5,10,rrt_20260613_032736_873.png
20260613_034241_957,2026-06-13 03:42:41,False,10000,85,0.0,0,0.6,0.5,0,0.5,10,9.5,10,rrt_20260613_034241_957.png
20260613_034244_107,2026-06-13 03:42:44,False,10000,99,0.0,0,0.6,0.5,0,0.5,10,9.5,10,rrt_20260613_034244_107.png
20260613_034245_712,2026-06-13 03:42:45,False,10000,74,0.0,0,0.6,0.5,0,0.5,10,9.5,10,rrt_20260613_034245_712.png
20260613_034246_911,2026-06-13 03:42:46,False,10000,55,0.0,0,0.6,0.5,0,0.5,10,9.5,10,rrt_20260613_034246_911.png
20260613_034247_993,2026-06-13 03:42:47,False,10000,33,0.0,0,0.6,0.5,0,0.5,10,9.5,10,rrt_20260613_034247_993.png
20260613_034248_529,2026-06-13 03:42:48,True,2002,95,19.199999999999992,33,0.6,0.5,0,0.5,10,9.5,10,rrt_20260613_034248_529.png
20260613_034248_761,2026-06-13 03:42:48,True,211,42,17.399999999999995,30,0.6,0.5,0,0.5,10,9.5,10,rrt_20260613_034248_761.png
20260613_034250_229,2026-06-13 03:42:50,False,10000,64,0.0,0,0.6,0.5,0,0.5,10,9.5,10,rrt_20260613_034250_229.png
20260613_034252_079,2026-06-13 03:42:52,False,10000,89,0.0,0,0.6,0.5,0,0.5,10,9.5,10,rrt_20260613_034252_079.png
20260613_034253_634,2026-06-13 03:42:53,False,10000,63,0.0,0,0.6,0.5,0,0.5,10,9.5,10,rrt_20260613_034253_634.png
20260613_034255_269,2026-06-13 03:42:55,False,10000,84,0.0,0,0.6,0.5,0,0.5,10,9.5,10,rrt_20260613_034255_269.png
20260613_034257_001,2026-06-13 03:42:57,False,10000,90,0.0,0,0.6,0.5,0,0.5,10,9.5,10,rrt_20260613_034257_001.png
20260613_034258_057,2026-06-13 03:42:58,False,10000,42,0.0,0,0.6,0.5,0,0.5,10,9.5,10,rrt_20260613_034258_057.png
20260613_034259_575,2026-06-13 03:42:59,False,10000,79,0.0,0,0.6,0.5,0,0.5,10,9.5,10,rrt_20260613_034259_575.png
20260613_034301_395,2026-06-13 03:43:01,False,10000,107,0.0,0,0.6,0.5,0,0.5,10,9.5,10,rrt_20260613_034301_395.png
20260613_034303_089,2026-06-13 03:43:03,False,10000,89,0.0,0,0.6,0.5,0,0.5,10,9.5,10,rrt_20260613_034303_089.png
20260613_034304_725,2026-06-13 03:43:04,False,10000,84,0.0,0,0.6,0.5,0,0.5,10,9.5,10,rrt_20260613_034304_725.png
20260613_034305_119,2026-06-13 03:43:05,True,352,48,16.199999999999996,28,0.6,0.5,0,0.5,10,9.5,10,rrt_20260613_034305_119.png
20260613_034306_936,2026-06-13 03:43:06,False,10000,96,0.0,0,0.6,0.5,0,0.5,10,9.5,10,rrt_20260613_034306_936.png
20260613_034308_540,2026-06-13 03:43:08,False,10000,73,0.0,0,0.6,0.5,0,0.5,10,9.5,10,rrt_20260613_034308_540.png
20260613_034310_158,2026-06-13 03:43:10,False,10000,64,0.0,0,0.6,0.5,0,0.5,10,9.5,10,rrt_20260613_034310_158.png
20260613_034310_488,2026-06-13 03:43:10,True,162,41,16.2,28,0.6,0.5,0,0.5,10,9.5,10,rrt_20260613_034310_488.png
20260613_034312_029,2026-06-13 03:43:12,False,10000,76,0.0,0,0.6,0.5,0,0.5,10,9.5,10,rrt_20260613_034312_029.png
20260613_034313_778,2026-06-13 03:43:13,False,10000,92,0.0,0,0.6,0.5,0,0.5,10,9.5,10,rrt_20260613_034313_778.png
20260613_034315_586,2026-06-13 03:43:15,False,10000,112,0.0,0,0.6,0.5,0,0.5,10,9.5,10,rrt_20260613_034315_586.png
20260613_034317_153,2026-06-13 03:43:17,False,10000,81,0.0,0,0.6,0.5,0,0.5,10,9.5,10,rrt_20260613_034317_153.png
20260613_034319_211,2026-06-13 03:43:19,False,10000,107,0.0,0,0.6,0.5,0,0.5,10,9.5,10,rrt_20260613_034319_211.png
20260613_034320_756,2026-06-13 03:43:20,False,10000,84,0.0,0,0.6,0.5,0,0.5,10,9.5,10,rrt_20260613_034320_756.png
20260613_034322_451,2026-06-13 03:43:22,False,10000,77,0.0,0,0.6,0.5,0,0.5,10,9.5,10,rrt_20260613_034322_451.png
20260613_034323_896,2026-06-13 03:43:23,False,10000,62,0.0,0,0.6,0.5,0,0.5,10,9.5,10,rrt_20260613_034323_896.png
20260613_034324_983,2026-06-13 03:43:24,False,10000,39,0.0,0,0.6,0.5,0,0.5,10,9.5,10,rrt_20260613_034324_983.png
20260613_034326_881,2026-06-13 03:43:26,False,10000,94,0.0,0,0.6,0.5,0,0.5,10,9.5,10,rrt_20260613_034326_881.png
20260613_034328_375,2026-06-13 03:43:28,False,10000,76,0.0,0,0.6,0.5,0,0.5,10,9.5,10,rrt_20260613_034328_375.png
20260613_034328_771,2026-06-13 03:43:28,True,921,68,18.59999999999999,32,0.6,0.5,0,0.5,10,9.5,10,rrt_20260613_034328_771.png
20260613_034329_775,2026-06-13 03:43:29,False,10000,41,0.0,0,0.6,0.5,0,0.5,10,9.5,10,rrt_20260613_034329_775.png
20260613_034331_475,2026-06-13 03:43:31,False,10000,77,0.0,0,0.6,0.5,0,0.5,10,9.5,10,rrt_20260613_034331_475.png
20260613_034333_025,2026-06-13 03:43:33,False,10000,71,0.0,0,0.6,0.5,0,0.5,10,9.5,10,rrt_20260613_034333_025.png
20260613_034334_737,2026-06-13 03:43:34,False,10000,75,0.0,0,0.6,0.5,0,0.5,10,9.5,10,rrt_20260613_034334_737.png
20260613_034336_213,2026-06-13 03:43:36,False,10000,69,0.0,0,0.6,0.5,0,0.5,10,9.5,10,rrt_20260613_034336_213.png
20260613_034337_756,2026-06-13 03:43:37,False,10000,65,0.0,0,0.6,0.5,0,0.5,10,9.5,10,rrt_20260613_034337_756.png
20260613_034339_353,2026-06-13 03:43:39,False,10000,59,0.0,0,0.6,0.5,0,0.5,10,9.5,10,rrt_20260613_034339_353.png
20260613_034341_042,2026-06-13 03:43:41,False,10000,88,0.0,0,0.6,0.5,0,0.5,10,9.5,10,rrt_20260613_034341_042.png
20260613_034342_706,2026-06-13 03:43:42,False,10000,82,0.0,0,0.6,0.5,0,0.5,10,9.5,10,rrt_20260613_034342_706.png
20260613_034344_533,2026-06-13 03:43:44,False,10000,102,0.0,0,0.6,0.5,0,0.5,10,9.5,10,rrt_20260613_034344_533.png
20260613_034346_027,2026-06-13 03:43:46,False,10000,77,0.0,0,0.6,0.5,0,0.5,10,9.5,10,rrt_20260613_034346_027.png
20260613_034347_537,2026-06-13 03:43:47,False,10000,75,0.0,0,0.6,0.5,0,0.5,10,9.5,10,rrt_20260613_034347_537.png
20260613_034349_454,2026-06-13 03:43:49,False,10000,91,0.0,0,0.6,0.6,0,0.5,10,9.5,10,rrt_20260613_034349_454.png
20260613_034351_135,2026-06-13 03:43:51,False,10000,91,0.0,0,0.6,0.6,0,0.5,10,9.5,10,rrt_20260613_034351_135.png
20260613_034353_020,2026-06-13 03:43:53,False,10000,103,0.0,0,0.6,0.6,0,0.5,10,9.5,10,rrt_20260613_034353_020.png
20260613_034354_590,2026-06-13 03:43:54,False,10000,69,0.0,0,0.6,0.6,0,0.5,10,9.5,10,rrt_20260613_034354_590.png
20260613_034356_395,2026-06-13 03:43:56,False,10000,93,0.0,0,0.6,0.6,0,0.5,10,9.5,10,rrt_20260613_034356_395.png
20260613_034356_913,2026-06-13 03:43:56,True,1412,111,21.600000000000005,37,0.6,0.6,0,0.5,10,9.5,10,rrt_20260613_034356_913.png
20260613_034357_173,2026-06-13 03:43:57,True,349,70,17.39999999999999,30,0.6,0.6,0,0.5,10,9.5,10,rrt_20260613_034357_173.png
20260613_034358_780,2026-06-13 03:43:58,False,10000,77,0.0,0,0.6,0.6,0,0.5,10,9.5,10,rrt_20260613_034358_780.png
20260613_034400_551,2026-06-13 03:44:00,False,10000,92,0.0,0,0.6,0.6,0,0.5,10,9.5,10,rrt_20260613_034400_551.png
20260613_034402_208,2026-06-13 03:44:02,False,10000,87,0.0,0,0.6,0.6,0,0.5,10,9.5,10,rrt_20260613_034402_208.png
20260613_034403_800,2026-06-13 03:44:03,False,10000,85,0.0,0,0.6,0.6,0,0.5,10,9.5,10,rrt_20260613_034403_800.png
20260613_034405_539,2026-06-13 03:44:05,False,10000,90,0.0,0,0.6,0.6,0,0.5,10,9.5,10,rrt_20260613_034405_539.png
20260613_034406_835,2026-06-13 03:44:06,False,10000,59,0.0,0,0.6,0.6,0,0.5,10,9.5,10,rrt_20260613_034406_835.png
20260613_034408_566,2026-06-13 03:44:08,False,10000,82,0.0,0,0.6,0.6,0,0.5,10,9.5,10,rrt_20260613_034408_566.png
20260613_034410_113,2026-06-13 03:44:10,False,10000,79,0.0,0,0.6,0.6,0,0.5,10,9.5,10,rrt_20260613_034410_113.png
20260613_034411_940,2026-06-13 03:44:11,False,10000,99,0.0,0,0.6,0.6,0,0.5,10,9.5,10,rrt_20260613_034411_940.png
20260613_034413_686,2026-06-13 03:44:13,False,10000,94,0.0,0,0.6,0.6,0,0.5,10,9.5,10,rrt_20260613_034413_686.png
20260613_034415_346,2026-06-13 03:44:15,False,10000,87,0.0,0,0.6,0.6,0,0.5,10,9.5,10,rrt_20260613_034415_346.png
20260613_034417_325,2026-06-13 03:44:17,False,10000,100,0.0,0,0.6,0.6,0,0.5,10,9.5,10,rrt_20260613_034417_325.png
20260613_034417_793,2026-06-13 03:44:17,True,1059,72,19.799999999999997,34,0.6,0.6,0,0.5,10,9.5,10,rrt_20260613_034417_793.png
20260613_034419_672,2026-06-13 03:44:19,False,10000,105,0.0,0,0.6,0.6,0,0.5,10,9.5,10,rrt_20260613_034419_672.png
20260613_034421_221,2026-06-13 03:44:21,False,10000,81,0.0,0,0.6,0.6,0,0.5,10,9.5,10,rrt_20260613_034421_221.png
20260613_034422_686,2026-06-13 03:44:22,False,10000,58,0.0,0,0.6,0.6,0,0.5,10,9.5,10,rrt_20260613_034422_686.png
20260613_034424_260,2026-06-13 03:44:24,False,10000,77,0.0,0,0.6,0.6,0,0.5,10,9.5,10,rrt_20260613_034424_260.png
20260613_034426_067,2026-06-13 03:44:26,False,10000,83,0.0,0,0.6,0.6,0,0.5,10,9.5,10,rrt_20260613_034426_067.png
20260613_034427_441,2026-06-13 03:44:27,False,10000,65,0.0,0,0.6,0.6,0,0.5,10,9.5,10,rrt_20260613_034427_441.png
20260613_034429_577,2026-06-13 03:44:29,False,10000,125,0.0,0,0.6,0.6,0,0.5,10,9.5,10,rrt_20260613_034429_577.png
20260613_034431_370,2026-06-13 03:44:31,False,10000,95,0.0,0,0.6,0.6,0,0.5,10,9.5,10,rrt_20260613_034431_370.png
20260613_034432_747,2026-06-13 03:44:32,False,10000,64,0.0,0,0.6,0.6,0,0.5,10,9.5,10,rrt_20260613_034432_747.png
20260613_034434_458,2026-06-13 03:44:34,False,10000,82,0.0,0,0.6,0.6,0,0.5,10,9.5,10,rrt_20260613_034434_458.png
20260613_034435_916,2026-06-13 03:44:35,False,10000,59,0.0,0,0.6,0.6,0,0.5,10,9.5,10,rrt_20260613_034435_916.png
20260613_034437_281,2026-06-13 03:44:37,False,10000,62,0.0,0,0.6,0.6,0,0.5,10,9.5,10,rrt_20260613_034437_281.png
20260613_034438_714,2026-06-13 03:44:38,False,10000,72,0.0,0,0.6,0.6,0,0.5,10,9.5,10,rrt_20260613_034438_714.png
20260613_034440_460,2026-06-13 03:44:40,False,10000,88,0.0,0,0.6,0.6,0,0.5,10,9.5,10,rrt_20260613_034440_460.png
20260613_034441_584,2026-06-13 03:44:41,False,10000,36,0.0,0,0.6,0.6,0,0.5,10,9.5,10,rrt_20260613_034441_584.png
20260613_034442_977,2026-06-13 03:44:42,False,10000,66,0.0,0,0.6,0.6,0,0.5,10,9.5,10,rrt_20260613_034442_977.png
20260613_034444_627,2026-06-13 03:44:44,False,10000,91,0.0,0,0.6,0.6,0,0.5,10,9.5,10,rrt_20260613_034444_627.png
20260613_034446_193,2026-06-13 03:44:46,False,10000,87,0.0,0,0.6,0.6,0,0.5,10,9.5,10,rrt_20260613_034446_193.png
20260613_034447_904,2026-06-13 03:44:47,False,10000,88,0.0,0,0.6,0.6,0,0.5,10,9.5,10,rrt_20260613_034447_904.png
20260613_034449_442,2026-06-13 03:44:49,False,10000,78,0.0,0,0.6,0.6,0,0.5,10,9.5,10,rrt_20260613_034449_442.png
20260613_034449_905,2026-06-13 03:44:49,True,1316,74,17.399999999999995,30,0.6,0.6,0,0.5,10,9.5,10,rrt_20260613_034449_905.png
20260613_034451_401,2026-06-13 03:44:51,False,10000,86,0.0,0,0.6,0.6,0,0.5,10,9.5,10,rrt_20260613_034451_401.png
20260613_034452_009,2026-06-13 03:44:52,True,1252,89,17.39999999999999,30,0.6,0.6,0,0.5,10,9.5,10,rrt_20260613_034452_009.png
20260613_034453_497,2026-06-13 03:44:53,False,10000,79,0.0,0,0.6,0.6,0,0.5,10,9.5,10,rrt_20260613_034453_497.png
20260613_034455_501,2026-06-13 03:44:55,False,10000,102,0.0,0,0.6,0.6,0,0.5,10,9.5,10,rrt_20260613_034455_501.png
20260613_034457_294,2026-06-13 03:44:57,False,10000,93,0.0,0,0.6,0.6,0,0.5,10,9.5,10,rrt_20260613_034457_294.png
20260613_034458_802,2026-06-13 03:44:58,False,10000,71,0.0,0,0.6,0.6,0,0.5,10,9.5,10,rrt_20260613_034458_802.png
20260613_034500_320,2026-06-13 03:45:00,False,10000,78,0.0,0,0.6,0.6,0,0.5,10,9.5,10,rrt_20260613_034500_320.png
20260613_034501_910,2026-06-13 03:45:01,False,10000,84,0.0,0,0.6,0.6,0,0.5,10,9.5,10,rrt_20260613_034501_910.png
20260613_034503_694,2026-06-13 03:45:03,False,10000,84,0.0,0,0.6,0.6,0,0.5,10,9.5,10,rrt_20260613_034503_694.png
20260613_034505_484,2026-06-13 03:45:05,False,10000,96,0.0,0,0.6,0.6,0,0.5,10,9.5,10,rrt_20260613_034505_484.png
20260613_034506_943,2026-06-13 03:45:06,False,10000,73,0.0,0,0.6,0.6,0,0.5,10,9.5,10,rrt_20260613_034506_943.png
20260613_034508_791,2026-06-13 03:45:08,False,10000,109,0.0,0,0.6,0.6,0,0.5,10,9.5,10,rrt_20260613_034508_791.png
20260613_034509_293,2026-06-13 03:45:09,True,668,60,19.199999999999996,33,0.6,0.6,0,0.5,10,9.5,10,rrt_20260613_034509_293.png
20260613_034510_690,2026-06-13 03:45:10,False,10000,68,0.0,0,0.6,0.6,0,0.5,10,9.5,10,rrt_20260613_034510_690.png
20260613_034512_373,2026-06-13 03:45:12,False,10000,93,0.0,0,0.6,0.6,0,0.5,10,9.5,10,rrt_20260613_034512_373.png
20260613_034514_312,2026-06-13 03:45:14,False,10000,110,0.0,0,0.6,0.6,0,0.5,10,9.5,10,rrt_20260613_034514_312.png
20260613_034515_335,2026-06-13 03:45:15,False,10000,34,0.0,0,0.6,0.6,0,0.5,10,9.5,10,rrt_20260613_034515_335.png
20260613_034516_982,2026-06-13 03:45:16,False,10000,92,0.0,0,0.6,0.6,0,0.5,10,9.5,10,rrt_20260613_034516_982.png
20260613_034519_010,2026-06-13 03:45:19,False,10000,120,0.0,0,0.6,0.6,0,0.5,10,9.5,10,rrt_20260613_034519_010.png
20260613_034520_528,2026-06-13 03:45:20,False,10000,64,0.0,0,0.6,0.6,0,0.5,10,9.5,10,rrt_20260613_034520_528.png
20260613_034522_342,2026-06-13 03:45:22,False,10000,95,0.0,0,0.6,0.6,0,0.5,10,9.5,10,rrt_20260613_034522_342.png
20260613_034523_930,2026-06-13 03:45:23,False,10000,79,0.0,0,0.6,0.6,0,0.5,10,9.5,10,rrt_20260613_034523_930.png
20260613_034525_594,2026-06-13 03:45:25,False,10000,88,0.0,0,0.6,0.6,0,0.5,10,9.5,10,rrt_20260613_034525_594.png
20260613_034527_266,2026-06-13 03:45:27,False,10000,84,0.0,0,0.6,0.6,0,0.5,10,9.5,10,rrt_20260613_034527_266.png
20260613_034528_928,2026-06-13 03:45:28,False,10000,95,0.0,0,0.6,0.6,0,0.5,10,9.5,10,rrt_20260613_034528_928.png
20260613_034530_567,2026-06-13 03:45:30,False,10000,90,0.0,0,0.6,0.6,0,0.5,10,9.5,10,rrt_20260613_034530_567.png
20260613_034532_307,2026-06-13 03:45:32,False,10000,98,0.0,0,0.6,0.6,0,0.5,10,9.5,10,rrt_20260613_034532_307.png
20260613_034533_925,2026-06-13 03:45:33,False,10000,71,0.0,0,0.6,0.6,0,0.5,10,9.5,10,rrt_20260613_034533_925.png
20260613_034535_423,2026-06-13 03:45:35,False,10000,78,0.0,0,0.6,0.6,0,0.5,10,9.5,10,rrt_20260613_034535_423.png
20260613_034537_189,2026-06-13 03:45:37,False,10000,97,0.0,0,0.6,0.6,0,0.5,10,9.5,10,rrt_20260613_034537_189.png
20260613_034538_915,2026-06-13 03:45:38,False,10000,85,0.0,0,0.6,0.6,0,0.5,10,9.5,10,rrt_20260613_034538_915.png
20260613_034540_892,2026-06-13 03:45:40,False,10000,108,0.0,0,0.6,0.6,0,0.5,10,9.5,10,rrt_20260613_034540_892.png
20260613_034542_648,2026-06-13 03:45:42,False,10000,81,0.0,0,0.6,0.6,0,0.5,10,9.5,10,rrt_20260613_034542_648.png
20260613_034544_321,2026-06-13 03:45:44,False,10000,91,0.0,0,0.6,0.6,0,0.5,10,9.5,10,rrt_20260613_034544_321.png
20260613_034545_928,2026-06-13 03:45:45,False,10000,73,0.0,0,0.6,0.6,0,0.5,10,9.5,10,rrt_20260613_034545_928.png
20260613_034547_629,2026-06-13 03:45:47,False,10000,90,0.0,0,0.6,0.6,0,0.5,10,9.5,10,rrt_20260613_034547_629.png
20260613_034549_722,2026-06-13 03:45:49,False,10000,114,0.0,0,0.6,0.6,0,0.5,10,9.5,10,rrt_20260613_034549_722.png
20260613_034550_170,2026-06-13 03:45:50,True,1241,64,20.399999999999995,35,0.6,0.6,0,0.5,10,9.5,10,rrt_20260613_034550_170.png
20260613_034551_904,2026-06-13 03:45:51,False,10000,73,0.0,0,0.6,0.6,0,0.5,10,9.5,10,rrt_20260613_034551_904.png
20260613_034553_480,2026-06-13 03:45:53,False,10000,81,0.0,0,0.6,0.6,0,0.5,10,9.5,10,rrt_20260613_034553_480.png
20260613_034553_893,2026-06-13 03:45:53,True,739,65,19.200000000000003,33,0.6,0.6,0,0.5,10,9.5,10,rrt_20260613_034553_893.png
20260613_034555_391,2026-06-13 03:45:55,False,10000,82,0.0,0,0.6,0.6,0,0.5,10,9.5,10,rrt_20260613_034555_391.png
20260613_034556_589,2026-06-13 03:45:56,False,10000,40,0.0,0,0.6,0.6,0,0.5,10,9.5,10,rrt_20260613_034556_589.png
20260613_034558_408,2026-06-13 03:45:58,False,10000,93,0.0,0,0.6,0.6,0,0.5,10,9.5,10,rrt_20260613_034558_408.png
20260613_034600_081,2026-06-13 03:46:00,False,10000,80,0.0,0,0.6,0.6,0,0.5,10,9.5,10,rrt_20260613_034600_081.png
20260613_034602_129,2026-06-13 03:46:02,False,10000,112,0.0,0,0.6,0.6,0,0.5,10,9.5,10,rrt_20260613_034602_129.png
20260613_034603_805,2026-06-13 03:46:03,False,10000,88,0.0,0,0.6,0.6,0,0.5,10,9.5,10,rrt_20260613_034603_805.png
20260613_034605_480,2026-06-13 03:46:05,False,10000,78,0.0,0,0.6,0.6,0,0.5,10,9.5,10,rrt_20260613_034605_480.png
20260613_034606_880,2026-06-13 03:46:06,False,10000,67,0.0,0,0.6,0.6,0,0.5,10,9.5,10,rrt_20260613_034606_880.png
20260613_034607_356,2026-06-13 03:46:07,True,685,77,17.4,30,0.6,0.6,0,0.5,10,9.5,10,rrt_20260613_034607_356.png
20260613_034608_787,2026-06-13 03:46:08,False,10000,64,0.0,0,0.6,0.6,0,0.5,10,9.5,10,rrt_20260613_034608_787.png
20260613_034610_715,2026-06-13 03:46:10,False,10000,104,0.0,0,0.6,0.6,0,0.5,10,9.5,10,rrt_20260613_034610_715.png
20260613_034612_282,2026-06-13 03:46:12,False,10000,62,0.0,0,0.6,0.6,0,0.5,10,9.5,10,rrt_20260613_034612_282.png
20260613_034614_388,2026-06-13 03:46:14,False,10000,81,0.0,0,0.6,0.6,0,0.5,10,9.5,10,rrt_20260613_034614_388.png
20260613_034616_385,2026-06-13 03:46:16,False,10000,81,0.0,0,0.6,0.6,0,0.5,10,9.5,10,rrt_20260613_034616_385.png
20260613_034616_818,2026-06-13 03:46:16,True,1677,77,19.19999999999999,33,0.6,0.6,0,0.5,10,9.5,10,rrt_20260613_034616_818.png
20260613_034617_102,2026-06-13 03:46:17,True,225,44,17.39999999999999,30,0.6,0.6,0,0.5,10,9.5,10,rrt_20260613_034617_102.png
20260613_034619_102,2026-06-13 03:46:19,False,10000,117,0.0,0,0.6,0.6,0,0.5,10,9.5,10,rrt_20260613_034619_102.png
20260613_034621_157,2026-06-13 03:46:21,False,10000,95,0.0,0,0.6,0.6,0,0.5,10,9.5,10,rrt_20260613_034621_157.png
20260613_034623_047,2026-06-13 03:46:23,False,10000,74,0.0,0,0.6,0.7,0,0.5,10,9.5,10,rrt_20260613_034623_047.png
20260613_034623_424,2026-06-13 03:46:23,True,435,58,20.4,35,0.6,0.7,0,0.5,10,9.5,10,rrt_20260613_034623_424.png
20260613_034623_756,2026-06-13 03:46:23,True,983,70,19.800000000000008,34,0.6,0.7,0,0.5,10,9.5,10,rrt_20260613_034623_756.png
20260613_034625_529,2026-06-13 03:46:25,False,10000,80,0.0,0,0.6,0.7,0,0.5,10,9.5,10,rrt_20260613_034625_529.png
20260613_034627_049,2026-06-13 03:46:27,False,10000,40,0.0,0,0.6,0.7,0,0.5,10,9.5,10,rrt_20260613_034627_049.png
20260613_034627_462,2026-06-13 03:46:27,True,278,51,18.599999999999998,32,0.6,0.7,0,0.5,10,9.5,10,rrt_20260613_034627_462.png
20260613_034629_744,2026-06-13 03:46:29,False,10000,89,0.0,0,0.6,0.7,0,0.5,10,9.5,10,rrt_20260613_034629_744.png
20260613_034630_160,2026-06-13 03:46:30,True,204,54,16.199999999999996,28,0.6,0.7,0,0.5,10,9.5,10,rrt_20260613_034630_160.png
20260613_034632_404,2026-06-13 03:46:32,False,10000,77,0.0,0,0.6,0.7,0,0.5,10,9.5,10,rrt_20260613_034632_404.png
20260613_034635_065,2026-06-13 03:46:35,False,10000,70,0.0,0,0.6,0.7,0,0.5,10,9.5,10,rrt_20260613_034635_065.png
20260613_034635_734,2026-06-13 03:46:35,True,967,89,16.799999999999997,29,0.6,0.7,0,0.5,10,9.5,10,rrt_20260613_034635_734.png
20260613_034641_134,2026-06-13 03:46:41,False,10000,69,0.0,0,0.6,0.7,0,0.5,10,9.5,10,rrt_20260613_034641_134.png
20260613_034649_816,2026-06-13 03:46:49,False,10000,112,0.0,0,0.6,0.7,0,0.5,10,9.5,10,rrt_20260613_034649_816.png
20260613_034657_364,2026-06-13 03:46:57,False,10000,73,0.0,0,0.6,0.7,0,0.5,10,9.5,10,rrt_20260613_034657_364.png
20260613_034706_302,2026-06-13 03:47:06,False,10000,90,0.0,0,0.6,0.7,0,0.5,10,9.5,10,rrt_20260613_034706_302.png
20260613_034709_135,2026-06-13 03:47:09,True,1799,87,19.199999999999996,33,0.6,0.7,0,0.5,10,9.5,10,rrt_20260613_034709_135.png
20260613_034718_467,2026-06-13 03:47:18,False,10000,94,0.0,0,0.6,0.7,0,0.5,10,9.5,10,rrt_20260613_034718_467.png
20260613_034727_038,2026-06-13 03:47:27,False,10000,82,0.0,0,0.6,0.7,0,0.5,10,9.5,10,rrt_20260613_034727_038.png
20260613_034736_888,2026-06-13 03:47:36,False,10000,90,0.0,0,0.6,0.7,0,0.5,10,9.5,10,rrt_20260613_034736_888.png
20260613_034745_535,2026-06-13 03:47:45,False,10000,80,0.0,0,0.6,0.7,0,0.5,10,9.5,10,rrt_20260613_034745_535.png
20260613_034753_706,2026-06-13 03:47:53,False,10000,73,0.0,0,0.6,0.7,0,0.5,10,9.5,10,rrt_20260613_034753_706.png
20260613_034801_523,2026-06-13 03:48:01,False,10000,94,0.0,0,0.6,0.7,0,0.5,10,9.5,10,rrt_20260613_034801_523.png
20260613_034808_607,2026-06-13 03:48:08,False,10000,70,0.0,0,0.6,0.7,0,0.5,10,9.5,10,rrt_20260613_034808_607.png
20260613_034816_985,2026-06-13 03:48:16,False,10000,84,0.0,0,0.6,0.7,0,0.5,10,9.5,10,rrt_20260613_034816_985.png
20260613_034819_173,2026-06-13 03:48:19,True,819,92,17.400000000000002,30,0.6,0.7,0,0.5,10,9.5,10,rrt_20260613_034819_173.png
20260613_034826_627,2026-06-13 03:48:26,False,10000,81,0.0,0,0.6,0.7,0,0.5,10,9.5,10,rrt_20260613_034826_627.png
20260613_034834_498,2026-06-13 03:48:34,False,10000,76,0.0,0,0.6,0.7,0,0.5,10,9.5,10,rrt_20260613_034834_498.png
20260613_034836_021,2026-06-13 03:48:36,True,244,73,16.199999999999996,28,0.6,0.7,0,0.5,10,9.5,10,rrt_20260613_034836_021.png
20260613_034843_633,2026-06-13 03:48:43,False,10000,85,0.0,0,0.6,0.7,0,0.5,10,9.5,10,rrt_20260613_034843_633.png
20260613_034850_510,2026-06-13 03:48:50,False,10000,65,0.0,0,0.6,0.7,0,0.5,10,9.5,10,rrt_20260613_034850_510.png
20260613_034852_196,2026-06-13 03:48:52,True,474,84,18.0,31,0.6,0.7,0,0.5,10,9.5,10,rrt_20260613_034852_196.png
20260613_034856_923,2026-06-13 03:48:56,False,10000,35,0.0,0,0.6,0.7,0,0.5,10,9.5,10,rrt_20260613_034856_923.png
20260613_034904_258,2026-06-13 03:49:04,False,10000,71,0.0,0,0.6,0.7,0,0.5,10,9.5,10,rrt_20260613_034904_258.png
20260613_034912_685,2026-06-13 03:49:12,False,10000,90,0.0,0,0.6,0.7,0,0.5,10,9.5,10,rrt_20260613_034912_685.png
20260613_034919_127,2026-06-13 03:49:19,False,10000,80,0.0,0,0.6,0.7,0,0.5,10,9.5,10,rrt_20260613_034919_127.png
20260613_034924_141,2026-06-13 03:49:24,False,10000,54,0.0,0,0.6,0.7,0,0.5,10,9.5,10,rrt_20260613_034924_141.png
20260613_034925_584,2026-06-13 03:49:25,True,319,57,19.199999999999992,33,0.6,0.7,0,0.5,10,9.5,10,rrt_20260613_034925_584.png
20260613_034929_028,2026-06-13 03:49:29,False,10000,40,0.0,0,0.6,0.7,0,0.5,10,9.5,10,rrt_20260613_034929_028.png
20260613_034930_555,2026-06-13 03:49:30,True,806,90,17.4,30,0.6,0.7,0,0.5,10,9.5,10,rrt_20260613_034930_555.png
20260613_034932_354,2026-06-13 03:49:32,True,1688,100,21.60000000000001,37,0.6,0.7,0,0.5,10,9.5,10,rrt_20260613_034932_354.png
20260613_034937_589,2026-06-13 03:49:37,False,10000,67,0.0,0,0.6,0.7,0,0.5,10,9.5,10,rrt_20260613_034937_589.png
20260613_034943_422,2026-06-13 03:49:43,False,10000,68,0.0,0,0.6,0.7,0,0.5,10,9.5,10,rrt_20260613_034943_422.png
20260613_034949_483,2026-06-13 03:49:49,False,10000,74,0.0,0,0.6,0.7,0,0.5,10,9.5,10,rrt_20260613_034949_483.png
20260613_034951_440,2026-06-13 03:49:51,True,1553,93,19.200000000000003,33,0.6,0.7,0,0.5,10,9.5,10,rrt_20260613_034951_440.png
20260613_034957_377,2026-06-13 03:49:57,False,10000,85,0.0,0,0.6,0.7,0,0.5,10,9.5,10,rrt_20260613_034957_377.png
20260613_035003_533,2026-06-13 03:50:03,False,10000,70,0.0,0,0.6,0.7,0,0.5,10,9.5,10,rrt_20260613_035003_533.png
20260613_035004_664,2026-06-13 03:50:04,True,153,57,16.199999999999996,28,0.6,0.7,0,0.5,10,9.5,10,rrt_20260613_035004_664.png
20260613_035009_446,2026-06-13 03:50:09,False,10000,64,0.0,0,0.6,0.7,0,0.5,10,9.5,10,rrt_20260613_035009_446.png
20260613_035015_765,2026-06-13 03:50:15,False,10000,92,0.0,0,0.6,0.7,0,0.5,10,9.5,10,rrt_20260613_035015_765.png
20260613_035022_141,2026-06-13 03:50:22,False,10000,88,0.0,0,0.6,0.7,0,0.5,10,9.5,10,rrt_20260613_035022_141.png
20260613_035025_897,2026-06-13 03:50:25,False,10000,34,0.0,0,0.6,0.7,0,0.5,10,9.5,10,rrt_20260613_035025_897.png
20260613_035029_595,2026-06-13 03:50:29,False,10000,42,0.0,0,0.6,0.7,0,0.5,10,9.5,10,rrt_20260613_035029_595.png
20260613_035034_404,2026-06-13 03:50:34,False,10000,102,0.0,0,0.6,0.7,0,0.5,10,9.5,10,rrt_20260613_035034_404.png
20260613_035038_340,2026-06-13 03:50:38,False,10000,103,0.0,0,0.6,0.7,0,0.5,10,9.5,10,rrt_20260613_035038_340.png
20260613_035040_732,2026-06-13 03:50:40,False,10000,42,0.0,0,0.6,0.7,0,0.5,10,9.5,10,rrt_20260613_035040_732.png
20260613_035044_944,2026-06-13 03:50:44,False,10000,81,0.0,0,0.6,0.7,0,0.5,10,9.5,10,rrt_20260613_035044_944.png
20260613_035048_367,2026-06-13 03:50:48,False,10000,85,0.0,0,0.6,0.7,0,0.5,10,9.5,10,rrt_20260613_035048_367.png
20260613_035051_890,2026-06-13 03:50:51,False,10000,112,0.0,0,0.6,0.7,0,0.5,10,9.5,10,rrt_20260613_035051_890.png
20260613_035053_853,2026-06-13 03:50:53,False,10000,32,0.0,0,0.6,0.7,0,0.5,10,9.5,10,rrt_20260613_035053_853.png
20260613_035056_601,2026-06-13 03:50:56,False,10000,67,0.0,0,0.6,0.7,0,0.5,10,9.5,10,rrt_20260613_035056_601.png
20260613_035059_110,2026-06-13 03:50:59,False,10000,65,0.0,0,0.6,0.7,0,0.5,10,9.5,10,rrt_20260613_035059_110.png
20260613_035059_870,2026-06-13 03:50:59,True,1214,77,18.0,31,0.6,0.7,0,0.5,10,9.5,10,rrt_20260613_035059_870.png
20260613_035100_232,2026-06-13 03:51:00,True,446,62,19.199999999999996,33,0.6,0.7,0,0.5,10,9.5,10,rrt_20260613_035100_232.png
20260613_035103_200,2026-06-13 03:51:03,False,10000,90,0.0,0,0.6,0.7,0,0.5,10,9.5,10,rrt_20260613_035103_200.png
20260613_035103_760,2026-06-13 03:51:03,True,281,63,19.2,33,0.6,0.7,0,0.5,10,9.5,10,rrt_20260613_035103_760.png
20260613_035106_503,2026-06-13 03:51:06,False,10000,83,0.0,0,0.6,0.7,0,0.5,10,9.5,10,rrt_20260613_035106_503.png
20260613_035109_628,2026-06-13 03:51:09,False,10000,91,0.0,0,0.6,0.7,0,0.5,10,9.5,10,rrt_20260613_035109_628.png
20260613_035112_682,2026-06-13 03:51:12,False,10000,65,0.0,0,0.6,0.7,0,0.5,10,9.5,10,rrt_20260613_035112_682.png
20260613_035116_081,2026-06-13 03:51:16,False,10000,66,0.0,0,0.6,0.7,0,0.5,10,9.5,10,rrt_20260613_035116_081.png
20260613_035119_457,2026-06-13 03:51:19,False,10000,67,0.0,0,0.6,0.7,0,0.5,10,9.5,10,rrt_20260613_035119_457.png
20260613_035123_288,2026-06-13 03:51:23,False,10000,89,0.0,0,0.6,0.7,0,0.5,10,9.5,10,rrt_20260613_035123_288.png
20260613_035124_116,2026-06-13 03:51:24,True,1526,76,21.60000000000001,37,0.6,0.7,0,0.5,10,9.5,10,rrt_20260613_035124_116.png
20260613_035126_670,2026-06-13 03:51:26,False,10000,75,0.0,0,0.6,0.7,0,0.5,10,9.5,10,rrt_20260613_035126_670.png
20260613_035128_963,2026-06-13 03:51:28,False,10000,63,0.0,0,0.6,0.7,0,0.5,10,9.5,10,rrt_20260613_035128_963.png
20260613_035130_875,2026-06-13 03:51:30,False,10000,52,0.0,0,0.6,0.7,0,0.5,10,9.5,10,rrt_20260613_035130_875.png
20260613_035131_525,2026-06-13 03:51:31,True,775,75,16.799999999999997,29,0.6,0.7,0,0.5,10,9.5,10,rrt_20260613_035131_525.png
20260613_035134_067,2026-06-13 03:51:34,False,10000,67,0.0,0,0.6,0.7,0,0.5,10,9.5,10,rrt_20260613_035134_067.png
20260613_035136_745,2026-06-13 03:51:36,False,10000,63,0.0,0,0.6,0.7,0,0.5,10,9.5,10,rrt_20260613_035136_745.png
20260613_035137_382,2026-06-13 03:51:37,True,474,68,17.400000000000002,30,0.6,0.7,0,0.5,10,9.5,10,rrt_20260613_035137_382.png
20260613_035140_025,2026-06-13 03:51:40,False,10000,80,0.0,0,0.6,0.7,0,0.5,10,9.5,10,rrt_20260613_035140_025.png
20260613_035143_140,2026-06-13 03:51:43,False,10000,71,0.0,0,0.6,0.7,0,0.5,10,9.5,10,rrt_20260613_035143_140.png
20260613_035143_776,2026-06-13 03:51:43,True,311,61,17.999999999999996,31,0.6,0.7,0,0.5,10,9.5,10,rrt_20260613_035143_776.png
20260613_035144_306,2026-06-13 03:51:44,True,1199,68,19.200000000000003,33,0.6,0.7,0,0.5,10,9.5,10,rrt_20260613_035144_306.png
20260613_035147_269,2026-06-13 03:51:47,False,10000,85,0.0,0,0.6,0.7,0,0.5,10,9.5,10,rrt_20260613_035147_269.png
20260613_035148_096,2026-06-13 03:51:48,True,987,81,18.0,31,0.6,0.7,0,0.5,10,9.5,10,rrt_20260613_035148_096.png
20260613_035148_606,2026-06-13 03:51:48,True,648,62,17.999999999999996,31,0.6,0.7,0,0.5,10,9.5,10,rrt_20260613_035148_606.png
20260613_035152_279,2026-06-13 03:51:52,False,10000,94,0.0,0,0.6,0.7,0,0.5,10,9.5,10,rrt_20260613_035152_279.png
20260613_035156_162,2026-06-13 03:51:56,False,10000,92,0.0,0,0.6,0.7,0,0.5,10,9.5,10,rrt_20260613_035156_162.png
20260613_035157_023,2026-06-13 03:51:57,True,917,96,20.400000000000006,35,0.6,0.7,0,0.5,10,9.5,10,rrt_20260613_035157_023.png
20260613_035157_569,2026-06-13 03:51:57,True,1398,63,19.800000000000004,34,0.6,0.7,0,0.5,10,9.5,10,rrt_20260613_035157_569.png
20260613_035200_582,2026-06-13 03:52:00,False,10000,82,0.0,0,0.6,0.7,0,0.5,10,9.5,10,rrt_20260613_035200_582.png
20260613_035203_881,2026-06-13 03:52:03,False,10000,75,0.0,0,0.6,0.7,0,0.5,10,9.5,10,rrt_20260613_035203_881.png
20260613_035205_791,2026-06-13 03:52:05,False,10000,35,0.0,0,0.6,0.7,0,0.5,10,9.5,10,rrt_20260613_035205_791.png
20260613_035206_380,2026-06-13 03:52:06,True,195,57,16.799999999999997,29,0.6,0.7,0,0.5,10,9.5,10,rrt_20260613_035206_380.png
20260613_035208_870,2026-06-13 03:52:08,False,10000,60,0.0,0,0.6,0.7,0,0.5,10,9.5,10,rrt_20260613_035208_870.png
20260613_035211_779,2026-06-13 03:52:11,False,10000,59,0.0,0,0.6,0.7,0,0.5,10,9.5,10,rrt_20260613_035211_779.png
20260613_035215_010,2026-06-13 03:52:15,False,10000,40,0.0,0,0.6,0.7,0,0.5,10,9.5,10,rrt_20260613_035215_010.png
20260613_035219_390,2026-06-13 03:52:19,False,10000,82,0.0,0,0.6,0.7,0,0.5,10,9.5,10,rrt_20260613_035219_390.png
20260613_035223_066,2026-06-13 03:52:23,False,10000,61,0.0,0,0.6,0.7,0,0.5,10,9.5,10,rrt_20260613_035223_066.png
20260613_035227_520,2026-06-13 03:52:27,False,10000,82,0.0,0,0.6,0.7,0,0.5,10,9.5,10,rrt_20260613_035227_520.png
20260613_035231_424,2026-06-13 03:52:31,False,10000,92,0.0,0,0.6,0.8,0,0.5,10,9.5,10,rrt_20260613_035231_424.png
20260613_035235_179,2026-06-13 03:52:35,False,10000,41,0.0,0,0.6,0.8,0,0.5,10,9.5,10,rrt_20260613_035235_179.png
20260613_035236_497,2026-06-13 03:52:36,True,846,81,19.200000000000003,33,0.6,0.8,0,0.5,10,9.5,10,rrt_20260613_035236_497.png
20260613_035241_458,2026-06-13 03:52:41,False,10000,90,0.0,0,0.6,0.8,0,0.5,10,9.5,10,rrt_20260613_035241_458.png
20260613_035247_975,2026-06-13 03:52:47,False,10000,113,0.0,0,0.6,0.8,0,0.5,10,9.5,10,rrt_20260613_035247_975.png
20260613_035253_252,2026-06-13 03:52:53,False,10000,81,0.0,0,0.6,0.8,0,0.5,10,9.5,10,rrt_20260613_035253_252.png
20260613_035300_077,2026-06-13 03:53:00,False,10000,99,0.0,0,0.6,0.8,0,0.5,10,9.5,10,rrt_20260613_035300_077.png
20260613_035301_269,2026-06-13 03:53:01,True,197,64,17.4,30,0.6,0.8,0,0.5,10,9.5,10,rrt_20260613_035301_269.png
20260613_035306_878,2026-06-13 03:53:06,False,10000,83,0.0,0,0.6,0.8,0,0.5,10,9.5,10,rrt_20260613_035306_878.png
20260613_035313_935,2026-06-13 03:53:13,False,10000,100,0.0,0,0.6,0.8,0,0.5,10,9.5,10,rrt_20260613_035313_935.png
20260613_035319_126,2026-06-13 03:53:19,False,10000,63,0.0,0,0.6,0.8,0,0.5,10,9.5,10,rrt_20260613_035319_126.png
20260613_035323_328,2026-06-13 03:53:23,False,10000,43,0.0,0,0.6,0.8,0,0.5,10,9.5,10,rrt_20260613_035323_328.png
20260613_035324_840,2026-06-13 03:53:24,True,1012,77,16.199999999999992,28,0.6,0.8,0,0.5,10,9.5,10,rrt_20260613_035324_840.png
20260613_035331_126,2026-06-13 03:53:31,False,10000,90,0.0,0,0.6,0.8,0,0.5,10,9.5,10,rrt_20260613_035331_126.png
20260613_035332_618,2026-06-13 03:53:32,True,436,90,21.599999999999994,37,0.6,0.8,0,0.5,10,9.5,10,rrt_20260613_035332_618.png
20260613_035339_200,2026-06-13 03:53:39,False,10000,106,0.0,0,0.6,0.8,0,0.5,10,9.5,10,rrt_20260613_035339_200.png
20260613_035340_780,2026-06-13 03:53:40,True,367,70,17.4,30,0.6,0.8,0,0.5,10,9.5,10,rrt_20260613_035340_780.png
20260613_035344_608,2026-06-13 03:53:44,False,10000,40,0.0,0,0.6,0.8,0,0.5,10,9.5,10,rrt_20260613_035344_608.png
20260613_035345_802,2026-06-13 03:53:45,True,152,54,17.399999999999995,30,0.6,0.8,0,0.5,10,9.5,10,rrt_20260613_035345_802.png
20260613_035350_707,2026-06-13 03:53:50,False,10000,67,0.0,0,0.6,0.8,0,0.5,10,9.5,10,rrt_20260613_035350_707.png
20260613_035357_057,2026-06-13 03:53:57,False,10000,80,0.0,0,0.6,0.8,0,0.5,10,9.5,10,rrt_20260613_035357_057.png
20260613_035402_728,2026-06-13 03:54:02,False,10000,64,0.0,0,0.6,0.8,0,0.5,10,9.5,10,rrt_20260613_035402_728.png
20260613_035409_536,2026-06-13 03:54:09,False,10000,106,0.0,0,0.6,0.8,0,0.5,10,9.5,10,rrt_20260613_035409_536.png
20260613_035413_327,2026-06-13 03:54:13,False,10000,34,0.0,0,0.6,0.8,0,0.5,10,9.5,10,rrt_20260613_035413_327.png
20260613_035419_467,2026-06-13 03:54:19,False,10000,83,0.0,0,0.6,0.8,0,0.5,10,9.5,10,rrt_20260613_035419_467.png
20260613_035424_891,2026-06-13 03:54:24,False,10000,78,0.0,0,0.6,0.8,0,0.5,10,9.5,10,rrt_20260613_035424_891.png
20260613_035432_530,2026-06-13 03:54:32,False,10000,127,0.0,0,0.6,0.8,0,0.5,10,9.5,10,rrt_20260613_035432_530.png
20260613_035434_020,2026-06-13 03:54:34,True,522,86,21.0,36,0.6,0.8,0,0.5,10,9.5,10,rrt_20260613_035434_020.png
20260613_035440_211,2026-06-13 03:54:40,False,10000,97,0.0,0,0.6,0.8,0,0.5,10,9.5,10,rrt_20260613_035440_211.png
20260613_035441_695,2026-06-13 03:54:41,True,799,84,18.0,31,0.6,0.8,0,0.5,10,9.5,10,rrt_20260613_035441_695.png
20260613_035447_100,2026-06-13 03:54:47,False,10000,65,0.0,0,0.6,0.8,0,0.5,10,9.5,10,rrt_20260613_035447_100.png
20260613_035453_538,2026-06-13 03:54:53,False,10000,94,0.0,0,0.6,0.8,0,0.5,10,9.5,10,rrt_20260613_035453_538.png
20260613_035459_151,2026-06-13 03:54:59,False,10000,67,0.0,0,0.6,0.8,0,0.5,10,9.5,10,rrt_20260613_035459_151.png
20260613_035504_841,2026-06-13 03:55:04,False,10000,81,0.0,0,0.6,0.8,0,0.5,10,9.5,10,rrt_20260613_035504_841.png
20260613_035510_455,2026-06-13 03:55:10,False,10000,70,0.0,0,0.6,0.8,0,0.5,10,9.5,10,rrt_20260613_035510_455.png
20260613_035516_713,2026-06-13 03:55:16,False,10000,93,0.0,0,0.6,0.8,0,0.5,10,9.5,10,rrt_20260613_035516_713.png
20260613_035522_967,2026-06-13 03:55:22,False,10000,84,0.0,0,0.6,0.8,0,0.5,10,9.5,10,rrt_20260613_035522_967.png
20260613_035524_333,2026-06-13 03:55:24,True,794,95,17.400000000000002,30,0.6,0.8,0,0.5,10,9.5,10,rrt_20260613_035524_333.png
20260613_035525_086,2026-06-13 03:55:25,True,226,61,17.999999999999993,31,0.6,0.8,0,0.5,10,9.5,10,rrt_20260613_035525_086.png
20260613_035530_744,2026-06-13 03:55:30,False,10000,96,0.0,0,0.6,0.8,0,0.5,10,9.5,10,rrt_20260613_035530_744.png
20260613_035535_655,2026-06-13 03:55:35,False,10000,80,0.0,0,0.6,0.8,0,0.5,10,9.5,10,rrt_20260613_035535_655.png
20260613_035540_018,2026-06-13 03:55:40,False,10000,90,0.0,0,0.6,0.8,0,0.5,10,9.5,10,rrt_20260613_035540_018.png
20260613_035544_550,2026-06-13 03:55:44,False,10000,92,0.0,0,0.6,0.8,0,0.5,10,9.5,10,rrt_20260613_035544_550.png
20260613_035548_235,2026-06-13 03:55:48,False,10000,70,0.0,0,0.6,0.8,0,0.5,10,9.5,10,rrt_20260613_035548_235.png
20260613_035551_609,2026-06-13 03:55:51,False,10000,66,0.0,0,0.6,0.8,0,0.5,10,9.5,10,rrt_20260613_035551_609.png
20260613_035556_803,2026-06-13 03:55:56,False,10000,72,0.0,0,0.6,0.8,0,0.5,10,9.5,10,rrt_20260613_035556_803.png
20260613_035602_024,2026-06-13 03:56:02,False,10000,104,0.0,0,0.6,0.8,0,0.5,10,9.5,10,rrt_20260613_035602_024.png
20260613_035603_038,2026-06-13 03:56:03,True,160,47,18.599999999999998,32,0.6,0.8,0,0.5,10,9.5,10,rrt_20260613_035603_038.png
20260613_035603_559,2026-06-13 03:56:03,True,125,48,17.4,30,0.6,0.8,0,0.5,10,9.5,10,rrt_20260613_035603_559.png
20260613_035607_252,2026-06-13 03:56:07,False,10000,85,0.0,0,0.6,0.8,0,0.5,10,9.5,10,rrt_20260613_035607_252.png
20260613_035611_334,2026-06-13 03:56:11,False,10000,86,0.0,0,0.6,0.8,0,0.5,10,9.5,10,rrt_20260613_035611_334.png
20260613_035616_747,2026-06-13 03:56:16,False,10000,78,0.0,0,0.6,0.8,0,0.5,10,9.5,10,rrt_20260613_035616_747.png
20260613_035621_986,2026-06-13 03:56:21,False,10000,82,0.0,0,0.6,0.8,0,0.5,10,9.5,10,rrt_20260613_035621_986.png
20260613_035626_633,2026-06-13 03:56:26,False,10000,85,0.0,0,0.6,0.8,0,0.5,10,9.5,10,rrt_20260613_035626_633.png
20260613_035630_425,2026-06-13 03:56:30,False,10000,82,0.0,0,0.6,0.8,0,0.5,10,9.5,10,rrt_20260613_035630_425.png
20260613_035631_143,2026-06-13 03:56:31,True,202,41,16.2,28,0.6,0.8,0,0.5,10,9.5,10,rrt_20260613_035631_143.png
20260613_035635_604,2026-06-13 03:56:35,False,10000,89,0.0,0,0.6,0.8,0,0.5,10,9.5,10,rrt_20260613_035635_604.png
20260613_035639_403,2026-06-13 03:56:39,False,10000,85,0.0,0,0.6,0.8,0,0.5,10,9.5,10,rrt_20260613_035639_403.png
20260613_035643_512,2026-06-13 03:56:43,False,10000,67,0.0,0,0.6,0.8,0,0.5,10,9.5,10,rrt_20260613_035643_512.png
20260613_035647_996,2026-06-13 03:56:47,False,10000,90,0.0,0,0.6,0.8,0,0.5,10,9.5,10,rrt_20260613_035647_996.png
20260613_035648_871,2026-06-13 03:56:48,True,190,61,18.599999999999998,32,0.6,0.8,0,0.5,10,9.5,10,rrt_20260613_035648_871.png
20260613_035653_281,2026-06-13 03:56:53,False,10000,79,0.0,0,0.6,0.8,0,0.5,10,9.5,10,rrt_20260613_035653_281.png
20260613_035657_354,2026-06-13 03:56:57,False,10000,66,0.0,0,0.6,0.8,0,0.5,10,9.5,10,rrt_20260613_035657_354.png
20260613_035701_421,2026-06-13 03:57:01,False,10000,74,0.0,0,0.6,0.8,0,0.5,10,9.5,10,rrt_20260613_035701_421.png
20260613_035705_831,2026-06-13 03:57:05,False,10000,80,0.0,0,0.6,0.8,0,0.5,10,9.5,10,rrt_20260613_035705_831.png
20260613_035711_579,2026-06-13 03:57:11,False,10000,120,0.0,0,0.6,0.8,0,0.5,10,9.5,10,rrt_20260613_035711_579.png
20260613_035716_112,2026-06-13 03:57:16,False,10000,43,0.0,0,0.6,0.8,0,0.5,10,9.5,10,rrt_20260613_035716_112.png
20260613_035722_558,2026-06-13 03:57:22,False,10000,95,0.0,0,0.6,0.8,0,0.5,10,9.5,10,rrt_20260613_035722_558.png
20260613_035727_648,2026-06-13 03:57:27,False,10000,59,0.0,0,0.6,0.8,0,0.5,10,9.5,10,rrt_20260613_035727_648.png
20260613_035732_519,2026-06-13 03:57:32,False,10000,63,0.0,0,0.6,0.8,0,0.5,10,9.5,10,rrt_20260613_035732_519.png
20260613_035733_878,2026-06-13 03:57:33,True,710,84,18.599999999999998,32,0.6,0.8,0,0.5,10,9.5,10,rrt_20260613_035733_878.png
20260613_035734_878,2026-06-13 03:57:34,True,1185,77,20.39999999999999,35,0.6,0.8,0,0.5,10,9.5,10,rrt_20260613_035734_878.png
20260613_035735_959,2026-06-13 03:57:35,True,650,69,18.599999999999998,32,0.6,0.8,0,0.5,10,9.5,10,rrt_20260613_035735_959.png
20260613_035741_016,2026-06-13 03:57:41,False,10000,68,0.0,0,0.6,0.8,0,0.5,10,9.5,10,rrt_20260613_035741_016.png
20260613_035745_940,2026-06-13 03:57:45,False,10000,57,0.0,0,0.6,0.8,0,0.5,10,9.5,10,rrt_20260613_035745_940.png
20260613_035747_117,2026-06-13 03:57:47,True,221,62,16.2,28,0.6,0.8,0,0.5,10,9.5,10,rrt_20260613_035747_117.png
20260613_035753_035,2026-06-13 03:57:53,False,10000,83,0.0,0,0.6,0.8,0,0.5,10,9.5,10,rrt_20260613_035753_035.png
20260613_035757_226,2026-06-13 03:57:57,False,10000,38,0.0,0,0.6,0.8,0,0.5,10,9.5,10,rrt_20260613_035757_226.png
20260613_035801_657,2026-06-13 03:58:01,False,10000,42,0.0,0,0.6,0.8,0,0.5,10,9.5,10,rrt_20260613_035801_657.png
20260613_035807_650,2026-06-13 03:58:07,False,10000,81,0.0,0,0.6,0.8,0,0.5,10,9.5,10,rrt_20260613_035807_650.png
20260613_035814_267,2026-06-13 03:58:14,False,10000,96,0.0,0,0.6,0.8,0,0.5,10,9.5,10,rrt_20260613_035814_267.png
20260613_035818_298,2026-06-13 03:58:18,False,10000,42,0.0,0,0.6,0.8,0,0.5,10,9.5,10,rrt_20260613_035818_298.png
20260613_035822_277,2026-06-13 03:58:22,False,10000,37,0.0,0,0.6,0.8,0,0.5,10,9.5,10,rrt_20260613_035822_277.png
20260613_035827_682,2026-06-13 03:58:27,False,10000,70,0.0,0,0.6,0.8,0,0.5,10,9.5,10,rrt_20260613_035827_682.png
20260613_035833_848,2026-06-13 03:58:33,False,10000,82,0.0,0,0.6,0.8,0,0.5,10,9.5,10,rrt_20260613_035833_848.png
20260613_035838_403,2026-06-13 03:58:38,False,10000,41,0.0,0,0.6,0.8,0,0.5,10,9.5,10,rrt_20260613_035838_403.png
20260613_035844_167,2026-06-13 03:58:44,False,10000,81,0.0,0,0.6,0.8,0,0.5,10,9.5,10,rrt_20260613_035844_167.png
20260613_035850_253,2026-06-13 03:58:50,False,10000,84,0.0,0,0.6,0.8,0,0.5,10,9.5,10,rrt_20260613_035850_253.png
20260613_035856_553,2026-06-13 03:58:56,False,10000,90,0.0,0,0.6,0.8,0,0.5,10,9.5,10,rrt_20260613_035856_553.png
20260613_035900_162,2026-06-13 03:59:00,False,10000,42,0.0,0,0.6,0.8,0,0.5,10,9.5,10,rrt_20260613_035900_162.png
20260613_035905_571,2026-06-13 03:59:05,False,10000,88,0.0,0,0.6,0.8,0,0.5,10,9.5,10,rrt_20260613_035905_571.png
20260613_035910_129,2026-06-13 03:59:10,False,10000,83,0.0,0,0.6,0.8,0,0.5,10,9.5,10,rrt_20260613_035910_129.png
20260613_035916_147,2026-06-13 03:59:16,False,10000,93,0.0,0,0.6,0.8,0,0.5,10,9.5,10,rrt_20260613_035916_147.png
20260613_035922_439,2026-06-13 03:59:22,False,10000,97,0.0,0,0.6,0.8,0,0.5,10,9.5,10,rrt_20260613_035922_439.png
20260613_035928_143,2026-06-13 03:59:28,False,10000,81,0.0,0,0.6,0.8,0,0.5,10,9.5,10,rrt_20260613_035928_143.png
20260613_035932_449,2026-06-13 03:59:32,False,10000,79,0.0,0,0.6,0.8,0,0.5,10,9.5,10,rrt_20260613_035932_449.png
20260613_035938_889,2026-06-13 03:59:38,False,10000,111,0.0,0,0.6,0.8,0,0.5,10,9.5,10,rrt_20260613_035938_889.png
20260613_035944_705,2026-06-13 03:59:44,False,10000,85,0.0,0,0.6,0.8,0,0.5,10,9.5,10,rrt_20260613_035944_705.png
20260613_035950_422,2026-06-13 03:59:50,False,10000,70,0.0,0,0.6,0.8,0,0.5,10,9.5,10,rrt_20260613_035950_422.png
20260613_035952_398,2026-06-13 03:59:52,True,1903,95,18.599999999999998,32,0.6,0.8,0,0.5,10,9.5,10,rrt_20260613_035952_398.png
20260613_035957_498,2026-06-13 03:59:57,False,10000,67,0.0,0,0.7,0.1,0,0.5,10,9.5,10,rrt_20260613_035957_498.png
20260613_040002_014,2026-06-13 04:00:02,False,10000,57,0.0,0,0.7,0.1,0,0.5,10,9.5,10,rrt_20260613_040002_014.png
20260613_040008_125,2026-06-13 04:00:08,False,10000,76,0.0,0,0.7,0.1,0,0.5,10,9.5,10,rrt_20260613_040008_125.png
20260613_040014_055,2026-06-13 04:00:14,False,10000,73,0.0,0,0.7,0.1,0,0.5,10,9.5,10,rrt_20260613_040014_055.png
20260613_040018_051,2026-06-13 04:00:18,False,10000,28,0.0,0,0.7,0.1,0,0.5,10,9.5,10,rrt_20260613_040018_051.png
20260613_040022_733,2026-06-13 04:00:22,False,10000,65,0.0,0,0.7,0.1,0,0.5,10,9.5,10,rrt_20260613_040022_733.png
20260613_040028_073,2026-06-13 04:00:28,False,10000,80,0.0,0,0.7,0.1,0,0.5,10,9.5,10,rrt_20260613_040028_073.png
20260613_040029_501,2026-06-13 04:00:29,True,953,45,16.099999999999998,24,0.7,0.1,0,0.5,10,9.5,10,rrt_20260613_040029_501.png
20260613_040035_587,2026-06-13 04:00:35,False,10000,75,0.0,0,0.7,0.1,0,0.5,10,9.5,10,rrt_20260613_040035_587.png
20260613_040040_511,2026-06-13 04:00:40,False,10000,73,0.0,0,0.7,0.1,0,0.5,10,9.5,10,rrt_20260613_040040_511.png
20260613_040046_661,2026-06-13 04:00:46,False,10000,72,0.0,0,0.7,0.1,0,0.5,10,9.5,10,rrt_20260613_040046_661.png
20260613_040051_907,2026-06-13 04:00:51,False,10000,77,0.0,0,0.7,0.1,0,0.5,10,9.5,10,rrt_20260613_040051_907.png
20260613_040057_171,2026-06-13 04:00:57,False,10000,73,0.0,0,0.7,0.1,0,0.5,10,9.5,10,rrt_20260613_040057_171.png
20260613_040102_369,2026-06-13 04:01:02,False,10000,68,0.0,0,0.7,0.1,0,0.5,10,9.5,10,rrt_20260613_040102_369.png
20260613_040106_775,2026-06-13 04:01:06,True,8850,72,18.199999999999992,27,0.7,0.1,0,0.5,10,9.5,10,rrt_20260613_040106_775.png
20260613_040109_750,2026-06-13 04:01:09,True,5149,75,16.799999999999994,25,0.7,0.1,0,0.5,10,9.5,10,rrt_20260613_040109_750.png
20260613_040113_991,2026-06-13 04:01:13,False,10000,34,0.0,0,0.7,0.1,0,0.5,10,9.5,10,rrt_20260613_040113_991.png
20260613_040118_549,2026-06-13 04:01:18,False,10000,64,0.0,0,0.7,0.1,0,0.5,10,9.5,10,rrt_20260613_040118_549.png
20260613_040123_346,2026-06-13 04:01:23,False,10000,66,0.0,0,0.7,0.1,0,0.5,10,9.5,10,rrt_20260613_040123_346.png
20260613_040129_815,2026-06-13 04:01:29,False,10000,73,0.0,0,0.7,0.1,0,0.5,10,9.5,10,rrt_20260613_040129_815.png
20260613_040135_142,2026-06-13 04:01:35,False,10000,56,0.0,0,0.7,0.1,0,0.5,10,9.5,10,rrt_20260613_040135_142.png
20260613_040138_435,2026-06-13 04:01:38,False,10000,35,0.0,0,0.7,0.1,0,0.5,10,9.5,10,rrt_20260613_040138_435.png
20260613_040142_473,2026-06-13 04:01:42,False,10000,36,0.0,0,0.7,0.1,0,0.5,10,9.5,10,rrt_20260613_040142_473.png
20260613_040148_342,2026-06-13 04:01:48,False,10000,92,0.0,0,0.7,0.1,0,0.5,10,9.5,10,rrt_20260613_040148_342.png
20260613_040153_562,2026-06-13 04:01:53,False,10000,65,0.0,0,0.7,0.1,0,0.5,10,9.5,10,rrt_20260613_040153_562.png
20260613_040155_441,2026-06-13 04:01:55,True,2580,66,17.5,26,0.7,0.1,0,0.5,10,9.5,10,rrt_20260613_040155_441.png
20260613_040159_494,2026-06-13 04:01:59,False,10000,49,0.0,0,0.7,0.1,0,0.5,10,9.5,10,rrt_20260613_040159_494.png
20260613_040201_227,2026-06-13 04:02:01,True,2461,50,18.199999999999996,27,0.7,0.1,0,0.5,10,9.5,10,rrt_20260613_040201_227.png
20260613_040205_232,2026-06-13 04:02:05,False,10000,55,0.0,0,0.7,0.1,0,0.5,10,9.5,10,rrt_20260613_040205_232.png
20260613_040208_693,2026-06-13 04:02:08,False,10000,52,0.0,0,0.7,0.1,0,0.5,10,9.5,10,rrt_20260613_040208_693.png
20260613_040213_613,2026-06-13 04:02:13,False,10000,73,0.0,0,0.7,0.1,0,0.5,10,9.5,10,rrt_20260613_040213_613.png
20260613_040217_064,2026-06-13 04:02:17,True,6476,69,18.89999999999999,28,0.7,0.1,0,0.5,10,9.5,10,rrt_20260613_040217_064.png
20260613_040220_987,2026-06-13 04:02:20,False,10000,48,0.0,0,0.7,0.1,0,0.5,10,9.5,10,rrt_20260613_040220_987.png
20260613_040223_743,2026-06-13 04:02:23,True,4699,71,18.899999999999988,28,0.7,0.1,0,0.5,10,9.5,10,rrt_20260613_040223_743.png
20260613_040228_660,2026-06-13 04:02:28,False,10000,77,0.0,0,0.7,0.1,0,0.5,10,9.5,10,rrt_20260613_040228_660.png
20260613_040234_208,2026-06-13 04:02:34,False,10000,74,0.0,0,0.7,0.1,0,0.5,10,9.5,10,rrt_20260613_040234_208.png
20260613_040239_112,2026-06-13 04:02:39,False,10000,71,0.0,0,0.7,0.1,0,0.5,10,9.5,10,rrt_20260613_040239_112.png
20260613_040243_414,2026-06-13 04:02:43,False,10000,60,0.0,0,0.7,0.1,0,0.5,10,9.5,10,rrt_20260613_040243_414.png
20260613_040250_175,2026-06-13 04:02:50,False,10000,78,0.0,0,0.7,0.1,0,0.5,10,9.5,10,rrt_20260613_040250_175.png
20260613_040255_812,2026-06-13 04:02:55,False,10000,55,0.0,0,0.7,0.1,0,0.5,10,9.5,10,rrt_20260613_040255_812.png
20260613_040300_296,2026-06-13 04:03:00,False,10000,59,0.0,0,0.7,0.1,0,0.5,10,9.5,10,rrt_20260613_040300_296.png
20260613_040304_842,2026-06-13 04:03:04,False,10000,67,0.0,0,0.7,0.1,0,0.5,10,9.5,10,rrt_20260613_040304_842.png
20260613_040309_761,2026-06-13 04:03:09,False,10000,76,0.0,0,0.7,0.1,0,0.5,10,9.5,10,rrt_20260613_040309_761.png
20260613_040314_280,2026-06-13 04:03:14,False,10000,67,0.0,0,0.7,0.1,0,0.5,10,9.5,10,rrt_20260613_040314_280.png
20260613_040320_558,2026-06-13 04:03:20,False,10000,77,0.0,0,0.7,0.1,0,0.5,10,9.5,10,rrt_20260613_040320_558.png
20260613_040326_438,2026-06-13 04:03:26,False,10000,63,0.0,0,0.7,0.1,0,0.5,10,9.5,10,rrt_20260613_040326_438.png
20260613_040330_933,2026-06-13 04:03:30,False,10000,63,0.0,0,0.7,0.1,0,0.5,10,9.5,10,rrt_20260613_040330_933.png
20260613_040335_262,2026-06-13 04:03:35,False,10000,58,0.0,0,0.7,0.1,0,0.5,10,9.5,10,rrt_20260613_040335_262.png
20260613_040339_820,2026-06-13 04:03:39,False,10000,68,0.0,0,0.7,0.1,0,0.5,10,9.5,10,rrt_20260613_040339_820.png
20260613_040344_057,2026-06-13 04:03:44,False,10000,75,0.0,0,0.7,0.1,0,0.5,10,9.5,10,rrt_20260613_040344_057.png
20260613_040348_254,2026-06-13 04:03:48,False,10000,65,0.0,0,0.7,0.1,0,0.5,10,9.5,10,rrt_20260613_040348_254.png
20260613_040351_977,2026-06-13 04:03:51,False,10000,74,0.0,0,0.7,0.1,0,0.5,10,9.5,10,rrt_20260613_040351_977.png
20260613_040355_893,2026-06-13 04:03:55,False,10000,36,0.0,0,0.7,0.1,0,0.5,10,9.5,10,rrt_20260613_040355_893.png
20260613_040400_188,2026-06-13 04:04:00,False,10000,53,0.0,0,0.7,0.1,0,0.5,10,9.5,10,rrt_20260613_040400_188.png
20260613_040404_821,2026-06-13 04:04:04,False,10000,61,0.0,0,0.7,0.1,0,0.5,10,9.5,10,rrt_20260613_040404_821.png
20260613_040408_446,2026-06-13 04:04:08,False,10000,68,0.0,0,0.7,0.1,0,0.5,10,9.5,10,rrt_20260613_040408_446.png
20260613_040412_437,2026-06-13 04:04:12,False,10000,74,0.0,0,0.7,0.1,0,0.5,10,9.5,10,rrt_20260613_040412_437.png
20260613_040416_626,2026-06-13 04:04:16,False,10000,54,0.0,0,0.7,0.1,0,0.5,10,9.5,10,rrt_20260613_040416_626.png
20260613_040421_646,2026-06-13 04:04:21,False,10000,74,0.0,0,0.7,0.1,0,0.5,10,9.5,10,rrt_20260613_040421_646.png
20260613_040426_147,2026-06-13 04:04:26,False,10000,59,0.0,0,0.7,0.1,0,0.5,10,9.5,10,rrt_20260613_040426_147.png
20260613_040431_861,2026-06-13 04:04:31,False,10000,69,0.0,0,0.7,0.1,0,0.5,10,9.5,10,rrt_20260613_040431_861.png
20260613_040437_263,2026-06-13 04:04:37,False,10000,66,0.0,0,0.7,0.1,0,0.5,10,9.5,10,rrt_20260613_040437_263.png
20260613_040439_749,2026-06-13 04:04:39,True,4789,71,19.599999999999998,29,0.7,0.1,0,0.5,10,9.5,10,rrt_20260613_040439_749.png
20260613_040445_539,2026-06-13 04:04:45,False,10000,67,0.0,0,0.7,0.1,0,0.5,10,9.5,10,rrt_20260613_040445_539.png
20260613_040449_544,2026-06-13 04:04:49,False,10000,53,0.0,0,0.7,0.1,0,0.5,10,9.5,10,rrt_20260613_040449_544.png
20260613_040453_052,2026-06-13 04:04:53,True,7006,84,18.2,27,0.7,0.1,0,0.5,10,9.5,10,rrt_20260613_040453_052.png
20260613_040459_144,2026-06-13 04:04:59,False,10000,68,0.0,0,0.7,0.1,0,0.5,10,9.5,10,rrt_20260613_040459_144.png
20260613_040504_001,2026-06-13 04:05:04,False,10000,44,0.0,0,0.7,0.1,0,0.5,10,9.5,10,rrt_20260613_040504_001.png
20260613_040509_304,2026-06-13 04:05:09,False,10000,73,0.0,0,0.7,0.1,0,0.5,10,9.5,10,rrt_20260613_040509_304.png
20260613_040515_249,2026-06-13 04:05:15,False,10000,72,0.0,0,0.7,0.1,0,0.5,10,9.5,10,rrt_20260613_040515_249.png
20260613_040521_020,2026-06-13 04:05:21,False,10000,61,0.0,0,0.7,0.1,0,0.5,10,9.5,10,rrt_20260613_040521_020.png
20260613_040525_412,2026-06-13 04:05:25,False,10000,57,0.0,0,0.7,0.1,0,0.5,10,9.5,10,rrt_20260613_040525_412.png
20260613_040527_037,2026-06-13 04:05:27,True,1305,48,17.499999999999993,26,0.7,0.1,0,0.5,10,9.5,10,rrt_20260613_040527_037.png
20260613_040532_877,2026-06-13 04:05:32,False,10000,68,0.0,0,0.7,0.1,0,0.5,10,9.5,10,rrt_20260613_040532_877.png
20260613_040537_511,2026-06-13 04:05:37,False,10000,63,0.0,0,0.7,0.1,0,0.5,10,9.5,10,rrt_20260613_040537_511.png
20260613_040542_982,2026-06-13 04:05:42,False,10000,81,0.0,0,0.7,0.1,0,0.5,10,9.5,10,rrt_20260613_040542_982.png
20260613_040547_496,2026-06-13 04:05:47,False,10000,57,0.0,0,0.7,0.1,0,0.5,10,9.5,10,rrt_20260613_040547_496.png
20260613_040552_175,2026-06-13 04:05:52,False,10000,63,0.0,0,0.7,0.1,0,0.5,10,9.5,10,rrt_20260613_040552_175.png
20260613_040555_522,2026-06-13 04:05:55,True,8142,75,18.199999999999996,27,0.7,0.1,0,0.5,10,9.5,10,rrt_20260613_040555_522.png
20260613_040601_285,2026-06-13 04:06:01,False,10000,60,0.0,0,0.7,0.1,0,0.5,10,9.5,10,rrt_20260613_040601_285.png
20260613_040604_840,2026-06-13 04:06:04,True,6764,84,16.799999999999994,25,0.7,0.1,0,0.5,10,9.5,10,rrt_20260613_040604_840.png
20260613_040609_863,2026-06-13 04:06:09,False,10000,68,0.0,0,0.7,0.1,0,0.5,10,9.5,10,rrt_20260613_040609_863.png
20260613_040614_063,2026-06-13 04:06:14,False,10000,58,0.0,0,0.7,0.1,0,0.5,10,9.5,10,rrt_20260613_040614_063.png
20260613_040620_036,2026-06-13 04:06:20,False,10000,72,0.0,0,0.7,0.1,0,0.5,10,9.5,10,rrt_20260613_040620_036.png
20260613_040621_968,2026-06-13 04:06:21,True,2651,51,20.999999999999993,31,0.7,0.1,0,0.5,10,9.5,10,rrt_20260613_040621_968.png
20260613_040626_292,2026-06-13 04:06:26,False,10000,66,0.0,0,0.7,0.1,0,0.5,10,9.5,10,rrt_20260613_040626_292.png
20260613_040628_211,2026-06-13 04:06:28,True,2498,61,17.499999999999996,26,0.7,0.1,0,0.5,10,9.5,10,rrt_20260613_040628_211.png
20260613_040633_849,2026-06-13 04:06:33,False,10000,66,0.0,0,0.7,0.1,0,0.5,10,9.5,10,rrt_20260613_040633_849.png
20260613_040639_307,2026-06-13 04:06:39,False,10000,50,0.0,0,0.7,0.1,0,0.5,10,9.5,10,rrt_20260613_040639_307.png
20260613_040641_434,2026-06-13 04:06:41,True,3062,55,19.59999999999999,29,0.7,0.1,0,0.5,10,9.5,10,rrt_20260613_040641_434.png
20260613_040645_397,2026-06-13 04:06:45,True,7824,76,16.799999999999997,25,0.7,0.1,0,0.5,10,9.5,10,rrt_20260613_040645_397.png
20260613_040650_633,2026-06-13 04:06:50,False,10000,71,0.0,0,0.7,0.1,0,0.5,10,9.5,10,rrt_20260613_040650_633.png
20260613_040657_596,2026-06-13 04:06:57,False,10000,90,0.0,0,0.7,0.1,0,0.5,10,9.5,10,rrt_20260613_040657_596.png
20260613_040702_237,2026-06-13 04:07:02,False,10000,55,0.0,0,0.7,0.1,0,0.5,10,9.5,10,rrt_20260613_040702_237.png
20260613_040703_917,2026-06-13 04:07:03,True,1927,53,16.799999999999997,25,0.7,0.1,0,0.5,10,9.5,10,rrt_20260613_040703_917.png
20260613_040709_645,2026-06-13 04:07:09,False,10000,67,0.0,0,0.7,0.1,0,0.5,10,9.5,10,rrt_20260613_040709_645.png
20260613_040714_701,2026-06-13 04:07:14,False,10000,60,0.0,0,0.7,0.1,0,0.5,10,9.5,10,rrt_20260613_040714_701.png
20260613_040720_320,2026-06-13 04:07:20,False,10000,66,0.0,0,0.7,0.1,0,0.5,10,9.5,10,rrt_20260613_040720_320.png
20260613_040725_594,2026-06-13 04:07:25,False,10000,56,0.0,0,0.7,0.1,0,0.5,10,9.5,10,rrt_20260613_040725_594.png
20260613_040731_469,2026-06-13 04:07:31,False,10000,69,0.0,0,0.7,0.1,0,0.5,10,9.5,10,rrt_20260613_040731_469.png
20260613_040736_499,2026-06-13 04:07:36,False,10000,70,0.0,0,0.7,0.2,0,0.5,10,9.5,10,rrt_20260613_040736_499.png
20260613_040742_004,2026-06-13 04:07:42,False,10000,78,0.0,0,0.7,0.2,0,0.5,10,9.5,10,rrt_20260613_040742_004.png
20260613_040747_629,2026-06-13 04:07:47,False,10000,60,0.0,0,0.7,0.2,0,0.5,10,9.5,10,rrt_20260613_040747_629.png
20260613_040752_679,2026-06-13 04:07:52,False,10000,70,0.0,0,0.7,0.2,0,0.5,10,9.5,10,rrt_20260613_040752_679.png
20260613_040759_145,2026-06-13 04:07:59,False,10000,65,0.0,0,0.7,0.2,0,0.5,10,9.5,10,rrt_20260613_040759_145.png
20260613_040804_829,2026-06-13 04:08:04,False,10000,71,0.0,0,0.7,0.2,0,0.5,10,9.5,10,rrt_20260613_040804_829.png
20260613_040806_863,2026-06-13 04:08:06,True,2550,58,18.199999999999992,27,0.7,0.2,0,0.5,10,9.5,10,rrt_20260613_040806_863.png
20260613_040808_108,2026-06-13 04:08:08,True,428,34,16.799999999999994,25,0.7,0.2,0,0.5,10,9.5,10,rrt_20260613_040808_108.png
20260613_040814_051,2026-06-13 04:08:14,False,10000,76,0.0,0,0.7,0.2,0,0.5,10,9.5,10,rrt_20260613_040814_051.png
20260613_040819_513,2026-06-13 04:08:19,False,10000,75,0.0,0,0.7,0.2,0,0.5,10,9.5,10,rrt_20260613_040819_513.png
20260613_040822_632,2026-06-13 04:08:22,True,4871,79,18.199999999999996,27,0.7,0.2,0,0.5,10,9.5,10,rrt_20260613_040822_632.png
20260613_040824_402,2026-06-13 04:08:24,True,1982,68,18.199999999999996,27,0.7,0.2,0,0.5,10,9.5,10,rrt_20260613_040824_402.png
20260613_040829_849,2026-06-13 04:08:29,False,10000,79,0.0,0,0.7,0.2,0,0.5,10,9.5,10,rrt_20260613_040829_849.png
20260613_040835_265,2026-06-13 04:08:35,False,10000,75,0.0,0,0.7,0.2,0,0.5,10,9.5,10,rrt_20260613_040835_265.png
20260613_040837_531,2026-06-13 04:08:37,True,2908,61,17.499999999999993,26,0.7,0.2,0,0.5,10,9.5,10,rrt_20260613_040837_531.png
20260613_040839_606,2026-06-13 04:08:39,True,3726,54,18.89999999999999,28,0.7,0.2,0,0.5,10,9.5,10,rrt_20260613_040839_606.png
20260613_040842_200,2026-06-13 04:08:42,True,3644,81,17.499999999999996,26,0.7,0.2,0,0.5,10,9.5,10,rrt_20260613_040842_200.png
20260613_040844_361,2026-06-13 04:08:44,True,3160,82,18.199999999999996,27,0.7,0.2,0,0.5,10,9.5,10,rrt_20260613_040844_361.png
20260613_040846_243,2026-06-13 04:08:46,True,2446,68,16.799999999999994,25,0.7,0.2,0,0.5,10,9.5,10,rrt_20260613_040846_243.png
20260613_040852_830,2026-06-13 04:08:52,False,10000,81,0.0,0,0.7,0.2,0,0.5,10,9.5,10,rrt_20260613_040852_830.png
20260613_040857_717,2026-06-13 04:08:57,False,10000,65,0.0,0,0.7,0.2,0,0.5,10,9.5,10,rrt_20260613_040857_717.png
20260613_040904_652,2026-06-13 04:09:04,False,10000,79,0.0,0,0.7,0.2,0,0.5,10,9.5,10,rrt_20260613_040904_652.png
20260613_040905_594,2026-06-13 04:09:05,True,430,37,16.799999999999994,25,0.7,0.2,0,0.5,10,9.5,10,rrt_20260613_040905_594.png
20260613_040910_367,2026-06-13 04:09:10,False,10000,70,0.0,0,0.7,0.2,0,0.5,10,9.5,10,rrt_20260613_040910_367.png
20260613_040914_935,2026-06-13 04:09:14,False,10000,54,0.0,0,0.7,0.2,0,0.5,10,9.5,10,rrt_20260613_040914_935.png
20260613_040920_536,2026-06-13 04:09:20,False,10000,53,0.0,0,0.7,0.2,0,0.5,10,9.5,10,rrt_20260613_040920_536.png
20260613_040926_324,2026-06-13 04:09:26,False,10000,61,0.0,0,0.7,0.2,0,0.5,10,9.5,10,rrt_20260613_040926_324.png
20260613_040932_292,2026-06-13 04:09:32,False,10000,61,0.0,0,0.7,0.2,0,0.5,10,9.5,10,rrt_20260613_040932_292.png
20260613_040937_491,2026-06-13 04:09:37,False,10000,69,0.0,0,0.7,0.2,0,0.5,10,9.5,10,rrt_20260613_040937_491.png
20260613_040942_351,2026-06-13 04:09:42,False,10000,69,0.0,0,0.7,0.2,0,0.5,10,9.5,10,rrt_20260613_040942_351.png
20260613_040945_667,2026-06-13 04:09:45,False,10000,31,0.0,0,0.7,0.2,0,0.5,10,9.5,10,rrt_20260613_040945_667.png
20260613_040950_627,2026-06-13 04:09:50,False,10000,69,0.0,0,0.7,0.2,0,0.5,10,9.5,10,rrt_20260613_040950_627.png
20260613_040955_846,2026-06-13 04:09:55,False,10000,67,0.0,0,0.7,0.2,0,0.5,10,9.5,10,rrt_20260613_040955_846.png
20260613_041000_824,2026-06-13 04:10:00,False,10000,66,0.0,0,0.7,0.2,0,0.5,10,9.5,10,rrt_20260613_041000_824.png
20260613_041005_947,2026-06-13 04:10:05,False,10000,79,0.0,0,0.7,0.2,0,0.5,10,9.5,10,rrt_20260613_041005_947.png
20260613_041009_726,2026-06-13 04:10:09,False,10000,52,0.0,0,0.7,0.2,0,0.5,10,9.5,10,rrt_20260613_041009_726.png
20260613_041015_355,2026-06-13 04:10:15,False,10000,67,0.0,0,0.7,0.2,0,0.5,10,9.5,10,rrt_20260613_041015_355.png
20260613_041018_726,2026-06-13 04:10:18,False,10000,35,0.0,0,0.7,0.2,0,0.5,10,9.5,10,rrt_20260613_041018_726.png
20260613_041020_679,2026-06-13 04:10:20,True,2648,60,18.899999999999995,28,0.7,0.2,0,0.5,10,9.5,10,rrt_20260613_041020_679.png
20260613_041025_984,2026-06-13 04:10:25,False,10000,54,0.0,0,0.7,0.2,0,0.5,10,9.5,10,rrt_20260613_041025_984.png
20260613_041029_331,2026-06-13 04:10:29,False,10000,34,0.0,0,0.7,0.2,0,0.5,10,9.5,10,rrt_20260613_041029_331.png
20260613_041034_901,2026-06-13 04:10:34,False,10000,93,0.0,0,0.7,0.2,0,0.5,10,9.5,10,rrt_20260613_041034_901.png
20260613_041039_700,2026-06-13 04:10:39,False,10000,67,0.0,0,0.7,0.2,0,0.5,10,9.5,10,rrt_20260613_041039_700.png
20260613_041043_468,2026-06-13 04:10:43,False,10000,31,0.0,0,0.7,0.2,0,0.5,10,9.5,10,rrt_20260613_041043_468.png
20260613_041047_836,2026-06-13 04:10:47,False,10000,48,0.0,0,0.7,0.2,0,0.5,10,9.5,10,rrt_20260613_041047_836.png
20260613_041053_262,2026-06-13 04:10:53,False,10000,94,0.0,0,0.7,0.2,0,0.5,10,9.5,10,rrt_20260613_041053_262.png
20260613_041058_418,2026-06-13 04:10:58,False,10000,63,0.0,0,0.7,0.2,0,0.5,10,9.5,10,rrt_20260613_041058_418.png
20260613_041103_254,2026-06-13 04:11:03,False,10000,69,0.0,0,0.7,0.2,0,0.5,10,9.5,10,rrt_20260613_041103_254.png
20260613_041107_664,2026-06-13 04:11:07,False,10000,47,0.0,0,0.7,0.2,0,0.5,10,9.5,10,rrt_20260613_041107_664.png
20260613_041114_090,2026-06-13 04:11:14,False,10000,91,0.0,0,0.7,0.2,0,0.5,10,9.5,10,rrt_20260613_041114_090.png
20260613_041118_843,2026-06-13 04:11:18,False,10000,64,0.0,0,0.7,0.2,0,0.5,10,9.5,10,rrt_20260613_041118_843.png
20260613_041123_185,2026-06-13 04:11:23,False,10000,40,0.0,0,0.7,0.2,0,0.5,10,9.5,10,rrt_20260613_041123_185.png
20260613_041127_909,2026-06-13 04:11:27,False,10000,61,0.0,0,0.7,0.2,0,0.5,10,9.5,10,rrt_20260613_041127_909.png
20260613_041134_050,2026-06-13 04:11:34,False,10000,78,0.0,0,0.7,0.2,0,0.5,10,9.5,10,rrt_20260613_041134_050.png
20260613_041137_396,2026-06-13 04:11:37,False,10000,33,0.0,0,0.7,0.2,0,0.5,10,9.5,10,rrt_20260613_041137_396.png
20260613_041142_131,2026-06-13 04:11:42,False,10000,60,0.0,0,0.7,0.2,0,0.5,10,9.5,10,rrt_20260613_041142_131.png
20260613_041143_453,2026-06-13 04:11:43,True,1097,64,16.799999999999994,25,0.7,0.2,0,0.5,10,9.5,10,rrt_20260613_041143_453.png
20260613_041148_866,2026-06-13 04:11:48,False,10000,69,0.0,0,0.7,0.2,0,0.5,10,9.5,10,rrt_20260613_041148_866.png
20260613_041152_485,2026-06-13 04:11:52,False,10000,31,0.0,0,0.7,0.2,0,0.5,10,9.5,10,rrt_20260613_041152_485.png
20260613_041157_767,2026-06-13 04:11:57,False,10000,69,0.0,0,0.7,0.2,0,0.5,10,9.5,10,rrt_20260613_041157_767.png
20260613_041204_354,2026-06-13 04:12:04,False,10000,81,0.0,0,0.7,0.2,0,0.5,10,9.5,10,rrt_20260613_041204_354.png
20260613_041208_557,2026-06-13 04:12:08,False,10000,33,0.0,0,0.7,0.2,0,0.5,10,9.5,10,rrt_20260613_041208_557.png
20260613_041213_494,2026-06-13 04:12:13,False,10000,65,0.0,0,0.7,0.2,0,0.5,10,9.5,10,rrt_20260613_041213_494.png
20260613_041219_230,2026-06-13 04:12:19,False,10000,63,0.0,0,0.7,0.2,0,0.5,10,9.5,10,rrt_20260613_041219_230.png
20260613_041224_495,2026-06-13 04:12:24,False,10000,68,0.0,0,0.7,0.2,0,0.5,10,9.5,10,rrt_20260613_041224_495.png
20260613_041228_956,2026-06-13 04:12:28,False,10000,55,0.0,0,0.7,0.2,0,0.5,10,9.5,10,rrt_20260613_041228_956.png
20260613_041233_025,2026-06-13 04:12:33,False,10000,32,0.0,0,0.7,0.2,0,0.5,10,9.5,10,rrt_20260613_041233_025.png
20260613_041237_179,2026-06-13 04:12:37,False,10000,32,0.0,0,0.7,0.2,0,0.5,10,9.5,10,rrt_20260613_041237_179.png
20260613_041242_481,2026-06-13 04:12:42,False,10000,48,0.0,0,0.7,0.2,0,0.5,10,9.5,10,rrt_20260613_041242_481.png
20260613_041249_011,2026-06-13 04:12:49,False,10000,101,0.0,0,0.7,0.2,0,0.5,10,9.5,10,rrt_20260613_041249_011.png
20260613_041250_690,2026-06-13 04:12:50,True,1643,69,18.199999999999992,27,0.7,0.2,0,0.5,10,9.5,10,rrt_20260613_041250_690.png
20260613_041252_449,2026-06-13 04:12:52,True,3096,74,16.799999999999994,25,0.7,0.2,0,0.5,10,9.5,10,rrt_20260613_041252_449.png
20260613_041258_560,2026-06-13 04:12:58,False,10000,98,0.0,0,0.7,0.2,0,0.5,10,9.5,10,rrt_20260613_041258_560.png
20260613_041304_801,2026-06-13 04:13:04,False,10000,69,0.0,0,0.7,0.2,0,0.5,10,9.5,10,rrt_20260613_041304_801.png
20260613_041310_119,2026-06-13 04:13:10,False,10000,73,0.0,0,0.7,0.2,0,0.5,10,9.5,10,rrt_20260613_041310_119.png
20260613_041315_756,2026-06-13 04:13:15,False,10000,56,0.0,0,0.7,0.2,0,0.5,10,9.5,10,rrt_20260613_041315_756.png
20260613_041320_602,2026-06-13 04:13:20,False,10000,60,0.0,0,0.7,0.2,0,0.5,10,9.5,10,rrt_20260613_041320_602.png
20260613_041322_021,2026-06-13 04:13:22,True,696,53,17.499999999999996,26,0.7,0.2,0,0.5,10,9.5,10,rrt_20260613_041322_021.png
20260613_041327_194,2026-06-13 04:13:27,False,10000,82,0.0,0,0.7,0.2,0,0.5,10,9.5,10,rrt_20260613_041327_194.png
20260613_041333_040,2026-06-13 04:13:33,False,10000,64,0.0,0,0.7,0.2,0,0.5,10,9.5,10,rrt_20260613_041333_040.png
20260613_041337_955,2026-06-13 04:13:37,False,10000,65,0.0,0,0.7,0.2,0,0.5,10,9.5,10,rrt_20260613_041337_955.png
20260613_041343_040,2026-06-13 04:13:43,False,10000,77,0.0,0,0.7,0.2,0,0.5,10,9.5,10,rrt_20260613_041343_040.png
20260613_041348_304,2026-06-13 04:13:48,False,10000,68,0.0,0,0.7,0.2,0,0.5,10,9.5,10,rrt_20260613_041348_304.png
20260613_041353_473,2026-06-13 04:13:53,False,10000,69,0.0,0,0.7,0.2,0,0.5,10,9.5,10,rrt_20260613_041353_473.png
20260613_041355_998,2026-06-13 04:13:55,True,3437,92,18.199999999999992,27,0.7,0.2,0,0.5,10,9.5,10,rrt_20260613_041355_998.png
20260613_041401_404,2026-06-13 04:14:01,False,10000,75,0.0,0,0.7,0.2,0,0.5,10,9.5,10,rrt_20260613_041401_404.png
20260613_041406_590,2026-06-13 04:14:06,False,10000,80,0.0,0,0.7,0.2,0,0.5,10,9.5,10,rrt_20260613_041406_590.png
20260613_041411_230,2026-06-13 04:14:11,False,10000,67,0.0,0,0.7,0.2,0,0.5,10,9.5,10,rrt_20260613_041411_230.png
20260613_041416_884,2026-06-13 04:14:16,False,10000,91,0.0,0,0.7,0.2,0,0.5,10,9.5,10,rrt_20260613_041416_884.png
20260613_041421_707,2026-06-13 04:14:21,False,10000,48,0.0,0,0.7,0.2,0,0.5,10,9.5,10,rrt_20260613_041421_707.png
20260613_041427_452,2026-06-13 04:14:27,False,10000,65,0.0,0,0.7,0.2,0,0.5,10,9.5,10,rrt_20260613_041427_452.png
20260613_041433_249,2026-06-13 04:14:33,False,10000,65,0.0,0,0.7,0.2,0,0.5,10,9.5,10,rrt_20260613_041433_249.png
20260613_041434_645,2026-06-13 04:14:34,True,219,35,16.099999999999994,24,0.7,0.2,0,0.5,10,9.5,10,rrt_20260613_041434_645.png
20260613_041439_412,2026-06-13 04:14:39,False,10000,68,0.0,0,0.7,0.2,0,0.5,10,9.5,10,rrt_20260613_041439_412.png
20260613_041444_281,2026-06-13 04:14:44,False,10000,59,0.0,0,0.7,0.2,0,0.5,10,9.5,10,rrt_20260613_041444_281.png
20260613_041449_989,2026-06-13 04:14:49,False,10000,64,0.0,0,0.7,0.2,0,0.5,10,9.5,10,rrt_20260613_041449_989.png
20260613_041455_039,2026-06-13 04:14:55,False,10000,60,0.0,0,0.7,0.2,0,0.5,10,9.5,10,rrt_20260613_041455_039.png
20260613_041458_953,2026-06-13 04:14:58,False,10000,42,0.0,0,0.7,0.2,0,0.5,10,9.5,10,rrt_20260613_041458_953.png
20260613_041504_498,2026-06-13 04:15:04,False,10000,73,0.0,0,0.7,0.2,0,0.5,10,9.5,10,rrt_20260613_041504_498.png
20260613_041509_919,2026-06-13 04:15:09,False,10000,68,0.0,0,0.7,0.2,0,0.5,10,9.5,10,rrt_20260613_041509_919.png
20260613_041515_195,2026-06-13 04:15:15,False,10000,59,0.0,0,0.7,0.3,0,0.5,10,9.5,10,rrt_20260613_041515_195.png
20260613_041520_257,2026-06-13 04:15:20,False,10000,59,0.0,0,0.7,0.3,0,0.5,10,9.5,10,rrt_20260613_041520_257.png
20260613_041525_459,2026-06-13 04:15:25,False,10000,69,0.0,0,0.7,0.3,0,0.5,10,9.5,10,rrt_20260613_041525_459.png
20260613_041530_369,2026-06-13 04:15:30,False,10000,63,0.0,0,0.7,0.3,0,0.5,10,9.5,10,rrt_20260613_041530_369.png
20260613_041534_577,2026-06-13 04:15:34,False,10000,36,0.0,0,0.7,0.3,0,0.5,10,9.5,10,rrt_20260613_041534_577.png
20260613_041540_108,2026-06-13 04:15:40,False,10000,75,0.0,0,0.7,0.3,0,0.5,10,9.5,10,rrt_20260613_041540_108.png
20260613_041545_457,2026-06-13 04:15:45,False,10000,71,0.0,0,0.7,0.3,0,0.5,10,9.5,10,rrt_20260613_041545_457.png
20260613_041550_692,2026-06-13 04:15:50,False,10000,65,0.0,0,0.7,0.3,0,0.5,10,9.5,10,rrt_20260613_041550_692.png
20260613_041555_110,2026-06-13 04:15:55,False,10000,50,0.0,0,0.7,0.3,0,0.5,10,9.5,10,rrt_20260613_041555_110.png
20260613_041601_002,2026-06-13 04:16:01,False,10000,84,0.0,0,0.7,0.3,0,0.5,10,9.5,10,rrt_20260613_041601_002.png
20260613_041602_162,2026-06-13 04:16:02,True,208,36,16.100000000000005,24,0.7,0.3,0,0.5,10,9.5,10,rrt_20260613_041602_162.png
20260613_041605_600,2026-06-13 04:16:05,False,10000,27,0.0,0,0.7,0.3,0,0.5,10,9.5,10,rrt_20260613_041605_600.png
20260613_041609_556,2026-06-13 04:16:09,False,10000,29,0.0,0,0.7,0.3,0,0.5,10,9.5,10,rrt_20260613_041609_556.png
20260613_041614_834,2026-06-13 04:16:14,False,10000,80,0.0,0,0.7,0.3,0,0.5,10,9.5,10,rrt_20260613_041614_834.png
20260613_041619_653,2026-06-13 04:16:19,False,10000,56,0.0,0,0.7,0.3,0,0.5,10,9.5,10,rrt_20260613_041619_653.png
20260613_041624_986,2026-06-13 04:16:24,False,10000,51,0.0,0,0.7,0.3,0,0.5,10,9.5,10,rrt_20260613_041624_986.png
20260613_041626_655,2026-06-13 04:16:26,True,1265,68,16.799999999999997,25,0.7,0.3,0,0.5,10,9.5,10,rrt_20260613_041626_655.png
20260613_041631_996,2026-06-13 04:16:31,False,10000,85,0.0,0,0.7,0.3,0,0.5,10,9.5,10,rrt_20260613_041631_996.png
20260613_041637_245,2026-06-13 04:16:37,False,10000,68,0.0,0,0.7,0.3,0,0.5,10,9.5,10,rrt_20260613_041637_245.png
20260613_041643_072,2026-06-13 04:16:43,False,10000,77,0.0,0,0.7,0.3,0,0.5,10,9.5,10,rrt_20260613_041643_072.png
20260613_041648_970,2026-06-13 04:16:48,False,10000,59,0.0,0,0.7,0.3,0,0.5,10,9.5,10,rrt_20260613_041648_970.png
20260613_041652_375,2026-06-13 04:16:52,False,10000,33,0.0,0,0.7,0.3,0,0.5,10,9.5,10,rrt_20260613_041652_375.png
20260613_041658_568,2026-06-13 04:16:58,False,10000,69,0.0,0,0.7,0.3,0,0.5,10,9.5,10,rrt_20260613_041658_568.png
20260613_041703_628,2026-06-13 04:17:03,False,10000,62,0.0,0,0.7,0.3,0,0.5,10,9.5,10,rrt_20260613_041703_628.png
20260613_041709_019,2026-06-13 04:17:09,False,10000,69,0.0,0,0.7,0.3,0,0.5,10,9.5,10,rrt_20260613_041709_019.png
20260613_041713_657,2026-06-13 04:17:13,False,10000,63,0.0,0,0.7,0.3,0,0.5,10,9.5,10,rrt_20260613_041713_657.png
20260613_041718_800,2026-06-13 04:17:18,False,10000,69,0.0,0,0.7,0.3,0,0.5,10,9.5,10,rrt_20260613_041718_800.png
20260613_041723_959,2026-06-13 04:17:23,False,10000,69,0.0,0,0.7,0.3,0,0.5,10,9.5,10,rrt_20260613_041723_959.png
20260613_041729_327,2026-06-13 04:17:29,False,10000,74,0.0,0,0.7,0.3,0,0.5,10,9.5,10,rrt_20260613_041729_327.png
20260613_041734_168,2026-06-13 04:17:34,False,10000,60,0.0,0,0.7,0.3,0,0.5,10,9.5,10,rrt_20260613_041734_168.png
20260613_041739_099,2026-06-13 04:17:39,False,10000,64,0.0,0,0.7,0.3,0,0.5,10,9.5,10,rrt_20260613_041739_099.png
20260613_041744_959,2026-06-13 04:17:44,False,10000,54,0.0,0,0.7,0.3,0,0.5,10,9.5,10,rrt_20260613_041744_959.png
20260613_041750_396,2026-06-13 04:17:50,False,10000,74,0.0,0,0.7,0.3,0,0.5,10,9.5,10,rrt_20260613_041750_396.png
20260613_041751_705,2026-06-13 04:17:51,True,737,54,18.2,27,0.7,0.3,0,0.5,10,9.5,10,rrt_20260613_041751_705.png
20260613_041752_660,2026-06-13 04:17:52,True,661,41,18.899999999999995,28,0.7,0.3,0,0.5,10,9.5,10,rrt_20260613_041752_660.png
20260613_041758_492,2026-06-13 04:17:58,False,10000,100,0.0,0,0.7,0.3,0,0.5,10,9.5,10,rrt_20260613_041758_492.png
20260613_041803_760,2026-06-13 04:18:03,False,10000,71,0.0,0,0.7,0.3,0,0.5,10,9.5,10,rrt_20260613_041803_760.png
20260613_041804_983,2026-06-13 04:18:04,True,455,37,16.799999999999997,25,0.7,0.3,0,0.5,10,9.5,10,rrt_20260613_041804_983.png
20260613_041810_195,2026-06-13 04:18:10,False,10000,71,0.0,0,0.7,0.3,0,0.5,10,9.5,10,rrt_20260613_041810_195.png
20260613_041815_878,2026-06-13 04:18:15,False,10000,70,0.0,0,0.7,0.3,0,0.5,10,9.5,10,rrt_20260613_041815_878.png
20260613_041817_481,2026-06-13 04:18:17,True,1186,64,17.499999999999993,26,0.7,0.3,0,0.5,10,9.5,10,rrt_20260613_041817_481.png
20260613_041821_906,2026-06-13 04:18:21,False,10000,56,0.0,0,0.7,0.3,0,0.5,10,9.5,10,rrt_20260613_041821_906.png
20260613_041827_030,2026-06-13 04:18:27,False,10000,47,0.0,0,0.7,0.3,0,0.5,10,9.5,10,rrt_20260613_041827_030.png
20260613_041833_193,2026-06-13 04:18:33,False,10000,89,0.0,0,0.7,0.3,0,0.5,10,9.5,10,rrt_20260613_041833_193.png
20260613_041839_072,2026-06-13 04:18:39,False,10000,57,0.0,0,0.7,0.3,0,0.5,10,9.5,10,rrt_20260613_041839_072.png
20260613_041844_432,2026-06-13 04:18:44,False,10000,63,0.0,0,0.7,0.3,0,0.5,10,9.5,10,rrt_20260613_041844_432.png
20260613_041850_559,2026-06-13 04:18:50,False,10000,86,0.0,0,0.7,0.3,0,0.5,10,9.5,10,rrt_20260613_041850_559.png
20260613_041852_093,2026-06-13 04:18:52,True,549,48,17.499999999999993,26,0.7,0.3,0,0.5,10,9.5,10,rrt_20260613_041852_093.png
20260613_041853_020,2026-06-13 04:18:53,True,394,36,18.199999999999992,27,0.7,0.3,0,0.5,10,9.5,10,rrt_20260613_041853_020.png
20260613_041857_432,2026-06-13 04:18:57,False,10000,34,0.0,0,0.7,0.3,0,0.5,10,9.5,10,rrt_20260613_041857_432.png
20260613_041903_330,2026-06-13 04:19:03,False,10000,73,0.0,0,0.7,0.3,0,0.5,10,9.5,10,rrt_20260613_041903_330.png
20260613_041908_572,2026-06-13 04:19:08,False,10000,67,0.0,0,0.7,0.3,0,0.5,10,9.5,10,rrt_20260613_041908_572.png
20260613_041913_678,2026-06-13 04:19:13,False,10000,64,0.0,0,0.7,0.3,0,0.5,10,9.5,10,rrt_20260613_041913_678.png
20260613_041918_683,2026-06-13 04:19:18,False,10000,54,0.0,0,0.7,0.3,0,0.5,10,9.5,10,rrt_20260613_041918_683.png
20260613_041924_705,2026-06-13 04:19:24,False,10000,76,0.0,0,0.7,0.3,0,0.5,10,9.5,10,rrt_20260613_041924_705.png
20260613_041930_757,2026-06-13 04:19:30,False,10000,78,0.0,0,0.7,0.3,0,0.5,10,9.5,10,rrt_20260613_041930_757.png
20260613_041937_452,2026-06-13 04:19:37,False,10000,72,0.0,0,0.7,0.3,0,0.5,10,9.5,10,rrt_20260613_041937_452.png
20260613_041939_102,2026-06-13 04:19:39,True,590,53,16.799999999999997,25,0.7,0.3,0,0.5,10,9.5,10,rrt_20260613_041939_102.png
20260613_041944_696,2026-06-13 04:19:44,False,10000,77,0.0,0,0.7,0.3,0,0.5,10,9.5,10,rrt_20260613_041944_696.png
20260613_041946_615,2026-06-13 04:19:46,True,2128,65,17.499999999999996,26,0.7,0.3,0,0.5,10,9.5,10,rrt_20260613_041946_615.png
20260613_041952_316,2026-06-13 04:19:52,False,10000,51,0.0,0,0.7,0.3,0,0.5,10,9.5,10,rrt_20260613_041952_316.png
20260613_041958_535,2026-06-13 04:19:58,False,10000,65,0.0,0,0.7,0.3,0,0.5,10,9.5,10,rrt_20260613_041958_535.png
20260613_042000_407,2026-06-13 04:20:00,True,1071,61,18.89999999999999,28,0.7,0.3,0,0.5,10,9.5,10,rrt_20260613_042000_407.png
20260613_042002_322,2026-06-13 04:20:02,True,2367,69,18.899999999999995,28,0.7,0.3,0,0.5,10,9.5,10,rrt_20260613_042002_322.png
20260613_042007_817,2026-06-13 04:20:07,False,10000,58,0.0,0,0.7,0.3,0,0.5,10,9.5,10,rrt_20260613_042007_817.png
20260613_042012_844,2026-06-13 04:20:12,False,10000,54,0.0,0,0.7,0.3,0,0.5,10,9.5,10,rrt_20260613_042012_844.png
20260613_042018_278,2026-06-13 04:20:18,False,10000,60,0.0,0,0.7,0.3,0,0.5,10,9.5,10,rrt_20260613_042018_278.png
20260613_042023_858,2026-06-13 04:20:23,False,10000,51,0.0,0,0.7,0.3,0,0.5,10,9.5,10,rrt_20260613_042023_858.png
20260613_042030_236,2026-06-13 04:20:30,False,10000,68,0.0,0,0.7,0.3,0,0.5,10,9.5,10,rrt_20260613_042030_236.png
20260613_042034_569,2026-06-13 04:20:34,False,10000,34,0.0,0,0.7,0.3,0,0.5,10,9.5,10,rrt_20260613_042034_569.png
20260613_042036_910,2026-06-13 04:20:36,True,2798,78,18.899999999999988,28,0.7,0.3,0,0.5,10,9.5,10,rrt_20260613_042036_910.png
20260613_042041_921,2026-06-13 04:20:41,False,10000,63,0.0,0,0.7,0.3,0,0.5,10,9.5,10,rrt_20260613_042041_921.png
20260613_042047_749,2026-06-13 04:20:47,False,10000,62,0.0,0,0.7,0.3,0,0.5,10,9.5,10,rrt_20260613_042047_749.png
20260613_042051_190,2026-06-13 04:20:51,False,10000,32,0.0,0,0.7,0.3,0,0.5,10,9.5,10,rrt_20260613_042051_190.png
20260613_042054_790,2026-06-13 04:20:54,False,10000,35,0.0,0,0.7,0.3,0,0.5,10,9.5,10,rrt_20260613_042054_790.png
20260613_042059_860,2026-06-13 04:20:59,False,10000,66,0.0,0,0.7,0.3,0,0.5,10,9.5,10,rrt_20260613_042059_860.png
20260613_042105_134,2026-06-13 04:21:05,False,10000,69,0.0,0,0.7,0.3,0,0.5,10,9.5,10,rrt_20260613_042105_134.png
20260613_042110_762,2026-06-13 04:21:10,False,10000,62,0.0,0,0.7,0.3,0,0.5,10,9.5,10,rrt_20260613_042110_762.png
20260613_042112_168,2026-06-13 04:21:12,True,1065,48,20.29999999999999,30,0.7,0.3,0,0.5,10,9.5,10,rrt_20260613_042112_168.png
20260613_042117_878,2026-06-13 04:21:17,False,10000,60,0.0,0,0.7,0.3,0,0.5,10,9.5,10,rrt_20260613_042117_878.png
20260613_042123_576,2026-06-13 04:21:23,False,10000,77,0.0,0,0.7,0.3,0,0.5,10,9.5,10,rrt_20260613_042123_576.png
20260613_042128_169,2026-06-13 04:21:28,False,10000,55,0.0,0,0.7,0.3,0,0.5,10,9.5,10,rrt_20260613_042128_169.png
20260613_042134_300,2026-06-13 04:21:34,False,10000,69,0.0,0,0.7,0.3,0,0.5,10,9.5,10,rrt_20260613_042134_300.png
20260613_042139_785,2026-06-13 04:21:39,False,10000,51,0.0,0,0.7,0.3,0,0.5,10,9.5,10,rrt_20260613_042139_785.png
20260613_042145_443,2026-06-13 04:21:45,False,10000,78,0.0,0,0.7,0.3,0,0.5,10,9.5,10,rrt_20260613_042145_443.png
20260613_042152_137,2026-06-13 04:21:52,False,10000,77,0.0,0,0.7,0.3,0,0.5,10,9.5,10,rrt_20260613_042152_137.png
20260613_042157_590,2026-06-13 04:21:57,False,10000,69,0.0,0,0.7,0.3,0,0.5,10,9.5,10,rrt_20260613_042157_590.png
20260613_042158_866,2026-06-13 04:21:58,True,443,38,16.799999999999994,25,0.7,0.3,0,0.5,10,9.5,10,rrt_20260613_042158_866.png
20260613_042202_472,2026-06-13 04:22:02,False,10000,28,0.0,0,0.7,0.3,0,0.5,10,9.5,10,rrt_20260613_042202_472.png
20260613_042206_135,2026-06-13 04:22:06,False,10000,51,0.0,0,0.7,0.3,0,0.5,10,9.5,10,rrt_20260613_042206_135.png
20260613_042210_507,2026-06-13 04:22:10,False,10000,78,0.0,0,0.7,0.3,0,0.5,10,9.5,10,rrt_20260613_042210_507.png
20260613_042216_719,2026-06-13 04:22:16,False,10000,74,0.0,0,0.7,0.3,0,0.5,10,9.5,10,rrt_20260613_042216_719.png
20260613_042218_208,2026-06-13 04:22:18,True,1289,70,17.499999999999996,26,0.7,0.3,0,0.5,10,9.5,10,rrt_20260613_042218_208.png
20260613_042223_225,2026-06-13 04:22:23,False,10000,70,0.0,0,0.7,0.3,0,0.5,10,9.5,10,rrt_20260613_042223_225.png
20260613_042229_150,2026-06-13 04:22:29,False,10000,82,0.0,0,0.7,0.3,0,0.5,10,9.5,10,rrt_20260613_042229_150.png
20260613_042230_630,2026-06-13 04:22:30,True,1821,56,18.899999999999995,28,0.7,0.3,0,0.5,10,9.5,10,rrt_20260613_042230_630.png
20260613_043854_266,2026-06-13 04:38:54,False,10000,69,0.0,0,0.7,0.3,0,0.5,10,9.5,10,rrt_20260613_043854_266.png
20260613_043856_385,2026-06-13 04:38:56,False,10000,62,0.0,0,0.7,0.3,0,0.5,10,9.5,10,rrt_20260613_043856_385.png
20260613_043857_845,2026-06-13 04:38:57,False,10000,56,0.0,0,0.7,0.3,0,0.5,10,9.5,10,rrt_20260613_043857_845.png
20260613_043859_414,2026-06-13 04:38:59,False,10000,68,0.0,0,0.7,0.3,0,0.5,10,9.5,10,rrt_20260613_043859_414.png
20260613_043900_426,2026-06-13 04:39:00,False,10000,40,0.0,0,0.7,0.4,0,0.5,10,9.5,10,rrt_20260613_043900_426.png
20260613_043901_280,2026-06-13 04:39:01,True,4468,76,20.999999999999993,31,0.7,0.4,0,0.5,10,9.5,10,rrt_20260613_043901_280.png
20260613_043902_758,2026-06-13 04:39:02,False,10000,77,0.0,0,0.7,0.4,0,0.5,10,9.5,10,rrt_20260613_043902_758.png
20260613_043904_200,2026-06-13 04:39:04,False,10000,65,0.0,0,0.7,0.4,0,0.5,10,9.5,10,rrt_20260613_043904_200.png
20260613_043904_677,2026-06-13 04:39:04,True,360,58,17.499999999999996,26,0.7,0.4,0,0.5,10,9.5,10,rrt_20260613_043904_677.png
20260613_043906_196,2026-06-13 04:39:06,False,10000,50,0.0,0,0.7,0.4,0,0.5,10,9.5,10,rrt_20260613_043906_196.png
20260613_043906_773,2026-06-13 04:39:06,True,2524,56,18.9,28,0.7,0.4,0,0.5,10,9.5,10,rrt_20260613_043906_773.png
20260613_043908_313,2026-06-13 04:39:08,False,10000,73,0.0,0,0.7,0.4,0,0.5,10,9.5,10,rrt_20260613_043908_313.png
20260613_043909_728,2026-06-13 04:39:09,False,10000,67,0.0,0,0.7,0.4,0,0.5,10,9.5,10,rrt_20260613_043909_728.png
20260613_043911_293,2026-06-13 04:39:11,False,10000,68,0.0,0,0.7,0.4,0,0.5,10,9.5,10,rrt_20260613_043911_293.png
20260613_043912_812,2026-06-13 04:39:12,False,10000,83,0.0,0,0.7,0.4,0,0.5,10,9.5,10,rrt_20260613_043912_812.png
20260613_043914_290,2026-06-13 04:39:14,False,10000,69,0.0,0,0.7,0.4,0,0.5,10,9.5,10,rrt_20260613_043914_290.png
20260613_043915_004,2026-06-13 04:39:15,True,4206,71,19.599999999999998,29,0.7,0.4,0,0.5,10,9.5,10,rrt_20260613_043915_004.png
20260613_043915_496,2026-06-13 04:39:15,True,2946,64,18.9,28,0.7,0.4,0,0.5,10,9.5,10,rrt_20260613_043915_496.png
20260613_043916_832,2026-06-13 04:39:16,False,10000,60,0.0,0,0.7,0.4,0,0.5,10,9.5,10,rrt_20260613_043916_832.png
20260613_043918_380,2026-06-13 04:39:18,False,10000,64,0.0,0,0.7,0.4,0,0.5,10,9.5,10,rrt_20260613_043918_380.png
20260613_043919_963,2026-06-13 04:39:19,False,10000,78,0.0,0,0.7,0.4,0,0.5,10,9.5,10,rrt_20260613_043919_963.png
20260613_043921_530,2026-06-13 04:39:21,False,10000,66,0.0,0,0.7,0.4,0,0.5,10,9.5,10,rrt_20260613_043921_530.png
20260613_043921_924,2026-06-13 04:39:21,True,983,52,17.499999999999996,26,0.7,0.4,0,0.5,10,9.5,10,rrt_20260613_043921_924.png
20260613_043923_156,2026-06-13 04:39:23,False,10000,66,0.0,0,0.7,0.4,0,0.5,10,9.5,10,rrt_20260613_043923_156.png
20260613_043924_599,2026-06-13 04:39:24,False,10000,70,0.0,0,0.7,0.4,0,0.5,10,9.5,10,rrt_20260613_043924_599.png
20260613_043925_222,2026-06-13 04:39:25,True,1955,70,19.599999999999994,29,0.7,0.4,0,0.5,10,9.5,10,rrt_20260613_043925_222.png
20260613_043926_490,2026-06-13 04:39:26,False,10000,70,0.0,0,0.7,0.4,0,0.5,10,9.5,10,rrt_20260613_043926_490.png
20260613_043928_187,2026-06-13 04:39:28,False,10000,69,0.0,0,0.7,0.4,0,0.5,10,9.5,10,rrt_20260613_043928_187.png
20260613_043929_650,2026-06-13 04:39:29,False,10000,51,0.0,0,0.7,0.4,0,0.5,10,9.5,10,rrt_20260613_043929_650.png
20260613_043931_126,2026-06-13 04:39:31,False,10000,67,0.0,0,0.7,0.4,0,0.5,10,9.5,10,rrt_20260613_043931_126.png
20260613_043932_720,2026-06-13 04:39:32,False,10000,85,0.0,0,0.7,0.4,0,0.5,10,9.5,10,rrt_20260613_043932_720.png
20260613_043933_933,2026-06-13 04:39:33,False,10000,52,0.0,0,0.7,0.4,0,0.5,10,9.5,10,rrt_20260613_043933_933.png
20260613_043934_267,2026-06-13 04:39:34,True,363,45,16.099999999999994,24,0.7,0.4,0,0.5,10,9.5,10,rrt_20260613_043934_267.png
20260613_043935_915,2026-06-13 04:39:35,False,10000,75,0.0,0,0.7,0.4,0,0.5,10,9.5,10,rrt_20260613_043935_915.png
20260613_043937_358,2026-06-13 04:39:37,False,10000,74,0.0,0,0.7,0.4,0,0.5,10,9.5,10,rrt_20260613_043937_358.png
20260613_043938_562,2026-06-13 04:39:38,False,10000,51,0.0,0,0.7,0.4,0,0.5,10,9.5,10,rrt_20260613_043938_562.png
20260613_043940_216,2026-06-13 04:39:40,False,10000,73,0.0,0,0.7,0.4,0,0.5,10,9.5,10,rrt_20260613_043940_216.png
20260613_043941_962,2026-06-13 04:39:41,False,10000,76,0.0,0,0.7,0.4,0,0.5,10,9.5,10,rrt_20260613_043941_962.png
20260613_043943_105,2026-06-13 04:39:43,False,10000,36,0.0,0,0.7,0.4,0,0.5,10,9.5,10,rrt_20260613_043943_105.png
20260613_043944_738,2026-06-13 04:39:44,False,10000,90,0.0,0,0.7,0.4,0,0.5,10,9.5,10,rrt_20260613_043944_738.png
20260613_043945_164,2026-06-13 04:39:45,True,641,55,17.499999999999996,26,0.7,0.4,0,0.5,10,9.5,10,rrt_20260613_043945_164.png
20260613_043946_014,2026-06-13 04:39:46,False,10000,33,0.0,0,0.7,0.4,0,0.5,10,9.5,10,rrt_20260613_043946_014.png
20260613_043947_454,2026-06-13 04:39:47,False,10000,67,0.0,0,0.7,0.4,0,0.5,10,9.5,10,rrt_20260613_043947_454.png
20260613_043949_460,2026-06-13 04:39:49,False,10000,100,0.0,0,0.7,0.4,0,0.5,10,9.5,10,rrt_20260613_043949_460.png
20260613_043950_920,2026-06-13 04:39:50,False,10000,66,0.0,0,0.7,0.4,0,0.5,10,9.5,10,rrt_20260613_043950_920.png
20260613_043952_618,2026-06-13 04:39:52,False,10000,88,0.0,0,0.7,0.4,0,0.5,10,9.5,10,rrt_20260613_043952_618.png
20260613_043954_347,2026-06-13 04:39:54,False,10000,58,0.0,0,0.7,0.4,0,0.5,10,9.5,10,rrt_20260613_043954_347.png
20260613_043955_845,2026-06-13 04:39:55,False,10000,73,0.0,0,0.7,0.4,0,0.5,10,9.5,10,rrt_20260613_043955_845.png
20260613_043957_527,2026-06-13 04:39:57,False,10000,73,0.0,0,0.7,0.4,0,0.5,10,9.5,10,rrt_20260613_043957_527.png
20260613_043958_998,2026-06-13 04:39:58,False,10000,63,0.0,0,0.7,0.4,0,0.5,10,9.5,10,rrt_20260613_043958_998.png
20260613_043959_399,2026-06-13 04:39:59,True,442,58,18.199999999999992,27,0.7,0.4,0,0.5,10,9.5,10,rrt_20260613_043959_399.png
20260613_044000_869,2026-06-13 04:40:00,False,10000,75,0.0,0,0.7,0.4,0,0.5,10,9.5,10,rrt_20260613_044000_869.png
20260613_044002_383,2026-06-13 04:40:02,False,10000,76,0.0,0,0.7,0.4,0,0.5,10,9.5,10,rrt_20260613_044002_383.png
20260613_044002_822,2026-06-13 04:40:02,True,900,68,16.799999999999994,25,0.7,0.4,0,0.5,10,9.5,10,rrt_20260613_044002_822.png
20260613_044003_905,2026-06-13 04:40:03,False,10000,35,0.0,0,0.7,0.4,0,0.5,10,9.5,10,rrt_20260613_044003_905.png
20260613_044004_275,2026-06-13 04:40:04,True,258,43,16.799999999999997,25,0.7,0.4,0,0.5,10,9.5,10,rrt_20260613_044004_275.png
20260613_044005_334,2026-06-13 04:40:05,False,10000,49,0.0,0,0.7,0.4,0,0.5,10,9.5,10,rrt_20260613_044005_334.png
20260613_044006_286,2026-06-13 04:40:06,False,10000,30,0.0,0,0.7,0.4,0,0.5,10,9.5,10,rrt_20260613_044006_286.png
20260613_044007_686,2026-06-13 04:40:07,False,10000,70,0.0,0,0.7,0.4,0,0.5,10,9.5,10,rrt_20260613_044007_686.png
20260613_044008_950,2026-06-13 04:40:08,False,10000,55,0.0,0,0.7,0.4,0,0.5,10,9.5,10,rrt_20260613_044008_950.png
20260613_044010_339,2026-06-13 04:40:10,False,10000,51,0.0,0,0.7,0.4,0,0.5,10,9.5,10,rrt_20260613_044010_339.png
20260613_044011_766,2026-06-13 04:40:11,False,10000,73,0.0,0,0.7,0.4,0,0.5,10,9.5,10,rrt_20260613_044011_766.png
20260613_044012_962,2026-06-13 04:40:12,False,10000,46,0.0,0,0.7,0.4,0,0.5,10,9.5,10,rrt_20260613_044012_962.png
20260613_044013_337,2026-06-13 04:40:13,True,489,49,18.89999999999999,28,0.7,0.4,0,0.5,10,9.5,10,rrt_20260613_044013_337.png
20260613_044014_851,2026-06-13 04:40:14,False,10000,73,0.0,0,0.7,0.4,0,0.5,10,9.5,10,rrt_20260613_044014_851.png
20260613_044016_318,2026-06-13 04:40:16,False,10000,76,0.0,0,0.7,0.4,0,0.5,10,9.5,10,rrt_20260613_044016_318.png
20260613_044017_999,2026-06-13 04:40:17,False,10000,73,0.0,0,0.7,0.4,0,0.5,10,9.5,10,rrt_20260613_044017_999.png
20260613_044018_596,2026-06-13 04:40:18,True,2410,79,18.199999999999996,27,0.7,0.4,0,0.5,10,9.5,10,rrt_20260613_044018_596.png
20260613_044020_124,2026-06-13 04:40:20,False,10000,65,0.0,0,0.7,0.4,0,0.5,10,9.5,10,rrt_20260613_044020_124.png
20260613_044020_704,2026-06-13 04:40:20,True,2207,76,18.199999999999996,27,0.7,0.4,0,0.5,10,9.5,10,rrt_20260613_044020_704.png
20260613_044021_618,2026-06-13 04:40:21,False,10000,36,0.0,0,0.7,0.4,0,0.5,10,9.5,10,rrt_20260613_044021_618.png
20260613_044023_051,2026-06-13 04:40:23,False,10000,57,0.0,0,0.7,0.4,0,0.5,10,9.5,10,rrt_20260613_044023_051.png
20260613_044024_679,2026-06-13 04:40:24,False,10000,92,0.0,0,0.7,0.4,0,0.5,10,9.5,10,rrt_20260613_044024_679.png
20260613_044025_944,2026-06-13 04:40:25,False,10000,55,0.0,0,0.7,0.4,0,0.5,10,9.5,10,rrt_20260613_044025_944.png
20260613_044027_134,2026-06-13 04:40:27,False,10000,43,0.0,0,0.7,0.4,0,0.5,10,9.5,10,rrt_20260613_044027_134.png
20260613_044027_555,2026-06-13 04:40:27,True,888,47,18.89999999999999,28,0.7,0.4,0,0.5,10,9.5,10,rrt_20260613_044027_555.png
20260613_044028_689,2026-06-13 04:40:28,False,10000,60,0.0,0,0.7,0.4,0,0.5,10,9.5,10,rrt_20260613_044028_689.png
20260613_044030_379,2026-06-13 04:40:30,False,10000,71,0.0,0,0.7,0.4,0,0.5,10,9.5,10,rrt_20260613_044030_379.png
20260613_044032_037,2026-06-13 04:40:32,False,10000,88,0.0,0,0.7,0.4,0,0.5,10,9.5,10,rrt_20260613_044032_037.png
20260613_044033_683,2026-06-13 04:40:33,False,10000,65,0.0,0,0.7,0.4,0,0.5,10,9.5,10,rrt_20260613_044033_683.png
20260613_044034_801,2026-06-13 04:40:34,False,10000,34,0.0,0,0.7,0.4,0,0.5,10,9.5,10,rrt_20260613_044034_801.png
20260613_044036_170,2026-06-13 04:40:36,False,10000,62,0.0,0,0.7,0.4,0,0.5,10,9.5,10,rrt_20260613_044036_170.png
20260613_044037_484,2026-06-13 04:40:37,False,10000,60,0.0,0,0.7,0.4,0,0.5,10,9.5,10,rrt_20260613_044037_484.png
20260613_045557_226,2026-06-13 04:55:57,False,10000,76,0.0,0,0.7,0.4,0,0.5,10,9.5,10,rrt_20260613_045557_226.png
20260613_045558_817,2026-06-13 04:55:58,False,10000,73,0.0,0,0.7,0.4,0,0.5,10,9.5,10,rrt_20260613_045558_817.png
20260613_045600_603,2026-06-13 04:56:00,False,10000,99,0.0,0,0.7,0.4,0,0.5,10,9.5,10,rrt_20260613_045600_603.png
20260613_045602_214,2026-06-13 04:56:02,False,10000,73,0.0,0,0.7,0.4,0,0.5,10,9.5,10,rrt_20260613_045602_214.png
20260613_045603_989,2026-06-13 04:56:03,False,10000,73,0.0,0,0.7,0.4,0,0.5,10,9.5,10,rrt_20260613_045603_989.png
20260613_045605_529,2026-06-13 04:56:05,False,10000,72,0.0,0,0.7,0.4,0,0.5,10,9.5,10,rrt_20260613_045605_529.png
20260613_045607_226,2026-06-13 04:56:07,False,10000,65,0.0,0,0.7,0.4,0,0.5,10,9.5,10,rrt_20260613_045607_226.png
20260613_045608_797,2026-06-13 04:56:08,False,10000,70,0.0,0,0.7,0.4,0,0.5,10,9.5,10,rrt_20260613_045608_797.png
20260613_045609_226,2026-06-13 04:56:09,True,572,46,19.599999999999994,29,0.7,0.4,0,0.5,10,9.5,10,rrt_20260613_045609_226.png
20260613_045610_039,2026-06-13 04:56:10,False,10000,28,0.0,0,0.7,0.4,0,0.5,10,9.5,10,rrt_20260613_045610_039.png
20260613_045610_444,2026-06-13 04:56:10,True,525,76,16.099999999999998,24,0.7,0.4,0,0.5,10,9.5,10,rrt_20260613_045610_444.png
20260613_045610_717,2026-06-13 04:56:10,True,699,57,16.799999999999994,25,0.7,0.4,0,0.5,10,9.5,10,rrt_20260613_045610_717.png
20260613_045612_160,2026-06-13 04:56:12,False,10000,72,0.0,0,0.7,0.4,0,0.5,10,9.5,10,rrt_20260613_045612_160.png
20260613_045613_753,2026-06-13 04:56:13,False,10000,66,0.0,0,0.7,0.4,0,0.5,10,9.5,10,rrt_20260613_045613_753.png
20260613_045615_297,2026-06-13 04:56:15,False,10000,63,0.0,0,0.7,0.4,0,0.5,10,9.5,10,rrt_20260613_045615_297.png
20260613_045615_948,2026-06-13 04:56:15,True,2675,76,18.19999999999999,27,0.7,0.4,0,0.5,10,9.5,10,rrt_20260613_045615_948.png
20260613_045617_210,2026-06-13 04:56:17,False,10000,63,0.0,0,0.7,0.4,0,0.5,10,9.5,10,rrt_20260613_045617_210.png
20260613_045618_989,2026-06-13 04:56:18,False,10000,101,0.0,0,0.7,0.4,0,0.5,10,9.5,10,rrt_20260613_045618_989.png
20260613_045619_392,2026-06-13 04:56:19,True,158,31,17.499999999999996,26,0.7,0.4,0,0.5,10,9.5,10,rrt_20260613_045619_392.png
20260613_045620_687,2026-06-13 04:56:20,False,10000,70,0.0,0,0.7,0.4,0,0.5,10,9.5,10,rrt_20260613_045620_687.png
20260613_045622_042,2026-06-13 04:56:22,False,10000,63,0.0,0,0.7,0.4,0,0.5,10,9.5,10,rrt_20260613_045622_042.png
20260613_045622_652,2026-06-13 04:56:22,True,1902,66,19.59999999999999,29,0.7,0.5,0,0.5,10,9.5,10,rrt_20260613_045622_652.png
20260613_045624_098,2026-06-13 04:56:24,False,10000,80,0.0,0,0.7,0.5,0,0.5,10,9.5,10,rrt_20260613_045624_098.png
20260613_045625_489,2026-06-13 04:56:25,False,10000,61,0.0,0,0.7,0.5,0,0.5,10,9.5,10,rrt_20260613_045625_489.png
20260613_045626_842,2026-06-13 04:56:26,False,10000,47,0.0,0,0.7,0.5,0,0.5,10,9.5,10,rrt_20260613_045626_842.png
20260613_045628_285,2026-06-13 04:56:28,False,10000,62,0.0,0,0.7,0.5,0,0.5,10,9.5,10,rrt_20260613_045628_285.png
20260613_045628_711,2026-06-13 04:56:28,True,1106,69,18.899999999999995,28,0.7,0.5,0,0.5,10,9.5,10,rrt_20260613_045628_711.png
20260613_045630_178,2026-06-13 04:56:30,False,10000,83,0.0,0,0.7,0.5,0,0.5,10,9.5,10,rrt_20260613_045630_178.png
20260613_045631_644,2026-06-13 04:56:31,False,10000,73,0.0,0,0.7,0.5,0,0.5,10,9.5,10,rrt_20260613_045631_644.png
20260613_045632_990,2026-06-13 04:56:32,False,10000,54,0.0,0,0.7,0.5,0,0.5,10,9.5,10,rrt_20260613_045632_990.png
20260613_045634_684,2026-06-13 04:56:34,False,10000,76,0.0,0,0.7,0.5,0,0.5,10,9.5,10,rrt_20260613_045634_684.png
20260613_045636_059,2026-06-13 04:56:36,False,10000,48,0.0,0,0.7,0.5,0,0.5,10,9.5,10,rrt_20260613_045636_059.png
20260613_045637_643,2026-06-13 04:56:37,False,10000,81,0.0,0,0.7,0.5,0,0.5,10,9.5,10,rrt_20260613_045637_643.png
20260613_045639_529,2026-06-13 04:56:39,False,10000,108,0.0,0,0.7,0.5,0,0.5,10,9.5,10,rrt_20260613_045639_529.png
20260613_045641_330,2026-06-13 04:56:41,False,10000,92,0.0,0,0.7,0.5,0,0.5,10,9.5,10,rrt_20260613_045641_330.png
20260613_045642_237,2026-06-13 04:56:42,False,10000,28,0.0,0,0.7,0.5,0,0.5,10,9.5,10,rrt_20260613_045642_237.png
20260613_045643_396,2026-06-13 04:56:43,False,10000,54,0.0,0,0.7,0.5,0,0.5,10,9.5,10,rrt_20260613_045643_396.png
20260613_045644_974,2026-06-13 04:56:44,False,10000,63,0.0,0,0.7,0.5,0,0.5,10,9.5,10,rrt_20260613_045644_974.png
20260613_045646_203,2026-06-13 04:56:46,False,10000,52,0.0,0,0.7,0.5,0,0.5,10,9.5,10,rrt_20260613_045646_203.png
20260613_045647_713,2026-06-13 04:56:47,False,10000,73,0.0,0,0.7,0.5,0,0.5,10,9.5,10,rrt_20260613_045647_713.png
20260613_045648_719,2026-06-13 04:56:48,False,10000,42,0.0,0,0.7,0.5,0,0.5,10,9.5,10,rrt_20260613_045648_719.png
20260613_045650_152,2026-06-13 04:56:50,False,10000,68,0.0,0,0.7,0.5,0,0.5,10,9.5,10,rrt_20260613_045650_152.png
20260613_045651_643,2026-06-13 04:56:51,False,10000,74,0.0,0,0.7,0.5,0,0.5,10,9.5,10,rrt_20260613_045651_643.png
20260613_045651_982,2026-06-13 04:56:51,True,259,42,17.499999999999996,26,0.7,0.5,0,0.5,10,9.5,10,rrt_20260613_045651_982.png
20260613_045653_239,2026-06-13 04:56:53,False,10000,67,0.0,0,0.7,0.5,0,0.5,10,9.5,10,rrt_20260613_045653_239.png
20260613_045654_755,2026-06-13 04:56:54,False,10000,73,0.0,0,0.7,0.5,0,0.5,10,9.5,10,rrt_20260613_045654_755.png
20260613_045656_093,2026-06-13 04:56:56,False,10000,66,0.0,0,0.7,0.5,0,0.5,10,9.5,10,rrt_20260613_045656_093.png
20260613_045657_567,2026-06-13 04:56:57,False,10000,56,0.0,0,0.7,0.5,0,0.5,10,9.5,10,rrt_20260613_045657_567.png
20260613_045657_968,2026-06-13 04:56:57,True,484,68,18.19999999999999,27,0.7,0.5,0,0.5,10,9.5,10,rrt_20260613_045657_968.png
20260613_045659_432,2026-06-13 04:56:59,False,10000,71,0.0,0,0.7,0.5,0,0.5,10,9.5,10,rrt_20260613_045659_432.png
20260613_045700_359,2026-06-13 04:57:00,False,10000,29,0.0,0,0.7,0.5,0,0.5,10,9.5,10,rrt_20260613_045700_359.png
20260613_045701_342,2026-06-13 04:57:01,False,10000,35,0.0,0,0.7,0.5,0,0.5,10,9.5,10,rrt_20260613_045701_342.png
20260613_045702_822,2026-06-13 04:57:02,False,10000,73,0.0,0,0.7,0.5,0,0.5,10,9.5,10,rrt_20260613_045702_822.png
20260613_045704_576,2026-06-13 04:57:04,False,10000,99,0.0,0,0.7,0.5,0,0.5,10,9.5,10,rrt_20260613_045704_576.png
20260613_045705_949,2026-06-13 04:57:05,False,10000,57,0.0,0,0.7,0.5,0,0.5,10,9.5,10,rrt_20260613_045705_949.png
20260613_045706_306,2026-06-13 04:57:06,True,203,33,17.499999999999996,26,0.7,0.5,0,0.5,10,9.5,10,rrt_20260613_045706_306.png
20260613_045706_544,2026-06-13 04:57:06,True,73,34,16.799999999999994,25,0.7,0.5,0,0.5,10,9.5,10,rrt_20260613_045706_544.png
20260613_045707_932,2026-06-13 04:57:07,False,10000,63,0.0,0,0.7,0.5,0,0.5,10,9.5,10,rrt_20260613_045707_932.png
20260613_045709_731,2026-06-13 04:57:09,False,10000,95,0.0,0,0.7,0.5,0,0.5,10,9.5,10,rrt_20260613_045709_731.png
20260613_045711_020,2026-06-13 04:57:11,False,10000,46,0.0,0,0.7,0.5,0,0.5,10,9.5,10,rrt_20260613_045711_020.png
20260613_045712_297,2026-06-13 04:57:12,False,10000,54,0.0,0,0.7,0.5,0,0.5,10,9.5,10,rrt_20260613_045712_297.png
20260613_045713_692,2026-06-13 04:57:13,False,10000,61,0.0,0,0.7,0.5,0,0.5,10,9.5,10,rrt_20260613_045713_692.png
20260613_045715_253,2026-06-13 04:57:15,False,10000,61,0.0,0,0.7,0.5,0,0.5,10,9.5,10,rrt_20260613_045715_253.png
20260613_045715_562,2026-06-13 04:57:15,True,433,63,16.799999999999997,25,0.7,0.5,0,0.5,10,9.5,10,rrt_20260613_045715_562.png
20260613_045716_779,2026-06-13 04:57:16,False,10000,61,0.0,0,0.7,0.5,0,0.5,10,9.5,10,rrt_20260613_045716_779.png
20260613_045718_287,2026-06-13 04:57:18,False,10000,73,0.0,0,0.7,0.5,0,0.5,10,9.5,10,rrt_20260613_045718_287.png
20260613_045719_803,2026-06-13 04:57:19,False,10000,63,0.0,0,0.7,0.5,0,0.5,10,9.5,10,rrt_20260613_045719_803.png
20260613_045720_315,2026-06-13 04:57:20,True,1529,68,18.199999999999992,27,0.7,0.5,0,0.5,10,9.5,10,rrt_20260613_045720_315.png
20260613_045721_562,2026-06-13 04:57:21,False,10000,62,0.0,0,0.7,0.5,0,0.5,10,9.5,10,rrt_20260613_045721_562.png
20260613_045723_053,2026-06-13 04:57:23,False,10000,68,0.0,0,0.7,0.5,0,0.5,10,9.5,10,rrt_20260613_045723_053.png
20260613_045724_628,2026-06-13 04:57:24,False,10000,77,0.0,0,0.7,0.5,0,0.5,10,9.5,10,rrt_20260613_045724_628.png
20260613_045726_407,2026-06-13 04:57:26,False,10000,95,0.0,0,0.7,0.5,0,0.5,10,9.5,10,rrt_20260613_045726_407.png
20260613_045727_752,2026-06-13 04:57:27,False,10000,58,0.0,0,0.7,0.5,0,0.5,10,9.5,10,rrt_20260613_045727_752.png
20260613_045729_391,2026-06-13 04:57:29,False,10000,61,0.0,0,0.7,0.5,0,0.5,10,9.5,10,rrt_20260613_045729_391.png
20260613_045730_748,2026-06-13 04:57:30,False,10000,61,0.0,0,0.7,0.5,0,0.5,10,9.5,10,rrt_20260613_045730_748.png
20260613_045732_416,2026-06-13 04:57:32,False,10000,76,0.0,0,0.7,0.5,0,0.5,10,9.5,10,rrt_20260613_045732_416.png
20260613_045733_805,2026-06-13 04:57:33,False,10000,50,0.0,0,0.7,0.5,0,0.5,10,9.5,10,rrt_20260613_045733_805.png
20260613_045735_125,2026-06-13 04:57:35,False,10000,61,0.0,0,0.7,0.5,0,0.5,10,9.5,10,rrt_20260613_045735_125.png
20260613_045736_755,2026-06-13 04:57:36,False,10000,66,0.0,0,0.7,0.5,0,0.5,10,9.5,10,rrt_20260613_045736_755.png
20260613_045737_171,2026-06-13 04:57:37,True,572,46,20.299999999999994,30,0.7,0.5,0,0.5,10,9.5,10,rrt_20260613_045737_171.png
20260613_045738_633,2026-06-13 04:57:38,False,10000,69,0.0,0,0.7,0.5,0,0.5,10,9.5,10,rrt_20260613_045738_633.png
20260613_045740_192,2026-06-13 04:57:40,False,10000,82,0.0,0,0.7,0.5,0,0.5,10,9.5,10,rrt_20260613_045740_192.png
20260613_045741_423,2026-06-13 04:57:41,False,10000,51,0.0,0,0.7,0.5,0,0.5,10,9.5,10,rrt_20260613_045741_423.png
20260613_045743_103,2026-06-13 04:57:43,False,10000,70,0.0,0,0.7,0.5,0,0.5,10,9.5,10,rrt_20260613_045743_103.png
20260613_045744_478,2026-06-13 04:57:44,False,10000,62,0.0,0,0.7,0.5,0,0.5,10,9.5,10,rrt_20260613_045744_478.png
20260613_045745_773,2026-06-13 04:57:45,False,10000,57,0.0,0,0.7,0.5,0,0.5,10,9.5,10,rrt_20260613_045745_773.png
20260613_045746_188,2026-06-13 04:57:46,True,1052,76,17.499999999999993,26,0.7,0.5,0,0.5,10,9.5,10,rrt_20260613_045746_188.png
20260613_045747_788,2026-06-13 04:57:47,False,10000,74,0.0,0,0.7,0.5,0,0.5,10,9.5,10,rrt_20260613_045747_788.png
20260613_045749_346,2026-06-13 04:57:49,False,10000,79,0.0,0,0.7,0.5,0,0.5,10,9.5,10,rrt_20260613_045749_346.png
20260613_045749_717,2026-06-13 04:57:49,True,667,51,17.49999999999999,26,0.7,0.5,0,0.5,10,9.5,10,rrt_20260613_045749_717.png
20260613_045751_098,2026-06-13 04:57:51,False,10000,75,0.0,0,0.7,0.5,0,0.5,10,9.5,10,rrt_20260613_045751_098.png
20260613_045752_682,2026-06-13 04:57:52,False,10000,73,0.0,0,0.7,0.5,0,0.5,10,9.5,10,rrt_20260613_045752_682.png
20260613_045754_264,2026-06-13 04:57:54,False,10000,85,0.0,0,0.7,0.5,0,0.5,10,9.5,10,rrt_20260613_045754_264.png
20260613_045755_664,2026-06-13 04:57:55,False,10000,55,0.0,0,0.7,0.5,0,0.5,10,9.5,10,rrt_20260613_045755_664.png
20260613_045757_026,2026-06-13 04:57:57,False,10000,68,0.0,0,0.7,0.5,0,0.5,10,9.5,10,rrt_20260613_045757_026.png
20260613_045758_283,2026-06-13 04:57:58,False,10000,49,0.0,0,0.7,0.5,0,0.5,10,9.5,10,rrt_20260613_045758_283.png
20260613_045758_695,2026-06-13 04:57:58,True,755,71,17.5,26,0.7,0.5,0,0.5,10,9.5,10,rrt_20260613_045758_695.png
20260613_045800_096,2026-06-13 04:58:00,False,10000,63,0.0,0,0.7,0.5,0,0.5,10,9.5,10,rrt_20260613_045800_096.png
20260613_045801_454,2026-06-13 04:58:01,False,10000,60,0.0,0,0.7,0.5,0,0.5,10,9.5,10,rrt_20260613_045801_454.png
20260613_045802_721,2026-06-13 04:58:02,False,10000,59,0.0,0,0.7,0.5,0,0.5,10,9.5,10,rrt_20260613_045802_721.png
20260613_045804_067,2026-06-13 04:58:04,False,10000,48,0.0,0,0.7,0.5,0,0.5,10,9.5,10,rrt_20260613_045804_067.png
20260613_045805_213,2026-06-13 04:58:05,False,10000,28,0.0,0,0.7,0.5,0,0.5,10,9.5,10,rrt_20260613_045805_213.png
20260613_045805_746,2026-06-13 04:58:05,True,1958,80,18.199999999999992,27,0.7,0.5,0,0.5,10,9.5,10,rrt_20260613_045805_746.png
20260613_045807_464,2026-06-13 04:58:07,False,10000,91,0.0,0,0.7,0.5,0,0.5,10,9.5,10,rrt_20260613_045807_464.png
20260613_045809_334,2026-06-13 04:58:09,False,10000,107,0.0,0,0.7,0.5,0,0.5,10,9.5,10,rrt_20260613_045809_334.png
20260613_045809_755,2026-06-13 04:58:09,True,240,37,16.799999999999994,25,0.7,0.5,0,0.5,10,9.5,10,rrt_20260613_045809_755.png
20260613_045811_012,2026-06-13 04:58:11,False,10000,68,0.0,0,0.7,0.5,0,0.5,10,9.5,10,rrt_20260613_045811_012.png
20260613_045811_402,2026-06-13 04:58:11,True,663,69,18.199999999999996,27,0.7,0.5,0,0.5,10,9.5,10,rrt_20260613_045811_402.png
20260613_045812_828,2026-06-13 04:58:12,False,10000,60,0.0,0,0.7,0.5,0,0.5,10,9.5,10,rrt_20260613_045812_828.png
20260613_045814_314,2026-06-13 04:58:14,False,10000,79,0.0,0,0.7,0.5,0,0.5,10,9.5,10,rrt_20260613_045814_314.png
20260613_045815_734,2026-06-13 04:58:15,False,10000,66,0.0,0,0.7,0.5,0,0.5,10,9.5,10,rrt_20260613_045815_734.png
20260613_045817_115,2026-06-13 04:58:17,False,10000,51,0.0,0,0.7,0.5,0,0.5,10,9.5,10,rrt_20260613_045817_115.png
20260613_045817_469,2026-06-13 04:58:17,True,526,72,18.199999999999996,27,0.7,0.5,0,0.5,10,9.5,10,rrt_20260613_045817_469.png
20260613_045818_898,2026-06-13 04:58:18,False,10000,79,0.0,0,0.7,0.5,0,0.5,10,9.5,10,rrt_20260613_045818_898.png
20260613_045820_396,2026-06-13 04:58:20,False,10000,64,0.0,0,0.7,0.5,0,0.5,10,9.5,10,rrt_20260613_045820_396.png
20260613_045821_915,2026-06-13 04:58:21,False,10000,54,0.0,0,0.7,0.5,0,0.5,10,9.5,10,rrt_20260613_045821_915.png
20260613_045823_166,2026-06-13 04:58:23,False,10000,46,0.0,0,0.7,0.5,0,0.5,10,9.5,10,rrt_20260613_045823_166.png
20260613_045824_088,2026-06-13 04:58:24,False,10000,33,0.0,0,0.7,0.5,0,0.5,10,9.5,10,rrt_20260613_045824_088.png
20260613_045825_758,2026-06-13 04:58:25,False,10000,82,0.0,0,0.7,0.5,0,0.5,10,9.5,10,rrt_20260613_045825_758.png
20260613_045826_145,2026-06-13 04:58:26,True,275,46,17.5,26,0.7,0.5,0,0.5,10,9.5,10,rrt_20260613_045826_145.png
20260613_045827_465,2026-06-13 04:58:27,False,10000,59,0.0,0,0.7,0.5,0,0.5,10,9.5,10,rrt_20260613_045827_465.png
20260613_045829_196,2026-06-13 04:58:29,False,10000,75,0.0,0,0.7,0.6,0,0.5,10,9.5,10,rrt_20260613_045829_196.png
20260613_045830_350,2026-06-13 04:58:30,False,10000,35,0.0,0,0.7,0.6,0,0.5,10,9.5,10,rrt_20260613_045830_350.png
20260613_045831_732,2026-06-13 04:58:31,False,10000,63,0.0,0,0.7,0.6,0,0.5,10,9.5,10,rrt_20260613_045831_732.png
20260613_045833_084,2026-06-13 04:58:33,False,10000,64,0.0,0,0.7,0.6,0,0.5,10,9.5,10,rrt_20260613_045833_084.png
20260613_045834_552,2026-06-13 04:58:34,False,10000,56,0.0,0,0.7,0.6,0,0.5,10,9.5,10,rrt_20260613_045834_552.png
20260613_045835_584,2026-06-13 04:58:35,False,10000,40,0.0,0,0.7,0.6,0,0.5,10,9.5,10,rrt_20260613_045835_584.png
20260613_045836_993,2026-06-13 04:58:36,False,10000,49,0.0,0,0.7,0.6,0,0.5,10,9.5,10,rrt_20260613_045836_993.png
20260613_045838_293,2026-06-13 04:58:38,False,10000,57,0.0,0,0.7,0.6,0,0.5,10,9.5,10,rrt_20260613_045838_293.png
20260613_045839_866,2026-06-13 04:58:39,False,10000,77,0.0,0,0.7,0.6,0,0.5,10,9.5,10,rrt_20260613_045839_866.png
20260613_045841_126,2026-06-13 04:58:41,False,10000,54,0.0,0,0.7,0.6,0,0.5,10,9.5,10,rrt_20260613_045841_126.png
20260613_045842_055,2026-06-13 04:58:42,False,10000,30,0.0,0,0.7,0.6,0,0.5,10,9.5,10,rrt_20260613_045842_055.png
20260613_045843_514,2026-06-13 04:58:43,False,10000,72,0.0,0,0.7,0.6,0,0.5,10,9.5,10,rrt_20260613_045843_514.png
20260613_045844_657,2026-06-13 04:58:44,False,10000,28,0.0,0,0.7,0.6,0,0.5,10,9.5,10,rrt_20260613_045844_657.png
20260613_045846_164,2026-06-13 04:58:46,False,10000,77,0.0,0,0.7,0.6,0,0.5,10,9.5,10,rrt_20260613_045846_164.png
20260613_045847_756,2026-06-13 04:58:47,False,10000,67,0.0,0,0.7,0.6,0,0.5,10,9.5,10,rrt_20260613_045847_756.png
20260613_045848_155,2026-06-13 04:58:48,True,393,55,17.499999999999993,26,0.7,0.6,0,0.5,10,9.5,10,rrt_20260613_045848_155.png
20260613_045849_575,2026-06-13 04:58:49,False,10000,75,0.0,0,0.7,0.6,0,0.5,10,9.5,10,rrt_20260613_045849_575.png
20260613_050809_480,2026-06-13 05:08:09,False,10000,69,0.0,0,0.7,0.6,0,0.5,10,9.5,10,rrt_20260613_050809_480.png
20260613_050811_232,2026-06-13 05:08:11,False,10000,77,0.0,0,0.7,0.6,0,0.5,10,9.5,10,rrt_20260613_050811_232.png
20260613_050812_380,2026-06-13 05:08:12,False,10000,39,0.0,0,0.7,0.6,0,0.5,10,9.5,10,rrt_20260613_050812_380.png
20260613_050812_812,2026-06-13 05:08:12,True,299,48,17.5,26,0.7,0.6,0,0.5,10,9.5,10,rrt_20260613_050812_812.png
20260613_050814_137,2026-06-13 05:08:14,False,10000,67,0.0,0,0.7,0.6,0,0.5,10,9.5,10,rrt_20260613_050814_137.png
20260613_050815_543,2026-06-13 05:08:15,False,10000,63,0.0,0,0.7,0.6,0,0.5,10,9.5,10,rrt_20260613_050815_543.png
20260613_050817_005,2026-06-13 05:08:17,False,10000,69,0.0,0,0.7,0.6,0,0.5,10,9.5,10,rrt_20260613_050817_005.png
20260613_050817_424,2026-06-13 05:08:17,True,331,54,17.49999999999999,26,0.7,0.6,0,0.5,10,9.5,10,rrt_20260613_050817_424.png
20260613_050817_754,2026-06-13 05:08:17,True,743,67,16.799999999999997,25,0.7,0.6,0,0.5,10,9.5,10,rrt_20260613_050817_754.png
20260613_050819_195,2026-06-13 05:08:19,False,10000,82,0.0,0,0.7,0.6,0,0.5,10,9.5,10,rrt_20260613_050819_195.png
20260613_050820_561,2026-06-13 05:08:20,False,10000,61,0.0,0,0.7,0.6,0,0.5,10,9.5,10,rrt_20260613_050820_561.png
20260613_050821_085,2026-06-13 05:08:21,True,1129,78,18.199999999999992,27,0.7,0.6,0,0.5,10,9.5,10,rrt_20260613_050821_085.png
20260613_050822_629,2026-06-13 05:08:22,False,10000,66,0.0,0,0.7,0.6,0,0.5,10,9.5,10,rrt_20260613_050822_629.png
20260613_050824_108,2026-06-13 05:08:24,False,10000,55,0.0,0,0.7,0.6,0,0.5,10,9.5,10,rrt_20260613_050824_108.png
20260613_050825_840,2026-06-13 05:08:25,False,10000,74,0.0,0,0.7,0.6,0,0.5,10,9.5,10,rrt_20260613_050825_840.png
20260613_050826_162,2026-06-13 05:08:26,True,125,43,18.2,27,0.7,0.6,0,0.5,10,9.5,10,rrt_20260613_050826_162.png
20260613_050826_447,2026-06-13 05:08:26,True,401,51,21.69999999999999,32,0.7,0.6,0,0.5,10,9.5,10,rrt_20260613_050826_447.png
20260613_050827_820,2026-06-13 05:08:27,False,10000,75,0.0,0,0.7,0.6,0,0.5,10,9.5,10,rrt_20260613_050827_820.png
20260613_050829_285,2026-06-13 05:08:29,False,10000,79,0.0,0,0.7,0.6,0,0.5,10,9.5,10,rrt_20260613_050829_285.png
20260613_050830_840,2026-06-13 05:08:30,False,10000,82,0.0,0,0.7,0.6,0,0.5,10,9.5,10,rrt_20260613_050830_840.png
20260613_050832_117,2026-06-13 05:08:32,False,10000,58,0.0,0,0.7,0.6,0,0.5,10,9.5,10,rrt_20260613_050832_117.png
20260613_050833_648,2026-06-13 05:08:33,False,10000,73,0.0,0,0.7,0.6,0,0.5,10,9.5,10,rrt_20260613_050833_648.png
20260613_050834_023,2026-06-13 05:08:34,True,155,43,17.499999999999993,26,0.7,0.6,0,0.5,10,9.5,10,rrt_20260613_050834_023.png
20260613_050834_431,2026-06-13 05:08:34,True,1857,87,18.199999999999992,27,0.7,0.6,0,0.5,10,9.5,10,rrt_20260613_050834_431.png
20260613_050835_835,2026-06-13 05:08:35,False,10000,63,0.0,0,0.7,0.6,0,0.5,10,9.5,10,rrt_20260613_050835_835.png
20260613_050837_532,2026-06-13 05:08:37,False,10000,70,0.0,0,0.7,0.6,0,0.5,10,9.5,10,rrt_20260613_050837_532.png
20260613_050839_030,2026-06-13 05:08:39,False,10000,74,0.0,0,0.7,0.6,0,0.5,10,9.5,10,rrt_20260613_050839_030.png
20260613_050840_316,2026-06-13 05:08:40,False,10000,56,0.0,0,0.7,0.6,0,0.5,10,9.5,10,rrt_20260613_050840_316.png
20260613_050841_556,2026-06-13 05:08:41,False,10000,53,0.0,0,0.7,0.6,0,0.5,10,9.5,10,rrt_20260613_050841_556.png
20260613_050843_091,2026-06-13 05:08:43,False,10000,58,0.0,0,0.7,0.6,0,0.5,10,9.5,10,rrt_20260613_050843_091.png
20260613_050844_451,2026-06-13 05:08:44,False,10000,68,0.0,0,0.7,0.6,0,0.5,10,9.5,10,rrt_20260613_050844_451.png
20260613_050846_150,2026-06-13 05:08:46,False,10000,75,0.0,0,0.7,0.6,0,0.5,10,9.5,10,rrt_20260613_050846_150.png
20260613_050846_736,2026-06-13 05:08:46,True,1345,53,19.59999999999999,29,0.7,0.6,0,0.5,10,9.5,10,rrt_20260613_050846_736.png
20260613_050848_297,2026-06-13 05:08:48,False,10000,97,0.0,0,0.7,0.6,0,0.5,10,9.5,10,rrt_20260613_050848_297.png
20260613_050850_051,2026-06-13 05:08:50,False,10000,95,0.0,0,0.7,0.6,0,0.5,10,9.5,10,rrt_20260613_050850_051.png
20260613_050850_431,2026-06-13 05:08:50,True,693,84,18.199999999999996,27,0.7,0.6,0,0.5,10,9.5,10,rrt_20260613_050850_431.png
20260613_050850_750,2026-06-13 05:08:50,True,1134,65,18.9,28,0.7,0.6,0,0.5,10,9.5,10,rrt_20260613_050850_750.png
20260613_050850_985,2026-06-13 05:08:50,True,293,53,18.89999999999999,28,0.7,0.6,0,0.5,10,9.5,10,rrt_20260613_050850_985.png
20260613_050852_233,2026-06-13 05:08:52,False,10000,59,0.0,0,0.7,0.6,0,0.5,10,9.5,10,rrt_20260613_050852_233.png
20260613_050853_533,2026-06-13 05:08:53,False,10000,55,0.0,0,0.7,0.6,0,0.5,10,9.5,10,rrt_20260613_050853_533.png
20260613_050853_948,2026-06-13 05:08:53,True,267,48,16.799999999999997,25,0.7,0.6,0,0.5,10,9.5,10,rrt_20260613_050853_948.png
20260613_050855_452,2026-06-13 05:08:55,False,10000,88,0.0,0,0.7,0.6,0,0.5,10,9.5,10,rrt_20260613_050855_452.png
20260613_052429_123,2026-06-13 05:24:29,False,10000,72,0.0,0,0.7,0.6,0,0.5,10,9.5,10,rrt_20260613_052429_123.png
20260613_052431_059,2026-06-13 05:24:31,False,10000,72,0.0,0,0.7,0.6,0,0.5,10,9.5,10,rrt_20260613_052431_059.png
20260613_052432_799,2026-06-13 05:24:32,False,10000,95,0.0,0,0.7,0.6,0,0.5,10,9.5,10,rrt_20260613_052432_799.png
20260613_052434_038,2026-06-13 05:24:34,False,10000,52,0.0,0,0.7,0.6,0,0.5,10,9.5,10,rrt_20260613_052434_038.png
20260613_052434_447,2026-06-13 05:24:34,True,544,56,17.499999999999996,26,0.7,0.6,0,0.5,10,9.5,10,rrt_20260613_052434_447.png
20260613_052434_801,2026-06-13 05:24:34,True,1023,56,16.799999999999994,25,0.7,0.6,0,0.5,10,9.5,10,rrt_20260613_052434_801.png
20260613_052436_091,2026-06-13 05:24:36,False,10000,72,0.0,0,0.7,0.6,0,0.5,10,9.5,10,rrt_20260613_052436_091.png
20260613_052437_677,2026-06-13 05:24:37,False,10000,70,0.0,0,0.7,0.6,0,0.5,10,9.5,10,rrt_20260613_052437_677.png
20260613_052438_231,2026-06-13 05:24:38,True,1541,77,17.499999999999993,26,0.7,0.6,0,0.5,10,9.5,10,rrt_20260613_052438_231.png
20260613_052439_861,2026-06-13 05:24:39,False,10000,76,0.0,0,0.7,0.6,0,0.5,10,9.5,10,rrt_20260613_052439_861.png
20260613_052441_393,2026-06-13 05:24:41,False,10000,69,0.0,0,0.7,0.6,0,0.5,10,9.5,10,rrt_20260613_052441_393.png
20260613_052442_788,2026-06-13 05:24:42,False,10000,67,0.0,0,0.7,0.6,0,0.5,10,9.5,10,rrt_20260613_052442_788.png
20260613_052444_100,2026-06-13 05:24:44,False,10000,59,0.0,0,0.7,0.6,0,0.5,10,9.5,10,rrt_20260613_052444_100.png
20260613_052445_862,2026-06-13 05:24:45,False,10000,90,0.0,0,0.7,0.6,0,0.5,10,9.5,10,rrt_20260613_052445_862.png
20260613_052447_600,2026-06-13 05:24:47,False,10000,95,0.0,0,0.7,0.6,0,0.5,10,9.5,10,rrt_20260613_052447_600.png
20260613_052448_045,2026-06-13 05:24:48,True,802,69,17.5,26,0.7,0.6,0,0.5,10,9.5,10,rrt_20260613_052448_045.png
20260613_052449_260,2026-06-13 05:24:49,False,10000,59,0.0,0,0.7,0.6,0,0.5,10,9.5,10,rrt_20260613_052449_260.png
20260613_052450_686,2026-06-13 05:24:50,False,10000,61,0.0,0,0.7,0.6,0,0.5,10,9.5,10,rrt_20260613_052450_686.png
20260613_052451_127,2026-06-13 05:24:51,True,501,53,16.1,24,0.7,0.6,0,0.5,10,9.5,10,rrt_20260613_052451_127.png
20260613_052452_432,2026-06-13 05:24:52,False,10000,67,0.0,0,0.7,0.6,0,0.5,10,9.5,10,rrt_20260613_052452_432.png
20260613_052453_709,2026-06-13 05:24:53,False,10000,57,0.0,0,0.7,0.6,0,0.5,10,9.5,10,rrt_20260613_052453_709.png
20260613_052455_046,2026-06-13 05:24:55,False,10000,45,0.0,0,0.7,0.6,0,0.5,10,9.5,10,rrt_20260613_052455_046.png
20260613_052455_840,2026-06-13 05:24:55,True,2993,79,18.2,27,0.7,0.6,0,0.5,10,9.5,10,rrt_20260613_052455_840.png
20260613_052456_172,2026-06-13 05:24:56,True,1192,72,18.200000000000003,27,0.7,0.6,0,0.5,10,9.5,10,rrt_20260613_052456_172.png
20260613_052457_375,2026-06-13 05:24:57,False,10000,60,0.0,0,0.7,0.6,0,0.5,10,9.5,10,rrt_20260613_052457_375.png
20260613_052458_456,2026-06-13 05:24:58,False,10000,30,0.0,0,0.7,0.6,0,0.5,10,9.5,10,rrt_20260613_052458_456.png
20260613_052459_865,2026-06-13 05:24:59,False,10000,60,0.0,0,0.7,0.6,0,0.5,10,9.5,10,rrt_20260613_052459_865.png
20260613_052500_275,2026-06-13 05:25:00,True,404,54,16.799999999999994,25,0.7,0.6,0,0.5,10,9.5,10,rrt_20260613_052500_275.png
20260613_052501_535,2026-06-13 05:25:01,False,10000,49,0.0,0,0.7,0.6,0,0.5,10,9.5,10,rrt_20260613_052501_535.png
20260613_052503_170,2026-06-13 05:25:03,False,10000,78,0.0,0,0.7,0.6,0,0.5,10,9.5,10,rrt_20260613_052503_170.png
20260613_052504_772,2026-06-13 05:25:04,False,10000,77,0.0,0,0.7,0.6,0,0.5,10,9.5,10,rrt_20260613_052504_772.png
20260613_052506_213,2026-06-13 05:25:06,False,10000,71,0.0,0,0.7,0.6,0,0.5,10,9.5,10,rrt_20260613_052506_213.png
20260613_052507_871,2026-06-13 05:25:07,False,10000,82,0.0,0,0.7,0.6,0,0.5,10,9.5,10,rrt_20260613_052507_871.png
20260613_052509_331,2026-06-13 05:25:09,False,10000,65,0.0,0,0.7,0.6,0,0.5,10,9.5,10,rrt_20260613_052509_331.png
20260613_052509_722,2026-06-13 05:25:09,True,161,45,18.2,27,0.7,0.6,0,0.5,10,9.5,10,rrt_20260613_052509_722.png
20260613_052511_285,2026-06-13 05:25:11,False,10000,81,0.0,0,0.7,0.6,0,0.5,10,9.5,10,rrt_20260613_052511_285.png
20260613_052511_824,2026-06-13 05:25:11,True,497,72,17.499999999999996,26,0.7,0.6,0,0.5,10,9.5,10,rrt_20260613_052511_824.png
20260613_052513_123,2026-06-13 05:25:13,False,10000,61,0.0,0,0.7,0.6,0,0.5,10,9.5,10,rrt_20260613_052513_123.png
20260613_052513_633,2026-06-13 05:25:13,True,925,96,18.899999999999995,28,0.7,0.6,0,0.5,10,9.5,10,rrt_20260613_052513_633.png
20260613_052515_070,2026-06-13 05:25:15,False,10000,66,0.0,0,0.7,0.6,0,0.5,10,9.5,10,rrt_20260613_052515_070.png
20260613_052516_669,2026-06-13 05:25:16,False,10000,74,0.0,0,0.7,0.6,0,0.5,10,9.5,10,rrt_20260613_052516_669.png
20260613_052518_231,2026-06-13 05:25:18,False,10000,65,0.0,0,0.7,0.7,0,0.5,10,9.5,10,rrt_20260613_052518_231.png
20260613_052520_128,2026-06-13 05:25:20,False,10000,98,0.0,0,0.7,0.7,0,0.5,10,9.5,10,rrt_20260613_052520_128.png
20260613_052521_652,2026-06-13 05:25:21,False,10000,69,0.0,0,0.7,0.7,0,0.5,10,9.5,10,rrt_20260613_052521_652.png
20260613_052522_103,2026-06-13 05:25:22,True,375,70,16.099999999999998,24,0.7,0.7,0,0.5,10,9.5,10,rrt_20260613_052522_103.png
20260613_052523_467,2026-06-13 05:25:23,False,10000,61,0.0,0,0.7,0.7,0,0.5,10,9.5,10,rrt_20260613_052523_467.png
20260613_052523_851,2026-06-13 05:25:23,True,415,57,18.89999999999999,28,0.7,0.7,0,0.5,10,9.5,10,rrt_20260613_052523_851.png
20260613_052525_043,2026-06-13 05:25:25,False,10000,56,0.0,0,0.7,0.7,0,0.5,10,9.5,10,rrt_20260613_052525_043.png
20260613_052526_584,2026-06-13 05:25:26,False,10000,63,0.0,0,0.7,0.7,0,0.5,10,9.5,10,rrt_20260613_052526_584.png
20260613_052528_046,2026-06-13 05:25:28,False,10000,69,0.0,0,0.7,0.7,0,0.5,10,9.5,10,rrt_20260613_052528_046.png
20260613_052528_475,2026-06-13 05:25:28,True,960,62,18.199999999999992,27,0.7,0.7,0,0.5,10,9.5,10,rrt_20260613_052528_475.png
20260613_052528_701,2026-06-13 05:25:28,True,105,37,16.1,24,0.7,0.7,0,0.5,10,9.5,10,rrt_20260613_052528_701.png
20260613_052530_214,2026-06-13 05:25:30,False,10000,76,0.0,0,0.7,0.7,0,0.5,10,9.5,10,rrt_20260613_052530_214.png
20260613_052531_392,2026-06-13 05:25:31,False,10000,47,0.0,0,0.7,0.7,0,0.5,10,9.5,10,rrt_20260613_052531_392.png
20260613_052531_897,2026-06-13 05:25:31,True,941,51,16.099999999999994,24,0.7,0.7,0,0.5,10,9.5,10,rrt_20260613_052531_897.png
20260613_052532_136,2026-06-13 05:25:32,True,160,45,16.799999999999994,25,0.7,0.7,0,0.5,10,9.5,10,rrt_20260613_052532_136.png
20260613_052533_662,2026-06-13 05:25:33,False,10000,76,0.0,0,0.7,0.7,0,0.5,10,9.5,10,rrt_20260613_052533_662.png
20260613_052535_273,2026-06-13 05:25:35,False,10000,79,0.0,0,0.7,0.7,0,0.5,10,9.5,10,rrt_20260613_052535_273.png
20260613_052536_894,2026-06-13 05:25:36,False,10000,85,0.0,0,0.7,0.7,0,0.5,10,9.5,10,rrt_20260613_052536_894.png
20260613_052538_545,2026-06-13 05:25:38,False,10000,76,0.0,0,0.7,0.7,0,0.5,10,9.5,10,rrt_20260613_052538_545.png
20260613_052538_909,2026-06-13 05:25:38,True,214,47,16.799999999999994,25,0.7,0.7,0,0.5,10,9.5,10,rrt_20260613_052538_909.png
20260613_052540_374,2026-06-13 05:25:40,False,10000,76,0.0,0,0.7,0.7,0,0.5,10,9.5,10,rrt_20260613_052540_374.png
20260613_052542_066,2026-06-13 05:25:42,False,10000,80,0.0,0,0.7,0.7,0,0.5,10,9.5,10,rrt_20260613_052542_066.png
20260613_052543_689,2026-06-13 05:25:43,False,10000,74,0.0,0,0.7,0.7,0,0.5,10,9.5,10,rrt_20260613_052543_689.png
20260613_052545_206,2026-06-13 05:25:45,False,10000,76,0.0,0,0.7,0.7,0,0.5,10,9.5,10,rrt_20260613_052545_206.png
20260613_052545_601,2026-06-13 05:25:45,True,111,40,17.499999999999993,26,0.7,0.7,0,0.5,10,9.5,10,rrt_20260613_052545_601.png
20260613_052546_974,2026-06-13 05:25:46,False,10000,67,0.0,0,0.7,0.7,0,0.5,10,9.5,10,rrt_20260613_052546_974.png
20260613_052547_437,2026-06-13 05:25:47,True,1161,88,17.499999999999996,26,0.7,0.7,0,0.5,10,9.5,10,rrt_20260613_052547_437.png
20260613_052548_349,2026-06-13 05:25:48,False,10000,28,0.0,0,0.7,0.7,0,0.5,10,9.5,10,rrt_20260613_052548_349.png
20260613_052549_703,2026-06-13 05:25:49,False,10000,65,0.0,0,0.7,0.7,0,0.5,10,9.5,10,rrt_20260613_052549_703.png
20260613_052551_367,2026-06-13 05:25:51,False,10000,80,0.0,0,0.7,0.7,0,0.5,10,9.5,10,rrt_20260613_052551_367.png
20260613_052552_847,2026-06-13 05:25:52,False,10000,57,0.0,0,0.7,0.7,0,0.5,10,9.5,10,rrt_20260613_052552_847.png
20260613_052554_349,2026-06-13 05:25:54,False,10000,73,0.0,0,0.7,0.7,0,0.5,10,9.5,10,rrt_20260613_052554_349.png
20260613_052555_794,2026-06-13 05:25:55,False,10000,60,0.0,0,0.7,0.7,0,0.5,10,9.5,10,rrt_20260613_052555_794.png
20260613_052557_053,2026-06-13 05:25:57,False,10000,60,0.0,0,0.7,0.7,0,0.5,10,9.5,10,rrt_20260613_052557_053.png
20260613_052558_576,2026-06-13 05:25:58,False,10000,77,0.0,0,0.7,0.7,0,0.5,10,9.5,10,rrt_20260613_052558_576.png
20260613_054245_949,2026-06-13 05:42:45,True,1045,68,18.89999999999999,28,0.7,0.7,0,0.5,10,9.5,10,rrt_20260613_054245_949.png
20260613_054247_314,2026-06-13 05:42:47,False,10000,61,0.0,0,0.7,0.7,0,0.5,10,9.5,10,rrt_20260613_054247_314.png
20260613_054247_818,2026-06-13 05:42:47,True,1006,67,18.899999999999995,28,0.7,0.7,0,0.5,10,9.5,10,rrt_20260613_054247_818.png
20260613_054249_122,2026-06-13 05:42:49,False,10000,68,0.0,0,0.7,0.7,0,0.5,10,9.5,10,rrt_20260613_054249_122.png
20260613_054249_587,2026-06-13 05:42:49,True,356,73,18.899999999999995,28,0.7,0.7,0,0.5,10,9.5,10,rrt_20260613_054249_587.png
20260613_054249_914,2026-06-13 05:42:49,True,778,86,18.199999999999996,27,0.7,0.7,0,0.5,10,9.5,10,rrt_20260613_054249_914.png
20260613_054251_499,2026-06-13 05:42:51,False,10000,90,0.0,0,0.7,0.7,0,0.5,10,9.5,10,rrt_20260613_054251_499.png
20260613_054253_128,2026-06-13 05:42:53,False,10000,70,0.0,0,0.7,0.7,0,0.5,10,9.5,10,rrt_20260613_054253_128.png
20260613_054254_441,2026-06-13 05:42:54,False,10000,59,0.0,0,0.7,0.7,0,0.5,10,9.5,10,rrt_20260613_054254_441.png
20260613_054255_953,2026-06-13 05:42:55,False,10000,75,0.0,0,0.7,0.7,0,0.5,10,9.5,10,rrt_20260613_054255_953.png
20260613_054257_396,2026-06-13 05:42:57,False,10000,56,0.0,0,0.7,0.7,0,0.5,10,9.5,10,rrt_20260613_054257_396.png
20260613_054258_660,2026-06-13 05:42:58,False,10000,57,0.0,0,0.7,0.7,0,0.5,10,9.5,10,rrt_20260613_054258_660.png
20260613_054259_864,2026-06-13 05:42:59,False,10000,48,0.0,0,0.7,0.7,0,0.5,10,9.5,10,rrt_20260613_054259_864.png
20260613_054300_281,2026-06-13 05:43:00,True,401,54,17.499999999999996,26,0.7,0.7,0,0.5,10,9.5,10,rrt_20260613_054300_281.png
20260613_054300_573,2026-06-13 05:43:00,True,762,80,16.799999999999997,25,0.7,0.7,0,0.5,10,9.5,10,rrt_20260613_054300_573.png
20260613_054300_836,2026-06-13 05:43:00,True,613,60,19.599999999999998,29,0.7,0.7,0,0.5,10,9.5,10,rrt_20260613_054300_836.png
20260613_054301_112,2026-06-13 05:43:01,True,225,56,17.499999999999996,26,0.7,0.7,0,0.5,10,9.5,10,rrt_20260613_054301_112.png
20260613_054302_338,2026-06-13 05:43:02,False,10000,65,0.0,0,0.7,0.7,0,0.5,10,9.5,10,rrt_20260613_054302_338.png
20260613_054303_766,2026-06-13 05:43:03,False,10000,57,0.0,0,0.7,0.7,0,0.5,10,9.5,10,rrt_20260613_054303_766.png
20260613_054304_146,2026-06-13 05:43:04,True,254,47,19.599999999999998,29,0.7,0.7,0,0.5,10,9.5,10,rrt_20260613_054304_146.png
20260613_054305_602,2026-06-13 05:43:05,False,10000,50,0.0,0,0.7,0.7,0,0.5,10,9.5,10,rrt_20260613_054305_602.png
20260613_054306_556,2026-06-13 05:43:06,False,10000,27,0.0,0,0.7,0.7,0,0.5,10,9.5,10,rrt_20260613_054306_556.png
20260613_054307_103,2026-06-13 05:43:07,True,903,74,18.200000000000003,27,0.7,0.7,0,0.5,10,9.5,10,rrt_20260613_054307_103.png
20260613_054307_378,2026-06-13 05:43:07,True,280,70,17.499999999999996,26,0.7,0.7,0,0.5,10,9.5,10,rrt_20260613_054307_378.png
20260613_054308_554,2026-06-13 05:43:08,False,10000,57,0.0,0,0.7,0.7,0,0.5,10,9.5,10,rrt_20260613_054308_554.png
20260613_054310_093,2026-06-13 05:43:10,False,10000,71,0.0,0,0.7,0.7,0,0.5,10,9.5,10,rrt_20260613_054310_093.png
20260613_054311_506,2026-06-13 05:43:11,False,10000,64,0.0,0,0.7,0.7,0,0.5,10,9.5,10,rrt_20260613_054311_506.png
20260613_054311_841,2026-06-13 05:43:11,True,262,48,19.59999999999999,29,0.7,0.7,0,0.5,10,9.5,10,rrt_20260613_054311_841.png
20260613_054313_026,2026-06-13 05:43:13,False,10000,62,0.0,0,0.7,0.7,0,0.5,10,9.5,10,rrt_20260613_054313_026.png
20260613_054314_404,2026-06-13 05:43:14,False,10000,57,0.0,0,0.7,0.7,0,0.5,10,9.5,10,rrt_20260613_054314_404.png
20260613_054315_620,2026-06-13 05:43:15,False,10000,54,0.0,0,0.7,0.7,0,0.5,10,9.5,10,rrt_20260613_054315_620.png
20260613_054316_569,2026-06-13 05:43:16,False,10000,30,0.0,0,0.7,0.7,0,0.5,10,9.5,10,rrt_20260613_054316_569.png
20260613_054316_991,2026-06-13 05:43:16,True,963,74,17.499999999999996,26,0.7,0.7,0,0.5,10,9.5,10,rrt_20260613_054316_991.png
20260613_054318_520,2026-06-13 05:43:18,False,10000,86,0.0,0,0.7,0.7,0,0.5,10,9.5,10,rrt_20260613_054318_520.png
20260613_054318_993,2026-06-13 05:43:18,True,867,60,18.2,27,0.7,0.7,0,0.5,10,9.5,10,rrt_20260613_054318_993.png
20260613_054319_230,2026-06-13 05:43:19,True,441,54,16.799999999999997,25,0.7,0.7,0,0.5,10,9.5,10,rrt_20260613_054319_230.png
20260613_054319_448,2026-06-13 05:43:19,True,257,44,18.199999999999992,27,0.7,0.7,0,0.5,10,9.5,10,rrt_20260613_054319_448.png
20260613_054320_743,2026-06-13 05:43:20,False,10000,67,0.0,0,0.7,0.7,0,0.5,10,9.5,10,rrt_20260613_054320_743.png
20260613_054321_107,2026-06-13 05:43:21,True,162,48,17.5,26,0.7,0.7,0,0.5,10,9.5,10,rrt_20260613_054321_107.png
20260613_054322_070,2026-06-13 05:43:22,False,10000,36,0.0,0,0.7,0.7,0,0.5,10,9.5,10,rrt_20260613_054322_070.png
20260613_054323_329,2026-06-13 05:43:23,False,10000,46,0.0,0,0.7,0.7,0,0.5,10,9.5,10,rrt_20260613_054323_329.png
20260613_054324_994,2026-06-13 05:43:24,False,10000,78,0.0,0,0.7,0.7,0,0.5,10,9.5,10,rrt_20260613_054324_994.png
20260613_054326_101,2026-06-13 05:43:26,False,10000,29,0.0,0,0.7,0.7,0,0.5,10,9.5,10,rrt_20260613_054326_101.png
20260613_054327_832,2026-06-13 05:43:27,False,10000,88,0.0,0,0.7,0.7,0,0.5,10,9.5,10,rrt_20260613_054327_832.png
20260613_054329_201,2026-06-13 05:43:29,False,10000,63,0.0,0,0.7,0.7,0,0.5,10,9.5,10,rrt_20260613_054329_201.png
20260613_054330_087,2026-06-13 05:43:30,False,10000,29,0.0,0,0.7,0.7,0,0.5,10,9.5,10,rrt_20260613_054330_087.png
20260613_054331_393,2026-06-13 05:43:31,False,10000,68,0.0,0,0.7,0.7,0,0.5,10,9.5,10,rrt_20260613_054331_393.png
20260613_060014_893,2026-06-13 06:00:14,False,10000,70,0.0,0,0.7,0.7,0,0.5,10,9.5,10,rrt_20260613_060014_893.png
20260613_060015_892,2026-06-13 06:00:15,False,10000,35,0.0,0,0.7,0.7,0,0.5,10,9.5,10,rrt_20260613_060015_892.png
20260613_060017_324,2026-06-13 06:00:17,False,10000,54,0.0,0,0.7,0.7,0,0.5,10,9.5,10,rrt_20260613_060017_324.png
20260613_060018_630,2026-06-13 06:00:18,False,10000,52,0.0,0,0.7,0.7,0,0.5,10,9.5,10,rrt_20260613_060018_630.png
20260613_060019_050,2026-06-13 06:00:19,True,761,65,16.799999999999997,25,0.7,0.7,0,0.5,10,9.5,10,rrt_20260613_060019_050.png
20260613_060019_345,2026-06-13 06:00:19,True,109,34,16.8,25,0.7,0.7,0,0.5,10,9.5,10,rrt_20260613_060019_345.png
20260613_060020_921,2026-06-13 06:00:20,False,10000,69,0.0,0,0.7,0.7,0,0.5,10,9.5,10,rrt_20260613_060020_921.png
20260613_060022_021,2026-06-13 06:00:22,False,10000,30,0.0,0,0.7,0.7,0,0.5,10,9.5,10,rrt_20260613_060022_021.png
20260613_060022_364,2026-06-13 06:00:22,True,505,62,18.2,27,0.7,0.7,0,0.5,10,9.5,10,rrt_20260613_060022_364.png
20260613_060023_649,2026-06-13 06:00:23,False,10000,66,0.0,0,0.7,0.7,0,0.5,10,9.5,10,rrt_20260613_060023_649.png
20260613_060024_126,2026-06-13 06:00:24,True,426,44,18.199999999999996,27,0.7,0.7,0,0.5,10,9.5,10,rrt_20260613_060024_126.png
20260613_060025_533,2026-06-13 06:00:25,False,10000,70,0.0,0,0.7,0.7,0,0.5,10,9.5,10,rrt_20260613_060025_533.png
20260613_060026_982,2026-06-13 06:00:26,False,10000,70,0.0,0,0.7,0.7,0,0.5,10,9.5,10,rrt_20260613_060026_982.png
20260613_060027_447,2026-06-13 06:00:27,True,618,83,17.499999999999996,26,0.7,0.7,0,0.5,10,9.5,10,rrt_20260613_060027_447.png
20260613_060027_677,2026-06-13 06:00:27,True,218,53,17.499999999999993,26,0.7,0.7,0,0.5,10,9.5,10,rrt_20260613_060027_677.png
20260613_060029_034,2026-06-13 06:00:29,False,10000,73,0.0,0,0.7,0.7,0,0.5,10,9.5,10,rrt_20260613_060029_034.png
20260613_060030_522,2026-06-13 06:00:30,False,10000,71,0.0,0,0.7,0.7,0,0.5,10,9.5,10,rrt_20260613_060030_522.png
20260613_060030_961,2026-06-13 06:00:30,True,577,77,19.599999999999998,29,0.7,0.7,0,0.5,10,9.5,10,rrt_20260613_060030_961.png
20260613_060032_393,2026-06-13 06:00:32,False,10000,72,0.0,0,0.7,0.8,0,0.5,10,9.5,10,rrt_20260613_060032_393.png
20260613_060034_239,2026-06-13 06:00:34,False,10000,94,0.0,0,0.7,0.8,0,0.5,10,9.5,10,rrt_20260613_060034_239.png
20260613_060035_683,2026-06-13 06:00:35,False,10000,60,0.0,0,0.7,0.8,0,0.5,10,9.5,10,rrt_20260613_060035_683.png
20260613_060037_158,2026-06-13 06:00:37,False,10000,73,0.0,0,0.7,0.8,0,0.5,10,9.5,10,rrt_20260613_060037_158.png
20260613_060038_866,2026-06-13 06:00:38,False,10000,76,0.0,0,0.7,0.8,0,0.5,10,9.5,10,rrt_20260613_060038_866.png
20260613_060039_819,2026-06-13 06:00:39,False,10000,27,0.0,0,0.7,0.8,0,0.5,10,9.5,10,rrt_20260613_060039_819.png
20260613_060041_228,2026-06-13 06:00:41,False,10000,71,0.0,0,0.7,0.8,0,0.5,10,9.5,10,rrt_20260613_060041_228.png
20260613_060041_692,2026-06-13 06:00:41,True,1155,75,19.59999999999999,29,0.7,0.8,0,0.5,10,9.5,10,rrt_20260613_060041_692.png
20260613_060041_936,2026-06-13 06:00:41,True,253,53,16.8,25,0.7,0.8,0,0.5,10,9.5,10,rrt_20260613_060041_936.png
20260613_060043_207,2026-06-13 06:00:43,False,10000,59,0.0,0,0.7,0.8,0,0.5,10,9.5,10,rrt_20260613_060043_207.png
20260613_060044_924,2026-06-13 06:00:44,False,10000,79,0.0,0,0.7,0.8,0,0.5,10,9.5,10,rrt_20260613_060044_924.png
20260613_060046_724,2026-06-13 06:00:46,False,10000,72,0.0,0,0.7,0.8,0,0.5,10,9.5,10,rrt_20260613_060046_724.png
20260613_060048_357,2026-06-13 06:00:48,False,10000,60,0.0,0,0.7,0.8,0,0.5,10,9.5,10,rrt_20260613_060048_357.png
20260613_060048_857,2026-06-13 06:00:48,True,276,59,16.799999999999997,25,0.7,0.8,0,0.5,10,9.5,10,rrt_20260613_060048_857.png
20260613_060049_169,2026-06-13 06:00:49,True,846,70,19.599999999999994,29,0.7,0.8,0,0.5,10,9.5,10,rrt_20260613_060049_169.png
20260613_060050_624,2026-06-13 06:00:50,False,10000,63,0.0,0,0.7,0.8,0,0.5,10,9.5,10,rrt_20260613_060050_624.png
20260613_060052_391,2026-06-13 06:00:52,False,10000,79,0.0,0,0.7,0.8,0,0.5,10,9.5,10,rrt_20260613_060052_391.png
20260613_060053_883,2026-06-13 06:00:53,False,10000,66,0.0,0,0.7,0.8,0,0.5,10,9.5,10,rrt_20260613_060053_883.png
20260613_060055_706,2026-06-13 06:00:55,False,10000,90,0.0,0,0.7,0.8,0,0.5,10,9.5,10,rrt_20260613_060055_706.png
20260613_060056_889,2026-06-13 06:00:56,False,10000,34,0.0,0,0.7,0.8,0,0.5,10,9.5,10,rrt_20260613_060056_889.png
20260613_060057_247,2026-06-13 06:00:57,True,206,51,19.599999999999994,29,0.7,0.8,0,0.5,10,9.5,10,rrt_20260613_060057_247.png
20260613_060058_422,2026-06-13 06:00:58,False,10000,55,0.0,0,0.7,0.8,0,0.5,10,9.5,10,rrt_20260613_060058_422.png
20260613_060059_917,2026-06-13 06:00:59,False,10000,68,0.0,0,0.7,0.8,0,0.5,10,9.5,10,rrt_20260613_060059_917.png
20260613_060101_368,2026-06-13 06:01:01,False,10000,67,0.0,0,0.7,0.8,0,0.5,10,9.5,10,rrt_20260613_060101_368.png
20260613_060103_798,2026-06-13 06:01:03,False,10000,57,0.0,0,0.7,0.8,0,0.5,10,9.5,10,rrt_20260613_060103_798.png
20260613_060104_234,2026-06-13 06:01:04,True,975,79,19.599999999999994,29,0.7,0.8,0,0.5,10,9.5,10,rrt_20260613_060104_234.png
20260613_060105_546,2026-06-13 06:01:05,False,10000,54,0.0,0,0.7,0.8,0,0.5,10,9.5,10,rrt_20260613_060105_546.png
20260613_060107_377,2026-06-13 06:01:07,False,10000,104,0.0,0,0.7,0.8,0,0.5,10,9.5,10,rrt_20260613_060107_377.png
20260613_060108_940,2026-06-13 06:01:08,False,10000,60,0.0,0,0.7,0.8,0,0.5,10,9.5,10,rrt_20260613_060108_940.png
20260613_060109_320,2026-06-13 06:01:09,True,227,51,20.999999999999993,31,0.7,0.8,0,0.5,10,9.5,10,rrt_20260613_060109_320.png
20260613_060110_642,2026-06-13 06:01:10,False,10000,53,0.0,0,0.7,0.8,0,0.5,10,9.5,10,rrt_20260613_060110_642.png
20260613_060112_162,2026-06-13 06:01:12,False,10000,70,0.0,0,0.7,0.8,0,0.5,10,9.5,10,rrt_20260613_060112_162.png
20260613_060113_601,2026-06-13 06:01:13,False,10000,58,0.0,0,0.7,0.8,0,0.5,10,9.5,10,rrt_20260613_060113_601.png
20260613_060114_020,2026-06-13 06:01:14,True,513,58,17.5,26,0.7,0.8,0,0.5,10,9.5,10,rrt_20260613_060114_020.png
20260613_060115_353,2026-06-13 06:01:15,False,10000,70,0.0,0,0.7,0.8,0,0.5,10,9.5,10,rrt_20260613_060115_353.png
20260613_060117_044,2026-06-13 06:01:17,False,10000,86,0.0,0,0.7,0.8,0,0.5,10,9.5,10,rrt_20260613_060117_044.png
20260613_060118_693,2026-06-13 06:01:18,False,10000,85,0.0,0,0.7,0.8,0,0.5,10,9.5,10,rrt_20260613_060118_693.png
20260613_060120_073,2026-06-13 06:01:20,False,10000,59,0.0,0,0.7,0.8,0,0.5,10,9.5,10,rrt_20260613_060120_073.png
20260613_060121_494,2026-06-13 06:01:21,False,10000,63,0.0,0,0.7,0.8,0,0.5,10,9.5,10,rrt_20260613_060121_494.png
20260613_060123_235,2026-06-13 06:01:23,False,10000,100,0.0,0,0.7,0.8,0,0.5,10,9.5,10,rrt_20260613_060123_235.png
20260613_060123_601,2026-06-13 06:01:23,True,197,47,18.2,27,0.7,0.8,0,0.5,10,9.5,10,rrt_20260613_060123_601.png
20260613_060123_945,2026-06-13 06:01:23,True,1417,92,19.59999999999999,29,0.7,0.8,0,0.5,10,9.5,10,rrt_20260613_060123_945.png
20260613_060125_316,2026-06-13 06:01:25,False,10000,70,0.0,0,0.7,0.8,0,0.5,10,9.5,10,rrt_20260613_060125_316.png
20260613_060126_726,2026-06-13 06:01:26,False,10000,61,0.0,0,0.7,0.8,0,0.5,10,9.5,10,rrt_20260613_060126_726.png
20260613_060128_231,2026-06-13 06:01:28,False,10000,68,0.0,0,0.7,0.8,0,0.5,10,9.5,10,rrt_20260613_060128_231.png
20260613_060129_707,2026-06-13 06:01:29,False,10000,65,0.0,0,0.7,0.8,0,0.5,10,9.5,10,rrt_20260613_060129_707.png
20260613_060131_248,2026-06-13 06:01:31,False,10000,75,0.0,0,0.7,0.8,0,0.5,10,9.5,10,rrt_20260613_060131_248.png
20260613_060131_670,2026-06-13 06:01:31,True,359,52,18.899999999999995,28,0.7,0.8,0,0.5,10,9.5,10,rrt_20260613_060131_670.png
20260613_060133_001,2026-06-13 06:01:33,False,10000,71,0.0,0,0.7,0.8,0,0.5,10,9.5,10,rrt_20260613_060133_001.png
20260613_060134_385,2026-06-13 06:01:34,False,10000,67,0.0,0,0.7,0.8,0,0.5,10,9.5,10,rrt_20260613_060134_385.png
20260613_060134_825,2026-06-13 06:01:34,True,267,58,17.499999999999993,26,0.7,0.8,0,0.5,10,9.5,10,rrt_20260613_060134_825.png
20260613_060136_298,2026-06-13 06:01:36,False,10000,78,0.0,0,0.7,0.8,0,0.5,10,9.5,10,rrt_20260613_060136_298.png
20260613_060137_487,2026-06-13 06:01:37,False,10000,49,0.0,0,0.7,0.8,0,0.5,10,9.5,10,rrt_20260613_060137_487.png
20260613_060138_906,2026-06-13 06:01:38,False,10000,64,0.0,0,0.7,0.8,0,0.5,10,9.5,10,rrt_20260613_060138_906.png
20260613_060140_474,2026-06-13 06:01:40,False,10000,64,0.0,0,0.7,0.8,0,0.5,10,9.5,10,rrt_20260613_060140_474.png
20260613_060141_811,2026-06-13 06:01:41,False,10000,45,0.0,0,0.7,0.8,0,0.5,10,9.5,10,rrt_20260613_060141_811.png
20260613_060143_519,2026-06-13 06:01:43,False,10000,78,0.0,0,0.7,0.8,0,0.5,10,9.5,10,rrt_20260613_060143_519.png
20260613_060145_053,2026-06-13 06:01:45,False,10000,78,0.0,0,0.7,0.8,0,0.5,10,9.5,10,rrt_20260613_060145_053.png
20260613_060146_411,2026-06-13 06:01:46,False,10000,64,0.0,0,0.7,0.8,0,0.5,10,9.5,10,rrt_20260613_060146_411.png
20260613_060147_127,2026-06-13 06:01:47,True,2735,83,22.399999999999988,33,0.7,0.8,0,0.5,10,9.5,10,rrt_20260613_060147_127.png
20260613_060148_489,2026-06-13 06:01:48,False,10000,71,0.0,0,0.7,0.8,0,0.5,10,9.5,10,rrt_20260613_060148_489.png
20260613_060149_458,2026-06-13 06:01:49,False,10000,34,0.0,0,0.7,0.8,0,0.5,10,9.5,10,rrt_20260613_060149_458.png
20260613_060149_883,2026-06-13 06:01:49,True,367,64,20.299999999999994,30,0.7,0.8,0,0.5,10,9.5,10,rrt_20260613_060149_883.png
20260613_060909_823,2026-06-13 06:09:09,False,10000,68,0.0,0,0.7,0.8,0,0.5,10,9.5,10,rrt_20260613_060909_823.png
20260613_060910_956,2026-06-13 06:09:10,False,10000,35,0.0,0,0.7,0.8,0,0.5,10,9.5,10,rrt_20260613_060910_956.png
20260613_060912_561,2026-06-13 06:09:12,False,10000,80,0.0,0,0.7,0.8,0,0.5,10,9.5,10,rrt_20260613_060912_561.png
20260613_060914_151,2026-06-13 06:09:14,False,10000,74,0.0,0,0.7,0.8,0,0.5,10,9.5,10,rrt_20260613_060914_151.png
20260613_060915_476,2026-06-13 06:09:15,False,10000,51,0.0,0,0.7,0.8,0,0.5,10,9.5,10,rrt_20260613_060915_476.png
20260613_060917_017,2026-06-13 06:09:17,False,10000,67,0.0,0,0.7,0.8,0,0.5,10,9.5,10,rrt_20260613_060917_017.png
20260613_060918_359,2026-06-13 06:09:18,False,10000,49,0.0,0,0.7,0.8,0,0.5,10,9.5,10,rrt_20260613_060918_359.png
20260613_060919_386,2026-06-13 06:09:19,False,10000,38,0.0,0,0.7,0.8,0,0.5,10,9.5,10,rrt_20260613_060919_386.png
20260613_060920_673,2026-06-13 06:09:20,False,10000,35,0.0,0,0.7,0.8,0,0.5,10,9.5,10,rrt_20260613_060920_673.png
20260613_060922_356,2026-06-13 06:09:22,False,10000,74,0.0,0,0.7,0.8,0,0.5,10,9.5,10,rrt_20260613_060922_356.png
20260613_060923_852,2026-06-13 06:09:23,False,10000,58,0.0,0,0.7,0.8,0,0.5,10,9.5,10,rrt_20260613_060923_852.png
20260613_060925_374,2026-06-13 06:09:25,False,10000,73,0.0,0,0.7,0.8,0,0.5,10,9.5,10,rrt_20260613_060925_374.png
20260613_060926_902,2026-06-13 06:09:26,False,10000,74,0.0,0,0.7,0.8,0,0.5,10,9.5,10,rrt_20260613_060926_902.png
20260613_060928_558,2026-06-13 06:09:28,False,10000,79,0.0,0,0.7,0.8,0,0.5,10,9.5,10,rrt_20260613_060928_558.png
20260613_060930_188,2026-06-13 06:09:30,False,10000,77,0.0,0,0.7,0.8,0,0.5,10,9.5,10,rrt_20260613_060930_188.png
20260613_060931_781,2026-06-13 06:09:31,False,10000,74,0.0,0,0.7,0.8,0,0.5,10,9.5,10,rrt_20260613_060931_781.png
20260613_060932_154,2026-06-13 06:09:32,True,169,49,18.2,27,0.7,0.8,0,0.5,10,9.5,10,rrt_20260613_060932_154.png
20260613_060933_616,2026-06-13 06:09:33,False,10000,77,0.0,0,0.7,0.8,0,0.5,10,9.5,10,rrt_20260613_060933_616.png
20260613_060934_906,2026-06-13 06:09:34,False,10000,41,0.0,0,0.7,0.8,0,0.5,10,9.5,10,rrt_20260613_060934_906.png
20260613_060936_446,2026-06-13 06:09:36,False,10000,67,0.0,0,0.7,0.8,0,0.5,10,9.5,10,rrt_20260613_060936_446.png
20260613_060938_158,2026-06-13 06:09:38,False,10000,90,0.0,0,0.7,0.8,0,0.5,10,9.5,10,rrt_20260613_060938_158.png
20260613_060938_608,2026-06-13 06:09:38,True,137,46,18.899999999999995,28,0.7,0.8,0,0.5,10,9.5,10,rrt_20260613_060938_608.png
20260613_060938_874,2026-06-13 06:09:38,True,739,73,16.8,25,0.7,0.8,0,0.5,10,9.5,10,rrt_20260613_060938_874.png
20260613_060940_165,2026-06-13 06:09:40,False,10000,61,0.0,0,0.7,0.8,0,0.5,10,9.5,10,rrt_20260613_060940_165.png
20260613_060942_123,2026-06-13 06:09:42,False,10000,104,0.0,0,0.7,0.8,0,0.5,10,9.5,10,rrt_20260613_060942_123.png
20260613_060943_606,2026-06-13 06:09:43,False,10000,63,0.0,0,0.7,0.8,0,0.5,10,9.5,10,rrt_20260613_060943_606.png
20260613_060945_167,2026-06-13 06:09:45,False,10000,84,0.0,0,0.7,0.8,0,0.5,10,9.5,10,rrt_20260613_060945_167.png
20260613_060946_186,2026-06-13 06:09:46,False,10000,28,0.0,0,0.7,0.8,0,0.5,10,9.5,10,rrt_20260613_060946_186.png
20260613_060947_695,2026-06-13 06:09:47,False,10000,78,0.0,0,0.7,0.8,0,0.5,10,9.5,10,rrt_20260613_060947_695.png
20260613_060949_285,2026-06-13 06:09:49,False,10000,72,0.0,0,0.7,0.8,0,0.5,10,9.5,10,rrt_20260613_060949_285.png
20260613_060950_828,2026-06-13 06:09:50,False,10000,78,0.0,0,0.7,0.8,0,0.5,10,9.5,10,rrt_20260613_060950_828.png
20260613_060951_187,2026-06-13 06:09:51,True,257,50,16.799999999999994,25,0.7,0.8,0,0.5,10,9.5,10,rrt_20260613_060951_187.png
20260613_060952_352,2026-06-13 06:09:52,False,10000,55,0.0,0,0.7,0.8,0,0.5,10,9.5,10,rrt_20260613_060952_352.png
20260613_060952_709,2026-06-13 06:09:52,True,203,50,16.799999999999997,25,0.7,0.8,0,0.5,10,9.5,10,rrt_20260613_060952_709.png
20260613_060953_867,2026-06-13 06:09:53,False,10000,51,0.0,0,0.7,0.8,0,0.5,10,9.5,10,rrt_20260613_060953_867.png
20260613_060955_359,2026-06-13 06:09:55,False,10000,75,0.0,0,0.7,0.8,0,0.5,10,9.5,10,rrt_20260613_060955_359.png
20260613_060956_893,2026-06-13 06:09:56,False,10000,73,0.0,0,0.7,0.8,0,0.5,10,9.5,10,rrt_20260613_060956_893.png
20260613_060957_975,2026-06-13 06:09:57,True,6757,61,20.000000000000007,26,0.8,0.1,0,0.5,10,9.5,10,rrt_20260613_060957_975.png
20260613_060959_116,2026-06-13 06:09:59,False,10000,43,0.0,0,0.8,0.1,0,0.5,10,9.5,10,rrt_20260613_060959_116.png
20260613_061000_205,2026-06-13 06:10:00,False,10000,29,0.0,0,0.8,0.1,0,0.5,10,9.5,10,rrt_20260613_061000_205.png
20260613_061001_489,2026-06-13 06:10:01,False,10000,60,0.0,0,0.8,0.1,0,0.5,10,9.5,10,rrt_20260613_061001_489.png
20260613_061002_772,2026-06-13 06:10:02,False,10000,68,0.0,0,0.8,0.1,0,0.5,10,9.5,10,rrt_20260613_061002_772.png
20260613_061004_174,2026-06-13 06:10:04,False,10000,71,0.0,0,0.8,0.1,0,0.5,10,9.5,10,rrt_20260613_061004_174.png
20260613_061005_599,2026-06-13 06:10:05,False,10000,49,0.0,0,0.8,0.1,0,0.5,10,9.5,10,rrt_20260613_061005_599.png
20260613_061006_812,2026-06-13 06:10:06,False,10000,59,0.0,0,0.8,0.1,0,0.5,10,9.5,10,rrt_20260613_061006_812.png
20260613_061008_087,2026-06-13 06:10:08,False,10000,55,0.0,0,0.8,0.1,0,0.5,10,9.5,10,rrt_20260613_061008_087.png
20260613_061009_636,2026-06-13 06:10:09,False,10000,62,0.0,0,0.8,0.1,0,0.5,10,9.5,10,rrt_20260613_061009_636.png
20260613_061010_820,2026-06-13 06:10:10,True,8679,75,21.600000000000005,28,0.8,0.1,0,0.5,10,9.5,10,rrt_20260613_061010_820.png
20260613_061012_506,2026-06-13 06:10:12,False,10000,73,0.0,0,0.8,0.1,0,0.5,10,9.5,10,rrt_20260613_061012_506.png
20260613_061013_706,2026-06-13 06:10:13,False,10000,58,0.0,0,0.8,0.1,0,0.5,10,9.5,10,rrt_20260613_061013_706.png
20260613_061015_343,2026-06-13 06:10:15,False,10000,60,0.0,0,0.8,0.1,0,0.5,10,9.5,10,rrt_20260613_061015_343.png
20260613_061016_968,2026-06-13 06:10:16,False,10000,66,0.0,0,0.8,0.1,0,0.5,10,9.5,10,rrt_20260613_061016_968.png
20260613_061018_329,2026-06-13 06:10:18,False,10000,74,0.0,0,0.8,0.1,0,0.5,10,9.5,10,rrt_20260613_061018_329.png
20260613_061019_913,2026-06-13 06:10:19,False,10000,63,0.0,0,0.8,0.1,0,0.5,10,9.5,10,rrt_20260613_061019_913.png
20260613_061021_589,2026-06-13 06:10:21,False,10000,66,0.0,0,0.8,0.1,0,0.5,10,9.5,10,rrt_20260613_061021_589.png
20260613_061022_775,2026-06-13 06:10:22,False,10000,54,0.0,0,0.8,0.1,0,0.5,10,9.5,10,rrt_20260613_061022_775.png
20260613_061023_297,2026-06-13 06:10:23,True,2860,49,16.800000000000004,22,0.8,0.1,0,0.5,10,9.5,10,rrt_20260613_061023_297.png
20260613_061024_370,2026-06-13 06:10:24,False,10000,52,0.0,0,0.8,0.1,0,0.5,10,9.5,10,rrt_20260613_061024_370.png
20260613_061025_803,2026-06-13 06:10:25,False,10000,55,0.0,0,0.8,0.1,0,0.5,10,9.5,10,rrt_20260613_061025_803.png
20260613_061026_700,2026-06-13 06:10:26,False,10000,26,0.0,0,0.8,0.1,0,0.5,10,9.5,10,rrt_20260613_061026_700.png
20260613_061028_107,2026-06-13 06:10:28,False,10000,65,0.0,0,0.8,0.1,0,0.5,10,9.5,10,rrt_20260613_061028_107.png
20260613_061029_477,2026-06-13 06:10:29,False,10000,64,0.0,0,0.8,0.1,0,0.5,10,9.5,10,rrt_20260613_061029_477.png
20260613_061030_724,2026-06-13 06:10:30,True,8269,70,20.800000000000008,27,0.8,0.1,0,0.5,10,9.5,10,rrt_20260613_061030_724.png
20260613_061031_138,2026-06-13 06:10:31,True,924,37,18.400000000000006,24,0.8,0.1,0,0.5,10,9.5,10,rrt_20260613_061031_138.png
20260613_061031_565,2026-06-13 06:10:31,True,2489,60,18.4,24,0.8,0.1,0,0.5,10,9.5,10,rrt_20260613_061031_565.png
20260613_061033_164,2026-06-13 06:10:33,False,10000,91,0.0,0,0.8,0.1,0,0.5,10,9.5,10,rrt_20260613_061033_164.png
20260613_061034_264,2026-06-13 06:10:34,False,10000,45,0.0,0,0.8,0.1,0,0.5,10,9.5,10,rrt_20260613_061034_264.png
20260613_061035_586,2026-06-13 06:10:35,False,10000,60,0.0,0,0.8,0.1,0,0.5,10,9.5,10,rrt_20260613_061035_586.png
20260613_061036_062,2026-06-13 06:10:36,True,1693,47,17.600000000000005,23,0.8,0.1,0,0.5,10,9.5,10,rrt_20260613_061036_062.png
20260613_061036_365,2026-06-13 06:10:36,True,1438,43,17.600000000000005,23,0.8,0.1,0,0.5,10,9.5,10,rrt_20260613_061036_365.png
20260613_061037_863,2026-06-13 06:10:37,False,10000,66,0.0,0,0.8,0.1,0,0.5,10,9.5,10,rrt_20260613_061037_863.png
20260613_061039_428,2026-06-13 06:10:39,False,10000,56,0.0,0,0.8,0.1,0,0.5,10,9.5,10,rrt_20260613_061039_428.png
20260613_061039_884,2026-06-13 06:10:39,True,1236,37,19.200000000000003,25,0.8,0.1,0,0.5,10,9.5,10,rrt_20260613_061039_884.png
20260613_061041_270,2026-06-13 06:10:41,False,10000,57,0.0,0,0.8,0.1,0,0.5,10,9.5,10,rrt_20260613_061041_270.png
20260613_061042_470,2026-06-13 06:10:42,False,10000,67,0.0,0,0.8,0.1,0,0.5,10,9.5,10,rrt_20260613_061042_470.png
20260613_061043_744,2026-06-13 06:10:43,False,10000,61,0.0,0,0.8,0.1,0,0.5,10,9.5,10,rrt_20260613_061043_744.png
20260613_061045_035,2026-06-13 06:10:45,False,10000,54,0.0,0,0.8,0.1,0,0.5,10,9.5,10,rrt_20260613_061045_035.png
20260613_061046_167,2026-06-13 06:10:46,False,10000,43,0.0,0,0.8,0.1,0,0.5,10,9.5,10,rrt_20260613_061046_167.png
20260613_061047_286,2026-06-13 06:10:47,False,10000,25,0.0,0,0.8,0.1,0,0.5,10,9.5,10,rrt_20260613_061047_286.png
20260613_061048_079,2026-06-13 06:10:48,True,5647,67,17.6,23,0.8,0.1,0,0.5,10,9.5,10,rrt_20260613_061048_079.png
20260613_061049_288,2026-06-13 06:10:49,False,10000,54,0.0,0,0.8,0.1,0,0.5,10,9.5,10,rrt_20260613_061049_288.png
20260613_061050_654,2026-06-13 06:10:50,False,10000,47,0.0,0,0.8,0.1,0,0.5,10,9.5,10,rrt_20260613_061050_654.png
20260613_061051_726,2026-06-13 06:10:51,False,10000,37,0.0,0,0.8,0.1,0,0.5,10,9.5,10,rrt_20260613_061051_726.png
20260613_061053_106,2026-06-13 06:10:53,False,10000,52,0.0,0,0.8,0.1,0,0.5,10,9.5,10,rrt_20260613_061053_106.png
20260613_061054_334,2026-06-13 06:10:54,False,10000,65,0.0,0,0.8,0.1,0,0.5,10,9.5,10,rrt_20260613_061054_334.png
20260613_061055_743,2026-06-13 06:10:55,False,10000,51,0.0,0,0.8,0.1,0,0.5,10,9.5,10,rrt_20260613_061055_743.png
20260613_061057_022,2026-06-13 06:10:57,False,10000,63,0.0,0,0.8,0.1,0,0.5,10,9.5,10,rrt_20260613_061057_022.png
20260613_061058_381,2026-06-13 06:10:58,False,10000,67,0.0,0,0.8,0.1,0,0.5,10,9.5,10,rrt_20260613_061058_381.png
20260613_061059_643,2026-06-13 06:10:59,False,10000,38,0.0,0,0.8,0.1,0,0.5,10,9.5,10,rrt_20260613_061059_643.png
20260613_061100_487,2026-06-13 06:11:00,False,10000,25,0.0,0,0.8,0.1,0,0.5,10,9.5,10,rrt_20260613_061100_487.png
20260613_061101_580,2026-06-13 06:11:01,False,10000,51,0.0,0,0.8,0.1,0,0.5,10,9.5,10,rrt_20260613_061101_580.png
20260613_061102_854,2026-06-13 06:11:02,False,10000,72,0.0,0,0.8,0.1,0,0.5,10,9.5,10,rrt_20260613_061102_854.png
20260613_061104_056,2026-06-13 06:11:04,False,10000,49,0.0,0,0.8,0.1,0,0.5,10,9.5,10,rrt_20260613_061104_056.png
20260613_061105_597,2026-06-13 06:11:05,False,10000,49,0.0,0,0.8,0.1,0,0.5,10,9.5,10,rrt_20260613_061105_597.png
20260613_061107_008,2026-06-13 06:11:07,False,10000,46,0.0,0,0.8,0.1,0,0.5,10,9.5,10,rrt_20260613_061107_008.png
20260613_061108_262,2026-06-13 06:11:08,False,10000,59,0.0,0,0.8,0.1,0,0.5,10,9.5,10,rrt_20260613_061108_262.png
20260613_061109_384,2026-06-13 06:11:09,False,10000,26,0.0,0,0.8,0.1,0,0.5,10,9.5,10,rrt_20260613_061109_384.png
20260613_061110_533,2026-06-13 06:11:10,False,10000,46,0.0,0,0.8,0.1,0,0.5,10,9.5,10,rrt_20260613_061110_533.png
20260613_061112_125,2026-06-13 06:11:12,False,10000,59,0.0,0,0.8,0.1,0,0.5,10,9.5,10,rrt_20260613_061112_125.png
20260613_061113_250,2026-06-13 06:11:13,False,10000,48,0.0,0,0.8,0.1,0,0.5,10,9.5,10,rrt_20260613_061113_250.png
20260613_061114_442,2026-06-13 06:11:14,False,10000,31,0.0,0,0.8,0.1,0,0.5,10,9.5,10,rrt_20260613_061114_442.png
20260613_061115_647,2026-06-13 06:11:15,False,10000,53,0.0,0,0.8,0.1,0,0.5,10,9.5,10,rrt_20260613_061115_647.png
20260613_061117_242,2026-06-13 06:11:17,False,10000,64,0.0,0,0.8,0.1,0,0.5,10,9.5,10,rrt_20260613_061117_242.png
20260613_061118_681,2026-06-13 06:11:18,False,10000,50,0.0,0,0.8,0.1,0,0.5,10,9.5,10,rrt_20260613_061118_681.png
20260613_061119_906,2026-06-13 06:11:19,False,10000,52,0.0,0,0.8,0.1,0,0.5,10,9.5,10,rrt_20260613_061119_906.png
20260613_061121_173,2026-06-13 06:11:21,False,10000,67,0.0,0,0.8,0.1,0,0.5,10,9.5,10,rrt_20260613_061121_173.png
20260613_061122_538,2026-06-13 06:11:22,False,10000,66,0.0,0,0.8,0.1,0,0.5,10,9.5,10,rrt_20260613_061122_538.png
20260613_061123_796,2026-06-13 06:11:23,False,10000,60,0.0,0,0.8,0.1,0,0.5,10,9.5,10,rrt_20260613_061123_796.png
20260613_061125_270,2026-06-13 06:11:25,False,10000,49,0.0,0,0.8,0.1,0,0.5,10,9.5,10,rrt_20260613_061125_270.png
20260613_061126_500,2026-06-13 06:11:26,False,10000,42,0.0,0,0.8,0.1,0,0.5,10,9.5,10,rrt_20260613_061126_500.png
20260613_061127_808,2026-06-13 06:11:27,False,10000,61,0.0,0,0.8,0.1,0,0.5,10,9.5,10,rrt_20260613_061127_808.png
20260613_061129_227,2026-06-13 06:11:29,False,10000,63,0.0,0,0.8,0.1,0,0.5,10,9.5,10,rrt_20260613_061129_227.png
20260613_061130_552,2026-06-13 06:11:30,False,10000,60,0.0,0,0.8,0.1,0,0.5,10,9.5,10,rrt_20260613_061130_552.png
20260613_061131_335,2026-06-13 06:11:31,True,5085,70,19.20000000000001,25,0.8,0.1,0,0.5,10,9.5,10,rrt_20260613_061131_335.png
20260613_061131_808,2026-06-13 06:11:31,True,3012,47,17.600000000000005,23,0.8,0.1,0,0.5,10,9.5,10,rrt_20260613_061131_808.png
20260613_061132_937,2026-06-13 06:11:32,False,10000,55,0.0,0,0.8,0.1,0,0.5,10,9.5,10,rrt_20260613_061132_937.png
20260613_061134_250,2026-06-13 06:11:34,False,10000,54,0.0,0,0.8,0.1,0,0.5,10,9.5,10,rrt_20260613_061134_250.png
20260613_061135_578,2026-06-13 06:11:35,False,10000,57,0.0,0,0.8,0.1,0,0.5,10,9.5,10,rrt_20260613_061135_578.png
20260613_061136_550,2026-06-13 06:11:36,False,10000,43,0.0,0,0.8,0.1,0,0.5,10,9.5,10,rrt_20260613_061136_550.png
20260613_061137_838,2026-06-13 06:11:37,False,10000,65,0.0,0,0.8,0.1,0,0.5,10,9.5,10,rrt_20260613_061137_838.png
20260613_061139_091,2026-06-13 06:11:39,False,10000,61,0.0,0,0.8,0.1,0,0.5,10,9.5,10,rrt_20260613_061139_091.png
20260613_061140_689,2026-06-13 06:11:40,False,10000,89,0.0,0,0.8,0.1,0,0.5,10,9.5,10,rrt_20260613_061140_689.png
20260613_061142_108,2026-06-13 06:11:42,False,10000,66,0.0,0,0.8,0.1,0,0.5,10,9.5,10,rrt_20260613_061142_108.png
20260613_061143_592,2026-06-13 06:11:43,False,10000,57,0.0,0,0.8,0.1,0,0.5,10,9.5,10,rrt_20260613_061143_592.png
20260613_061144_024,2026-06-13 06:11:44,True,1615,37,20.8,27,0.8,0.1,0,0.5,10,9.5,10,rrt_20260613_061144_024.png
20260613_061145_181,2026-06-13 06:11:45,False,10000,48,0.0,0,0.8,0.1,0,0.5,10,9.5,10,rrt_20260613_061145_181.png
20260613_061146_131,2026-06-13 06:11:46,True,6474,68,20.000000000000007,26,0.8,0.1,0,0.5,10,9.5,10,rrt_20260613_061146_131.png
20260613_061147_272,2026-06-13 06:11:47,False,10000,30,0.0,0,0.8,0.1,0,0.5,10,9.5,10,rrt_20260613_061147_272.png
20260613_061148_766,2026-06-13 06:11:48,False,10000,56,0.0,0,0.8,0.1,0,0.5,10,9.5,10,rrt_20260613_061148_766.png
20260613_061150_526,2026-06-13 06:11:50,False,10000,91,0.0,0,0.8,0.1,0,0.5,10,9.5,10,rrt_20260613_061150_526.png
20260613_061151_583,2026-06-13 06:11:51,False,10000,41,0.0,0,0.8,0.1,0,0.5,10,9.5,10,rrt_20260613_061151_583.png
20260613_061153_083,2026-06-13 06:11:53,False,10000,51,0.0,0,0.8,0.1,0,0.5,10,9.5,10,rrt_20260613_061153_083.png
20260613_061153_748,2026-06-13 06:11:53,True,4788,52,18.399999999999995,24,0.8,0.1,0,0.5,10,9.5,10,rrt_20260613_061153_748.png
20260613_061155_128,2026-06-13 06:11:55,False,10000,61,0.0,0,0.8,0.1,0,0.5,10,9.5,10,rrt_20260613_061155_128.png
20260613_061156_399,2026-06-13 06:11:56,False,10000,56,0.0,0,0.8,0.1,0,0.5,10,9.5,10,rrt_20260613_061156_399.png
20260613_061157_494,2026-06-13 06:11:57,False,10000,42,0.0,0,0.8,0.1,0,0.5,10,9.5,10,rrt_20260613_061157_494.png
20260613_061158_563,2026-06-13 06:11:58,True,6428,59,18.400000000000006,24,0.8,0.1,0,0.5,10,9.5,10,rrt_20260613_061158_563.png
20260613_061159_831,2026-06-13 06:11:59,False,10000,51,0.0,0,0.8,0.2,0,0.5,10,9.5,10,rrt_20260613_061159_831.png
20260613_061201_112,2026-06-13 06:12:01,False,10000,38,0.0,0,0.8,0.2,0,0.5,10,9.5,10,rrt_20260613_061201_112.png
20260613_061202_187,2026-06-13 06:12:02,False,10000,29,0.0,0,0.8,0.2,0,0.5,10,9.5,10,rrt_20260613_061202_187.png
20260613_061203_083,2026-06-13 06:12:03,False,10000,23,0.0,0,0.8,0.2,0,0.5,10,9.5,10,rrt_20260613_061203_083.png
20260613_061204_217,2026-06-13 06:12:04,False,10000,50,0.0,0,0.8,0.2,0,0.5,10,9.5,10,rrt_20260613_061204_217.png
20260613_061205_468,2026-06-13 06:12:05,False,10000,41,0.0,0,0.8,0.2,0,0.5,10,9.5,10,rrt_20260613_061205_468.png
20260613_061207_027,2026-06-13 06:12:07,False,10000,51,0.0,0,0.8,0.2,0,0.5,10,9.5,10,rrt_20260613_061207_027.png
20260613_061208_311,2026-06-13 06:12:08,False,10000,56,0.0,0,0.8,0.2,0,0.5,10,9.5,10,rrt_20260613_061208_311.png
20260613_061208_723,2026-06-13 06:12:08,True,668,46,17.60000000000001,23,0.8,0.2,0,0.5,10,9.5,10,rrt_20260613_061208_723.png
20260613_061209_974,2026-06-13 06:12:09,False,10000,60,0.0,0,0.8,0.2,0,0.5,10,9.5,10,rrt_20260613_061209_974.png
20260613_061211_261,2026-06-13 06:12:11,False,10000,61,0.0,0,0.8,0.2,0,0.5,10,9.5,10,rrt_20260613_061211_261.png
20260613_061212_633,2026-06-13 06:12:12,False,10000,66,0.0,0,0.8,0.2,0,0.5,10,9.5,10,rrt_20260613_061212_633.png
20260613_061213_452,2026-06-13 06:12:13,True,5074,69,18.40000000000001,24,0.8,0.2,0,0.5,10,9.5,10,rrt_20260613_061213_452.png
20260613_061214_673,2026-06-13 06:12:14,False,10000,55,0.0,0,0.8,0.2,0,0.5,10,9.5,10,rrt_20260613_061214_673.png
20260613_061216_093,2026-06-13 06:12:16,False,10000,63,0.0,0,0.8,0.2,0,0.5,10,9.5,10,rrt_20260613_061216_093.png
20260613_061217_479,2026-06-13 06:12:17,False,10000,50,0.0,0,0.8,0.2,0,0.5,10,9.5,10,rrt_20260613_061217_479.png
20260613_061218_616,2026-06-13 06:12:18,False,10000,45,0.0,0,0.8,0.2,0,0.5,10,9.5,10,rrt_20260613_061218_616.png
20260613_061219_660,2026-06-13 06:12:19,False,10000,22,0.0,0,0.8,0.2,0,0.5,10,9.5,10,rrt_20260613_061219_660.png
20260613_061221_156,2026-06-13 06:12:21,False,10000,87,0.0,0,0.8,0.2,0,0.5,10,9.5,10,rrt_20260613_061221_156.png
20260613_061222_663,2026-06-13 06:12:22,False,10000,56,0.0,0,0.8,0.2,0,0.5,10,9.5,10,rrt_20260613_061222_663.png
20260613_061223_932,2026-06-13 06:12:23,False,10000,57,0.0,0,0.8,0.2,0,0.5,10,9.5,10,rrt_20260613_061223_932.png
20260613_061225_201,2026-06-13 06:12:25,False,10000,53,0.0,0,0.8,0.2,0,0.5,10,9.5,10,rrt_20260613_061225_201.png
20260613_061225_779,2026-06-13 06:12:25,True,2543,62,17.6,23,0.8,0.2,0,0.5,10,9.5,10,rrt_20260613_061225_779.png
20260613_061227_007,2026-06-13 06:12:27,False,10000,53,0.0,0,0.8,0.2,0,0.5,10,9.5,10,rrt_20260613_061227_007.png
20260613_061227_794,2026-06-13 06:12:27,False,10000,29,0.0,0,0.8,0.2,0,0.5,10,9.5,10,rrt_20260613_061227_794.png
20260613_061228_806,2026-06-13 06:12:28,False,10000,38,0.0,0,0.8,0.2,0,0.5,10,9.5,10,rrt_20260613_061228_806.png
20260613_061230_336,2026-06-13 06:12:30,False,10000,62,0.0,0,0.8,0.2,0,0.5,10,9.5,10,rrt_20260613_061230_336.png
20260613_061231_920,2026-06-13 06:12:31,False,10000,90,0.0,0,0.8,0.2,0,0.5,10,9.5,10,rrt_20260613_061231_920.png
20260613_061233_506,2026-06-13 06:12:33,False,10000,84,0.0,0,0.8,0.2,0,0.5,10,9.5,10,rrt_20260613_061233_506.png
20260613_061234_933,2026-06-13 06:12:34,False,10000,68,0.0,0,0.8,0.2,0,0.5,10,9.5,10,rrt_20260613_061234_933.png
20260613_061235_410,2026-06-13 06:12:35,True,1596,64,18.400000000000002,24,0.8,0.2,0,0.5,10,9.5,10,rrt_20260613_061235_410.png
20260613_061237_032,2026-06-13 06:12:37,False,10000,58,0.0,0,0.8,0.2,0,0.5,10,9.5,10,rrt_20260613_061237_032.png
20260613_061238_472,2026-06-13 06:12:38,False,10000,69,0.0,0,0.8,0.2,0,0.5,10,9.5,10,rrt_20260613_061238_472.png
20260613_061239_910,2026-06-13 06:12:39,False,10000,65,0.0,0,0.8,0.2,0,0.5,10,9.5,10,rrt_20260613_061239_910.png
20260613_061241_067,2026-06-13 06:12:41,False,10000,34,0.0,0,0.8,0.2,0,0.5,10,9.5,10,rrt_20260613_061241_067.png
20260613_061241_568,2026-06-13 06:12:41,True,1893,52,18.400000000000002,24,0.8,0.2,0,0.5,10,9.5,10,rrt_20260613_061241_568.png
20260613_061242_797,2026-06-13 06:12:42,False,10000,63,0.0,0,0.8,0.2,0,0.5,10,9.5,10,rrt_20260613_061242_797.png
20260613_061243_937,2026-06-13 06:12:43,False,10000,29,0.0,0,0.8,0.2,0,0.5,10,9.5,10,rrt_20260613_061243_937.png
20260613_061245_148,2026-06-13 06:12:45,False,10000,48,0.0,0,0.8,0.2,0,0.5,10,9.5,10,rrt_20260613_061245_148.png
20260613_061246_537,2026-06-13 06:12:46,False,10000,53,0.0,0,0.8,0.2,0,0.5,10,9.5,10,rrt_20260613_061246_537.png
20260613_061248_187,2026-06-13 06:12:48,False,10000,71,0.0,0,0.8,0.2,0,0.5,10,9.5,10,rrt_20260613_061248_187.png
20260613_061248_701,2026-06-13 06:12:48,True,930,43,18.400000000000006,24,0.8,0.2,0,0.5,10,9.5,10,rrt_20260613_061248_701.png
20260613_061248_953,2026-06-13 06:12:48,True,670,44,20.800000000000008,27,0.8,0.2,0,0.5,10,9.5,10,rrt_20260613_061248_953.png
20260613_061250_182,2026-06-13 06:12:50,False,10000,60,0.0,0,0.8,0.2,0,0.5,10,9.5,10,rrt_20260613_061250_182.png
20260613_061251_556,2026-06-13 06:12:51,False,10000,61,0.0,0,0.8,0.2,0,0.5,10,9.5,10,rrt_20260613_061251_556.png
20260613_061252_857,2026-06-13 06:12:52,False,10000,58,0.0,0,0.8,0.2,0,0.5,10,9.5,10,rrt_20260613_061252_857.png
20260613_061254_137,2026-06-13 06:12:54,False,10000,54,0.0,0,0.8,0.2,0,0.5,10,9.5,10,rrt_20260613_061254_137.png
20260613_061254_983,2026-06-13 06:12:54,False,10000,22,0.0,0,0.8,0.2,0,0.5,10,9.5,10,rrt_20260613_061254_983.png
20260613_061256_259,2026-06-13 06:12:56,False,10000,59,0.0,0,0.8,0.2,0,0.5,10,9.5,10,rrt_20260613_061256_259.png
20260613_061257_814,2026-06-13 06:12:57,False,10000,82,0.0,0,0.8,0.2,0,0.5,10,9.5,10,rrt_20260613_061257_814.png
20260613_061259_404,2026-06-13 06:12:59,False,10000,62,0.0,0,0.8,0.2,0,0.5,10,9.5,10,rrt_20260613_061259_404.png
20260613_061301_125,2026-06-13 06:13:01,False,10000,93,0.0,0,0.8,0.2,0,0.5,10,9.5,10,rrt_20260613_061301_125.png
20260613_061302_465,2026-06-13 06:13:02,False,10000,58,0.0,0,0.8,0.2,0,0.5,10,9.5,10,rrt_20260613_061302_465.png
20260613_061303_235,2026-06-13 06:13:03,True,4361,81,18.400000000000002,24,0.8,0.2,0,0.5,10,9.5,10,rrt_20260613_061303_235.png
20260613_061304_401,2026-06-13 06:13:04,False,10000,61,0.0,0,0.8,0.2,0,0.5,10,9.5,10,rrt_20260613_061304_401.png
20260613_061305_960,2026-06-13 06:13:05,False,10000,71,0.0,0,0.8,0.2,0,0.5,10,9.5,10,rrt_20260613_061305_960.png
20260613_061307_266,2026-06-13 06:13:07,False,10000,43,0.0,0,0.8,0.2,0,0.5,10,9.5,10,rrt_20260613_061307_266.png
20260613_061308_654,2026-06-13 06:13:08,False,10000,65,0.0,0,0.8,0.2,0,0.5,10,9.5,10,rrt_20260613_061308_654.png
20260613_061310_123,2026-06-13 06:13:10,False,10000,69,0.0,0,0.8,0.2,0,0.5,10,9.5,10,rrt_20260613_061310_123.png
20260613_061311_392,2026-06-13 06:13:11,False,10000,54,0.0,0,0.8,0.2,0,0.5,10,9.5,10,rrt_20260613_061311_392.png
20260613_061311_838,2026-06-13 06:13:11,True,1253,50,20.000000000000004,26,0.8,0.2,0,0.5,10,9.5,10,rrt_20260613_061311_838.png
20260613_061312_745,2026-06-13 06:13:12,True,8252,64,17.6,23,0.8,0.2,0,0.5,10,9.5,10,rrt_20260613_061312_745.png
20260613_061313_888,2026-06-13 06:13:13,False,10000,47,0.0,0,0.8,0.2,0,0.5,10,9.5,10,rrt_20260613_061313_888.png
20260613_061315_458,2026-06-13 06:13:15,False,10000,59,0.0,0,0.8,0.2,0,0.5,10,9.5,10,rrt_20260613_061315_458.png
20260613_061316_714,2026-06-13 06:13:16,False,10000,56,0.0,0,0.8,0.2,0,0.5,10,9.5,10,rrt_20260613_061316_714.png
20260613_061317_996,2026-06-13 06:13:17,False,10000,60,0.0,0,0.8,0.2,0,0.5,10,9.5,10,rrt_20260613_061317_996.png
20260613_061319_284,2026-06-13 06:13:19,False,10000,57,0.0,0,0.8,0.2,0,0.5,10,9.5,10,rrt_20260613_061319_284.png
20260613_061320_160,2026-06-13 06:13:20,True,4433,63,20.00000000000001,26,0.8,0.2,0,0.5,10,9.5,10,rrt_20260613_061320_160.png
20260613_061321_261,2026-06-13 06:13:21,False,10000,45,0.0,0,0.8,0.2,0,0.5,10,9.5,10,rrt_20260613_061321_261.png
20260613_061321_820,2026-06-13 06:13:21,True,1968,67,17.600000000000005,23,0.8,0.2,0,0.5,10,9.5,10,rrt_20260613_061321_820.png
20260613_061322_237,2026-06-13 06:13:22,True,2210,55,18.4,24,0.8,0.2,0,0.5,10,9.5,10,rrt_20260613_061322_237.png
20260613_061323_957,2026-06-13 06:13:23,False,10000,79,0.0,0,0.8,0.2,0,0.5,10,9.5,10,rrt_20260613_061323_957.png
20260613_061325_438,2026-06-13 06:13:25,False,10000,62,0.0,0,0.8,0.2,0,0.5,10,9.5,10,rrt_20260613_061325_438.png
20260613_061325_816,2026-06-13 06:13:25,True,292,35,16.0,21,0.8,0.2,0,0.5,10,9.5,10,rrt_20260613_061325_816.png
20260613_061327_343,2026-06-13 06:13:27,False,10000,62,0.0,0,0.8,0.2,0,0.5,10,9.5,10,rrt_20260613_061327_343.png
20260613_061328_758,2026-06-13 06:13:28,False,10000,71,0.0,0,0.8,0.2,0,0.5,10,9.5,10,rrt_20260613_061328_758.png
20260613_061330_027,2026-06-13 06:13:30,False,10000,29,0.0,0,0.8,0.2,0,0.5,10,9.5,10,rrt_20260613_061330_027.png
20260613_061331_722,2026-06-13 06:13:31,False,10000,66,0.0,0,0.8,0.2,0,0.5,10,9.5,10,rrt_20260613_061331_722.png
20260613_061332_197,2026-06-13 06:13:32,True,1466,56,18.400000000000002,24,0.8,0.2,0,0.5,10,9.5,10,rrt_20260613_061332_197.png
20260613_061333_525,2026-06-13 06:13:33,False,10000,78,0.0,0,0.8,0.2,0,0.5,10,9.5,10,rrt_20260613_061333_525.png
20260613_061334_931,2026-06-13 06:13:34,False,10000,67,0.0,0,0.8,0.2,0,0.5,10,9.5,10,rrt_20260613_061334_931.png
20260613_061336_346,2026-06-13 06:13:36,False,10000,69,0.0,0,0.8,0.2,0,0.5,10,9.5,10,rrt_20260613_061336_346.png
20260613_061337_222,2026-06-13 06:13:37,True,4826,64,19.20000000000001,25,0.8,0.2,0,0.5,10,9.5,10,rrt_20260613_061337_222.png
20260613_061337_532,2026-06-13 06:13:37,True,730,56,15.999999999999996,21,0.8,0.2,0,0.5,10,9.5,10,rrt_20260613_061337_532.png
20260613_061337_847,2026-06-13 06:13:37,True,1145,49,18.400000000000006,24,0.8,0.2,0,0.5,10,9.5,10,rrt_20260613_061337_847.png
20260613_061338_859,2026-06-13 06:13:38,False,10000,20,0.0,0,0.8,0.2,0,0.5,10,9.5,10,rrt_20260613_061338_859.png
20260613_061339_312,2026-06-13 06:13:39,True,3159,37,19.200000000000006,25,0.8,0.2,0,0.5,10,9.5,10,rrt_20260613_061339_312.png
20260613_061340_951,2026-06-13 06:13:40,False,10000,89,0.0,0,0.8,0.2,0,0.5,10,9.5,10,rrt_20260613_061340_951.png
20260613_061342_438,2026-06-13 06:13:42,False,10000,45,0.0,0,0.8,0.2,0,0.5,10,9.5,10,rrt_20260613_061342_438.png
20260613_061343_938,2026-06-13 06:13:43,False,10000,59,0.0,0,0.8,0.2,0,0.5,10,9.5,10,rrt_20260613_061343_938.png
20260613_061345_159,2026-06-13 06:13:45,False,10000,46,0.0,0,0.8,0.2,0,0.5,10,9.5,10,rrt_20260613_061345_159.png
20260613_061346_312,2026-06-13 06:13:46,False,10000,44,0.0,0,0.8,0.2,0,0.5,10,9.5,10,rrt_20260613_061346_312.png
20260613_061346_778,2026-06-13 06:13:46,True,1407,55,17.6,23,0.8,0.2,0,0.5,10,9.5,10,rrt_20260613_061346_778.png
20260613_061347_943,2026-06-13 06:13:47,False,10000,58,0.0,0,0.8,0.2,0,0.5,10,9.5,10,rrt_20260613_061347_943.png
20260613_061348_838,2026-06-13 06:13:48,True,4947,66,19.200000000000006,25,0.8,0.2,0,0.5,10,9.5,10,rrt_20260613_061348_838.png
20260613_061349_805,2026-06-13 06:13:49,False,10000,25,0.0,0,0.8,0.2,0,0.5,10,9.5,10,rrt_20260613_061349_805.png
20260613_061351_145,2026-06-13 06:13:51,False,10000,64,0.0,0,0.8,0.2,0,0.5,10,9.5,10,rrt_20260613_061351_145.png
20260613_061352_262,2026-06-13 06:13:52,False,10000,30,0.0,0,0.8,0.2,0,0.5,10,9.5,10,rrt_20260613_061352_262.png
20260613_061353_604,2026-06-13 06:13:53,False,10000,59,0.0,0,0.8,0.2,0,0.5,10,9.5,10,rrt_20260613_061353_604.png
20260613_061355_162,2026-06-13 06:13:55,False,10000,62,0.0,0,0.8,0.2,0,0.5,10,9.5,10,rrt_20260613_061355_162.png
20260613_061355_806,2026-06-13 06:13:55,True,2651,64,18.400000000000006,24,0.8,0.3,0,0.5,10,9.5,10,rrt_20260613_061355_806.png
20260613_061356_303,2026-06-13 06:13:56,True,2632,85,18.400000000000006,24,0.8,0.3,0,0.5,10,9.5,10,rrt_20260613_061356_303.png
20260613_061357_823,2026-06-13 06:13:57,False,10000,59,0.0,0,0.8,0.3,0,0.5,10,9.5,10,rrt_20260613_061357_823.png
20260613_061358_295,2026-06-13 06:13:58,True,342,32,19.20000000000001,25,0.8,0.3,0,0.5,10,9.5,10,rrt_20260613_061358_295.png
20260613_061359_488,2026-06-13 06:13:59,False,10000,64,0.0,0,0.8,0.3,0,0.5,10,9.5,10,rrt_20260613_061359_488.png
20260613_061400_742,2026-06-13 06:14:00,False,10000,53,0.0,0,0.8,0.3,0,0.5,10,9.5,10,rrt_20260613_061400_742.png
20260613_061402_063,2026-06-13 06:14:02,False,10000,55,0.0,0,0.8,0.3,0,0.5,10,9.5,10,rrt_20260613_061402_063.png
20260613_061403_624,2026-06-13 06:14:03,False,10000,55,0.0,0,0.8,0.3,0,0.5,10,9.5,10,rrt_20260613_061403_624.png
20260613_061405_217,2026-06-13 06:14:05,False,10000,61,0.0,0,0.8,0.3,0,0.5,10,9.5,10,rrt_20260613_061405_217.png
20260613_061406_778,2026-06-13 06:14:06,False,10000,61,0.0,0,0.8,0.3,0,0.5,10,9.5,10,rrt_20260613_061406_778.png
20260613_061407_935,2026-06-13 06:14:07,False,10000,30,0.0,0,0.8,0.3,0,0.5,10,9.5,10,rrt_20260613_061407_935.png
20260613_061409_480,2026-06-13 06:14:09,False,10000,61,0.0,0,0.8,0.3,0,0.5,10,9.5,10,rrt_20260613_061409_480.png
20260613_061410_896,2026-06-13 06:14:10,False,10000,59,0.0,0,0.8,0.3,0,0.5,10,9.5,10,rrt_20260613_061410_896.png
20260613_061412_490,2026-06-13 06:14:12,False,10000,55,0.0,0,0.8,0.3,0,0.5,10,9.5,10,rrt_20260613_061412_490.png
20260613_061413_873,2026-06-13 06:14:13,False,10000,59,0.0,0,0.8,0.3,0,0.5,10,9.5,10,rrt_20260613_061413_873.png
20260613_061415_302,2026-06-13 06:14:15,False,10000,59,0.0,0,0.8,0.3,0,0.5,10,9.5,10,rrt_20260613_061415_302.png
20260613_061417_037,2026-06-13 06:14:17,False,10000,71,0.0,0,0.8,0.3,0,0.5,10,9.5,10,rrt_20260613_061417_037.png
20260613_061418_469,2026-06-13 06:14:18,False,10000,63,0.0,0,0.8,0.3,0,0.5,10,9.5,10,rrt_20260613_061418_469.png
20260613_061419_861,2026-06-13 06:14:19,False,10000,60,0.0,0,0.8,0.3,0,0.5,10,9.5,10,rrt_20260613_061419_861.png
20260613_061421_475,2026-06-13 06:14:21,False,10000,55,0.0,0,0.8,0.3,0,0.5,10,9.5,10,rrt_20260613_061421_475.png
20260613_061423_018,2026-06-13 06:14:23,False,10000,54,0.0,0,0.8,0.3,0,0.5,10,9.5,10,rrt_20260613_061423_018.png
20260613_061423_986,2026-06-13 06:14:23,False,10000,29,0.0,0,0.8,0.3,0,0.5,10,9.5,10,rrt_20260613_061423_986.png
20260613_061424_409,2026-06-13 06:14:24,True,1207,59,16.0,21,0.8,0.3,0,0.5,10,9.5,10,rrt_20260613_061424_409.png
20260613_061425_828,2026-06-13 06:14:25,False,10000,45,0.0,0,0.8,0.3,0,0.5,10,9.5,10,rrt_20260613_061425_828.png
20260613_061426_414,2026-06-13 06:14:26,True,1641,85,18.400000000000006,24,0.8,0.3,0,0.5,10,9.5,10,rrt_20260613_061426_414.png
20260613_061427_835,2026-06-13 06:14:27,False,10000,51,0.0,0,0.8,0.3,0,0.5,10,9.5,10,rrt_20260613_061427_835.png
20260613_061429_355,2026-06-13 06:14:29,False,10000,66,0.0,0,0.8,0.3,0,0.5,10,9.5,10,rrt_20260613_061429_355.png
20260613_061430_931,2026-06-13 06:14:30,False,10000,81,0.0,0,0.8,0.3,0,0.5,10,9.5,10,rrt_20260613_061430_931.png
20260613_061432_360,2026-06-13 06:14:32,False,10000,58,0.0,0,0.8,0.3,0,0.5,10,9.5,10,rrt_20260613_061432_360.png
20260613_061433_908,2026-06-13 06:14:33,False,10000,68,0.0,0,0.8,0.3,0,0.5,10,9.5,10,rrt_20260613_061433_908.png
20260613_061434_976,2026-06-13 06:14:34,False,10000,25,0.0,0,0.8,0.3,0,0.5,10,9.5,10,rrt_20260613_061434_976.png
20260613_061436_312,2026-06-13 06:14:36,False,10000,59,0.0,0,0.8,0.3,0,0.5,10,9.5,10,rrt_20260613_061436_312.png
20260613_061437_745,2026-06-13 06:14:37,False,10000,62,0.0,0,0.8,0.3,0,0.5,10,9.5,10,rrt_20260613_061437_745.png
20260613_061439_061,2026-06-13 06:14:39,False,10000,50,0.0,0,0.8,0.3,0,0.5,10,9.5,10,rrt_20260613_061439_061.png
20260613_061440_300,2026-06-13 06:14:40,False,10000,48,0.0,0,0.8,0.3,0,0.5,10,9.5,10,rrt_20260613_061440_300.png
20260613_061441_753,2026-06-13 06:14:41,False,10000,50,0.0,0,0.8,0.3,0,0.5,10,9.5,10,rrt_20260613_061441_753.png
20260613_061442_378,2026-06-13 06:14:42,True,2352,59,20.000000000000007,26,0.8,0.3,0,0.5,10,9.5,10,rrt_20260613_061442_378.png
20260613_061442_763,2026-06-13 06:14:42,True,2008,56,18.400000000000006,24,0.8,0.3,0,0.5,10,9.5,10,rrt_20260613_061442_763.png
20260613_061444_269,2026-06-13 06:14:44,False,10000,72,0.0,0,0.8,0.3,0,0.5,10,9.5,10,rrt_20260613_061444_269.png
20260613_061445_133,2026-06-13 06:14:45,False,10000,25,0.0,0,0.8,0.3,0,0.5,10,9.5,10,rrt_20260613_061445_133.png
20260613_061446_568,2026-06-13 06:14:46,False,10000,64,0.0,0,0.8,0.3,0,0.5,10,9.5,10,rrt_20260613_061446_568.png
20260613_061448_025,2026-06-13 06:14:48,False,10000,71,0.0,0,0.8,0.3,0,0.5,10,9.5,10,rrt_20260613_061448_025.png
20260613_061448_467,2026-06-13 06:14:48,True,359,32,16.8,22,0.8,0.3,0,0.5,10,9.5,10,rrt_20260613_061448_467.png
20260613_061449_905,2026-06-13 06:14:49,False,10000,62,0.0,0,0.8,0.3,0,0.5,10,9.5,10,rrt_20260613_061449_905.png
20260613_061451_330,2026-06-13 06:14:51,False,10000,65,0.0,0,0.8,0.3,0,0.5,10,9.5,10,rrt_20260613_061451_330.png
20260613_061452_039,2026-06-13 06:14:52,True,3282,67,20.800000000000008,27,0.8,0.3,0,0.5,10,9.5,10,rrt_20260613_061452_039.png
20260613_061453_556,2026-06-13 06:14:53,False,10000,64,0.0,0,0.8,0.3,0,0.5,10,9.5,10,rrt_20260613_061453_556.png
20260613_061454_156,2026-06-13 06:14:54,True,2119,64,21.600000000000005,28,0.8,0.3,0,0.5,10,9.5,10,rrt_20260613_061454_156.png
20260613_061455_368,2026-06-13 06:14:55,False,10000,60,0.0,0,0.8,0.3,0,0.5,10,9.5,10,rrt_20260613_061455_368.png
20260613_061456_558,2026-06-13 06:14:56,False,10000,44,0.0,0,0.8,0.3,0,0.5,10,9.5,10,rrt_20260613_061456_558.png
20260613_061456_982,2026-06-13 06:14:56,True,846,47,16.800000000000004,22,0.8,0.3,0,0.5,10,9.5,10,rrt_20260613_061456_982.png
20260613_061457_921,2026-06-13 06:14:57,False,10000,27,0.0,0,0.8,0.3,0,0.5,10,9.5,10,rrt_20260613_061457_921.png
20260613_061458_447,2026-06-13 06:14:58,True,1935,65,18.400000000000006,24,0.8,0.3,0,0.5,10,9.5,10,rrt_20260613_061458_447.png
20260613_061459_805,2026-06-13 06:14:59,False,10000,50,0.0,0,0.8,0.3,0,0.5,10,9.5,10,rrt_20260613_061459_805.png
20260613_061501_066,2026-06-13 06:15:01,False,10000,49,0.0,0,0.8,0.3,0,0.5,10,9.5,10,rrt_20260613_061501_066.png
20260613_061502_333,2026-06-13 06:15:02,False,10000,48,0.0,0,0.8,0.3,0,0.5,10,9.5,10,rrt_20260613_061502_333.png
20260613_061503_735,2026-06-13 06:15:03,False,10000,58,0.0,0,0.8,0.3,0,0.5,10,9.5,10,rrt_20260613_061503_735.png
20260613_061505_137,2026-06-13 06:15:05,False,10000,61,0.0,0,0.8,0.3,0,0.5,10,9.5,10,rrt_20260613_061505_137.png
20260613_061506_310,2026-06-13 06:15:06,False,10000,29,0.0,0,0.8,0.3,0,0.5,10,9.5,10,rrt_20260613_061506_310.png
20260613_061506_781,2026-06-13 06:15:06,True,1442,54,19.20000000000001,25,0.8,0.3,0,0.5,10,9.5,10,rrt_20260613_061506_781.png
20260613_061508_197,2026-06-13 06:15:08,False,10000,57,0.0,0,0.8,0.3,0,0.5,10,9.5,10,rrt_20260613_061508_197.png
20260613_061508_775,2026-06-13 06:15:08,True,1869,75,18.400000000000002,24,0.8,0.3,0,0.5,10,9.5,10,rrt_20260613_061508_775.png
20260613_061509_028,2026-06-13 06:15:09,True,93,26,16.800000000000004,22,0.8,0.3,0,0.5,10,9.5,10,rrt_20260613_061509_028.png
20260613_061510_917,2026-06-13 06:15:10,False,10000,59,0.0,0,0.8,0.3,0,0.5,10,9.5,10,rrt_20260613_061510_917.png
20260613_061512_578,2026-06-13 06:15:12,False,10000,49,0.0,0,0.8,0.3,0,0.5,10,9.5,10,rrt_20260613_061512_578.png
20260613_061513_037,2026-06-13 06:15:13,True,179,28,16.8,22,0.8,0.3,0,0.5,10,9.5,10,rrt_20260613_061513_037.png
20260613_061514_475,2026-06-13 06:15:14,False,10000,60,0.0,0,0.8,0.3,0,0.5,10,9.5,10,rrt_20260613_061514_475.png
20260613_061514_947,2026-06-13 06:15:14,True,291,33,16.000000000000007,21,0.8,0.3,0,0.5,10,9.5,10,rrt_20260613_061514_947.png
20260613_061516_852,2026-06-13 06:15:16,False,10000,56,0.0,0,0.8,0.3,0,0.5,10,9.5,10,rrt_20260613_061516_852.png
20260613_061517_364,2026-06-13 06:15:17,True,1007,67,21.60000000000001,28,0.8,0.3,0,0.5,10,9.5,10,rrt_20260613_061517_364.png
20260613_061517_750,2026-06-13 06:15:17,True,1772,55,18.400000000000006,24,0.8,0.3,0,0.5,10,9.5,10,rrt_20260613_061517_750.png
20260613_061519_134,2026-06-13 06:15:19,False,10000,51,0.0,0,0.8,0.3,0,0.5,10,9.5,10,rrt_20260613_061519_134.png
20260613_061520_669,2026-06-13 06:15:20,False,10000,57,0.0,0,0.8,0.3,0,0.5,10,9.5,10,rrt_20260613_061520_669.png
20260613_061521_172,2026-06-13 06:15:21,True,732,48,17.600000000000005,23,0.8,0.3,0,0.5,10,9.5,10,rrt_20260613_061521_172.png
20260613_061522_617,2026-06-13 06:15:22,False,10000,53,0.0,0,0.8,0.3,0,0.5,10,9.5,10,rrt_20260613_061522_617.png
20260613_061524_426,2026-06-13 06:15:24,False,10000,60,0.0,0,0.8,0.3,0,0.5,10,9.5,10,rrt_20260613_061524_426.png
20260613_061527_536,2026-06-13 06:15:27,False,10000,89,0.0,0,0.8,0.3,0,0.5,10,9.5,10,rrt_20260613_061527_536.png
20260613_061530_699,2026-06-13 06:15:30,False,10000,75,0.0,0,0.8,0.3,0,0.5,10,9.5,10,rrt_20260613_061530_699.png
20260613_061533_447,2026-06-13 06:15:33,False,10000,58,0.0,0,0.8,0.3,0,0.5,10,9.5,10,rrt_20260613_061533_447.png
20260613_061534_303,2026-06-13 06:15:34,True,2274,60,20.000000000000004,26,0.8,0.3,0,0.5,10,9.5,10,rrt_20260613_061534_303.png
20260613_061536_443,2026-06-13 06:15:36,False,10000,63,0.0,0,0.8,0.3,0,0.5,10,9.5,10,rrt_20260613_061536_443.png
20260613_063108_963,2026-06-13 06:31:08,False,10000,49,0.0,0,0.8,0.3,0,0.5,10,9.5,10,rrt_20260613_063108_963.png
20260613_063111_089,2026-06-13 06:31:11,False,10000,29,0.0,0,0.8,0.3,0,0.5,10,9.5,10,rrt_20260613_063111_089.png
20260613_063112_890,2026-06-13 06:31:12,False,10000,60,0.0,0,0.8,0.3,0,0.5,10,9.5,10,rrt_20260613_063112_890.png
20260613_063114_304,2026-06-13 06:31:14,False,10000,59,0.0,0,0.8,0.3,0,0.5,10,9.5,10,rrt_20260613_063114_304.png
20260613_063114_939,2026-06-13 06:31:14,True,2291,63,19.200000000000006,25,0.8,0.3,0,0.5,10,9.5,10,rrt_20260613_063114_939.png
20260613_063115_282,2026-06-13 06:31:15,True,631,42,16.8,22,0.8,0.3,0,0.5,10,9.5,10,rrt_20260613_063115_282.png
20260613_063116_471,2026-06-13 06:31:16,False,10000,47,0.0,0,0.8,0.3,0,0.5,10,9.5,10,rrt_20260613_063116_471.png
20260613_063118_361,2026-06-13 06:31:18,False,10000,64,0.0,0,0.8,0.3,0,0.5,10,9.5,10,rrt_20260613_063118_361.png
20260613_063119_788,2026-06-13 06:31:19,False,10000,40,0.0,0,0.8,0.3,0,0.5,10,9.5,10,rrt_20260613_063119_788.png
20260613_063120_573,2026-06-13 06:31:20,True,4056,54,19.200000000000003,25,0.8,0.3,0,0.5,10,9.5,10,rrt_20260613_063120_573.png
20260613_063121_893,2026-06-13 06:31:21,False,10000,61,0.0,0,0.8,0.3,0,0.5,10,9.5,10,rrt_20260613_063121_893.png
20260613_063123_470,2026-06-13 06:31:23,False,10000,55,0.0,0,0.8,0.3,0,0.5,10,9.5,10,rrt_20260613_063123_470.png
20260613_063124_821,2026-06-13 06:31:24,False,10000,65,0.0,0,0.8,0.3,0,0.5,10,9.5,10,rrt_20260613_063124_821.png
20260613_063126_203,2026-06-13 06:31:26,False,10000,61,0.0,0,0.8,0.3,0,0.5,10,9.5,10,rrt_20260613_063126_203.png
20260613_063127_438,2026-06-13 06:31:27,False,10000,53,0.0,0,0.8,0.3,0,0.5,10,9.5,10,rrt_20260613_063127_438.png
20260613_063128_544,2026-06-13 06:31:28,False,10000,29,0.0,0,0.8,0.3,0,0.5,10,9.5,10,rrt_20260613_063128_544.png
20260613_063129_209,2026-06-13 06:31:29,True,2189,58,20.000000000000007,26,0.8,0.3,0,0.5,10,9.5,10,rrt_20260613_063129_209.png
20260613_063130_085,2026-06-13 06:31:30,False,10000,22,0.0,0,0.8,0.3,0,0.5,10,9.5,10,rrt_20260613_063130_085.png
20260613_063131_235,2026-06-13 06:31:31,False,10000,24,0.0,0,0.8,0.3,0,0.5,10,9.5,10,rrt_20260613_063131_235.png
20260613_063132_608,2026-06-13 06:31:32,False,10000,60,0.0,0,0.8,0.4,0,0.5,10,9.5,10,rrt_20260613_063132_608.png
20260613_063133_967,2026-06-13 06:31:33,False,10000,55,0.0,0,0.8,0.4,0,0.5,10,9.5,10,rrt_20260613_063133_967.png
20260613_063135_637,2026-06-13 06:31:35,False,10000,67,0.0,0,0.8,0.4,0,0.5,10,9.5,10,rrt_20260613_063135_637.png
20260613_063136_367,2026-06-13 06:31:36,True,3303,59,18.400000000000006,24,0.8,0.4,0,0.5,10,9.5,10,rrt_20260613_063136_367.png
20260613_063137_669,2026-06-13 06:31:37,False,10000,66,0.0,0,0.8,0.4,0,0.5,10,9.5,10,rrt_20260613_063137_669.png
20260613_063139_185,2026-06-13 06:31:39,False,10000,65,0.0,0,0.8,0.4,0,0.5,10,9.5,10,rrt_20260613_063139_185.png
20260613_063140_607,2026-06-13 06:31:40,False,10000,65,0.0,0,0.8,0.4,0,0.5,10,9.5,10,rrt_20260613_063140_607.png
20260613_063141_806,2026-06-13 06:31:41,False,10000,45,0.0,0,0.8,0.4,0,0.5,10,9.5,10,rrt_20260613_063141_806.png
20260613_063143_302,2026-06-13 06:31:43,False,10000,56,0.0,0,0.8,0.4,0,0.5,10,9.5,10,rrt_20260613_063143_302.png
20260613_063143_822,2026-06-13 06:31:43,True,1559,50,19.200000000000006,25,0.8,0.4,0,0.5,10,9.5,10,rrt_20260613_063143_822.png
20260613_063144_209,2026-06-13 06:31:44,True,1832,68,19.20000000000001,25,0.8,0.4,0,0.5,10,9.5,10,rrt_20260613_063144_209.png
20260613_063144_589,2026-06-13 06:31:44,True,1043,58,16.800000000000008,22,0.8,0.4,0,0.5,10,9.5,10,rrt_20260613_063144_589.png
20260613_063144_876,2026-06-13 06:31:44,True,189,36,16.799999999999997,22,0.8,0.4,0,0.5,10,9.5,10,rrt_20260613_063144_876.png
20260613_063145_887,2026-06-13 06:31:45,False,10000,32,0.0,0,0.8,0.4,0,0.5,10,9.5,10,rrt_20260613_063145_887.png
20260613_063147_415,2026-06-13 06:31:47,False,10000,61,0.0,0,0.8,0.4,0,0.5,10,9.5,10,rrt_20260613_063147_415.png
20260613_063148_681,2026-06-13 06:31:48,False,10000,47,0.0,0,0.8,0.4,0,0.5,10,9.5,10,rrt_20260613_063148_681.png
20260613_063150_684,2026-06-13 06:31:50,False,10000,93,0.0,0,0.8,0.4,0,0.5,10,9.5,10,rrt_20260613_063150_684.png
20260613_063152_109,2026-06-13 06:31:52,False,10000,43,0.0,0,0.8,0.4,0,0.5,10,9.5,10,rrt_20260613_063152_109.png
20260613_063153_701,2026-06-13 06:31:53,False,10000,77,0.0,0,0.8,0.4,0,0.5,10,9.5,10,rrt_20260613_063153_701.png
20260613_064735_044,2026-06-13 06:47:35,False,10000,52,0.0,0,0.8,0.4,0,0.5,10,9.5,10,rrt_20260613_064735_044.png
20260613_064736_384,2026-06-13 06:47:36,False,10000,28,0.0,0,0.8,0.4,0,0.5,10,9.5,10,rrt_20260613_064736_384.png
20260613_064737_810,2026-06-13 06:47:37,False,10000,62,0.0,0,0.8,0.4,0,0.5,10,9.5,10,rrt_20260613_064737_810.png
20260613_064739_085,2026-06-13 06:47:39,False,10000,49,0.0,0,0.8,0.4,0,0.5,10,9.5,10,rrt_20260613_064739_085.png
20260613_064739_721,2026-06-13 06:47:39,True,2342,65,18.40000000000001,24,0.8,0.4,0,0.5,10,9.5,10,rrt_20260613_064739_721.png
20260613_064741_131,2026-06-13 06:47:41,False,10000,50,0.0,0,0.8,0.4,0,0.5,10,9.5,10,rrt_20260613_064741_131.png
20260613_064741_750,2026-06-13 06:47:41,True,1231,62,18.400000000000006,24,0.8,0.4,0,0.5,10,9.5,10,rrt_20260613_064741_750.png
20260613_064742_839,2026-06-13 06:47:42,False,10000,44,0.0,0,0.8,0.4,0,0.5,10,9.5,10,rrt_20260613_064742_839.png
20260613_064744_228,2026-06-13 06:47:44,False,10000,54,0.0,0,0.8,0.4,0,0.5,10,9.5,10,rrt_20260613_064744_228.png
20260613_064745_629,2026-06-13 06:47:45,False,10000,51,0.0,0,0.8,0.4,0,0.5,10,9.5,10,rrt_20260613_064745_629.png
20260613_064747_150,2026-06-13 06:47:47,False,10000,69,0.0,0,0.8,0.4,0,0.5,10,9.5,10,rrt_20260613_064747_150.png
20260613_064748_312,2026-06-13 06:47:48,False,10000,41,0.0,0,0.8,0.4,0,0.5,10,9.5,10,rrt_20260613_064748_312.png
20260613_064749_670,2026-06-13 06:47:49,False,10000,59,0.0,0,0.8,0.4,0,0.5,10,9.5,10,rrt_20260613_064749_670.png
20260613_064750_637,2026-06-13 06:47:50,False,10000,32,0.0,0,0.8,0.4,0,0.5,10,9.5,10,rrt_20260613_064750_637.png
20260613_064751_000,2026-06-13 06:47:51,True,121,29,16.8,22,0.8,0.4,0,0.5,10,9.5,10,rrt_20260613_064751_000.png
20260613_064752_632,2026-06-13 06:47:52,False,10000,67,0.0,0,0.8,0.4,0,0.5,10,9.5,10,rrt_20260613_064752_632.png
20260613_064753_800,2026-06-13 06:47:53,False,10000,50,0.0,0,0.8,0.4,0,0.5,10,9.5,10,rrt_20260613_064753_800.png
20260613_064754_449,2026-06-13 06:47:54,True,2105,76,18.4,24,0.8,0.4,0,0.5,10,9.5,10,rrt_20260613_064754_449.png
20260613_064755_595,2026-06-13 06:47:55,False,10000,53,0.0,0,0.8,0.4,0,0.5,10,9.5,10,rrt_20260613_064755_595.png
20260613_064757_235,2026-06-13 06:47:57,False,10000,82,0.0,0,0.8,0.4,0,0.5,10,9.5,10,rrt_20260613_064757_235.png
20260613_064757_797,2026-06-13 06:47:57,True,1211,73,17.600000000000005,23,0.8,0.4,0,0.5,10,9.5,10,rrt_20260613_064757_797.png
20260613_064759_224,2026-06-13 06:47:59,False,10000,60,0.0,0,0.8,0.4,0,0.5,10,9.5,10,rrt_20260613_064759_224.png
20260613_064800_663,2026-06-13 06:48:00,False,10000,65,0.0,0,0.8,0.4,0,0.5,10,9.5,10,rrt_20260613_064800_663.png
20260613_064801_201,2026-06-13 06:48:01,True,1746,61,18.400000000000006,24,0.8,0.4,0,0.5,10,9.5,10,rrt_20260613_064801_201.png
20260613_064802_361,2026-06-13 06:48:02,False,10000,43,0.0,0,0.8,0.4,0,0.5,10,9.5,10,rrt_20260613_064802_361.png
20260613_064802_725,2026-06-13 06:48:02,True,670,45,18.400000000000002,24,0.8,0.4,0,0.5,10,9.5,10,rrt_20260613_064802_725.png
20260613_064803_889,2026-06-13 06:48:03,False,10000,52,0.0,0,0.8,0.4,0,0.5,10,9.5,10,rrt_20260613_064803_889.png
20260613_064804_221,2026-06-13 06:48:04,True,131,25,16.800000000000004,22,0.8,0.4,0,0.5,10,9.5,10,rrt_20260613_064804_221.png
20260613_064804_502,2026-06-13 06:48:04,True,1055,56,16.800000000000004,22,0.8,0.4,0,0.5,10,9.5,10,rrt_20260613_064804_502.png
20260613_064805_780,2026-06-13 06:48:05,False,10000,63,0.0,0,0.8,0.4,0,0.5,10,9.5,10,rrt_20260613_064805_780.png
20260613_064807_107,2026-06-13 06:48:07,False,10000,58,0.0,0,0.8,0.4,0,0.5,10,9.5,10,rrt_20260613_064807_107.png
20260613_064808_426,2026-06-13 06:48:08,False,10000,58,0.0,0,0.8,0.4,0,0.5,10,9.5,10,rrt_20260613_064808_426.png
20260613_064809_802,2026-06-13 06:48:09,False,10000,72,0.0,0,0.8,0.4,0,0.5,10,9.5,10,rrt_20260613_064809_802.png
20260613_064811_217,2026-06-13 06:48:11,False,10000,63,0.0,0,0.8,0.4,0,0.5,10,9.5,10,rrt_20260613_064811_217.png
20260613_064811_680,2026-06-13 06:48:11,True,1650,60,20.00000000000001,26,0.8,0.4,0,0.5,10,9.5,10,rrt_20260613_064811_680.png
20260613_064813_075,2026-06-13 06:48:13,False,10000,45,0.0,0,0.8,0.4,0,0.5,10,9.5,10,rrt_20260613_064813_075.png
20260613_064813_498,2026-06-13 06:48:13,True,754,55,18.400000000000006,24,0.8,0.4,0,0.5,10,9.5,10,rrt_20260613_064813_498.png
20260613_064813_875,2026-06-13 06:48:13,True,1977,50,16.800000000000004,22,0.8,0.4,0,0.5,10,9.5,10,rrt_20260613_064813_875.png
20260613_064814_258,2026-06-13 06:48:14,True,518,48,16.800000000000004,22,0.8,0.4,0,0.5,10,9.5,10,rrt_20260613_064814_258.png
20260613_064815_672,2026-06-13 06:48:15,False,10000,69,0.0,0,0.8,0.4,0,0.5,10,9.5,10,rrt_20260613_064815_672.png
20260613_064816_119,2026-06-13 06:48:16,True,519,41,16.800000000000004,22,0.8,0.4,0,0.5,10,9.5,10,rrt_20260613_064816_119.png
20260613_064816_497,2026-06-13 06:48:16,True,1615,60,20.800000000000008,27,0.8,0.4,0,0.5,10,9.5,10,rrt_20260613_064816_497.png
20260613_064817_493,2026-06-13 06:48:17,False,10000,27,0.0,0,0.8,0.4,0,0.5,10,9.5,10,rrt_20260613_064817_493.png
20260613_064819_335,2026-06-13 06:48:19,False,10000,75,0.0,0,0.8,0.4,0,0.5,10,9.5,10,rrt_20260613_064819_335.png
20260613_070321_339,2026-06-13 07:03:21,False,10000,64,0.0,0,0.8,0.4,0,0.5,10,9.5,10,rrt_20260613_070321_339.png
20260613_070321_980,2026-06-13 07:03:21,True,1100,49,18.400000000000002,24,0.8,0.4,0,0.5,10,9.5,10,rrt_20260613_070321_980.png
20260613_070323_214,2026-06-13 07:03:23,False,10000,55,0.0,0,0.8,0.4,0,0.5,10,9.5,10,rrt_20260613_070323_214.png
20260613_070323_703,2026-06-13 07:03:23,True,736,67,17.6,23,0.8,0.4,0,0.5,10,9.5,10,rrt_20260613_070323_703.png
20260613_070325_066,2026-06-13 07:03:25,False,10000,49,0.0,0,0.8,0.4,0,0.5,10,9.5,10,rrt_20260613_070325_066.png
20260613_070325_507,2026-06-13 07:03:25,True,661,61,16.800000000000004,22,0.8,0.4,0,0.5,10,9.5,10,rrt_20260613_070325_507.png
20260613_070325_893,2026-06-13 07:03:25,True,1826,67,19.2,25,0.8,0.4,0,0.5,10,9.5,10,rrt_20260613_070325_893.png
20260613_070326_201,2026-06-13 07:03:26,True,231,35,16.800000000000004,22,0.8,0.4,0,0.5,10,9.5,10,rrt_20260613_070326_201.png
20260613_070327_374,2026-06-13 07:03:27,False,10000,52,0.0,0,0.8,0.4,0,0.5,10,9.5,10,rrt_20260613_070327_374.png
20260613_070328_923,2026-06-13 07:03:28,False,10000,48,0.0,0,0.8,0.4,0,0.5,10,9.5,10,rrt_20260613_070328_923.png
20260613_070330_293,2026-06-13 07:03:30,False,10000,50,0.0,0,0.8,0.4,0,0.5,10,9.5,10,rrt_20260613_070330_293.png
20260613_070331_927,2026-06-13 07:03:31,False,10000,54,0.0,0,0.8,0.4,0,0.5,10,9.5,10,rrt_20260613_070331_927.png
20260613_070333_169,2026-06-13 07:03:33,False,10000,39,0.0,0,0.8,0.4,0,0.5,10,9.5,10,rrt_20260613_070333_169.png
20260613_070334_525,2026-06-13 07:03:34,False,10000,55,0.0,0,0.8,0.4,0,0.5,10,9.5,10,rrt_20260613_070334_525.png
20260613_070335_904,2026-06-13 07:03:35,False,10000,61,0.0,0,0.8,0.4,0,0.5,10,9.5,10,rrt_20260613_070335_904.png
20260613_070336_381,2026-06-13 07:03:36,True,1108,57,16.8,22,0.8,0.4,0,0.5,10,9.5,10,rrt_20260613_070336_381.png
20260613_070337_429,2026-06-13 07:03:37,False,10000,43,0.0,0,0.8,0.4,0,0.5,10,9.5,10,rrt_20260613_070337_429.png
20260613_070338_871,2026-06-13 07:03:38,False,10000,59,0.0,0,0.8,0.4,0,0.5,10,9.5,10,rrt_20260613_070338_871.png
20260613_070340_164,2026-06-13 07:03:40,False,10000,54,0.0,0,0.8,0.4,0,0.5,10,9.5,10,rrt_20260613_070340_164.png
20260613_070341_467,2026-06-13 07:03:41,False,10000,61,0.0,0,0.8,0.4,0,0.5,10,9.5,10,rrt_20260613_070341_467.png
20260613_070341_996,2026-06-13 07:03:41,True,1815,64,16.800000000000004,22,0.8,0.4,0,0.5,10,9.5,10,rrt_20260613_070341_996.png
20260613_070343_593,2026-06-13 07:03:43,False,10000,65,0.0,0,0.8,0.4,0,0.5,10,9.5,10,rrt_20260613_070343_593.png
20260613_070344_813,2026-06-13 07:03:44,False,10000,52,0.0,0,0.8,0.4,0,0.5,10,9.5,10,rrt_20260613_070344_813.png
20260613_070345_186,2026-06-13 07:03:45,True,284,29,17.60000000000001,23,0.8,0.4,0,0.5,10,9.5,10,rrt_20260613_070345_186.png
20260613_070346_355,2026-06-13 07:03:46,False,10000,48,0.0,0,0.8,0.4,0,0.5,10,9.5,10,rrt_20260613_070346_355.png
20260613_070347_654,2026-06-13 07:03:47,False,10000,58,0.0,0,0.8,0.4,0,0.5,10,9.5,10,rrt_20260613_070347_654.png
20260613_070348_228,2026-06-13 07:03:48,True,794,53,16.0,21,0.8,0.4,0,0.5,10,9.5,10,rrt_20260613_070348_228.png
20260613_070349_013,2026-06-13 07:03:49,False,10000,30,0.0,0,0.8,0.4,0,0.5,10,9.5,10,rrt_20260613_070349_013.png
20260613_070349_401,2026-06-13 07:03:49,True,282,35,17.600000000000005,23,0.8,0.4,0,0.5,10,9.5,10,rrt_20260613_070349_401.png
20260613_070350_616,2026-06-13 07:03:50,False,10000,60,0.0,0,0.8,0.4,0,0.5,10,9.5,10,rrt_20260613_070350_616.png
20260613_070351_812,2026-06-13 07:03:51,False,10000,44,0.0,0,0.8,0.4,0,0.5,10,9.5,10,rrt_20260613_070351_812.png
20260613_070352_214,2026-06-13 07:03:52,True,138,30,16.800000000000008,22,0.8,0.4,0,0.5,10,9.5,10,rrt_20260613_070352_214.png
20260613_070353_310,2026-06-13 07:03:53,False,10000,53,0.0,0,0.8,0.4,0,0.5,10,9.5,10,rrt_20260613_070353_310.png
20260613_070354_585,2026-06-13 07:03:54,False,10000,50,0.0,0,0.8,0.4,0,0.5,10,9.5,10,rrt_20260613_070354_585.png
20260613_070355_819,2026-06-13 07:03:55,False,10000,56,0.0,0,0.8,0.4,0,0.5,10,9.5,10,rrt_20260613_070355_819.png
20260613_070357_148,2026-06-13 07:03:57,False,10000,55,0.0,0,0.8,0.4,0,0.5,10,9.5,10,rrt_20260613_070357_148.png
20260613_070358_234,2026-06-13 07:03:58,False,10000,43,0.0,0,0.8,0.4,0,0.5,10,9.5,10,rrt_20260613_070358_234.png
20260613_070359_440,2026-06-13 07:03:59,False,10000,53,0.0,0,0.8,0.5,0,0.5,10,9.5,10,rrt_20260613_070359_440.png
20260613_070401_266,2026-06-13 07:04:01,False,10000,86,0.0,0,0.8,0.5,0,0.5,10,9.5,10,rrt_20260613_070401_266.png
20260613_070401_695,2026-06-13 07:04:01,True,721,59,17.600000000000005,23,0.8,0.5,0,0.5,10,9.5,10,rrt_20260613_070401_695.png
20260613_070401_965,2026-06-13 07:04:01,True,351,42,18.400000000000006,24,0.8,0.5,0,0.5,10,9.5,10,rrt_20260613_070401_965.png
20260613_070403_296,2026-06-13 07:04:03,False,10000,76,0.0,0,0.8,0.5,0,0.5,10,9.5,10,rrt_20260613_070403_296.png
20260613_070403_869,2026-06-13 07:04:03,True,2200,65,17.60000000000001,23,0.8,0.5,0,0.5,10,9.5,10,rrt_20260613_070403_869.png
20260613_070405_117,2026-06-13 07:04:05,False,10000,59,0.0,0,0.8,0.5,0,0.5,10,9.5,10,rrt_20260613_070405_117.png
20260613_070407_030,2026-06-13 07:04:07,False,10000,76,0.0,0,0.8,0.5,0,0.5,10,9.5,10,rrt_20260613_070407_030.png
20260613_070408_486,2026-06-13 07:04:08,False,10000,67,0.0,0,0.8,0.5,0,0.5,10,9.5,10,rrt_20260613_070408_486.png
20260613_071011_677,2026-06-13 07:10:11,False,10000,56,0.0,0,0.8,0.5,0,0.5,10,9.5,10,rrt_20260613_071011_677.png
20260613_071013_258,2026-06-13 07:10:13,False,10000,62,0.0,0,0.8,0.5,0,0.5,10,9.5,10,rrt_20260613_071013_258.png
20260613_071014_475,2026-06-13 07:10:14,False,10000,43,0.0,0,0.8,0.5,0,0.5,10,9.5,10,rrt_20260613_071014_475.png
20260613_071015_357,2026-06-13 07:10:15,False,10000,25,0.0,0,0.8,0.5,0,0.5,10,9.5,10,rrt_20260613_071015_357.png
20260613_071016_392,2026-06-13 07:10:16,False,10000,30,0.0,0,0.8,0.5,0,0.5,10,9.5,10,rrt_20260613_071016_392.png
20260613_071017_419,2026-06-13 07:10:17,False,10000,24,0.0,0,0.8,0.5,0,0.5,10,9.5,10,rrt_20260613_071017_419.png
20260613_071017_894,2026-06-13 07:10:17,True,2023,59,19.20000000000001,25,0.8,0.5,0,0.5,10,9.5,10,rrt_20260613_071017_894.png
20260613_071019_183,2026-06-13 07:10:19,False,10000,40,0.0,0,0.8,0.5,0,0.5,10,9.5,10,rrt_20260613_071019_183.png
20260613_071019_667,2026-06-13 07:10:19,True,1497,63,17.60000000000001,23,0.8,0.5,0,0.5,10,9.5,10,rrt_20260613_071019_667.png
20260613_071020_845,2026-06-13 07:10:20,False,10000,51,0.0,0,0.8,0.5,0,0.5,10,9.5,10,rrt_20260613_071020_845.png
20260613_071022_304,2026-06-13 07:10:22,False,10000,48,0.0,0,0.8,0.5,0,0.5,10,9.5,10,rrt_20260613_071022_304.png
20260613_071023_247,2026-06-13 07:10:23,False,10000,24,0.0,0,0.8,0.5,0,0.5,10,9.5,10,rrt_20260613_071023_247.png
20260613_071024_826,2026-06-13 07:10:24,False,10000,68,0.0,0,0.8,0.5,0,0.5,10,9.5,10,rrt_20260613_071024_826.png
20260613_071026_095,2026-06-13 07:10:26,False,10000,58,0.0,0,0.8,0.5,0,0.5,10,9.5,10,rrt_20260613_071026_095.png
20260613_071027_449,2026-06-13 07:10:27,False,10000,59,0.0,0,0.8,0.5,0,0.5,10,9.5,10,rrt_20260613_071027_449.png
20260613_071028_771,2026-06-13 07:10:28,False,10000,37,0.0,0,0.8,0.5,0,0.5,10,9.5,10,rrt_20260613_071028_771.png
20260613_071029_214,2026-06-13 07:10:29,True,811,32,16.800000000000004,22,0.8,0.5,0,0.5,10,9.5,10,rrt_20260613_071029_214.png
20260613_071030_284,2026-06-13 07:10:30,False,10000,49,0.0,0,0.8,0.5,0,0.5,10,9.5,10,rrt_20260613_071030_284.png
20260613_071030_795,2026-06-13 07:10:30,True,1701,73,16.799999999999997,22,0.8,0.5,0,0.5,10,9.5,10,rrt_20260613_071030_795.png
20260613_071031_132,2026-06-13 07:10:31,True,1289,85,17.6,23,0.8,0.5,0,0.5,10,9.5,10,rrt_20260613_071031_132.png
20260613_071032_555,2026-06-13 07:10:32,False,10000,59,0.0,0,0.8,0.5,0,0.5,10,9.5,10,rrt_20260613_071032_555.png
20260613_071033_097,2026-06-13 07:10:33,True,1907,55,20.000000000000007,26,0.8,0.5,0,0.5,10,9.5,10,rrt_20260613_071033_097.png
20260613_071033_327,2026-06-13 07:10:33,True,242,35,17.6,23,0.8,0.5,0,0.5,10,9.5,10,rrt_20260613_071033_327.png
20260613_071034_458,2026-06-13 07:10:34,False,10000,53,0.0,0,0.8,0.5,0,0.5,10,9.5,10,rrt_20260613_071034_458.png
20260613_071034_936,2026-06-13 07:10:34,True,1122,54,18.400000000000002,24,0.8,0.5,0,0.5,10,9.5,10,rrt_20260613_071034_936.png
20260613_071036_312,2026-06-13 07:10:36,False,10000,47,0.0,0,0.8,0.5,0,0.5,10,9.5,10,rrt_20260613_071036_312.png
20260613_071037_880,2026-06-13 07:10:37,False,10000,59,0.0,0,0.8,0.5,0,0.5,10,9.5,10,rrt_20260613_071037_880.png
20260613_071039_169,2026-06-13 07:10:39,False,10000,51,0.0,0,0.8,0.5,0,0.5,10,9.5,10,rrt_20260613_071039_169.png
20260613_071039_675,2026-06-13 07:10:39,True,509,61,16.799999999999994,22,0.8,0.5,0,0.5,10,9.5,10,rrt_20260613_071039_675.png
20260613_071040_104,2026-06-13 07:10:40,True,1632,67,18.400000000000006,24,0.8,0.5,0,0.5,10,9.5,10,rrt_20260613_071040_104.png
20260613_071041_538,2026-06-13 07:10:41,False,10000,61,0.0,0,0.8,0.5,0,0.5,10,9.5,10,rrt_20260613_071041_538.png
20260613_071043_276,2026-06-13 07:10:43,False,10000,82,0.0,0,0.8,0.5,0,0.5,10,9.5,10,rrt_20260613_071043_276.png
20260613_071044_648,2026-06-13 07:10:44,False,10000,59,0.0,0,0.8,0.5,0,0.5,10,9.5,10,rrt_20260613_071044_648.png
20260613_071045_105,2026-06-13 07:10:45,True,433,38,16.800000000000008,22,0.8,0.5,0,0.5,10,9.5,10,rrt_20260613_071045_105.png
20260613_071045_480,2026-06-13 07:10:45,True,1079,79,18.400000000000002,24,0.8,0.5,0,0.5,10,9.5,10,rrt_20260613_071045_480.png
20260613_071045_805,2026-06-13 07:10:45,True,303,37,16.800000000000004,22,0.8,0.5,0,0.5,10,9.5,10,rrt_20260613_071045_805.png
20260613_071046_062,2026-06-13 07:10:46,True,164,34,20.00000000000001,26,0.8,0.5,0,0.5,10,9.5,10,rrt_20260613_071046_062.png
20260613_071047_081,2026-06-13 07:10:47,False,10000,43,0.0,0,0.8,0.5,0,0.5,10,9.5,10,rrt_20260613_071047_081.png
20260613_071048_430,2026-06-13 07:10:48,False,10000,62,0.0,0,0.8,0.5,0,0.5,10,9.5,10,rrt_20260613_071048_430.png
20260613_071049_679,2026-06-13 07:10:49,False,10000,54,0.0,0,0.8,0.5,0,0.5,10,9.5,10,rrt_20260613_071049_679.png
20260613_071050_971,2026-06-13 07:10:50,False,10000,55,0.0,0,0.8,0.5,0,0.5,10,9.5,10,rrt_20260613_071050_971.png
20260613_071052_261,2026-06-13 07:10:52,False,10000,42,0.0,0,0.8,0.5,0,0.5,10,9.5,10,rrt_20260613_071052_261.png
20260613_071053_416,2026-06-13 07:10:53,False,10000,25,0.0,0,0.8,0.5,0,0.5,10,9.5,10,rrt_20260613_071053_416.png
20260613_071055_009,2026-06-13 07:10:55,False,10000,81,0.0,0,0.8,0.5,0,0.5,10,9.5,10,rrt_20260613_071055_009.png
20260613_071056_569,2026-06-13 07:10:56,False,10000,74,0.0,0,0.8,0.5,0,0.5,10,9.5,10,rrt_20260613_071056_569.png
20260613_071057_627,2026-06-13 07:10:57,False,10000,24,0.0,0,0.8,0.5,0,0.5,10,9.5,10,rrt_20260613_071057_627.png
20260613_072628_316,2026-06-13 07:26:28,False,10000,45,0.0,0,0.8,0.5,0,0.5,10,9.5,10,rrt_20260613_072628_316.png
20260613_072629_839,2026-06-13 07:26:29,False,10000,52,0.0,0,0.8,0.5,0,0.5,10,9.5,10,rrt_20260613_072629_839.png
20260613_072630_260,2026-06-13 07:26:30,True,364,35,19.200000000000003,25,0.8,0.5,0,0.5,10,9.5,10,rrt_20260613_072630_260.png
20260613_072630_582,2026-06-13 07:26:30,True,999,64,18.400000000000002,24,0.8,0.5,0,0.5,10,9.5,10,rrt_20260613_072630_582.png
20260613_072631_976,2026-06-13 07:26:31,False,10000,71,0.0,0,0.8,0.5,0,0.5,10,9.5,10,rrt_20260613_072631_976.png
20260613_072633_274,2026-06-13 07:26:33,False,10000,47,0.0,0,0.8,0.5,0,0.5,10,9.5,10,rrt_20260613_072633_274.png
20260613_072634_737,2026-06-13 07:26:34,False,10000,44,0.0,0,0.8,0.5,0,0.5,10,9.5,10,rrt_20260613_072634_737.png
20260613_072636_213,2026-06-13 07:26:36,False,10000,65,0.0,0,0.8,0.5,0,0.5,10,9.5,10,rrt_20260613_072636_213.png
20260613_072637_309,2026-06-13 07:26:37,False,10000,29,0.0,0,0.8,0.5,0,0.5,10,9.5,10,rrt_20260613_072637_309.png
20260613_072638_748,2026-06-13 07:26:38,False,10000,52,0.0,0,0.8,0.5,0,0.5,10,9.5,10,rrt_20260613_072638_748.png
20260613_072639_192,2026-06-13 07:26:39,True,1001,65,17.60000000000001,23,0.8,0.5,0,0.5,10,9.5,10,rrt_20260613_072639_192.png
20260613_072640_379,2026-06-13 07:26:40,False,10000,50,0.0,0,0.8,0.5,0,0.5,10,9.5,10,rrt_20260613_072640_379.png
20260613_072641_701,2026-06-13 07:26:41,False,10000,55,0.0,0,0.8,0.5,0,0.5,10,9.5,10,rrt_20260613_072641_701.png
20260613_072643_022,2026-06-13 07:26:43,False,10000,41,0.0,0,0.8,0.5,0,0.5,10,9.5,10,rrt_20260613_072643_022.png
20260613_072644_594,2026-06-13 07:26:44,False,10000,60,0.0,0,0.8,0.5,0,0.5,10,9.5,10,rrt_20260613_072644_594.png
20260613_072645_004,2026-06-13 07:26:45,True,219,43,17.600000000000005,23,0.8,0.5,0,0.5,10,9.5,10,rrt_20260613_072645_004.png
20260613_072645_336,2026-06-13 07:26:45,True,1337,55,18.4,24,0.8,0.5,0,0.5,10,9.5,10,rrt_20260613_072645_336.png
20260613_072646_901,2026-06-13 07:26:46,False,10000,67,0.0,0,0.8,0.5,0,0.5,10,9.5,10,rrt_20260613_072646_901.png
20260613_072647_295,2026-06-13 07:26:47,True,269,44,19.200000000000003,25,0.8,0.5,0,0.5,10,9.5,10,rrt_20260613_072647_295.png
20260613_072648_620,2026-06-13 07:26:48,False,10000,60,0.0,0,0.8,0.5,0,0.5,10,9.5,10,rrt_20260613_072648_620.png
20260613_072649_917,2026-06-13 07:26:49,False,10000,51,0.0,0,0.8,0.5,0,0.5,10,9.5,10,rrt_20260613_072649_917.png
20260613_072650_400,2026-06-13 07:26:50,True,1233,67,19.200000000000003,25,0.8,0.5,0,0.5,10,9.5,10,rrt_20260613_072650_400.png
20260613_072651_698,2026-06-13 07:26:51,False,10000,61,0.0,0,0.8,0.5,0,0.5,10,9.5,10,rrt_20260613_072651_698.png
20260613_072653_520,2026-06-13 07:26:53,False,10000,80,0.0,0,0.8,0.5,0,0.5,10,9.5,10,rrt_20260613_072653_520.png
20260613_072655_038,2026-06-13 07:26:55,False,10000,49,0.0,0,0.8,0.5,0,0.5,10,9.5,10,rrt_20260613_072655_038.png
20260613_072655_495,2026-06-13 07:26:55,True,912,62,18.400000000000006,24,0.8,0.5,0,0.5,10,9.5,10,rrt_20260613_072655_495.png
20260613_072656_838,2026-06-13 07:26:56,False,10000,73,0.0,0,0.8,0.5,0,0.5,10,9.5,10,rrt_20260613_072656_838.png
20260613_072657_213,2026-06-13 07:26:57,True,61,25,16.800000000000004,22,0.8,0.5,0,0.5,10,9.5,10,rrt_20260613_072657_213.png
20260613_072658_488,2026-06-13 07:26:58,False,10000,66,0.0,0,0.8,0.5,0,0.5,10,9.5,10,rrt_20260613_072658_488.png
20260613_072659_854,2026-06-13 07:26:59,False,10000,60,0.0,0,0.8,0.5,0,0.5,10,9.5,10,rrt_20260613_072659_854.png
20260613_072700_871,2026-06-13 07:27:00,False,10000,22,0.0,0,0.8,0.5,0,0.5,10,9.5,10,rrt_20260613_072700_871.png
20260613_072702_123,2026-06-13 07:27:02,False,10000,53,0.0,0,0.8,0.5,0,0.5,10,9.5,10,rrt_20260613_072702_123.png
20260613_072702_600,2026-06-13 07:27:02,True,504,56,17.600000000000005,23,0.8,0.5,0,0.5,10,9.5,10,rrt_20260613_072702_600.png
20260613_072703_643,2026-06-13 07:27:03,False,10000,46,0.0,0,0.8,0.5,0,0.5,10,9.5,10,rrt_20260613_072703_643.png
20260613_072704_078,2026-06-13 07:27:04,True,85,26,16.800000000000004,22,0.8,0.5,0,0.5,10,9.5,10,rrt_20260613_072704_078.png
20260613_072705_327,2026-06-13 07:27:05,False,10000,65,0.0,0,0.8,0.5,0,0.5,10,9.5,10,rrt_20260613_072705_327.png
20260613_072706_776,2026-06-13 07:27:06,False,10000,57,0.0,0,0.8,0.5,0,0.5,10,9.5,10,rrt_20260613_072706_776.png
20260613_072708_345,2026-06-13 07:27:08,False,10000,60,0.0,0,0.8,0.5,0,0.5,10,9.5,10,rrt_20260613_072708_345.png
20260613_072709_769,2026-06-13 07:27:09,False,10000,47,0.0,0,0.8,0.5,0,0.5,10,9.5,10,rrt_20260613_072709_769.png
20260613_072710_362,2026-06-13 07:27:10,True,1778,61,19.200000000000003,25,0.8,0.5,0,0.5,10,9.5,10,rrt_20260613_072710_362.png
20260613_072711_212,2026-06-13 07:27:11,False,10000,27,0.0,0,0.8,0.5,0,0.5,10,9.5,10,rrt_20260613_072711_212.png
20260613_072712_733,2026-06-13 07:27:12,False,10000,77,0.0,0,0.8,0.5,0,0.5,10,9.5,10,rrt_20260613_072712_733.png
20260613_072713_968,2026-06-13 07:27:13,False,10000,47,0.0,0,0.8,0.5,0,0.5,10,9.5,10,rrt_20260613_072713_968.png
20260613_072715_399,2026-06-13 07:27:15,False,10000,66,0.0,0,0.8,0.5,0,0.5,10,9.5,10,rrt_20260613_072715_399.png
20260613_072715_834,2026-06-13 07:27:15,True,507,55,18.400000000000006,24,0.8,0.5,0,0.5,10,9.5,10,rrt_20260613_072715_834.png
20260613_072717_306,2026-06-13 07:27:17,False,10000,80,0.0,0,0.8,0.6,0,0.5,10,9.5,10,rrt_20260613_072717_306.png
20260613_072718_777,2026-06-13 07:27:18,False,10000,69,0.0,0,0.8,0.6,0,0.5,10,9.5,10,rrt_20260613_072718_777.png
20260613_072720_149,2026-06-13 07:27:20,False,10000,43,0.0,0,0.8,0.6,0,0.5,10,9.5,10,rrt_20260613_072720_149.png
20260613_072721_421,2026-06-13 07:27:21,False,10000,55,0.0,0,0.8,0.6,0,0.5,10,9.5,10,rrt_20260613_072721_421.png
20260613_072722_051,2026-06-13 07:27:22,True,1732,71,17.6,23,0.8,0.6,0,0.5,10,9.5,10,rrt_20260613_072722_051.png
20260613_072723_126,2026-06-13 07:27:23,False,10000,45,0.0,0,0.8,0.6,0,0.5,10,9.5,10,rrt_20260613_072723_126.png
20260613_072724_493,2026-06-13 07:27:24,False,10000,58,0.0,0,0.8,0.6,0,0.5,10,9.5,10,rrt_20260613_072724_493.png
20260613_072725_064,2026-06-13 07:27:25,True,2356,59,21.60000000000001,28,0.8,0.6,0,0.5,10,9.5,10,rrt_20260613_072725_064.png
20260613_072726_333,2026-06-13 07:27:26,False,10000,58,0.0,0,0.8,0.6,0,0.5,10,9.5,10,rrt_20260613_072726_333.png
20260613_072727_568,2026-06-13 07:27:27,False,10000,48,0.0,0,0.8,0.6,0,0.5,10,9.5,10,rrt_20260613_072727_568.png
20260613_072727_964,2026-06-13 07:27:27,True,363,47,16.800000000000004,22,0.8,0.6,0,0.5,10,9.5,10,rrt_20260613_072727_964.png
20260613_072729_255,2026-06-13 07:27:29,False,10000,61,0.0,0,0.8,0.6,0,0.5,10,9.5,10,rrt_20260613_072729_255.png
20260613_072730_849,2026-06-13 07:27:30,False,10000,77,0.0,0,0.8,0.6,0,0.5,10,9.5,10,rrt_20260613_072730_849.png
20260613_072732_320,2026-06-13 07:27:32,False,10000,58,0.0,0,0.8,0.6,0,0.5,10,9.5,10,rrt_20260613_072732_320.png
20260613_072733_705,2026-06-13 07:27:33,False,10000,64,0.0,0,0.8,0.6,0,0.5,10,9.5,10,rrt_20260613_072733_705.png
20260613_072734_864,2026-06-13 07:27:34,False,10000,41,0.0,0,0.8,0.6,0,0.5,10,9.5,10,rrt_20260613_072734_864.png
20260613_072736_108,2026-06-13 07:27:36,False,10000,48,0.0,0,0.8,0.6,0,0.5,10,9.5,10,rrt_20260613_072736_108.png
20260613_072737_906,2026-06-13 07:27:37,False,10000,85,0.0,0,0.8,0.6,0,0.5,10,9.5,10,rrt_20260613_072737_906.png
20260613_072739_459,2026-06-13 07:27:39,False,10000,59,0.0,0,0.8,0.6,0,0.5,10,9.5,10,rrt_20260613_072739_459.png
20260613_072739_995,2026-06-13 07:27:39,True,715,64,17.600000000000005,23,0.8,0.6,0,0.5,10,9.5,10,rrt_20260613_072739_995.png
20260613_072741_256,2026-06-13 07:27:41,False,10000,57,0.0,0,0.8,0.6,0,0.5,10,9.5,10,rrt_20260613_072741_256.png
20260613_072742_621,2026-06-13 07:27:42,False,10000,58,0.0,0,0.8,0.6,0,0.5,10,9.5,10,rrt_20260613_072742_621.png
20260613_072743_631,2026-06-13 07:27:43,False,10000,30,0.0,0,0.8,0.6,0,0.5,10,9.5,10,rrt_20260613_072743_631.png
20260613_072745_302,2026-06-13 07:27:45,False,10000,85,0.0,0,0.8,0.6,0,0.5,10,9.5,10,rrt_20260613_072745_302.png
20260613_072746_723,2026-06-13 07:27:46,False,10000,59,0.0,0,0.8,0.6,0,0.5,10,9.5,10,rrt_20260613_072746_723.png
20260613_072747_839,2026-06-13 07:27:47,False,10000,41,0.0,0,0.8,0.6,0,0.5,10,9.5,10,rrt_20260613_072747_839.png
20260613_072749_198,2026-06-13 07:27:49,False,10000,63,0.0,0,0.8,0.6,0,0.5,10,9.5,10,rrt_20260613_072749_198.png
20260613_072750_582,2026-06-13 07:27:50,False,10000,45,0.0,0,0.8,0.6,0,0.5,10,9.5,10,rrt_20260613_072750_582.png
20260613_072752_254,2026-06-13 07:27:52,False,10000,90,0.0,0,0.8,0.6,0,0.5,10,9.5,10,rrt_20260613_072752_254.png
20260613_072753_352,2026-06-13 07:27:53,False,10000,28,0.0,0,0.8,0.6,0,0.5,10,9.5,10,rrt_20260613_072753_352.png
20260613_072754_172,2026-06-13 07:27:54,False,10000,24,0.0,0,0.8,0.6,0,0.5,10,9.5,10,rrt_20260613_072754_172.png
20260613_072755_640,2026-06-13 07:27:55,False,10000,70,0.0,0,0.8,0.6,0,0.5,10,9.5,10,rrt_20260613_072755_640.png
20260613_072756_811,2026-06-13 07:27:56,False,10000,47,0.0,0,0.8,0.6,0,0.5,10,9.5,10,rrt_20260613_072756_811.png
20260613_072758_289,2026-06-13 07:27:58,False,10000,68,0.0,0,0.8,0.6,0,0.5,10,9.5,10,rrt_20260613_072758_289.png
20260613_072759_581,2026-06-13 07:27:59,False,10000,55,0.0,0,0.8,0.6,0,0.5,10,9.5,10,rrt_20260613_072759_581.png
20260613_072801_062,2026-06-13 07:28:01,False,10000,65,0.0,0,0.8,0.6,0,0.5,10,9.5,10,rrt_20260613_072801_062.png
20260613_072802_268,2026-06-13 07:28:02,False,10000,46,0.0,0,0.8,0.6,0,0.5,10,9.5,10,rrt_20260613_072802_268.png
20260613_072803_705,2026-06-13 07:28:03,False,10000,64,0.0,0,0.8,0.6,0,0.5,10,9.5,10,rrt_20260613_072803_705.png
20260613_072804_137,2026-06-13 07:28:04,True,907,69,19.200000000000006,25,0.8,0.6,0,0.5,10,9.5,10,rrt_20260613_072804_137.png
20260613_072804_475,2026-06-13 07:28:04,True,1369,59,19.200000000000003,25,0.8,0.6,0,0.5,10,9.5,10,rrt_20260613_072804_475.png
20260613_072806_057,2026-06-13 07:28:06,False,10000,61,0.0,0,0.8,0.6,0,0.5,10,9.5,10,rrt_20260613_072806_057.png
20260613_072807_524,2026-06-13 07:28:07,False,10000,63,0.0,0,0.8,0.6,0,0.5,10,9.5,10,rrt_20260613_072807_524.png
20260613_072809_052,2026-06-13 07:28:09,False,10000,70,0.0,0,0.8,0.6,0,0.5,10,9.5,10,rrt_20260613_072809_052.png
20260613_072810_446,2026-06-13 07:28:10,False,10000,64,0.0,0,0.8,0.6,0,0.5,10,9.5,10,rrt_20260613_072810_446.png
20260613_072811_729,2026-06-13 07:28:11,False,10000,48,0.0,0,0.8,0.6,0,0.5,10,9.5,10,rrt_20260613_072811_729.png
20260613_072813_174,2026-06-13 07:28:13,False,10000,64,0.0,0,0.8,0.6,0,0.5,10,9.5,10,rrt_20260613_072813_174.png
20260613_072814_413,2026-06-13 07:28:14,False,10000,35,0.0,0,0.8,0.6,0,0.5,10,9.5,10,rrt_20260613_072814_413.png
20260613_072814_953,2026-06-13 07:28:14,True,1006,68,16.800000000000004,22,0.8,0.6,0,0.5,10,9.5,10,rrt_20260613_072814_953.png
20260613_072815_342,2026-06-13 07:28:15,True,1233,62,19.200000000000003,25,0.8,0.6,0,0.5,10,9.5,10,rrt_20260613_072815_342.png
20260613_072815_776,2026-06-13 07:28:15,True,1132,66,16.800000000000004,22,0.8,0.6,0,0.5,10,9.5,10,rrt_20260613_072815_776.png
20260613_072817_293,2026-06-13 07:28:17,False,10000,72,0.0,0,0.8,0.6,0,0.5,10,9.5,10,rrt_20260613_072817_293.png
20260613_072818_645,2026-06-13 07:28:18,False,10000,47,0.0,0,0.8,0.6,0,0.5,10,9.5,10,rrt_20260613_072818_645.png
20260613_072819_021,2026-06-13 07:28:19,True,418,43,17.6,23,0.8,0.6,0,0.5,10,9.5,10,rrt_20260613_072819_021.png
20260613_072820_541,2026-06-13 07:28:20,False,10000,65,0.0,0,0.8,0.6,0,0.5,10,9.5,10,rrt_20260613_072820_541.png
20260613_072822_035,2026-06-13 07:28:22,False,10000,64,0.0,0,0.8,0.6,0,0.5,10,9.5,10,rrt_20260613_072822_035.png
20260613_072823_321,2026-06-13 07:28:23,False,10000,48,0.0,0,0.8,0.6,0,0.5,10,9.5,10,rrt_20260613_072823_321.png
20260613_072824_894,2026-06-13 07:28:24,False,10000,63,0.0,0,0.8,0.6,0,0.5,10,9.5,10,rrt_20260613_072824_894.png
20260613_072826_453,2026-06-13 07:28:26,False,10000,51,0.0,0,0.8,0.6,0,0.5,10,9.5,10,rrt_20260613_072826_453.png
20260613_072827_973,2026-06-13 07:28:27,False,10000,58,0.0,0,0.8,0.6,0,0.5,10,9.5,10,rrt_20260613_072827_973.png
20260613_072828_404,2026-06-13 07:28:28,True,466,48,18.399999999999995,24,0.8,0.6,0,0.5,10,9.5,10,rrt_20260613_072828_404.png
20260613_072828_863,2026-06-13 07:28:28,True,2353,64,17.599999999999998,23,0.8,0.6,0,0.5,10,9.5,10,rrt_20260613_072828_863.png
20260613_072829_242,2026-06-13 07:28:29,True,1408,66,18.400000000000006,24,0.8,0.6,0,0.5,10,9.5,10,rrt_20260613_072829_242.png
20260613_072830_617,2026-06-13 07:28:30,False,10000,58,0.0,0,0.8,0.6,0,0.5,10,9.5,10,rrt_20260613_072830_617.png
20260613_072831_877,2026-06-13 07:28:31,False,10000,47,0.0,0,0.8,0.6,0,0.5,10,9.5,10,rrt_20260613_072831_877.png
20260613_072833_254,2026-06-13 07:28:33,False,10000,57,0.0,0,0.8,0.6,0,0.5,10,9.5,10,rrt_20260613_072833_254.png
20260613_072834_378,2026-06-13 07:28:34,False,10000,28,0.0,0,0.8,0.6,0,0.5,10,9.5,10,rrt_20260613_072834_378.png
20260613_072835_842,2026-06-13 07:28:35,False,10000,57,0.0,0,0.8,0.6,0,0.5,10,9.5,10,rrt_20260613_072835_842.png
20260613_072836_220,2026-06-13 07:28:36,True,143,38,16.800000000000008,22,0.8,0.6,0,0.5,10,9.5,10,rrt_20260613_072836_220.png
20260613_072837_370,2026-06-13 07:28:37,False,10000,53,0.0,0,0.8,0.6,0,0.5,10,9.5,10,rrt_20260613_072837_370.png
20260613_072838_877,2026-06-13 07:28:38,False,10000,55,0.0,0,0.8,0.6,0,0.5,10,9.5,10,rrt_20260613_072838_877.png
20260613_072840_338,2026-06-13 07:28:40,False,10000,69,0.0,0,0.8,0.6,0,0.5,10,9.5,10,rrt_20260613_072840_338.png
20260613_072841_708,2026-06-13 07:28:41,False,10000,47,0.0,0,0.8,0.6,0,0.5,10,9.5,10,rrt_20260613_072841_708.png
20260613_072843_267,2026-06-13 07:28:43,False,10000,59,0.0,0,0.8,0.6,0,0.5,10,9.5,10,rrt_20260613_072843_267.png
20260613_072844_948,2026-06-13 07:28:44,False,10000,72,0.0,0,0.8,0.6,0,0.5,10,9.5,10,rrt_20260613_072844_948.png
20260613_072846_613,2026-06-13 07:28:46,False,10000,57,0.0,0,0.8,0.6,0,0.5,10,9.5,10,rrt_20260613_072846_613.png
20260613_072848_010,2026-06-13 07:28:48,False,10000,47,0.0,0,0.8,0.6,0,0.5,10,9.5,10,rrt_20260613_072848_010.png
20260613_072849_052,2026-06-13 07:28:49,False,10000,27,0.0,0,0.8,0.6,0,0.5,10,9.5,10,rrt_20260613_072849_052.png
20260613_072849_516,2026-06-13 07:28:49,True,329,37,18.400000000000006,24,0.8,0.6,0,0.5,10,9.5,10,rrt_20260613_072849_516.png
20260613_072849_771,2026-06-13 07:28:49,True,123,31,16.800000000000008,22,0.8,0.6,0,0.5,10,9.5,10,rrt_20260613_072849_771.png
20260613_072851_112,2026-06-13 07:28:51,False,10000,57,0.0,0,0.8,0.6,0,0.5,10,9.5,10,rrt_20260613_072851_112.png
20260613_072852_543,2026-06-13 07:28:52,False,10000,63,0.0,0,0.8,0.6,0,0.5,10,9.5,10,rrt_20260613_072852_543.png
20260613_072852_944,2026-06-13 07:28:52,True,469,52,17.599999999999998,23,0.8,0.6,0,0.5,10,9.5,10,rrt_20260613_072852_944.png
20260613_072854_172,2026-06-13 07:28:54,False,10000,59,0.0,0,0.8,0.6,0,0.5,10,9.5,10,rrt_20260613_072854_172.png
20260613_072855_524,2026-06-13 07:28:55,False,10000,58,0.0,0,0.8,0.6,0,0.5,10,9.5,10,rrt_20260613_072855_524.png
20260613_072856_071,2026-06-13 07:28:56,True,504,49,18.4,24,0.8,0.6,0,0.5,10,9.5,10,rrt_20260613_072856_071.png
20260613_072857_463,2026-06-13 07:28:57,False,10000,62,0.0,0,0.8,0.6,0,0.5,10,9.5,10,rrt_20260613_072857_463.png
20260613_072857_951,2026-06-13 07:28:57,True,1546,62,20.00000000000001,26,0.8,0.6,0,0.5,10,9.5,10,rrt_20260613_072857_951.png
20260613_072858_340,2026-06-13 07:28:58,True,1630,73,19.200000000000003,25,0.8,0.6,0,0.5,10,9.5,10,rrt_20260613_072858_340.png
20260613_072859_401,2026-06-13 07:28:59,False,10000,45,0.0,0,0.8,0.6,0,0.5,10,9.5,10,rrt_20260613_072859_401.png
20260613_072859_861,2026-06-13 07:28:59,True,375,51,18.400000000000006,24,0.8,0.6,0,0.5,10,9.5,10,rrt_20260613_072859_861.png
20260613_072900_997,2026-06-13 07:29:00,False,10000,49,0.0,0,0.8,0.6,0,0.5,10,9.5,10,rrt_20260613_072900_997.png
20260613_072902_824,2026-06-13 07:29:02,False,10000,74,0.0,0,0.8,0.6,0,0.5,10,9.5,10,rrt_20260613_072902_824.png
20260613_072904_064,2026-06-13 07:29:04,False,10000,45,0.0,0,0.8,0.6,0,0.5,10,9.5,10,rrt_20260613_072904_064.png
20260613_072905_643,2026-06-13 07:29:05,False,10000,64,0.0,0,0.8,0.6,0,0.5,10,9.5,10,rrt_20260613_072905_643.png
20260613_072906_135,2026-06-13 07:29:06,True,1346,64,18.400000000000002,24,0.8,0.6,0,0.5,10,9.5,10,rrt_20260613_072906_135.png
20260613_072907_468,2026-06-13 07:29:07,False,10000,66,0.0,0,0.8,0.6,0,0.5,10,9.5,10,rrt_20260613_072907_468.png
20260613_072908_986,2026-06-13 07:29:08,False,10000,71,0.0,0,0.8,0.6,0,0.5,10,9.5,10,rrt_20260613_072908_986.png
20260613_072910_290,2026-06-13 07:29:10,False,10000,48,0.0,0,0.8,0.6,0,0.5,10,9.5,10,rrt_20260613_072910_290.png
20260613_072910_722,2026-06-13 07:29:10,True,371,50,16.8,22,0.8,0.6,0,0.5,10,9.5,10,rrt_20260613_072910_722.png
20260613_072911_702,2026-06-13 07:29:11,False,10000,39,0.0,0,0.8,0.6,0,0.5,10,9.5,10,rrt_20260613_072911_702.png
20260613_072912_557,2026-06-13 07:29:12,False,10000,25,0.0,0,0.8,0.7,0,0.5,10,9.5,10,rrt_20260613_072912_557.png
20260613_072913_958,2026-06-13 07:29:13,False,10000,56,0.0,0,0.8,0.7,0,0.5,10,9.5,10,rrt_20260613_072913_958.png
20260613_072915_424,2026-06-13 07:29:15,False,10000,59,0.0,0,0.8,0.7,0,0.5,10,9.5,10,rrt_20260613_072915_424.png
20260613_072916_783,2026-06-13 07:29:16,False,10000,58,0.0,0,0.8,0.7,0,0.5,10,9.5,10,rrt_20260613_072916_783.png
20260613_072918_091,2026-06-13 07:29:18,False,10000,54,0.0,0,0.8,0.7,0,0.5,10,9.5,10,rrt_20260613_072918_091.png
20260613_072918_571,2026-06-13 07:29:18,True,387,59,16.0,21,0.8,0.7,0,0.5,10,9.5,10,rrt_20260613_072918_571.png
20260613_072918_864,2026-06-13 07:29:18,True,225,37,15.999999999999996,21,0.8,0.7,0,0.5,10,9.5,10,rrt_20260613_072918_864.png
20260613_072920_005,2026-06-13 07:29:20,False,10000,39,0.0,0,0.8,0.7,0,0.5,10,9.5,10,rrt_20260613_072920_005.png
20260613_072920_514,2026-06-13 07:29:20,True,823,58,16.800000000000004,22,0.8,0.7,0,0.5,10,9.5,10,rrt_20260613_072920_514.png
20260613_072921_408,2026-06-13 07:29:21,False,10000,25,0.0,0,0.8,0.7,0,0.5,10,9.5,10,rrt_20260613_072921_408.png
20260613_072923_023,2026-06-13 07:29:23,False,10000,80,0.0,0,0.8,0.7,0,0.5,10,9.5,10,rrt_20260613_072923_023.png
20260613_072923_558,2026-06-13 07:29:23,True,790,69,17.599999999999998,23,0.8,0.7,0,0.5,10,9.5,10,rrt_20260613_072923_558.png
20260613_072923_885,2026-06-13 07:29:23,True,498,57,19.20000000000001,25,0.8,0.7,0,0.5,10,9.5,10,rrt_20260613_072923_885.png
20260613_072924_980,2026-06-13 07:29:24,False,10000,47,0.0,0,0.8,0.7,0,0.5,10,9.5,10,rrt_20260613_072924_980.png
20260613_072925_881,2026-06-13 07:29:25,False,10000,25,0.0,0,0.8,0.7,0,0.5,10,9.5,10,rrt_20260613_072925_881.png
20260613_072926_729,2026-06-13 07:29:26,False,10000,23,0.0,0,0.8,0.7,0,0.5,10,9.5,10,rrt_20260613_072926_729.png
20260613_072927_065,2026-06-13 07:29:27,True,740,47,17.6,23,0.8,0.7,0,0.5,10,9.5,10,rrt_20260613_072927_065.png
20260613_072928_270,2026-06-13 07:29:28,False,10000,50,0.0,0,0.8,0.7,0,0.5,10,9.5,10,rrt_20260613_072928_270.png
20260613_072929_705,2026-06-13 07:29:29,False,10000,57,0.0,0,0.8,0.7,0,0.5,10,9.5,10,rrt_20260613_072929_705.png
20260613_072930_242,2026-06-13 07:29:30,True,710,65,17.599999999999998,23,0.8,0.7,0,0.5,10,9.5,10,rrt_20260613_072930_242.png
20260613_072931_715,2026-06-13 07:29:31,False,10000,67,0.0,0,0.8,0.7,0,0.5,10,9.5,10,rrt_20260613_072931_715.png
20260613_072932_815,2026-06-13 07:29:32,False,10000,29,0.0,0,0.8,0.7,0,0.5,10,9.5,10,rrt_20260613_072932_815.png
20260613_072934_184,2026-06-13 07:29:34,False,10000,60,0.0,0,0.8,0.7,0,0.5,10,9.5,10,rrt_20260613_072934_184.png
20260613_072934_676,2026-06-13 07:29:34,True,500,48,17.6,23,0.8,0.7,0,0.5,10,9.5,10,rrt_20260613_072934_676.png
20260613_072935_588,2026-06-13 07:29:35,False,10000,31,0.0,0,0.8,0.7,0,0.5,10,9.5,10,rrt_20260613_072935_588.png
20260613_072937_135,2026-06-13 07:29:37,False,10000,79,0.0,0,0.8,0.7,0,0.5,10,9.5,10,rrt_20260613_072937_135.png
20260613_072938_676,2026-06-13 07:29:38,False,10000,65,0.0,0,0.8,0.7,0,0.5,10,9.5,10,rrt_20260613_072938_676.png
20260613_072939_063,2026-06-13 07:29:39,True,429,54,17.599999999999998,23,0.8,0.7,0,0.5,10,9.5,10,rrt_20260613_072939_063.png
20260613_072939_382,2026-06-13 07:29:39,True,379,57,18.400000000000006,24,0.8,0.7,0,0.5,10,9.5,10,rrt_20260613_072939_382.png
20260613_072939_672,2026-06-13 07:29:39,True,553,66,18.400000000000006,24,0.8,0.7,0,0.5,10,9.5,10,rrt_20260613_072939_672.png
20260613_072941_130,2026-06-13 07:29:41,False,10000,77,0.0,0,0.8,0.7,0,0.5,10,9.5,10,rrt_20260613_072941_130.png
20260613_072942_543,2026-06-13 07:29:42,False,10000,65,0.0,0,0.8,0.7,0,0.5,10,9.5,10,rrt_20260613_072942_543.png
20260613_072943_855,2026-06-13 07:29:43,False,10000,55,0.0,0,0.8,0.7,0,0.5,10,9.5,10,rrt_20260613_072943_855.png
20260613_072944_339,2026-06-13 07:29:44,True,1415,74,18.400000000000006,24,0.8,0.7,0,0.5,10,9.5,10,rrt_20260613_072944_339.png
20260613_072945_732,2026-06-13 07:29:45,False,10000,65,0.0,0,0.8,0.7,0,0.5,10,9.5,10,rrt_20260613_072945_732.png
20260613_072947_224,2026-06-13 07:29:47,False,10000,56,0.0,0,0.8,0.7,0,0.5,10,9.5,10,rrt_20260613_072947_224.png
20260613_072948_606,2026-06-13 07:29:48,False,10000,61,0.0,0,0.8,0.7,0,0.5,10,9.5,10,rrt_20260613_072948_606.png
20260613_072949_995,2026-06-13 07:29:49,False,10000,56,0.0,0,0.8,0.7,0,0.5,10,9.5,10,rrt_20260613_072949_995.png
20260613_072951_339,2026-06-13 07:29:51,False,10000,59,0.0,0,0.8,0.7,0,0.5,10,9.5,10,rrt_20260613_072951_339.png
20260613_072952_753,2026-06-13 07:29:52,False,10000,60,0.0,0,0.8,0.7,0,0.5,10,9.5,10,rrt_20260613_072952_753.png
20260613_072954_132,2026-06-13 07:29:54,False,10000,61,0.0,0,0.8,0.7,0,0.5,10,9.5,10,rrt_20260613_072954_132.png
20260613_072955_460,2026-06-13 07:29:55,False,10000,59,0.0,0,0.8,0.7,0,0.5,10,9.5,10,rrt_20260613_072955_460.png
20260613_072956_787,2026-06-13 07:29:56,False,10000,57,0.0,0,0.8,0.7,0,0.5,10,9.5,10,rrt_20260613_072956_787.png
20260613_072957_388,2026-06-13 07:29:57,True,1614,68,19.200000000000003,25,0.8,0.7,0,0.5,10,9.5,10,rrt_20260613_072957_388.png
20260613_072958_561,2026-06-13 07:29:58,False,10000,56,0.0,0,0.8,0.7,0,0.5,10,9.5,10,rrt_20260613_072958_561.png
20260613_072958_989,2026-06-13 07:29:58,True,440,38,19.2,25,0.8,0.7,0,0.5,10,9.5,10,rrt_20260613_072958_989.png
20260613_073000_232,2026-06-13 07:30:00,False,10000,60,0.0,0,0.8,0.7,0,0.5,10,9.5,10,rrt_20260613_073000_232.png
20260613_073001_193,2026-06-13 07:30:01,False,10000,22,0.0,0,0.8,0.7,0,0.5,10,9.5,10,rrt_20260613_073001_193.png
20260613_073002_527,2026-06-13 07:30:02,False,10000,55,0.0,0,0.8,0.7,0,0.5,10,9.5,10,rrt_20260613_073002_527.png
20260613_073003_932,2026-06-13 07:30:03,False,10000,58,0.0,0,0.8,0.7,0,0.5,10,9.5,10,rrt_20260613_073003_932.png
20260613_073004_426,2026-06-13 07:30:04,True,228,40,17.600000000000005,23,0.8,0.7,0,0.5,10,9.5,10,rrt_20260613_073004_426.png
20260613_073005_771,2026-06-13 07:30:05,False,10000,64,0.0,0,0.8,0.7,0,0.5,10,9.5,10,rrt_20260613_073005_771.png
20260613_073006_505,2026-06-13 07:30:06,True,2150,72,16.800000000000004,22,0.8,0.7,0,0.5,10,9.5,10,rrt_20260613_073006_505.png
20260613_073006_812,2026-06-13 07:30:06,True,547,63,16.800000000000004,22,0.8,0.7,0,0.5,10,9.5,10,rrt_20260613_073006_812.png
20260613_073008_090,2026-06-13 07:30:08,False,10000,63,0.0,0,0.8,0.7,0,0.5,10,9.5,10,rrt_20260613_073008_090.png
20260613_073009_612,2026-06-13 07:30:09,False,10000,64,0.0,0,0.8,0.7,0,0.5,10,9.5,10,rrt_20260613_073009_612.png
20260613_073010_965,2026-06-13 07:30:10,False,10000,45,0.0,0,0.8,0.7,0,0.5,10,9.5,10,rrt_20260613_073010_965.png
20260613_073012_420,2026-06-13 07:30:12,False,10000,53,0.0,0,0.8,0.7,0,0.5,10,9.5,10,rrt_20260613_073012_420.png
20260613_073013_827,2026-06-13 07:30:13,False,10000,59,0.0,0,0.8,0.7,0,0.5,10,9.5,10,rrt_20260613_073013_827.png
20260613_073014_962,2026-06-13 07:30:14,False,10000,42,0.0,0,0.8,0.7,0,0.5,10,9.5,10,rrt_20260613_073014_962.png
20260613_073016_394,2026-06-13 07:30:16,False,10000,67,0.0,0,0.8,0.7,0,0.5,10,9.5,10,rrt_20260613_073016_394.png
20260613_073017_957,2026-06-13 07:30:17,False,10000,68,0.0,0,0.8,0.7,0,0.5,10,9.5,10,rrt_20260613_073017_957.png
20260613_073019_165,2026-06-13 07:30:19,False,10000,48,0.0,0,0.8,0.7,0,0.5,10,9.5,10,rrt_20260613_073019_165.png
20260613_073020_639,2026-06-13 07:30:20,False,10000,60,0.0,0,0.8,0.7,0,0.5,10,9.5,10,rrt_20260613_073020_639.png
20260613_073021_161,2026-06-13 07:30:21,True,687,64,19.200000000000006,25,0.8,0.7,0,0.5,10,9.5,10,rrt_20260613_073021_161.png
20260613_073022_234,2026-06-13 07:30:22,False,10000,45,0.0,0,0.8,0.7,0,0.5,10,9.5,10,rrt_20260613_073022_234.png
20260613_073023_674,2026-06-13 07:30:23,False,10000,68,0.0,0,0.8,0.7,0,0.5,10,9.5,10,rrt_20260613_073023_674.png
20260613_073024_967,2026-06-13 07:30:24,False,10000,51,0.0,0,0.8,0.7,0,0.5,10,9.5,10,rrt_20260613_073024_967.png
20260613_073026_476,2026-06-13 07:30:26,False,10000,62,0.0,0,0.8,0.7,0,0.5,10,9.5,10,rrt_20260613_073026_476.png
20260613_073027_815,2026-06-13 07:30:27,False,10000,56,0.0,0,0.8,0.7,0,0.5,10,9.5,10,rrt_20260613_073027_815.png
20260613_073029_027,2026-06-13 07:30:29,False,10000,36,0.0,0,0.8,0.7,0,0.5,10,9.5,10,rrt_20260613_073029_027.png
20260613_073029_463,2026-06-13 07:30:29,True,574,44,21.600000000000012,28,0.8,0.7,0,0.5,10,9.5,10,rrt_20260613_073029_463.png
20260613_073029_711,2026-06-13 07:30:29,True,136,43,16.8,22,0.8,0.7,0,0.5,10,9.5,10,rrt_20260613_073029_711.png
20260613_073030_681,2026-06-13 07:30:30,False,10000,30,0.0,0,0.8,0.7,0,0.5,10,9.5,10,rrt_20260613_073030_681.png
20260613_073032_032,2026-06-13 07:30:32,False,10000,59,0.0,0,0.8,0.7,0,0.5,10,9.5,10,rrt_20260613_073032_032.png
20260613_073033_289,2026-06-13 07:30:33,False,10000,55,0.0,0,0.8,0.7,0,0.5,10,9.5,10,rrt_20260613_073033_289.png
20260613_073033_683,2026-06-13 07:30:33,True,271,44,16.0,21,0.8,0.7,0,0.5,10,9.5,10,rrt_20260613_073033_683.png
20260613_073033_941,2026-06-13 07:30:33,True,500,48,16.8,22,0.8,0.7,0,0.5,10,9.5,10,rrt_20260613_073033_941.png
20260613_073034_910,2026-06-13 07:30:34,False,10000,32,0.0,0,0.8,0.7,0,0.5,10,9.5,10,rrt_20260613_073034_910.png
20260613_073036_410,2026-06-13 07:30:36,False,10000,63,0.0,0,0.8,0.7,0,0.5,10,9.5,10,rrt_20260613_073036_410.png
20260613_073036_792,2026-06-13 07:30:36,True,100,31,16.799999999999997,22,0.8,0.7,0,0.5,10,9.5,10,rrt_20260613_073036_792.png
20260613_073038_083,2026-06-13 07:30:38,False,10000,61,0.0,0,0.8,0.7,0,0.5,10,9.5,10,rrt_20260613_073038_083.png
20260613_073039_548,2026-06-13 07:30:39,False,10000,51,0.0,0,0.8,0.7,0,0.5,10,9.5,10,rrt_20260613_073039_548.png
20260613_073040_975,2026-06-13 07:30:40,False,10000,57,0.0,0,0.8,0.7,0,0.5,10,9.5,10,rrt_20260613_073040_975.png
20260613_073042_303,2026-06-13 07:30:42,False,10000,62,0.0,0,0.8,0.7,0,0.5,10,9.5,10,rrt_20260613_073042_303.png
20260613_073043_495,2026-06-13 07:30:43,False,10000,40,0.0,0,0.8,0.7,0,0.5,10,9.5,10,rrt_20260613_073043_495.png
20260613_073044_539,2026-06-13 07:30:44,False,10000,33,0.0,0,0.8,0.7,0,0.5,10,9.5,10,rrt_20260613_073044_539.png
20260613_073045_907,2026-06-13 07:30:45,False,10000,48,0.0,0,0.8,0.7,0,0.5,10,9.5,10,rrt_20260613_073045_907.png
20260613_073047_402,2026-06-13 07:30:47,False,10000,77,0.0,0,0.8,0.7,0,0.5,10,9.5,10,rrt_20260613_073047_402.png
20260613_073048_636,2026-06-13 07:30:48,False,10000,49,0.0,0,0.8,0.7,0,0.5,10,9.5,10,rrt_20260613_073048_636.png
20260613_073049_878,2026-06-13 07:30:49,False,10000,44,0.0,0,0.8,0.7,0,0.5,10,9.5,10,rrt_20260613_073049_878.png
20260613_073051_303,2026-06-13 07:30:51,False,10000,60,0.0,0,0.8,0.7,0,0.5,10,9.5,10,rrt_20260613_073051_303.png
20260613_073051_647,2026-06-13 07:30:51,True,492,68,16.799999999999997,22,0.8,0.7,0,0.5,10,9.5,10,rrt_20260613_073051_647.png
20260613_073052_661,2026-06-13 07:30:52,False,10000,44,0.0,0,0.8,0.7,0,0.5,10,9.5,10,rrt_20260613_073052_661.png
20260613_073053_133,2026-06-13 07:30:53,True,636,50,19.200000000000006,25,0.8,0.7,0,0.5,10,9.5,10,rrt_20260613_073053_133.png
20260613_073054_203,2026-06-13 07:30:54,False,10000,49,0.0,0,0.8,0.7,0,0.5,10,9.5,10,rrt_20260613_073054_203.png
20260613_073055_492,2026-06-13 07:30:55,False,10000,51,0.0,0,0.8,0.7,0,0.5,10,9.5,10,rrt_20260613_073055_492.png
20260613_073055_849,2026-06-13 07:30:55,True,247,42,20.800000000000008,27,0.8,0.7,0,0.5,10,9.5,10,rrt_20260613_073055_849.png
20260613_073056_698,2026-06-13 07:30:56,False,10000,24,0.0,0,0.8,0.7,0,0.5,10,9.5,10,rrt_20260613_073056_698.png
20260613_073058_232,2026-06-13 07:30:58,False,10000,59,0.0,0,0.8,0.7,0,0.5,10,9.5,10,rrt_20260613_073058_232.png
20260613_073059_490,2026-06-13 07:30:59,False,10000,49,0.0,0,0.8,0.8,0,0.5,10,9.5,10,rrt_20260613_073059_490.png
20260613_073100_988,2026-06-13 07:31:00,False,10000,62,0.0,0,0.8,0.8,0,0.5,10,9.5,10,rrt_20260613_073100_988.png
20260613_073102_340,2026-06-13 07:31:02,False,10000,64,0.0,0,0.8,0.8,0,0.5,10,9.5,10,rrt_20260613_073102_340.png
20260613_073103_785,2026-06-13 07:31:03,False,10000,66,0.0,0,0.8,0.8,0,0.5,10,9.5,10,rrt_20260613_073103_785.png
20260613_073104_897,2026-06-13 07:31:04,False,10000,38,0.0,0,0.8,0.8,0,0.5,10,9.5,10,rrt_20260613_073104_897.png
20260613_073106_353,2026-06-13 07:31:06,False,10000,60,0.0,0,0.8,0.8,0,0.5,10,9.5,10,rrt_20260613_073106_353.png
20260613_073107_778,2026-06-13 07:31:07,False,10000,60,0.0,0,0.8,0.8,0,0.5,10,9.5,10,rrt_20260613_073107_778.png
20260613_073109_115,2026-06-13 07:31:09,False,10000,62,0.0,0,0.8,0.8,0,0.5,10,9.5,10,rrt_20260613_073109_115.png
20260613_073110_158,2026-06-13 07:31:10,False,10000,29,0.0,0,0.8,0.8,0,0.5,10,9.5,10,rrt_20260613_073110_158.png
20260613_073111_705,2026-06-13 07:31:11,False,10000,80,0.0,0,0.8,0.8,0,0.5,10,9.5,10,rrt_20260613_073111_705.png
20260613_073113_085,2026-06-13 07:31:13,False,10000,66,0.0,0,0.8,0.8,0,0.5,10,9.5,10,rrt_20260613_073113_085.png
20260613_073113_448,2026-06-13 07:31:13,True,287,45,15.999999999999995,21,0.8,0.8,0,0.5,10,9.5,10,rrt_20260613_073113_448.png
20260613_073114_625,2026-06-13 07:31:14,False,10000,57,0.0,0,0.8,0.8,0,0.5,10,9.5,10,rrt_20260613_073114_625.png
20260613_073115_077,2026-06-13 07:31:15,True,642,53,17.600000000000005,23,0.8,0.8,0,0.5,10,9.5,10,rrt_20260613_073115_077.png
20260613_073116_092,2026-06-13 07:31:16,False,10000,41,0.0,0,0.8,0.8,0,0.5,10,9.5,10,rrt_20260613_073116_092.png
20260613_073116_513,2026-06-13 07:31:16,True,779,92,16.800000000000004,22,0.8,0.8,0,0.5,10,9.5,10,rrt_20260613_073116_513.png
20260613_073117_710,2026-06-13 07:31:17,False,10000,61,0.0,0,0.8,0.8,0,0.5,10,9.5,10,rrt_20260613_073117_710.png
20260613_073118_185,2026-06-13 07:31:18,True,511,49,16.800000000000008,22,0.8,0.8,0,0.5,10,9.5,10,rrt_20260613_073118_185.png
20260613_073119_671,2026-06-13 07:31:19,False,10000,79,0.0,0,0.8,0.8,0,0.5,10,9.5,10,rrt_20260613_073119_671.png
20260613_073120_088,2026-06-13 07:31:20,True,762,47,19.200000000000006,25,0.8,0.8,0,0.5,10,9.5,10,rrt_20260613_073120_088.png
20260613_073120_353,2026-06-13 07:31:20,True,589,60,17.600000000000005,23,0.8,0.8,0,0.5,10,9.5,10,rrt_20260613_073120_353.png
20260613_073120_580,2026-06-13 07:31:20,True,294,51,16.799999999999997,22,0.8,0.8,0,0.5,10,9.5,10,rrt_20260613_073120_580.png
20260613_073121_379,2026-06-13 07:31:21,False,10000,23,0.0,0,0.8,0.8,0,0.5,10,9.5,10,rrt_20260613_073121_379.png
20260613_073122_775,2026-06-13 07:31:22,False,10000,60,0.0,0,0.8,0.8,0,0.5,10,9.5,10,rrt_20260613_073122_775.png
20260613_073124_181,2026-06-13 07:31:24,False,10000,68,0.0,0,0.8,0.8,0,0.5,10,9.5,10,rrt_20260613_073124_181.png
20260613_073125_492,2026-06-13 07:31:25,False,10000,57,0.0,0,0.8,0.8,0,0.5,10,9.5,10,rrt_20260613_073125_492.png
20260613_073126_942,2026-06-13 07:31:26,False,10000,63,0.0,0,0.8,0.8,0,0.5,10,9.5,10,rrt_20260613_073126_942.png
20260613_073128_387,2026-06-13 07:31:28,False,10000,62,0.0,0,0.8,0.8,0,0.5,10,9.5,10,rrt_20260613_073128_387.png
20260613_073129_583,2026-06-13 07:31:29,False,10000,50,0.0,0,0.8,0.8,0,0.5,10,9.5,10,rrt_20260613_073129_583.png
20260613_073130_050,2026-06-13 07:31:30,True,1186,68,20.000000000000004,26,0.8,0.8,0,0.5,10,9.5,10,rrt_20260613_073130_050.png
20260613_073130_321,2026-06-13 07:31:30,True,549,60,18.400000000000006,24,0.8,0.8,0,0.5,10,9.5,10,rrt_20260613_073130_321.png
20260613_073131_393,2026-06-13 07:31:31,False,10000,48,0.0,0,0.8,0.8,0,0.5,10,9.5,10,rrt_20260613_073131_393.png
20260613_073132_778,2026-06-13 07:31:32,False,10000,65,0.0,0,0.8,0.8,0,0.5,10,9.5,10,rrt_20260613_073132_778.png
20260613_073133_997,2026-06-13 07:31:33,False,10000,48,0.0,0,0.8,0.8,0,0.5,10,9.5,10,rrt_20260613_073133_997.png
20260613_073135_406,2026-06-13 07:31:35,False,10000,59,0.0,0,0.8,0.8,0,0.5,10,9.5,10,rrt_20260613_073135_406.png
20260613_073136_588,2026-06-13 07:31:36,False,10000,43,0.0,0,0.8,0.8,0,0.5,10,9.5,10,rrt_20260613_073136_588.png
20260613_073138_002,2026-06-13 07:31:38,False,10000,58,0.0,0,0.8,0.8,0,0.5,10,9.5,10,rrt_20260613_073138_002.png
20260613_073139_556,2026-06-13 07:31:39,False,10000,82,0.0,0,0.8,0.8,0,0.5,10,9.5,10,rrt_20260613_073139_556.png
20260613_074748_668,2026-06-13 07:47:48,False,10000,55,0.0,0,0.8,0.8,0,0.5,10,9.5,10,rrt_20260613_074748_668.png
20260613_074749_893,2026-06-13 07:47:49,False,10000,41,0.0,0,0.8,0.8,0,0.5,10,9.5,10,rrt_20260613_074749_893.png
20260613_074751_383,2026-06-13 07:47:51,False,10000,68,0.0,0,0.8,0.8,0,0.5,10,9.5,10,rrt_20260613_074751_383.png
20260613_074752_875,2026-06-13 07:47:52,False,10000,58,0.0,0,0.8,0.8,0,0.5,10,9.5,10,rrt_20260613_074752_875.png
20260613_074754_311,2026-06-13 07:47:54,False,10000,61,0.0,0,0.8,0.8,0,0.5,10,9.5,10,rrt_20260613_074754_311.png
20260613_074755_802,2026-06-13 07:47:55,False,10000,64,0.0,0,0.8,0.8,0,0.5,10,9.5,10,rrt_20260613_074755_802.png
20260613_074757_400,2026-06-13 07:47:57,False,10000,62,0.0,0,0.8,0.8,0,0.5,10,9.5,10,rrt_20260613_074757_400.png
20260613_074758_878,2026-06-13 07:47:58,False,10000,68,0.0,0,0.8,0.8,0,0.5,10,9.5,10,rrt_20260613_074758_878.png
20260613_074800_355,2026-06-13 07:48:00,False,10000,71,0.0,0,0.8,0.8,0,0.5,10,9.5,10,rrt_20260613_074800_355.png
20260613_074801_801,2026-06-13 07:48:01,False,10000,69,0.0,0,0.8,0.8,0,0.5,10,9.5,10,rrt_20260613_074801_801.png
20260613_074803_522,2026-06-13 07:48:03,False,10000,78,0.0,0,0.8,0.8,0,0.5,10,9.5,10,rrt_20260613_074803_522.png
20260613_074804_919,2026-06-13 07:48:04,False,10000,55,0.0,0,0.8,0.8,0,0.5,10,9.5,10,rrt_20260613_074804_919.png
20260613_074805_318,2026-06-13 07:48:05,True,500,39,20.000000000000007,26,0.8,0.8,0,0.5,10,9.5,10,rrt_20260613_074805_318.png
20260613_074806_233,2026-06-13 07:48:06,False,10000,28,0.0,0,0.8,0.8,0,0.5,10,9.5,10,rrt_20260613_074806_233.png
20260613_074807_679,2026-06-13 07:48:07,False,10000,57,0.0,0,0.8,0.8,0,0.5,10,9.5,10,rrt_20260613_074807_679.png
20260613_074809_024,2026-06-13 07:48:09,False,10000,53,0.0,0,0.8,0.8,0,0.5,10,9.5,10,rrt_20260613_074809_024.png
20260613_074809_957,2026-06-13 07:48:09,False,10000,25,0.0,0,0.8,0.8,0,0.5,10,9.5,10,rrt_20260613_074809_957.png
20260613_074811_198,2026-06-13 07:48:11,False,10000,57,0.0,0,0.8,0.8,0,0.5,10,9.5,10,rrt_20260613_074811_198.png
20260613_074812_492,2026-06-13 07:48:12,False,10000,44,0.0,0,0.8,0.8,0,0.5,10,9.5,10,rrt_20260613_074812_492.png
20260613_074812_886,2026-06-13 07:48:12,True,372,54,19.200000000000003,25,0.8,0.8,0,0.5,10,9.5,10,rrt_20260613_074812_886.png
20260613_074814_074,2026-06-13 07:48:14,False,10000,57,0.0,0,0.8,0.8,0,0.5,10,9.5,10,rrt_20260613_074814_074.png
20260613_074815_500,2026-06-13 07:48:15,False,10000,69,0.0,0,0.8,0.8,0,0.5,10,9.5,10,rrt_20260613_074815_500.png
20260613_074815_908,2026-06-13 07:48:15,True,275,45,18.400000000000006,24,0.8,0.8,0,0.5,10,9.5,10,rrt_20260613_074815_908.png
20260613_074817_158,2026-06-13 07:48:17,False,10000,50,0.0,0,0.8,0.8,0,0.5,10,9.5,10,rrt_20260613_074817_158.png
20260613_074818_361,2026-06-13 07:48:18,False,10000,47,0.0,0,0.8,0.8,0,0.5,10,9.5,10,rrt_20260613_074818_361.png
20260613_074819_283,2026-06-13 07:48:19,False,10000,24,0.0,0,0.8,0.8,0,0.5,10,9.5,10,rrt_20260613_074819_283.png
20260613_074820_627,2026-06-13 07:48:20,False,10000,63,0.0,0,0.8,0.8,0,0.5,10,9.5,10,rrt_20260613_074820_627.png
20260613_074822_015,2026-06-13 07:48:22,False,10000,57,0.0,0,0.8,0.8,0,0.5,10,9.5,10,rrt_20260613_074822_015.png
20260613_074823_332,2026-06-13 07:48:23,False,10000,61,0.0,0,0.8,0.8,0,0.5,10,9.5,10,rrt_20260613_074823_332.png
20260613_074824_759,2026-06-13 07:48:24,False,10000,59,0.0,0,0.8,0.8,0,0.5,10,9.5,10,rrt_20260613_074824_759.png
20260613_074826_110,2026-06-13 07:48:26,False,10000,55,0.0,0,0.8,0.8,0,0.5,10,9.5,10,rrt_20260613_074826_110.png
20260613_074827_391,2026-06-13 07:48:27,False,10000,44,0.0,0,0.8,0.8,0,0.5,10,9.5,10,rrt_20260613_074827_391.png
20260613_074829_238,2026-06-13 07:48:29,False,10000,92,0.0,0,0.8,0.8,0,0.5,10,9.5,10,rrt_20260613_074829_238.png
20260613_074829_645,2026-06-13 07:48:29,True,250,41,16.0,21,0.8,0.8,0,0.5,10,9.5,10,rrt_20260613_074829_645.png
20260613_074830_820,2026-06-13 07:48:30,False,10000,60,0.0,0,0.8,0.8,0,0.5,10,9.5,10,rrt_20260613_074830_820.png
20260613_074832_225,2026-06-13 07:48:32,False,10000,62,0.0,0,0.8,0.8,0,0.5,10,9.5,10,rrt_20260613_074832_225.png
20260613_074832_593,2026-06-13 07:48:32,True,610,73,18.400000000000002,24,0.8,0.8,0,0.5,10,9.5,10,rrt_20260613_074832_593.png
20260613_074833_827,2026-06-13 07:48:33,False,10000,62,0.0,0,0.8,0.8,0,0.5,10,9.5,10,rrt_20260613_074833_827.png
20260613_074834_987,2026-06-13 07:48:34,False,10000,44,0.0,0,0.8,0.8,0,0.5,10,9.5,10,rrt_20260613_074834_987.png
20260613_080350_768,2026-06-13 08:03:50,False,10000,52,0.0,0,0.8,0.8,0,0.5,10,9.5,10,rrt_20260613_080350_768.png
20260613_080352_199,2026-06-13 08:03:52,False,10000,49,0.0,0,0.8,0.8,0,0.5,10,9.5,10,rrt_20260613_080352_199.png
20260613_080353_658,2026-06-13 08:03:53,False,10000,52,0.0,0,0.8,0.8,0,0.5,10,9.5,10,rrt_20260613_080353_658.png
20260613_080355_167,2026-06-13 08:03:55,False,10000,66,0.0,0,0.8,0.8,0,0.5,10,9.5,10,rrt_20260613_080355_167.png
20260613_080356_532,2026-06-13 08:03:56,False,10000,55,0.0,0,0.8,0.8,0,0.5,10,9.5,10,rrt_20260613_080356_532.png
20260613_080357_058,2026-06-13 08:03:57,True,498,54,17.600000000000005,23,0.8,0.8,0,0.5,10,9.5,10,rrt_20260613_080357_058.png
20260613_080358_941,2026-06-13 08:03:58,False,10000,89,0.0,0,0.8,0.8,0,0.5,10,9.5,10,rrt_20260613_080358_941.png
20260613_080400_315,2026-06-13 08:04:00,False,10000,58,0.0,0,0.8,0.8,0,0.5,10,9.5,10,rrt_20260613_080400_315.png
20260613_080400_717,2026-06-13 08:04:00,True,502,52,20.000000000000004,26,0.8,0.8,0,0.5,10,9.5,10,rrt_20260613_080400_717.png
20260613_080402_110,2026-06-13 08:04:02,False,10000,68,0.0,0,0.8,0.8,0,0.5,10,9.5,10,rrt_20260613_080402_110.png
20260613_080403_054,2026-06-13 08:04:03,False,10000,23,0.0,0,0.8,0.8,0,0.5,10,9.5,10,rrt_20260613_080403_054.png
20260613_080403_483,2026-06-13 08:04:03,True,183,45,16.8,22,0.8,0.8,0,0.5,10,9.5,10,rrt_20260613_080403_483.png
20260613_080404_574,2026-06-13 08:04:04,False,10000,49,0.0,0,0.8,0.8,0,0.5,10,9.5,10,rrt_20260613_080404_574.png
20260613_080405_908,2026-06-13 08:04:05,False,10000,49,0.0,0,0.8,0.8,0,0.5,10,9.5,10,rrt_20260613_080405_908.png
20260613_080407_282,2026-06-13 08:04:07,False,10000,34,0.0,0,0.8,0.8,0,0.5,10,9.5,10,rrt_20260613_080407_282.png
20260613_080408_858,2026-06-13 08:04:08,False,10000,74,0.0,0,0.8,0.8,0,0.5,10,9.5,10,rrt_20260613_080408_858.png
20260613_080410_256,2026-06-13 08:04:10,False,10000,48,0.0,0,0.8,0.8,0,0.5,10,9.5,10,rrt_20260613_080410_256.png
20260613_080410_646,2026-06-13 08:04:10,True,156,39,16.799999999999997,22,0.8,0.8,0,0.5,10,9.5,10,rrt_20260613_080410_646.png
20260613_080412_076,2026-06-13 08:04:12,False,10000,71,0.0,0,0.8,0.8,0,0.5,10,9.5,10,rrt_20260613_080412_076.png
20260613_080413_370,2026-06-13 08:04:13,False,10000,53,0.0,0,0.8,0.8,0,0.5,10,9.5,10,rrt_20260613_080413_370.png
20260613_080413_837,2026-06-13 08:04:13,True,426,57,19.200000000000006,25,0.8,0.8,0,0.5,10,9.5,10,rrt_20260613_080413_837.png
20260613_080414_874,2026-06-13 08:04:14,False,10000,44,0.0,0,0.8,0.8,0,0.5,10,9.5,10,rrt_20260613_080414_874.png
20260613_080416_127,2026-06-13 08:04:16,False,10000,50,0.0,0,0.8,0.8,0,0.5,10,9.5,10,rrt_20260613_080416_127.png
20260619_084631_897,2026-06-19 08:46:31,False,1000,70,0.0,0,0.3,0.3,0,0.5,10,9.5,10,rrt_20260619_084631_897.png
20260619_084704_061,2026-06-19 08:47:04,False,1000,68,0.0,0,0.3,0.3,0,0.5,10,9.5,10,rrt_20260619_084704_061.png
