run_key,timestamp,path_found,iterations,nodes_in_tree,path_length,path_nodes,step_size,random_rate,goal_tolerance,start_x,start_y,goal_x,goal_y,map_size,image_filename
20260807_172611_412,2026-08-07 17:26:11,True,6177,186,19.200000000000003,49,0.4,0.1,0.3,0,0.5,10,9.5,10,rrt_20260807_172611_412.png
20260807_172613_743,2026-08-07 17:26:13,False,10000,189,0.0,0,0.4,0.1,0.3,0,0.5,10,9.5,10,rrt_20260807_172613_743.png
20260807_172616_706,2026-08-07 17:26:16,False,10000,231,0.0,0,0.4,0.1,0.3,0,0.5,10,9.5,10,rrt_20260807_172616_706.png
20260807_172619_906,2026-08-07 17:26:19,False,10000,252,0.0,0,0.4,0.1,0.3,0,0.5,10,9.5,10,rrt_20260807_172619_906.png
20260807_172622_061,2026-08-07 17:26:22,True,7933,208,18.000000000000014,46,0.4,0.1,0.3,0,0.5,10,9.5,10,rrt_20260807_172622_061.png
20260807_172623_748,2026-08-07 17:26:23,True,6465,219,18.309214622136448,47,0.4,0.1,0.3,0,0.5,10,9.5,10,rrt_20260807_172623_748.png
20260807_172626_216,2026-08-07 17:26:26,False,10000,224,0.0,0,0.4,0.1,0.3,0,0.5,10,9.5,10,rrt_20260807_172626_216.png
20260807_172627_421,2026-08-07 17:26:27,True,4747,177,18.093921988495318,47,0.4,0.1,0.3,0,0.5,10,9.5,10,rrt_20260807_172627_421.png
20260807_172629_185,2026-08-07 17:26:29,True,7682,193,18.4,47,0.4,0.1,0.3,0,0.5,10,9.5,10,rrt_20260807_172629_185.png
20260807_172631_465,2026-08-07 17:26:31,False,10000,218,0.0,0,0.4,0.1,0.3,0,0.5,10,9.5,10,rrt_20260807_172631_465.png
20260807_172633_121,2026-08-07 17:26:33,True,5589,220,16.800000000000004,43,0.4,0.1,0.3,0,0.5,10,9.5,10,rrt_20260807_172633_121.png
20260807_172636_422,2026-08-07 17:26:36,False,10000,264,0.0,0,0.4,0.1,0.3,0,0.5,10,9.5,10,rrt_20260807_172636_422.png
20260807_172638_861,2026-08-07 17:26:38,False,10000,212,0.0,0,0.4,0.1,0.3,0,0.5,10,9.5,10,rrt_20260807_172638_861.png
20260807_172641_792,2026-08-07 17:26:41,False,10000,269,0.0,0,0.4,0.1,0.3,0,0.5,10,9.5,10,rrt_20260807_172641_792.png
20260807_172644_041,2026-08-07 17:26:44,False,10000,232,0.0,0,0.4,0.1,0.3,0,0.5,10,9.5,10,rrt_20260807_172644_041.png
20260807_172647_020,2026-08-07 17:26:47,False,10000,262,0.0,0,0.4,0.1,0.3,0,0.5,10,9.5,10,rrt_20260807_172647_020.png
20260807_172648_154,2026-08-07 17:26:48,True,3580,182,19.200000000000003,49,0.4,0.1,0.3,0,0.5,10,9.5,10,rrt_20260807_172648_154.png
20260807_172650_292,2026-08-07 17:26:50,False,10000,172,0.0,0,0.4,0.1,0.3,0,0.5,10,9.5,10,rrt_20260807_172650_292.png
20260807_172653_087,2026-08-07 17:26:53,False,10000,261,0.0,0,0.4,0.1,0.3,0,0.5,10,9.5,10,rrt_20260807_172653_087.png
20260807_172655_665,2026-08-07 17:26:55,False,10000,252,0.0,0,0.4,0.1,0.3,0,0.5,10,9.5,10,rrt_20260807_172655_665.png
20260807_172658_773,2026-08-07 17:26:58,False,10000,243,0.0,0,0.4,0.1,0.3,0,0.5,10,9.5,10,rrt_20260807_172658_773.png
20260807_172701_923,2026-08-07 17:27:01,False,10000,283,0.0,0,0.4,0.1,0.3,0,0.5,10,9.5,10,rrt_20260807_172701_923.png
20260807_172703_945,2026-08-07 17:27:03,False,10000,159,0.0,0,0.4,0.1,0.3,0,0.5,10,9.5,10,rrt_20260807_172703_945.png
20260807_172705_139,2026-08-07 17:27:05,True,4220,188,17.593740603999635,45,0.4,0.1,0.3,0,0.5,10,9.5,10,rrt_20260807_172705_139.png
20260807_172706_300,2026-08-07 17:27:06,True,5403,154,18.800000000000008,48,0.4,0.1,0.3,0,0.5,10,9.5,10,rrt_20260807_172706_300.png
20260807_172708_529,2026-08-07 17:27:08,False,10000,221,0.0,0,0.4,0.1,0.3,0,0.5,10,9.5,10,rrt_20260807_172708_529.png
20260807_172709_744,2026-08-07 17:27:09,True,4419,167,18.000000000000014,46,0.4,0.1,0.3,0,0.5,10,9.5,10,rrt_20260807_172709_744.png
20260807_172710_761,2026-08-07 17:27:10,True,2920,141,18.327525700129993,47,0.4,0.1,0.3,0,0.5,10,9.5,10,rrt_20260807_172710_761.png
20260807_172712_550,2026-08-07 17:27:12,True,7341,242,17.196488173992794,44,0.4,0.1,0.3,0,0.5,10,9.5,10,rrt_20260807_172712_550.png
20260807_172715_786,2026-08-07 17:27:15,False,10000,259,0.0,0,0.4,0.1,0.3,0,0.5,10,9.5,10,rrt_20260807_172715_786.png
20260807_172717_330,2026-08-07 17:27:17,True,5224,203,17.199999999999996,44,0.4,0.1,0.3,0,0.5,10,9.5,10,rrt_20260807_172717_330.png
20260807_172720_170,2026-08-07 17:27:20,False,10000,259,0.0,0,0.4,0.1,0.3,0,0.5,10,9.5,10,rrt_20260807_172720_170.png
20260807_172722_094,2026-08-07 17:27:22,True,7633,226,19.199999999999996,49,0.4,0.1,0.3,0,0.5,10,9.5,10,rrt_20260807_172722_094.png
20260807_172723_229,2026-08-07 17:27:23,True,1912,124,17.6,45,0.4,0.1,0.3,0,0.5,10,9.5,10,rrt_20260807_172723_229.png
20260807_172725_299,2026-08-07 17:27:25,False,10000,164,0.0,0,0.4,0.1,0.3,0,0.5,10,9.5,10,rrt_20260807_172725_299.png
20260807_172727_859,2026-08-07 17:27:27,False,10000,247,0.0,0,0.4,0.1,0.3,0,0.5,10,9.5,10,rrt_20260807_172727_859.png
20260807_172730_079,2026-08-07 17:27:30,False,10000,180,0.0,0,0.4,0.1,0.3,0,0.5,10,9.5,10,rrt_20260807_172730_079.png
20260807_172731_028,2026-08-07 17:27:31,True,3010,132,17.199999999999996,44,0.4,0.1,0.3,0,0.5,10,9.5,10,rrt_20260807_172731_028.png
20260807_172732_632,2026-08-07 17:27:32,True,5069,200,17.092853080567302,44,0.4,0.1,0.3,0,0.5,10,9.5,10,rrt_20260807_172732_632.png
20260807_172735_606,2026-08-07 17:27:35,False,10000,252,0.0,0,0.4,0.1,0.3,0,0.5,10,9.5,10,rrt_20260807_172735_606.png
20260807_172737_860,2026-08-07 17:27:37,False,10000,215,0.0,0,0.4,0.1,0.3,0,0.5,10,9.5,10,rrt_20260807_172737_860.png
20260807_172741_003,2026-08-07 17:27:41,False,10000,290,0.0,0,0.4,0.1,0.3,0,0.5,10,9.5,10,rrt_20260807_172741_003.png
20260807_172743_943,2026-08-07 17:27:43,False,10000,251,0.0,0,0.4,0.1,0.3,0,0.5,10,9.5,10,rrt_20260807_172743_943.png
20260807_172745_045,2026-08-07 17:27:45,True,3766,125,17.199999999999996,44,0.4,0.1,0.3,0,0.5,10,9.5,10,rrt_20260807_172745_045.png
20260807_172748_092,2026-08-07 17:27:48,False,10000,283,0.0,0,0.4,0.1,0.3,0,0.5,10,9.5,10,rrt_20260807_172748_092.png
20260807_172750_815,2026-08-07 17:27:50,False,10000,263,0.0,0,0.4,0.1,0.3,0,0.5,10,9.5,10,rrt_20260807_172750_815.png
20260807_172752_957,2026-08-07 17:27:52,True,9133,220,18.164077745661565,47,0.4,0.1,0.3,0,0.5,10,9.5,10,rrt_20260807_172752_957.png
20260807_172756_010,2026-08-07 17:27:56,False,10000,237,0.0,0,0.4,0.1,0.3,0,0.5,10,9.5,10,rrt_20260807_172756_010.png
20260807_172758_125,2026-08-07 17:27:58,True,6901,236,18.399999999999995,47,0.4,0.1,0.3,0,0.5,10,9.5,10,rrt_20260807_172758_125.png
20260807_172801_005,2026-08-07 17:28:01,False,10000,271,0.0,0,0.4,0.1,0.3,0,0.5,10,9.5,10,rrt_20260807_172801_005.png
20260807_172803_968,2026-08-07 17:28:03,False,10000,257,0.0,0,0.4,0.1,0.3,0,0.5,10,9.5,10,rrt_20260807_172803_968.png
20260807_172804_997,2026-08-07 17:28:04,True,3436,149,18.4,47,0.4,0.1,0.3,0,0.5,10,9.5,10,rrt_20260807_172804_997.png
20260807_172807_662,2026-08-07 17:28:07,False,10000,255,0.0,0,0.4,0.1,0.3,0,0.5,10,9.5,10,rrt_20260807_172807_662.png
20260807_172809_279,2026-08-07 17:28:09,True,5271,215,18.356949592117015,47,0.4,0.1,0.3,0,0.5,10,9.5,10,rrt_20260807_172809_279.png
20260807_172810_977,2026-08-07 17:28:10,True,5505,213,18.4,47,0.4,0.1,0.3,0,0.5,10,9.5,10,rrt_20260807_172810_977.png
20260807_172813_190,2026-08-07 17:28:13,False,10000,215,0.0,0,0.4,0.1,0.3,0,0.5,10,9.5,10,rrt_20260807_172813_190.png
20260807_172814_690,2026-08-07 17:28:14,True,4613,125,19.60000000000002,50,0.4,0.1,0.3,0,0.5,10,9.5,10,rrt_20260807_172814_690.png
20260807_172816_793,2026-08-07 17:28:16,False,10000,160,0.0,0,0.4,0.1,0.3,0,0.5,10,9.5,10,rrt_20260807_172816_793.png
20260807_172819_555,2026-08-07 17:28:19,False,10000,243,0.0,0,0.4,0.1,0.3,0,0.5,10,9.5,10,rrt_20260807_172819_555.png
20260807_172821_669,2026-08-07 17:28:21,False,10000,163,0.0,0,0.4,0.1,0.3,0,0.5,10,9.5,10,rrt_20260807_172821_669.png
20260807_172822_927,2026-08-07 17:28:22,True,6535,162,18.70272986449028,48,0.4,0.1,0.3,0,0.5,10,9.5,10,rrt_20260807_172822_927.png
20260807_172823_797,2026-08-07 17:28:23,True,2523,134,17.2,44,0.4,0.1,0.3,0,0.5,10,9.5,10,rrt_20260807_172823_797.png
20260807_172824_856,2026-08-07 17:28:24,True,4043,128,18.80000000000001,48,0.4,0.1,0.3,0,0.5,10,9.5,10,rrt_20260807_172824_856.png
20260807_172827_346,2026-08-07 17:28:27,False,10000,163,0.0,0,0.4,0.1,0.3,0,0.5,10,9.5,10,rrt_20260807_172827_346.png
20260807_172828_409,2026-08-07 17:28:28,True,5739,133,17.200000000000003,44,0.4,0.1,0.3,0,0.5,10,9.5,10,rrt_20260807_172828_409.png
20260807_172831_081,2026-08-07 17:28:31,False,10000,201,0.0,0,0.4,0.1,0.3,0,0.5,10,9.5,10,rrt_20260807_172831_081.png
20260807_172833_252,2026-08-07 17:28:33,True,8393,214,18.0,46,0.4,0.1,0.3,0,0.5,10,9.5,10,rrt_20260807_172833_252.png
20260807_172836_288,2026-08-07 17:28:36,False,10000,263,0.0,0,0.4,0.1,0.3,0,0.5,10,9.5,10,rrt_20260807_172836_288.png
20260807_172837_367,2026-08-07 17:28:37,True,4216,145,18.8,48,0.4,0.1,0.3,0,0.5,10,9.5,10,rrt_20260807_172837_367.png
20260807_172838_743,2026-08-07 17:28:38,True,6322,154,17.2,44,0.4,0.1,0.3,0,0.5,10,9.5,10,rrt_20260807_172838_743.png
20260807_172841_427,2026-08-07 17:28:41,False,10000,256,0.0,0,0.4,0.1,0.3,0,0.5,10,9.5,10,rrt_20260807_172841_427.png
20260807_172844_056,2026-08-07 17:28:44,False,10000,223,0.0,0,0.4,0.1,0.3,0,0.5,10,9.5,10,rrt_20260807_172844_056.png
20260807_172845_188,2026-08-07 17:28:45,True,2139,90,17.600000000000012,45,0.4,0.1,0.3,0,0.5,10,9.5,10,rrt_20260807_172845_188.png
20260807_172847_660,2026-08-07 17:28:47,False,10000,247,0.0,0,0.4,0.1,0.3,0,0.5,10,9.5,10,rrt_20260807_172847_660.png
20260807_172849_091,2026-08-07 17:28:49,True,4286,173,18.40000000000001,47,0.4,0.1,0.3,0,0.5,10,9.5,10,rrt_20260807_172849_091.png
20260807_172851_338,2026-08-07 17:28:51,False,10000,205,0.0,0,0.4,0.1,0.3,0,0.5,10,9.5,10,rrt_20260807_172851_338.png
20260807_172853_744,2026-08-07 17:28:53,False,10000,214,0.0,0,0.4,0.1,0.3,0,0.5,10,9.5,10,rrt_20260807_172853_744.png
20260807_172855_850,2026-08-07 17:28:55,True,8067,216,17.200000000000014,44,0.4,0.1,0.3,0,0.5,10,9.5,10,rrt_20260807_172855_850.png
20260807_172858_549,2026-08-07 17:28:58,False,10000,236,0.0,0,0.4,0.1,0.3,0,0.5,10,9.5,10,rrt_20260807_172858_549.png
20260807_172900_734,2026-08-07 17:29:00,True,7641,241,19.200000000000003,49,0.4,0.1,0.3,0,0.5,10,9.5,10,rrt_20260807_172900_734.png
20260807_172902_881,2026-08-07 17:29:02,False,10000,177,0.0,0,0.4,0.1,0.3,0,0.5,10,9.5,10,rrt_20260807_172902_881.png
20260807_172905_449,2026-08-07 17:29:05,False,10000,242,0.0,0,0.4,0.1,0.3,0,0.5,10,9.5,10,rrt_20260807_172905_449.png
20260807_172906_859,2026-08-07 17:29:06,True,4267,135,17.200000000000014,44,0.4,0.1,0.3,0,0.5,10,9.5,10,rrt_20260807_172906_859.png
20260807_172909_668,2026-08-07 17:29:09,False,10000,256,0.0,0,0.4,0.1,0.3,0,0.5,10,9.5,10,rrt_20260807_172909_668.png
20260807_172912_215,2026-08-07 17:29:12,False,10000,250,0.0,0,0.4,0.1,0.3,0,0.5,10,9.5,10,rrt_20260807_172912_215.png
20260807_172913_884,2026-08-07 17:29:13,True,6716,207,18.766104004070446,48,0.4,0.1,0.3,0,0.5,10,9.5,10,rrt_20260807_172913_884.png
20260807_172916_480,2026-08-07 17:29:16,False,10000,221,0.0,0,0.4,0.1,0.3,0,0.5,10,9.5,10,rrt_20260807_172916_480.png
20260807_172918_262,2026-08-07 17:29:18,True,6410,233,19.199999999999996,49,0.4,0.1,0.3,0,0.5,10,9.5,10,rrt_20260807_172918_262.png
20260807_172920_474,2026-08-07 17:29:20,False,10000,180,0.0,0,0.4,0.1,0.3,0,0.5,10,9.5,10,rrt_20260807_172920_474.png
20260807_172922_924,2026-08-07 17:29:22,False,10000,232,0.0,0,0.4,0.1,0.3,0,0.5,10,9.5,10,rrt_20260807_172922_924.png
20260807_172926_334,2026-08-07 17:29:26,False,10000,261,0.0,0,0.4,0.1,0.3,0,0.5,10,9.5,10,rrt_20260807_172926_334.png
20260807_172929_318,2026-08-07 17:29:29,False,10000,258,0.0,0,0.4,0.1,0.3,0,0.5,10,9.5,10,rrt_20260807_172929_318.png
20260807_172930_673,2026-08-07 17:29:30,True,4312,142,19.20000000000001,49,0.4,0.1,0.3,0,0.5,10,9.5,10,rrt_20260807_172930_673.png
20260807_172932_725,2026-08-07 17:29:32,False,10000,220,0.0,0,0.4,0.1,0.3,0,0.5,10,9.5,10,rrt_20260807_172932_725.png
20260807_172934_275,2026-08-07 17:29:34,True,5437,192,17.7924218791264,46,0.4,0.1,0.3,0,0.5,10,9.5,10,rrt_20260807_172934_275.png
20260807_172936_658,2026-08-07 17:29:36,False,10000,208,0.0,0,0.4,0.1,0.3,0,0.5,10,9.5,10,rrt_20260807_172936_658.png
20260807_172939_371,2026-08-07 17:29:39,False,10000,255,0.0,0,0.4,0.1,0.3,0,0.5,10,9.5,10,rrt_20260807_172939_371.png
20260807_172940_232,2026-08-07 17:29:40,True,2479,105,16.80000000000001,43,0.4,0.1,0.3,0,0.5,10,9.5,10,rrt_20260807_172940_232.png
20260807_172942_783,2026-08-07 17:29:42,False,10000,235,0.0,0,0.4,0.1,0.3,0,0.5,10,9.5,10,rrt_20260807_172942_783.png
20260807_172943_876,2026-08-07 17:29:43,True,3676,147,17.200000000000017,44,0.4,0.1,0.3,0,0.5,10,9.5,10,rrt_20260807_172943_876.png
20260807_172947_645,2026-08-07 17:29:47,False,10000,308,0.0,0,0.4,0.2,0.3,0,0.5,10,9.5,10,rrt_20260807_172947_645.png
20260807_172950_545,2026-08-07 17:29:50,False,10000,267,0.0,0,0.4,0.2,0.3,0,0.5,10,9.5,10,rrt_20260807_172950_545.png
20260807_172953_942,2026-08-07 17:29:53,False,10000,348,0.0,0,0.4,0.2,0.3,0,0.5,10,9.5,10,rrt_20260807_172953_942.png
20260807_172954_954,2026-08-07 17:29:54,True,2528,166,17.10478942414564,44,0.4,0.2,0.3,0,0.5,10,9.5,10,rrt_20260807_172954_954.png
20260807_172958_636,2026-08-07 17:29:58,False,10000,351,0.0,0,0.4,0.2,0.3,0,0.5,10,9.5,10,rrt_20260807_172958_636.png
20260807_173000_020,2026-08-07 17:30:00,True,4636,245,17.600000000000016,45,0.4,0.2,0.3,0,0.5,10,9.5,10,rrt_20260807_173000_020.png
20260807_173002_922,2026-08-07 17:30:02,False,10000,245,0.0,0,0.4,0.2,0.3,0,0.5,10,9.5,10,rrt_20260807_173002_922.png
20260807_173006_326,2026-08-07 17:30:06,False,10000,261,0.0,0,0.4,0.2,0.3,0,0.5,10,9.5,10,rrt_20260807_173006_326.png
20260807_173009_142,2026-08-07 17:30:09,False,10000,241,0.0,0,0.4,0.2,0.3,0,0.5,10,9.5,10,rrt_20260807_173009_142.png
20260807_173013_172,2026-08-07 17:30:13,False,10000,338,0.0,0,0.4,0.2,0.3,0,0.5,10,9.5,10,rrt_20260807_173013_172.png
20260807_173014_374,2026-08-07 17:30:14,True,3059,194,17.6,45,0.4,0.2,0.3,0,0.5,10,9.5,10,rrt_20260807_173014_374.png
20260807_173015_419,2026-08-07 17:30:15,True,2607,192,18.766776811172644,48,0.4,0.2,0.3,0,0.5,10,9.5,10,rrt_20260807_173015_419.png
20260807_173016_567,2026-08-07 17:30:16,True,4221,193,17.600000000000016,45,0.4,0.2,0.3,0,0.5,10,9.5,10,rrt_20260807_173016_567.png
20260807_173020_322,2026-08-07 17:30:20,False,10000,342,0.0,0,0.4,0.2,0.3,0,0.5,10,9.5,10,rrt_20260807_173020_322.png
20260807_173024_039,2026-08-07 17:30:24,False,10000,332,0.0,0,0.4,0.2,0.3,0,0.5,10,9.5,10,rrt_20260807_173024_039.png
20260807_173024_959,2026-08-07 17:30:24,True,1177,115,17.599999999999998,45,0.4,0.2,0.3,0,0.5,10,9.5,10,rrt_20260807_173024_959.png
20260807_173026_150,2026-08-07 17:30:26,True,3420,204,18.400000000000002,47,0.4,0.2,0.3,0,0.5,10,9.5,10,rrt_20260807_173026_150.png
20260807_173029_495,2026-08-07 17:30:29,False,10000,334,0.0,0,0.4,0.2,0.3,0,0.5,10,9.5,10,rrt_20260807_173029_495.png
20260807_173030_955,2026-08-07 17:30:30,True,2131,142,17.600000000000012,45,0.4,0.2,0.3,0,0.5,10,9.5,10,rrt_20260807_173030_955.png
20260807_173031_742,2026-08-07 17:30:31,True,1683,120,17.594058240889744,45,0.4,0.2,0.3,0,0.5,10,9.5,10,rrt_20260807_173031_742.png
20260807_173035_070,2026-08-07 17:30:35,False,10000,316,0.0,0,0.4,0.2,0.3,0,0.5,10,9.5,10,rrt_20260807_173035_070.png
20260807_173039_104,2026-08-07 17:30:39,False,10000,360,0.0,0,0.4,0.2,0.3,0,0.5,10,9.5,10,rrt_20260807_173039_104.png
20260807_173039_937,2026-08-07 17:30:39,True,1668,133,18.765170906280208,48,0.4,0.2,0.3,0,0.5,10,9.5,10,rrt_20260807_173039_937.png
20260807_173041_890,2026-08-07 17:30:41,False,10000,141,0.0,0,0.4,0.2,0.3,0,0.5,10,9.5,10,rrt_20260807_173041_890.png
20260807_173045_314,2026-08-07 17:30:45,False,10000,309,0.0,0,0.4,0.2,0.3,0,0.5,10,9.5,10,rrt_20260807_173045_314.png
20260807_173046_169,2026-08-07 17:30:46,True,1977,139,16.8,43,0.4,0.2,0.3,0,0.5,10,9.5,10,rrt_20260807_173046_169.png
20260807_173049_842,2026-08-07 17:30:49,False,10000,340,0.0,0,0.4,0.2,0.3,0,0.5,10,9.5,10,rrt_20260807_173049_842.png
20260807_173051_609,2026-08-07 17:30:51,True,3390,213,18.0,46,0.4,0.2,0.3,0,0.5,10,9.5,10,rrt_20260807_173051_609.png
20260807_173053_215,2026-08-07 17:30:53,True,5236,248,17.6,45,0.4,0.2,0.3,0,0.5,10,9.5,10,rrt_20260807_173053_215.png
20260807_173056_227,2026-08-07 17:30:56,False,10000,283,0.0,0,0.4,0.2,0.3,0,0.5,10,9.5,10,rrt_20260807_173056_227.png
20260807_173100_057,2026-08-07 17:31:00,False,10000,343,0.0,0,0.4,0.2,0.3,0,0.5,10,9.5,10,rrt_20260807_173100_057.png
20260807_173101_527,2026-08-07 17:31:01,True,4258,246,18.767994870055666,48,0.4,0.2,0.3,0,0.5,10,9.5,10,rrt_20260807_173101_527.png
20260807_173102_517,2026-08-07 17:31:02,True,2073,184,17.53958799647617,45,0.4,0.2,0.3,0,0.5,10,9.5,10,rrt_20260807_173102_517.png
20260807_173103_462,2026-08-07 17:31:03,True,2141,179,18.799999999999997,48,0.4,0.2,0.3,0,0.5,10,9.5,10,rrt_20260807_173103_462.png
20260807_173104_508,2026-08-07 17:31:04,True,2774,201,17.999999999999996,46,0.4,0.2,0.3,0,0.5,10,9.5,10,rrt_20260807_173104_508.png
20260807_173105_966,2026-08-07 17:31:05,True,5172,205,20.400000000000006,52,0.4,0.2,0.3,0,0.5,10,9.5,10,rrt_20260807_173105_966.png
20260807_173108_874,2026-08-07 17:31:08,True,7141,300,20.55857621160048,53,0.4,0.2,0.3,0,0.5,10,9.5,10,rrt_20260807_173108_874.png
20260807_173109_600,2026-08-07 17:31:09,True,876,94,16.800000000000004,43,0.4,0.2,0.3,0,0.5,10,9.5,10,rrt_20260807_173109_600.png
20260807_173112_363,2026-08-07 17:31:12,False,10000,239,0.0,0,0.4,0.2,0.3,0,0.5,10,9.5,10,rrt_20260807_173112_363.png
20260807_173114_413,2026-08-07 17:31:14,False,10000,125,0.0,0,0.4,0.2,0.3,0,0.5,10,9.5,10,rrt_20260807_173114_413.png
20260807_173115_476,2026-08-07 17:31:15,True,2777,191,18.345237000693434,47,0.4,0.2,0.3,0,0.5,10,9.5,10,rrt_20260807_173115_476.png
20260807_173118_764,2026-08-07 17:31:18,False,10000,323,0.0,0,0.4,0.2,0.3,0,0.5,10,9.5,10,rrt_20260807_173118_764.png
20260807_173122_316,2026-08-07 17:31:22,False,10000,291,0.0,0,0.4,0.2,0.3,0,0.5,10,9.5,10,rrt_20260807_173122_316.png
20260807_173123_354,2026-08-07 17:31:23,True,2636,175,18.4,47,0.4,0.2,0.3,0,0.5,10,9.5,10,rrt_20260807_173123_354.png
20260807_173124_556,2026-08-07 17:31:24,True,1763,133,18.400000000000013,47,0.4,0.2,0.3,0,0.5,10,9.5,10,rrt_20260807_173124_556.png
20260807_173125_501,2026-08-07 17:31:25,True,1719,110,18.709051380456362,48,0.4,0.2,0.3,0,0.5,10,9.5,10,rrt_20260807_173125_501.png
20260807_173128_152,2026-08-07 17:31:28,False,10000,279,0.0,0,0.4,0.2,0.3,0,0.5,10,9.5,10,rrt_20260807_173128_152.png
20260807_173131_705,2026-08-07 17:31:31,False,10000,322,0.0,0,0.4,0.2,0.3,0,0.5,10,9.5,10,rrt_20260807_173131_705.png
20260807_173132_644,2026-08-07 17:31:32,True,1587,146,18.344680593314564,47,0.4,0.2,0.3,0,0.5,10,9.5,10,rrt_20260807_173132_644.png
20260807_173133_567,2026-08-07 17:31:33,True,2485,153,17.999999999999996,46,0.4,0.2,0.3,0,0.5,10,9.5,10,rrt_20260807_173133_567.png
20260807_173134_868,2026-08-07 17:31:34,True,3342,168,18.4,47,0.4,0.2,0.3,0,0.5,10,9.5,10,rrt_20260807_173134_868.png
20260807_173138_538,2026-08-07 17:31:38,False,10000,334,0.0,0,0.4,0.2,0.3,0,0.5,10,9.5,10,rrt_20260807_173138_538.png
20260807_173139_531,2026-08-07 17:31:39,True,2660,163,17.200000000000014,44,0.4,0.2,0.3,0,0.5,10,9.5,10,rrt_20260807_173139_531.png
20260807_173143_288,2026-08-07 17:31:43,False,10000,323,0.0,0,0.4,0.2,0.3,0,0.5,10,9.5,10,rrt_20260807_173143_288.png
20260807_173145_355,2026-08-07 17:31:45,True,5676,283,18.0,46,0.4,0.2,0.3,0,0.5,10,9.5,10,rrt_20260807_173145_355.png
20260807_173149_173,2026-08-07 17:31:49,False,10000,335,0.0,0,0.4,0.2,0.3,0,0.5,10,9.5,10,rrt_20260807_173149_173.png
20260807_173150_104,2026-08-07 17:31:50,True,1776,183,17.200000000000003,44,0.4,0.2,0.3,0,0.5,10,9.5,10,rrt_20260807_173150_104.png
20260807_173150_953,2026-08-07 17:31:50,True,1934,175,17.60000000000001,45,0.4,0.2,0.3,0,0.5,10,9.5,10,rrt_20260807_173150_953.png
20260807_173152_547,2026-08-07 17:31:52,True,4730,256,18.610068307802244,48,0.4,0.2,0.3,0,0.5,10,9.5,10,rrt_20260807_173152_547.png
20260807_173156_023,2026-08-07 17:31:56,False,10000,341,0.0,0,0.4,0.2,0.3,0,0.5,10,9.5,10,rrt_20260807_173156_023.png
20260807_173157_025,2026-08-07 17:31:57,True,2106,171,18.799999999999994,48,0.4,0.2,0.3,0,0.5,10,9.5,10,rrt_20260807_173157_025.png
20260807_173157_943,2026-08-07 17:31:57,True,2712,170,18.728803535737985,48,0.4,0.2,0.3,0,0.5,10,9.5,10,rrt_20260807_173157_943.png
20260807_173201_620,2026-08-07 17:32:01,False,10000,306,0.0,0,0.4,0.2,0.3,0,0.5,10,9.5,10,rrt_20260807_173201_620.png
20260807_173203_230,2026-08-07 17:32:03,True,3594,224,17.60000000000002,45,0.4,0.2,0.3,0,0.5,10,9.5,10,rrt_20260807_173203_230.png
20260807_173204_256,2026-08-07 17:32:04,True,2624,189,18.000000000000014,46,0.4,0.2,0.3,0,0.5,10,9.5,10,rrt_20260807_173204_256.png
20260807_173206_269,2026-08-07 17:32:06,True,5678,260,18.80000000000001,48,0.4,0.2,0.3,0,0.5,10,9.5,10,rrt_20260807_173206_269.png
20260807_173209_300,2026-08-07 17:32:09,True,8479,319,18.72489606524816,48,0.4,0.2,0.3,0,0.5,10,9.5,10,rrt_20260807_173209_300.png
20260807_173211_230,2026-08-07 17:32:11,False,10000,127,0.0,0,0.4,0.2,0.3,0,0.5,10,9.5,10,rrt_20260807_173211_230.png
20260807_173212_334,2026-08-07 17:32:12,True,3007,183,17.6,45,0.4,0.2,0.3,0,0.5,10,9.5,10,rrt_20260807_173212_334.png
20260807_173214_857,2026-08-07 17:32:14,False,10000,245,0.0,0,0.4,0.2,0.3,0,0.5,10,9.5,10,rrt_20260807_173214_857.png
20260807_173216_739,2026-08-07 17:32:16,True,6285,238,22.000000000000018,56,0.4,0.2,0.3,0,0.5,10,9.5,10,rrt_20260807_173216_739.png
20260807_173218_414,2026-08-07 17:32:18,True,3409,243,17.85845685477134,46,0.4,0.2,0.3,0,0.5,10,9.5,10,rrt_20260807_173218_414.png
20260807_173221_438,2026-08-07 17:32:21,False,10000,302,0.0,0,0.4,0.2,0.3,0,0.5,10,9.5,10,rrt_20260807_173221_438.png
20260807_173223_497,2026-08-07 17:32:23,True,5486,271,17.20000000000001,44,0.4,0.2,0.3,0,0.5,10,9.5,10,rrt_20260807_173223_497.png
20260807_173224_367,2026-08-07 17:32:24,True,1372,117,18.0,46,0.4,0.2,0.3,0,0.5,10,9.5,10,rrt_20260807_173224_367.png
20260807_173225_884,2026-08-07 17:32:25,True,5133,242,18.681195004612928,48,0.4,0.2,0.3,0,0.5,10,9.5,10,rrt_20260807_173225_884.png
20260807_173228_019,2026-08-07 17:32:28,True,6436,293,17.43134530379248,45,0.4,0.2,0.3,0,0.5,10,9.5,10,rrt_20260807_173228_019.png
20260807_173228_943,2026-08-07 17:32:28,True,2035,150,17.93832992407037,46,0.4,0.2,0.3,0,0.5,10,9.5,10,rrt_20260807_173228_943.png
20260807_173230_212,2026-08-07 17:32:30,True,3787,236,17.600000000000012,45,0.4,0.2,0.3,0,0.5,10,9.5,10,rrt_20260807_173230_212.png
20260807_173234_087,2026-08-07 17:32:34,False,10000,353,0.0,0,0.4,0.2,0.3,0,0.5,10,9.5,10,rrt_20260807_173234_087.png
20260807_173235_783,2026-08-07 17:32:35,True,2874,185,18.40000000000001,47,0.4,0.2,0.3,0,0.5,10,9.5,10,rrt_20260807_173235_783.png
20260807_173239_142,2026-08-07 17:32:39,False,10000,294,0.0,0,0.4,0.2,0.3,0,0.5,10,9.5,10,rrt_20260807_173239_142.png
20260807_173240_054,2026-08-07 17:32:40,True,1655,133,16.0,41,0.4,0.2,0.3,0,0.5,10,9.5,10,rrt_20260807_173240_054.png
20260807_173242_834,2026-08-07 17:32:42,False,10000,255,0.0,0,0.4,0.2,0.3,0,0.5,10,9.5,10,rrt_20260807_173242_834.png
20260807_173245_846,2026-08-07 17:32:45,False,10000,285,0.0,0,0.4,0.2,0.3,0,0.5,10,9.5,10,rrt_20260807_173245_846.png
20260807_173248_717,2026-08-07 17:32:48,False,10000,287,0.0,0,0.4,0.2,0.3,0,0.5,10,9.5,10,rrt_20260807_173248_717.png
20260807_173249_672,2026-08-07 17:32:49,True,2284,159,18.400000000000013,47,0.4,0.2,0.3,0,0.5,10,9.5,10,rrt_20260807_173249_672.png
20260807_173251_156,2026-08-07 17:32:51,True,4416,250,18.79999999999999,48,0.4,0.2,0.3,0,0.5,10,9.5,10,rrt_20260807_173251_156.png
20260807_173254_614,2026-08-07 17:32:54,False,10000,317,0.0,0,0.4,0.2,0.3,0,0.5,10,9.5,10,rrt_20260807_173254_614.png
20260807_173256_123,2026-08-07 17:32:56,True,2557,191,18.17595626030891,47,0.4,0.2,0.3,0,0.5,10,9.5,10,rrt_20260807_173256_123.png
20260807_173257_162,2026-08-07 17:32:57,True,2077,166,18.000000000000014,46,0.4,0.2,0.3,0,0.5,10,9.5,10,rrt_20260807_173257_162.png
20260807_173300_626,2026-08-07 17:33:00,False,10000,330,0.0,0,0.4,0.2,0.3,0,0.5,10,9.5,10,rrt_20260807_173300_626.png
20260807_173304_309,2026-08-07 17:33:04,False,10000,326,0.0,0,0.4,0.2,0.3,0,0.5,10,9.5,10,rrt_20260807_173304_309.png
20260807_173307_024,2026-08-07 17:33:07,False,10000,222,0.0,0,0.4,0.2,0.3,0,0.5,10,9.5,10,rrt_20260807_173307_024.png
20260807_173310_851,2026-08-07 17:33:10,False,10000,321,0.0,0,0.4,0.2,0.3,0,0.5,10,9.5,10,rrt_20260807_173310_851.png
20260807_173312_322,2026-08-07 17:33:12,True,3945,237,17.999999999999996,46,0.4,0.2,0.3,0,0.5,10,9.5,10,rrt_20260807_173312_322.png
20260807_173315_952,2026-08-07 17:33:15,False,10000,328,0.0,0,0.4,0.2,0.3,0,0.5,10,9.5,10,rrt_20260807_173315_952.png
20260807_173319_508,2026-08-07 17:33:19,False,10000,318,0.0,0,0.4,0.2,0.3,0,0.5,10,9.5,10,rrt_20260807_173319_508.png
20260807_173322_670,2026-08-07 17:33:22,False,10000,213,0.0,0,0.4,0.2,0.3,0,0.5,10,9.5,10,rrt_20260807_173322_670.png
20260807_173324_262,2026-08-07 17:33:24,True,4819,242,18.195595223582874,47,0.4,0.2,0.3,0,0.5,10,9.5,10,rrt_20260807_173324_262.png
20260807_173328_692,2026-08-07 17:33:28,False,10000,381,0.0,0,0.4,0.3,0.3,0,0.5,10,9.5,10,rrt_20260807_173328_692.png
20260807_173332_914,2026-08-07 17:33:32,False,10000,399,0.0,0,0.4,0.3,0.3,0,0.5,10,9.5,10,rrt_20260807_173332_914.png
20260807_173333_912,2026-08-07 17:33:33,True,1609,192,17.120835814016,44,0.4,0.3,0.3,0,0.5,10,9.5,10,rrt_20260807_173333_912.png
20260807_173334_816,2026-08-07 17:33:34,True,1626,185,17.623268496452525,46,0.4,0.3,0.3,0,0.5,10,9.5,10,rrt_20260807_173334_816.png
20260807_173335_704,2026-08-07 17:33:35,True,1584,180,18.00000000000001,46,0.4,0.3,0.3,0,0.5,10,9.5,10,rrt_20260807_173335_704.png
20260807_173339_940,2026-08-07 17:33:39,False,10000,407,0.0,0,0.4,0.3,0.3,0,0.5,10,9.5,10,rrt_20260807_173339_940.png
20260807_173342_857,2026-08-07 17:33:42,False,10000,230,0.0,0,0.4,0.3,0.3,0,0.5,10,9.5,10,rrt_20260807_173342_857.png
20260807_173346_618,2026-08-07 17:33:46,False,10000,314,0.0,0,0.4,0.3,0.3,0,0.5,10,9.5,10,rrt_20260807_173346_618.png
20260807_173349_426,2026-08-07 17:33:49,False,10000,267,0.0,0,0.4,0.3,0.3,0,0.5,10,9.5,10,rrt_20260807_173349_426.png
20260807_173353_540,2026-08-07 17:33:53,False,10000,397,0.0,0,0.4,0.3,0.3,0,0.5,10,9.5,10,rrt_20260807_173353_540.png
20260807_173357_771,2026-08-07 17:33:57,False,10000,399,0.0,0,0.4,0.3,0.3,0,0.5,10,9.5,10,rrt_20260807_173357_771.png
20260807_173401_396,2026-08-07 17:34:01,False,10000,356,0.0,0,0.4,0.3,0.3,0,0.5,10,9.5,10,rrt_20260807_173401_396.png
20260807_173405_214,2026-08-07 17:34:05,False,10000,337,0.0,0,0.4,0.3,0.3,0,0.5,10,9.5,10,rrt_20260807_173405_214.png
20260807_173409_383,2026-08-07 17:34:09,False,10000,379,0.0,0,0.4,0.3,0.3,0,0.5,10,9.5,10,rrt_20260807_173409_383.png
20260807_173413_824,2026-08-07 17:34:13,False,10000,415,0.0,0,0.4,0.3,0.3,0,0.5,10,9.5,10,rrt_20260807_173413_824.png
20260807_173418_650,2026-08-07 17:34:18,False,10000,420,0.0,0,0.4,0.3,0.3,0,0.5,10,9.5,10,rrt_20260807_173418_650.png
20260807_173419_711,2026-08-07 17:34:19,True,2231,203,17.599999999999998,45,0.4,0.3,0.3,0,0.5,10,9.5,10,rrt_20260807_173419_711.png
20260807_173420_997,2026-08-07 17:34:20,True,3052,238,20.39999999999999,52,0.4,0.3,0.3,0,0.5,10,9.5,10,rrt_20260807_173420_997.png
20260807_173425_129,2026-08-07 17:34:25,False,10000,367,0.0,0,0.4,0.3,0.3,0,0.5,10,9.5,10,rrt_20260807_173425_129.png
20260807_173426_518,2026-08-07 17:34:26,True,3564,232,18.80000000000001,48,0.4,0.3,0.3,0,0.5,10,9.5,10,rrt_20260807_173426_518.png
20260807_173430_690,2026-08-07 17:34:30,False,10000,406,0.0,0,0.4,0.3,0.3,0,0.5,10,9.5,10,rrt_20260807_173430_690.png
20260807_173434_256,2026-08-07 17:34:34,False,10000,346,0.0,0,0.4,0.3,0.3,0,0.5,10,9.5,10,rrt_20260807_173434_256.png
20260807_173437_520,2026-08-07 17:34:37,False,10000,312,0.0,0,0.4,0.3,0.3,0,0.5,10,9.5,10,rrt_20260807_173437_520.png
20260807_173438_382,2026-08-07 17:34:38,True,1827,168,18.0,46,0.4,0.3,0.3,0,0.5,10,9.5,10,rrt_20260807_173438_382.png
20260807_173439_622,2026-08-07 17:34:39,True,1284,123,17.600000000000016,45,0.4,0.3,0.3,0,0.5,10,9.5,10,rrt_20260807_173439_622.png
20260807_173440_527,2026-08-07 17:34:40,True,1713,190,17.600000000000012,45,0.4,0.3,0.3,0,0.5,10,9.5,10,rrt_20260807_173440_527.png
20260807_173444_614,2026-08-07 17:34:44,False,10000,397,0.0,0,0.4,0.3,0.3,0,0.5,10,9.5,10,rrt_20260807_173444_614.png
20260807_173445_568,2026-08-07 17:34:45,True,2002,160,18.4,47,0.4,0.3,0.3,0,0.5,10,9.5,10,rrt_20260807_173445_568.png
20260807_173446_466,2026-08-07 17:34:46,True,1709,187,17.024501434381232,44,0.4,0.3,0.3,0,0.5,10,9.5,10,rrt_20260807_173446_466.png
20260807_173450_574,2026-08-07 17:34:50,False,10000,406,0.0,0,0.4,0.3,0.3,0,0.5,10,9.5,10,rrt_20260807_173450_574.png
20260807_173454_637,2026-08-07 17:34:54,False,10000,388,0.0,0,0.4,0.3,0.3,0,0.5,10,9.5,10,rrt_20260807_173454_637.png
20260807_173459_149,2026-08-07 17:34:59,False,10000,431,0.0,0,0.4,0.3,0.3,0,0.5,10,9.5,10,rrt_20260807_173459_149.png
20260807_173500_250,2026-08-07 17:35:00,True,2108,197,17.528588210314464,45,0.4,0.3,0.3,0,0.5,10,9.5,10,rrt_20260807_173500_250.png
20260807_173504_837,2026-08-07 17:35:04,False,10000,400,0.0,0,0.4,0.3,0.3,0,0.5,10,9.5,10,rrt_20260807_173504_837.png
20260807_173506_164,2026-08-07 17:35:06,True,3103,241,19.999999999999996,51,0.4,0.3,0.3,0,0.5,10,9.5,10,rrt_20260807_173506_164.png
20260807_173509_597,2026-08-07 17:35:09,False,10000,378,0.0,0,0.4,0.3,0.3,0,0.5,10,9.5,10,rrt_20260807_173509_597.png
20260807_173513_981,2026-08-07 17:35:13,False,10000,410,0.0,0,0.4,0.3,0.3,0,0.5,10,9.5,10,rrt_20260807_173513_981.png
20260807_173518_020,2026-08-07 17:35:18,False,10000,373,0.0,0,0.4,0.3,0.3,0,0.5,10,9.5,10,rrt_20260807_173518_020.png
20260807_173519_065,2026-08-07 17:35:19,True,1703,204,18.336205516731066,47,0.4,0.3,0.3,0,0.5,10,9.5,10,rrt_20260807_173519_065.png
20260807_173520_050,2026-08-07 17:35:20,True,2473,207,18.220158590783033,47,0.4,0.3,0.3,0,0.5,10,9.5,10,rrt_20260807_173520_050.png
20260807_173524_340,2026-08-07 17:35:24,False,10000,397,0.0,0,0.4,0.3,0.3,0,0.5,10,9.5,10,rrt_20260807_173524_340.png
20260807_173525_780,2026-08-07 17:35:25,True,4107,227,25.599999999999973,65,0.4,0.3,0.3,0,0.5,10,9.5,10,rrt_20260807_173525_780.png
20260807_173529_266,2026-08-07 17:35:29,False,10000,297,0.0,0,0.4,0.3,0.3,0,0.5,10,9.5,10,rrt_20260807_173529_266.png
20260807_173533_633,2026-08-07 17:35:33,False,10000,425,0.0,0,0.4,0.3,0.3,0,0.5,10,9.5,10,rrt_20260807_173533_633.png
20260807_173537_743,2026-08-07 17:35:37,False,10000,392,0.0,0,0.4,0.3,0.3,0,0.5,10,9.5,10,rrt_20260807_173537_743.png
20260807_173540_219,2026-08-07 17:35:40,True,5898,330,18.390457194654754,47,0.4,0.3,0.3,0,0.5,10,9.5,10,rrt_20260807_173540_219.png
20260807_173541_181,2026-08-07 17:35:41,True,2216,197,18.000000000000014,46,0.4,0.3,0.3,0,0.5,10,9.5,10,rrt_20260807_173541_181.png
20260807_173545_179,2026-08-07 17:35:45,False,10000,416,0.0,0,0.4,0.3,0.3,0,0.5,10,9.5,10,rrt_20260807_173545_179.png
20260807_173549_604,2026-08-07 17:35:49,False,10000,411,0.0,0,0.4,0.3,0.3,0,0.5,10,9.5,10,rrt_20260807_173549_604.png
20260807_173550_465,2026-08-07 17:35:50,True,1513,142,18.769274208854526,48,0.4,0.3,0.3,0,0.5,10,9.5,10,rrt_20260807_173550_465.png
20260807_173551_237,2026-08-07 17:35:51,True,1657,146,16.800000000000004,43,0.4,0.3,0.3,0,0.5,10,9.5,10,rrt_20260807_173551_237.png
20260807_173555_262,2026-08-07 17:35:55,False,10000,351,0.0,0,0.4,0.3,0.3,0,0.5,10,9.5,10,rrt_20260807_173555_262.png
20260807_173559_647,2026-08-07 17:35:59,False,10000,436,0.0,0,0.4,0.3,0.3,0,0.5,10,9.5,10,rrt_20260807_173559_647.png
20260807_173600_683,2026-08-07 17:36:00,True,1114,138,19.199999999999996,49,0.4,0.3,0.3,0,0.5,10,9.5,10,rrt_20260807_173600_683.png
20260807_173604_850,2026-08-07 17:36:04,False,10000,401,0.0,0,0.4,0.3,0.3,0,0.5,10,9.5,10,rrt_20260807_173604_850.png
20260807_173608_857,2026-08-07 17:36:08,False,10000,369,0.0,0,0.4,0.3,0.3,0,0.5,10,9.5,10,rrt_20260807_173608_857.png
20260807_173611_850,2026-08-07 17:36:11,False,10000,272,0.0,0,0.4,0.3,0.3,0,0.5,10,9.5,10,rrt_20260807_173611_850.png
20260807_173612_727,2026-08-07 17:36:12,True,1301,177,17.6,45,0.4,0.3,0.3,0,0.5,10,9.5,10,rrt_20260807_173612_727.png
20260807_173613_441,2026-08-07 17:36:13,True,992,132,17.2,44,0.4,0.3,0.3,0,0.5,10,9.5,10,rrt_20260807_173613_441.png
20260807_173614_326,2026-08-07 17:36:14,True,1761,171,17.199999999999996,44,0.4,0.3,0.3,0,0.5,10,9.5,10,rrt_20260807_173614_326.png
20260807_173616_095,2026-08-07 17:36:16,True,4627,220,19.14111684604361,49,0.4,0.3,0.3,0,0.5,10,9.5,10,rrt_20260807_173616_095.png
20260807_173617_842,2026-08-07 17:36:17,True,4918,300,19.6,50,0.4,0.3,0.3,0,0.5,10,9.5,10,rrt_20260807_173617_842.png
20260807_173618_672,2026-08-07 17:36:18,True,1546,155,18.400000000000013,47,0.4,0.3,0.3,0,0.5,10,9.5,10,rrt_20260807_173618_672.png
20260807_173621_922,2026-08-07 17:36:21,False,10000,313,0.0,0,0.4,0.3,0.3,0,0.5,10,9.5,10,rrt_20260807_173621_922.png
20260807_173623_075,2026-08-07 17:36:23,True,2770,221,18.000000000000018,46,0.4,0.3,0.3,0,0.5,10,9.5,10,rrt_20260807_173623_075.png
20260807_173623_875,2026-08-07 17:36:23,True,1399,168,17.2,44,0.4,0.3,0.3,0,0.5,10,9.5,10,rrt_20260807_173623_875.png
20260807_173627_940,2026-08-07 17:36:27,False,10000,381,0.0,0,0.4,0.3,0.3,0,0.5,10,9.5,10,rrt_20260807_173627_940.png
20260807_173632_670,2026-08-07 17:36:32,False,10000,436,0.0,0,0.4,0.3,0.3,0,0.5,10,9.5,10,rrt_20260807_173632_670.png
20260807_173634_019,2026-08-07 17:36:34,True,3243,264,19.2,49,0.4,0.3,0.3,0,0.5,10,9.5,10,rrt_20260807_173634_019.png
20260807_173638_523,2026-08-07 17:36:38,False,10000,424,0.0,0,0.4,0.3,0.3,0,0.5,10,9.5,10,rrt_20260807_173638_523.png
20260807_173641_724,2026-08-07 17:36:41,False,10000,279,0.0,0,0.4,0.3,0.3,0,0.5,10,9.5,10,rrt_20260807_173641_724.png
20260807_173646_067,2026-08-07 17:36:46,False,10000,396,0.0,0,0.4,0.3,0.3,0,0.5,10,9.5,10,rrt_20260807_173646_067.png
20260807_173649_652,2026-08-07 17:36:49,False,10000,334,0.0,0,0.4,0.3,0.3,0,0.5,10,9.5,10,rrt_20260807_173649_652.png
20260807_173651_052,2026-08-07 17:36:51,True,2432,209,17.2,44,0.4,0.3,0.3,0,0.5,10,9.5,10,rrt_20260807_173651_052.png
20260807_173654_647,2026-08-07 17:36:54,False,10000,349,0.0,0,0.4,0.3,0.3,0,0.5,10,9.5,10,rrt_20260807_173654_647.png
20260807_173658_336,2026-08-07 17:36:58,False,10000,357,0.0,0,0.4,0.3,0.3,0,0.5,10,9.5,10,rrt_20260807_173658_336.png
20260807_173702_161,2026-08-07 17:37:02,False,10000,366,0.0,0,0.4,0.3,0.3,0,0.5,10,9.5,10,rrt_20260807_173702_161.png
20260807_173703_285,2026-08-07 17:37:03,True,1045,128,18.696117505835783,48,0.4,0.3,0.3,0,0.5,10,9.5,10,rrt_20260807_173703_285.png
20260807_173707_000,2026-08-07 17:37:07,False,10000,352,0.0,0,0.4,0.3,0.3,0,0.5,10,9.5,10,rrt_20260807_173707_000.png
20260807_173707_901,2026-08-07 17:37:07,True,1276,135,18.80000000000001,48,0.4,0.3,0.3,0,0.5,10,9.5,10,rrt_20260807_173707_901.png
20260807_173708_904,2026-08-07 17:37:08,True,2489,232,19.99999999999999,51,0.4,0.3,0.3,0,0.5,10,9.5,10,rrt_20260807_173708_904.png
20260807_173713_090,2026-08-07 17:37:13,False,10000,418,0.0,0,0.4,0.3,0.3,0,0.5,10,9.5,10,rrt_20260807_173713_090.png
20260807_173714_548,2026-08-07 17:37:14,True,1844,164,18.399999999999995,47,0.4,0.3,0.3,0,0.5,10,9.5,10,rrt_20260807_173714_548.png
20260807_173715_221,2026-08-07 17:37:15,True,748,105,16.800000000000004,43,0.4,0.3,0.3,0,0.5,10,9.5,10,rrt_20260807_173715_221.png
20260807_173716_649,2026-08-07 17:37:16,True,4379,234,17.256853344763037,45,0.4,0.3,0.3,0,0.5,10,9.5,10,rrt_20260807_173716_649.png
20260807_173717_634,2026-08-07 17:37:17,True,2242,199,17.20000000000001,44,0.4,0.3,0.3,0,0.5,10,9.5,10,rrt_20260807_173717_634.png
20260807_173722_125,2026-08-07 17:37:22,False,10000,415,0.0,0,0.4,0.3,0.3,0,0.5,10,9.5,10,rrt_20260807_173722_125.png
20260807_173726_293,2026-08-07 17:37:26,False,10000,376,0.0,0,0.4,0.3,0.3,0,0.5,10,9.5,10,rrt_20260807_173726_293.png
20260807_173727_563,2026-08-07 17:37:27,True,3176,230,18.075268353530944,47,0.4,0.3,0.3,0,0.5,10,9.5,10,rrt_20260807_173727_563.png
20260807_173731_220,2026-08-07 17:37:31,False,10000,328,0.0,0,0.4,0.3,0.3,0,0.5,10,9.5,10,rrt_20260807_173731_220.png
20260807_173735_346,2026-08-07 17:37:35,False,10000,388,0.0,0,0.4,0.3,0.3,0,0.5,10,9.5,10,rrt_20260807_173735_346.png
20260807_173736_525,2026-08-07 17:37:36,True,1623,197,17.600000000000016,45,0.4,0.3,0.3,0,0.5,10,9.5,10,rrt_20260807_173736_525.png
20260807_173740_622,2026-08-07 17:37:40,False,10000,379,0.0,0,0.4,0.3,0.3,0,0.5,10,9.5,10,rrt_20260807_173740_622.png
20260807_173744_189,2026-08-07 17:37:44,False,10000,342,0.0,0,0.4,0.3,0.3,0,0.5,10,9.5,10,rrt_20260807_173744_189.png
20260807_173748_342,2026-08-07 17:37:48,False,10000,403,0.0,0,0.4,0.3,0.3,0,0.5,10,9.5,10,rrt_20260807_173748_342.png
20260807_173749_905,2026-08-07 17:37:49,True,2737,219,17.6,45,0.4,0.3,0.3,0,0.5,10,9.5,10,rrt_20260807_173749_905.png
20260807_173750_808,2026-08-07 17:37:50,True,2002,202,18.368390525390733,47,0.4,0.3,0.3,0,0.5,10,9.5,10,rrt_20260807_173750_808.png
20260807_173752_099,2026-08-07 17:37:52,True,2392,220,17.999999999999993,46,0.4,0.3,0.3,0,0.5,10,9.5,10,rrt_20260807_173752_099.png
20260807_173754_055,2026-08-07 17:37:54,False,10000,142,0.0,0,0.4,0.3,0.3,0,0.5,10,9.5,10,rrt_20260807_173754_055.png
20260807_173755_587,2026-08-07 17:37:55,True,3601,290,18.318350644265767,47,0.4,0.3,0.3,0,0.5,10,9.5,10,rrt_20260807_173755_587.png
20260807_173800_501,2026-08-07 17:38:00,False,10000,487,0.0,0,0.4,0.4,0.3,0,0.5,10,9.5,10,rrt_20260807_173800_501.png
20260807_173801_331,2026-08-07 17:38:01,True,972,175,17.2,44,0.4,0.4,0.3,0,0.5,10,9.5,10,rrt_20260807_173801_331.png
20260807_173804_298,2026-08-07 17:38:04,False,10000,276,0.0,0,0.4,0.4,0.3,0,0.5,10,9.5,10,rrt_20260807_173804_298.png
20260807_173807_898,2026-08-07 17:38:07,False,10000,349,0.0,0,0.4,0.4,0.3,0,0.5,10,9.5,10,rrt_20260807_173807_898.png
20260807_173809_166,2026-08-07 17:38:09,True,1239,164,19.599999999999998,50,0.4,0.4,0.3,0,0.5,10,9.5,10,rrt_20260807_173809_166.png
20260807_173810_012,2026-08-07 17:38:10,True,1574,195,18.800000000000004,48,0.4,0.4,0.3,0,0.5,10,9.5,10,rrt_20260807_173810_012.png
20260807_173814_350,2026-08-07 17:38:14,False,10000,423,0.0,0,0.4,0.4,0.3,0,0.5,10,9.5,10,rrt_20260807_173814_350.png
20260807_173815_153,2026-08-07 17:38:15,True,986,131,16.8,43,0.4,0.4,0.3,0,0.5,10,9.5,10,rrt_20260807_173815_153.png
20260807_173819_145,2026-08-07 17:38:19,False,10000,449,0.0,0,0.4,0.4,0.3,0,0.5,10,9.5,10,rrt_20260807_173819_145.png
20260807_173820_181,2026-08-07 17:38:20,True,1814,232,18.3359214068757,47,0.4,0.4,0.3,0,0.5,10,9.5,10,rrt_20260807_173820_181.png
20260807_173824_951,2026-08-07 17:38:24,False,10000,460,0.0,0,0.4,0.4,0.3,0,0.5,10,9.5,10,rrt_20260807_173824_951.png
20260807_173825_858,2026-08-07 17:38:25,True,789,114,17.569497871005968,45,0.4,0.4,0.3,0,0.5,10,9.5,10,rrt_20260807_173825_858.png
20260807_173826_652,2026-08-07 17:38:26,True,1628,190,17.199999999999996,44,0.4,0.4,0.3,0,0.5,10,9.5,10,rrt_20260807_173826_652.png
20260807_173827_699,2026-08-07 17:38:27,True,1534,165,17.599999999999998,45,0.4,0.4,0.3,0,0.5,10,9.5,10,rrt_20260807_173827_699.png
20260807_173832_258,2026-08-07 17:38:32,False,10000,452,0.0,0,0.4,0.4,0.3,0,0.5,10,9.5,10,rrt_20260807_173832_258.png
20260807_173833_423,2026-08-07 17:38:33,True,2096,244,17.200000000000003,44,0.4,0.4,0.3,0,0.5,10,9.5,10,rrt_20260807_173833_423.png
20260807_173836_920,2026-08-07 17:38:36,False,10000,329,0.0,0,0.4,0.4,0.3,0,0.5,10,9.5,10,rrt_20260807_173836_920.png
20260807_173837_736,2026-08-07 17:38:37,True,1021,134,17.6,45,0.4,0.4,0.3,0,0.5,10,9.5,10,rrt_20260807_173837_736.png
20260807_173838_408,2026-08-07 17:38:38,True,656,147,17.993991202122626,46,0.4,0.4,0.3,0,0.5,10,9.5,10,rrt_20260807_173838_408.png
20260807_173843_207,2026-08-07 17:38:43,False,10000,491,0.0,0,0.4,0.4,0.3,0,0.5,10,9.5,10,rrt_20260807_173843_207.png
20260807_173844_041,2026-08-07 17:38:44,True,1020,132,17.6,45,0.4,0.4,0.3,0,0.5,10,9.5,10,rrt_20260807_173844_041.png
20260807_173848_151,2026-08-07 17:38:48,False,10000,407,0.0,0,0.4,0.4,0.3,0,0.5,10,9.5,10,rrt_20260807_173848_151.png
20260807_173852_955,2026-08-07 17:38:52,False,10000,419,0.0,0,0.4,0.4,0.3,0,0.5,10,9.5,10,rrt_20260807_173852_955.png
20260807_173853_853,2026-08-07 17:38:53,True,1516,204,18.00000000000001,46,0.4,0.4,0.3,0,0.5,10,9.5,10,rrt_20260807_173853_853.png
20260807_173855_300,2026-08-07 17:38:55,True,3585,270,17.600000000000012,45,0.4,0.4,0.3,0,0.5,10,9.5,10,rrt_20260807_173855_300.png
20260807_173856_981,2026-08-07 17:38:56,True,3762,307,18.400000000000006,47,0.4,0.4,0.3,0,0.5,10,9.5,10,rrt_20260807_173856_981.png
20260807_173900_617,2026-08-07 17:39:00,False,10000,323,0.0,0,0.4,0.4,0.3,0,0.5,10,9.5,10,rrt_20260807_173900_617.png
20260807_173905_130,2026-08-07 17:39:05,False,10000,429,0.0,0,0.4,0.4,0.3,0,0.5,10,9.5,10,rrt_20260807_173905_130.png
20260807_173909_602,2026-08-07 17:39:09,False,10000,439,0.0,0,0.4,0.4,0.3,0,0.5,10,9.5,10,rrt_20260807_173909_602.png
20260807_173914_363,2026-08-07 17:39:14,False,10000,456,0.0,0,0.4,0.4,0.3,0,0.5,10,9.5,10,rrt_20260807_173914_363.png
20260807_173915_851,2026-08-07 17:39:15,True,3567,280,19.553270554339477,50,0.4,0.4,0.3,0,0.5,10,9.5,10,rrt_20260807_173915_851.png
20260807_173920_789,2026-08-07 17:39:20,False,10000,492,0.0,0,0.4,0.4,0.3,0,0.5,10,9.5,10,rrt_20260807_173920_789.png
20260807_173925_381,2026-08-07 17:39:25,False,10000,448,0.0,0,0.4,0.4,0.3,0,0.5,10,9.5,10,rrt_20260807_173925_381.png
20260807_173926_420,2026-08-07 17:39:26,True,2042,214,19.599999999999994,50,0.4,0.4,0.3,0,0.5,10,9.5,10,rrt_20260807_173926_420.png
20260807_173927_333,2026-08-07 17:39:27,True,1027,168,16.8,43,0.4,0.4,0.3,0,0.5,10,9.5,10,rrt_20260807_173927_333.png
20260807_173930_539,2026-08-07 17:39:30,False,10000,290,0.0,0,0.4,0.4,0.3,0,0.5,10,9.5,10,rrt_20260807_173930_539.png
20260807_173931_236,2026-08-07 17:39:31,True,589,111,17.200000000000003,44,0.4,0.4,0.3,0,0.5,10,9.5,10,rrt_20260807_173931_236.png
20260807_173932_015,2026-08-07 17:39:32,True,1094,168,17.59435824623005,45,0.4,0.4,0.3,0,0.5,10,9.5,10,rrt_20260807_173932_015.png
20260807_173936_131,2026-08-07 17:39:36,False,10000,422,0.0,0,0.4,0.4,0.3,0,0.5,10,9.5,10,rrt_20260807_173936_131.png
20260807_173941_084,2026-08-07 17:39:41,False,10000,465,0.0,0,0.4,0.4,0.3,0,0.5,10,9.5,10,rrt_20260807_173941_084.png
20260807_173942_615,2026-08-07 17:39:42,True,3357,304,18.400000000000002,47,0.4,0.4,0.3,0,0.5,10,9.5,10,rrt_20260807_173942_615.png
20260807_173947_350,2026-08-07 17:39:47,False,10000,469,0.0,0,0.4,0.4,0.3,0,0.5,10,9.5,10,rrt_20260807_173947_350.png
20260807_173948_357,2026-08-07 17:39:48,True,1840,202,18.721263225341605,48,0.4,0.4,0.3,0,0.5,10,9.5,10,rrt_20260807_173948_357.png
20260807_173949_061,2026-08-07 17:39:49,True,778,152,16.799999999999997,43,0.4,0.4,0.3,0,0.5,10,9.5,10,rrt_20260807_173949_061.png
20260807_173949_923,2026-08-07 17:39:49,True,1488,234,17.6,45,0.4,0.4,0.3,0,0.5,10,9.5,10,rrt_20260807_173949_923.png
20260807_173954_559,2026-08-07 17:39:54,False,10000,451,0.0,0,0.4,0.4,0.3,0,0.5,10,9.5,10,rrt_20260807_173954_559.png
20260807_173959_407,2026-08-07 17:39:59,False,10000,437,0.0,0,0.4,0.4,0.3,0,0.5,10,9.5,10,rrt_20260807_173959_407.png
20260807_174000_335,2026-08-07 17:40:00,True,1442,181,17.20000000000001,44,0.4,0.4,0.3,0,0.5,10,9.5,10,rrt_20260807_174000_335.png
20260807_174005_170,2026-08-07 17:40:05,False,10000,463,0.0,0,0.4,0.4,0.3,0,0.5,10,9.5,10,rrt_20260807_174005_170.png
20260807_174008_256,2026-08-07 17:40:08,False,10000,273,0.0,0,0.4,0.4,0.3,0,0.5,10,9.5,10,rrt_20260807_174008_256.png
20260807_174009_208,2026-08-07 17:40:09,True,1782,213,18.76266774028762,48,0.4,0.4,0.3,0,0.5,10,9.5,10,rrt_20260807_174009_208.png
20260807_174010_146,2026-08-07 17:40:10,True,1899,224,18.00000000000001,46,0.4,0.4,0.3,0,0.5,10,9.5,10,rrt_20260807_174010_146.png
20260807_174011_010,2026-08-07 17:40:11,True,1531,183,17.6,45,0.4,0.4,0.3,0,0.5,10,9.5,10,rrt_20260807_174011_010.png
20260807_174015_760,2026-08-07 17:40:15,False,10000,469,0.0,0,0.4,0.4,0.3,0,0.5,10,9.5,10,rrt_20260807_174015_760.png
20260807_174020_408,2026-08-07 17:40:20,False,10000,456,0.0,0,0.4,0.4,0.3,0,0.5,10,9.5,10,rrt_20260807_174020_408.png
20260807_174025_698,2026-08-07 17:40:25,False,10000,462,0.0,0,0.4,0.4,0.3,0,0.5,10,9.5,10,rrt_20260807_174025_698.png
20260807_174026_530,2026-08-07 17:40:26,True,1088,134,18.277166261993347,47,0.4,0.4,0.3,0,0.5,10,9.5,10,rrt_20260807_174026_530.png
20260807_174031_674,2026-08-07 17:40:31,False,10000,486,0.0,0,0.4,0.4,0.3,0,0.5,10,9.5,10,rrt_20260807_174031_674.png
20260807_174032_752,2026-08-07 17:40:32,True,1794,228,17.600000000000012,45,0.4,0.4,0.3,0,0.5,10,9.5,10,rrt_20260807_174032_752.png
20260807_174036_204,2026-08-07 17:40:36,False,10000,328,0.0,0,0.4,0.4,0.3,0,0.5,10,9.5,10,rrt_20260807_174036_204.png
20260807_174037_313,2026-08-07 17:40:37,True,2728,224,18.269334120950024,47,0.4,0.4,0.3,0,0.5,10,9.5,10,rrt_20260807_174037_313.png
20260807_174042_066,2026-08-07 17:40:42,False,10000,475,0.0,0,0.4,0.4,0.3,0,0.5,10,9.5,10,rrt_20260807_174042_066.png
20260807_174046_716,2026-08-07 17:40:46,False,10000,465,0.0,0,0.4,0.4,0.3,0,0.5,10,9.5,10,rrt_20260807_174046_716.png
20260807_174047_563,2026-08-07 17:40:47,True,1364,179,17.200000000000003,44,0.4,0.4,0.3,0,0.5,10,9.5,10,rrt_20260807_174047_563.png
20260807_174048_481,2026-08-07 17:40:48,True,2137,201,19.600000000000005,50,0.4,0.4,0.3,0,0.5,10,9.5,10,rrt_20260807_174048_481.png
20260807_174052_845,2026-08-07 17:40:52,False,10000,394,0.0,0,0.4,0.4,0.3,0,0.5,10,9.5,10,rrt_20260807_174052_845.png
20260807_174058_043,2026-08-07 17:40:58,False,10000,480,0.0,0,0.4,0.4,0.3,0,0.5,10,9.5,10,rrt_20260807_174058_043.png
20260807_174101_569,2026-08-07 17:41:01,False,10000,321,0.0,0,0.4,0.4,0.3,0,0.5,10,9.5,10,rrt_20260807_174101_569.png
20260807_174103_011,2026-08-07 17:41:03,True,3446,263,20.799999999999994,53,0.4,0.4,0.3,0,0.5,10,9.5,10,rrt_20260807_174103_011.png
20260807_174103_987,2026-08-07 17:41:03,True,1760,230,18.30760863573097,47,0.4,0.4,0.3,0,0.5,10,9.5,10,rrt_20260807_174103_987.png
20260807_174105_455,2026-08-07 17:41:05,True,2356,273,18.0,46,0.4,0.4,0.3,0,0.5,10,9.5,10,rrt_20260807_174105_455.png
20260807_174110_112,2026-08-07 17:41:10,False,10000,449,0.0,0,0.4,0.4,0.3,0,0.5,10,9.5,10,rrt_20260807_174110_112.png
20260807_174114_940,2026-08-07 17:41:14,False,10000,462,0.0,0,0.4,0.4,0.3,0,0.5,10,9.5,10,rrt_20260807_174114_940.png
20260807_174116_027,2026-08-07 17:41:16,True,2057,231,18.4,47,0.4,0.4,0.3,0,0.5,10,9.5,10,rrt_20260807_174116_027.png
20260807_174117_056,2026-08-07 17:41:17,True,2483,208,18.0,46,0.4,0.4,0.3,0,0.5,10,9.5,10,rrt_20260807_174117_056.png
20260807_174118_195,2026-08-07 17:41:18,True,839,150,17.478459329692967,45,0.4,0.4,0.3,0,0.5,10,9.5,10,rrt_20260807_174118_195.png
20260807_174118_916,2026-08-07 17:41:18,True,1075,147,17.6,45,0.4,0.4,0.3,0,0.5,10,9.5,10,rrt_20260807_174118_916.png
20260807_174122_181,2026-08-07 17:41:22,False,10000,337,0.0,0,0.4,0.4,0.3,0,0.5,10,9.5,10,rrt_20260807_174122_181.png
20260807_174123_082,2026-08-07 17:41:23,True,1174,198,17.599999999999994,45,0.4,0.4,0.3,0,0.5,10,9.5,10,rrt_20260807_174123_082.png
20260807_174124_091,2026-08-07 17:41:24,True,2191,245,18.008234706175593,47,0.4,0.4,0.3,0,0.5,10,9.5,10,rrt_20260807_174124_091.png
20260807_174128_781,2026-08-07 17:41:28,False,10000,465,0.0,0,0.4,0.4,0.3,0,0.5,10,9.5,10,rrt_20260807_174128_781.png
20260807_174133_635,2026-08-07 17:41:33,False,10000,514,0.0,0,0.4,0.4,0.3,0,0.5,10,9.5,10,rrt_20260807_174133_635.png
20260807_174134_415,2026-08-07 17:41:34,True,585,113,18.0,46,0.4,0.4,0.3,0,0.5,10,9.5,10,rrt_20260807_174134_415.png
20260807_174135_427,2026-08-07 17:41:35,True,852,157,17.60000000000001,45,0.4,0.4,0.3,0,0.5,10,9.5,10,rrt_20260807_174135_427.png
20260807_174136_565,2026-08-07 17:41:36,True,1262,162,17.332141379434315,45,0.4,0.4,0.3,0,0.5,10,9.5,10,rrt_20260807_174136_565.png
20260807_174139_985,2026-08-07 17:41:39,False,10000,316,0.0,0,0.4,0.4,0.3,0,0.5,10,9.5,10,rrt_20260807_174139_985.png
20260807_174144_755,2026-08-07 17:41:44,False,10000,460,0.0,0,0.4,0.4,0.3,0,0.5,10,9.5,10,rrt_20260807_174144_755.png
20260807_174149_624,2026-08-07 17:41:49,False,10000,481,0.0,0,0.4,0.4,0.3,0,0.5,10,9.5,10,rrt_20260807_174149_624.png
20260807_174154_412,2026-08-07 17:41:54,False,10000,461,0.0,0,0.4,0.4,0.3,0,0.5,10,9.5,10,rrt_20260807_174154_412.png
20260807_174159_245,2026-08-07 17:41:59,False,10000,480,0.0,0,0.4,0.4,0.3,0,0.5,10,9.5,10,rrt_20260807_174159_245.png
20260807_174200_162,2026-08-07 17:42:00,True,1178,178,18.799999999999997,48,0.4,0.4,0.3,0,0.5,10,9.5,10,rrt_20260807_174200_162.png
20260807_174200_956,2026-08-07 17:42:00,True,1237,201,18.368321227295368,47,0.4,0.4,0.3,0,0.5,10,9.5,10,rrt_20260807_174200_956.png
20260807_174201_755,2026-08-07 17:42:01,True,1397,167,17.520349030311706,45,0.4,0.4,0.3,0,0.5,10,9.5,10,rrt_20260807_174201_755.png
20260807_174206_412,2026-08-07 17:42:06,False,10000,427,0.0,0,0.4,0.4,0.3,0,0.5,10,9.5,10,rrt_20260807_174206_412.png
20260807_174207_949,2026-08-07 17:42:07,True,3725,282,17.60000000000001,45,0.4,0.4,0.3,0,0.5,10,9.5,10,rrt_20260807_174207_949.png
20260807_174212_841,2026-08-07 17:42:12,False,10000,490,0.0,0,0.4,0.4,0.3,0,0.5,10,9.5,10,rrt_20260807_174212_841.png
20260807_174213_731,2026-08-07 17:42:13,True,1047,170,18.799999999999997,48,0.4,0.4,0.3,0,0.5,10,9.5,10,rrt_20260807_174213_731.png
20260807_174217_174,2026-08-07 17:42:17,False,10000,331,0.0,0,0.4,0.4,0.3,0,0.5,10,9.5,10,rrt_20260807_174217_174.png
20260807_174221_615,2026-08-07 17:42:21,False,10000,430,0.0,0,0.4,0.4,0.3,0,0.5,10,9.5,10,rrt_20260807_174221_615.png
20260807_174222_899,2026-08-07 17:42:22,True,1591,217,20.4,52,0.4,0.4,0.3,0,0.5,10,9.5,10,rrt_20260807_174222_899.png
20260807_174223_672,2026-08-07 17:42:23,True,863,168,17.2,44,0.4,0.5,0.3,0,0.5,10,9.5,10,rrt_20260807_174223_672.png
20260807_174224_475,2026-08-07 17:42:24,True,714,147,18.764759962069306,48,0.4,0.5,0.3,0,0.5,10,9.5,10,rrt_20260807_174224_475.png
20260807_174229_914,2026-08-07 17:42:29,False,10000,520,0.0,0,0.4,0.5,0.3,0,0.5,10,9.5,10,rrt_20260807_174229_914.png
20260807_174233_859,2026-08-07 17:42:33,False,10000,380,0.0,0,0.4,0.5,0.3,0,0.5,10,9.5,10,rrt_20260807_174233_859.png
20260807_174234_628,2026-08-07 17:42:34,True,736,161,17.999999999999996,46,0.4,0.5,0.3,0,0.5,10,9.5,10,rrt_20260807_174234_628.png
20260807_174235_314,2026-08-07 17:42:35,True,782,155,17.101916226279954,44,0.4,0.5,0.3,0,0.5,10,9.5,10,rrt_20260807_174235_314.png
20260807_174240_035,2026-08-07 17:42:40,False,10000,486,0.0,0,0.4,0.5,0.3,0,0.5,10,9.5,10,rrt_20260807_174240_035.png
20260807_174240_880,2026-08-07 17:42:40,True,1303,156,17.6,45,0.4,0.5,0.3,0,0.5,10,9.5,10,rrt_20260807_174240_880.png
20260807_174245_966,2026-08-07 17:42:45,False,10000,546,0.0,0,0.4,0.5,0.3,0,0.5,10,9.5,10,rrt_20260807_174245_966.png
20260807_174251_290,2026-08-07 17:42:51,False,10000,529,0.0,0,0.4,0.5,0.3,0,0.5,10,9.5,10,rrt_20260807_174251_290.png
20260807_174256_378,2026-08-07 17:42:56,False,10000,517,0.0,0,0.4,0.5,0.3,0,0.5,10,9.5,10,rrt_20260807_174256_378.png
20260807_174301_651,2026-08-07 17:43:01,False,10000,558,0.0,0,0.4,0.5,0.3,0,0.5,10,9.5,10,rrt_20260807_174301_651.png
20260807_174306_987,2026-08-07 17:43:06,False,10000,539,0.0,0,0.4,0.5,0.3,0,0.5,10,9.5,10,rrt_20260807_174306_987.png
20260807_174307_780,2026-08-07 17:43:07,True,725,139,17.200000000000003,44,0.4,0.5,0.3,0,0.5,10,9.5,10,rrt_20260807_174307_780.png
20260807_174313_046,2026-08-07 17:43:13,False,10000,518,0.0,0,0.4,0.5,0.3,0,0.5,10,9.5,10,rrt_20260807_174313_046.png
20260807_174316_818,2026-08-07 17:43:16,False,10000,364,0.0,0,0.4,0.5,0.3,0,0.5,10,9.5,10,rrt_20260807_174316_818.png
20260807_174322_468,2026-08-07 17:43:22,False,10000,564,0.0,0,0.4,0.5,0.3,0,0.5,10,9.5,10,rrt_20260807_174322_468.png
20260807_174323_399,2026-08-07 17:43:23,True,1075,210,18.400000000000013,47,0.4,0.5,0.3,0,0.5,10,9.5,10,rrt_20260807_174323_399.png
20260807_174328_544,2026-08-07 17:43:28,False,10000,541,0.0,0,0.4,0.5,0.3,0,0.5,10,9.5,10,rrt_20260807_174328_544.png
20260807_174333_945,2026-08-07 17:43:33,False,10000,490,0.0,0,0.4,0.5,0.3,0,0.5,10,9.5,10,rrt_20260807_174333_945.png
20260807_174338_501,2026-08-07 17:43:38,False,10000,441,0.0,0,0.4,0.5,0.3,0,0.5,10,9.5,10,rrt_20260807_174338_501.png
20260807_174339_274,2026-08-07 17:43:39,True,732,134,16.80000000000001,43,0.4,0.5,0.3,0,0.5,10,9.5,10,rrt_20260807_174339_274.png
20260807_174339_944,2026-08-07 17:43:39,True,560,138,18.205791172908633,47,0.4,0.5,0.3,0,0.5,10,9.5,10,rrt_20260807_174339_944.png
20260807_174343_425,2026-08-07 17:43:43,False,10000,338,0.0,0,0.4,0.5,0.3,0,0.5,10,9.5,10,rrt_20260807_174343_425.png
20260807_174344_346,2026-08-07 17:43:44,True,1571,213,18.013465205741422,47,0.4,0.5,0.3,0,0.5,10,9.5,10,rrt_20260807_174344_346.png
20260807_174349_061,2026-08-07 17:43:49,False,10000,475,0.0,0,0.4,0.5,0.3,0,0.5,10,9.5,10,rrt_20260807_174349_061.png
20260807_174354_284,2026-08-07 17:43:54,False,10000,551,0.0,0,0.4,0.5,0.3,0,0.5,10,9.5,10,rrt_20260807_174354_284.png
20260807_174359_481,2026-08-07 17:43:59,False,10000,548,0.0,0,0.4,0.5,0.3,0,0.5,10,9.5,10,rrt_20260807_174359_481.png
20260807_174401_274,2026-08-07 17:44:01,True,1941,257,17.590266976299038,45,0.4,0.5,0.3,0,0.5,10,9.5,10,rrt_20260807_174401_274.png
20260807_174402_234,2026-08-07 17:44:02,True,1523,235,17.185177047088786,44,0.4,0.5,0.3,0,0.5,10,9.5,10,rrt_20260807_174402_234.png
20260807_174402_981,2026-08-07 17:44:02,True,981,163,19.20000000000001,49,0.4,0.5,0.3,0,0.5,10,9.5,10,rrt_20260807_174402_981.png
20260807_174403_753,2026-08-07 17:44:03,True,1352,165,17.982596718483695,46,0.4,0.5,0.3,0,0.5,10,9.5,10,rrt_20260807_174403_753.png
20260807_174407_531,2026-08-07 17:44:07,False,10000,390,0.0,0,0.4,0.5,0.3,0,0.5,10,9.5,10,rrt_20260807_174407_531.png
20260807_174412_509,2026-08-07 17:44:12,False,10000,516,0.0,0,0.4,0.5,0.3,0,0.5,10,9.5,10,rrt_20260807_174412_509.png
20260807_174417_540,2026-08-07 17:44:17,False,10000,537,0.0,0,0.4,0.5,0.3,0,0.5,10,9.5,10,rrt_20260807_174417_540.png
20260807_174418_520,2026-08-07 17:44:18,True,1422,203,18.000000000000004,46,0.4,0.5,0.3,0,0.5,10,9.5,10,rrt_20260807_174418_520.png
20260807_174419_215,2026-08-07 17:44:19,True,863,151,17.593614012087865,45,0.4,0.5,0.3,0,0.5,10,9.5,10,rrt_20260807_174419_215.png
20260807_174420_244,2026-08-07 17:44:20,True,486,123,16.8,43,0.4,0.5,0.3,0,0.5,10,9.5,10,rrt_20260807_174420_244.png
20260807_174421_699,2026-08-07 17:44:21,True,2637,289,17.963564735370092,46,0.4,0.5,0.3,0,0.5,10,9.5,10,rrt_20260807_174421_699.png
20260807_174423_321,2026-08-07 17:44:23,True,3291,316,18.03233016725149,47,0.4,0.5,0.3,0,0.5,10,9.5,10,rrt_20260807_174423_321.png
20260807_174424_060,2026-08-07 17:44:24,True,853,154,18.000000000000004,46,0.4,0.5,0.3,0,0.5,10,9.5,10,rrt_20260807_174424_060.png
20260807_174424_896,2026-08-07 17:44:24,True,1149,183,19.20000000000001,49,0.4,0.5,0.3,0,0.5,10,9.5,10,rrt_20260807_174424_896.png
20260807_174425_665,2026-08-07 17:44:25,True,1042,186,18.80000000000002,48,0.4,0.5,0.3,0,0.5,10,9.5,10,rrt_20260807_174425_665.png
20260807_174427_002,2026-08-07 17:44:27,True,1294,201,20.000000000000007,51,0.4,0.5,0.3,0,0.5,10,9.5,10,rrt_20260807_174427_002.png
20260807_174427_744,2026-08-07 17:44:27,True,971,156,18.0,46,0.4,0.5,0.3,0,0.5,10,9.5,10,rrt_20260807_174427_744.png
20260807_174432_689,2026-08-07 17:44:32,False,10000,522,0.0,0,0.4,0.5,0.3,0,0.5,10,9.5,10,rrt_20260807_174432_689.png
20260807_174433_870,2026-08-07 17:44:33,True,1096,213,17.600000000000012,45,0.4,0.5,0.3,0,0.5,10,9.5,10,rrt_20260807_174433_870.png
20260807_174434_698,2026-08-07 17:44:34,True,1354,205,18.000000000000004,46,0.4,0.5,0.3,0,0.5,10,9.5,10,rrt_20260807_174434_698.png
20260807_174435_420,2026-08-07 17:44:35,True,765,141,19.157052007331004,49,0.4,0.5,0.3,0,0.5,10,9.5,10,rrt_20260807_174435_420.png
20260807_174436_366,2026-08-07 17:44:36,True,1959,235,20.78107476508871,53,0.4,0.5,0.3,0,0.5,10,9.5,10,rrt_20260807_174436_366.png
20260807_174437_320,2026-08-07 17:44:37,True,2018,221,17.90701028606361,46,0.4,0.5,0.3,0,0.5,10,9.5,10,rrt_20260807_174437_320.png
20260807_174438_262,2026-08-07 17:44:38,True,1816,236,18.205798147460445,47,0.4,0.5,0.3,0,0.5,10,9.5,10,rrt_20260807_174438_262.png
20260807_174439_198,2026-08-07 17:44:39,True,1542,242,17.953777133804913,46,0.4,0.5,0.3,0,0.5,10,9.5,10,rrt_20260807_174439_198.png
20260807_174439_889,2026-08-07 17:44:39,True,684,144,17.200000000000006,44,0.4,0.5,0.3,0,0.5,10,9.5,10,rrt_20260807_174439_889.png
20260807_174444_913,2026-08-07 17:44:44,False,10000,543,0.0,0,0.4,0.5,0.3,0,0.5,10,9.5,10,rrt_20260807_174444_913.png
20260807_174446_084,2026-08-07 17:44:46,True,1262,171,18.799999999999997,48,0.4,0.5,0.3,0,0.5,10,9.5,10,rrt_20260807_174446_084.png
20260807_174448_605,2026-08-07 17:44:48,False,10000,187,0.0,0,0.4,0.5,0.3,0,0.5,10,9.5,10,rrt_20260807_174448_605.png
20260807_174453_853,2026-08-07 17:44:53,False,10000,528,0.0,0,0.4,0.5,0.3,0,0.5,10,9.5,10,rrt_20260807_174453_853.png
20260807_174455_408,2026-08-07 17:44:55,True,3446,255,20.8,53,0.4,0.5,0.3,0,0.5,10,9.5,10,rrt_20260807_174455_408.png
20260807_174500_101,2026-08-07 17:45:00,False,10000,467,0.0,0,0.4,0.5,0.3,0,0.5,10,9.5,10,rrt_20260807_174500_101.png
20260807_174500_934,2026-08-07 17:45:00,True,1219,163,17.6,45,0.4,0.5,0.3,0,0.5,10,9.5,10,rrt_20260807_174500_934.png
20260807_174505_884,2026-08-07 17:45:05,False,10000,537,0.0,0,0.4,0.5,0.3,0,0.5,10,9.5,10,rrt_20260807_174505_884.png
20260807_174509_805,2026-08-07 17:45:09,False,10000,365,0.0,0,0.4,0.5,0.3,0,0.5,10,9.5,10,rrt_20260807_174509_805.png
20260807_174514_882,2026-08-07 17:45:14,False,10000,488,0.0,0,0.4,0.5,0.3,0,0.5,10,9.5,10,rrt_20260807_174514_882.png
20260807_174516_361,2026-08-07 17:45:16,True,1667,199,19.049867225707157,49,0.4,0.5,0.3,0,0.5,10,9.5,10,rrt_20260807_174516_361.png
20260807_174521_565,2026-08-07 17:45:21,False,10000,535,0.0,0,0.4,0.5,0.3,0,0.5,10,9.5,10,rrt_20260807_174521_565.png
20260807_174522_679,2026-08-07 17:45:22,True,2079,211,21.83697740166355,56,0.4,0.5,0.3,0,0.5,10,9.5,10,rrt_20260807_174522_679.png
20260807_174527_508,2026-08-07 17:45:27,False,10000,512,0.0,0,0.4,0.5,0.3,0,0.5,10,9.5,10,rrt_20260807_174527_508.png
20260807_174528_539,2026-08-07 17:45:28,True,1636,231,18.799999999999994,48,0.4,0.5,0.3,0,0.5,10,9.5,10,rrt_20260807_174528_539.png
20260807_174533_694,2026-08-07 17:45:33,False,10000,542,0.0,0,0.4,0.5,0.3,0,0.5,10,9.5,10,rrt_20260807_174533_694.png
20260807_174534_550,2026-08-07 17:45:34,True,1129,158,17.757124895133003,46,0.4,0.5,0.3,0,0.5,10,9.5,10,rrt_20260807_174534_550.png
20260807_174535_438,2026-08-07 17:45:35,True,1724,214,17.200000000000003,44,0.4,0.5,0.3,0,0.5,10,9.5,10,rrt_20260807_174535_438.png
20260807_174540_896,2026-08-07 17:45:40,False,10000,502,0.0,0,0.4,0.5,0.3,0,0.5,10,9.5,10,rrt_20260807_174540_896.png
20260807_174546_065,2026-08-07 17:45:46,False,10000,513,0.0,0,0.4,0.5,0.3,0,0.5,10,9.5,10,rrt_20260807_174546_065.png
20260807_174547_465,2026-08-07 17:45:47,True,2484,287,17.660262436999275,46,0.4,0.5,0.3,0,0.5,10,9.5,10,rrt_20260807_174547_465.png
20260807_174548_183,2026-08-07 17:45:48,True,471,115,17.200000000000006,44,0.4,0.5,0.3,0,0.5,10,9.5,10,rrt_20260807_174548_183.png
20260807_174548_798,2026-08-07 17:45:48,True,253,93,17.118212834035372,44,0.4,0.5,0.3,0,0.5,10,9.5,10,rrt_20260807_174548_798.png
20260807_174549_584,2026-08-07 17:45:49,True,1366,211,17.848692447880392,46,0.4,0.5,0.3,0,0.5,10,9.5,10,rrt_20260807_174549_584.png
20260807_174550_308,2026-08-07 17:45:50,True,971,138,18.400000000000002,47,0.4,0.5,0.3,0,0.5,10,9.5,10,rrt_20260807_174550_308.png
20260807_174555_407,2026-08-07 17:45:55,False,10000,517,0.0,0,0.4,0.5,0.3,0,0.5,10,9.5,10,rrt_20260807_174555_407.png
20260807_174600_755,2026-08-07 17:46:00,False,10000,552,0.0,0,0.4,0.5,0.3,0,0.5,10,9.5,10,rrt_20260807_174600_755.png
20260807_174606_335,2026-08-07 17:46:06,False,10000,545,0.0,0,0.4,0.5,0.3,0,0.5,10,9.5,10,rrt_20260807_174606_335.png
20260807_174607_292,2026-08-07 17:46:07,True,1206,226,18.8,48,0.4,0.5,0.3,0,0.5,10,9.5,10,rrt_20260807_174607_292.png
20260807_174608_006,2026-08-07 17:46:08,True,549,114,16.800000000000004,43,0.4,0.5,0.3,0,0.5,10,9.5,10,rrt_20260807_174608_006.png
20260807_174609_656,2026-08-07 17:46:09,True,3399,332,18.309144409707987,47,0.4,0.5,0.3,0,0.5,10,9.5,10,rrt_20260807_174609_656.png
20260807_174613_325,2026-08-07 17:46:13,False,10000,349,0.0,0,0.4,0.5,0.3,0,0.5,10,9.5,10,rrt_20260807_174613_325.png
20260807_174618_644,2026-08-07 17:46:18,False,10000,521,0.0,0,0.4,0.5,0.3,0,0.5,10,9.5,10,rrt_20260807_174618_644.png
20260807_174622_896,2026-08-07 17:46:22,False,10000,401,0.0,0,0.4,0.5,0.3,0,0.5,10,9.5,10,rrt_20260807_174622_896.png
20260807_174623_729,2026-08-07 17:46:23,True,639,134,18.302091541655408,47,0.4,0.5,0.3,0,0.5,10,9.5,10,rrt_20260807_174623_729.png
20260807_174624_455,2026-08-07 17:46:24,True,760,159,16.400000000000006,42,0.4,0.5,0.3,0,0.5,10,9.5,10,rrt_20260807_174624_455.png
20260807_174625_476,2026-08-07 17:46:25,True,986,160,17.200000000000003,44,0.4,0.5,0.3,0,0.5,10,9.5,10,rrt_20260807_174625_476.png
20260807_174630_089,2026-08-07 17:46:30,False,10000,506,0.0,0,0.4,0.5,0.3,0,0.5,10,9.5,10,rrt_20260807_174630_089.png
20260807_174634_836,2026-08-07 17:46:34,False,10000,470,0.0,0,0.4,0.5,0.3,0,0.5,10,9.5,10,rrt_20260807_174634_836.png
20260807_174638_668,2026-08-07 17:46:38,False,10000,340,0.0,0,0.4,0.5,0.3,0,0.5,10,9.5,10,rrt_20260807_174638_668.png
20260807_174642_375,2026-08-07 17:46:42,False,10000,372,0.0,0,0.4,0.5,0.3,0,0.5,10,9.5,10,rrt_20260807_174642_375.png
20260807_174647_444,2026-08-07 17:46:47,False,10000,533,0.0,0,0.4,0.5,0.3,0,0.5,10,9.5,10,rrt_20260807_174647_444.png
20260807_174648_253,2026-08-07 17:46:48,True,769,116,16.8,43,0.4,0.5,0.3,0,0.5,10,9.5,10,rrt_20260807_174648_253.png
20260807_174651_553,2026-08-07 17:46:51,False,10000,323,0.0,0,0.4,0.5,0.3,0,0.5,10,9.5,10,rrt_20260807_174651_553.png
20260807_174656_551,2026-08-07 17:46:56,False,10000,492,0.0,0,0.4,0.5,0.3,0,0.5,10,9.5,10,rrt_20260807_174656_551.png
20260807_174701_165,2026-08-07 17:47:01,False,10000,388,0.0,0,0.4,0.5,0.3,0,0.5,10,9.5,10,rrt_20260807_174701_165.png
20260807_174701_996,2026-08-07 17:47:01,True,679,142,17.200000000000003,44,0.4,0.6,0.3,0,0.5,10,9.5,10,rrt_20260807_174701_996.png
20260807_174707_820,2026-08-07 17:47:07,False,10000,578,0.0,0,0.4,0.6,0.3,0,0.5,10,9.5,10,rrt_20260807_174707_820.png
20260807_174708_700,2026-08-07 17:47:08,True,812,199,18.000000000000018,46,0.4,0.6,0.3,0,0.5,10,9.5,10,rrt_20260807_174708_700.png
20260807_174709_430,2026-08-07 17:47:09,True,891,192,18.727277781346448,48,0.4,0.6,0.3,0,0.5,10,9.5,10,rrt_20260807_174709_430.png
20260807_174714_298,2026-08-07 17:47:14,False,10000,510,0.0,0,0.4,0.6,0.3,0,0.5,10,9.5,10,rrt_20260807_174714_298.png
20260807_174715_526,2026-08-07 17:47:15,True,2136,266,18.428979913522966,48,0.4,0.6,0.3,0,0.5,10,9.5,10,rrt_20260807_174715_526.png
20260807_174716_235,2026-08-07 17:47:16,True,775,163,19.977862780817922,51,0.4,0.6,0.3,0,0.5,10,9.5,10,rrt_20260807_174716_235.png
20260807_174716_944,2026-08-07 17:47:16,True,766,184,17.600000000000005,45,0.4,0.6,0.3,0,0.5,10,9.5,10,rrt_20260807_174716_944.png
20260807_174722_150,2026-08-07 17:47:22,False,10000,520,0.0,0,0.4,0.6,0.3,0,0.5,10,9.5,10,rrt_20260807_174722_150.png
20260807_174726_364,2026-08-07 17:47:26,False,10000,430,0.0,0,0.4,0.6,0.3,0,0.5,10,9.5,10,rrt_20260807_174726_364.png
20260807_174727_772,2026-08-07 17:47:27,True,2668,295,19.124204366748497,49,0.4,0.6,0.3,0,0.5,10,9.5,10,rrt_20260807_174727_772.png
20260807_174728_886,2026-08-07 17:47:28,True,1687,205,17.200000000000003,44,0.4,0.6,0.3,0,0.5,10,9.5,10,rrt_20260807_174728_886.png
20260807_174729_823,2026-08-07 17:47:29,True,1421,257,16.379655347475968,42,0.4,0.6,0.3,0,0.5,10,9.5,10,rrt_20260807_174729_823.png
20260807_174733_773,2026-08-07 17:47:33,False,10000,400,0.0,0,0.4,0.6,0.3,0,0.5,10,9.5,10,rrt_20260807_174733_773.png
20260807_174735_136,2026-08-07 17:47:35,True,2614,308,17.374570041484812,45,0.4,0.6,0.3,0,0.5,10,9.5,10,rrt_20260807_174735_136.png
20260807_174740_777,2026-08-07 17:47:40,False,10000,593,0.0,0,0.4,0.6,0.3,0,0.5,10,9.5,10,rrt_20260807_174740_777.png
20260807_174741_782,2026-08-07 17:47:41,True,508,143,18.776076838232672,48,0.4,0.6,0.3,0,0.5,10,9.5,10,rrt_20260807_174741_782.png
20260807_174747_584,2026-08-07 17:47:47,False,10000,590,0.0,0,0.4,0.6,0.3,0,0.5,10,9.5,10,rrt_20260807_174747_584.png
20260807_174752_850,2026-08-07 17:47:52,False,10000,527,0.0,0,0.4,0.6,0.3,0,0.5,10,9.5,10,rrt_20260807_174752_850.png
20260807_174757_180,2026-08-07 17:47:57,False,10000,460,0.0,0,0.4,0.6,0.3,0,0.5,10,9.5,10,rrt_20260807_174757_180.png
20260807_174758_677,2026-08-07 17:47:58,True,3195,320,20.000000000000007,51,0.4,0.6,0.3,0,0.5,10,9.5,10,rrt_20260807_174758_677.png
20260807_174759_428,2026-08-07 17:47:59,True,789,167,18.177497616834085,47,0.4,0.6,0.3,0,0.5,10,9.5,10,rrt_20260807_174759_428.png
20260807_174800_201,2026-08-07 17:48:00,True,1154,175,17.60000000000001,45,0.4,0.6,0.3,0,0.5,10,9.5,10,rrt_20260807_174800_201.png
20260807_174806_092,2026-08-07 17:48:06,False,10000,633,0.0,0,0.4,0.6,0.3,0,0.5,10,9.5,10,rrt_20260807_174806_092.png
20260807_174811_690,2026-08-07 17:48:11,False,10000,581,0.0,0,0.4,0.6,0.3,0,0.5,10,9.5,10,rrt_20260807_174811_690.png
20260807_174817_854,2026-08-07 17:48:17,False,10000,663,0.0,0,0.4,0.6,0.3,0,0.5,10,9.5,10,rrt_20260807_174817_854.png
20260807_174819_406,2026-08-07 17:48:19,True,1446,254,17.991229669927122,46,0.4,0.6,0.3,0,0.5,10,9.5,10,rrt_20260807_174819_406.png
20260807_174820_307,2026-08-07 17:48:20,True,1934,218,19.199999999999996,49,0.4,0.6,0.3,0,0.5,10,9.5,10,rrt_20260807_174820_307.png
20260807_174825_856,2026-08-07 17:48:25,False,10000,582,0.0,0,0.4,0.6,0.3,0,0.5,10,9.5,10,rrt_20260807_174825_856.png
20260807_174831_206,2026-08-07 17:48:31,False,10000,535,0.0,0,0.4,0.6,0.3,0,0.5,10,9.5,10,rrt_20260807_174831_206.png
20260807_174837_001,2026-08-07 17:48:37,False,10000,572,0.0,0,0.4,0.6,0.3,0,0.5,10,9.5,10,rrt_20260807_174837_001.png
20260807_174838_164,2026-08-07 17:48:38,True,1242,182,18.781681481880717,48,0.4,0.6,0.3,0,0.5,10,9.5,10,rrt_20260807_174838_164.png
20260807_174843_639,2026-08-07 17:48:43,False,10000,579,0.0,0,0.4,0.6,0.3,0,0.5,10,9.5,10,rrt_20260807_174843_639.png
20260807_174844_589,2026-08-07 17:48:44,True,1322,207,18.4,47,0.4,0.6,0.3,0,0.5,10,9.5,10,rrt_20260807_174844_589.png
20260807_174845_657,2026-08-07 17:48:45,True,2121,247,23.57009924309368,60,0.4,0.6,0.3,0,0.5,10,9.5,10,rrt_20260807_174845_657.png
20260807_174851_100,2026-08-07 17:48:51,False,10000,522,0.0,0,0.4,0.6,0.3,0,0.5,10,9.5,10,rrt_20260807_174851_100.png
20260807_174851_865,2026-08-07 17:48:51,True,532,130,17.600000000000016,45,0.4,0.6,0.3,0,0.5,10,9.5,10,rrt_20260807_174851_865.png
20260807_174852_982,2026-08-07 17:48:52,True,2254,270,18.4,47,0.4,0.6,0.3,0,0.5,10,9.5,10,rrt_20260807_174852_982.png
20260807_174858_247,2026-08-07 17:48:58,False,10000,572,0.0,0,0.4,0.6,0.3,0,0.5,10,9.5,10,rrt_20260807_174858_247.png
20260807_174859_148,2026-08-07 17:48:59,True,841,171,18.000000000000018,46,0.4,0.6,0.3,0,0.5,10,9.5,10,rrt_20260807_174859_148.png
20260807_174904_393,2026-08-07 17:49:04,False,10000,548,0.0,0,0.4,0.6,0.3,0,0.5,10,9.5,10,rrt_20260807_174904_393.png
20260807_174905_342,2026-08-07 17:49:05,True,1315,242,21.199999999999992,54,0.4,0.6,0.3,0,0.5,10,9.5,10,rrt_20260807_174905_342.png
20260807_174906_086,2026-08-07 17:49:06,True,692,181,17.874397516861162,46,0.4,0.6,0.3,0,0.5,10,9.5,10,rrt_20260807_174906_086.png
20260807_174907_128,2026-08-07 17:49:07,True,925,153,17.200000000000014,44,0.4,0.6,0.3,0,0.5,10,9.5,10,rrt_20260807_174907_128.png
20260807_174907_943,2026-08-07 17:49:07,True,1060,211,18.0,46,0.4,0.6,0.3,0,0.5,10,9.5,10,rrt_20260807_174907_943.png
20260807_174913_410,2026-08-07 17:49:13,False,10000,556,0.0,0,0.4,0.6,0.3,0,0.5,10,9.5,10,rrt_20260807_174913_410.png
20260807_174919_404,2026-08-07 17:49:19,False,10000,602,0.0,0,0.4,0.6,0.3,0,0.5,10,9.5,10,rrt_20260807_174919_404.png
20260807_174925_711,2026-08-07 17:49:25,False,10000,631,0.0,0,0.4,0.6,0.3,0,0.5,10,9.5,10,rrt_20260807_174925_711.png
20260807_174926_580,2026-08-07 17:49:26,True,679,168,18.40000000000002,47,0.4,0.6,0.3,0,0.5,10,9.5,10,rrt_20260807_174926_580.png
20260807_174932_144,2026-08-07 17:49:32,False,10000,603,0.0,0,0.4,0.6,0.3,0,0.5,10,9.5,10,rrt_20260807_174932_144.png
20260807_174937_278,2026-08-07 17:49:37,False,10000,547,0.0,0,0.4,0.6,0.3,0,0.5,10,9.5,10,rrt_20260807_174937_278.png
20260807_174941_387,2026-08-07 17:49:41,False,10000,423,0.0,0,0.4,0.6,0.3,0,0.5,10,9.5,10,rrt_20260807_174941_387.png
20260807_174943_112,2026-08-07 17:49:43,True,1976,271,18.29130523455513,47,0.4,0.6,0.3,0,0.5,10,9.5,10,rrt_20260807_174943_112.png
20260807_174948_777,2026-08-07 17:49:48,False,10000,593,0.0,0,0.4,0.6,0.3,0,0.5,10,9.5,10,rrt_20260807_174948_777.png
20260807_174949_640,2026-08-07 17:49:49,True,881,188,18.799999999999997,48,0.4,0.6,0.3,0,0.5,10,9.5,10,rrt_20260807_174949_640.png
20260807_174950_333,2026-08-07 17:49:50,True,573,119,17.96274152556734,46,0.4,0.6,0.3,0,0.5,10,9.5,10,rrt_20260807_174950_333.png
20260807_174951_004,2026-08-07 17:49:51,True,644,158,19.53007636878119,50,0.4,0.6,0.3,0,0.5,10,9.5,10,rrt_20260807_174951_004.png
20260807_174952_466,2026-08-07 17:49:52,True,3422,298,19.199999999999992,49,0.4,0.6,0.3,0,0.5,10,9.5,10,rrt_20260807_174952_466.png
20260807_174958_075,2026-08-07 17:49:58,False,10000,594,0.0,0,0.4,0.6,0.3,0,0.5,10,9.5,10,rrt_20260807_174958_075.png
20260807_174958_854,2026-08-07 17:49:58,True,528,141,17.9480465459771,46,0.4,0.6,0.3,0,0.5,10,9.5,10,rrt_20260807_174958_854.png
20260807_175004_829,2026-08-07 17:50:04,False,10000,626,0.0,0,0.4,0.6,0.3,0,0.5,10,9.5,10,rrt_20260807_175004_829.png
20260807_175006_020,2026-08-07 17:50:06,True,637,159,18.701168244114218,48,0.4,0.6,0.3,0,0.5,10,9.5,10,rrt_20260807_175006_020.png
20260807_175011_072,2026-08-07 17:50:11,False,10000,531,0.0,0,0.4,0.6,0.3,0,0.5,10,9.5,10,rrt_20260807_175011_072.png
20260807_175016_774,2026-08-07 17:50:16,False,10000,618,0.0,0,0.4,0.6,0.3,0,0.5,10,9.5,10,rrt_20260807_175016_774.png
20260807_175019_572,2026-08-07 17:50:19,False,10000,226,0.0,0,0.4,0.6,0.3,0,0.5,10,9.5,10,rrt_20260807_175019_572.png
20260807_175020_309,2026-08-07 17:50:20,True,853,141,21.599999999999987,55,0.4,0.6,0.3,0,0.5,10,9.5,10,rrt_20260807_175020_309.png
20260807_175021_424,2026-08-07 17:50:21,True,1087,225,18.400000000000013,47,0.4,0.6,0.3,0,0.5,10,9.5,10,rrt_20260807_175021_424.png
20260807_175026_874,2026-08-07 17:50:26,False,10000,601,0.0,0,0.4,0.6,0.3,0,0.5,10,9.5,10,rrt_20260807_175026_874.png
20260807_175031_976,2026-08-07 17:50:31,False,10000,556,0.0,0,0.4,0.6,0.3,0,0.5,10,9.5,10,rrt_20260807_175031_976.png
20260807_175037_423,2026-08-07 17:50:37,False,10000,563,0.0,0,0.4,0.6,0.3,0,0.5,10,9.5,10,rrt_20260807_175037_423.png
20260807_175038_776,2026-08-07 17:50:38,True,1742,198,21.199999999999992,54,0.4,0.6,0.3,0,0.5,10,9.5,10,rrt_20260807_175038_776.png
20260807_175039_521,2026-08-07 17:50:39,True,730,175,19.2,49,0.4,0.6,0.3,0,0.5,10,9.5,10,rrt_20260807_175039_521.png
20260807_175040_190,2026-08-07 17:50:40,True,689,138,17.20000000000001,44,0.4,0.6,0.3,0,0.5,10,9.5,10,rrt_20260807_175040_190.png
20260807_175045_242,2026-08-07 17:50:45,False,10000,539,0.0,0,0.4,0.6,0.3,0,0.5,10,9.5,10,rrt_20260807_175045_242.png
20260807_175046_110,2026-08-07 17:50:46,True,1050,178,17.559981341008065,45,0.4,0.6,0.3,0,0.5,10,9.5,10,rrt_20260807_175046_110.png
20260807_175047_163,2026-08-07 17:50:47,True,1251,199,20.00000000000002,51,0.4,0.6,0.3,0,0.5,10,9.5,10,rrt_20260807_175047_163.png
20260807_175047_797,2026-08-07 17:50:47,True,391,99,16.800000000000008,43,0.4,0.6,0.3,0,0.5,10,9.5,10,rrt_20260807_175047_797.png
20260807_175048_476,2026-08-07 17:50:48,True,659,150,17.200000000000003,44,0.4,0.6,0.3,0,0.5,10,9.5,10,rrt_20260807_175048_476.png
20260807_175053_469,2026-08-07 17:50:53,False,10000,529,0.0,0,0.4,0.6,0.3,0,0.5,10,9.5,10,rrt_20260807_175053_469.png
20260807_175059_363,2026-08-07 17:50:59,False,10000,590,0.0,0,0.4,0.6,0.3,0,0.5,10,9.5,10,rrt_20260807_175059_363.png
20260807_175102_087,2026-08-07 17:51:02,False,10000,227,0.0,0,0.4,0.6,0.3,0,0.5,10,9.5,10,rrt_20260807_175102_087.png
20260807_175107_411,2026-08-07 17:51:07,False,10000,549,0.0,0,0.4,0.6,0.3,0,0.5,10,9.5,10,rrt_20260807_175107_411.png
20260807_175113_063,2026-08-07 17:51:13,False,10000,601,0.0,0,0.4,0.6,0.3,0,0.5,10,9.5,10,rrt_20260807_175113_063.png
20260807_175114_038,2026-08-07 17:51:14,True,979,182,18.00000000000001,46,0.4,0.6,0.3,0,0.5,10,9.5,10,rrt_20260807_175114_038.png
20260807_175115_251,2026-08-07 17:51:15,True,1188,223,18.336671873573362,47,0.4,0.6,0.3,0,0.5,10,9.5,10,rrt_20260807_175115_251.png
20260807_175119_560,2026-08-07 17:51:19,False,10000,437,0.0,0,0.4,0.6,0.3,0,0.5,10,9.5,10,rrt_20260807_175119_560.png
20260807_175120_422,2026-08-07 17:51:20,True,1057,202,18.694256779404135,48,0.4,0.6,0.3,0,0.5,10,9.5,10,rrt_20260807_175120_422.png
20260807_175121_208,2026-08-07 17:51:21,True,946,196,18.000000000000018,46,0.4,0.6,0.3,0,0.5,10,9.5,10,rrt_20260807_175121_208.png
20260807_175122_215,2026-08-07 17:51:22,True,867,178,18.00000000000001,46,0.4,0.6,0.3,0,0.5,10,9.5,10,rrt_20260807_175122_215.png
20260807_175122_945,2026-08-07 17:51:22,True,384,92,18.400000000000013,47,0.4,0.6,0.3,0,0.5,10,9.5,10,rrt_20260807_175122_945.png
20260807_175123_711,2026-08-07 17:51:23,True,1154,205,18.4,47,0.4,0.6,0.3,0,0.5,10,9.5,10,rrt_20260807_175123_711.png
20260807_175128_643,2026-08-07 17:51:28,False,10000,523,0.0,0,0.4,0.6,0.3,0,0.5,10,9.5,10,rrt_20260807_175128_643.png
20260807_175129_554,2026-08-07 17:51:29,True,1267,207,18.636390828645585,48,0.4,0.6,0.3,0,0.5,10,9.5,10,rrt_20260807_175129_554.png
20260807_175135_071,2026-08-07 17:51:35,False,10000,595,0.0,0,0.4,0.6,0.3,0,0.5,10,9.5,10,rrt_20260807_175135_071.png
20260807_175139_368,2026-08-07 17:51:39,False,10000,428,0.0,0,0.4,0.6,0.3,0,0.5,10,9.5,10,rrt_20260807_175139_368.png
20260807_175140_195,2026-08-07 17:51:40,True,838,175,19.20000000000001,49,0.4,0.6,0.3,0,0.5,10,9.5,10,rrt_20260807_175140_195.png
20260807_175145_641,2026-08-07 17:51:45,False,10000,606,0.0,0,0.4,0.6,0.3,0,0.5,10,9.5,10,rrt_20260807_175145_641.png
20260807_175149_854,2026-08-07 17:51:49,False,10000,351,0.0,0,0.4,0.6,0.3,0,0.5,10,9.5,10,rrt_20260807_175149_854.png
20260807_175150_800,2026-08-07 17:51:50,True,1411,205,20.39999999999999,52,0.4,0.6,0.3,0,0.5,10,9.5,10,rrt_20260807_175150_800.png
20260807_175151_859,2026-08-07 17:51:51,True,1953,280,18.00000000000001,46,0.4,0.6,0.3,0,0.5,10,9.5,10,rrt_20260807_175151_859.png
20260807_175152_544,2026-08-07 17:51:52,True,149,69,16.8,43,0.4,0.7,0.3,0,0.5,10,9.5,10,rrt_20260807_175152_544.png
20260807_175153_241,2026-08-07 17:51:53,True,928,186,20.799999999999994,53,0.4,0.7,0.3,0,0.5,10,9.5,10,rrt_20260807_175153_241.png
20260807_175159_542,2026-08-07 17:51:59,False,10000,668,0.0,0,0.4,0.7,0.3,0,0.5,10,9.5,10,rrt_20260807_175159_542.png
20260807_175200_764,2026-08-07 17:52:00,True,1642,291,16.800000000000004,43,0.4,0.7,0.3,0,0.5,10,9.5,10,rrt_20260807_175200_764.png
20260807_175201_766,2026-08-07 17:52:01,True,737,188,17.6,45,0.4,0.7,0.3,0,0.5,10,9.5,10,rrt_20260807_175201_766.png
20260807_175208_012,2026-08-07 17:52:08,False,10000,646,0.0,0,0.4,0.7,0.3,0,0.5,10,9.5,10,rrt_20260807_175208_012.png
20260807_175208_979,2026-08-07 17:52:08,True,1141,222,19.517142700494283,50,0.4,0.7,0.3,0,0.5,10,9.5,10,rrt_20260807_175208_979.png
20260807_175210_202,2026-08-07 17:52:10,True,2229,309,20.353903513438997,52,0.4,0.7,0.3,0,0.5,10,9.5,10,rrt_20260807_175210_202.png
20260807_175210_931,2026-08-07 17:52:10,True,492,150,18.4,47,0.4,0.7,0.3,0,0.5,10,9.5,10,rrt_20260807_175210_931.png
20260807_175216_190,2026-08-07 17:52:16,False,10000,550,0.0,0,0.4,0.7,0.3,0,0.5,10,9.5,10,rrt_20260807_175216_190.png
20260807_175222_460,2026-08-07 17:52:22,False,10000,654,0.0,0,0.4,0.7,0.3,0,0.5,10,9.5,10,rrt_20260807_175222_460.png
20260807_175223_241,2026-08-07 17:52:23,True,466,140,17.973615212611403,46,0.4,0.7,0.3,0,0.5,10,9.5,10,rrt_20260807_175223_241.png
20260807_175223_970,2026-08-07 17:52:23,True,862,213,17.600000000000005,45,0.4,0.7,0.3,0,0.5,10,9.5,10,rrt_20260807_175223_970.png
20260807_175224_699,2026-08-07 17:52:24,True,366,121,17.200000000000006,44,0.4,0.7,0.3,0,0.5,10,9.5,10,rrt_20260807_175224_699.png
20260807_175231_166,2026-08-07 17:52:31,False,10000,675,0.0,0,0.4,0.7,0.3,0,0.5,10,9.5,10,rrt_20260807_175231_166.png
20260807_175232_126,2026-08-07 17:52:32,True,1080,227,18.985772432820635,49,0.4,0.7,0.3,0,0.5,10,9.5,10,rrt_20260807_175232_126.png
20260807_175232_934,2026-08-07 17:52:32,True,1046,218,18.36167819849135,47,0.4,0.7,0.3,0,0.5,10,9.5,10,rrt_20260807_175232_934.png
20260807_175233_772,2026-08-07 17:52:33,True,1107,253,18.31848242423127,47,0.4,0.7,0.3,0,0.5,10,9.5,10,rrt_20260807_175233_772.png
20260807_175240_074,2026-08-07 17:52:40,False,10000,697,0.0,0,0.4,0.7,0.3,0,0.5,10,9.5,10,rrt_20260807_175240_074.png
20260807_175245_568,2026-08-07 17:52:45,False,10000,571,0.0,0,0.4,0.7,0.3,0,0.5,10,9.5,10,rrt_20260807_175245_568.png
20260807_175249_892,2026-08-07 17:52:49,False,10000,432,0.0,0,0.4,0.7,0.3,0,0.5,10,9.5,10,rrt_20260807_175249_892.png
20260807_175250_731,2026-08-07 17:52:50,True,465,136,17.6,45,0.4,0.7,0.3,0,0.5,10,9.5,10,rrt_20260807_175250_731.png
20260807_175251_510,2026-08-07 17:52:51,True,883,220,16.808359378196727,44,0.4,0.7,0.3,0,0.5,10,9.5,10,rrt_20260807_175251_510.png
20260807_175257_347,2026-08-07 17:52:57,False,10000,590,0.0,0,0.4,0.7,0.3,0,0.5,10,9.5,10,rrt_20260807_175257_347.png
20260807_175258_865,2026-08-07 17:52:58,True,2819,329,20.0,51,0.4,0.7,0.3,0,0.5,10,9.5,10,rrt_20260807_175258_865.png
20260807_175259_547,2026-08-07 17:52:59,True,312,121,18.80000000000001,48,0.4,0.7,0.3,0,0.5,10,9.5,10,rrt_20260807_175259_547.png
20260807_175302_145,2026-08-07 17:53:02,False,10000,241,0.0,0,0.4,0.7,0.3,0,0.5,10,9.5,10,rrt_20260807_175302_145.png
20260807_175308_555,2026-08-07 17:53:08,False,10000,713,0.0,0,0.4,0.7,0.3,0,0.5,10,9.5,10,rrt_20260807_175308_555.png
20260807_175309_363,2026-08-07 17:53:09,True,592,170,17.89008436685943,46,0.4,0.7,0.3,0,0.5,10,9.5,10,rrt_20260807_175309_363.png
20260807_175314_766,2026-08-07 17:53:14,False,10000,584,0.0,0,0.4,0.7,0.3,0,0.5,10,9.5,10,rrt_20260807_175314_766.png
20260807_175319_558,2026-08-07 17:53:19,False,10000,484,0.0,0,0.4,0.7,0.3,0,0.5,10,9.5,10,rrt_20260807_175319_558.png
20260807_175320_433,2026-08-07 17:53:20,True,1221,189,20.4,52,0.4,0.7,0.3,0,0.5,10,9.5,10,rrt_20260807_175320_433.png
20260807_175321_499,2026-08-07 17:53:21,True,505,152,17.200000000000017,44,0.4,0.7,0.3,0,0.5,10,9.5,10,rrt_20260807_175321_499.png
20260807_175322_735,2026-08-07 17:53:22,True,1960,256,19.229282969024144,50,0.4,0.7,0.3,0,0.5,10,9.5,10,rrt_20260807_175322_735.png
20260807_175323_444,2026-08-07 17:53:23,True,663,182,18.399999999999995,47,0.4,0.7,0.3,0,0.5,10,9.5,10,rrt_20260807_175323_444.png
20260807_175329_013,2026-08-07 17:53:29,False,10000,611,0.0,0,0.4,0.7,0.3,0,0.5,10,9.5,10,rrt_20260807_175329_013.png
20260807_175329_886,2026-08-07 17:53:29,True,564,143,17.2,44,0.4,0.7,0.3,0,0.5,10,9.5,10,rrt_20260807_175329_886.png
20260807_175336_040,2026-08-07 17:53:36,False,10000,667,0.0,0,0.4,0.7,0.3,0,0.5,10,9.5,10,rrt_20260807_175336_040.png
20260807_175342_436,2026-08-07 17:53:42,False,10000,681,0.0,0,0.4,0.7,0.3,0,0.5,10,9.5,10,rrt_20260807_175342_436.png
20260807_175343_670,2026-08-07 17:53:43,True,848,209,17.528201593023265,45,0.4,0.7,0.3,0,0.5,10,9.5,10,rrt_20260807_175343_670.png
20260807_175344_449,2026-08-07 17:53:44,True,873,232,21.2,54,0.4,0.7,0.3,0,0.5,10,9.5,10,rrt_20260807_175344_449.png
20260807_175345_410,2026-08-07 17:53:45,True,653,185,16.621050763229043,43,0.4,0.7,0.3,0,0.5,10,9.5,10,rrt_20260807_175345_410.png
20260807_175346_232,2026-08-07 17:53:46,True,1018,203,18.38727686380074,47,0.4,0.7,0.3,0,0.5,10,9.5,10,rrt_20260807_175346_232.png
20260807_175346_906,2026-08-07 17:53:46,True,633,161,17.941714198530356,46,0.4,0.7,0.3,0,0.5,10,9.5,10,rrt_20260807_175346_906.png
20260807_175351_537,2026-08-07 17:53:51,False,10000,501,0.0,0,0.4,0.7,0.3,0,0.5,10,9.5,10,rrt_20260807_175351_537.png
20260807_175352_826,2026-08-07 17:53:52,True,2166,300,18.00000000000001,46,0.4,0.7,0.3,0,0.5,10,9.5,10,rrt_20260807_175352_826.png
20260807_175353_554,2026-08-07 17:53:53,True,676,179,19.885520672795323,51,0.4,0.7,0.3,0,0.5,10,9.5,10,rrt_20260807_175353_554.png
20260807_175354_253,2026-08-07 17:53:54,True,628,140,19.99999999999999,51,0.4,0.7,0.3,0,0.5,10,9.5,10,rrt_20260807_175354_253.png
20260807_175400_805,2026-08-07 17:54:00,False,10000,656,0.0,0,0.4,0.7,0.3,0,0.5,10,9.5,10,rrt_20260807_175400_805.png
20260807_175401_697,2026-08-07 17:54:01,True,981,204,18.400000000000013,47,0.4,0.7,0.3,0,0.5,10,9.5,10,rrt_20260807_175401_697.png
20260807_175407_031,2026-08-07 17:54:07,False,10000,523,0.0,0,0.4,0.7,0.3,0,0.5,10,9.5,10,rrt_20260807_175407_031.png
20260807_175412_701,2026-08-07 17:54:12,False,10000,611,0.0,0,0.4,0.7,0.3,0,0.5,10,9.5,10,rrt_20260807_175412_701.png
20260807_175413_841,2026-08-07 17:54:13,True,1810,254,17.60000000000002,45,0.4,0.7,0.3,0,0.5,10,9.5,10,rrt_20260807_175413_841.png
20260807_175414_611,2026-08-07 17:54:14,True,797,195,17.600000000000016,45,0.4,0.7,0.3,0,0.5,10,9.5,10,rrt_20260807_175414_611.png
20260807_175415_302,2026-08-07 17:54:15,True,698,165,17.600000000000012,45,0.4,0.7,0.3,0,0.5,10,9.5,10,rrt_20260807_175415_302.png
20260807_175421_099,2026-08-07 17:54:21,False,10000,643,0.0,0,0.4,0.7,0.3,0,0.5,10,9.5,10,rrt_20260807_175421_099.png
20260807_175427_347,2026-08-07 17:54:27,False,10000,699,0.0,0,0.4,0.7,0.3,0,0.5,10,9.5,10,rrt_20260807_175427_347.png
20260807_175428_588,2026-08-07 17:54:28,True,791,217,17.516831626826026,45,0.4,0.7,0.3,0,0.5,10,9.5,10,rrt_20260807_175428_588.png
20260807_175434_401,2026-08-07 17:54:34,False,10000,630,0.0,0,0.4,0.7,0.3,0,0.5,10,9.5,10,rrt_20260807_175434_401.png
20260807_175435_542,2026-08-07 17:54:35,True,566,163,18.75723147742731,48,0.4,0.7,0.3,0,0.5,10,9.5,10,rrt_20260807_175435_542.png
20260807_175436_528,2026-08-07 17:54:36,True,2037,241,17.6,45,0.4,0.7,0.3,0,0.5,10,9.5,10,rrt_20260807_175436_528.png
20260807_175437_441,2026-08-07 17:54:37,True,1419,247,19.130241462104657,49,0.4,0.7,0.3,0,0.5,10,9.5,10,rrt_20260807_175437_441.png
20260807_175438_418,2026-08-07 17:54:38,True,828,136,17.200000000000003,44,0.4,0.7,0.3,0,0.5,10,9.5,10,rrt_20260807_175438_418.png
20260807_175439_196,2026-08-07 17:54:39,True,917,201,17.999999999999996,46,0.4,0.7,0.3,0,0.5,10,9.5,10,rrt_20260807_175439_196.png
20260807_175439_859,2026-08-07 17:54:39,True,466,166,18.338895851011046,47,0.4,0.7,0.3,0,0.5,10,9.5,10,rrt_20260807_175439_859.png
20260807_175445_471,2026-08-07 17:54:45,False,10000,640,0.0,0,0.4,0.7,0.3,0,0.5,10,9.5,10,rrt_20260807_175445_471.png
20260807_175451_123,2026-08-07 17:54:51,False,10000,598,0.0,0,0.4,0.7,0.3,0,0.5,10,9.5,10,rrt_20260807_175451_123.png
20260807_175455_751,2026-08-07 17:54:55,False,10000,467,0.0,0,0.4,0.7,0.3,0,0.5,10,9.5,10,rrt_20260807_175455_751.png
20260807_175500_469,2026-08-07 17:55:00,False,10000,440,0.0,0,0.4,0.7,0.3,0,0.5,10,9.5,10,rrt_20260807_175500_469.png
20260807_175506_471,2026-08-07 17:55:06,False,10000,667,0.0,0,0.4,0.7,0.3,0,0.5,10,9.5,10,rrt_20260807_175506_471.png
20260807_175507_337,2026-08-07 17:55:07,True,786,194,16.80000000000001,43,0.4,0.7,0.3,0,0.5,10,9.5,10,rrt_20260807_175507_337.png
20260807_175508_011,2026-08-07 17:55:08,True,584,137,18.32141268224848,47,0.4,0.7,0.3,0,0.5,10,9.5,10,rrt_20260807_175508_011.png
20260807_175512_173,2026-08-07 17:55:12,False,10000,427,0.0,0,0.4,0.7,0.3,0,0.5,10,9.5,10,rrt_20260807_175512_173.png
20260807_175518_404,2026-08-07 17:55:18,False,10000,677,0.0,0,0.4,0.7,0.3,0,0.5,10,9.5,10,rrt_20260807_175518_404.png
20260807_175524_492,2026-08-07 17:55:24,False,10000,680,0.0,0,0.4,0.7,0.3,0,0.5,10,9.5,10,rrt_20260807_175524_492.png
20260807_175529_637,2026-08-07 17:55:29,False,10000,483,0.0,0,0.4,0.7,0.3,0,0.5,10,9.5,10,rrt_20260807_175529_637.png
20260807_175534_442,2026-08-07 17:55:34,False,10000,473,0.0,0,0.4,0.7,0.3,0,0.5,10,9.5,10,rrt_20260807_175534_442.png
20260807_175541_009,2026-08-07 17:55:41,False,10000,717,0.0,0,0.4,0.7,0.3,0,0.5,10,9.5,10,rrt_20260807_175541_009.png
20260807_175541_936,2026-08-07 17:55:41,True,899,221,18.000000000000014,46,0.4,0.7,0.3,0,0.5,10,9.5,10,rrt_20260807_175541_936.png
20260807_175542_707,2026-08-07 17:55:42,True,828,222,18.400000000000013,47,0.4,0.7,0.3,0,0.5,10,9.5,10,rrt_20260807_175542_707.png
20260807_175548_163,2026-08-07 17:55:48,False,10000,597,0.0,0,0.4,0.7,0.3,0,0.5,10,9.5,10,rrt_20260807_175548_163.png
20260807_175548_990,2026-08-07 17:55:48,True,570,195,16.8,43,0.4,0.7,0.3,0,0.5,10,9.5,10,rrt_20260807_175548_990.png
20260807_175553_084,2026-08-07 17:55:53,False,10000,425,0.0,0,0.4,0.7,0.3,0,0.5,10,9.5,10,rrt_20260807_175553_084.png
20260807_175558_356,2026-08-07 17:55:58,False,10000,540,0.0,0,0.4,0.7,0.3,0,0.5,10,9.5,10,rrt_20260807_175558_356.png
20260807_175559_189,2026-08-07 17:55:59,True,548,165,18.0,46,0.4,0.7,0.3,0,0.5,10,9.5,10,rrt_20260807_175559_189.png
20260807_175604_664,2026-08-07 17:56:04,False,10000,560,0.0,0,0.4,0.7,0.3,0,0.5,10,9.5,10,rrt_20260807_175604_664.png
20260807_175605_627,2026-08-07 17:56:05,True,1264,242,18.39419430295123,47,0.4,0.7,0.3,0,0.5,10,9.5,10,rrt_20260807_175605_627.png
20260807_175610_974,2026-08-07 17:56:10,False,10000,583,0.0,0,0.4,0.7,0.3,0,0.5,10,9.5,10,rrt_20260807_175610_974.png
20260807_175611_827,2026-08-07 17:56:11,True,826,214,17.85858268746068,46,0.4,0.7,0.3,0,0.5,10,9.5,10,rrt_20260807_175611_827.png
20260807_175618_042,2026-08-07 17:56:18,False,10000,692,0.0,0,0.4,0.7,0.3,0,0.5,10,9.5,10,rrt_20260807_175618_042.png
20260807_175619_742,2026-08-07 17:56:19,True,2793,363,19.543445779548254,50,0.4,0.7,0.3,0,0.5,10,9.5,10,rrt_20260807_175619_742.png
20260807_175625_744,2026-08-07 17:56:25,False,10000,651,0.0,0,0.4,0.7,0.3,0,0.5,10,9.5,10,rrt_20260807_175625_744.png
20260807_175631_855,2026-08-07 17:56:31,False,10000,634,0.0,0,0.4,0.7,0.3,0,0.5,10,9.5,10,rrt_20260807_175631_855.png
20260807_175633_126,2026-08-07 17:56:33,True,2003,311,19.200000000000003,49,0.4,0.7,0.3,0,0.5,10,9.5,10,rrt_20260807_175633_126.png
20260807_175638_160,2026-08-07 17:56:38,False,10000,471,0.0,0,0.4,0.7,0.3,0,0.5,10,9.5,10,rrt_20260807_175638_160.png
20260807_175642_662,2026-08-07 17:56:42,False,10000,473,0.0,0,0.4,0.7,0.3,0,0.5,10,9.5,10,rrt_20260807_175642_662.png
20260807_175643_623,2026-08-07 17:56:43,True,541,146,17.712342069379215,46,0.4,0.7,0.3,0,0.5,10,9.5,10,rrt_20260807_175643_623.png
20260807_175644_615,2026-08-07 17:56:44,True,1360,239,20.400000000000002,52,0.4,0.7,0.3,0,0.5,10,9.5,10,rrt_20260807_175644_615.png
20260807_175645_613,2026-08-07 17:56:45,True,1548,260,20.800000000000008,53,0.4,0.7,0.3,0,0.5,10,9.5,10,rrt_20260807_175645_613.png
20260807_175650_301,2026-08-07 17:56:50,False,10000,500,0.0,0,0.4,0.7,0.3,0,0.5,10,9.5,10,rrt_20260807_175650_301.png
20260807_175657_201,2026-08-07 17:56:57,False,10000,767,0.0,0,0.4,0.8,0.3,0,0.5,10,9.5,10,rrt_20260807_175657_201.png
20260807_175703_439,2026-08-07 17:57:03,False,10000,706,0.0,0,0.4,0.8,0.3,0,0.5,10,9.5,10,rrt_20260807_175703_439.png
20260807_175709_615,2026-08-07 17:57:09,False,10000,671,0.0,0,0.4,0.8,0.3,0,0.5,10,9.5,10,rrt_20260807_175709_615.png
20260807_175710_885,2026-08-07 17:57:10,True,831,233,20.40000000000001,52,0.4,0.8,0.3,0,0.5,10,9.5,10,rrt_20260807_175710_885.png
20260807_175716_965,2026-08-07 17:57:16,False,10000,677,0.0,0,0.4,0.8,0.3,0,0.5,10,9.5,10,rrt_20260807_175716_965.png
20260807_175717_831,2026-08-07 17:57:17,True,515,176,17.6,45,0.4,0.8,0.3,0,0.5,10,9.5,10,rrt_20260807_175717_831.png
20260807_175719_204,2026-08-07 17:57:19,True,2215,253,21.199999999999992,54,0.4,0.8,0.3,0,0.5,10,9.5,10,rrt_20260807_175719_204.png
20260807_175720_077,2026-08-07 17:57:20,True,1188,230,18.307105219700016,47,0.4,0.8,0.3,0,0.5,10,9.5,10,rrt_20260807_175720_077.png
20260807_175720_749,2026-08-07 17:57:20,True,431,151,17.59744084118444,45,0.4,0.8,0.3,0,0.5,10,9.5,10,rrt_20260807_175720_749.png
20260807_175721_409,2026-08-07 17:57:21,True,477,164,17.2,44,0.4,0.8,0.3,0,0.5,10,9.5,10,rrt_20260807_175721_409.png
20260807_175727_658,2026-08-07 17:57:27,False,10000,730,0.0,0,0.4,0.8,0.3,0,0.5,10,9.5,10,rrt_20260807_175727_658.png
20260807_175729_232,2026-08-07 17:57:29,True,2463,353,17.17514772601902,44,0.4,0.8,0.3,0,0.5,10,9.5,10,rrt_20260807_175729_232.png
20260807_175730_600,2026-08-07 17:57:30,True,1107,202,18.75611546880557,48,0.4,0.8,0.3,0,0.5,10,9.5,10,rrt_20260807_175730_600.png
20260807_175736_562,2026-08-07 17:57:36,False,10000,663,0.0,0,0.4,0.8,0.3,0,0.5,10,9.5,10,rrt_20260807_175736_562.png
20260807_175737_564,2026-08-07 17:57:37,True,864,240,16.78246387588066,43,0.4,0.8,0.3,0,0.5,10,9.5,10,rrt_20260807_175737_564.png
20260807_175743_479,2026-08-07 17:57:43,False,10000,654,0.0,0,0.4,0.8,0.3,0,0.5,10,9.5,10,rrt_20260807_175743_479.png
20260807_175750_249,2026-08-07 17:57:50,False,10000,738,0.0,0,0.4,0.8,0.3,0,0.5,10,9.5,10,rrt_20260807_175750_249.png
20260807_175753_219,2026-08-07 17:57:53,False,10000,268,0.0,0,0.4,0.8,0.3,0,0.5,10,9.5,10,rrt_20260807_175753_219.png
20260807_175754_038,2026-08-07 17:57:54,True,764,227,18.000000000000018,46,0.4,0.8,0.3,0,0.5,10,9.5,10,rrt_20260807_175754_038.png
20260807_175759_664,2026-08-07 17:57:59,False,10000,629,0.0,0,0.4,0.8,0.3,0,0.5,10,9.5,10,rrt_20260807_175759_664.png
20260807_175806_042,2026-08-07 17:58:06,False,10000,718,0.0,0,0.4,0.8,0.3,0,0.5,10,9.5,10,rrt_20260807_175806_042.png
20260807_175809_599,2026-08-07 17:58:09,False,10000,269,0.0,0,0.4,0.8,0.3,0,0.5,10,9.5,10,rrt_20260807_175809_599.png
20260807_175815_820,2026-08-07 17:58:15,False,10000,729,0.0,0,0.4,0.8,0.3,0,0.5,10,9.5,10,rrt_20260807_175815_820.png
20260807_175817_138,2026-08-07 17:58:17,True,1756,238,21.605408336667004,56,0.4,0.8,0.3,0,0.5,10,9.5,10,rrt_20260807_175817_138.png
20260807_175817_937,2026-08-07 17:58:17,True,943,228,18.799999999999994,48,0.4,0.8,0.3,0,0.5,10,9.5,10,rrt_20260807_175817_937.png
20260807_175824_298,2026-08-07 17:58:24,False,10000,709,0.0,0,0.4,0.8,0.3,0,0.5,10,9.5,10,rrt_20260807_175824_298.png
20260807_175825_238,2026-08-07 17:58:25,True,881,224,18.374902623528293,47,0.4,0.8,0.3,0,0.5,10,9.5,10,rrt_20260807_175825_238.png
20260807_175826_198,2026-08-07 17:58:26,True,1646,300,18.400000000000006,47,0.4,0.8,0.3,0,0.5,10,9.5,10,rrt_20260807_175826_198.png
20260807_175826_928,2026-08-07 17:58:26,True,548,147,17.96994004791497,46,0.4,0.8,0.3,0,0.5,10,9.5,10,rrt_20260807_175826_928.png
20260807_175833_395,2026-08-07 17:58:33,False,10000,738,0.0,0,0.4,0.8,0.3,0,0.5,10,9.5,10,rrt_20260807_175833_395.png
20260807_175840_799,2026-08-07 17:58:40,False,10000,738,0.0,0,0.4,0.8,0.3,0,0.5,10,9.5,10,rrt_20260807_175840_799.png
20260807_175841_699,2026-08-07 17:58:41,True,903,234,18.792387174683487,48,0.4,0.8,0.3,0,0.5,10,9.5,10,rrt_20260807_175841_699.png
20260807_175847_878,2026-08-07 17:58:47,False,10000,712,0.0,0,0.4,0.8,0.3,0,0.5,10,9.5,10,rrt_20260807_175847_878.png
20260807_175848_716,2026-08-07 17:58:48,True,666,172,19.200000000000006,49,0.4,0.8,0.3,0,0.5,10,9.5,10,rrt_20260807_175848_716.png
20260807_175849_482,2026-08-07 17:58:49,True,740,219,16.8,43,0.4,0.8,0.3,0,0.5,10,9.5,10,rrt_20260807_175849_482.png
20260807_175850_183,2026-08-07 17:58:50,True,618,182,18.349977999879833,47,0.4,0.8,0.3,0,0.5,10,9.5,10,rrt_20260807_175850_183.png
20260807_175851_047,2026-08-07 17:58:51,True,416,135,16.400000000000002,42,0.4,0.8,0.3,0,0.5,10,9.5,10,rrt_20260807_175851_047.png
20260807_175855_579,2026-08-07 17:58:55,False,10000,483,0.0,0,0.4,0.8,0.3,0,0.5,10,9.5,10,rrt_20260807_175855_579.png
20260807_175856_635,2026-08-07 17:58:56,True,435,132,19.2,49,0.4,0.8,0.3,0,0.5,10,9.5,10,rrt_20260807_175856_635.png
20260807_175901_619,2026-08-07 17:59:01,False,10000,554,0.0,0,0.4,0.8,0.3,0,0.5,10,9.5,10,rrt_20260807_175901_619.png
20260807_175907_648,2026-08-07 17:59:07,False,10000,657,0.0,0,0.4,0.8,0.3,0,0.5,10,9.5,10,rrt_20260807_175907_648.png
20260807_175908_557,2026-08-07 17:59:08,True,967,213,18.4,47,0.4,0.8,0.3,0,0.5,10,9.5,10,rrt_20260807_175908_557.png
20260807_175909_618,2026-08-07 17:59:09,True,1716,278,22.283702259000307,57,0.4,0.8,0.3,0,0.5,10,9.5,10,rrt_20260807_175909_618.png
20260807_175910_344,2026-08-07 17:59:10,True,553,164,18.399999999999995,47,0.4,0.8,0.3,0,0.5,10,9.5,10,rrt_20260807_175910_344.png
20260807_175916_253,2026-08-07 17:59:16,False,10000,691,0.0,0,0.4,0.8,0.3,0,0.5,10,9.5,10,rrt_20260807_175916_253.png
20260807_175923_188,2026-08-07 17:59:23,False,10000,765,0.0,0,0.4,0.8,0.3,0,0.5,10,9.5,10,rrt_20260807_175923_188.png
20260807_175924_119,2026-08-07 17:59:24,True,837,200,18.80000000000001,48,0.4,0.8,0.3,0,0.5,10,9.5,10,rrt_20260807_175924_119.png
20260807_175930_386,2026-08-07 17:59:30,False,10000,695,0.0,0,0.4,0.8,0.3,0,0.5,10,9.5,10,rrt_20260807_175930_386.png
20260807_175931_372,2026-08-07 17:59:31,True,992,253,18.4,47,0.4,0.8,0.3,0,0.5,10,9.5,10,rrt_20260807_175931_372.png
20260807_175937_370,2026-08-07 17:59:37,False,10000,640,0.0,0,0.4,0.8,0.3,0,0.5,10,9.5,10,rrt_20260807_175937_370.png
20260807_175938_569,2026-08-07 17:59:38,True,665,187,20.715930790252237,53,0.4,0.8,0.3,0,0.5,10,9.5,10,rrt_20260807_175938_569.png
20260807_175939_288,2026-08-07 17:59:39,True,865,187,19.2,49,0.4,0.8,0.3,0,0.5,10,9.5,10,rrt_20260807_175939_288.png
20260807_175940_071,2026-08-07 17:59:40,True,1002,204,16.80000000000001,43,0.4,0.8,0.3,0,0.5,10,9.5,10,rrt_20260807_175940_071.png
20260807_175946_060,2026-08-07 17:59:46,False,10000,699,0.0,0,0.4,0.8,0.3,0,0.5,10,9.5,10,rrt_20260807_175946_060.png
20260807_175952_257,2026-08-07 17:59:52,False,10000,714,0.0,0,0.4,0.8,0.3,0,0.5,10,9.5,10,rrt_20260807_175952_257.png
20260807_175959_137,2026-08-07 17:59:59,False,10000,744,0.0,0,0.4,0.8,0.3,0,0.5,10,9.5,10,rrt_20260807_175959_137.png
20260807_180000_551,2026-08-07 18:00:00,True,664,170,18.4,47,0.4,0.8,0.3,0,0.5,10,9.5,10,rrt_20260807_180000_551.png
20260807_180001_277,2026-08-07 18:00:01,True,894,163,17.6,45,0.4,0.8,0.3,0,0.5,10,9.5,10,rrt_20260807_180001_277.png
20260807_180007_811,2026-08-07 18:00:07,False,10000,719,0.0,0,0.4,0.8,0.3,0,0.5,10,9.5,10,rrt_20260807_180007_811.png
20260807_180008_855,2026-08-07 18:00:08,True,984,192,18.400000000000016,47,0.4,0.8,0.3,0,0.5,10,9.5,10,rrt_20260807_180008_855.png
20260807_180009_534,2026-08-07 18:00:09,True,498,185,16.800000000000004,43,0.4,0.8,0.3,0,0.5,10,9.5,10,rrt_20260807_180009_534.png
20260807_180015_928,2026-08-07 18:00:15,False,10000,727,0.0,0,0.4,0.8,0.3,0,0.5,10,9.5,10,rrt_20260807_180015_928.png
20260807_180016_854,2026-08-07 18:00:16,True,666,169,19.6,50,0.4,0.8,0.3,0,0.5,10,9.5,10,rrt_20260807_180016_854.png
20260807_180017_592,2026-08-07 18:00:17,True,899,170,16.4,42,0.4,0.8,0.3,0,0.5,10,9.5,10,rrt_20260807_180017_592.png
20260807_180023_952,2026-08-07 18:00:23,False,10000,716,0.0,0,0.4,0.8,0.3,0,0.5,10,9.5,10,rrt_20260807_180023_952.png
20260807_180029_229,2026-08-07 18:00:29,False,10000,460,0.0,0,0.4,0.8,0.3,0,0.5,10,9.5,10,rrt_20260807_180029_229.png
20260807_180035_480,2026-08-07 18:00:35,False,10000,687,0.0,0,0.4,0.8,0.3,0,0.5,10,9.5,10,rrt_20260807_180035_480.png
20260807_180036_432,2026-08-07 18:00:36,True,730,160,20.799999999999994,53,0.4,0.8,0.3,0,0.5,10,9.5,10,rrt_20260807_180036_432.png
20260807_180037_111,2026-08-07 18:00:37,True,559,173,18.000000000000004,46,0.4,0.8,0.3,0,0.5,10,9.5,10,rrt_20260807_180037_111.png
20260807_180043_637,2026-08-07 18:00:43,False,10000,732,0.0,0,0.4,0.8,0.3,0,0.5,10,9.5,10,rrt_20260807_180043_637.png
20260807_180044_625,2026-08-07 18:00:44,True,1346,225,18.535475005934256,48,0.4,0.8,0.3,0,0.5,10,9.5,10,rrt_20260807_180044_625.png
20260807_180045_533,2026-08-07 18:00:45,True,980,208,18.000000000000007,46,0.4,0.8,0.3,0,0.5,10,9.5,10,rrt_20260807_180045_533.png
20260807_180051_894,2026-08-07 18:00:51,False,10000,716,0.0,0,0.4,0.8,0.3,0,0.5,10,9.5,10,rrt_20260807_180051_894.png
20260807_180052_794,2026-08-07 18:00:52,True,650,197,17.599999999999998,45,0.4,0.8,0.3,0,0.5,10,9.5,10,rrt_20260807_180052_794.png
20260807_180053_728,2026-08-07 18:00:53,True,520,180,18.4,47,0.4,0.8,0.3,0,0.5,10,9.5,10,rrt_20260807_180053_728.png
20260807_180054_503,2026-08-07 18:00:54,True,631,197,18.000000000000004,46,0.4,0.8,0.3,0,0.5,10,9.5,10,rrt_20260807_180054_503.png
20260807_180100_735,2026-08-07 18:01:00,False,10000,725,0.0,0,0.4,0.8,0.3,0,0.5,10,9.5,10,rrt_20260807_180100_735.png
20260807_180101_609,2026-08-07 18:01:01,True,782,156,17.200000000000003,44,0.4,0.8,0.3,0,0.5,10,9.5,10,rrt_20260807_180101_609.png
20260807_180108_138,2026-08-07 18:01:08,False,10000,742,0.0,0,0.4,0.8,0.3,0,0.5,10,9.5,10,rrt_20260807_180108_138.png
20260807_180115_316,2026-08-07 18:01:15,False,10000,740,0.0,0,0.4,0.8,0.3,0,0.5,10,9.5,10,rrt_20260807_180115_316.png
20260807_180121_591,2026-08-07 18:01:21,False,10000,693,0.0,0,0.4,0.8,0.3,0,0.5,10,9.5,10,rrt_20260807_180121_591.png
20260807_180122_511,2026-08-07 18:01:22,True,824,186,19.2,49,0.4,0.8,0.3,0,0.5,10,9.5,10,rrt_20260807_180122_511.png
20260807_180123_225,2026-08-07 18:01:23,True,702,203,17.600000000000005,45,0.4,0.8,0.3,0,0.5,10,9.5,10,rrt_20260807_180123_225.png
20260807_180130_192,2026-08-07 18:01:30,False,10000,726,0.0,0,0.4,0.8,0.3,0,0.5,10,9.5,10,rrt_20260807_180130_192.png
20260807_180136_648,2026-08-07 18:01:36,False,10000,718,0.0,0,0.4,0.8,0.3,0,0.5,10,9.5,10,rrt_20260807_180136_648.png
20260807_180142_670,2026-08-07 18:01:42,False,10000,635,0.0,0,0.4,0.8,0.3,0,0.5,10,9.5,10,rrt_20260807_180142_670.png
20260807_180149_095,2026-08-07 18:01:49,False,10000,717,0.0,0,0.4,0.8,0.3,0,0.5,10,9.5,10,rrt_20260807_180149_095.png
20260807_180150_086,2026-08-07 18:01:50,True,1091,247,22.79999999999999,58,0.4,0.8,0.3,0,0.5,10,9.5,10,rrt_20260807_180150_086.png
20260807_180156_767,2026-08-07 18:01:56,False,10000,764,0.0,0,0.4,0.8,0.3,0,0.5,10,9.5,10,rrt_20260807_180156_767.png
20260807_180157_645,2026-08-07 18:01:57,True,612,168,18.741124286584974,48,0.4,0.8,0.3,0,0.5,10,9.5,10,rrt_20260807_180157_645.png
20260807_180204_168,2026-08-07 18:02:04,False,10000,758,0.0,0,0.4,0.8,0.3,0,0.5,10,9.5,10,rrt_20260807_180204_168.png
20260807_180210_640,2026-08-07 18:02:10,False,10000,744,0.0,0,0.4,0.8,0.3,0,0.5,10,9.5,10,rrt_20260807_180210_640.png
20260807_180211_932,2026-08-07 18:02:11,True,697,200,16.707248676809325,43,0.4,0.8,0.3,0,0.5,10,9.5,10,rrt_20260807_180211_932.png
20260807_180217_182,2026-08-07 18:02:17,False,10000,556,0.0,0,0.4,0.8,0.3,0,0.5,10,9.5,10,rrt_20260807_180217_182.png
20260807_180222_173,2026-08-07 18:02:22,False,10000,492,0.0,0,0.4,0.8,0.3,0,0.5,10,9.5,10,rrt_20260807_180222_173.png
20260807_180223_068,2026-08-07 18:02:23,True,618,207,17.51360367236838,45,0.4,0.8,0.3,0,0.5,10,9.5,10,rrt_20260807_180223_068.png
20260807_180223_777,2026-08-07 18:02:23,True,602,197,17.600000000000005,45,0.4,0.8,0.3,0,0.5,10,9.5,10,rrt_20260807_180223_777.png
20260807_180224_569,2026-08-07 18:02:24,True,971,198,18.0,46,0.4,0.8,0.3,0,0.5,10,9.5,10,rrt_20260807_180224_569.png
20260807_180230_516,2026-08-07 18:02:30,False,10000,658,0.0,0,0.4,0.8,0.3,0,0.5,10,9.5,10,rrt_20260807_180230_516.png
20260807_180233_652,2026-08-07 18:02:33,False,10000,292,0.0,0,0.4,0.8,0.3,0,0.5,10,9.5,10,rrt_20260807_180233_652.png
20260807_180239_295,2026-08-07 18:02:39,False,10000,614,0.0,0,0.4,0.9,0.3,0,0.5,10,9.5,10,rrt_20260807_180239_295.png
20260807_180246_620,2026-08-07 18:02:46,False,10000,790,0.0,0,0.4,0.9,0.3,0,0.5,10,9.5,10,rrt_20260807_180246_620.png
20260807_180254_099,2026-08-07 18:02:54,False,10000,810,0.0,0,0.4,0.9,0.3,0,0.5,10,9.5,10,rrt_20260807_180254_099.png
20260807_180301_773,2026-08-07 18:03:01,False,10000,829,0.0,0,0.4,0.9,0.3,0,0.5,10,9.5,10,rrt_20260807_180301_773.png
20260807_180307_557,2026-08-07 18:03:07,False,10000,604,0.0,0,0.4,0.9,0.3,0,0.5,10,9.5,10,rrt_20260807_180307_557.png
20260807_180315_146,2026-08-07 18:03:15,False,10000,860,0.0,0,0.4,0.9,0.3,0,0.5,10,9.5,10,rrt_20260807_180315_146.png
20260807_180321_632,2026-08-07 18:03:21,False,10000,729,0.0,0,0.4,0.9,0.3,0,0.5,10,9.5,10,rrt_20260807_180321_632.png
20260807_180322_459,2026-08-07 18:03:22,True,369,144,19.178360907343876,49,0.4,0.9,0.3,0,0.5,10,9.5,10,rrt_20260807_180322_459.png
20260807_180323_158,2026-08-07 18:03:23,True,620,196,18.33766750063015,47,0.4,0.9,0.3,0,0.5,10,9.5,10,rrt_20260807_180323_158.png
20260807_180324_626,2026-08-07 18:03:24,True,352,115,17.20000000000001,44,0.4,0.9,0.3,0,0.5,10,9.5,10,rrt_20260807_180324_626.png
20260807_180325_493,2026-08-07 18:03:25,True,1279,252,17.628158321818283,46,0.4,0.9,0.3,0,0.5,10,9.5,10,rrt_20260807_180325_493.png
20260807_180328_826,2026-08-07 18:03:28,False,10000,327,0.0,0,0.4,0.9,0.3,0,0.5,10,9.5,10,rrt_20260807_180328_826.png
20260807_180329_638,2026-08-07 18:03:29,True,893,244,18.492456020658423,48,0.4,0.9,0.3,0,0.5,10,9.5,10,rrt_20260807_180329_638.png
20260807_180336_599,2026-08-07 18:03:36,False,10000,800,0.0,0,0.4,0.9,0.3,0,0.5,10,9.5,10,rrt_20260807_180336_599.png
20260807_180337_768,2026-08-07 18:03:37,True,1538,295,17.60000000000001,45,0.4,0.9,0.3,0,0.5,10,9.5,10,rrt_20260807_180337_768.png
20260807_180344_922,2026-08-07 18:03:44,False,10000,801,0.0,0,0.4,0.9,0.3,0,0.5,10,9.5,10,rrt_20260807_180344_922.png
20260807_180345_798,2026-08-07 18:03:45,True,582,170,19.2,49,0.4,0.9,0.3,0,0.5,10,9.5,10,rrt_20260807_180345_798.png
20260807_180352_381,2026-08-07 18:03:52,False,10000,770,0.0,0,0.4,0.9,0.3,0,0.5,10,9.5,10,rrt_20260807_180352_381.png
20260807_180359_783,2026-08-07 18:03:59,False,10000,764,0.0,0,0.4,0.9,0.3,0,0.5,10,9.5,10,rrt_20260807_180359_783.png
20260807_180406_740,2026-08-07 18:04:06,False,10000,788,0.0,0,0.4,0.9,0.3,0,0.5,10,9.5,10,rrt_20260807_180406_740.png
20260807_180407_698,2026-08-07 18:04:07,True,906,257,18.0,46,0.4,0.9,0.3,0,0.5,10,9.5,10,rrt_20260807_180407_698.png
20260807_180408_477,2026-08-07 18:04:08,True,555,215,18.4,47,0.4,0.9,0.3,0,0.5,10,9.5,10,rrt_20260807_180408_477.png
20260807_180409_441,2026-08-07 18:04:09,True,656,213,18.321940564281075,47,0.4,0.9,0.3,0,0.5,10,9.5,10,rrt_20260807_180409_441.png
20260807_180416_560,2026-08-07 18:04:16,False,10000,801,0.0,0,0.4,0.9,0.3,0,0.5,10,9.5,10,rrt_20260807_180416_560.png
20260807_180417_604,2026-08-07 18:04:17,True,991,229,18.385677619071775,47,0.4,0.9,0.3,0,0.5,10,9.5,10,rrt_20260807_180417_604.png
20260807_180423_544,2026-08-07 18:04:23,False,10000,686,0.0,0,0.4,0.9,0.3,0,0.5,10,9.5,10,rrt_20260807_180423_544.png
20260807_180430_973,2026-08-07 18:04:30,False,10000,851,0.0,0,0.4,0.9,0.3,0,0.5,10,9.5,10,rrt_20260807_180430_973.png
20260807_180432_176,2026-08-07 18:04:32,True,299,103,20.4,52,0.4,0.9,0.3,0,0.5,10,9.5,10,rrt_20260807_180432_176.png
20260807_180433_020,2026-08-07 18:04:33,True,1405,226,18.000000000000014,46,0.4,0.9,0.3,0,0.5,10,9.5,10,rrt_20260807_180433_020.png
20260807_180440_331,2026-08-07 18:04:40,False,10000,841,0.0,0,0.4,0.9,0.3,0,0.5,10,9.5,10,rrt_20260807_180440_331.png
20260807_180441_472,2026-08-07 18:04:41,True,1112,261,18.390934306960798,47,0.4,0.9,0.3,0,0.5,10,9.5,10,rrt_20260807_180441_472.png
20260807_180446_893,2026-08-07 18:04:46,False,10000,589,0.0,0,0.4,0.9,0.3,0,0.5,10,9.5,10,rrt_20260807_180446_893.png
20260807_180452_322,2026-08-07 18:04:52,False,10000,602,0.0,0,0.4,0.9,0.3,0,0.5,10,9.5,10,rrt_20260807_180452_322.png
20260807_180453_124,2026-08-07 18:04:53,True,379,154,18.399999999999995,47,0.4,0.9,0.3,0,0.5,10,9.5,10,rrt_20260807_180453_124.png
20260807_180458_140,2026-08-07 18:04:58,False,10000,586,0.0,0,0.4,0.9,0.3,0,0.5,10,9.5,10,rrt_20260807_180458_140.png
20260807_180504_850,2026-08-07 18:05:04,False,10000,763,0.0,0,0.4,0.9,0.3,0,0.5,10,9.5,10,rrt_20260807_180504_850.png
20260807_180512_169,2026-08-07 18:05:12,False,10000,776,0.0,0,0.4,0.9,0.3,0,0.5,10,9.5,10,rrt_20260807_180512_169.png
20260807_180513_108,2026-08-07 18:05:13,True,550,192,21.199999999999996,54,0.4,0.9,0.3,0,0.5,10,9.5,10,rrt_20260807_180513_108.png
20260807_180520_728,2026-08-07 18:05:20,False,10000,788,0.0,0,0.4,0.9,0.3,0,0.5,10,9.5,10,rrt_20260807_180520_728.png
20260807_180521_652,2026-08-07 18:05:21,True,642,212,17.600000000000012,45,0.4,0.9,0.3,0,0.5,10,9.5,10,rrt_20260807_180521_652.png
20260807_180527_128,2026-08-07 18:05:27,False,10000,566,0.0,0,0.4,0.9,0.3,0,0.5,10,9.5,10,rrt_20260807_180527_128.png
20260807_180530_229,2026-08-07 18:05:30,False,10000,286,0.0,0,0.4,0.9,0.3,0,0.5,10,9.5,10,rrt_20260807_180530_229.png
20260807_180531_008,2026-08-07 18:05:31,True,552,160,17.600000000000016,45,0.4,0.9,0.3,0,0.5,10,9.5,10,rrt_20260807_180531_008.png
20260807_180531_709,2026-08-07 18:05:31,True,653,203,18.790182704536313,48,0.4,0.9,0.3,0,0.5,10,9.5,10,rrt_20260807_180531_709.png
20260807_180532_411,2026-08-07 18:05:32,True,452,138,19.098852816014997,49,0.4,0.9,0.3,0,0.5,10,9.5,10,rrt_20260807_180532_411.png
20260807_180539_795,2026-08-07 18:05:39,False,10000,815,0.0,0,0.4,0.9,0.3,0,0.5,10,9.5,10,rrt_20260807_180539_795.png
20260807_180540_794,2026-08-07 18:05:40,True,927,239,19.60000000000001,50,0.4,0.9,0.3,0,0.5,10,9.5,10,rrt_20260807_180540_794.png
20260807_180547_353,2026-08-07 18:05:47,False,10000,754,0.0,0,0.4,0.9,0.3,0,0.5,10,9.5,10,rrt_20260807_180547_353.png
20260807_180554_184,2026-08-07 18:05:54,False,10000,761,0.0,0,0.4,0.9,0.3,0,0.5,10,9.5,10,rrt_20260807_180554_184.png
20260807_180555_062,2026-08-07 18:05:55,True,537,166,17.91792420292766,46,0.4,0.9,0.3,0,0.5,10,9.5,10,rrt_20260807_180555_062.png
20260807_180602_372,2026-08-07 18:06:02,False,10000,844,0.0,0,0.4,0.9,0.3,0,0.5,10,9.5,10,rrt_20260807_180602_372.png
20260807_180603_439,2026-08-07 18:06:03,True,1025,262,17.599999999999998,45,0.4,0.9,0.3,0,0.5,10,9.5,10,rrt_20260807_180603_439.png
20260807_180609_922,2026-08-07 18:06:09,False,10000,748,0.0,0,0.4,0.9,0.3,0,0.5,10,9.5,10,rrt_20260807_180609_922.png
20260807_180615_665,2026-08-07 18:06:15,False,10000,587,0.0,0,0.4,0.9,0.3,0,0.5,10,9.5,10,rrt_20260807_180615_665.png
20260807_180622_880,2026-08-07 18:06:22,False,10000,792,0.0,0,0.4,0.9,0.3,0,0.5,10,9.5,10,rrt_20260807_180622_880.png
20260807_180623_974,2026-08-07 18:06:23,True,1370,289,17.2,44,0.4,0.9,0.3,0,0.5,10,9.5,10,rrt_20260807_180623_974.png
20260807_180630_396,2026-08-07 18:06:30,False,10000,715,0.0,0,0.4,0.9,0.3,0,0.5,10,9.5,10,rrt_20260807_180630_396.png
20260807_180631_268,2026-08-07 18:06:31,True,567,195,18.201306467810696,47,0.4,0.9,0.3,0,0.5,10,9.5,10,rrt_20260807_180631_268.png
20260807_180632_211,2026-08-07 18:06:32,True,289,123,19.199999999999996,49,0.4,0.9,0.3,0,0.5,10,9.5,10,rrt_20260807_180632_211.png
20260807_180633_236,2026-08-07 18:06:33,True,1662,297,17.33675677304664,45,0.4,0.9,0.3,0,0.5,10,9.5,10,rrt_20260807_180633_236.png
20260807_180634_014,2026-08-07 18:06:34,True,790,235,17.600000000000012,45,0.4,0.9,0.3,0,0.5,10,9.5,10,rrt_20260807_180634_014.png
20260807_180634_804,2026-08-07 18:06:34,True,755,203,17.562985823343862,45,0.4,0.9,0.3,0,0.5,10,9.5,10,rrt_20260807_180634_804.png
20260807_180635_635,2026-08-07 18:06:35,True,1243,215,17.93793872672904,46,0.4,0.9,0.3,0,0.5,10,9.5,10,rrt_20260807_180635_635.png
20260807_180636_545,2026-08-07 18:06:36,True,282,117,16.400000000000002,42,0.4,0.9,0.3,0,0.5,10,9.5,10,rrt_20260807_180636_545.png
20260807_180641_688,2026-08-07 18:06:41,False,10000,571,0.0,0,0.4,0.9,0.3,0,0.5,10,9.5,10,rrt_20260807_180641_688.png
20260807_180647_743,2026-08-07 18:06:47,False,10000,671,0.0,0,0.4,0.9,0.3,0,0.5,10,9.5,10,rrt_20260807_180647_743.png
20260807_180648_615,2026-08-07 18:06:48,True,551,211,17.600000000000005,45,0.4,0.9,0.3,0,0.5,10,9.5,10,rrt_20260807_180648_615.png
20260807_180649_749,2026-08-07 18:06:49,True,1149,215,21.599999999999998,55,0.4,0.9,0.3,0,0.5,10,9.5,10,rrt_20260807_180649_749.png
20260807_180650_515,2026-08-07 18:06:50,True,784,221,16.8,43,0.4,0.9,0.3,0,0.5,10,9.5,10,rrt_20260807_180650_515.png
20260807_180656_500,2026-08-07 18:06:56,False,10000,670,0.0,0,0.4,0.9,0.3,0,0.5,10,9.5,10,rrt_20260807_180656_500.png
20260807_180702_818,2026-08-07 18:07:02,False,10000,703,0.0,0,0.4,0.9,0.3,0,0.5,10,9.5,10,rrt_20260807_180702_818.png
20260807_180710_657,2026-08-07 18:07:10,False,10000,801,0.0,0,0.4,0.9,0.3,0,0.5,10,9.5,10,rrt_20260807_180710_657.png
20260807_180711_865,2026-08-07 18:07:11,True,1469,309,18.33417942565302,47,0.4,0.9,0.3,0,0.5,10,9.5,10,rrt_20260807_180711_865.png
20260807_180718_118,2026-08-07 18:07:18,False,10000,691,0.0,0,0.4,0.9,0.3,0,0.5,10,9.5,10,rrt_20260807_180718_118.png
20260807_180723_557,2026-08-07 18:07:23,False,10000,578,0.0,0,0.4,0.9,0.3,0,0.5,10,9.5,10,rrt_20260807_180723_557.png
20260807_180724_426,2026-08-07 18:07:24,True,958,196,18.38258406778088,47,0.4,0.9,0.3,0,0.5,10,9.5,10,rrt_20260807_180724_426.png
20260807_180725_380,2026-08-07 18:07:25,True,1201,276,18.278853174268097,47,0.4,0.9,0.3,0,0.5,10,9.5,10,rrt_20260807_180725_380.png
20260807_180726_455,2026-08-07 18:07:26,True,685,159,20.3606218584088,52,0.4,0.9,0.3,0,0.5,10,9.5,10,rrt_20260807_180726_455.png
20260807_180727_154,2026-08-07 18:07:27,True,636,213,17.600000000000016,45,0.4,0.9,0.3,0,0.5,10,9.5,10,rrt_20260807_180727_154.png
20260807_180733_915,2026-08-07 18:07:33,False,10000,787,0.0,0,0.4,0.9,0.3,0,0.5,10,9.5,10,rrt_20260807_180733_915.png
20260807_180735_021,2026-08-07 18:07:35,True,593,162,19.60000000000001,50,0.4,0.9,0.3,0,0.5,10,9.5,10,rrt_20260807_180735_021.png
20260807_180740_968,2026-08-07 18:07:40,False,10000,678,0.0,0,0.4,0.9,0.3,0,0.5,10,9.5,10,rrt_20260807_180740_968.png
20260807_180747_344,2026-08-07 18:07:47,False,10000,679,0.0,0,0.4,0.9,0.3,0,0.5,10,9.5,10,rrt_20260807_180747_344.png
20260807_180754_485,2026-08-07 18:07:54,False,10000,801,0.0,0,0.4,0.9,0.3,0,0.5,10,9.5,10,rrt_20260807_180754_485.png
20260807_180755_425,2026-08-07 18:07:55,True,843,196,17.600000000000012,45,0.4,0.9,0.3,0,0.5,10,9.5,10,rrt_20260807_180755_425.png
20260807_180802_188,2026-08-07 18:08:02,False,10000,761,0.0,0,0.4,0.9,0.3,0,0.5,10,9.5,10,rrt_20260807_180802_188.png
20260807_180808_634,2026-08-07 18:08:08,False,10000,721,0.0,0,0.4,0.9,0.3,0,0.5,10,9.5,10,rrt_20260807_180808_634.png
20260807_180809_442,2026-08-07 18:08:09,True,259,119,16.400000000000002,42,0.4,0.9,0.3,0,0.5,10,9.5,10,rrt_20260807_180809_442.png
20260807_180815_719,2026-08-07 18:08:15,False,10000,722,0.0,0,0.4,0.9,0.3,0,0.5,10,9.5,10,rrt_20260807_180815_719.png
20260807_180822_841,2026-08-07 18:08:22,False,10000,740,0.0,0,0.4,0.9,0.3,0,0.5,10,9.5,10,rrt_20260807_180822_841.png
20260807_180829_371,2026-08-07 18:08:29,False,10000,728,0.0,0,0.4,0.9,0.3,0,0.5,10,9.5,10,rrt_20260807_180829_371.png
20260807_180836_546,2026-08-07 18:08:36,False,10000,806,0.0,0,0.4,0.9,0.3,0,0.5,10,9.5,10,rrt_20260807_180836_546.png
20260807_180843_782,2026-08-07 18:08:43,False,10000,805,0.0,0,0.4,0.9,0.3,0,0.5,10,9.5,10,rrt_20260807_180843_782.png
20260807_180851_052,2026-08-07 18:08:51,False,10000,806,0.0,0,0.4,0.9,0.3,0,0.5,10,9.5,10,rrt_20260807_180851_052.png
20260807_180855_979,2026-08-07 18:08:55,False,10000,508,0.0,0,0.4,0.9,0.3,0,0.5,10,9.5,10,rrt_20260807_180855_979.png
20260807_180859_523,2026-08-07 18:08:59,False,10000,325,0.0,0,0.4,0.9,0.3,0,0.5,10,9.5,10,rrt_20260807_180859_523.png
20260807_180900_472,2026-08-07 18:09:00,True,737,216,18.0,46,0.4,0.9,0.3,0,0.5,10,9.5,10,rrt_20260807_180900_472.png
20260807_180906_767,2026-08-07 18:09:06,False,10000,714,0.0,0,0.4,0.9,0.3,0,0.5,10,9.5,10,rrt_20260807_180906_767.png
20260807_180912_674,2026-08-07 18:09:12,False,10000,578,0.0,0,0.4,0.9,0.3,0,0.5,10,9.5,10,rrt_20260807_180912_674.png
20260807_180913_568,2026-08-07 18:09:13,True,704,224,17.200000000000017,44,0.4,0.9,0.3,0,0.5,10,9.5,10,rrt_20260807_180913_568.png
20260807_180920_607,2026-08-07 18:09:20,False,10000,791,0.0,0,0.4,1.0,0.3,0,0.5,10,9.5,10,rrt_20260807_180920_607.png
20260807_180921_763,2026-08-07 18:09:21,True,1297,279,21.999999999999996,56,0.4,1.0,0.3,0,0.5,10,9.5,10,rrt_20260807_180921_763.png
20260807_180928_901,2026-08-07 18:09:28,False,10000,830,0.0,0,0.4,1.0,0.3,0,0.5,10,9.5,10,rrt_20260807_180928_901.png
20260807_180936_447,2026-08-07 18:09:36,False,10000,858,0.0,0,0.4,1.0,0.3,0,0.5,10,9.5,10,rrt_20260807_180936_447.png
20260807_180944_458,2026-08-07 18:09:44,False,10000,895,0.0,0,0.4,1.0,0.3,0,0.5,10,9.5,10,rrt_20260807_180944_458.png
20260807_180950_948,2026-08-07 18:09:50,False,10000,690,0.0,0,0.4,1.0,0.3,0,0.5,10,9.5,10,rrt_20260807_180950_948.png
20260807_180956_778,2026-08-07 18:09:56,False,10000,630,0.0,0,0.4,1.0,0.3,0,0.5,10,9.5,10,rrt_20260807_180956_778.png
20260807_181004_481,2026-08-07 18:10:04,False,10000,822,0.0,0,0.4,1.0,0.3,0,0.5,10,9.5,10,rrt_20260807_181004_481.png
20260807_181012_384,2026-08-07 18:10:12,False,10000,903,0.0,0,0.4,1.0,0.3,0,0.5,10,9.5,10,rrt_20260807_181012_384.png
20260807_181013_562,2026-08-07 18:10:13,True,1086,285,18.40000000000001,47,0.4,1.0,0.3,0,0.5,10,9.5,10,rrt_20260807_181013_562.png
20260807_181014_381,2026-08-07 18:10:14,True,580,195,18.000000000000007,46,0.4,1.0,0.3,0,0.5,10,9.5,10,rrt_20260807_181014_381.png
20260807_181021_120,2026-08-07 18:10:21,False,10000,709,0.0,0,0.4,1.0,0.3,0,0.5,10,9.5,10,rrt_20260807_181021_120.png
20260807_181028_554,2026-08-07 18:10:28,False,10000,844,0.0,0,0.4,1.0,0.3,0,0.5,10,9.5,10,rrt_20260807_181028_554.png
20260807_181036_061,2026-08-07 18:10:36,False,10000,799,0.0,0,0.4,1.0,0.3,0,0.5,10,9.5,10,rrt_20260807_181036_061.png
20260807_181037_348,2026-08-07 18:10:37,True,1510,305,17.999999999999996,46,0.4,1.0,0.3,0,0.5,10,9.5,10,rrt_20260807_181037_348.png
20260807_181044_797,2026-08-07 18:10:44,False,10000,860,0.0,0,0.4,1.0,0.3,0,0.5,10,9.5,10,rrt_20260807_181044_797.png
20260807_181048_469,2026-08-07 18:10:48,False,10000,311,0.0,0,0.4,1.0,0.3,0,0.5,10,9.5,10,rrt_20260807_181048_469.png
20260807_181055_667,2026-08-07 18:10:55,False,10000,853,0.0,0,0.4,1.0,0.3,0,0.5,10,9.5,10,rrt_20260807_181055_667.png
20260807_181103_095,2026-08-07 18:11:03,False,10000,866,0.0,0,0.4,1.0,0.3,0,0.5,10,9.5,10,rrt_20260807_181103_095.png
20260807_181110_257,2026-08-07 18:11:10,False,10000,835,0.0,0,0.4,1.0,0.3,0,0.5,10,9.5,10,rrt_20260807_181110_257.png
20260807_181111_471,2026-08-07 18:11:11,True,1684,336,18.0,46,0.4,1.0,0.3,0,0.5,10,9.5,10,rrt_20260807_181111_471.png
20260807_181117_641,2026-08-07 18:11:17,False,10000,697,0.0,0,0.4,1.0,0.3,0,0.5,10,9.5,10,rrt_20260807_181117_641.png
20260807_181118_646,2026-08-07 18:11:18,True,997,269,18.000000000000007,46,0.4,1.0,0.3,0,0.5,10,9.5,10,rrt_20260807_181118_646.png
20260807_181124_609,2026-08-07 18:11:24,False,10000,667,0.0,0,0.4,1.0,0.3,0,0.5,10,9.5,10,rrt_20260807_181124_609.png
20260807_181131_926,2026-08-07 18:11:31,False,10000,768,0.0,0,0.4,1.0,0.3,0,0.5,10,9.5,10,rrt_20260807_181131_926.png
20260807_181139_291,2026-08-07 18:11:39,False,10000,764,0.0,0,0.4,1.0,0.3,0,0.5,10,9.5,10,rrt_20260807_181139_291.png
20260807_181146_654,2026-08-07 18:11:46,False,10000,787,0.0,0,0.4,1.0,0.3,0,0.5,10,9.5,10,rrt_20260807_181146_654.png
20260807_181154_360,2026-08-07 18:11:54,False,10000,861,0.0,0,0.4,1.0,0.3,0,0.5,10,9.5,10,rrt_20260807_181154_360.png
20260807_181201_762,2026-08-07 18:12:01,False,10000,817,0.0,0,0.4,1.0,0.3,0,0.5,10,9.5,10,rrt_20260807_181201_762.png
20260807_181202_635,2026-08-07 18:12:02,True,329,107,20.400000000000006,52,0.4,1.0,0.3,0,0.5,10,9.5,10,rrt_20260807_181202_635.png
20260807_181209_218,2026-08-07 18:12:09,False,10000,755,0.0,0,0.4,1.0,0.3,0,0.5,10,9.5,10,rrt_20260807_181209_218.png
20260807_181210_384,2026-08-07 18:12:10,True,685,178,18.400000000000013,47,0.4,1.0,0.3,0,0.5,10,9.5,10,rrt_20260807_181210_384.png
20260807_181211_309,2026-08-07 18:12:11,True,1236,292,18.399999999999995,47,0.4,1.0,0.3,0,0.5,10,9.5,10,rrt_20260807_181211_309.png
20260807_181218_349,2026-08-07 18:12:18,False,10000,775,0.0,0,0.4,1.0,0.3,0,0.5,10,9.5,10,rrt_20260807_181218_349.png
20260807_181226_549,2026-08-07 18:12:26,False,10000,881,0.0,0,0.4,1.0,0.3,0,0.5,10,9.5,10,rrt_20260807_181226_549.png
20260807_181227_654,2026-08-07 18:12:27,True,1572,242,20.80000000000001,53,0.4,1.0,0.3,0,0.5,10,9.5,10,rrt_20260807_181227_654.png
20260807_181228_434,2026-08-07 18:12:28,True,685,223,17.6,45,0.4,1.0,0.3,0,0.5,10,9.5,10,rrt_20260807_181228_434.png
20260807_181235_385,2026-08-07 18:12:35,False,10000,763,0.0,0,0.4,1.0,0.3,0,0.5,10,9.5,10,rrt_20260807_181235_385.png
20260807_181236_469,2026-08-07 18:12:36,True,1084,274,20.399999999999995,52,0.4,1.0,0.3,0,0.5,10,9.5,10,rrt_20260807_181236_469.png
20260807_181244_486,2026-08-07 18:12:44,False,10000,904,0.0,0,0.4,1.0,0.3,0,0.5,10,9.5,10,rrt_20260807_181244_486.png
20260807_181245_728,2026-08-07 18:12:45,True,659,239,19.599999999999994,50,0.4,1.0,0.3,0,0.5,10,9.5,10,rrt_20260807_181245_728.png
20260807_181251_758,2026-08-07 18:12:51,False,10000,642,0.0,0,0.4,1.0,0.3,0,0.5,10,9.5,10,rrt_20260807_181251_758.png
20260807_181253_155,2026-08-07 18:12:53,True,889,234,21.200000000000006,54,0.4,1.0,0.3,0,0.5,10,9.5,10,rrt_20260807_181253_155.png
20260807_181254_012,2026-08-07 18:12:54,True,847,248,19.999999999999993,51,0.4,1.0,0.3,0,0.5,10,9.5,10,rrt_20260807_181254_012.png
20260807_181300_625,2026-08-07 18:13:00,False,10000,678,0.0,0,0.4,1.0,0.3,0,0.5,10,9.5,10,rrt_20260807_181300_625.png
20260807_181304_091,2026-08-07 18:13:04,False,10000,321,0.0,0,0.4,1.0,0.3,0,0.5,10,9.5,10,rrt_20260807_181304_091.png
20260807_181311_998,2026-08-07 18:13:11,False,10000,866,0.0,0,0.4,1.0,0.3,0,0.5,10,9.5,10,rrt_20260807_181311_998.png
20260807_181313_145,2026-08-07 18:13:13,True,961,264,19.199999999999996,49,0.4,1.0,0.3,0,0.5,10,9.5,10,rrt_20260807_181313_145.png
20260807_181314_268,2026-08-07 18:13:14,True,1409,307,17.6,45,0.4,1.0,0.3,0,0.5,10,9.5,10,rrt_20260807_181314_268.png
20260807_181321_398,2026-08-07 18:13:21,False,10000,827,0.0,0,0.4,1.0,0.3,0,0.5,10,9.5,10,rrt_20260807_181321_398.png
20260807_181329_921,2026-08-07 18:13:29,False,10000,910,0.0,0,0.4,1.0,0.3,0,0.5,10,9.5,10,rrt_20260807_181329_921.png
20260807_181331_435,2026-08-07 18:13:31,True,1359,276,17.2,44,0.4,1.0,0.3,0,0.5,10,9.5,10,rrt_20260807_181331_435.png
20260807_181332_408,2026-08-07 18:13:32,True,764,239,18.800000000000015,48,0.4,1.0,0.3,0,0.5,10,9.5,10,rrt_20260807_181332_408.png
20260807_181339_268,2026-08-07 18:13:39,False,10000,812,0.0,0,0.4,1.0,0.3,0,0.5,10,9.5,10,rrt_20260807_181339_268.png
20260807_181345_164,2026-08-07 18:13:45,False,10000,643,0.0,0,0.4,1.0,0.3,0,0.5,10,9.5,10,rrt_20260807_181345_164.png
20260807_181352_967,2026-08-07 18:13:52,False,10000,849,0.0,0,0.4,1.0,0.3,0,0.5,10,9.5,10,rrt_20260807_181352_967.png
20260807_181354_305,2026-08-07 18:13:54,True,1778,319,21.999999999999996,56,0.4,1.0,0.3,0,0.5,10,9.5,10,rrt_20260807_181354_305.png
20260807_181401_458,2026-08-07 18:14:01,False,10000,835,0.0,0,0.4,1.0,0.3,0,0.5,10,9.5,10,rrt_20260807_181401_458.png
20260807_181408_562,2026-08-07 18:14:08,False,10000,769,0.0,0,0.4,1.0,0.3,0,0.5,10,9.5,10,rrt_20260807_181408_562.png
20260807_181409_433,2026-08-07 18:14:09,True,600,203,17.60000000000001,45,0.4,1.0,0.3,0,0.5,10,9.5,10,rrt_20260807_181409_433.png
20260807_181417_521,2026-08-07 18:14:17,False,10000,855,0.0,0,0.4,1.0,0.3,0,0.5,10,9.5,10,rrt_20260807_181417_521.png
20260807_181418_627,2026-08-07 18:14:18,True,978,273,17.200000000000003,44,0.4,1.0,0.3,0,0.5,10,9.5,10,rrt_20260807_181418_627.png
20260807_181419_381,2026-08-07 18:14:19,True,481,189,17.600000000000005,45,0.4,1.0,0.3,0,0.5,10,9.5,10,rrt_20260807_181419_381.png
20260807_181426_918,2026-08-07 18:14:26,False,10000,878,0.0,0,0.4,1.0,0.3,0,0.5,10,9.5,10,rrt_20260807_181426_918.png
20260807_181434_706,2026-08-07 18:14:34,False,10000,867,0.0,0,0.4,1.0,0.3,0,0.5,10,9.5,10,rrt_20260807_181434_706.png
20260807_181435_824,2026-08-07 18:14:35,True,1060,289,18.129531461511206,47,0.4,1.0,0.3,0,0.5,10,9.5,10,rrt_20260807_181435_824.png
20260807_181443_453,2026-08-07 18:14:43,False,10000,865,0.0,0,0.4,1.0,0.3,0,0.5,10,9.5,10,rrt_20260807_181443_453.png
20260807_181449_563,2026-08-07 18:14:49,False,10000,659,0.0,0,0.4,1.0,0.3,0,0.5,10,9.5,10,rrt_20260807_181449_563.png
20260807_181451_019,2026-08-07 18:14:51,True,1595,251,18.000000000000018,46,0.4,1.0,0.3,0,0.5,10,9.5,10,rrt_20260807_181451_019.png
20260807_181458_798,2026-08-07 18:14:58,False,10000,828,0.0,0,0.4,1.0,0.3,0,0.5,10,9.5,10,rrt_20260807_181458_798.png
20260807_181506_549,2026-08-07 18:15:06,False,10000,811,0.0,0,0.4,1.0,0.3,0,0.5,10,9.5,10,rrt_20260807_181506_549.png
20260807_181514_675,2026-08-07 18:15:14,False,10000,894,0.0,0,0.4,1.0,0.3,0,0.5,10,9.5,10,rrt_20260807_181514_675.png
20260807_181521_786,2026-08-07 18:15:21,False,10000,770,0.0,0,0.4,1.0,0.3,0,0.5,10,9.5,10,rrt_20260807_181521_786.png
20260807_181522_714,2026-08-07 18:15:22,True,540,209,18.799999999999997,48,0.4,1.0,0.3,0,0.5,10,9.5,10,rrt_20260807_181522_714.png
20260807_181523_805,2026-08-07 18:15:23,True,1738,337,17.599999999999998,45,0.4,1.0,0.3,0,0.5,10,9.5,10,rrt_20260807_181523_805.png
20260807_181530_873,2026-08-07 18:15:30,False,10000,767,0.0,0,0.4,1.0,0.3,0,0.5,10,9.5,10,rrt_20260807_181530_873.png
20260807_181538_098,2026-08-07 18:15:38,False,10000,776,0.0,0,0.4,1.0,0.3,0,0.5,10,9.5,10,rrt_20260807_181538_098.png
20260807_181545_752,2026-08-07 18:15:45,False,10000,865,0.0,0,0.4,1.0,0.3,0,0.5,10,9.5,10,rrt_20260807_181545_752.png
20260807_181552_858,2026-08-07 18:15:52,False,10000,762,0.0,0,0.4,1.0,0.3,0,0.5,10,9.5,10,rrt_20260807_181552_858.png
20260807_181600_367,2026-08-07 18:16:00,False,10000,846,0.0,0,0.4,1.0,0.3,0,0.5,10,9.5,10,rrt_20260807_181600_367.png
20260807_181607_445,2026-08-07 18:16:07,False,10000,786,0.0,0,0.4,1.0,0.3,0,0.5,10,9.5,10,rrt_20260807_181607_445.png
20260807_181614_453,2026-08-07 18:16:14,False,10000,746,0.0,0,0.4,1.0,0.3,0,0.5,10,9.5,10,rrt_20260807_181614_453.png
20260807_181622_019,2026-08-07 18:16:22,False,10000,874,0.0,0,0.4,1.0,0.3,0,0.5,10,9.5,10,rrt_20260807_181622_019.png
20260807_181629_433,2026-08-07 18:16:29,False,10000,859,0.0,0,0.4,1.0,0.3,0,0.5,10,9.5,10,rrt_20260807_181629_433.png
20260807_181630_716,2026-08-07 18:16:30,True,717,213,20.400000000000002,52,0.4,1.0,0.3,0,0.5,10,9.5,10,rrt_20260807_181630_716.png
20260807_181637_424,2026-08-07 18:16:37,False,10000,771,0.0,0,0.4,1.0,0.3,0,0.5,10,9.5,10,rrt_20260807_181637_424.png
20260807_181644_977,2026-08-07 18:16:44,False,10000,852,0.0,0,0.4,1.0,0.3,0,0.5,10,9.5,10,rrt_20260807_181644_977.png
20260807_181646_642,2026-08-07 18:16:46,True,1727,346,18.0,46,0.4,1.0,0.3,0,0.5,10,9.5,10,rrt_20260807_181646_642.png
20260807_181647_693,2026-08-07 18:16:47,True,1555,313,18.400000000000006,47,0.4,1.0,0.3,0,0.5,10,9.5,10,rrt_20260807_181647_693.png
20260807_181654_555,2026-08-07 18:16:54,False,10000,763,0.0,0,0.4,1.0,0.3,0,0.5,10,9.5,10,rrt_20260807_181654_555.png
20260807_181701_659,2026-08-07 18:17:01,False,10000,802,0.0,0,0.4,1.0,0.3,0,0.5,10,9.5,10,rrt_20260807_181701_659.png
20260807_181709_415,2026-08-07 18:17:09,False,10000,869,0.0,0,0.4,1.0,0.3,0,0.5,10,9.5,10,rrt_20260807_181709_415.png
20260807_181715_233,2026-08-07 18:17:15,False,10000,613,0.0,0,0.4,1.0,0.3,0,0.5,10,9.5,10,rrt_20260807_181715_233.png
20260807_181722_436,2026-08-07 18:17:22,False,10000,820,0.0,0,0.4,1.0,0.3,0,0.5,10,9.5,10,rrt_20260807_181722_436.png
20260807_181724_151,2026-08-07 18:17:24,True,2656,395,18.4,47,0.4,1.0,0.3,0,0.5,10,9.5,10,rrt_20260807_181724_151.png
20260807_181729_477,2026-08-07 18:17:29,False,10000,613,0.0,0,0.4,1.0,0.3,0,0.5,10,9.5,10,rrt_20260807_181729_477.png
20260807_181736_665,2026-08-07 18:17:36,False,10000,771,0.0,0,0.4,1.0,0.3,0,0.5,10,9.5,10,rrt_20260807_181736_665.png
20260807_181744_290,2026-08-07 18:17:44,False,10000,883,0.0,0,0.4,1.0,0.3,0,0.5,10,9.5,10,rrt_20260807_181744_290.png
20260807_181751_832,2026-08-07 18:17:51,False,10000,840,0.0,0,0.4,1.0,0.3,0,0.5,10,9.5,10,rrt_20260807_181751_832.png
20260807_181759_922,2026-08-07 18:17:59,False,10000,936,0.0,0,0.4,1.0,0.3,0,0.5,10,9.5,10,rrt_20260807_181759_922.png
20260807_181801_171,2026-08-07 18:18:01,True,3490,143,17.492948269130725,40,0.45,0.1,0.3,0,0.5,10,9.5,10,rrt_20260807_181801_171.png
20260807_181803_938,2026-08-07 18:18:03,False,10000,231,0.0,0,0.45,0.1,0.3,0,0.5,10,9.5,10,rrt_20260807_181803_938.png
20260807_181806_488,2026-08-07 18:18:06,False,10000,229,0.0,0,0.45,0.1,0.3,0,0.5,10,9.5,10,rrt_20260807_181806_488.png
20260807_181807_911,2026-08-07 18:18:07,True,6595,168,17.99999999999999,41,0.45,0.1,0.3,0,0.5,10,9.5,10,rrt_20260807_181807_911.png
20260807_181810_258,2026-08-07 18:18:10,False,10000,196,0.0,0,0.45,0.1,0.3,0,0.5,10,9.5,10,rrt_20260807_181810_258.png
20260807_181811_786,2026-08-07 18:18:11,True,6403,159,18.449999999999992,42,0.45,0.1,0.3,0,0.5,10,9.5,10,rrt_20260807_181811_786.png
20260807_181814_821,2026-08-07 18:18:14,False,10000,250,0.0,0,0.45,0.1,0.3,0,0.5,10,9.5,10,rrt_20260807_181814_821.png
20260807_181817_426,2026-08-07 18:18:17,False,10000,226,0.0,0,0.45,0.1,0.3,0,0.5,10,9.5,10,rrt_20260807_181817_426.png
20260807_181819_419,2026-08-07 18:18:19,True,8299,208,17.99999999999999,41,0.45,0.1,0.3,0,0.5,10,9.5,10,rrt_20260807_181819_419.png
20260807_181821_588,2026-08-07 18:18:21,False,10000,218,0.0,0,0.45,0.1,0.3,0,0.5,10,9.5,10,rrt_20260807_181821_588.png
20260807_181824_269,2026-08-07 18:18:24,False,10000,254,0.0,0,0.45,0.1,0.3,0,0.5,10,9.5,10,rrt_20260807_181824_269.png
20260807_181826_940,2026-08-07 18:18:26,False,10000,237,0.0,0,0.45,0.1,0.3,0,0.5,10,9.5,10,rrt_20260807_181826_940.png
20260807_181829_297,2026-08-07 18:18:29,False,10000,192,0.0,0,0.45,0.1,0.3,0,0.5,10,9.5,10,rrt_20260807_181829_297.png
20260807_181832_252,2026-08-07 18:18:32,False,10000,195,0.0,0,0.45,0.1,0.3,0,0.5,10,9.5,10,rrt_20260807_181832_252.png
20260807_181834_761,2026-08-07 18:18:34,False,10000,210,0.0,0,0.45,0.1,0.3,0,0.5,10,9.5,10,rrt_20260807_181834_761.png
20260807_181837_453,2026-08-07 18:18:37,False,10000,239,0.0,0,0.45,0.1,0.3,0,0.5,10,9.5,10,rrt_20260807_181837_453.png
20260807_181838_750,2026-08-07 18:18:38,True,5010,163,17.999999999999993,41,0.45,0.1,0.3,0,0.5,10,9.5,10,rrt_20260807_181838_750.png
20260807_181841_240,2026-08-07 18:18:41,False,10000,231,0.0,0,0.45,0.1,0.3,0,0.5,10,9.5,10,rrt_20260807_181841_240.png
20260807_181843_718,2026-08-07 18:18:43,False,10000,224,0.0,0,0.45,0.1,0.3,0,0.5,10,9.5,10,rrt_20260807_181843_718.png
20260807_181845_031,2026-08-07 18:18:45,True,5831,176,17.07867142605131,39,0.45,0.1,0.3,0,0.5,10,9.5,10,rrt_20260807_181845_031.png
20260807_181847_205,2026-08-07 18:18:47,False,10000,204,0.0,0,0.45,0.1,0.3,0,0.5,10,9.5,10,rrt_20260807_181847_205.png
20260807_181849_328,2026-08-07 18:18:49,False,10000,167,0.0,0,0.45,0.1,0.3,0,0.5,10,9.5,10,rrt_20260807_181849_328.png
20260807_181852_412,2026-08-07 18:18:52,False,10000,237,0.0,0,0.45,0.1,0.3,0,0.5,10,9.5,10,rrt_20260807_181852_412.png
20260807_181855_190,2026-08-07 18:18:55,False,10000,232,0.0,0,0.45,0.1,0.3,0,0.5,10,9.5,10,rrt_20260807_181855_190.png
20260807_181857_905,2026-08-07 18:18:57,False,10000,244,0.0,0,0.45,0.1,0.3,0,0.5,10,9.5,10,rrt_20260807_181857_905.png
20260807_181858_819,2026-08-07 18:18:58,True,2532,128,17.09999999999999,39,0.45,0.1,0.3,0,0.5,10,9.5,10,rrt_20260807_181858_819.png
20260807_181900_979,2026-08-07 18:19:00,False,10000,170,0.0,0,0.45,0.1,0.3,0,0.5,10,9.5,10,rrt_20260807_181900_979.png
20260807_181902_976,2026-08-07 18:19:02,False,10000,157,0.0,0,0.45,0.1,0.3,0,0.5,10,9.5,10,rrt_20260807_181902_976.png
20260807_181906_058,2026-08-07 18:19:06,False,10000,244,0.0,0,0.45,0.1,0.3,0,0.5,10,9.5,10,rrt_20260807_181906_058.png
20260807_181907_714,2026-08-07 18:19:07,True,8201,183,20.699999999999992,47,0.45,0.1,0.3,0,0.5,10,9.5,10,rrt_20260807_181907_714.png
20260807_181909_834,2026-08-07 18:19:09,False,10000,162,0.0,0,0.45,0.1,0.3,0,0.5,10,9.5,10,rrt_20260807_181909_834.png
20260807_181911_150,2026-08-07 18:19:11,True,5523,124,18.89999999999999,43,0.45,0.1,0.3,0,0.5,10,9.5,10,rrt_20260807_181911_150.png
20260807_181913_105,2026-08-07 18:19:13,False,10000,154,0.0,0,0.45,0.1,0.3,0,0.5,10,9.5,10,rrt_20260807_181913_105.png
20260807_181915_933,2026-08-07 18:19:15,False,10000,261,0.0,0,0.45,0.1,0.3,0,0.5,10,9.5,10,rrt_20260807_181915_933.png
20260807_181917_052,2026-08-07 18:19:17,True,3882,144,18.433162732491226,42,0.45,0.1,0.3,0,0.5,10,9.5,10,rrt_20260807_181917_052.png
20260807_181918_699,2026-08-07 18:19:18,True,6589,198,18.449999999999996,42,0.45,0.1,0.3,0,0.5,10,9.5,10,rrt_20260807_181918_699.png
20260807_181920_804,2026-08-07 18:19:20,False,10000,169,0.0,0,0.45,0.1,0.3,0,0.5,10,9.5,10,rrt_20260807_181920_804.png
20260807_181922_884,2026-08-07 18:19:22,False,10000,199,0.0,0,0.45,0.1,0.3,0,0.5,10,9.5,10,rrt_20260807_181922_884.png
20260807_181925_668,2026-08-07 18:19:25,False,10000,246,0.0,0,0.45,0.1,0.3,0,0.5,10,9.5,10,rrt_20260807_181925_668.png
20260807_181926_932,2026-08-07 18:19:26,True,6069,151,17.999999999999996,41,0.45,0.1,0.3,0,0.5,10,9.5,10,rrt_20260807_181926_932.png
20260807_181930_082,2026-08-07 18:19:30,False,10000,237,0.0,0,0.45,0.1,0.3,0,0.5,10,9.5,10,rrt_20260807_181930_082.png
20260807_181932_031,2026-08-07 18:19:32,True,8463,176,17.1,39,0.45,0.1,0.3,0,0.5,10,9.5,10,rrt_20260807_181932_031.png
20260807_181934_624,2026-08-07 18:19:34,False,10000,239,0.0,0,0.45,0.1,0.3,0,0.5,10,9.5,10,rrt_20260807_181934_624.png
20260807_181936_973,2026-08-07 18:19:36,True,8122,203,18.404477897503806,42,0.45,0.1,0.3,0,0.5,10,9.5,10,rrt_20260807_181936_973.png
20260807_181939_466,2026-08-07 18:19:39,False,10000,228,0.0,0,0.45,0.1,0.3,0,0.5,10,9.5,10,rrt_20260807_181939_466.png
20260807_181941_991,2026-08-07 18:19:41,False,10000,234,0.0,0,0.45,0.1,0.3,0,0.5,10,9.5,10,rrt_20260807_181941_991.png
20260807_181942_900,2026-08-07 18:19:42,True,2808,102,18.9,43,0.45,0.1,0.3,0,0.5,10,9.5,10,rrt_20260807_181942_900.png
20260807_181945_239,2026-08-07 18:19:45,False,10000,220,0.0,0,0.45,0.1,0.3,0,0.5,10,9.5,10,rrt_20260807_181945_239.png
20260807_181947_735,2026-08-07 18:19:47,False,10000,236,0.0,0,0.45,0.1,0.3,0,0.5,10,9.5,10,rrt_20260807_181947_735.png
20260807_181949_280,2026-08-07 18:19:49,True,5354,160,18.450000000000003,42,0.45,0.1,0.3,0,0.5,10,9.5,10,rrt_20260807_181949_280.png
20260807_181950_299,2026-08-07 18:19:50,True,4541,134,18.899999999999995,43,0.45,0.1,0.3,0,0.5,10,9.5,10,rrt_20260807_181950_299.png
20260807_181952_442,2026-08-07 18:19:52,False,10000,171,0.0,0,0.45,0.1,0.3,0,0.5,10,9.5,10,rrt_20260807_181952_442.png
20260807_181955_229,2026-08-07 18:19:55,False,10000,243,0.0,0,0.45,0.1,0.3,0,0.5,10,9.5,10,rrt_20260807_181955_229.png
20260807_181957_757,2026-08-07 18:19:57,False,10000,217,0.0,0,0.45,0.1,0.3,0,0.5,10,9.5,10,rrt_20260807_181957_757.png
20260807_182000_273,2026-08-07 18:20:00,False,10000,222,0.0,0,0.45,0.1,0.3,0,0.5,10,9.5,10,rrt_20260807_182000_273.png
20260807_182001_659,2026-08-07 18:20:01,True,5313,183,17.099999999999994,39,0.45,0.1,0.3,0,0.5,10,9.5,10,rrt_20260807_182001_659.png
20260807_182003_224,2026-08-07 18:20:03,True,8803,179,17.999999999999993,41,0.45,0.1,0.3,0,0.5,10,9.5,10,rrt_20260807_182003_224.png
20260807_182004_642,2026-08-07 18:20:04,True,4379,154,17.099999999999994,39,0.45,0.1,0.3,0,0.5,10,9.5,10,rrt_20260807_182004_642.png
20260807_182006_249,2026-08-07 18:20:06,True,6039,172,18.449999999999996,42,0.45,0.1,0.3,0,0.5,10,9.5,10,rrt_20260807_182006_249.png
20260807_182008_401,2026-08-07 18:20:08,False,10000,202,0.0,0,0.45,0.1,0.3,0,0.5,10,9.5,10,rrt_20260807_182008_401.png
20260807_182009_663,2026-08-07 18:20:09,True,5166,160,18.899999999999995,43,0.45,0.1,0.3,0,0.5,10,9.5,10,rrt_20260807_182009_663.png
20260807_182011_691,2026-08-07 18:20:11,True,9709,200,17.999999999999993,41,0.45,0.1,0.3,0,0.5,10,9.5,10,rrt_20260807_182011_691.png
20260807_182013_777,2026-08-07 18:20:13,False,10000,165,0.0,0,0.45,0.1,0.3,0,0.5,10,9.5,10,rrt_20260807_182013_777.png
20260807_182014_905,2026-08-07 18:20:14,True,3858,153,18.44999999999999,42,0.45,0.1,0.3,0,0.5,10,9.5,10,rrt_20260807_182014_905.png
20260807_182017_766,2026-08-07 18:20:17,False,10000,250,0.0,0,0.45,0.1,0.3,0,0.5,10,9.5,10,rrt_20260807_182017_766.png
20260807_182018_871,2026-08-07 18:20:18,True,3982,150,20.37367945997647,47,0.45,0.1,0.3,0,0.5,10,9.5,10,rrt_20260807_182018_871.png
20260807_182020_446,2026-08-07 18:20:20,True,5978,159,17.96228855057513,41,0.45,0.1,0.3,0,0.5,10,9.5,10,rrt_20260807_182020_446.png
20260807_182022_600,2026-08-07 18:20:22,False,10000,164,0.0,0,0.45,0.1,0.3,0,0.5,10,9.5,10,rrt_20260807_182022_600.png
20260807_182024_282,2026-08-07 18:20:24,True,8518,165,19.799999999999994,45,0.45,0.1,0.3,0,0.5,10,9.5,10,rrt_20260807_182024_282.png
20260807_182025_507,2026-08-07 18:20:25,True,4675,161,17.099999999999994,39,0.45,0.1,0.3,0,0.5,10,9.5,10,rrt_20260807_182025_507.png
20260807_182026_530,2026-08-07 18:20:26,True,3565,131,17.063371138080797,39,0.45,0.1,0.3,0,0.5,10,9.5,10,rrt_20260807_182026_530.png
20260807_182028_672,2026-08-07 18:20:28,False,10000,179,0.0,0,0.45,0.1,0.3,0,0.5,10,9.5,10,rrt_20260807_182028_672.png
20260807_182030_647,2026-08-07 18:20:30,True,7053,195,18.449999999999996,42,0.45,0.1,0.3,0,0.5,10,9.5,10,rrt_20260807_182030_647.png
20260807_182031_812,2026-08-07 18:20:31,True,5400,153,17.55,40,0.45,0.1,0.3,0,0.5,10,9.5,10,rrt_20260807_182031_812.png
20260807_182033_550,2026-08-07 18:20:33,True,9656,198,17.99999999999999,41,0.45,0.1,0.3,0,0.5,10,9.5,10,rrt_20260807_182033_550.png
20260807_182035_387,2026-08-07 18:20:35,True,7428,165,17.752133691415384,41,0.45,0.1,0.3,0,0.5,10,9.5,10,rrt_20260807_182035_387.png
20260807_182037_989,2026-08-07 18:20:37,False,10000,224,0.0,0,0.45,0.1,0.3,0,0.5,10,9.5,10,rrt_20260807_182037_989.png
20260807_182040_418,2026-08-07 18:20:40,False,10000,233,0.0,0,0.45,0.1,0.3,0,0.5,10,9.5,10,rrt_20260807_182040_418.png
20260807_182043_261,2026-08-07 18:20:43,False,10000,240,0.0,0,0.45,0.1,0.3,0,0.5,10,9.5,10,rrt_20260807_182043_261.png
20260807_182045_771,2026-08-07 18:20:45,False,10000,225,0.0,0,0.45,0.1,0.3,0,0.5,10,9.5,10,rrt_20260807_182045_771.png
20260807_182046_861,2026-08-07 18:20:46,True,4336,129,17.999999999999993,41,0.45,0.1,0.3,0,0.5,10,9.5,10,rrt_20260807_182046_861.png
20260807_182047_884,2026-08-07 18:20:47,True,5133,119,17.883648358676954,41,0.45,0.1,0.3,0,0.5,10,9.5,10,rrt_20260807_182047_884.png
20260807_182049_499,2026-08-07 18:20:49,False,10000,151,0.0,0,0.45,0.1,0.3,0,0.5,10,9.5,10,rrt_20260807_182049_499.png
20260807_182051_616,2026-08-07 18:20:51,False,10000,161,0.0,0,0.45,0.1,0.3,0,0.5,10,9.5,10,rrt_20260807_182051_616.png
20260807_182054_609,2026-08-07 18:20:54,False,10000,236,0.0,0,0.45,0.1,0.3,0,0.5,10,9.5,10,rrt_20260807_182054_609.png
20260807_182055_690,2026-08-07 18:20:55,True,4381,129,17.09999999999999,39,0.45,0.1,0.3,0,0.5,10,9.5,10,rrt_20260807_182055_690.png
20260807_182057_516,2026-08-07 18:20:57,True,8025,200,17.99999999999999,41,0.45,0.1,0.3,0,0.5,10,9.5,10,rrt_20260807_182057_516.png
20260807_182059_998,2026-08-07 18:20:59,False,10000,228,0.0,0,0.45,0.1,0.3,0,0.5,10,9.5,10,rrt_20260807_182059_998.png
20260807_182102_411,2026-08-07 18:21:02,False,10000,212,0.0,0,0.45,0.1,0.3,0,0.5,10,9.5,10,rrt_20260807_182102_411.png
20260807_182103_612,2026-08-07 18:21:03,True,3674,160,17.492733686616724,40,0.45,0.1,0.3,0,0.5,10,9.5,10,rrt_20260807_182103_612.png
20260807_182105_883,2026-08-07 18:21:05,False,10000,223,0.0,0,0.45,0.1,0.3,0,0.5,10,9.5,10,rrt_20260807_182105_883.png
20260807_182107_009,2026-08-07 18:21:07,True,3595,136,17.53288456309019,40,0.45,0.1,0.3,0,0.5,10,9.5,10,rrt_20260807_182107_009.png
20260807_182109_084,2026-08-07 18:21:09,False,10000,171,0.0,0,0.45,0.1,0.3,0,0.5,10,9.5,10,rrt_20260807_182109_084.png
20260807_182111_292,2026-08-07 18:21:11,True,7479,208,17.99999999999999,41,0.45,0.1,0.3,0,0.5,10,9.5,10,rrt_20260807_182111_292.png
20260807_182112_547,2026-08-07 18:21:12,True,5417,162,17.549999999999997,40,0.45,0.1,0.3,0,0.5,10,9.5,10,rrt_20260807_182112_547.png
20260807_182113_805,2026-08-07 18:21:13,True,5647,153,17.093633307291093,39,0.45,0.1,0.3,0,0.5,10,9.5,10,rrt_20260807_182113_805.png
20260807_182115_102,2026-08-07 18:21:15,True,3161,155,17.54999999999999,40,0.45,0.1,0.3,0,0.5,10,9.5,10,rrt_20260807_182115_102.png
20260807_182117_109,2026-08-07 18:21:17,False,10000,149,0.0,0,0.45,0.1,0.3,0,0.5,10,9.5,10,rrt_20260807_182117_109.png
20260807_182119_260,2026-08-07 18:21:19,False,10000,206,0.0,0,0.45,0.1,0.3,0,0.5,10,9.5,10,rrt_20260807_182119_260.png
20260807_182121_850,2026-08-07 18:21:21,False,10000,221,0.0,0,0.45,0.1,0.3,0,0.5,10,9.5,10,rrt_20260807_182121_850.png
20260807_182124_553,2026-08-07 18:21:24,True,7415,306,18.896919933381763,43,0.45,0.2,0.3,0,0.5,10,9.5,10,rrt_20260807_182124_553.png
20260807_182128_495,2026-08-07 18:21:28,False,10000,328,0.0,0,0.45,0.2,0.3,0,0.5,10,9.5,10,rrt_20260807_182128_495.png
20260807_182132_017,2026-08-07 18:21:32,False,10000,277,0.0,0,0.45,0.2,0.3,0,0.5,10,9.5,10,rrt_20260807_182132_017.png
20260807_182133_789,2026-08-07 18:21:33,True,5531,237,19.349999999999998,44,0.45,0.2,0.3,0,0.5,10,9.5,10,rrt_20260807_182133_789.png
20260807_182134_582,2026-08-07 18:21:34,True,1469,72,17.55,40,0.45,0.2,0.3,0,0.5,10,9.5,10,rrt_20260807_182134_582.png
20260807_182135_337,2026-08-07 18:21:35,True,2538,125,19.322064566628192,44,0.45,0.2,0.3,0,0.5,10,9.5,10,rrt_20260807_182135_337.png
20260807_182138_200,2026-08-07 18:21:38,False,10000,270,0.0,0,0.45,0.2,0.3,0,0.5,10,9.5,10,rrt_20260807_182138_200.png
20260807_182141_100,2026-08-07 18:21:41,False,10000,273,0.0,0,0.45,0.2,0.3,0,0.5,10,9.5,10,rrt_20260807_182141_100.png
20260807_182142_294,2026-08-07 18:21:42,True,2984,195,17.539444834181584,40,0.45,0.2,0.3,0,0.5,10,9.5,10,rrt_20260807_182142_294.png
20260807_182143_090,2026-08-07 18:21:43,True,1571,140,17.099999999999998,39,0.45,0.2,0.3,0,0.5,10,9.5,10,rrt_20260807_182143_090.png
20260807_182146_436,2026-08-07 18:21:46,False,10000,307,0.0,0,0.45,0.2,0.3,0,0.5,10,9.5,10,rrt_20260807_182146_436.png
20260807_182147_850,2026-08-07 18:21:47,True,3238,159,20.69999999999999,47,0.45,0.2,0.3,0,0.5,10,9.5,10,rrt_20260807_182147_850.png
20260807_182149_092,2026-08-07 18:21:49,True,3927,211,18.45,42,0.45,0.2,0.3,0,0.5,10,9.5,10,rrt_20260807_182149_092.png
20260807_182152_207,2026-08-07 18:21:52,False,10000,273,0.0,0,0.45,0.2,0.3,0,0.5,10,9.5,10,rrt_20260807_182152_207.png
20260807_182156_021,2026-08-07 18:21:56,False,10000,326,0.0,0,0.45,0.2,0.3,0,0.5,10,9.5,10,rrt_20260807_182156_021.png
20260807_182158_028,2026-08-07 18:21:58,True,6196,257,18.899999999999995,43,0.45,0.2,0.3,0,0.5,10,9.5,10,rrt_20260807_182158_028.png
20260807_182200_086,2026-08-07 18:22:00,True,5263,273,18.449999999999996,42,0.45,0.2,0.3,0,0.5,10,9.5,10,rrt_20260807_182200_086.png
20260807_182201_116,2026-08-07 18:22:01,True,2330,185,17.999999999999996,41,0.45,0.2,0.3,0,0.5,10,9.5,10,rrt_20260807_182201_116.png
20260807_182204_323,2026-08-07 18:22:04,False,10000,283,0.0,0,0.45,0.2,0.3,0,0.5,10,9.5,10,rrt_20260807_182204_323.png
20260807_182205_316,2026-08-07 18:22:05,True,2396,175,17.976313286166594,41,0.45,0.2,0.3,0,0.5,10,9.5,10,rrt_20260807_182205_316.png
20260807_182206_404,2026-08-07 18:22:06,True,1773,129,17.061622073257915,39,0.45,0.2,0.3,0,0.5,10,9.5,10,rrt_20260807_182206_404.png
20260807_182207_368,2026-08-07 18:22:07,True,2521,173,17.55,40,0.45,0.2,0.3,0,0.5,10,9.5,10,rrt_20260807_182207_368.png
20260807_182209_997,2026-08-07 18:22:09,True,7920,284,17.955664601307312,41,0.45,0.2,0.3,0,0.5,10,9.5,10,rrt_20260807_182209_997.png
20260807_182211_147,2026-08-07 18:22:11,True,3679,181,17.99999999999999,41,0.45,0.2,0.3,0,0.5,10,9.5,10,rrt_20260807_182211_147.png
20260807_182214_485,2026-08-07 18:22:14,False,10000,288,0.0,0,0.45,0.2,0.3,0,0.5,10,9.5,10,rrt_20260807_182214_485.png
20260807_182215_485,2026-08-07 18:22:15,True,2558,178,19.332894535018543,44,0.45,0.2,0.3,0,0.5,10,9.5,10,rrt_20260807_182215_485.png
20260807_182218_835,2026-08-07 18:22:18,False,10000,318,0.0,0,0.45,0.2,0.3,0,0.5,10,9.5,10,rrt_20260807_182218_835.png
20260807_182222_386,2026-08-07 18:22:22,False,10000,305,0.0,0,0.45,0.2,0.3,0,0.5,10,9.5,10,rrt_20260807_182222_386.png
20260807_182225_589,2026-08-07 18:22:25,False,10000,308,0.0,0,0.45,0.2,0.3,0,0.5,10,9.5,10,rrt_20260807_182225_589.png
20260807_182226_906,2026-08-07 18:22:26,True,2237,128,19.79999999999999,45,0.45,0.2,0.3,0,0.5,10,9.5,10,rrt_20260807_182226_906.png
20260807_182230_011,2026-08-07 18:22:30,False,10000,281,0.0,0,0.45,0.2,0.3,0,0.5,10,9.5,10,rrt_20260807_182230_011.png
20260807_182231_702,2026-08-07 18:22:31,True,4378,237,17.950546577554906,41,0.45,0.2,0.3,0,0.5,10,9.5,10,rrt_20260807_182231_702.png
20260807_182233_032,2026-08-07 18:22:33,True,4356,199,18.9,43,0.45,0.2,0.3,0,0.5,10,9.5,10,rrt_20260807_182233_032.png
20260807_182234_074,2026-08-07 18:22:34,True,1802,124,17.549999999999997,40,0.45,0.2,0.3,0,0.5,10,9.5,10,rrt_20260807_182234_074.png
20260807_182236_471,2026-08-07 18:22:36,True,6998,294,17.530914108954622,40,0.45,0.2,0.3,0,0.5,10,9.5,10,rrt_20260807_182236_471.png
20260807_182239_069,2026-08-07 18:22:39,False,10000,201,0.0,0,0.45,0.2,0.3,0,0.5,10,9.5,10,rrt_20260807_182239_069.png
20260807_182240_067,2026-08-07 18:22:40,True,2472,157,18.899999999999995,43,0.45,0.2,0.3,0,0.5,10,9.5,10,rrt_20260807_182240_067.png
20260807_182241_528,2026-08-07 18:22:41,True,4410,185,18.44999999999999,42,0.45,0.2,0.3,0,0.5,10,9.5,10,rrt_20260807_182241_528.png
20260807_182244_957,2026-08-07 18:22:44,False,10000,306,0.0,0,0.45,0.2,0.3,0,0.5,10,9.5,10,rrt_20260807_182244_957.png
20260807_182246_011,2026-08-07 18:22:46,True,2794,200,18.449999999999996,42,0.45,0.2,0.3,0,0.5,10,9.5,10,rrt_20260807_182246_011.png
20260807_182246_819,2026-08-07 18:22:46,True,1649,135,17.999999999999996,41,0.45,0.2,0.3,0,0.5,10,9.5,10,rrt_20260807_182246_819.png
20260807_182250_315,2026-08-07 18:22:50,False,10000,315,0.0,0,0.45,0.2,0.3,0,0.5,10,9.5,10,rrt_20260807_182250_315.png
20260807_182251_757,2026-08-07 18:22:51,True,4419,221,18.781922387354115,43,0.45,0.2,0.3,0,0.5,10,9.5,10,rrt_20260807_182251_757.png
20260807_182255_257,2026-08-07 18:22:55,False,10000,289,0.0,0,0.45,0.2,0.3,0,0.5,10,9.5,10,rrt_20260807_182255_257.png
20260807_182256_386,2026-08-07 18:22:56,True,2761,155,17.549999999999994,40,0.45,0.2,0.3,0,0.5,10,9.5,10,rrt_20260807_182256_386.png
20260807_182257_721,2026-08-07 18:22:57,True,2786,152,19.349999999999998,44,0.45,0.2,0.3,0,0.5,10,9.5,10,rrt_20260807_182257_721.png
20260807_182301_307,2026-08-07 18:23:01,False,10000,310,0.0,0,0.45,0.2,0.3,0,0.5,10,9.5,10,rrt_20260807_182301_307.png
20260807_182302_309,2026-08-07 18:23:02,True,2954,143,17.09999999999999,39,0.45,0.2,0.3,0,0.5,10,9.5,10,rrt_20260807_182302_309.png
20260807_182303_125,2026-08-07 18:23:03,True,1714,125,17.53292579282607,40,0.45,0.2,0.3,0,0.5,10,9.5,10,rrt_20260807_182303_125.png
20260807_182303_983,2026-08-07 18:23:03,True,2046,156,16.64999999999999,38,0.45,0.2,0.3,0,0.5,10,9.5,10,rrt_20260807_182303_983.png
20260807_182306_228,2026-08-07 18:23:06,True,6575,274,18.992335527372383,44,0.45,0.2,0.3,0,0.5,10,9.5,10,rrt_20260807_182306_228.png
20260807_182307_581,2026-08-07 18:23:07,True,2902,158,17.999999999999996,41,0.45,0.2,0.3,0,0.5,10,9.5,10,rrt_20260807_182307_581.png
20260807_182310_000,2026-08-07 18:23:10,False,10000,200,0.0,0,0.45,0.2,0.3,0,0.5,10,9.5,10,rrt_20260807_182310_000.png
20260807_182313_570,2026-08-07 18:23:13,False,10000,310,0.0,0,0.45,0.2,0.3,0,0.5,10,9.5,10,rrt_20260807_182313_570.png
20260807_182316_382,2026-08-07 18:23:16,False,10000,260,0.0,0,0.45,0.2,0.3,0,0.5,10,9.5,10,rrt_20260807_182316_382.png
20260807_182319_856,2026-08-07 18:23:19,False,10000,288,0.0,0,0.45,0.2,0.3,0,0.5,10,9.5,10,rrt_20260807_182319_856.png
20260807_182322_312,2026-08-07 18:23:22,False,10000,212,0.0,0,0.45,0.2,0.3,0,0.5,10,9.5,10,rrt_20260807_182322_312.png
20260807_182325_509,2026-08-07 18:23:25,False,10000,297,0.0,0,0.45,0.2,0.3,0,0.5,10,9.5,10,rrt_20260807_182325_509.png
20260807_182326_902,2026-08-07 18:23:26,True,5238,195,21.02076006438138,48,0.45,0.2,0.3,0,0.5,10,9.5,10,rrt_20260807_182326_902.png
20260807_182327_700,2026-08-07 18:23:27,True,1625,99,17.549999999999997,40,0.45,0.2,0.3,0,0.5,10,9.5,10,rrt_20260807_182327_700.png
20260807_182328_702,2026-08-07 18:23:28,True,1431,134,18.437629832543593,42,0.45,0.2,0.3,0,0.5,10,9.5,10,rrt_20260807_182328_702.png
20260807_182329_405,2026-08-07 18:23:29,True,1159,86,17.93437507984795,41,0.45,0.2,0.3,0,0.5,10,9.5,10,rrt_20260807_182329_405.png
20260807_182331_032,2026-08-07 18:23:31,True,5921,222,18.899999999999995,43,0.45,0.2,0.3,0,0.5,10,9.5,10,rrt_20260807_182331_032.png
20260807_182334_045,2026-08-07 18:23:34,False,10000,280,0.0,0,0.45,0.2,0.3,0,0.5,10,9.5,10,rrt_20260807_182334_045.png
20260807_182336_716,2026-08-07 18:23:36,False,10000,190,0.0,0,0.45,0.2,0.3,0,0.5,10,9.5,10,rrt_20260807_182336_716.png
20260807_182340_232,2026-08-07 18:23:40,False,10000,333,0.0,0,0.45,0.2,0.3,0,0.5,10,9.5,10,rrt_20260807_182340_232.png
20260807_182341_259,2026-08-07 18:23:41,True,2895,157,17.549999999999997,40,0.45,0.2,0.3,0,0.5,10,9.5,10,rrt_20260807_182341_259.png
20260807_182344_708,2026-08-07 18:23:44,False,10000,327,0.0,0,0.45,0.2,0.3,0,0.5,10,9.5,10,rrt_20260807_182344_708.png
20260807_182347_674,2026-08-07 18:23:47,False,10000,279,0.0,0,0.45,0.2,0.3,0,0.5,10,9.5,10,rrt_20260807_182347_674.png
20260807_182348_750,2026-08-07 18:23:48,True,1751,120,18.0,41,0.45,0.2,0.3,0,0.5,10,9.5,10,rrt_20260807_182348_750.png
20260807_182351_091,2026-08-07 18:23:51,False,10000,189,0.0,0,0.45,0.2,0.3,0,0.5,10,9.5,10,rrt_20260807_182351_091.png
20260807_182352_375,2026-08-07 18:23:52,True,5360,175,18.13099018771339,42,0.45,0.2,0.3,0,0.5,10,9.5,10,rrt_20260807_182352_375.png
20260807_182355_236,2026-08-07 18:23:55,True,8379,301,24.29999999999999,55,0.45,0.2,0.3,0,0.5,10,9.5,10,rrt_20260807_182355_236.png
20260807_182359_019,2026-08-07 18:23:59,False,10000,308,0.0,0,0.45,0.2,0.3,0,0.5,10,9.5,10,rrt_20260807_182359_019.png
20260807_182402_305,2026-08-07 18:24:02,False,10000,278,0.0,0,0.45,0.2,0.3,0,0.5,10,9.5,10,rrt_20260807_182402_305.png
20260807_182403_322,2026-08-07 18:24:03,True,3293,151,17.950701485279676,41,0.45,0.2,0.3,0,0.5,10,9.5,10,rrt_20260807_182403_322.png
20260807_182404_636,2026-08-07 18:24:04,True,4428,202,19.799999999999994,45,0.45,0.2,0.3,0,0.5,10,9.5,10,rrt_20260807_182404_636.png
20260807_182407_715,2026-08-07 18:24:07,False,10000,262,0.0,0,0.45,0.2,0.3,0,0.5,10,9.5,10,rrt_20260807_182407_715.png
20260807_182408_686,2026-08-07 18:24:08,True,2623,161,17.527653217598335,40,0.45,0.2,0.3,0,0.5,10,9.5,10,rrt_20260807_182408_686.png
20260807_182412_192,2026-08-07 18:24:12,False,10000,303,0.0,0,0.45,0.2,0.3,0,0.5,10,9.5,10,rrt_20260807_182412_192.png
20260807_182413_081,2026-08-07 18:24:13,True,1857,147,18.709324216125385,43,0.45,0.2,0.3,0,0.5,10,9.5,10,rrt_20260807_182413_081.png
20260807_182415_239,2026-08-07 18:24:15,True,7528,264,19.25080495137047,44,0.45,0.2,0.3,0,0.5,10,9.5,10,rrt_20260807_182415_239.png
20260807_182416_920,2026-08-07 18:24:16,True,3788,216,18.202713141483947,42,0.45,0.2,0.3,0,0.5,10,9.5,10,rrt_20260807_182416_920.png
20260807_182419_523,2026-08-07 18:24:19,False,10000,225,0.0,0,0.45,0.2,0.3,0,0.5,10,9.5,10,rrt_20260807_182419_523.png
20260807_182420_382,2026-08-07 18:24:20,True,2189,133,26.99999999999998,61,0.45,0.2,0.3,0,0.5,10,9.5,10,rrt_20260807_182420_382.png
20260807_182423_845,2026-08-07 18:24:23,False,10000,306,0.0,0,0.45,0.2,0.3,0,0.5,10,9.5,10,rrt_20260807_182423_845.png
20260807_182424_669,2026-08-07 18:24:24,True,1353,97,17.47870376242673,40,0.45,0.2,0.3,0,0.5,10,9.5,10,rrt_20260807_182424_669.png
20260807_182425_588,2026-08-07 18:24:25,True,1408,126,18.314418526752192,42,0.45,0.2,0.3,0,0.5,10,9.5,10,rrt_20260807_182425_588.png
20260807_182426_353,2026-08-07 18:24:26,True,1849,129,17.430936164167342,40,0.45,0.2,0.3,0,0.5,10,9.5,10,rrt_20260807_182426_353.png
20260807_182429_893,2026-08-07 18:24:29,False,10000,326,0.0,0,0.45,0.2,0.3,0,0.5,10,9.5,10,rrt_20260807_182429_893.png
20260807_182430_932,2026-08-07 18:24:30,True,2635,177,18.899999999999988,43,0.45,0.2,0.3,0,0.5,10,9.5,10,rrt_20260807_182430_932.png
20260807_182432_043,2026-08-07 18:24:32,True,2489,127,17.950240295966985,41,0.45,0.2,0.3,0,0.5,10,9.5,10,rrt_20260807_182432_043.png
20260807_182434_944,2026-08-07 18:24:34,False,10000,304,0.0,0,0.45,0.2,0.3,0,0.5,10,9.5,10,rrt_20260807_182434_944.png
20260807_182435_716,2026-08-07 18:24:35,True,1562,99,19.799999999999994,45,0.45,0.2,0.3,0,0.5,10,9.5,10,rrt_20260807_182435_716.png
20260807_182438_348,2026-08-07 18:24:38,False,10000,236,0.0,0,0.45,0.2,0.3,0,0.5,10,9.5,10,rrt_20260807_182438_348.png
20260807_182441_391,2026-08-07 18:24:41,False,10000,304,0.0,0,0.45,0.2,0.3,0,0.5,10,9.5,10,rrt_20260807_182441_391.png
20260807_182442_136,2026-08-07 18:24:42,True,1016,80,17.95210530216875,41,0.45,0.2,0.3,0,0.5,10,9.5,10,rrt_20260807_182442_136.png
20260807_182444_325,2026-08-07 18:24:44,False,10000,175,0.0,0,0.45,0.2,0.3,0,0.5,10,9.5,10,rrt_20260807_182444_325.png
20260807_182445_370,2026-08-07 18:24:45,True,2970,189,18.44999999999999,42,0.45,0.2,0.3,0,0.5,10,9.5,10,rrt_20260807_182445_370.png
20260807_182448_721,2026-08-07 18:24:48,False,10000,282,0.0,0,0.45,0.2,0.3,0,0.5,10,9.5,10,rrt_20260807_182448_721.png
20260807_182452_745,2026-08-07 18:24:52,False,10000,388,0.0,0,0.45,0.3,0.3,0,0.5,10,9.5,10,rrt_20260807_182452_745.png
20260807_182455_668,2026-08-07 18:24:55,True,8277,312,19.349999999999994,44,0.45,0.3,0.3,0,0.5,10,9.5,10,rrt_20260807_182455_668.png
20260807_182457_169,2026-08-07 18:24:57,True,3847,246,18.449999999999992,42,0.45,0.3,0.3,0,0.5,10,9.5,10,rrt_20260807_182457_169.png
20260807_182458_049,2026-08-07 18:24:58,True,2072,181,18.9,43,0.45,0.3,0.3,0,0.5,10,9.5,10,rrt_20260807_182458_049.png
20260807_182502_213,2026-08-07 18:25:02,False,10000,369,0.0,0,0.45,0.3,0.3,0,0.5,10,9.5,10,rrt_20260807_182502_213.png
20260807_182503_092,2026-08-07 18:25:03,True,1296,153,18.449999999999996,42,0.45,0.3,0.3,0,0.5,10,9.5,10,rrt_20260807_182503_092.png
20260807_182506_970,2026-08-07 18:25:06,False,10000,377,0.0,0,0.45,0.3,0.3,0,0.5,10,9.5,10,rrt_20260807_182506_970.png
20260807_182510_628,2026-08-07 18:25:10,False,10000,335,0.0,0,0.45,0.3,0.3,0,0.5,10,9.5,10,rrt_20260807_182510_628.png
20260807_182515_006,2026-08-07 18:25:15,False,10000,361,0.0,0,0.45,0.3,0.3,0,0.5,10,9.5,10,rrt_20260807_182515_006.png
20260807_182515_792,2026-08-07 18:25:15,True,1173,125,17.1,39,0.45,0.3,0.3,0,0.5,10,9.5,10,rrt_20260807_182515_792.png
20260807_182518_837,2026-08-07 18:25:18,False,10000,281,0.0,0,0.45,0.3,0.3,0,0.5,10,9.5,10,rrt_20260807_182518_837.png
20260807_182519_610,2026-08-07 18:25:19,True,1147,123,17.54999999999999,40,0.45,0.3,0.3,0,0.5,10,9.5,10,rrt_20260807_182519_610.png
20260807_182520_452,2026-08-07 18:25:20,True,1646,188,17.08431851073674,39,0.45,0.3,0.3,0,0.5,10,9.5,10,rrt_20260807_182520_452.png
20260807_182524_248,2026-08-07 18:25:24,False,10000,378,0.0,0,0.45,0.3,0.3,0,0.5,10,9.5,10,rrt_20260807_182524_248.png
20260807_182527_483,2026-08-07 18:25:27,False,10000,289,0.0,0,0.45,0.3,0.3,0,0.5,10,9.5,10,rrt_20260807_182527_483.png
20260807_182528_568,2026-08-07 18:25:28,True,3000,202,18.44999999999999,42,0.45,0.3,0.3,0,0.5,10,9.5,10,rrt_20260807_182528_568.png
20260807_182532_086,2026-08-07 18:25:32,False,10000,343,0.0,0,0.45,0.3,0.3,0,0.5,10,9.5,10,rrt_20260807_182532_086.png
20260807_182533_237,2026-08-07 18:25:33,True,1243,131,21.149999999999988,48,0.45,0.3,0.3,0,0.5,10,9.5,10,rrt_20260807_182533_237.png
20260807_182536_951,2026-08-07 18:25:36,False,10000,334,0.0,0,0.45,0.3,0.3,0,0.5,10,9.5,10,rrt_20260807_182536_951.png
20260807_182540_422,2026-08-07 18:25:40,False,10000,336,0.0,0,0.45,0.3,0.3,0,0.5,10,9.5,10,rrt_20260807_182540_422.png
20260807_182541_286,2026-08-07 18:25:41,True,1747,161,17.10000000000001,39,0.45,0.3,0.3,0,0.5,10,9.5,10,rrt_20260807_182541_286.png
20260807_182544_642,2026-08-07 18:25:44,False,10000,326,0.0,0,0.45,0.3,0.3,0,0.5,10,9.5,10,rrt_20260807_182544_642.png
20260807_182548_746,2026-08-07 18:25:48,False,10000,375,0.0,0,0.45,0.3,0.3,0,0.5,10,9.5,10,rrt_20260807_182548_746.png
20260807_182552_879,2026-08-07 18:25:52,False,10000,388,0.0,0,0.45,0.3,0.3,0,0.5,10,9.5,10,rrt_20260807_182552_879.png
20260807_182553_824,2026-08-07 18:25:53,True,1481,155,18.899999999999995,43,0.45,0.3,0.3,0,0.5,10,9.5,10,rrt_20260807_182553_824.png
20260807_182554_725,2026-08-07 18:25:54,True,2011,186,18.342380748103405,42,0.45,0.3,0.3,0,0.5,10,9.5,10,rrt_20260807_182554_725.png
20260807_182555_871,2026-08-07 18:25:55,True,1995,153,17.549999999999997,40,0.45,0.3,0.3,0,0.5,10,9.5,10,rrt_20260807_182555_871.png
20260807_182556_971,2026-08-07 18:25:56,True,2847,212,18.9,43,0.45,0.3,0.3,0,0.5,10,9.5,10,rrt_20260807_182556_971.png
20260807_182600_980,2026-08-07 18:26:00,False,10000,379,0.0,0,0.45,0.3,0.3,0,0.5,10,9.5,10,rrt_20260807_182600_980.png
20260807_182604_724,2026-08-07 18:26:04,False,10000,366,0.0,0,0.45,0.3,0.3,0,0.5,10,9.5,10,rrt_20260807_182604_724.png
20260807_182605_633,2026-08-07 18:26:05,True,1656,168,21.559168314155187,49,0.45,0.3,0.3,0,0.5,10,9.5,10,rrt_20260807_182605_633.png
20260807_182606_409,2026-08-07 18:26:06,True,1695,146,17.907094492463724,41,0.45,0.3,0.3,0,0.5,10,9.5,10,rrt_20260807_182606_409.png
20260807_182607_466,2026-08-07 18:26:07,True,2415,227,18.44999999999999,42,0.45,0.3,0.3,0,0.5,10,9.5,10,rrt_20260807_182607_466.png
20260807_182608_599,2026-08-07 18:26:08,True,1849,145,19.794113845634595,45,0.45,0.3,0.3,0,0.5,10,9.5,10,rrt_20260807_182608_599.png
20260807_182609_848,2026-08-07 18:26:09,True,3397,216,17.802690509183744,41,0.45,0.3,0.3,0,0.5,10,9.5,10,rrt_20260807_182609_848.png
20260807_182614_378,2026-08-07 18:26:14,False,10000,380,0.0,0,0.45,0.3,0.3,0,0.5,10,9.5,10,rrt_20260807_182614_378.png
20260807_182615_236,2026-08-07 18:26:15,True,1239,121,18.439200447902067,42,0.45,0.3,0.3,0,0.5,10,9.5,10,rrt_20260807_182615_236.png
20260807_182619_013,2026-08-07 18:26:19,False,10000,363,0.0,0,0.45,0.3,0.3,0,0.5,10,9.5,10,rrt_20260807_182619_013.png
20260807_182622_645,2026-08-07 18:26:22,False,10000,329,0.0,0,0.45,0.3,0.3,0,0.5,10,9.5,10,rrt_20260807_182622_645.png
20260807_182625_336,2026-08-07 18:26:25,False,10000,224,0.0,0,0.45,0.3,0.3,0,0.5,10,9.5,10,rrt_20260807_182625_336.png
20260807_182626_210,2026-08-07 18:26:26,True,1437,176,17.549999999999997,40,0.45,0.3,0.3,0,0.5,10,9.5,10,rrt_20260807_182626_210.png
20260807_182628_872,2026-08-07 18:26:28,False,10000,226,0.0,0,0.45,0.3,0.3,0,0.5,10,9.5,10,rrt_20260807_182628_872.png
20260807_182632_709,2026-08-07 18:26:32,False,10000,355,0.0,0,0.45,0.3,0.3,0,0.5,10,9.5,10,rrt_20260807_182632_709.png
20260807_182634_061,2026-08-07 18:26:34,True,3064,240,18.000000000000007,41,0.45,0.3,0.3,0,0.5,10,9.5,10,rrt_20260807_182634_061.png
20260807_182637_440,2026-08-07 18:26:37,False,10000,277,0.0,0,0.45,0.3,0.3,0,0.5,10,9.5,10,rrt_20260807_182637_440.png
20260807_182641_416,2026-08-07 18:26:41,False,10000,352,0.0,0,0.45,0.3,0.3,0,0.5,10,9.5,10,rrt_20260807_182641_416.png
20260807_182645_209,2026-08-07 18:26:45,False,10000,381,0.0,0,0.45,0.3,0.3,0,0.5,10,9.5,10,rrt_20260807_182645_209.png
20260807_182646_390,2026-08-07 18:26:46,True,3545,208,19.799999999999994,45,0.45,0.3,0.3,0,0.5,10,9.5,10,rrt_20260807_182646_390.png
20260807_182647_767,2026-08-07 18:26:47,True,2297,191,17.909203313910847,41,0.45,0.3,0.3,0,0.5,10,9.5,10,rrt_20260807_182647_767.png
20260807_182651_731,2026-08-07 18:26:51,False,10000,378,0.0,0,0.45,0.3,0.3,0,0.5,10,9.5,10,rrt_20260807_182651_731.png
20260807_182652_782,2026-08-07 18:26:52,True,2053,200,19.076856017402157,44,0.45,0.3,0.3,0,0.5,10,9.5,10,rrt_20260807_182652_782.png
20260807_182653_662,2026-08-07 18:26:53,True,1835,203,18.352111538783447,42,0.45,0.3,0.3,0,0.5,10,9.5,10,rrt_20260807_182653_662.png
20260807_182654_691,2026-08-07 18:26:54,True,2691,191,19.79999999999999,45,0.45,0.3,0.3,0,0.5,10,9.5,10,rrt_20260807_182654_691.png
20260807_182655_886,2026-08-07 18:26:55,True,1628,159,19.531527000741253,45,0.45,0.3,0.3,0,0.5,10,9.5,10,rrt_20260807_182655_886.png
20260807_182659_460,2026-08-07 18:26:59,True,9708,376,21.14999999999999,48,0.45,0.3,0.3,0,0.5,10,9.5,10,rrt_20260807_182659_460.png
20260807_182700_394,2026-08-07 18:27:00,True,1762,151,17.999999999999993,41,0.45,0.3,0.3,0,0.5,10,9.5,10,rrt_20260807_182700_394.png
20260807_182704_318,2026-08-07 18:27:04,False,10000,368,0.0,0,0.45,0.3,0.3,0,0.5,10,9.5,10,rrt_20260807_182704_318.png
20260807_182705_441,2026-08-07 18:27:05,True,2824,196,18.31861761650547,42,0.45,0.3,0.3,0,0.5,10,9.5,10,rrt_20260807_182705_441.png
20260807_182709_256,2026-08-07 18:27:09,False,10000,373,0.0,0,0.45,0.3,0.3,0,0.5,10,9.5,10,rrt_20260807_182709_256.png
20260807_182710_187,2026-08-07 18:27:10,True,1999,163,19.799999999999986,45,0.45,0.3,0.3,0,0.5,10,9.5,10,rrt_20260807_182710_187.png
20260807_182713_975,2026-08-07 18:27:13,False,10000,372,0.0,0,0.45,0.3,0.3,0,0.5,10,9.5,10,rrt_20260807_182713_975.png
20260807_182716_985,2026-08-07 18:27:16,False,10000,216,0.0,0,0.45,0.3,0.3,0,0.5,10,9.5,10,rrt_20260807_182716_985.png
20260807_182718_233,2026-08-07 18:27:18,True,1738,139,18.449999999999992,42,0.45,0.3,0.3,0,0.5,10,9.5,10,rrt_20260807_182718_233.png
20260807_182722_343,2026-08-07 18:27:22,False,10000,393,0.0,0,0.45,0.3,0.3,0,0.5,10,9.5,10,rrt_20260807_182722_343.png
20260807_182725_934,2026-08-07 18:27:25,False,10000,368,0.0,0,0.45,0.3,0.3,0,0.5,10,9.5,10,rrt_20260807_182725_934.png
20260807_182726_719,2026-08-07 18:27:26,True,1124,121,17.07627760977333,39,0.45,0.3,0.3,0,0.5,10,9.5,10,rrt_20260807_182726_719.png
20260807_182727_657,2026-08-07 18:27:27,True,2239,183,17.53853415170803,40,0.45,0.3,0.3,0,0.5,10,9.5,10,rrt_20260807_182727_657.png
20260807_182731_355,2026-08-07 18:27:31,False,10000,363,0.0,0,0.45,0.3,0.3,0,0.5,10,9.5,10,rrt_20260807_182731_355.png
20260807_182733_096,2026-08-07 18:27:33,True,4282,288,17.999999999999996,41,0.45,0.3,0.3,0,0.5,10,9.5,10,rrt_20260807_182733_096.png
20260807_182733_979,2026-08-07 18:27:33,True,1883,177,17.999999999999996,41,0.45,0.3,0.3,0,0.5,10,9.5,10,rrt_20260807_182733_979.png
20260807_182737_987,2026-08-07 18:27:37,False,10000,329,0.0,0,0.45,0.3,0.3,0,0.5,10,9.5,10,rrt_20260807_182737_987.png
20260807_182741_760,2026-08-07 18:27:41,False,10000,368,0.0,0,0.45,0.3,0.3,0,0.5,10,9.5,10,rrt_20260807_182741_760.png
20260807_182742_599,2026-08-07 18:27:42,True,1135,137,17.927478623806586,41,0.45,0.3,0.3,0,0.5,10,9.5,10,rrt_20260807_182742_599.png
20260807_182745_992,2026-08-07 18:27:45,False,10000,318,0.0,0,0.45,0.3,0.3,0,0.5,10,9.5,10,rrt_20260807_182745_992.png
20260807_182746_808,2026-08-07 18:27:46,True,1311,145,17.999999999999996,41,0.45,0.3,0.3,0,0.5,10,9.5,10,rrt_20260807_182746_808.png
20260807_182747_651,2026-08-07 18:27:47,True,1899,175,16.966764502344784,39,0.45,0.3,0.3,0,0.5,10,9.5,10,rrt_20260807_182747_651.png
20260807_182748_507,2026-08-07 18:27:48,True,1428,165,17.549999999999997,40,0.45,0.3,0.3,0,0.5,10,9.5,10,rrt_20260807_182748_507.png
20260807_182749_837,2026-08-07 18:27:49,True,2781,219,18.27394690516854,42,0.45,0.3,0.3,0,0.5,10,9.5,10,rrt_20260807_182749_837.png
20260807_182750_654,2026-08-07 18:27:50,True,2078,155,18.449999999999992,42,0.45,0.3,0.3,0,0.5,10,9.5,10,rrt_20260807_182750_654.png
20260807_182751_950,2026-08-07 18:27:51,True,2719,153,17.5415084359581,40,0.45,0.3,0.3,0,0.5,10,9.5,10,rrt_20260807_182751_950.png
20260807_182753_206,2026-08-07 18:27:53,True,4364,215,19.799999999999994,45,0.45,0.3,0.3,0,0.5,10,9.5,10,rrt_20260807_182753_206.png
20260807_182754_523,2026-08-07 18:27:54,True,3182,256,17.999999999999986,41,0.45,0.3,0.3,0,0.5,10,9.5,10,rrt_20260807_182754_523.png
20260807_182755_331,2026-08-07 18:27:55,True,1435,170,18.832745137828212,43,0.45,0.3,0.3,0,0.5,10,9.5,10,rrt_20260807_182755_331.png
20260807_182756_329,2026-08-07 18:27:56,True,2850,202,20.63849142835729,47,0.45,0.3,0.3,0,0.5,10,9.5,10,rrt_20260807_182756_329.png
20260807_182800_739,2026-08-07 18:28:00,False,10000,427,0.0,0,0.45,0.3,0.3,0,0.5,10,9.5,10,rrt_20260807_182800_739.png
20260807_182804_537,2026-08-07 18:28:04,False,10000,360,0.0,0,0.45,0.3,0.3,0,0.5,10,9.5,10,rrt_20260807_182804_537.png
20260807_182807_585,2026-08-07 18:28:07,False,10000,260,0.0,0,0.45,0.3,0.3,0,0.5,10,9.5,10,rrt_20260807_182807_585.png
20260807_182810_484,2026-08-07 18:28:10,False,10000,247,0.0,0,0.45,0.3,0.3,0,0.5,10,9.5,10,rrt_20260807_182810_484.png
20260807_182811_716,2026-08-07 18:28:11,True,2094,186,17.55,40,0.45,0.3,0.3,0,0.5,10,9.5,10,rrt_20260807_182811_716.png
20260807_182812_448,2026-08-07 18:28:12,True,868,140,16.58517319961391,38,0.45,0.3,0.3,0,0.5,10,9.5,10,rrt_20260807_182812_448.png
20260807_182813_284,2026-08-07 18:28:13,True,2064,166,17.549999999999994,40,0.45,0.3,0.3,0,0.5,10,9.5,10,rrt_20260807_182813_284.png
20260807_182817_867,2026-08-07 18:28:17,False,10000,383,0.0,0,0.45,0.3,0.3,0,0.5,10,9.5,10,rrt_20260807_182817_867.png
20260807_182819_267,2026-08-07 18:28:19,True,3901,216,17.549999999999994,40,0.45,0.3,0.3,0,0.5,10,9.5,10,rrt_20260807_182819_267.png
20260807_182820_144,2026-08-07 18:28:20,True,1684,191,18.589348616434776,43,0.45,0.3,0.3,0,0.5,10,9.5,10,rrt_20260807_182820_144.png
20260807_182820_904,2026-08-07 18:28:20,True,1194,135,17.1,39,0.45,0.3,0.3,0,0.5,10,9.5,10,rrt_20260807_182820_904.png
20260807_182824_930,2026-08-07 18:28:24,False,10000,375,0.0,0,0.45,0.3,0.3,0,0.5,10,9.5,10,rrt_20260807_182824_930.png
20260807_182825_899,2026-08-07 18:28:25,True,1799,188,18.449999999999996,42,0.45,0.3,0.3,0,0.5,10,9.5,10,rrt_20260807_182825_899.png
20260807_182827_246,2026-08-07 18:28:27,True,1127,122,17.09999999999999,39,0.45,0.3,0.3,0,0.5,10,9.5,10,rrt_20260807_182827_246.png
20260807_182828_138,2026-08-07 18:28:28,True,1908,177,17.98929909841194,41,0.45,0.3,0.3,0,0.5,10,9.5,10,rrt_20260807_182828_138.png
20260807_182831_110,2026-08-07 18:28:31,False,10000,274,0.0,0,0.45,0.3,0.3,0,0.5,10,9.5,10,rrt_20260807_182831_110.png
20260807_182832_579,2026-08-07 18:28:32,True,3606,265,20.214386798241303,46,0.45,0.4,0.3,0,0.5,10,9.5,10,rrt_20260807_182832_579.png
20260807_182833_953,2026-08-07 18:28:33,True,2958,258,17.909711292323863,41,0.45,0.4,0.3,0,0.5,10,9.5,10,rrt_20260807_182833_953.png
20260807_182835_853,2026-08-07 18:28:35,True,4876,310,18.346745799275585,42,0.45,0.4,0.3,0,0.5,10,9.5,10,rrt_20260807_182835_853.png
20260807_182836_684,2026-08-07 18:28:36,True,1782,145,20.699999999999992,47,0.45,0.4,0.3,0,0.5,10,9.5,10,rrt_20260807_182836_684.png
20260807_182837_547,2026-08-07 18:28:37,True,1403,201,18.449999999999992,42,0.45,0.4,0.3,0,0.5,10,9.5,10,rrt_20260807_182837_547.png
20260807_182841_527,2026-08-07 18:28:41,False,10000,393,0.0,0,0.45,0.4,0.3,0,0.5,10,9.5,10,rrt_20260807_182841_527.png
20260807_182843_029,2026-08-07 18:28:43,True,963,153,17.978032716614766,41,0.45,0.4,0.3,0,0.5,10,9.5,10,rrt_20260807_182843_029.png
20260807_182845_178,2026-08-07 18:28:45,False,10000,160,0.0,0,0.45,0.4,0.3,0,0.5,10,9.5,10,rrt_20260807_182845_178.png
20260807_182845_887,2026-08-07 18:28:45,True,817,118,17.99999999999999,41,0.45,0.4,0.3,0,0.5,10,9.5,10,rrt_20260807_182845_887.png
20260807_182846_625,2026-08-07 18:28:46,True,1227,159,17.99999999999999,41,0.45,0.4,0.3,0,0.5,10,9.5,10,rrt_20260807_182846_625.png
20260807_182847_355,2026-08-07 18:28:47,True,1291,140,17.09999999999999,39,0.45,0.4,0.3,0,0.5,10,9.5,10,rrt_20260807_182847_355.png
20260807_182852_005,2026-08-07 18:28:52,False,10000,448,0.0,0,0.45,0.4,0.3,0,0.5,10,9.5,10,rrt_20260807_182852_005.png
20260807_182852_779,2026-08-07 18:28:52,True,878,133,17.864977036418434,41,0.45,0.4,0.3,0,0.5,10,9.5,10,rrt_20260807_182852_779.png
20260807_182853_427,2026-08-07 18:28:53,True,522,116,17.099999999999994,39,0.45,0.4,0.3,0,0.5,10,9.5,10,rrt_20260807_182853_427.png
20260807_182857_802,2026-08-07 18:28:57,False,10000,457,0.0,0,0.45,0.4,0.3,0,0.5,10,9.5,10,rrt_20260807_182857_802.png
20260807_182901_143,2026-08-07 18:29:01,True,7043,364,24.39214741214765,56,0.45,0.4,0.3,0,0.5,10,9.5,10,rrt_20260807_182901_143.png
20260807_182901_926,2026-08-07 18:29:01,True,791,133,17.099999999999994,39,0.45,0.4,0.3,0,0.5,10,9.5,10,rrt_20260807_182901_926.png
20260807_182902_733,2026-08-07 18:29:02,True,1184,168,17.999999999999993,41,0.45,0.4,0.3,0,0.5,10,9.5,10,rrt_20260807_182902_733.png
20260807_182903_403,2026-08-07 18:29:03,True,573,113,17.099999999999994,39,0.45,0.4,0.3,0,0.5,10,9.5,10,rrt_20260807_182903_403.png
20260807_182904_069,2026-08-07 18:29:04,True,868,86,16.649999999999988,38,0.45,0.4,0.3,0,0.5,10,9.5,10,rrt_20260807_182904_069.png
20260807_182908_351,2026-08-07 18:29:08,False,10000,434,0.0,0,0.45,0.4,0.3,0,0.5,10,9.5,10,rrt_20260807_182908_351.png
20260807_182909_203,2026-08-07 18:29:09,True,625,90,16.65,38,0.45,0.4,0.3,0,0.5,10,9.5,10,rrt_20260807_182909_203.png
20260807_182909_974,2026-08-07 18:29:09,True,1642,158,18.34618760693601,42,0.45,0.4,0.3,0,0.5,10,9.5,10,rrt_20260807_182909_974.png
20260807_182910_880,2026-08-07 18:29:10,True,1647,207,18.353766993307865,42,0.45,0.4,0.3,0,0.5,10,9.5,10,rrt_20260807_182910_880.png
20260807_182915_138,2026-08-07 18:29:15,False,10000,385,0.0,0,0.45,0.4,0.3,0,0.5,10,9.5,10,rrt_20260807_182915_138.png
20260807_182916_196,2026-08-07 18:29:16,True,1814,227,17.999999999999996,41,0.45,0.4,0.3,0,0.5,10,9.5,10,rrt_20260807_182916_196.png
20260807_182920_283,2026-08-07 18:29:20,False,10000,409,0.0,0,0.45,0.4,0.3,0,0.5,10,9.5,10,rrt_20260807_182920_283.png
20260807_182924_740,2026-08-07 18:29:24,False,10000,450,0.0,0,0.45,0.4,0.3,0,0.5,10,9.5,10,rrt_20260807_182924_740.png
20260807_182925_495,2026-08-07 18:29:25,True,506,92,17.999999999999996,41,0.45,0.4,0.3,0,0.5,10,9.5,10,rrt_20260807_182925_495.png
20260807_182926_326,2026-08-07 18:29:26,True,1699,190,17.55,40,0.45,0.4,0.3,0,0.5,10,9.5,10,rrt_20260807_182926_326.png
20260807_182927_038,2026-08-07 18:29:27,True,761,102,18.348024162742384,42,0.45,0.4,0.3,0,0.5,10,9.5,10,rrt_20260807_182927_038.png
20260807_182929_209,2026-08-07 18:29:29,True,5033,327,18.899999999999995,43,0.45,0.4,0.3,0,0.5,10,9.5,10,rrt_20260807_182929_209.png
20260807_182930_340,2026-08-07 18:29:30,True,895,109,17.099999999999998,39,0.45,0.4,0.3,0,0.5,10,9.5,10,rrt_20260807_182930_340.png
20260807_182934_176,2026-08-07 18:29:34,False,10000,381,0.0,0,0.45,0.4,0.3,0,0.5,10,9.5,10,rrt_20260807_182934_176.png
20260807_182935_318,2026-08-07 18:29:35,True,1561,206,17.54999999999999,40,0.45,0.4,0.3,0,0.5,10,9.5,10,rrt_20260807_182935_318.png
20260807_182936_692,2026-08-07 18:29:36,True,2847,256,17.053367440191156,39,0.45,0.4,0.3,0,0.5,10,9.5,10,rrt_20260807_182936_692.png
20260807_182940_657,2026-08-07 18:29:40,False,10000,401,0.0,0,0.45,0.4,0.3,0,0.5,10,9.5,10,rrt_20260807_182940_657.png
20260807_182941_856,2026-08-07 18:29:41,True,3103,213,19.1124121302719,44,0.45,0.4,0.3,0,0.5,10,9.5,10,rrt_20260807_182941_856.png
20260807_182945_779,2026-08-07 18:29:45,False,10000,374,0.0,0,0.45,0.4,0.3,0,0.5,10,9.5,10,rrt_20260807_182945_779.png
20260807_182947_348,2026-08-07 18:29:47,True,4285,249,30.599999999999977,69,0.45,0.4,0.3,0,0.5,10,9.5,10,rrt_20260807_182947_348.png
20260807_182951_573,2026-08-07 18:29:51,False,10000,430,0.0,0,0.45,0.4,0.3,0,0.5,10,9.5,10,rrt_20260807_182951_573.png
20260807_182952_804,2026-08-07 18:29:52,True,1068,144,18.0,41,0.45,0.4,0.3,0,0.5,10,9.5,10,rrt_20260807_182952_804.png
20260807_182957_090,2026-08-07 18:29:57,False,10000,439,0.0,0,0.45,0.4,0.3,0,0.5,10,9.5,10,rrt_20260807_182957_090.png
20260807_183000_616,2026-08-07 18:30:00,False,10000,343,0.0,0,0.45,0.4,0.3,0,0.5,10,9.5,10,rrt_20260807_183000_616.png
20260807_183002_596,2026-08-07 18:30:02,True,4570,324,18.441829083124155,42,0.45,0.4,0.3,0,0.5,10,9.5,10,rrt_20260807_183002_596.png
20260807_183005_639,2026-08-07 18:30:05,False,10000,294,0.0,0,0.45,0.4,0.3,0,0.5,10,9.5,10,rrt_20260807_183005_639.png
20260807_183010_229,2026-08-07 18:30:10,False,10000,449,0.0,0,0.45,0.4,0.3,0,0.5,10,9.5,10,rrt_20260807_183010_229.png
20260807_183011_216,2026-08-07 18:30:11,True,1778,172,20.595376553571253,47,0.45,0.4,0.3,0,0.5,10,9.5,10,rrt_20260807_183011_216.png
20260807_183015_795,2026-08-07 18:30:15,False,10000,450,0.0,0,0.45,0.4,0.3,0,0.5,10,9.5,10,rrt_20260807_183015_795.png
20260807_183020_115,2026-08-07 18:30:20,False,10000,450,0.0,0,0.45,0.4,0.3,0,0.5,10,9.5,10,rrt_20260807_183020_115.png
20260807_183021_713,2026-08-07 18:30:21,True,902,167,17.534666473850397,40,0.45,0.4,0.3,0,0.5,10,9.5,10,rrt_20260807_183021_713.png
20260807_183023_112,2026-08-07 18:30:23,True,3367,279,17.516559182759,40,0.45,0.4,0.3,0,0.5,10,9.5,10,rrt_20260807_183023_112.png
20260807_183024_112,2026-08-07 18:30:24,True,1480,199,16.650000000000002,38,0.45,0.4,0.3,0,0.5,10,9.5,10,rrt_20260807_183024_112.png
20260807_183028_079,2026-08-07 18:30:28,False,10000,390,0.0,0,0.45,0.4,0.3,0,0.5,10,9.5,10,rrt_20260807_183028_079.png
20260807_183031_386,2026-08-07 18:30:31,False,10000,321,0.0,0,0.45,0.4,0.3,0,0.5,10,9.5,10,rrt_20260807_183031_386.png
20260807_183032_491,2026-08-07 18:30:32,True,2152,215,17.549999999999994,40,0.45,0.4,0.3,0,0.5,10,9.5,10,rrt_20260807_183032_491.png
20260807_183033_361,2026-08-07 18:30:33,True,1495,161,19.349999999999994,44,0.45,0.4,0.3,0,0.5,10,9.5,10,rrt_20260807_183033_361.png
20260807_183037_425,2026-08-07 18:30:37,False,10000,406,0.0,0,0.45,0.4,0.3,0,0.5,10,9.5,10,rrt_20260807_183037_425.png
20260807_183038_417,2026-08-07 18:30:38,True,1916,223,18.449999999999992,42,0.45,0.4,0.3,0,0.5,10,9.5,10,rrt_20260807_183038_417.png
20260807_183039_652,2026-08-07 18:30:39,True,1305,172,17.09999999999999,39,0.45,0.4,0.3,0,0.5,10,9.5,10,rrt_20260807_183039_652.png
20260807_183040_479,2026-08-07 18:30:40,True,1656,177,19.79999999999999,45,0.45,0.4,0.3,0,0.5,10,9.5,10,rrt_20260807_183040_479.png
20260807_183043_923,2026-08-07 18:30:43,False,10000,326,0.0,0,0.45,0.4,0.3,0,0.5,10,9.5,10,rrt_20260807_183043_923.png
20260807_183044_882,2026-08-07 18:30:44,True,1675,199,18.9,43,0.45,0.4,0.3,0,0.5,10,9.5,10,rrt_20260807_183044_882.png
20260807_183045_740,2026-08-07 18:30:45,True,1848,196,17.930820570391543,41,0.45,0.4,0.3,0,0.5,10,9.5,10,rrt_20260807_183045_740.png
20260807_183047_756,2026-08-07 18:30:47,False,10000,154,0.0,0,0.45,0.4,0.3,0,0.5,10,9.5,10,rrt_20260807_183047_756.png
20260807_183052_732,2026-08-07 18:30:52,False,10000,463,0.0,0,0.45,0.4,0.3,0,0.5,10,9.5,10,rrt_20260807_183052_732.png
20260807_183053_671,2026-08-07 18:30:53,True,1795,174,17.999999999999996,41,0.45,0.4,0.3,0,0.5,10,9.5,10,rrt_20260807_183053_671.png
20260807_183054_384,2026-08-07 18:30:54,True,843,142,17.09999999999999,39,0.45,0.4,0.3,0,0.5,10,9.5,10,rrt_20260807_183054_384.png
20260807_183056_340,2026-08-07 18:30:56,True,3678,246,19.799999999999986,45,0.45,0.4,0.3,0,0.5,10,9.5,10,rrt_20260807_183056_340.png
20260807_183058_467,2026-08-07 18:30:58,False,10000,169,0.0,0,0.45,0.4,0.3,0,0.5,10,9.5,10,rrt_20260807_183058_467.png
20260807_183102_839,2026-08-07 18:31:02,False,10000,396,0.0,0,0.45,0.4,0.3,0,0.5,10,9.5,10,rrt_20260807_183102_839.png
20260807_183103_627,2026-08-07 18:31:03,True,583,101,17.955456891983367,41,0.45,0.4,0.3,0,0.5,10,9.5,10,rrt_20260807_183103_627.png
20260807_183107_496,2026-08-07 18:31:07,False,10000,375,0.0,0,0.45,0.4,0.3,0,0.5,10,9.5,10,rrt_20260807_183107_496.png
20260807_183111_942,2026-08-07 18:31:11,False,10000,448,0.0,0,0.45,0.4,0.3,0,0.5,10,9.5,10,rrt_20260807_183111_942.png
20260807_183112_956,2026-08-07 18:31:12,True,1839,197,17.999999999999993,41,0.45,0.4,0.3,0,0.5,10,9.5,10,rrt_20260807_183112_956.png
20260807_183113_768,2026-08-07 18:31:13,True,863,137,17.99999999999999,41,0.45,0.4,0.3,0,0.5,10,9.5,10,rrt_20260807_183113_768.png
20260807_183117_287,2026-08-07 18:31:17,False,10000,348,0.0,0,0.45,0.4,0.3,0,0.5,10,9.5,10,rrt_20260807_183117_287.png
20260807_183121_958,2026-08-07 18:31:21,False,10000,399,0.0,0,0.45,0.4,0.3,0,0.5,10,9.5,10,rrt_20260807_183121_958.png
20260807_183125_770,2026-08-07 18:31:25,False,10000,390,0.0,0,0.45,0.4,0.3,0,0.5,10,9.5,10,rrt_20260807_183125_770.png
20260807_183130_430,2026-08-07 18:31:30,False,10000,430,0.0,0,0.45,0.4,0.3,0,0.5,10,9.5,10,rrt_20260807_183130_430.png
20260807_183131_402,2026-08-07 18:31:31,True,1820,166,17.41483873496285,40,0.45,0.4,0.3,0,0.5,10,9.5,10,rrt_20260807_183131_402.png
20260807_183132_529,2026-08-07 18:31:32,True,2648,208,17.999999999999996,41,0.45,0.4,0.3,0,0.5,10,9.5,10,rrt_20260807_183132_529.png
20260807_183136_931,2026-08-07 18:31:36,False,10000,425,0.0,0,0.45,0.4,0.3,0,0.5,10,9.5,10,rrt_20260807_183136_931.png
20260807_183140_191,2026-08-07 18:31:40,False,10000,301,0.0,0,0.45,0.4,0.3,0,0.5,10,9.5,10,rrt_20260807_183140_191.png
20260807_183141_028,2026-08-07 18:31:41,True,1085,151,18.449999999999992,42,0.45,0.4,0.3,0,0.5,10,9.5,10,rrt_20260807_183141_028.png
20260807_183141_703,2026-08-07 18:31:41,True,774,95,18.44999999999999,42,0.45,0.4,0.3,0,0.5,10,9.5,10,rrt_20260807_183141_703.png
20260807_183142_982,2026-08-07 18:31:42,True,1564,150,20.232813142574656,46,0.45,0.4,0.3,0,0.5,10,9.5,10,rrt_20260807_183142_982.png
20260807_183147_595,2026-08-07 18:31:47,False,10000,456,0.0,0,0.45,0.4,0.3,0,0.5,10,9.5,10,rrt_20260807_183147_595.png
20260807_183152_076,2026-08-07 18:31:52,False,10000,442,0.0,0,0.45,0.4,0.3,0,0.5,10,9.5,10,rrt_20260807_183152_076.png
20260807_183156_538,2026-08-07 18:31:56,False,10000,448,0.0,0,0.45,0.4,0.3,0,0.5,10,9.5,10,rrt_20260807_183156_538.png
20260807_183200_677,2026-08-07 18:32:00,False,10000,423,0.0,0,0.45,0.4,0.3,0,0.5,10,9.5,10,rrt_20260807_183200_677.png
20260807_183205_085,2026-08-07 18:32:05,False,10000,440,0.0,0,0.45,0.4,0.3,0,0.5,10,9.5,10,rrt_20260807_183205_085.png
20260807_183208_396,2026-08-07 18:32:08,False,10000,303,0.0,0,0.45,0.4,0.3,0,0.5,10,9.5,10,rrt_20260807_183208_396.png
20260807_183209_159,2026-08-07 18:32:09,True,685,117,17.998690753271354,41,0.45,0.4,0.3,0,0.5,10,9.5,10,rrt_20260807_183209_159.png
20260807_183213_910,2026-08-07 18:32:13,False,10000,445,0.0,0,0.45,0.4,0.3,0,0.5,10,9.5,10,rrt_20260807_183213_910.png
20260807_183218_687,2026-08-07 18:32:18,False,10000,456,0.0,0,0.45,0.4,0.3,0,0.5,10,9.5,10,rrt_20260807_183218_687.png
20260807_183222_613,2026-08-07 18:32:22,False,10000,385,0.0,0,0.45,0.4,0.3,0,0.5,10,9.5,10,rrt_20260807_183222_613.png
20260807_183227_056,2026-08-07 18:32:27,False,10000,453,0.0,0,0.45,0.4,0.3,0,0.5,10,9.5,10,rrt_20260807_183227_056.png
20260807_183230_970,2026-08-07 18:32:30,False,10000,415,0.0,0,0.45,0.4,0.3,0,0.5,10,9.5,10,rrt_20260807_183230_970.png
20260807_183235_692,2026-08-07 18:32:35,False,10000,467,0.0,0,0.45,0.4,0.3,0,0.5,10,9.5,10,rrt_20260807_183235_692.png
20260807_183236_801,2026-08-07 18:32:36,True,2512,196,17.31116361451595,40,0.45,0.5,0.3,0,0.5,10,9.5,10,rrt_20260807_183236_801.png
20260807_183237_483,2026-08-07 18:32:37,True,708,111,17.09999999999999,39,0.45,0.5,0.3,0,0.5,10,9.5,10,rrt_20260807_183237_483.png
20260807_183238_147,2026-08-07 18:32:38,True,429,107,17.999999999999996,41,0.45,0.5,0.3,0,0.5,10,9.5,10,rrt_20260807_183238_147.png
20260807_183242_278,2026-08-07 18:32:42,False,10000,395,0.0,0,0.45,0.5,0.3,0,0.5,10,9.5,10,rrt_20260807_183242_278.png
20260807_183243_450,2026-08-07 18:32:43,True,1998,206,18.43209553824322,42,0.45,0.5,0.3,0,0.5,10,9.5,10,rrt_20260807_183243_450.png
20260807_183247_267,2026-08-07 18:32:47,False,10000,371,0.0,0,0.45,0.5,0.3,0,0.5,10,9.5,10,rrt_20260807_183247_267.png
20260807_183248_146,2026-08-07 18:32:48,True,1127,184,18.449999999999996,42,0.45,0.5,0.3,0,0.5,10,9.5,10,rrt_20260807_183248_146.png
20260807_183249_330,2026-08-07 18:32:49,True,1533,234,19.349947102456305,44,0.45,0.5,0.3,0,0.5,10,9.5,10,rrt_20260807_183249_330.png
20260807_183253_347,2026-08-07 18:32:53,False,10000,435,0.0,0,0.45,0.5,0.3,0,0.5,10,9.5,10,rrt_20260807_183253_347.png
20260807_183254_279,2026-08-07 18:32:54,True,1180,204,18.0,41,0.45,0.5,0.3,0,0.5,10,9.5,10,rrt_20260807_183254_279.png
20260807_183259_393,2026-08-07 18:32:59,False,10000,533,0.0,0,0.45,0.5,0.3,0,0.5,10,9.5,10,rrt_20260807_183259_393.png
20260807_183304_372,2026-08-07 18:33:04,False,10000,518,0.0,0,0.45,0.5,0.3,0,0.5,10,9.5,10,rrt_20260807_183304_372.png
20260807_183305_663,2026-08-07 18:33:05,True,1372,231,16.96991547855141,39,0.45,0.5,0.3,0,0.5,10,9.5,10,rrt_20260807_183305_663.png
20260807_183310_033,2026-08-07 18:33:10,False,10000,461,0.0,0,0.45,0.5,0.3,0,0.5,10,9.5,10,rrt_20260807_183310_033.png
20260807_183310_843,2026-08-07 18:33:10,True,932,182,19.34999999999999,44,0.45,0.5,0.3,0,0.5,10,9.5,10,rrt_20260807_183310_843.png
20260807_183311_645,2026-08-07 18:33:11,True,1457,172,17.625711340878347,41,0.45,0.5,0.3,0,0.5,10,9.5,10,rrt_20260807_183311_645.png
20260807_183312_338,2026-08-07 18:33:12,True,378,90,18.42051698245367,42,0.45,0.5,0.3,0,0.5,10,9.5,10,rrt_20260807_183312_338.png
20260807_183317_172,2026-08-07 18:33:17,False,10000,498,0.0,0,0.45,0.5,0.3,0,0.5,10,9.5,10,rrt_20260807_183317_172.png
20260807_183318_174,2026-08-07 18:33:18,True,1233,173,18.449999999999992,42,0.45,0.5,0.3,0,0.5,10,9.5,10,rrt_20260807_183318_174.png
20260807_183322_401,2026-08-07 18:33:22,False,10000,431,0.0,0,0.45,0.5,0.3,0,0.5,10,9.5,10,rrt_20260807_183322_401.png
20260807_183325_701,2026-08-07 18:33:25,False,10000,302,0.0,0,0.45,0.5,0.3,0,0.5,10,9.5,10,rrt_20260807_183325_701.png
20260807_183327_160,2026-08-07 18:33:27,True,2553,187,18.89999999999999,43,0.45,0.5,0.3,0,0.5,10,9.5,10,rrt_20260807_183327_160.png
20260807_183332_183,2026-08-07 18:33:32,False,10000,522,0.0,0,0.45,0.5,0.3,0,0.5,10,9.5,10,rrt_20260807_183332_183.png
20260807_183337_823,2026-08-07 18:33:37,False,10000,524,0.0,0,0.45,0.5,0.3,0,0.5,10,9.5,10,rrt_20260807_183337_823.png
20260807_183338_609,2026-08-07 18:33:38,True,751,128,17.097751098737707,39,0.45,0.5,0.3,0,0.5,10,9.5,10,rrt_20260807_183338_609.png
20260807_183339_467,2026-08-07 18:33:39,True,1274,171,18.88813758100104,43,0.45,0.5,0.3,0,0.5,10,9.5,10,rrt_20260807_183339_467.png
20260807_183340_270,2026-08-07 18:33:40,True,1169,184,17.999999999999996,41,0.45,0.5,0.3,0,0.5,10,9.5,10,rrt_20260807_183340_270.png
20260807_183341_320,2026-08-07 18:33:41,True,1941,257,17.517190047490338,40,0.45,0.5,0.3,0,0.5,10,9.5,10,rrt_20260807_183341_320.png
20260807_183345_725,2026-08-07 18:33:45,False,10000,478,0.0,0,0.45,0.5,0.3,0,0.5,10,9.5,10,rrt_20260807_183345_725.png
20260807_183346_549,2026-08-07 18:33:46,True,595,108,17.099999999999998,39,0.45,0.5,0.3,0,0.5,10,9.5,10,rrt_20260807_183346_549.png
20260807_183347_696,2026-08-07 18:33:47,True,1234,150,19.799999999999994,45,0.45,0.5,0.3,0,0.5,10,9.5,10,rrt_20260807_183347_696.png
20260807_183348_426,2026-08-07 18:33:48,True,1157,160,22.35026824420709,51,0.45,0.5,0.3,0,0.5,10,9.5,10,rrt_20260807_183348_426.png
20260807_183349_207,2026-08-07 18:33:49,True,1196,201,17.467154632000653,40,0.45,0.5,0.3,0,0.5,10,9.5,10,rrt_20260807_183349_207.png
20260807_183350_216,2026-08-07 18:33:50,True,2076,218,19.243893488657523,44,0.45,0.5,0.3,0,0.5,10,9.5,10,rrt_20260807_183350_216.png
20260807_183354_812,2026-08-07 18:33:54,False,10000,481,0.0,0,0.45,0.5,0.3,0,0.5,10,9.5,10,rrt_20260807_183354_812.png
20260807_183355_575,2026-08-07 18:33:55,True,675,130,18.89999999999999,43,0.45,0.5,0.3,0,0.5,10,9.5,10,rrt_20260807_183355_575.png
20260807_183356_273,2026-08-07 18:33:56,True,731,124,19.27582368821765,44,0.45,0.5,0.3,0,0.5,10,9.5,10,rrt_20260807_183356_273.png
20260807_183356_956,2026-08-07 18:33:56,True,1030,134,18.449999999999996,42,0.45,0.5,0.3,0,0.5,10,9.5,10,rrt_20260807_183356_956.png
20260807_183358_030,2026-08-07 18:33:58,True,1481,187,17.99999999999999,41,0.45,0.5,0.3,0,0.5,10,9.5,10,rrt_20260807_183358_030.png
20260807_183359_158,2026-08-07 18:33:59,True,1802,183,19.349999999999987,44,0.45,0.5,0.3,0,0.5,10,9.5,10,rrt_20260807_183359_158.png
20260807_183404_232,2026-08-07 18:34:04,False,10000,510,0.0,0,0.45,0.5,0.3,0,0.5,10,9.5,10,rrt_20260807_183404_232.png
20260807_183408_947,2026-08-07 18:34:08,False,10000,491,0.0,0,0.45,0.5,0.3,0,0.5,10,9.5,10,rrt_20260807_183408_947.png
20260807_183409_915,2026-08-07 18:34:09,True,1951,198,18.44999999999999,42,0.45,0.5,0.3,0,0.5,10,9.5,10,rrt_20260807_183409_915.png
20260807_183414_572,2026-08-07 18:34:14,False,10000,458,0.0,0,0.45,0.5,0.3,0,0.5,10,9.5,10,rrt_20260807_183414_572.png
20260807_183418_964,2026-08-07 18:34:18,False,10000,438,0.0,0,0.45,0.5,0.3,0,0.5,10,9.5,10,rrt_20260807_183418_964.png
20260807_183419_705,2026-08-07 18:34:19,True,435,111,16.934593789671833,39,0.45,0.5,0.3,0,0.5,10,9.5,10,rrt_20260807_183419_705.png
20260807_183420_839,2026-08-07 18:34:20,True,2645,273,18.449999999999996,42,0.45,0.5,0.3,0,0.5,10,9.5,10,rrt_20260807_183420_839.png
20260807_183424_652,2026-08-07 18:34:24,False,10000,377,0.0,0,0.45,0.5,0.3,0,0.5,10,9.5,10,rrt_20260807_183424_652.png
20260807_183430_117,2026-08-07 18:34:30,False,10000,511,0.0,0,0.45,0.5,0.3,0,0.5,10,9.5,10,rrt_20260807_183430_117.png
20260807_183430_908,2026-08-07 18:34:30,True,469,124,17.999999999999996,41,0.45,0.5,0.3,0,0.5,10,9.5,10,rrt_20260807_183430_908.png
20260807_183434_620,2026-08-07 18:34:34,False,10000,386,0.0,0,0.45,0.5,0.3,0,0.5,10,9.5,10,rrt_20260807_183434_620.png
20260807_183435_578,2026-08-07 18:34:35,True,1910,202,18.899999999999995,43,0.45,0.5,0.3,0,0.5,10,9.5,10,rrt_20260807_183435_578.png
20260807_183436_866,2026-08-07 18:34:36,True,2113,209,20.196033741609288,46,0.45,0.5,0.3,0,0.5,10,9.5,10,rrt_20260807_183436_866.png
20260807_183437_838,2026-08-07 18:34:37,True,2106,212,18.45,42,0.45,0.5,0.3,0,0.5,10,9.5,10,rrt_20260807_183437_838.png
20260807_183442_799,2026-08-07 18:34:42,False,10000,517,0.0,0,0.45,0.5,0.3,0,0.5,10,9.5,10,rrt_20260807_183442_799.png
20260807_183447_751,2026-08-07 18:34:47,False,10000,503,0.0,0,0.45,0.5,0.3,0,0.5,10,9.5,10,rrt_20260807_183447_751.png
20260807_183450_366,2026-08-07 18:34:50,False,10000,205,0.0,0,0.45,0.5,0.3,0,0.5,10,9.5,10,rrt_20260807_183450_366.png
20260807_183451_719,2026-08-07 18:34:51,True,1156,146,17.955045354189586,41,0.45,0.5,0.3,0,0.5,10,9.5,10,rrt_20260807_183451_719.png
20260807_183452_386,2026-08-07 18:34:52,True,589,129,17.549999999999994,40,0.45,0.5,0.3,0,0.5,10,9.5,10,rrt_20260807_183452_386.png
20260807_183453_154,2026-08-07 18:34:53,True,1209,167,18.826022484151743,43,0.45,0.5,0.3,0,0.5,10,9.5,10,rrt_20260807_183453_154.png
20260807_183457_293,2026-08-07 18:34:57,False,10000,425,0.0,0,0.45,0.5,0.3,0,0.5,10,9.5,10,rrt_20260807_183457_293.png
20260807_183458_156,2026-08-07 18:34:58,True,1282,155,18.60024615156207,43,0.45,0.5,0.3,0,0.5,10,9.5,10,rrt_20260807_183458_156.png
20260807_183501_985,2026-08-07 18:35:01,False,10000,369,0.0,0,0.45,0.5,0.3,0,0.5,10,9.5,10,rrt_20260807_183501_985.png
20260807_183506_698,2026-08-07 18:35:06,False,10000,471,0.0,0,0.45,0.5,0.3,0,0.5,10,9.5,10,rrt_20260807_183506_698.png
20260807_183508_379,2026-08-07 18:35:08,True,3959,287,17.69361566610341,41,0.45,0.5,0.3,0,0.5,10,9.5,10,rrt_20260807_183508_379.png
20260807_183509_545,2026-08-07 18:35:09,True,1107,170,19.132953988214627,44,0.45,0.5,0.3,0,0.5,10,9.5,10,rrt_20260807_183509_545.png
20260807_183514_295,2026-08-07 18:35:14,False,10000,465,0.0,0,0.45,0.5,0.3,0,0.5,10,9.5,10,rrt_20260807_183514_295.png
20260807_183518_478,2026-08-07 18:35:18,False,10000,381,0.0,0,0.45,0.5,0.3,0,0.5,10,9.5,10,rrt_20260807_183518_478.png
20260807_183523_579,2026-08-07 18:35:23,False,10000,531,0.0,0,0.45,0.5,0.3,0,0.5,10,9.5,10,rrt_20260807_183523_579.png
20260807_183528_799,2026-08-07 18:35:28,False,10000,535,0.0,0,0.45,0.5,0.3,0,0.5,10,9.5,10,rrt_20260807_183528_799.png
20260807_183533_687,2026-08-07 18:35:33,False,10000,495,0.0,0,0.45,0.5,0.3,0,0.5,10,9.5,10,rrt_20260807_183533_687.png
20260807_183534_542,2026-08-07 18:35:34,True,1066,139,17.200946638036676,40,0.45,0.5,0.3,0,0.5,10,9.5,10,rrt_20260807_183534_542.png
20260807_183535_552,2026-08-07 18:35:35,True,2075,229,18.899999999999995,43,0.45,0.5,0.3,0,0.5,10,9.5,10,rrt_20260807_183535_552.png
20260807_183540_174,2026-08-07 18:35:40,False,10000,493,0.0,0,0.45,0.5,0.3,0,0.5,10,9.5,10,rrt_20260807_183540_174.png
20260807_183545_774,2026-08-07 18:35:45,False,10000,529,0.0,0,0.45,0.5,0.3,0,0.5,10,9.5,10,rrt_20260807_183545_774.png
20260807_183550_237,2026-08-07 18:35:50,False,10000,458,0.0,0,0.45,0.5,0.3,0,0.5,10,9.5,10,rrt_20260807_183550_237.png
20260807_183554_966,2026-08-07 18:35:54,False,10000,497,0.0,0,0.45,0.5,0.3,0,0.5,10,9.5,10,rrt_20260807_183554_966.png
20260807_183555_835,2026-08-07 18:35:55,True,1256,182,18.45,42,0.45,0.5,0.3,0,0.5,10,9.5,10,rrt_20260807_183555_835.png
20260807_183556_575,2026-08-07 18:35:56,True,1009,159,21.14999999999999,48,0.45,0.5,0.3,0,0.5,10,9.5,10,rrt_20260807_183556_575.png
20260807_183600_147,2026-08-07 18:36:00,False,10000,363,0.0,0,0.45,0.5,0.3,0,0.5,10,9.5,10,rrt_20260807_183600_147.png
20260807_183601_752,2026-08-07 18:36:01,True,2351,265,17.923654443848875,41,0.45,0.5,0.3,0,0.5,10,9.5,10,rrt_20260807_183601_752.png
20260807_183602_553,2026-08-07 18:36:02,True,654,116,17.099999999999998,39,0.45,0.5,0.3,0,0.5,10,9.5,10,rrt_20260807_183602_553.png
20260807_183607_494,2026-08-07 18:36:07,False,10000,522,0.0,0,0.45,0.5,0.3,0,0.5,10,9.5,10,rrt_20260807_183607_494.png
20260807_183612_700,2026-08-07 18:36:12,False,10000,476,0.0,0,0.45,0.5,0.3,0,0.5,10,9.5,10,rrt_20260807_183612_700.png
20260807_183613_558,2026-08-07 18:36:13,True,1000,158,17.897852551627356,42,0.45,0.5,0.3,0,0.5,10,9.5,10,rrt_20260807_183613_558.png
20260807_183617_309,2026-08-07 18:36:17,False,10000,389,0.0,0,0.45,0.5,0.3,0,0.5,10,9.5,10,rrt_20260807_183617_309.png
20260807_183620_643,2026-08-07 18:36:20,False,10000,340,0.0,0,0.45,0.5,0.3,0,0.5,10,9.5,10,rrt_20260807_183620_643.png
20260807_183625_710,2026-08-07 18:36:25,False,10000,518,0.0,0,0.45,0.5,0.3,0,0.5,10,9.5,10,rrt_20260807_183625_710.png
20260807_183630_703,2026-08-07 18:36:30,False,10000,519,0.0,0,0.45,0.5,0.3,0,0.5,10,9.5,10,rrt_20260807_183630_703.png
20260807_183631_935,2026-08-07 18:36:31,True,2307,262,19.34999999999999,44,0.45,0.5,0.3,0,0.5,10,9.5,10,rrt_20260807_183631_935.png
20260807_183636_829,2026-08-07 18:36:36,False,10000,491,0.0,0,0.45,0.5,0.3,0,0.5,10,9.5,10,rrt_20260807_183636_829.png
20260807_183638_163,2026-08-07 18:36:38,True,2509,265,18.881443162677506,43,0.45,0.5,0.3,0,0.5,10,9.5,10,rrt_20260807_183638_163.png
20260807_183643_287,2026-08-07 18:36:43,False,10000,508,0.0,0,0.45,0.5,0.3,0,0.5,10,9.5,10,rrt_20260807_183643_287.png
20260807_183648_560,2026-08-07 18:36:48,False,10000,540,0.0,0,0.45,0.5,0.3,0,0.5,10,9.5,10,rrt_20260807_183648_560.png
20260807_183649_463,2026-08-07 18:36:49,True,1009,153,17.549999999999986,40,0.45,0.5,0.3,0,0.5,10,9.5,10,rrt_20260807_183649_463.png
20260807_183650_134,2026-08-07 18:36:50,True,751,124,18.3559555569411,42,0.45,0.5,0.3,0,0.5,10,9.5,10,rrt_20260807_183650_134.png
20260807_183651_142,2026-08-07 18:36:51,True,927,141,17.866311391242583,41,0.45,0.5,0.3,0,0.5,10,9.5,10,rrt_20260807_183651_142.png
20260807_183656_010,2026-08-07 18:36:56,False,10000,506,0.0,0,0.45,0.5,0.3,0,0.5,10,9.5,10,rrt_20260807_183656_010.png
20260807_183700_659,2026-08-07 18:37:00,False,10000,457,0.0,0,0.45,0.5,0.3,0,0.5,10,9.5,10,rrt_20260807_183700_659.png
20260807_183705_435,2026-08-07 18:37:05,False,10000,490,0.0,0,0.45,0.5,0.3,0,0.5,10,9.5,10,rrt_20260807_183705_435.png
20260807_183706_315,2026-08-07 18:37:06,True,473,102,17.1,39,0.45,0.6,0.3,0,0.5,10,9.5,10,rrt_20260807_183706_315.png
20260807_183707_444,2026-08-07 18:37:07,True,1275,239,18.518399345552034,43,0.45,0.6,0.3,0,0.5,10,9.5,10,rrt_20260807_183707_444.png
20260807_183708_276,2026-08-07 18:37:08,True,1119,185,19.349999999999987,44,0.45,0.6,0.3,0,0.5,10,9.5,10,rrt_20260807_183708_276.png
20260807_183712_074,2026-08-07 18:37:12,False,10000,386,0.0,0,0.45,0.6,0.3,0,0.5,10,9.5,10,rrt_20260807_183712_074.png
20260807_183712_841,2026-08-07 18:37:12,True,680,144,17.49374556059588,40,0.45,0.6,0.3,0,0.5,10,9.5,10,rrt_20260807_183712_841.png
20260807_183713_936,2026-08-07 18:37:13,True,2056,244,17.09403738378834,39,0.45,0.6,0.3,0,0.5,10,9.5,10,rrt_20260807_183713_936.png
20260807_183717_587,2026-08-07 18:37:17,False,10000,380,0.0,0,0.45,0.6,0.3,0,0.5,10,9.5,10,rrt_20260807_183717_587.png
20260807_183722_582,2026-08-07 18:37:22,False,10000,514,0.0,0,0.45,0.6,0.3,0,0.5,10,9.5,10,rrt_20260807_183722_582.png
20260807_183727_702,2026-08-07 18:37:27,False,10000,524,0.0,0,0.45,0.6,0.3,0,0.5,10,9.5,10,rrt_20260807_183727_702.png
20260807_183728_505,2026-08-07 18:37:28,True,770,101,17.426193177694024,40,0.45,0.6,0.3,0,0.5,10,9.5,10,rrt_20260807_183728_505.png
20260807_183733_945,2026-08-07 18:37:33,False,10000,528,0.0,0,0.45,0.6,0.3,0,0.5,10,9.5,10,rrt_20260807_183733_945.png
20260807_183739_646,2026-08-07 18:37:39,False,10000,575,0.0,0,0.45,0.6,0.3,0,0.5,10,9.5,10,rrt_20260807_183739_646.png
20260807_183740_467,2026-08-07 18:37:40,True,587,132,17.99999999999999,41,0.45,0.6,0.3,0,0.5,10,9.5,10,rrt_20260807_183740_467.png
20260807_183741_110,2026-08-07 18:37:41,True,473,130,17.100000000000005,39,0.45,0.6,0.3,0,0.5,10,9.5,10,rrt_20260807_183741_110.png
20260807_183741_802,2026-08-07 18:37:41,True,734,157,18.89999999999999,43,0.45,0.6,0.3,0,0.5,10,9.5,10,rrt_20260807_183741_802.png
20260807_183745_726,2026-08-07 18:37:45,False,10000,395,0.0,0,0.45,0.6,0.3,0,0.5,10,9.5,10,rrt_20260807_183745_726.png
20260807_183750_863,2026-08-07 18:37:50,False,10000,549,0.0,0,0.45,0.6,0.3,0,0.5,10,9.5,10,rrt_20260807_183750_863.png
20260807_183756_664,2026-08-07 18:37:56,False,10000,591,0.0,0,0.45,0.6,0.3,0,0.5,10,9.5,10,rrt_20260807_183756_664.png
20260807_183757_996,2026-08-07 18:37:57,True,2922,264,19.349999999999994,44,0.45,0.6,0.3,0,0.5,10,9.5,10,rrt_20260807_183757_996.png
20260807_183803_286,2026-08-07 18:38:03,False,10000,567,0.0,0,0.45,0.6,0.3,0,0.5,10,9.5,10,rrt_20260807_183803_286.png
20260807_183808_360,2026-08-07 18:38:08,False,10000,534,0.0,0,0.45,0.6,0.3,0,0.5,10,9.5,10,rrt_20260807_183808_360.png
20260807_183814_037,2026-08-07 18:38:14,False,10000,590,0.0,0,0.45,0.6,0.3,0,0.5,10,9.5,10,rrt_20260807_183814_037.png
20260807_183816_630,2026-08-07 18:38:16,False,10000,212,0.0,0,0.45,0.6,0.3,0,0.5,10,9.5,10,rrt_20260807_183816_630.png
20260807_183822_420,2026-08-07 18:38:22,False,10000,631,0.0,0,0.45,0.6,0.3,0,0.5,10,9.5,10,rrt_20260807_183822_420.png
20260807_183823_414,2026-08-07 18:38:23,True,1231,220,17.129002581900735,40,0.45,0.6,0.3,0,0.5,10,9.5,10,rrt_20260807_183823_414.png
20260807_183828_705,2026-08-07 18:38:28,False,10000,541,0.0,0,0.45,0.6,0.3,0,0.5,10,9.5,10,rrt_20260807_183828_705.png
20260807_183832_999,2026-08-07 18:38:32,False,10000,433,0.0,0,0.45,0.6,0.3,0,0.5,10,9.5,10,rrt_20260807_183832_999.png
20260807_183838_651,2026-08-07 18:38:38,False,10000,593,0.0,0,0.45,0.6,0.3,0,0.5,10,9.5,10,rrt_20260807_183838_651.png
20260807_183844_226,2026-08-07 18:38:44,False,10000,574,0.0,0,0.45,0.6,0.3,0,0.5,10,9.5,10,rrt_20260807_183844_226.png
20260807_183849_096,2026-08-07 18:38:49,False,10000,523,0.0,0,0.45,0.6,0.3,0,0.5,10,9.5,10,rrt_20260807_183849_096.png
20260807_183854_069,2026-08-07 18:38:54,False,10000,521,0.0,0,0.45,0.6,0.3,0,0.5,10,9.5,10,rrt_20260807_183854_069.png
20260807_183854_915,2026-08-07 18:38:54,True,995,165,17.958276146184485,41,0.45,0.6,0.3,0,0.5,10,9.5,10,rrt_20260807_183854_915.png
20260807_183855_628,2026-08-07 18:38:55,True,620,160,17.550000000000004,40,0.45,0.6,0.3,0,0.5,10,9.5,10,rrt_20260807_183855_628.png
20260807_183900_625,2026-08-07 18:39:00,False,10000,518,0.0,0,0.45,0.6,0.3,0,0.5,10,9.5,10,rrt_20260807_183900_625.png
20260807_183906_051,2026-08-07 18:39:06,False,10000,583,0.0,0,0.45,0.6,0.3,0,0.5,10,9.5,10,rrt_20260807_183906_051.png
20260807_183907_174,2026-08-07 18:39:07,True,690,174,17.93055344789443,41,0.45,0.6,0.3,0,0.5,10,9.5,10,rrt_20260807_183907_174.png
20260807_183908_241,2026-08-07 18:39:08,True,1187,207,18.86158805261183,43,0.45,0.6,0.3,0,0.5,10,9.5,10,rrt_20260807_183908_241.png
20260807_183910_633,2026-08-07 18:39:10,False,10000,212,0.0,0,0.45,0.6,0.3,0,0.5,10,9.5,10,rrt_20260807_183910_633.png
20260807_183916_002,2026-08-07 18:39:16,False,10000,570,0.0,0,0.45,0.6,0.3,0,0.5,10,9.5,10,rrt_20260807_183916_002.png
20260807_183916_876,2026-08-07 18:39:16,True,728,140,17.549999999999994,40,0.45,0.6,0.3,0,0.5,10,9.5,10,rrt_20260807_183916_876.png
20260807_183917_869,2026-08-07 18:39:17,True,1136,206,18.89999999999999,43,0.45,0.6,0.3,0,0.5,10,9.5,10,rrt_20260807_183917_869.png
20260807_183923_268,2026-08-07 18:39:23,False,10000,596,0.0,0,0.45,0.6,0.3,0,0.5,10,9.5,10,rrt_20260807_183923_268.png
20260807_183924_141,2026-08-07 18:39:24,True,912,172,17.549999999999997,40,0.45,0.6,0.3,0,0.5,10,9.5,10,rrt_20260807_183924_141.png
20260807_183925_079,2026-08-07 18:39:25,True,1596,239,18.515920930634334,43,0.45,0.6,0.3,0,0.5,10,9.5,10,rrt_20260807_183925_079.png
20260807_183930_333,2026-08-07 18:39:30,False,10000,585,0.0,0,0.45,0.6,0.3,0,0.5,10,9.5,10,rrt_20260807_183930_333.png
20260807_183936_323,2026-08-07 18:39:36,False,10000,597,0.0,0,0.45,0.6,0.3,0,0.5,10,9.5,10,rrt_20260807_183936_323.png
20260807_183937_232,2026-08-07 18:39:37,True,1024,193,18.382405029485156,42,0.45,0.6,0.3,0,0.5,10,9.5,10,rrt_20260807_183937_232.png
20260807_183937_912,2026-08-07 18:39:37,True,684,128,17.44941902178008,40,0.45,0.6,0.3,0,0.5,10,9.5,10,rrt_20260807_183937_912.png
20260807_183938_646,2026-08-07 18:39:38,True,1006,186,17.54999999999999,40,0.45,0.6,0.3,0,0.5,10,9.5,10,rrt_20260807_183938_646.png
20260807_183939_351,2026-08-07 18:39:39,True,744,167,17.549999999999994,40,0.45,0.6,0.3,0,0.5,10,9.5,10,rrt_20260807_183939_351.png
20260807_183944_816,2026-08-07 18:39:44,False,10000,596,0.0,0,0.45,0.6,0.3,0,0.5,10,9.5,10,rrt_20260807_183944_816.png
20260807_183945_644,2026-08-07 18:39:45,True,805,176,18.306186517619345,42,0.45,0.6,0.3,0,0.5,10,9.5,10,rrt_20260807_183945_644.png
20260807_183950_939,2026-08-07 18:39:50,False,10000,568,0.0,0,0.45,0.6,0.3,0,0.5,10,9.5,10,rrt_20260807_183950_939.png
20260807_183956_200,2026-08-07 18:39:56,False,10000,522,0.0,0,0.45,0.6,0.3,0,0.5,10,9.5,10,rrt_20260807_183956_200.png
20260807_184002_012,2026-08-07 18:40:02,False,10000,582,0.0,0,0.45,0.6,0.3,0,0.5,10,9.5,10,rrt_20260807_184002_012.png
20260807_184002_992,2026-08-07 18:40:02,True,834,178,17.119633200435146,40,0.45,0.6,0.3,0,0.5,10,9.5,10,rrt_20260807_184002_992.png
20260807_184006_879,2026-08-07 18:40:06,False,10000,413,0.0,0,0.45,0.6,0.3,0,0.5,10,9.5,10,rrt_20260807_184006_879.png
20260807_184007_663,2026-08-07 18:40:07,True,782,152,17.500733054338344,40,0.45,0.6,0.3,0,0.5,10,9.5,10,rrt_20260807_184007_663.png
20260807_184012_190,2026-08-07 18:40:12,False,10000,472,0.0,0,0.45,0.6,0.3,0,0.5,10,9.5,10,rrt_20260807_184012_190.png
20260807_184013_213,2026-08-07 18:40:13,True,1555,210,19.34999999999999,44,0.45,0.6,0.3,0,0.5,10,9.5,10,rrt_20260807_184013_213.png
20260807_184013_981,2026-08-07 18:40:13,True,403,118,18.449999999999996,42,0.45,0.6,0.3,0,0.5,10,9.5,10,rrt_20260807_184013_981.png
20260807_184014_758,2026-08-07 18:40:14,True,1061,220,18.449999999999996,42,0.45,0.6,0.3,0,0.5,10,9.5,10,rrt_20260807_184014_758.png
20260807_184015_714,2026-08-07 18:40:15,True,1954,219,19.79999999999999,45,0.45,0.6,0.3,0,0.5,10,9.5,10,rrt_20260807_184015_714.png
20260807_184016_894,2026-08-07 18:40:16,True,1051,186,17.099999999999994,39,0.45,0.6,0.3,0,0.5,10,9.5,10,rrt_20260807_184016_894.png
20260807_184021_635,2026-08-07 18:40:21,False,10000,520,0.0,0,0.45,0.6,0.3,0,0.5,10,9.5,10,rrt_20260807_184021_635.png
20260807_184026_593,2026-08-07 18:40:26,False,10000,492,0.0,0,0.45,0.6,0.3,0,0.5,10,9.5,10,rrt_20260807_184026_593.png
20260807_184027_375,2026-08-07 18:40:27,True,545,141,16.868546660760153,39,0.45,0.6,0.3,0,0.5,10,9.5,10,rrt_20260807_184027_375.png
20260807_184032_187,2026-08-07 18:40:32,False,10000,527,0.0,0,0.45,0.6,0.3,0,0.5,10,9.5,10,rrt_20260807_184032_187.png
20260807_184032_948,2026-08-07 18:40:32,True,515,101,17.999999999999993,41,0.45,0.6,0.3,0,0.5,10,9.5,10,rrt_20260807_184032_948.png
20260807_184033_936,2026-08-07 18:40:33,True,903,174,18.442632427613745,42,0.45,0.6,0.3,0,0.5,10,9.5,10,rrt_20260807_184033_936.png
20260807_184039_253,2026-08-07 18:40:39,False,10000,576,0.0,0,0.45,0.6,0.3,0,0.5,10,9.5,10,rrt_20260807_184039_253.png
20260807_184040_231,2026-08-07 18:40:40,True,1107,190,17.55,40,0.45,0.6,0.3,0,0.5,10,9.5,10,rrt_20260807_184040_231.png
20260807_184044_479,2026-08-07 18:40:44,False,10000,415,0.0,0,0.45,0.6,0.3,0,0.5,10,9.5,10,rrt_20260807_184044_479.png
20260807_184048_521,2026-08-07 18:40:48,False,10000,417,0.0,0,0.45,0.6,0.3,0,0.5,10,9.5,10,rrt_20260807_184048_521.png
20260807_184053_508,2026-08-07 18:40:53,False,10000,529,0.0,0,0.45,0.6,0.3,0,0.5,10,9.5,10,rrt_20260807_184053_508.png
20260807_184054_390,2026-08-07 18:40:54,True,1221,185,18.79526774062633,43,0.45,0.6,0.3,0,0.5,10,9.5,10,rrt_20260807_184054_390.png
20260807_184059_237,2026-08-07 18:40:59,False,10000,521,0.0,0,0.45,0.6,0.3,0,0.5,10,9.5,10,rrt_20260807_184059_237.png
20260807_184100_101,2026-08-07 18:41:00,True,806,153,18.450000000000003,42,0.45,0.6,0.3,0,0.5,10,9.5,10,rrt_20260807_184100_101.png
20260807_184101_268,2026-08-07 18:41:01,True,2366,279,18.89999999999999,43,0.45,0.6,0.3,0,0.5,10,9.5,10,rrt_20260807_184101_268.png
20260807_184105_850,2026-08-07 18:41:05,False,10000,529,0.0,0,0.45,0.6,0.3,0,0.5,10,9.5,10,rrt_20260807_184105_850.png
20260807_184110_819,2026-08-07 18:41:10,False,10000,548,0.0,0,0.45,0.6,0.3,0,0.5,10,9.5,10,rrt_20260807_184110_819.png
20260807_184112_034,2026-08-07 18:41:12,True,607,107,17.532720384012457,40,0.45,0.6,0.3,0,0.5,10,9.5,10,rrt_20260807_184112_034.png
20260807_184112_749,2026-08-07 18:41:12,True,652,163,17.1,39,0.45,0.6,0.3,0,0.5,10,9.5,10,rrt_20260807_184112_749.png
20260807_184113_461,2026-08-07 18:41:13,True,525,137,17.54999999999999,40,0.45,0.6,0.3,0,0.5,10,9.5,10,rrt_20260807_184113_461.png
20260807_184114_503,2026-08-07 18:41:14,True,938,190,18.444509920928468,42,0.45,0.6,0.3,0,0.5,10,9.5,10,rrt_20260807_184114_503.png
20260807_184115_263,2026-08-07 18:41:15,True,767,136,18.89999999999999,43,0.45,0.6,0.3,0,0.5,10,9.5,10,rrt_20260807_184115_263.png
20260807_184120_267,2026-08-07 18:41:20,False,10000,566,0.0,0,0.45,0.6,0.3,0,0.5,10,9.5,10,rrt_20260807_184120_267.png
20260807_184121_077,2026-08-07 18:41:21,True,766,150,17.999999999999993,41,0.45,0.6,0.3,0,0.5,10,9.5,10,rrt_20260807_184121_077.png
20260807_184125_072,2026-08-07 18:41:25,False,10000,444,0.0,0,0.45,0.6,0.3,0,0.5,10,9.5,10,rrt_20260807_184125_072.png
20260807_184125_884,2026-08-07 18:41:25,True,983,144,20.24999999999999,46,0.45,0.6,0.3,0,0.5,10,9.5,10,rrt_20260807_184125_884.png
20260807_184127_006,2026-08-07 18:41:27,True,495,103,18.9,43,0.45,0.6,0.3,0,0.5,10,9.5,10,rrt_20260807_184127_006.png
20260807_184128_668,2026-08-07 18:41:28,True,3832,322,19.349999999999998,44,0.45,0.6,0.3,0,0.5,10,9.5,10,rrt_20260807_184128_668.png
20260807_184129_464,2026-08-07 18:41:29,True,972,184,18.899999999999988,43,0.45,0.6,0.3,0,0.5,10,9.5,10,rrt_20260807_184129_464.png
20260807_184130_257,2026-08-07 18:41:30,True,806,134,18.899999999999988,43,0.45,0.6,0.3,0,0.5,10,9.5,10,rrt_20260807_184130_257.png
20260807_184131_048,2026-08-07 18:41:31,True,1354,193,18.314451482623873,42,0.45,0.6,0.3,0,0.5,10,9.5,10,rrt_20260807_184131_048.png
20260807_184136_106,2026-08-07 18:41:36,False,10000,564,0.0,0,0.45,0.6,0.3,0,0.5,10,9.5,10,rrt_20260807_184136_106.png
20260807_184141_609,2026-08-07 18:41:41,False,10000,571,0.0,0,0.45,0.6,0.3,0,0.5,10,9.5,10,rrt_20260807_184141_609.png
20260807_184142_536,2026-08-07 18:41:42,True,1486,174,17.099999999999994,39,0.45,0.6,0.3,0,0.5,10,9.5,10,rrt_20260807_184142_536.png
20260807_184145_414,2026-08-07 18:41:45,False,10000,203,0.0,0,0.45,0.6,0.3,0,0.5,10,9.5,10,rrt_20260807_184145_414.png
20260807_184146_676,2026-08-07 18:41:46,True,1599,243,17.999999999999996,41,0.45,0.6,0.3,0,0.5,10,9.5,10,rrt_20260807_184146_676.png
20260807_184147_389,2026-08-07 18:41:47,True,818,174,18.449999999999992,42,0.45,0.7,0.3,0,0.5,10,9.5,10,rrt_20260807_184147_389.png
20260807_184153_315,2026-08-07 18:41:53,False,10000,645,0.0,0,0.45,0.7,0.3,0,0.5,10,9.5,10,rrt_20260807_184153_315.png
20260807_184154_198,2026-08-07 18:41:54,True,701,191,17.08311578217295,39,0.45,0.7,0.3,0,0.5,10,9.5,10,rrt_20260807_184154_198.png
20260807_184158_615,2026-08-07 18:41:58,False,10000,467,0.0,0,0.45,0.7,0.3,0,0.5,10,9.5,10,rrt_20260807_184158_615.png
20260807_184204_013,2026-08-07 18:42:04,False,10000,598,0.0,0,0.45,0.7,0.3,0,0.5,10,9.5,10,rrt_20260807_184204_013.png
20260807_184209_378,2026-08-07 18:42:09,False,10000,618,0.0,0,0.45,0.7,0.3,0,0.5,10,9.5,10,rrt_20260807_184209_378.png
20260807_184215_522,2026-08-07 18:42:15,False,10000,675,0.0,0,0.45,0.7,0.3,0,0.5,10,9.5,10,rrt_20260807_184215_522.png
20260807_184216_834,2026-08-07 18:42:16,True,691,190,17.865635270301244,41,0.45,0.7,0.3,0,0.5,10,9.5,10,rrt_20260807_184216_834.png
20260807_184217_837,2026-08-07 18:42:17,True,892,200,17.210990857854082,40,0.45,0.7,0.3,0,0.5,10,9.5,10,rrt_20260807_184217_837.png
20260807_184222_850,2026-08-07 18:42:22,False,10000,531,0.0,0,0.45,0.7,0.3,0,0.5,10,9.5,10,rrt_20260807_184222_850.png
20260807_184228_906,2026-08-07 18:42:28,False,10000,648,0.0,0,0.45,0.7,0.3,0,0.5,10,9.5,10,rrt_20260807_184228_906.png
20260807_184229_677,2026-08-07 18:42:29,True,358,102,16.650000000000002,38,0.45,0.7,0.3,0,0.5,10,9.5,10,rrt_20260807_184229_677.png
20260807_184231_114,2026-08-07 18:42:31,True,2978,322,19.79999999999999,45,0.45,0.7,0.3,0,0.5,10,9.5,10,rrt_20260807_184231_114.png
20260807_184232_192,2026-08-07 18:42:32,True,628,144,17.099999999999998,39,0.45,0.7,0.3,0,0.5,10,9.5,10,rrt_20260807_184232_192.png
20260807_184232_941,2026-08-07 18:42:32,True,931,162,18.177126853329746,42,0.45,0.7,0.3,0,0.5,10,9.5,10,rrt_20260807_184232_941.png
20260807_184238_728,2026-08-07 18:42:38,False,10000,640,0.0,0,0.45,0.7,0.3,0,0.5,10,9.5,10,rrt_20260807_184238_728.png
20260807_184240_141,2026-08-07 18:42:40,True,1540,266,18.41883923207019,42,0.45,0.7,0.3,0,0.5,10,9.5,10,rrt_20260807_184240_141.png
20260807_184241_003,2026-08-07 18:42:41,True,1382,205,29.435821369952595,67,0.45,0.7,0.3,0,0.5,10,9.5,10,rrt_20260807_184241_003.png
20260807_184246_302,2026-08-07 18:42:46,False,10000,567,0.0,0,0.45,0.7,0.3,0,0.5,10,9.5,10,rrt_20260807_184246_302.png
20260807_184249_130,2026-08-07 18:42:49,False,10000,254,0.0,0,0.45,0.7,0.3,0,0.5,10,9.5,10,rrt_20260807_184249_130.png
20260807_184254_248,2026-08-07 18:42:54,False,10000,550,0.0,0,0.45,0.7,0.3,0,0.5,10,9.5,10,rrt_20260807_184254_248.png
20260807_184255_128,2026-08-07 18:42:55,True,880,173,18.89999999999999,43,0.45,0.7,0.3,0,0.5,10,9.5,10,rrt_20260807_184255_128.png
20260807_184300_831,2026-08-07 18:43:00,False,10000,633,0.0,0,0.45,0.7,0.3,0,0.5,10,9.5,10,rrt_20260807_184300_831.png
20260807_184301_729,2026-08-07 18:43:01,True,947,219,18.449999999999992,42,0.45,0.7,0.3,0,0.5,10,9.5,10,rrt_20260807_184301_729.png
20260807_184307_044,2026-08-07 18:43:07,False,10000,588,0.0,0,0.45,0.7,0.3,0,0.5,10,9.5,10,rrt_20260807_184307_044.png
20260807_184311_141,2026-08-07 18:43:11,False,10000,363,0.0,0,0.45,0.7,0.3,0,0.5,10,9.5,10,rrt_20260807_184311_141.png
20260807_184312_153,2026-08-07 18:43:12,True,676,155,17.038431506767502,39,0.45,0.7,0.3,0,0.5,10,9.5,10,rrt_20260807_184312_153.png
20260807_184318_011,2026-08-07 18:43:18,False,10000,632,0.0,0,0.45,0.7,0.3,0,0.5,10,9.5,10,rrt_20260807_184318_011.png
20260807_184324_139,2026-08-07 18:43:24,False,10000,607,0.0,0,0.45,0.7,0.3,0,0.5,10,9.5,10,rrt_20260807_184324_139.png
20260807_184328_411,2026-08-07 18:43:28,False,10000,450,0.0,0,0.45,0.7,0.3,0,0.5,10,9.5,10,rrt_20260807_184328_411.png
20260807_184329_404,2026-08-07 18:43:29,True,1670,197,19.349999999999994,44,0.45,0.7,0.3,0,0.5,10,9.5,10,rrt_20260807_184329_404.png
20260807_184333_465,2026-08-07 18:43:33,False,10000,430,0.0,0,0.45,0.7,0.3,0,0.5,10,9.5,10,rrt_20260807_184333_465.png
20260807_184338_509,2026-08-07 18:43:38,False,10000,560,0.0,0,0.45,0.7,0.3,0,0.5,10,9.5,10,rrt_20260807_184338_509.png
20260807_184339_351,2026-08-07 18:43:39,True,919,203,18.15914619492727,42,0.45,0.7,0.3,0,0.5,10,9.5,10,rrt_20260807_184339_351.png
20260807_184344_488,2026-08-07 18:43:44,False,10000,523,0.0,0,0.45,0.7,0.3,0,0.5,10,9.5,10,rrt_20260807_184344_488.png
20260807_184345_386,2026-08-07 18:43:45,True,1178,201,17.549999999999997,40,0.45,0.7,0.3,0,0.5,10,9.5,10,rrt_20260807_184345_386.png
20260807_184348_009,2026-08-07 18:43:48,False,10000,250,0.0,0,0.45,0.7,0.3,0,0.5,10,9.5,10,rrt_20260807_184348_009.png
20260807_184348_807,2026-08-07 18:43:48,True,684,181,17.756186296890498,41,0.45,0.7,0.3,0,0.5,10,9.5,10,rrt_20260807_184348_807.png
20260807_184354_502,2026-08-07 18:43:54,False,10000,621,0.0,0,0.45,0.7,0.3,0,0.5,10,9.5,10,rrt_20260807_184354_502.png
20260807_184359_704,2026-08-07 18:43:59,False,10000,601,0.0,0,0.45,0.7,0.3,0,0.5,10,9.5,10,rrt_20260807_184359_704.png
20260807_184405_886,2026-08-07 18:44:05,False,10000,675,0.0,0,0.45,0.7,0.3,0,0.5,10,9.5,10,rrt_20260807_184405_886.png
20260807_184406_695,2026-08-07 18:44:06,True,404,113,18.0,41,0.45,0.7,0.3,0,0.5,10,9.5,10,rrt_20260807_184406_695.png
20260807_184407_363,2026-08-07 18:44:07,True,652,166,17.54999999999999,40,0.45,0.7,0.3,0,0.5,10,9.5,10,rrt_20260807_184407_363.png
20260807_184409_126,2026-08-07 18:44:09,True,2251,296,17.968605916438598,41,0.45,0.7,0.3,0,0.5,10,9.5,10,rrt_20260807_184409_126.png
20260807_184414_905,2026-08-07 18:44:14,False,10000,613,0.0,0,0.45,0.7,0.3,0,0.5,10,9.5,10,rrt_20260807_184414_905.png
20260807_184415_846,2026-08-07 18:44:15,True,304,80,17.999999999999993,41,0.45,0.7,0.3,0,0.5,10,9.5,10,rrt_20260807_184415_846.png
20260807_184416_543,2026-08-07 18:44:16,True,706,152,17.549999999999997,40,0.45,0.7,0.3,0,0.5,10,9.5,10,rrt_20260807_184416_543.png
20260807_184417_460,2026-08-07 18:44:17,True,947,210,20.699999999999996,47,0.45,0.7,0.3,0,0.5,10,9.5,10,rrt_20260807_184417_460.png
20260807_184418_164,2026-08-07 18:44:18,True,671,149,20.23962556440475,46,0.45,0.7,0.3,0,0.5,10,9.5,10,rrt_20260807_184418_164.png
20260807_184424_063,2026-08-07 18:44:24,False,10000,642,0.0,0,0.45,0.7,0.3,0,0.5,10,9.5,10,rrt_20260807_184424_063.png
20260807_184424_922,2026-08-07 18:44:24,True,361,102,17.1,39,0.45,0.7,0.3,0,0.5,10,9.5,10,rrt_20260807_184424_922.png
20260807_184431_260,2026-08-07 18:44:31,False,10000,700,0.0,0,0.45,0.7,0.3,0,0.5,10,9.5,10,rrt_20260807_184431_260.png
20260807_184437_488,2026-08-07 18:44:37,False,10000,658,0.0,0,0.45,0.7,0.3,0,0.5,10,9.5,10,rrt_20260807_184437_488.png
20260807_184438_247,2026-08-07 18:44:38,True,297,112,17.099999999999994,39,0.45,0.7,0.3,0,0.5,10,9.5,10,rrt_20260807_184438_247.png
20260807_184439_045,2026-08-07 18:44:39,True,1419,174,18.900000000000002,43,0.45,0.7,0.3,0,0.5,10,9.5,10,rrt_20260807_184439_045.png
20260807_184439_894,2026-08-07 18:44:39,True,1408,223,17.549999999999994,40,0.45,0.7,0.3,0,0.5,10,9.5,10,rrt_20260807_184439_894.png
20260807_184440_633,2026-08-07 18:44:40,True,778,196,17.999999999999996,41,0.45,0.7,0.3,0,0.5,10,9.5,10,rrt_20260807_184440_633.png
20260807_184441_683,2026-08-07 18:44:41,True,705,159,18.449999999999996,42,0.45,0.7,0.3,0,0.5,10,9.5,10,rrt_20260807_184441_683.png
20260807_184442_646,2026-08-07 18:44:42,True,1234,196,17.999999999999996,41,0.45,0.7,0.3,0,0.5,10,9.5,10,rrt_20260807_184442_646.png
20260807_184443_779,2026-08-07 18:44:43,True,1823,240,21.286101730206717,49,0.45,0.7,0.3,0,0.5,10,9.5,10,rrt_20260807_184443_779.png
20260807_184445_020,2026-08-07 18:44:45,True,1248,197,17.999999999999993,41,0.45,0.7,0.3,0,0.5,10,9.5,10,rrt_20260807_184445_020.png
20260807_184445_684,2026-08-07 18:44:45,True,237,80,17.549999999999994,40,0.45,0.7,0.3,0,0.5,10,9.5,10,rrt_20260807_184445_684.png
20260807_184446_615,2026-08-07 18:44:46,True,1386,254,18.0,41,0.45,0.7,0.3,0,0.5,10,9.5,10,rrt_20260807_184446_615.png
20260807_184451_926,2026-08-07 18:44:51,False,10000,606,0.0,0,0.45,0.7,0.3,0,0.5,10,9.5,10,rrt_20260807_184451_926.png
20260807_184457_782,2026-08-07 18:44:57,False,10000,649,0.0,0,0.45,0.7,0.3,0,0.5,10,9.5,10,rrt_20260807_184457_782.png
20260807_184458_769,2026-08-07 18:44:58,True,980,215,18.45,42,0.45,0.7,0.3,0,0.5,10,9.5,10,rrt_20260807_184458_769.png
20260807_184459_493,2026-08-07 18:44:59,True,567,146,17.999999999999996,41,0.45,0.7,0.3,0,0.5,10,9.5,10,rrt_20260807_184459_493.png
20260807_184505_242,2026-08-07 18:45:05,False,10000,646,0.0,0,0.45,0.7,0.3,0,0.5,10,9.5,10,rrt_20260807_184505_242.png
20260807_184506_109,2026-08-07 18:45:06,True,924,176,17.55,40,0.45,0.7,0.3,0,0.5,10,9.5,10,rrt_20260807_184506_109.png
20260807_184510_370,2026-08-07 18:45:10,False,10000,375,0.0,0,0.45,0.7,0.3,0,0.5,10,9.5,10,rrt_20260807_184510_370.png
20260807_184511_851,2026-08-07 18:45:11,True,2795,326,18.98781637192699,44,0.45,0.7,0.3,0,0.5,10,9.5,10,rrt_20260807_184511_851.png
20260807_184512_587,2026-08-07 18:45:12,True,305,96,17.54999999999999,40,0.45,0.7,0.3,0,0.5,10,9.5,10,rrt_20260807_184512_587.png
20260807_184513_592,2026-08-07 18:45:13,True,795,176,17.55,40,0.45,0.7,0.3,0,0.5,10,9.5,10,rrt_20260807_184513_592.png
20260807_184514_306,2026-08-07 18:45:14,True,449,142,17.457291916429593,40,0.45,0.7,0.3,0,0.5,10,9.5,10,rrt_20260807_184514_306.png
20260807_184514_987,2026-08-07 18:45:14,True,791,141,18.449999999999992,42,0.45,0.7,0.3,0,0.5,10,9.5,10,rrt_20260807_184514_987.png
20260807_184515_715,2026-08-07 18:45:15,True,828,175,18.22504767347539,42,0.45,0.7,0.3,0,0.5,10,9.5,10,rrt_20260807_184515_715.png
20260807_184521_216,2026-08-07 18:45:21,False,10000,601,0.0,0,0.45,0.7,0.3,0,0.5,10,9.5,10,rrt_20260807_184521_216.png
20260807_184524_935,2026-08-07 18:45:24,False,10000,375,0.0,0,0.45,0.7,0.3,0,0.5,10,9.5,10,rrt_20260807_184524_935.png
20260807_184530_540,2026-08-07 18:45:30,False,10000,568,0.0,0,0.45,0.7,0.3,0,0.5,10,9.5,10,rrt_20260807_184530_540.png
20260807_184534_403,2026-08-07 18:45:34,False,10000,404,0.0,0,0.45,0.7,0.3,0,0.5,10,9.5,10,rrt_20260807_184534_403.png
20260807_184535_176,2026-08-07 18:45:35,True,710,164,18.890346132804265,43,0.45,0.7,0.3,0,0.5,10,9.5,10,rrt_20260807_184535_176.png
20260807_184541_430,2026-08-07 18:45:41,False,10000,665,0.0,0,0.45,0.7,0.3,0,0.5,10,9.5,10,rrt_20260807_184541_430.png
20260807_184546_969,2026-08-07 18:45:46,False,10000,601,0.0,0,0.45,0.7,0.3,0,0.5,10,9.5,10,rrt_20260807_184546_969.png
20260807_184547_815,2026-08-07 18:45:47,True,560,169,16.596466493356132,38,0.45,0.7,0.3,0,0.5,10,9.5,10,rrt_20260807_184547_815.png
20260807_184548_517,2026-08-07 18:45:48,True,870,155,20.249999999999996,46,0.45,0.7,0.3,0,0.5,10,9.5,10,rrt_20260807_184548_517.png
20260807_184549_193,2026-08-07 18:45:49,True,646,116,17.099999999999994,39,0.45,0.7,0.3,0,0.5,10,9.5,10,rrt_20260807_184549_193.png
20260807_184554_961,2026-08-07 18:45:54,False,10000,621,0.0,0,0.45,0.7,0.3,0,0.5,10,9.5,10,rrt_20260807_184554_961.png
20260807_184556_134,2026-08-07 18:45:56,True,598,145,19.34999999999999,44,0.45,0.7,0.3,0,0.5,10,9.5,10,rrt_20260807_184556_134.png
20260807_184556_917,2026-08-07 18:45:56,True,1153,197,18.449999999999996,42,0.45,0.7,0.3,0,0.5,10,9.5,10,rrt_20260807_184556_917.png
20260807_184557_670,2026-08-07 18:45:57,True,1088,171,18.449999999999996,42,0.45,0.7,0.3,0,0.5,10,9.5,10,rrt_20260807_184557_670.png
20260807_184558_457,2026-08-07 18:45:58,True,781,205,18.223742203595688,42,0.45,0.7,0.3,0,0.5,10,9.5,10,rrt_20260807_184558_457.png
20260807_184604_298,2026-08-07 18:46:04,False,10000,676,0.0,0,0.45,0.7,0.3,0,0.5,10,9.5,10,rrt_20260807_184604_298.png
20260807_184605_332,2026-08-07 18:46:05,True,976,194,17.549999999999994,40,0.45,0.7,0.3,0,0.5,10,9.5,10,rrt_20260807_184605_332.png
20260807_184611_197,2026-08-07 18:46:11,False,10000,643,0.0,0,0.45,0.7,0.3,0,0.5,10,9.5,10,rrt_20260807_184611_197.png
20260807_184612_001,2026-08-07 18:46:12,True,522,164,17.995121544208143,41,0.45,0.7,0.3,0,0.5,10,9.5,10,rrt_20260807_184612_001.png
20260807_184617_691,2026-08-07 18:46:17,False,10000,613,0.0,0,0.45,0.7,0.3,0,0.5,10,9.5,10,rrt_20260807_184617_691.png
20260807_184618_967,2026-08-07 18:46:18,True,755,146,17.887682944957483,41,0.45,0.7,0.3,0,0.5,10,9.5,10,rrt_20260807_184618_967.png
20260807_184619_678,2026-08-07 18:46:19,True,488,139,17.099999999999987,39,0.45,0.7,0.3,0,0.5,10,9.5,10,rrt_20260807_184619_678.png
20260807_184624_817,2026-08-07 18:46:24,False,10000,583,0.0,0,0.45,0.7,0.3,0,0.5,10,9.5,10,rrt_20260807_184624_817.png
20260807_184625_873,2026-08-07 18:46:25,True,591,164,17.099999999999998,39,0.45,0.7,0.3,0,0.5,10,9.5,10,rrt_20260807_184625_873.png
20260807_184627_005,2026-08-07 18:46:27,True,1839,274,17.549999999999997,40,0.45,0.8,0.3,0,0.5,10,9.5,10,rrt_20260807_184627_005.png
20260807_184632_697,2026-08-07 18:46:32,False,10000,656,0.0,0,0.45,0.8,0.3,0,0.5,10,9.5,10,rrt_20260807_184632_697.png
20260807_184633_586,2026-08-07 18:46:33,True,694,185,17.549999999999997,40,0.45,0.8,0.3,0,0.5,10,9.5,10,rrt_20260807_184633_586.png
20260807_184634_328,2026-08-07 18:46:34,True,792,198,18.449999999999992,42,0.45,0.8,0.3,0,0.5,10,9.5,10,rrt_20260807_184634_328.png
20260807_184638_603,2026-08-07 18:46:38,False,10000,432,0.0,0,0.45,0.8,0.3,0,0.5,10,9.5,10,rrt_20260807_184638_603.png
20260807_184639_758,2026-08-07 18:46:39,True,264,116,16.649999999999995,38,0.45,0.8,0.3,0,0.5,10,9.5,10,rrt_20260807_184639_758.png
20260807_184646_105,2026-08-07 18:46:46,False,10000,739,0.0,0,0.45,0.8,0.3,0,0.5,10,9.5,10,rrt_20260807_184646_105.png
20260807_184647_060,2026-08-07 18:46:47,True,1199,178,20.24999999999999,46,0.45,0.8,0.3,0,0.5,10,9.5,10,rrt_20260807_184647_060.png
20260807_184653_403,2026-08-07 18:46:53,False,10000,748,0.0,0,0.45,0.8,0.3,0,0.5,10,9.5,10,rrt_20260807_184653_403.png
20260807_184658_501,2026-08-07 18:46:58,False,10000,542,0.0,0,0.45,0.8,0.3,0,0.5,10,9.5,10,rrt_20260807_184658_501.png
20260807_184659_323,2026-08-07 18:46:59,True,742,210,18.89999999999999,43,0.45,0.8,0.3,0,0.5,10,9.5,10,rrt_20260807_184659_323.png
20260807_184700_115,2026-08-07 18:47:00,True,1085,181,18.364277523506352,42,0.45,0.8,0.3,0,0.5,10,9.5,10,rrt_20260807_184700_115.png
20260807_184700_900,2026-08-07 18:47:00,True,1064,212,18.45,42,0.45,0.8,0.3,0,0.5,10,9.5,10,rrt_20260807_184700_900.png
20260807_184706_188,2026-08-07 18:47:06,False,10000,597,0.0,0,0.45,0.8,0.3,0,0.5,10,9.5,10,rrt_20260807_184706_188.png
20260807_184707_662,2026-08-07 18:47:07,True,1777,250,19.74388931083427,45,0.45,0.8,0.3,0,0.5,10,9.5,10,rrt_20260807_184707_662.png
20260807_184713_723,2026-08-07 18:47:13,False,10000,686,0.0,0,0.45,0.8,0.3,0,0.5,10,9.5,10,rrt_20260807_184713_723.png
20260807_184715_082,2026-08-07 18:47:15,True,1113,234,17.10000000000001,39,0.45,0.8,0.3,0,0.5,10,9.5,10,rrt_20260807_184715_082.png
20260807_184715_858,2026-08-07 18:47:15,True,974,211,18.0,41,0.45,0.8,0.3,0,0.5,10,9.5,10,rrt_20260807_184715_858.png
20260807_184719_810,2026-08-07 18:47:19,False,10000,413,0.0,0,0.45,0.8,0.3,0,0.5,10,9.5,10,rrt_20260807_184719_810.png
20260807_184726_489,2026-08-07 18:47:26,False,10000,752,0.0,0,0.45,0.8,0.3,0,0.5,10,9.5,10,rrt_20260807_184726_489.png
20260807_184731_006,2026-08-07 18:47:31,False,10000,471,0.0,0,0.45,0.8,0.3,0,0.5,10,9.5,10,rrt_20260807_184731_006.png
20260807_184735_762,2026-08-07 18:47:35,False,10000,500,0.0,0,0.45,0.8,0.3,0,0.5,10,9.5,10,rrt_20260807_184735_762.png
20260807_184736_559,2026-08-07 18:47:36,True,468,134,18.899999999999995,43,0.45,0.8,0.3,0,0.5,10,9.5,10,rrt_20260807_184736_559.png
20260807_184737_686,2026-08-07 18:47:37,True,1168,195,19.701122683235784,45,0.45,0.8,0.3,0,0.5,10,9.5,10,rrt_20260807_184737_686.png
20260807_184738_325,2026-08-07 18:47:38,True,261,95,16.59750659755127,38,0.45,0.8,0.3,0,0.5,10,9.5,10,rrt_20260807_184738_325.png
20260807_184744_772,2026-08-07 18:47:44,False,10000,735,0.0,0,0.45,0.8,0.3,0,0.5,10,9.5,10,rrt_20260807_184744_772.png
20260807_184751_115,2026-08-07 18:47:51,False,10000,690,0.0,0,0.45,0.8,0.3,0,0.5,10,9.5,10,rrt_20260807_184751_115.png
20260807_184757_862,2026-08-07 18:47:57,False,10000,748,0.0,0,0.45,0.8,0.3,0,0.5,10,9.5,10,rrt_20260807_184757_862.png
20260807_184758_670,2026-08-07 18:47:58,True,236,103,16.632038509513745,38,0.45,0.8,0.3,0,0.5,10,9.5,10,rrt_20260807_184758_670.png
20260807_184803_307,2026-08-07 18:48:03,False,10000,521,0.0,0,0.45,0.8,0.3,0,0.5,10,9.5,10,rrt_20260807_184803_307.png
20260807_184804_367,2026-08-07 18:48:04,True,483,153,17.099999999999994,39,0.45,0.8,0.3,0,0.5,10,9.5,10,rrt_20260807_184804_367.png
20260807_184805_539,2026-08-07 18:48:05,True,1185,230,21.59999999999999,49,0.45,0.8,0.3,0,0.5,10,9.5,10,rrt_20260807_184805_539.png
20260807_184806_212,2026-08-07 18:48:06,True,377,155,18.21936721087077,42,0.45,0.8,0.3,0,0.5,10,9.5,10,rrt_20260807_184806_212.png
20260807_184812_337,2026-08-07 18:48:12,False,10000,706,0.0,0,0.45,0.8,0.3,0,0.5,10,9.5,10,rrt_20260807_184812_337.png
20260807_184813_235,2026-08-07 18:48:13,True,891,194,17.494430736334483,40,0.45,0.8,0.3,0,0.5,10,9.5,10,rrt_20260807_184813_235.png
20260807_184819_614,2026-08-07 18:48:19,False,10000,719,0.0,0,0.45,0.8,0.3,0,0.5,10,9.5,10,rrt_20260807_184819_614.png
20260807_184825_720,2026-08-07 18:48:25,False,10000,653,0.0,0,0.45,0.8,0.3,0,0.5,10,9.5,10,rrt_20260807_184825_720.png
20260807_184826_592,2026-08-07 18:48:26,True,599,163,17.999999999999993,41,0.45,0.8,0.3,0,0.5,10,9.5,10,rrt_20260807_184826_592.png
20260807_184827_263,2026-08-07 18:48:27,True,518,149,17.09999999999999,39,0.45,0.8,0.3,0,0.5,10,9.5,10,rrt_20260807_184827_263.png
20260807_184827_991,2026-08-07 18:48:27,True,820,171,17.610602253242217,41,0.45,0.8,0.3,0,0.5,10,9.5,10,rrt_20260807_184827_991.png
20260807_184832_950,2026-08-07 18:48:32,False,10000,492,0.0,0,0.45,0.8,0.3,0,0.5,10,9.5,10,rrt_20260807_184832_950.png
20260807_184838_899,2026-08-07 18:48:38,False,10000,660,0.0,0,0.45,0.8,0.3,0,0.5,10,9.5,10,rrt_20260807_184838_899.png
20260807_184839_818,2026-08-07 18:48:39,True,1179,193,19.349999999999994,44,0.45,0.8,0.3,0,0.5,10,9.5,10,rrt_20260807_184839_818.png
20260807_184840_467,2026-08-07 18:48:40,True,413,111,19.677298857752287,45,0.45,0.8,0.3,0,0.5,10,9.5,10,rrt_20260807_184840_467.png
20260807_184841_127,2026-08-07 18:48:41,True,563,151,17.971532262615987,41,0.45,0.8,0.3,0,0.5,10,9.5,10,rrt_20260807_184841_127.png
20260807_184842_153,2026-08-07 18:48:42,True,604,162,17.933755682617623,41,0.45,0.8,0.3,0,0.5,10,9.5,10,rrt_20260807_184842_153.png
20260807_184848_506,2026-08-07 18:48:48,False,10000,734,0.0,0,0.45,0.8,0.3,0,0.5,10,9.5,10,rrt_20260807_184848_506.png
20260807_184849_328,2026-08-07 18:48:49,True,673,175,17.549999999999994,40,0.45,0.8,0.3,0,0.5,10,9.5,10,rrt_20260807_184849_328.png
20260807_184855_008,2026-08-07 18:48:55,False,10000,640,0.0,0,0.45,0.8,0.3,0,0.5,10,9.5,10,rrt_20260807_184855_008.png
20260807_184901_449,2026-08-07 18:49:01,False,10000,697,0.0,0,0.45,0.8,0.3,0,0.5,10,9.5,10,rrt_20260807_184901_449.png
20260807_184902_313,2026-08-07 18:49:02,True,521,161,19.799999999999986,45,0.45,0.8,0.3,0,0.5,10,9.5,10,rrt_20260807_184902_313.png
20260807_184902_994,2026-08-07 18:49:02,True,607,154,17.549999999999997,40,0.45,0.8,0.3,0,0.5,10,9.5,10,rrt_20260807_184902_994.png
20260807_184903_967,2026-08-07 18:49:03,True,1973,234,17.54999999999999,40,0.45,0.8,0.3,0,0.5,10,9.5,10,rrt_20260807_184903_967.png
20260807_184910_114,2026-08-07 18:49:10,False,10000,701,0.0,0,0.45,0.8,0.3,0,0.5,10,9.5,10,rrt_20260807_184910_114.png
20260807_184916_154,2026-08-07 18:49:16,False,10000,656,0.0,0,0.45,0.8,0.3,0,0.5,10,9.5,10,rrt_20260807_184916_154.png
20260807_184917_005,2026-08-07 18:49:17,True,610,138,17.099999999999998,39,0.45,0.8,0.3,0,0.5,10,9.5,10,rrt_20260807_184917_005.png
20260807_184917_625,2026-08-07 18:49:17,True,271,113,17.549999999999997,40,0.45,0.8,0.3,0,0.5,10,9.5,10,rrt_20260807_184917_625.png
20260807_184918_381,2026-08-07 18:49:18,True,843,214,17.099999999999994,39,0.45,0.8,0.3,0,0.5,10,9.5,10,rrt_20260807_184918_381.png
20260807_184919_799,2026-08-07 18:49:19,True,1570,271,18.44999999999999,42,0.45,0.8,0.3,0,0.5,10,9.5,10,rrt_20260807_184919_799.png
20260807_184924_043,2026-08-07 18:49:24,False,10000,455,0.0,0,0.45,0.8,0.3,0,0.5,10,9.5,10,rrt_20260807_184924_043.png
20260807_184930_983,2026-08-07 18:49:30,False,10000,735,0.0,0,0.45,0.8,0.3,0,0.5,10,9.5,10,rrt_20260807_184930_983.png
20260807_184931_872,2026-08-07 18:49:31,True,1045,202,21.513646423031823,49,0.45,0.8,0.3,0,0.5,10,9.5,10,rrt_20260807_184931_872.png
20260807_184932_632,2026-08-07 18:49:32,True,641,156,17.360827922861198,40,0.45,0.8,0.3,0,0.5,10,9.5,10,rrt_20260807_184932_632.png
20260807_184938_861,2026-08-07 18:49:38,False,10000,709,0.0,0,0.45,0.8,0.3,0,0.5,10,9.5,10,rrt_20260807_184938_861.png
20260807_184939_748,2026-08-07 18:49:39,True,525,165,17.099999999999994,39,0.45,0.8,0.3,0,0.5,10,9.5,10,rrt_20260807_184939_748.png
20260807_184945_529,2026-08-07 18:49:45,False,10000,688,0.0,0,0.45,0.8,0.3,0,0.5,10,9.5,10,rrt_20260807_184945_529.png
20260807_184951_159,2026-08-07 18:49:51,False,10000,655,0.0,0,0.45,0.8,0.3,0,0.5,10,9.5,10,rrt_20260807_184951_159.png
20260807_184952_583,2026-08-07 18:49:52,True,1463,224,18.0,41,0.45,0.8,0.3,0,0.5,10,9.5,10,rrt_20260807_184952_583.png
20260807_184953_587,2026-08-07 18:49:53,True,1572,270,18.449999999999996,42,0.45,0.8,0.3,0,0.5,10,9.5,10,rrt_20260807_184953_587.png
20260807_184954_358,2026-08-07 18:49:54,True,478,147,17.44819814340041,40,0.45,0.8,0.3,0,0.5,10,9.5,10,rrt_20260807_184954_358.png
20260807_184955_114,2026-08-07 18:49:55,True,837,208,21.472144655673098,49,0.45,0.8,0.3,0,0.5,10,9.5,10,rrt_20260807_184955_114.png
20260807_184959_745,2026-08-07 18:49:59,False,10000,505,0.0,0,0.45,0.8,0.3,0,0.5,10,9.5,10,rrt_20260807_184959_745.png
20260807_185005_426,2026-08-07 18:50:05,False,10000,607,0.0,0,0.45,0.8,0.3,0,0.5,10,9.5,10,rrt_20260807_185005_426.png
20260807_185011_673,2026-08-07 18:50:11,False,10000,655,0.0,0,0.45,0.8,0.3,0,0.5,10,9.5,10,rrt_20260807_185011_673.png
20260807_185016_764,2026-08-07 18:50:16,False,10000,533,0.0,0,0.45,0.8,0.3,0,0.5,10,9.5,10,rrt_20260807_185016_764.png
20260807_185017_606,2026-08-07 18:50:17,True,496,148,17.550000000000008,40,0.45,0.8,0.3,0,0.5,10,9.5,10,rrt_20260807_185017_606.png
20260807_185024_291,2026-08-07 18:50:24,False,10000,681,0.0,0,0.45,0.8,0.3,0,0.5,10,9.5,10,rrt_20260807_185024_291.png
20260807_185030_559,2026-08-07 18:50:30,False,10000,682,0.0,0,0.45,0.8,0.3,0,0.5,10,9.5,10,rrt_20260807_185030_559.png
20260807_185031_317,2026-08-07 18:50:31,True,355,105,19.31727779721528,44,0.45,0.8,0.3,0,0.5,10,9.5,10,rrt_20260807_185031_317.png
20260807_185032_034,2026-08-07 18:50:32,True,918,165,18.449999999999996,42,0.45,0.8,0.3,0,0.5,10,9.5,10,rrt_20260807_185032_034.png
20260807_185032_704,2026-08-07 18:50:32,True,457,140,18.45,42,0.45,0.8,0.3,0,0.5,10,9.5,10,rrt_20260807_185032_704.png
20260807_185033_361,2026-08-07 18:50:33,True,405,152,16.649999999999995,38,0.45,0.8,0.3,0,0.5,10,9.5,10,rrt_20260807_185033_361.png
20260807_185038_252,2026-08-07 18:50:38,False,10000,541,0.0,0,0.45,0.8,0.3,0,0.5,10,9.5,10,rrt_20260807_185038_252.png
20260807_185039_049,2026-08-07 18:50:39,True,412,140,17.973777365581743,41,0.45,0.8,0.3,0,0.5,10,9.5,10,rrt_20260807_185039_049.png
20260807_185039_732,2026-08-07 18:50:39,True,751,178,17.549999999999997,40,0.45,0.8,0.3,0,0.5,10,9.5,10,rrt_20260807_185039_732.png
20260807_185045_831,2026-08-07 18:50:45,False,10000,648,0.0,0,0.45,0.8,0.3,0,0.5,10,9.5,10,rrt_20260807_185045_831.png
20260807_185046_792,2026-08-07 18:50:46,True,251,97,17.099999999999994,39,0.45,0.8,0.3,0,0.5,10,9.5,10,rrt_20260807_185046_792.png
20260807_185047_537,2026-08-07 18:50:47,True,709,204,19.48132242241722,45,0.45,0.8,0.3,0,0.5,10,9.5,10,rrt_20260807_185047_537.png
20260807_185052_100,2026-08-07 18:50:52,False,10000,489,0.0,0,0.45,0.8,0.3,0,0.5,10,9.5,10,rrt_20260807_185052_100.png
20260807_185057_984,2026-08-07 18:50:57,False,10000,618,0.0,0,0.45,0.8,0.3,0,0.5,10,9.5,10,rrt_20260807_185057_984.png
20260807_185100_943,2026-08-07 18:51:00,False,10000,261,0.0,0,0.45,0.8,0.3,0,0.5,10,9.5,10,rrt_20260807_185100_943.png
20260807_185101_819,2026-08-07 18:51:01,True,821,216,20.24999999999999,46,0.45,0.8,0.3,0,0.5,10,9.5,10,rrt_20260807_185101_819.png
20260807_185102_580,2026-08-07 18:51:02,True,844,182,17.42357912904423,40,0.45,0.8,0.3,0,0.5,10,9.5,10,rrt_20260807_185102_580.png
20260807_185103_561,2026-08-07 18:51:03,True,373,131,19.719306943790194,45,0.45,0.8,0.3,0,0.5,10,9.5,10,rrt_20260807_185103_561.png
20260807_185104_469,2026-08-07 18:51:04,True,1452,253,18.908283039975032,44,0.45,0.8,0.3,0,0.5,10,9.5,10,rrt_20260807_185104_469.png
20260807_185110_718,2026-08-07 18:51:10,False,10000,722,0.0,0,0.45,0.8,0.3,0,0.5,10,9.5,10,rrt_20260807_185110_718.png
20260807_185116_461,2026-08-07 18:51:16,False,10000,600,0.0,0,0.45,0.8,0.3,0,0.5,10,9.5,10,rrt_20260807_185116_461.png
20260807_185117_249,2026-08-07 18:51:17,True,196,90,17.549999999999986,40,0.45,0.8,0.3,0,0.5,10,9.5,10,rrt_20260807_185117_249.png
20260807_185123_154,2026-08-07 18:51:23,False,10000,679,0.0,0,0.45,0.8,0.3,0,0.5,10,9.5,10,rrt_20260807_185123_154.png
20260807_185129_710,2026-08-07 18:51:29,False,10000,748,0.0,0,0.45,0.8,0.3,0,0.5,10,9.5,10,rrt_20260807_185129_710.png
20260807_185135_674,2026-08-07 18:51:35,False,10000,666,0.0,0,0.45,0.9,0.3,0,0.5,10,9.5,10,rrt_20260807_185135_674.png
20260807_185136_494,2026-08-07 18:51:36,True,331,113,16.971865711015127,39,0.45,0.9,0.3,0,0.5,10,9.5,10,rrt_20260807_185136_494.png
20260807_185137_602,2026-08-07 18:51:37,True,855,178,20.24999999999999,46,0.45,0.9,0.3,0,0.5,10,9.5,10,rrt_20260807_185137_602.png
20260807_185138_533,2026-08-07 18:51:38,True,365,140,18.788844944964655,43,0.45,0.9,0.3,0,0.5,10,9.5,10,rrt_20260807_185138_533.png
20260807_185145_082,2026-08-07 18:51:45,False,10000,767,0.0,0,0.45,0.9,0.3,0,0.5,10,9.5,10,rrt_20260807_185145_082.png
20260807_185152_071,2026-08-07 18:51:52,False,10000,797,0.0,0,0.45,0.9,0.3,0,0.5,10,9.5,10,rrt_20260807_185152_071.png
20260807_185158_216,2026-08-07 18:51:58,False,10000,678,0.0,0,0.45,0.9,0.3,0,0.5,10,9.5,10,rrt_20260807_185158_216.png
20260807_185205_180,2026-08-07 18:52:05,False,10000,788,0.0,0,0.45,0.9,0.3,0,0.5,10,9.5,10,rrt_20260807_185205_180.png
20260807_185209_810,2026-08-07 18:52:09,False,10000,483,0.0,0,0.45,0.9,0.3,0,0.5,10,9.5,10,rrt_20260807_185209_810.png
20260807_185216_351,2026-08-07 18:52:16,False,10000,695,0.0,0,0.45,0.9,0.3,0,0.5,10,9.5,10,rrt_20260807_185216_351.png
20260807_185220_942,2026-08-07 18:52:20,False,10000,470,0.0,0,0.45,0.9,0.3,0,0.5,10,9.5,10,rrt_20260807_185220_942.png
20260807_185222_075,2026-08-07 18:52:22,True,738,213,20.127680291348984,46,0.45,0.9,0.3,0,0.5,10,9.5,10,rrt_20260807_185222_075.png
20260807_185222_861,2026-08-07 18:52:22,True,798,195,19.331258450245777,44,0.45,0.9,0.3,0,0.5,10,9.5,10,rrt_20260807_185222_861.png
20260807_185229_310,2026-08-07 18:52:29,False,10000,768,0.0,0,0.45,0.9,0.3,0,0.5,10,9.5,10,rrt_20260807_185229_310.png
20260807_185230_202,2026-08-07 18:52:30,True,830,196,18.396857735187062,42,0.45,0.9,0.3,0,0.5,10,9.5,10,rrt_20260807_185230_202.png
20260807_185230_876,2026-08-07 18:52:30,True,481,174,18.845547396834196,43,0.45,0.9,0.3,0,0.5,10,9.5,10,rrt_20260807_185230_876.png
20260807_185237_278,2026-08-07 18:52:37,False,10000,737,0.0,0,0.45,0.9,0.3,0,0.5,10,9.5,10,rrt_20260807_185237_278.png
20260807_185244_342,2026-08-07 18:52:44,False,10000,783,0.0,0,0.45,0.9,0.3,0,0.5,10,9.5,10,rrt_20260807_185244_342.png
20260807_185245_487,2026-08-07 18:52:45,True,723,185,18.449999999999992,42,0.45,0.9,0.3,0,0.5,10,9.5,10,rrt_20260807_185245_487.png
20260807_185251_926,2026-08-07 18:52:51,False,10000,780,0.0,0,0.45,0.9,0.3,0,0.5,10,9.5,10,rrt_20260807_185251_926.png
20260807_185259_553,2026-08-07 18:52:59,False,10000,802,0.0,0,0.45,0.9,0.3,0,0.5,10,9.5,10,rrt_20260807_185259_553.png
20260807_185300_531,2026-08-07 18:53:00,True,562,160,20.667135218133904,47,0.45,0.9,0.3,0,0.5,10,9.5,10,rrt_20260807_185300_531.png
20260807_185301_197,2026-08-07 18:53:01,True,468,172,18.433985894308968,42,0.45,0.9,0.3,0,0.5,10,9.5,10,rrt_20260807_185301_197.png
20260807_185307_677,2026-08-07 18:53:07,False,10000,749,0.0,0,0.45,0.9,0.3,0,0.5,10,9.5,10,rrt_20260807_185307_677.png
20260807_185314_963,2026-08-07 18:53:14,False,10000,812,0.0,0,0.45,0.9,0.3,0,0.5,10,9.5,10,rrt_20260807_185314_963.png
20260807_185322_181,2026-08-07 18:53:22,False,10000,802,0.0,0,0.45,0.9,0.3,0,0.5,10,9.5,10,rrt_20260807_185322_181.png
20260807_185323_067,2026-08-07 18:53:23,True,596,185,21.149999999999988,48,0.45,0.9,0.3,0,0.5,10,9.5,10,rrt_20260807_185323_067.png
20260807_185324_156,2026-08-07 18:53:24,True,770,207,18.000000000000004,41,0.45,0.9,0.3,0,0.5,10,9.5,10,rrt_20260807_185324_156.png
20260807_185327_327,2026-08-07 18:53:27,False,10000,295,0.0,0,0.45,0.9,0.3,0,0.5,10,9.5,10,rrt_20260807_185327_327.png
20260807_185332_724,2026-08-07 18:53:32,False,10000,555,0.0,0,0.45,0.9,0.3,0,0.5,10,9.5,10,rrt_20260807_185332_724.png
20260807_185337_721,2026-08-07 18:53:37,False,10000,534,0.0,0,0.45,0.9,0.3,0,0.5,10,9.5,10,rrt_20260807_185337_721.png
20260807_185338_573,2026-08-07 18:53:38,True,731,206,19.349999999999998,44,0.45,0.9,0.3,0,0.5,10,9.5,10,rrt_20260807_185338_573.png
20260807_185339_316,2026-08-07 18:53:39,True,911,184,18.541330696679328,43,0.45,0.9,0.3,0,0.5,10,9.5,10,rrt_20260807_185339_316.png
20260807_185340_410,2026-08-07 18:53:40,True,1408,253,18.0,41,0.45,0.9,0.3,0,0.5,10,9.5,10,rrt_20260807_185340_410.png
20260807_185345_048,2026-08-07 18:53:45,False,10000,497,0.0,0,0.45,0.9,0.3,0,0.5,10,9.5,10,rrt_20260807_185345_048.png
20260807_185350_208,2026-08-07 18:53:50,False,10000,562,0.0,0,0.45,0.9,0.3,0,0.5,10,9.5,10,rrt_20260807_185350_208.png
20260807_185355_364,2026-08-07 18:53:55,False,10000,570,0.0,0,0.45,0.9,0.3,0,0.5,10,9.5,10,rrt_20260807_185355_364.png
20260807_185358_364,2026-08-07 18:53:58,False,10000,292,0.0,0,0.45,0.9,0.3,0,0.5,10,9.5,10,rrt_20260807_185358_364.png
20260807_185401_544,2026-08-07 18:54:01,False,10000,263,0.0,0,0.45,0.9,0.3,0,0.5,10,9.5,10,rrt_20260807_185401_544.png
20260807_185402_266,2026-08-07 18:54:02,True,370,146,17.533290395171456,40,0.45,0.9,0.3,0,0.5,10,9.5,10,rrt_20260807_185402_266.png
20260807_185408_971,2026-08-07 18:54:08,False,10000,781,0.0,0,0.45,0.9,0.3,0,0.5,10,9.5,10,rrt_20260807_185408_971.png
20260807_185410_909,2026-08-07 18:54:10,True,3683,387,19.62397497669627,45,0.45,0.9,0.3,0,0.5,10,9.5,10,rrt_20260807_185410_909.png
20260807_185417_680,2026-08-07 18:54:17,False,10000,737,0.0,0,0.45,0.9,0.3,0,0.5,10,9.5,10,rrt_20260807_185417_680.png
20260807_185418_547,2026-08-07 18:54:18,True,356,155,17.48207305216449,40,0.45,0.9,0.3,0,0.5,10,9.5,10,rrt_20260807_185418_547.png
20260807_185419_339,2026-08-07 18:54:19,True,763,203,18.102931818133914,42,0.45,0.9,0.3,0,0.5,10,9.5,10,rrt_20260807_185419_339.png
20260807_185420_068,2026-08-07 18:54:20,True,826,193,19.21565672691075,44,0.45,0.9,0.3,0,0.5,10,9.5,10,rrt_20260807_185420_068.png
20260807_185420_988,2026-08-07 18:54:20,True,357,128,20.607627818426277,47,0.45,0.9,0.3,0,0.5,10,9.5,10,rrt_20260807_185420_988.png
20260807_185428_198,2026-08-07 18:54:28,False,10000,797,0.0,0,0.45,0.9,0.3,0,0.5,10,9.5,10,rrt_20260807_185428_198.png
20260807_185429_125,2026-08-07 18:54:29,True,568,117,17.999999999999993,41,0.45,0.9,0.3,0,0.5,10,9.5,10,rrt_20260807_185429_125.png
20260807_185435_962,2026-08-07 18:54:35,False,10000,779,0.0,0,0.45,0.9,0.3,0,0.5,10,9.5,10,rrt_20260807_185435_962.png
20260807_185442_843,2026-08-07 18:54:42,False,10000,766,0.0,0,0.45,0.9,0.3,0,0.5,10,9.5,10,rrt_20260807_185442_843.png
20260807_185448_921,2026-08-07 18:54:48,False,10000,688,0.0,0,0.45,0.9,0.3,0,0.5,10,9.5,10,rrt_20260807_185448_921.png
20260807_185455_203,2026-08-07 18:54:55,False,10000,717,0.0,0,0.45,0.9,0.3,0,0.5,10,9.5,10,rrt_20260807_185455_203.png
20260807_185456_025,2026-08-07 18:54:56,True,749,168,19.67640818939774,45,0.45,0.9,0.3,0,0.5,10,9.5,10,rrt_20260807_185456_025.png
20260807_185502_728,2026-08-07 18:55:02,False,10000,778,0.0,0,0.45,0.9,0.3,0,0.5,10,9.5,10,rrt_20260807_185502_728.png
20260807_185503_554,2026-08-07 18:55:03,True,475,180,17.999999999999996,41,0.45,0.9,0.3,0,0.5,10,9.5,10,rrt_20260807_185503_554.png
20260807_185510_514,2026-08-07 18:55:10,False,10000,790,0.0,0,0.45,0.9,0.3,0,0.5,10,9.5,10,rrt_20260807_185510_514.png
20260807_185511_355,2026-08-07 18:55:11,True,614,194,17.999999999999996,41,0.45,0.9,0.3,0,0.5,10,9.5,10,rrt_20260807_185511_355.png
20260807_185512_178,2026-08-07 18:55:12,True,894,233,17.999999999999993,41,0.45,0.9,0.3,0,0.5,10,9.5,10,rrt_20260807_185512_178.png
20260807_185513_233,2026-08-07 18:55:13,True,1747,284,18.642186667298432,43,0.45,0.9,0.3,0,0.5,10,9.5,10,rrt_20260807_185513_233.png
20260807_185518_471,2026-08-07 18:55:18,False,10000,558,0.0,0,0.45,0.9,0.3,0,0.5,10,9.5,10,rrt_20260807_185518_471.png
20260807_185525_244,2026-08-07 18:55:25,False,10000,762,0.0,0,0.45,0.9,0.3,0,0.5,10,9.5,10,rrt_20260807_185525_244.png
20260807_185532_255,2026-08-07 18:55:32,False,10000,778,0.0,0,0.45,0.9,0.3,0,0.5,10,9.5,10,rrt_20260807_185532_255.png
20260807_185533_157,2026-08-07 18:55:33,True,352,132,20.58247019308747,47,0.45,0.9,0.3,0,0.5,10,9.5,10,rrt_20260807_185533_157.png
20260807_185534_397,2026-08-07 18:55:34,True,516,171,18.890098663775515,43,0.45,0.9,0.3,0,0.5,10,9.5,10,rrt_20260807_185534_397.png
20260807_185535_297,2026-08-07 18:55:35,True,1486,241,20.885743784074702,48,0.45,0.9,0.3,0,0.5,10,9.5,10,rrt_20260807_185535_297.png
20260807_185536_059,2026-08-07 18:55:36,True,950,204,19.349999999999994,44,0.45,0.9,0.3,0,0.5,10,9.5,10,rrt_20260807_185536_059.png
20260807_185540_598,2026-08-07 18:55:40,False,10000,482,0.0,0,0.45,0.9,0.3,0,0.5,10,9.5,10,rrt_20260807_185540_598.png
20260807_185546_853,2026-08-07 18:55:46,False,10000,681,0.0,0,0.45,0.9,0.3,0,0.5,10,9.5,10,rrt_20260807_185546_853.png
20260807_185553_456,2026-08-07 18:55:53,False,10000,754,0.0,0,0.45,0.9,0.3,0,0.5,10,9.5,10,rrt_20260807_185553_456.png
20260807_185554_347,2026-08-07 18:55:54,True,894,208,17.027118740614284,39,0.45,0.9,0.3,0,0.5,10,9.5,10,rrt_20260807_185554_347.png
20260807_185555_090,2026-08-07 18:55:55,True,656,175,19.35,44,0.45,0.9,0.3,0,0.5,10,9.5,10,rrt_20260807_185555_090.png
20260807_185601_486,2026-08-07 18:56:01,False,10000,743,0.0,0,0.45,0.9,0.3,0,0.5,10,9.5,10,rrt_20260807_185601_486.png
20260807_185608_366,2026-08-07 18:56:08,False,10000,714,0.0,0,0.45,0.9,0.3,0,0.5,10,9.5,10,rrt_20260807_185608_366.png
20260807_185609_263,2026-08-07 18:56:09,True,869,189,20.69999999999998,47,0.45,0.9,0.3,0,0.5,10,9.5,10,rrt_20260807_185609_263.png
20260807_185610_067,2026-08-07 18:56:10,True,887,197,17.99999999999999,41,0.45,0.9,0.3,0,0.5,10,9.5,10,rrt_20260807_185610_067.png
20260807_185610_752,2026-08-07 18:56:10,True,529,158,19.79999999999999,45,0.45,0.9,0.3,0,0.5,10,9.5,10,rrt_20260807_185610_752.png
20260807_185611_698,2026-08-07 18:56:11,True,442,163,17.549999999999997,40,0.45,0.9,0.3,0,0.5,10,9.5,10,rrt_20260807_185611_698.png
20260807_185612_464,2026-08-07 18:56:12,True,898,225,21.599999999999984,49,0.45,0.9,0.3,0,0.5,10,9.5,10,rrt_20260807_185612_464.png
20260807_185619_048,2026-08-07 18:56:19,False,10000,759,0.0,0,0.45,0.9,0.3,0,0.5,10,9.5,10,rrt_20260807_185619_048.png
20260807_185619_942,2026-08-07 18:56:19,True,778,183,19.22587015240885,44,0.45,0.9,0.3,0,0.5,10,9.5,10,rrt_20260807_185619_942.png
20260807_185624_644,2026-08-07 18:56:24,False,10000,519,0.0,0,0.45,0.9,0.3,0,0.5,10,9.5,10,rrt_20260807_185624_644.png
20260807_185626_107,2026-08-07 18:56:26,True,1204,173,17.934468543864806,41,0.45,0.9,0.3,0,0.5,10,9.5,10,rrt_20260807_185626_107.png
20260807_185626_835,2026-08-07 18:56:26,True,471,181,17.52627718575668,40,0.45,0.9,0.3,0,0.5,10,9.5,10,rrt_20260807_185626_835.png
20260807_185633_440,2026-08-07 18:56:33,False,10000,774,0.0,0,0.45,0.9,0.3,0,0.5,10,9.5,10,rrt_20260807_185633_440.png
20260807_185634_298,2026-08-07 18:56:34,True,500,183,17.54999999999999,40,0.45,0.9,0.3,0,0.5,10,9.5,10,rrt_20260807_185634_298.png
20260807_185639_026,2026-08-07 18:56:39,False,10000,497,0.0,0,0.45,0.9,0.3,0,0.5,10,9.5,10,rrt_20260807_185639_026.png
20260807_185639_779,2026-08-07 18:56:39,True,377,145,17.099999999999998,39,0.45,0.9,0.3,0,0.5,10,9.5,10,rrt_20260807_185639_779.png
20260807_185646_358,2026-08-07 18:56:46,False,10000,779,0.0,0,0.45,0.9,0.3,0,0.5,10,9.5,10,rrt_20260807_185646_358.png
20260807_185647_149,2026-08-07 18:56:47,True,361,143,17.549999999999994,40,0.45,0.9,0.3,0,0.5,10,9.5,10,rrt_20260807_185647_149.png
20260807_185652_229,2026-08-07 18:56:52,False,10000,579,0.0,0,0.45,0.9,0.3,0,0.5,10,9.5,10,rrt_20260807_185652_229.png
20260807_185653_531,2026-08-07 18:56:53,True,943,227,18.450000000000003,42,0.45,0.9,0.3,0,0.5,10,9.5,10,rrt_20260807_185653_531.png
20260807_185700_363,2026-08-07 18:57:00,False,10000,784,0.0,0,0.45,0.9,0.3,0,0.5,10,9.5,10,rrt_20260807_185700_363.png
20260807_185701_165,2026-08-07 18:57:01,True,443,133,18.0,41,0.45,0.9,0.3,0,0.5,10,9.5,10,rrt_20260807_185701_165.png
20260807_185701_902,2026-08-07 18:57:01,True,752,186,16.650000000000006,38,0.45,0.9,0.3,0,0.5,10,9.5,10,rrt_20260807_185701_902.png
20260807_185708_479,2026-08-07 18:57:08,False,10000,757,0.0,0,0.45,0.9,0.3,0,0.5,10,9.5,10,rrt_20260807_185708_479.png
20260807_185715_462,2026-08-07 18:57:15,False,10000,787,0.0,0,0.45,0.9,0.3,0,0.5,10,9.5,10,rrt_20260807_185715_462.png
20260807_185716_334,2026-08-07 18:57:16,True,766,184,17.99999999999999,41,0.45,0.9,0.3,0,0.5,10,9.5,10,rrt_20260807_185716_334.png
20260807_185717_041,2026-08-07 18:57:17,True,536,150,17.438112077859575,40,0.45,0.9,0.3,0,0.5,10,9.5,10,rrt_20260807_185717_041.png
20260807_185717_678,2026-08-07 18:57:17,True,376,140,17.1,39,0.45,0.9,0.3,0,0.5,10,9.5,10,rrt_20260807_185717_678.png
20260807_185725_262,2026-08-07 18:57:25,False,10000,866,0.0,0,0.45,1.0,0.3,0,0.5,10,9.5,10,rrt_20260807_185725_262.png
20260807_185731_873,2026-08-07 18:57:31,False,10000,676,0.0,0,0.45,1.0,0.3,0,0.5,10,9.5,10,rrt_20260807_185731_873.png
20260807_185738_421,2026-08-07 18:57:38,False,10000,716,0.0,0,0.45,1.0,0.3,0,0.5,10,9.5,10,rrt_20260807_185738_421.png
20260807_185745_740,2026-08-07 18:57:45,False,10000,868,0.0,0,0.45,1.0,0.3,0,0.5,10,9.5,10,rrt_20260807_185745_740.png
20260807_185747_652,2026-08-07 18:57:47,True,3664,391,25.830016507161993,59,0.45,1.0,0.3,0,0.5,10,9.5,10,rrt_20260807_185747_652.png
20260807_185754_616,2026-08-07 18:57:54,False,10000,823,0.0,0,0.45,1.0,0.3,0,0.5,10,9.5,10,rrt_20260807_185754_616.png
20260807_185801_446,2026-08-07 18:58:01,False,10000,707,0.0,0,0.45,1.0,0.3,0,0.5,10,9.5,10,rrt_20260807_185801_446.png
20260807_185808_687,2026-08-07 18:58:08,False,10000,850,0.0,0,0.45,1.0,0.3,0,0.5,10,9.5,10,rrt_20260807_185808_687.png
20260807_185814_249,2026-08-07 18:58:14,False,10000,623,0.0,0,0.45,1.0,0.3,0,0.5,10,9.5,10,rrt_20260807_185814_249.png
20260807_185821_378,2026-08-07 18:58:21,False,10000,774,0.0,0,0.45,1.0,0.3,0,0.5,10,9.5,10,rrt_20260807_185821_378.png
20260807_185822_338,2026-08-07 18:58:22,True,875,207,17.999999999999993,41,0.45,1.0,0.3,0,0.5,10,9.5,10,rrt_20260807_185822_338.png
20260807_185829_027,2026-08-07 18:58:29,False,10000,802,0.0,0,0.45,1.0,0.3,0,0.5,10,9.5,10,rrt_20260807_185829_027.png
20260807_185833_932,2026-08-07 18:58:33,False,10000,521,0.0,0,0.45,1.0,0.3,0,0.5,10,9.5,10,rrt_20260807_185833_932.png
20260807_185841_074,2026-08-07 18:58:41,False,10000,838,0.0,0,0.45,1.0,0.3,0,0.5,10,9.5,10,rrt_20260807_185841_074.png
20260807_185847_982,2026-08-07 18:58:47,False,10000,762,0.0,0,0.45,1.0,0.3,0,0.5,10,9.5,10,rrt_20260807_185847_982.png
20260807_185848_891,2026-08-07 18:58:48,True,728,204,19.349999999999998,44,0.45,1.0,0.3,0,0.5,10,9.5,10,rrt_20260807_185848_891.png
20260807_185855_018,2026-08-07 18:58:55,False,10000,697,0.0,0,0.45,1.0,0.3,0,0.5,10,9.5,10,rrt_20260807_185855_018.png
20260807_185856_120,2026-08-07 18:58:56,True,1329,269,20.249999999999986,46,0.45,1.0,0.3,0,0.5,10,9.5,10,rrt_20260807_185856_120.png
20260807_185904_002,2026-08-07 18:59:04,False,10000,880,0.0,0,0.45,1.0,0.3,0,0.5,10,9.5,10,rrt_20260807_185904_002.png
20260807_185905_261,2026-08-07 18:59:05,True,879,240,19.34999999999999,44,0.45,1.0,0.3,0,0.5,10,9.5,10,rrt_20260807_185905_261.png
20260807_185910_801,2026-08-07 18:59:10,False,10000,610,0.0,0,0.45,1.0,0.3,0,0.5,10,9.5,10,rrt_20260807_185910_801.png
20260807_185911_685,2026-08-07 18:59:11,True,745,196,18.0,41,0.45,1.0,0.3,0,0.5,10,9.5,10,rrt_20260807_185911_685.png
20260807_185918_641,2026-08-07 18:59:18,False,10000,830,0.0,0,0.45,1.0,0.3,0,0.5,10,9.5,10,rrt_20260807_185918_641.png
20260807_185919_607,2026-08-07 18:59:19,True,535,192,18.449999999999992,42,0.45,1.0,0.3,0,0.5,10,9.5,10,rrt_20260807_185919_607.png
20260807_185926_578,2026-08-07 18:59:26,False,10000,846,0.0,0,0.45,1.0,0.3,0,0.5,10,9.5,10,rrt_20260807_185926_578.png
20260807_185933_385,2026-08-07 18:59:33,False,10000,779,0.0,0,0.45,1.0,0.3,0,0.5,10,9.5,10,rrt_20260807_185933_385.png
20260807_185934_829,2026-08-07 18:59:34,True,1182,227,18.380847374560233,42,0.45,1.0,0.3,0,0.5,10,9.5,10,rrt_20260807_185934_829.png
20260807_185941_979,2026-08-07 18:59:41,False,10000,837,0.0,0,0.45,1.0,0.3,0,0.5,10,9.5,10,rrt_20260807_185941_979.png
20260807_185947_853,2026-08-07 18:59:47,False,10000,639,0.0,0,0.45,1.0,0.3,0,0.5,10,9.5,10,rrt_20260807_185947_853.png
20260807_185954_974,2026-08-07 18:59:54,False,10000,819,0.0,0,0.45,1.0,0.3,0,0.5,10,9.5,10,rrt_20260807_185954_974.png
20260807_185956_189,2026-08-07 18:59:56,True,1447,300,18.89999999999999,43,0.45,1.0,0.3,0,0.5,10,9.5,10,rrt_20260807_185956_189.png
20260807_190003_857,2026-08-07 19:00:03,False,10000,899,0.0,0,0.45,1.0,0.3,0,0.5,10,9.5,10,rrt_20260807_190003_857.png
20260807_190004_801,2026-08-07 19:00:04,True,683,214,19.799999999999994,45,0.45,1.0,0.3,0,0.5,10,9.5,10,rrt_20260807_190004_801.png
20260807_190011_908,2026-08-07 19:00:11,False,10000,860,0.0,0,0.45,1.0,0.3,0,0.5,10,9.5,10,rrt_20260807_190011_908.png
20260807_190018_809,2026-08-07 19:00:18,False,10000,778,0.0,0,0.45,1.0,0.3,0,0.5,10,9.5,10,rrt_20260807_190018_809.png
20260807_190020_526,2026-08-07 19:00:20,True,1241,215,22.94999999999999,52,0.45,1.0,0.3,0,0.5,10,9.5,10,rrt_20260807_190020_526.png
20260807_190027_167,2026-08-07 19:00:27,False,10000,762,0.0,0,0.45,1.0,0.3,0,0.5,10,9.5,10,rrt_20260807_190027_167.png
20260807_190034_437,2026-08-07 19:00:34,False,10000,817,0.0,0,0.45,1.0,0.3,0,0.5,10,9.5,10,rrt_20260807_190034_437.png
20260807_190035_390,2026-08-07 19:00:35,True,884,224,18.45,42,0.45,1.0,0.3,0,0.5,10,9.5,10,rrt_20260807_190035_390.png
20260807_190041_968,2026-08-07 19:00:41,False,10000,769,0.0,0,0.45,1.0,0.3,0,0.5,10,9.5,10,rrt_20260807_190041_968.png
20260807_190048_646,2026-08-07 19:00:48,False,10000,729,0.0,0,0.45,1.0,0.3,0,0.5,10,9.5,10,rrt_20260807_190048_646.png
20260807_190054_514,2026-08-07 19:00:54,False,10000,663,0.0,0,0.45,1.0,0.3,0,0.5,10,9.5,10,rrt_20260807_190054_514.png
20260807_190055_531,2026-08-07 19:00:55,True,1160,237,18.899999999999995,43,0.45,1.0,0.3,0,0.5,10,9.5,10,rrt_20260807_190055_531.png
20260807_190056_192,2026-08-07 19:00:56,True,332,145,17.999999999999993,41,0.45,1.0,0.3,0,0.5,10,9.5,10,rrt_20260807_190056_192.png
20260807_190057_300,2026-08-07 19:00:57,True,825,203,19.34999999999999,44,0.45,1.0,0.3,0,0.5,10,9.5,10,rrt_20260807_190057_300.png
20260807_190103_592,2026-08-07 19:01:03,False,10000,744,0.0,0,0.45,1.0,0.3,0,0.5,10,9.5,10,rrt_20260807_190103_592.png
20260807_190110_093,2026-08-07 19:01:10,False,10000,712,0.0,0,0.45,1.0,0.3,0,0.5,10,9.5,10,rrt_20260807_190110_093.png
20260807_190117_620,2026-08-07 19:01:17,False,10000,876,0.0,0,0.45,1.0,0.3,0,0.5,10,9.5,10,rrt_20260807_190117_620.png
20260807_190125_030,2026-08-07 19:01:25,False,10000,831,0.0,0,0.45,1.0,0.3,0,0.5,10,9.5,10,rrt_20260807_190125_030.png
20260807_190131_516,2026-08-07 19:01:31,False,10000,747,0.0,0,0.45,1.0,0.3,0,0.5,10,9.5,10,rrt_20260807_190131_516.png
20260807_190132_907,2026-08-07 19:01:32,True,1003,231,18.899999999999995,43,0.45,1.0,0.3,0,0.5,10,9.5,10,rrt_20260807_190132_907.png
20260807_190140_007,2026-08-07 19:01:40,False,10000,817,0.0,0,0.45,1.0,0.3,0,0.5,10,9.5,10,rrt_20260807_190140_007.png
20260807_190141_055,2026-08-07 19:01:41,True,951,240,17.99999999999999,41,0.45,1.0,0.3,0,0.5,10,9.5,10,rrt_20260807_190141_055.png
20260807_190146_886,2026-08-07 19:01:46,False,10000,597,0.0,0,0.45,1.0,0.3,0,0.5,10,9.5,10,rrt_20260807_190146_886.png
20260807_190154_619,2026-08-07 19:01:54,False,10000,879,0.0,0,0.45,1.0,0.3,0,0.5,10,9.5,10,rrt_20260807_190154_619.png
20260807_190200_268,2026-08-07 19:02:00,False,10000,610,0.0,0,0.45,1.0,0.3,0,0.5,10,9.5,10,rrt_20260807_190200_268.png
20260807_190206_822,2026-08-07 19:02:06,False,10000,748,0.0,0,0.45,1.0,0.3,0,0.5,10,9.5,10,rrt_20260807_190206_822.png
20260807_190213_735,2026-08-07 19:02:13,False,10000,765,0.0,0,0.45,1.0,0.3,0,0.5,10,9.5,10,rrt_20260807_190213_735.png
20260807_190214_632,2026-08-07 19:02:14,True,489,186,17.549999999999994,40,0.45,1.0,0.3,0,0.5,10,9.5,10,rrt_20260807_190214_632.png
20260807_190221_782,2026-08-07 19:02:21,False,10000,852,0.0,0,0.45,1.0,0.3,0,0.5,10,9.5,10,rrt_20260807_190221_782.png
20260807_190222_840,2026-08-07 19:02:22,True,1129,259,18.899999999999995,43,0.45,1.0,0.3,0,0.5,10,9.5,10,rrt_20260807_190222_840.png
20260807_190229_164,2026-08-07 19:02:29,False,10000,739,0.0,0,0.45,1.0,0.3,0,0.5,10,9.5,10,rrt_20260807_190229_164.png
20260807_190236_445,2026-08-07 19:02:36,False,10000,731,0.0,0,0.45,1.0,0.3,0,0.5,10,9.5,10,rrt_20260807_190236_445.png
20260807_190243_279,2026-08-07 19:02:43,False,10000,764,0.0,0,0.45,1.0,0.3,0,0.5,10,9.5,10,rrt_20260807_190243_279.png
20260807_190244_530,2026-08-07 19:02:44,True,1064,246,20.24999999999999,46,0.45,1.0,0.3,0,0.5,10,9.5,10,rrt_20260807_190244_530.png
20260807_190250_450,2026-08-07 19:02:50,False,10000,713,0.0,0,0.45,1.0,0.3,0,0.5,10,9.5,10,rrt_20260807_190250_450.png
20260807_190256_033,2026-08-07 19:02:56,False,10000,604,0.0,0,0.45,1.0,0.3,0,0.5,10,9.5,10,rrt_20260807_190256_033.png
20260807_190303_141,2026-08-07 19:03:03,False,10000,821,0.0,0,0.45,1.0,0.3,0,0.5,10,9.5,10,rrt_20260807_190303_141.png
20260807_190310_698,2026-08-07 19:03:10,False,10000,864,0.0,0,0.45,1.0,0.3,0,0.5,10,9.5,10,rrt_20260807_190310_698.png
20260807_190317_770,2026-08-07 19:03:17,False,10000,793,0.0,0,0.45,1.0,0.3,0,0.5,10,9.5,10,rrt_20260807_190317_770.png
20260807_190324_969,2026-08-07 19:03:24,False,10000,836,0.0,0,0.45,1.0,0.3,0,0.5,10,9.5,10,rrt_20260807_190324_969.png
20260807_190332_004,2026-08-07 19:03:32,False,10000,742,0.0,0,0.45,1.0,0.3,0,0.5,10,9.5,10,rrt_20260807_190332_004.png
20260807_190333_100,2026-08-07 19:03:33,True,1540,261,18.449999999999996,42,0.45,1.0,0.3,0,0.5,10,9.5,10,rrt_20260807_190333_100.png
20260807_190339_686,2026-08-07 19:03:39,False,10000,762,0.0,0,0.45,1.0,0.3,0,0.5,10,9.5,10,rrt_20260807_190339_686.png
20260807_190346_568,2026-08-07 19:03:46,False,10000,739,0.0,0,0.45,1.0,0.3,0,0.5,10,9.5,10,rrt_20260807_190346_568.png
20260807_190354_131,2026-08-07 19:03:54,False,10000,858,0.0,0,0.45,1.0,0.3,0,0.5,10,9.5,10,rrt_20260807_190354_131.png
20260807_190401_306,2026-08-07 19:04:01,False,10000,818,0.0,0,0.45,1.0,0.3,0,0.5,10,9.5,10,rrt_20260807_190401_306.png
20260807_190408_412,2026-08-07 19:04:08,False,10000,814,0.0,0,0.45,1.0,0.3,0,0.5,10,9.5,10,rrt_20260807_190408_412.png
20260807_190414_045,2026-08-07 19:04:14,False,10000,596,0.0,0,0.45,1.0,0.3,0,0.5,10,9.5,10,rrt_20260807_190414_045.png
20260807_190416_167,2026-08-07 19:04:16,True,2994,347,21.106787315784214,48,0.45,1.0,0.3,0,0.5,10,9.5,10,rrt_20260807_190416_167.png
20260807_190417_327,2026-08-07 19:04:17,True,850,207,18.490106213420635,43,0.45,1.0,0.3,0,0.5,10,9.5,10,rrt_20260807_190417_327.png
20260807_190418_050,2026-08-07 19:04:18,True,579,204,18.9,43,0.45,1.0,0.3,0,0.5,10,9.5,10,rrt_20260807_190418_050.png
20260807_190419_075,2026-08-07 19:04:19,True,1588,285,18.669065859822794,43,0.45,1.0,0.3,0,0.5,10,9.5,10,rrt_20260807_190419_075.png
20260807_190426_138,2026-08-07 19:04:26,False,10000,827,0.0,0,0.45,1.0,0.3,0,0.5,10,9.5,10,rrt_20260807_190426_138.png
20260807_190432_964,2026-08-07 19:04:32,False,10000,739,0.0,0,0.45,1.0,0.3,0,0.5,10,9.5,10,rrt_20260807_190432_964.png
20260807_190440_318,2026-08-07 19:04:40,False,10000,834,0.0,0,0.45,1.0,0.3,0,0.5,10,9.5,10,rrt_20260807_190440_318.png
20260807_190447_393,2026-08-07 19:04:47,False,10000,806,0.0,0,0.45,1.0,0.3,0,0.5,10,9.5,10,rrt_20260807_190447_393.png
20260807_190448_258,2026-08-07 19:04:48,True,482,184,18.89999999999999,43,0.45,1.0,0.3,0,0.5,10,9.5,10,rrt_20260807_190448_258.png
20260807_190455_584,2026-08-07 19:04:55,False,10000,859,0.0,0,0.45,1.0,0.3,0,0.5,10,9.5,10,rrt_20260807_190455_584.png
20260807_190457_005,2026-08-07 19:04:57,True,752,180,17.549999999999994,40,0.45,1.0,0.3,0,0.5,10,9.5,10,rrt_20260807_190457_005.png
20260807_190457_848,2026-08-07 19:04:57,True,1031,263,19.79999999999999,45,0.45,1.0,0.3,0,0.5,10,9.5,10,rrt_20260807_190457_848.png
20260807_190504_324,2026-08-07 19:05:04,False,10000,741,0.0,0,0.45,1.0,0.3,0,0.5,10,9.5,10,rrt_20260807_190504_324.png
20260807_190511_874,2026-08-07 19:05:11,False,10000,867,0.0,0,0.45,1.0,0.3,0,0.5,10,9.5,10,rrt_20260807_190511_874.png
20260807_190519_204,2026-08-07 19:05:19,False,10000,798,0.0,0,0.45,1.0,0.3,0,0.5,10,9.5,10,rrt_20260807_190519_204.png
20260807_190520_563,2026-08-07 19:05:20,True,1010,255,18.449999999999996,42,0.45,1.0,0.3,0,0.5,10,9.5,10,rrt_20260807_190520_563.png
20260807_190527_403,2026-08-07 19:05:27,False,10000,790,0.0,0,0.45,1.0,0.3,0,0.5,10,9.5,10,rrt_20260807_190527_403.png
20260807_190528_491,2026-08-07 19:05:28,True,1232,259,22.049999999999986,50,0.45,1.0,0.3,0,0.5,10,9.5,10,rrt_20260807_190528_491.png
20260807_190535_678,2026-08-07 19:05:35,False,10000,798,0.0,0,0.45,1.0,0.3,0,0.5,10,9.5,10,rrt_20260807_190535_678.png
20260807_190542_066,2026-08-07 19:05:42,False,10000,715,0.0,0,0.45,1.0,0.3,0,0.5,10,9.5,10,rrt_20260807_190542_066.png
20260807_190549_283,2026-08-07 19:05:49,False,10000,844,0.0,0,0.45,1.0,0.3,0,0.5,10,9.5,10,rrt_20260807_190549_283.png
20260807_190551_490,2026-08-07 19:05:51,True,8444,210,17.97767189316802,39,0.48,0.1,0.3,0,0.5,10,9.5,10,rrt_20260807_190551_490.png
20260807_190553_933,2026-08-07 19:05:53,False,10000,227,0.0,0,0.48,0.1,0.3,0,0.5,10,9.5,10,rrt_20260807_190553_933.png
20260807_190556_529,2026-08-07 19:05:56,False,10000,202,0.0,0,0.48,0.1,0.3,0,0.5,10,9.5,10,rrt_20260807_190556_529.png
20260807_190557_566,2026-08-07 19:05:57,True,3427,128,16.704511332241175,36,0.48,0.1,0.3,0,0.5,10,9.5,10,rrt_20260807_190557_566.png
20260807_190559_385,2026-08-07 19:05:59,False,10000,148,0.0,0,0.48,0.1,0.3,0,0.5,10,9.5,10,rrt_20260807_190559_385.png
20260807_190601_613,2026-08-07 19:06:01,True,9203,215,18.24000000000001,39,0.48,0.1,0.3,0,0.5,10,9.5,10,rrt_20260807_190601_613.png
20260807_190603_213,2026-08-07 19:06:03,True,4112,161,18.240000000000006,39,0.48,0.1,0.3,0,0.5,10,9.5,10,rrt_20260807_190603_213.png
20260807_190605_911,2026-08-07 19:06:05,False,10000,224,0.0,0,0.48,0.1,0.3,0,0.5,10,9.5,10,rrt_20260807_190605_911.png
20260807_190607_386,2026-08-07 19:06:07,True,4169,153,17.69787441803833,38,0.48,0.1,0.3,0,0.5,10,9.5,10,rrt_20260807_190607_386.png
20260807_190608_643,2026-08-07 19:06:08,True,4659,152,16.746908379436107,36,0.48,0.1,0.3,0,0.5,10,9.5,10,rrt_20260807_190608_643.png
20260807_190610_033,2026-08-07 19:06:10,True,5245,173,17.616421039765687,38,0.48,0.1,0.3,0,0.5,10,9.5,10,rrt_20260807_190610_033.png
20260807_190610_885,2026-08-07 19:06:10,True,2894,96,17.655048179990654,38,0.48,0.1,0.3,0,0.5,10,9.5,10,rrt_20260807_190610_885.png
20260807_190613_204,2026-08-07 19:06:13,False,10000,200,0.0,0,0.48,0.1,0.3,0,0.5,10,9.5,10,rrt_20260807_190613_204.png
20260807_190614_667,2026-08-07 19:06:14,True,5122,158,18.868037589034532,41,0.48,0.1,0.3,0,0.5,10,9.5,10,rrt_20260807_190614_667.png
20260807_190616_247,2026-08-07 19:06:16,True,6765,192,17.76000000000001,38,0.48,0.1,0.3,0,0.5,10,9.5,10,rrt_20260807_190616_247.png
20260807_190617_644,2026-08-07 19:06:17,True,4270,147,19.030757550120356,41,0.48,0.1,0.3,0,0.5,10,9.5,10,rrt_20260807_190617_644.png
20260807_190619_239,2026-08-07 19:06:19,True,8397,181,17.760000000000005,38,0.48,0.1,0.3,0,0.5,10,9.5,10,rrt_20260807_190619_239.png
20260807_190621_871,2026-08-07 19:06:21,False,10000,224,0.0,0,0.48,0.1,0.3,0,0.5,10,9.5,10,rrt_20260807_190621_871.png
20260807_190622_877,2026-08-07 19:06:22,True,3797,121,18.132345460305086,39,0.48,0.1,0.3,0,0.5,10,9.5,10,rrt_20260807_190622_877.png
20260807_190624_397,2026-08-07 19:06:24,True,5830,194,18.720000000000006,40,0.48,0.1,0.3,0,0.5,10,9.5,10,rrt_20260807_190624_397.png
20260807_190625_644,2026-08-07 19:06:25,True,5077,185,19.088633573491684,41,0.48,0.1,0.3,0,0.5,10,9.5,10,rrt_20260807_190625_644.png
20260807_190627_643,2026-08-07 19:06:27,False,10000,164,0.0,0,0.48,0.1,0.3,0,0.5,10,9.5,10,rrt_20260807_190627_643.png
20260807_190630_267,2026-08-07 19:06:30,False,10000,223,0.0,0,0.48,0.1,0.3,0,0.5,10,9.5,10,rrt_20260807_190630_267.png
20260807_190631_965,2026-08-07 19:06:31,True,6898,162,16.666725312838338,36,0.48,0.1,0.3,0,0.5,10,9.5,10,rrt_20260807_190631_965.png
20260807_190633_417,2026-08-07 19:06:33,True,5265,137,17.76000000000001,38,0.48,0.1,0.3,0,0.5,10,9.5,10,rrt_20260807_190633_417.png
20260807_190635_848,2026-08-07 19:06:35,False,10000,219,0.0,0,0.48,0.1,0.3,0,0.5,10,9.5,10,rrt_20260807_190635_848.png
20260807_190637_765,2026-08-07 19:06:37,False,10000,145,0.0,0,0.48,0.1,0.3,0,0.5,10,9.5,10,rrt_20260807_190637_765.png
20260807_190640_256,2026-08-07 19:06:40,False,10000,203,0.0,0,0.48,0.1,0.3,0,0.5,10,9.5,10,rrt_20260807_190640_256.png
20260807_190643_075,2026-08-07 19:06:43,False,10000,232,0.0,0,0.48,0.1,0.3,0,0.5,10,9.5,10,rrt_20260807_190643_075.png
20260807_190645_200,2026-08-07 19:06:45,False,10000,181,0.0,0,0.48,0.1,0.3,0,0.5,10,9.5,10,rrt_20260807_190645_200.png
20260807_190647_605,2026-08-07 19:06:47,True,9907,219,17.9836435535298,39,0.48,0.1,0.3,0,0.5,10,9.5,10,rrt_20260807_190647_605.png
20260807_190650_047,2026-08-07 19:06:50,False,10000,203,0.0,0,0.48,0.1,0.3,0,0.5,10,9.5,10,rrt_20260807_190650_047.png
20260807_190652_923,2026-08-07 19:06:52,False,10000,216,0.0,0,0.48,0.1,0.3,0,0.5,10,9.5,10,rrt_20260807_190652_923.png
20260807_190655_172,2026-08-07 19:06:55,False,10000,145,0.0,0,0.48,0.1,0.3,0,0.5,10,9.5,10,rrt_20260807_190655_172.png
20260807_190657_332,2026-08-07 19:06:57,False,10000,191,0.0,0,0.48,0.1,0.3,0,0.5,10,9.5,10,rrt_20260807_190657_332.png
20260807_190658_320,2026-08-07 19:06:58,True,3251,123,16.772768958311733,36,0.48,0.1,0.3,0,0.5,10,9.5,10,rrt_20260807_190658_320.png
20260807_190659_291,2026-08-07 19:06:59,True,3080,132,17.760000000000005,38,0.48,0.1,0.3,0,0.5,10,9.5,10,rrt_20260807_190659_291.png
20260807_190701_126,2026-08-07 19:07:01,True,6239,201,20.640000000000008,44,0.48,0.1,0.3,0,0.5,10,9.5,10,rrt_20260807_190701_126.png
20260807_190703_704,2026-08-07 19:07:03,False,10000,202,0.0,0,0.48,0.1,0.3,0,0.5,10,9.5,10,rrt_20260807_190703_704.png
20260807_190705_620,2026-08-07 19:07:05,True,9059,182,17.729220084509414,38,0.48,0.1,0.3,0,0.5,10,9.5,10,rrt_20260807_190705_620.png
20260807_190707_995,2026-08-07 19:07:07,False,10000,215,0.0,0,0.48,0.1,0.3,0,0.5,10,9.5,10,rrt_20260807_190707_995.png
20260807_190710_787,2026-08-07 19:07:10,False,10000,230,0.0,0,0.48,0.1,0.3,0,0.5,10,9.5,10,rrt_20260807_190710_787.png
20260807_190712_372,2026-08-07 19:07:12,True,4283,169,17.28000000000001,37,0.48,0.1,0.3,0,0.5,10,9.5,10,rrt_20260807_190712_372.png
20260807_190713_813,2026-08-07 19:07:13,True,5967,171,19.022998443509998,41,0.48,0.1,0.3,0,0.5,10,9.5,10,rrt_20260807_190713_813.png
20260807_190716_071,2026-08-07 19:07:16,False,10000,198,0.0,0,0.48,0.1,0.3,0,0.5,10,9.5,10,rrt_20260807_190716_071.png
20260807_190717_766,2026-08-07 19:07:17,True,6830,181,21.11486020035793,45,0.48,0.1,0.3,0,0.5,10,9.5,10,rrt_20260807_190717_766.png
20260807_190720_270,2026-08-07 19:07:20,False,10000,193,0.0,0,0.48,0.1,0.3,0,0.5,10,9.5,10,rrt_20260807_190720_270.png
20260807_190722_498,2026-08-07 19:07:22,True,8532,199,17.504879426577556,38,0.48,0.1,0.3,0,0.5,10,9.5,10,rrt_20260807_190722_498.png
20260807_190724_126,2026-08-07 19:07:24,True,7320,169,18.240000000000006,39,0.48,0.1,0.3,0,0.5,10,9.5,10,rrt_20260807_190724_126.png
20260807_190725_847,2026-08-07 19:07:25,True,8635,181,17.699896880366108,38,0.48,0.1,0.3,0,0.5,10,9.5,10,rrt_20260807_190725_847.png
20260807_190727_801,2026-08-07 19:07:27,False,10000,157,0.0,0,0.48,0.1,0.3,0,0.5,10,9.5,10,rrt_20260807_190727_801.png
20260807_190730_934,2026-08-07 19:07:30,False,10000,232,0.0,0,0.48,0.1,0.3,0,0.5,10,9.5,10,rrt_20260807_190730_934.png
20260807_190733_659,2026-08-07 19:07:33,False,10000,227,0.0,0,0.48,0.1,0.3,0,0.5,10,9.5,10,rrt_20260807_190733_659.png
20260807_190736_267,2026-08-07 19:07:36,False,10000,233,0.0,0,0.48,0.1,0.3,0,0.5,10,9.5,10,rrt_20260807_190736_267.png
20260807_190737_073,2026-08-07 19:07:37,True,2228,91,17.760000000000005,38,0.48,0.1,0.3,0,0.5,10,9.5,10,rrt_20260807_190737_073.png
20260807_190738_882,2026-08-07 19:07:38,True,8215,213,18.79271262192113,41,0.48,0.1,0.3,0,0.5,10,9.5,10,rrt_20260807_190738_882.png
20260807_190741_571,2026-08-07 19:07:41,False,10000,241,0.0,0,0.48,0.1,0.3,0,0.5,10,9.5,10,rrt_20260807_190741_571.png
20260807_190742_829,2026-08-07 19:07:42,True,5073,153,17.693458132429697,38,0.48,0.1,0.3,0,0.5,10,9.5,10,rrt_20260807_190742_829.png
20260807_190745_287,2026-08-07 19:07:45,False,10000,209,0.0,0,0.48,0.1,0.3,0,0.5,10,9.5,10,rrt_20260807_190745_287.png
20260807_190747_671,2026-08-07 19:07:47,False,10000,162,0.0,0,0.48,0.1,0.3,0,0.5,10,9.5,10,rrt_20260807_190747_671.png
20260807_190748_941,2026-08-07 19:07:48,True,4570,150,17.76000000000001,38,0.48,0.1,0.3,0,0.5,10,9.5,10,rrt_20260807_190748_941.png
20260807_190750_145,2026-08-07 19:07:50,True,4677,176,18.240000000000002,39,0.48,0.1,0.3,0,0.5,10,9.5,10,rrt_20260807_190750_145.png
20260807_190752_153,2026-08-07 19:07:52,True,9256,203,18.72000000000001,40,0.48,0.1,0.3,0,0.5,10,9.5,10,rrt_20260807_190752_153.png
20260807_190753_623,2026-08-07 19:07:53,True,5302,176,17.10810836479904,37,0.48,0.1,0.3,0,0.5,10,9.5,10,rrt_20260807_190753_623.png
20260807_190756_273,2026-08-07 19:07:56,False,10000,210,0.0,0,0.48,0.1,0.3,0,0.5,10,9.5,10,rrt_20260807_190756_273.png
20260807_190759_184,2026-08-07 19:07:59,False,10000,240,0.0,0,0.48,0.1,0.3,0,0.5,10,9.5,10,rrt_20260807_190759_184.png
20260807_190800_193,2026-08-07 19:08:00,True,3135,128,16.800000000000004,36,0.48,0.1,0.3,0,0.5,10,9.5,10,rrt_20260807_190800_193.png
20260807_190802_769,2026-08-07 19:08:02,False,10000,199,0.0,0,0.48,0.1,0.3,0,0.5,10,9.5,10,rrt_20260807_190802_769.png
20260807_190805_061,2026-08-07 19:08:05,False,10000,165,0.0,0,0.48,0.1,0.3,0,0.5,10,9.5,10,rrt_20260807_190805_061.png
20260807_190806_387,2026-08-07 19:08:06,True,4620,160,19.678596970158154,42,0.48,0.1,0.3,0,0.5,10,9.5,10,rrt_20260807_190806_387.png
20260807_190807_353,2026-08-07 19:08:07,True,3821,140,17.61508451091176,38,0.48,0.1,0.3,0,0.5,10,9.5,10,rrt_20260807_190807_353.png
20260807_190809_401,2026-08-07 19:08:09,False,10000,156,0.0,0,0.48,0.1,0.3,0,0.5,10,9.5,10,rrt_20260807_190809_401.png
20260807_190810_415,2026-08-07 19:08:10,True,3301,117,19.49114952395392,42,0.48,0.1,0.3,0,0.5,10,9.5,10,rrt_20260807_190810_415.png
20260807_190812_983,2026-08-07 19:08:12,False,10000,216,0.0,0,0.48,0.1,0.3,0,0.5,10,9.5,10,rrt_20260807_190812_983.png
20260807_190815_219,2026-08-07 19:08:15,False,10000,163,0.0,0,0.48,0.1,0.3,0,0.5,10,9.5,10,rrt_20260807_190815_219.png
20260807_190817_271,2026-08-07 19:08:17,False,10000,148,0.0,0,0.48,0.1,0.3,0,0.5,10,9.5,10,rrt_20260807_190817_271.png
20260807_190818_331,2026-08-07 19:08:18,True,3703,130,17.205004512684546,37,0.48,0.1,0.3,0,0.5,10,9.5,10,rrt_20260807_190818_331.png
20260807_190820_663,2026-08-07 19:08:20,True,8581,197,17.61855861901062,38,0.48,0.1,0.3,0,0.5,10,9.5,10,rrt_20260807_190820_663.png
20260807_190822_686,2026-08-07 19:08:22,False,10000,180,0.0,0,0.48,0.1,0.3,0,0.5,10,9.5,10,rrt_20260807_190822_686.png
20260807_190824_951,2026-08-07 19:08:24,False,10000,194,0.0,0,0.48,0.1,0.3,0,0.5,10,9.5,10,rrt_20260807_190824_951.png
20260807_190827_266,2026-08-07 19:08:27,False,10000,212,0.0,0,0.48,0.1,0.3,0,0.5,10,9.5,10,rrt_20260807_190827_266.png
20260807_190828_967,2026-08-07 19:08:28,True,6732,170,17.280000000000005,37,0.48,0.1,0.3,0,0.5,10,9.5,10,rrt_20260807_190828_967.png
20260807_190831_269,2026-08-07 19:08:31,False,10000,167,0.0,0,0.48,0.1,0.3,0,0.5,10,9.5,10,rrt_20260807_190831_269.png
20260807_190832_774,2026-08-07 19:08:32,True,3866,133,18.240000000000006,39,0.48,0.1,0.3,0,0.5,10,9.5,10,rrt_20260807_190832_774.png
20260807_190835_176,2026-08-07 19:08:35,True,8156,217,17.76000000000001,38,0.48,0.1,0.3,0,0.5,10,9.5,10,rrt_20260807_190835_176.png
20260807_190837_511,2026-08-07 19:08:37,False,10000,210,0.0,0,0.48,0.1,0.3,0,0.5,10,9.5,10,rrt_20260807_190837_511.png
20260807_190838_793,2026-08-07 19:08:38,True,4013,106,19.200000000000006,41,0.48,0.1,0.3,0,0.5,10,9.5,10,rrt_20260807_190838_793.png
20260807_190839_762,2026-08-07 19:08:39,True,3907,121,17.28,37,0.48,0.1,0.3,0,0.5,10,9.5,10,rrt_20260807_190839_762.png
20260807_190842_349,2026-08-07 19:08:42,False,10000,229,0.0,0,0.48,0.1,0.3,0,0.5,10,9.5,10,rrt_20260807_190842_349.png
20260807_190844_002,2026-08-07 19:08:44,True,6734,187,18.70569983795538,40,0.48,0.1,0.3,0,0.5,10,9.5,10,rrt_20260807_190844_002.png
20260807_190845_050,2026-08-07 19:08:45,True,3650,149,18.23044461587147,39,0.48,0.1,0.3,0,0.5,10,9.5,10,rrt_20260807_190845_050.png
20260807_190846_278,2026-08-07 19:08:46,True,5868,152,18.24000000000001,39,0.48,0.1,0.3,0,0.5,10,9.5,10,rrt_20260807_190846_278.png
20260807_190849_224,2026-08-07 19:08:49,False,10000,247,0.0,0,0.48,0.1,0.3,0,0.5,10,9.5,10,rrt_20260807_190849_224.png
20260807_190851_684,2026-08-07 19:08:51,False,10000,222,0.0,0,0.48,0.1,0.3,0,0.5,10,9.5,10,rrt_20260807_190851_684.png
20260807_190854_060,2026-08-07 19:08:54,False,10000,231,0.0,0,0.48,0.1,0.3,0,0.5,10,9.5,10,rrt_20260807_190854_060.png
20260807_190856_677,2026-08-07 19:08:56,True,8618,233,18.102647977280846,39,0.48,0.1,0.3,0,0.5,10,9.5,10,rrt_20260807_190856_677.png
20260807_190857_933,2026-08-07 19:08:57,True,3779,138,17.64435671393681,38,0.48,0.1,0.3,0,0.5,10,9.5,10,rrt_20260807_190857_933.png
20260807_190859_505,2026-08-07 19:08:59,True,7203,190,18.71700317658812,40,0.48,0.1,0.3,0,0.5,10,9.5,10,rrt_20260807_190859_505.png
20260807_190901_364,2026-08-07 19:09:01,True,8979,176,17.76000000000001,38,0.48,0.1,0.3,0,0.5,10,9.5,10,rrt_20260807_190901_364.png
20260807_190903_946,2026-08-07 19:09:03,False,10000,211,0.0,0,0.48,0.1,0.3,0,0.5,10,9.5,10,rrt_20260807_190903_946.png
20260807_190906_673,2026-08-07 19:09:06,False,10000,218,0.0,0,0.48,0.2,0.3,0,0.5,10,9.5,10,rrt_20260807_190906_673.png
20260807_190907_590,2026-08-07 19:09:07,True,1807,131,18.720000000000002,40,0.48,0.2,0.3,0,0.5,10,9.5,10,rrt_20260807_190907_590.png
20260807_190910_676,2026-08-07 19:09:10,False,10000,276,0.0,0,0.48,0.2,0.3,0,0.5,10,9.5,10,rrt_20260807_190910_676.png
20260807_190913_932,2026-08-07 19:09:13,False,10000,288,0.0,0,0.48,0.2,0.3,0,0.5,10,9.5,10,rrt_20260807_190913_932.png
20260807_190917_839,2026-08-07 19:09:17,False,10000,308,0.0,0,0.48,0.2,0.3,0,0.5,10,9.5,10,rrt_20260807_190917_839.png
20260807_190919_515,2026-08-07 19:09:19,True,5509,236,18.126961039409505,39,0.48,0.2,0.3,0,0.5,10,9.5,10,rrt_20260807_190919_515.png
20260807_190920_399,2026-08-07 19:09:20,True,2417,134,18.24000000000001,39,0.48,0.2,0.3,0,0.5,10,9.5,10,rrt_20260807_190920_399.png
20260807_190921_192,2026-08-07 19:09:21,True,1643,151,18.1522161180694,39,0.48,0.2,0.3,0,0.5,10,9.5,10,rrt_20260807_190921_192.png
20260807_190922_255,2026-08-07 19:09:22,True,4948,139,17.280000000000005,37,0.48,0.2,0.3,0,0.5,10,9.5,10,rrt_20260807_190922_255.png
20260807_190923_043,2026-08-07 19:09:23,True,2113,104,17.76,38,0.48,0.2,0.3,0,0.5,10,9.5,10,rrt_20260807_190923_043.png
20260807_190924_902,2026-08-07 19:09:24,True,6329,245,18.06653794741996,39,0.48,0.2,0.3,0,0.5,10,9.5,10,rrt_20260807_190924_902.png
20260807_190926_303,2026-08-07 19:09:26,True,2531,179,18.442299376090755,40,0.48,0.2,0.3,0,0.5,10,9.5,10,rrt_20260807_190926_303.png
20260807_190927_080,2026-08-07 19:09:27,True,1719,116,17.613612506534995,38,0.48,0.2,0.3,0,0.5,10,9.5,10,rrt_20260807_190927_080.png
20260807_190930_150,2026-08-07 19:09:30,False,10000,274,0.0,0,0.48,0.2,0.3,0,0.5,10,9.5,10,rrt_20260807_190930_150.png
20260807_190931_448,2026-08-07 19:09:31,True,3677,210,21.449626467522737,46,0.48,0.2,0.3,0,0.5,10,9.5,10,rrt_20260807_190931_448.png
20260807_190934_453,2026-08-07 19:09:34,False,10000,283,0.0,0,0.48,0.2,0.3,0,0.5,10,9.5,10,rrt_20260807_190934_453.png
20260807_190937_556,2026-08-07 19:09:37,False,10000,271,0.0,0,0.48,0.2,0.3,0,0.5,10,9.5,10,rrt_20260807_190937_556.png
20260807_190940_237,2026-08-07 19:09:40,False,10000,226,0.0,0,0.48,0.2,0.3,0,0.5,10,9.5,10,rrt_20260807_190940_237.png
20260807_190941_635,2026-08-07 19:09:41,True,4218,220,18.11792718512154,39,0.48,0.2,0.3,0,0.5,10,9.5,10,rrt_20260807_190941_635.png
20260807_190944_702,2026-08-07 19:09:44,False,10000,274,0.0,0,0.48,0.2,0.3,0,0.5,10,9.5,10,rrt_20260807_190944_702.png
20260807_190948_075,2026-08-07 19:09:48,False,10000,279,0.0,0,0.48,0.2,0.3,0,0.5,10,9.5,10,rrt_20260807_190948_075.png
20260807_190951_337,2026-08-07 19:09:51,False,10000,304,0.0,0,0.48,0.2,0.3,0,0.5,10,9.5,10,rrt_20260807_190951_337.png
20260807_190953_823,2026-08-07 19:09:53,True,6353,253,22.08000000000001,47,0.48,0.2,0.3,0,0.5,10,9.5,10,rrt_20260807_190953_823.png
20260807_190955_625,2026-08-07 19:09:55,True,5281,240,18.816700106565456,41,0.48,0.2,0.3,0,0.5,10,9.5,10,rrt_20260807_190955_625.png
20260807_190957_585,2026-08-07 19:09:57,True,5925,253,18.936742411047177,41,0.48,0.2,0.3,0,0.5,10,9.5,10,rrt_20260807_190957_585.png
20260807_190958_466,2026-08-07 19:09:58,True,1068,86,17.280000000000012,37,0.48,0.2,0.3,0,0.5,10,9.5,10,rrt_20260807_190958_466.png
20260807_191001_902,2026-08-07 19:10:01,False,10000,300,0.0,0,0.48,0.2,0.3,0,0.5,10,9.5,10,rrt_20260807_191001_902.png
20260807_191002_913,2026-08-07 19:10:02,True,2901,123,17.760000000000005,38,0.48,0.2,0.3,0,0.5,10,9.5,10,rrt_20260807_191002_913.png
20260807_191005_987,2026-08-07 19:10:05,False,10000,287,0.0,0,0.48,0.2,0.3,0,0.5,10,9.5,10,rrt_20260807_191005_987.png
20260807_191008_329,2026-08-07 19:10:08,False,10000,179,0.0,0,0.48,0.2,0.3,0,0.5,10,9.5,10,rrt_20260807_191008_329.png
20260807_191009_615,2026-08-07 19:10:09,True,2833,126,19.200000000000006,41,0.48,0.2,0.3,0,0.5,10,9.5,10,rrt_20260807_191009_615.png
20260807_191012_988,2026-08-07 19:10:12,False,10000,288,0.0,0,0.48,0.2,0.3,0,0.5,10,9.5,10,rrt_20260807_191012_988.png
20260807_191014_227,2026-08-07 19:10:14,True,3757,170,24.480000000000015,52,0.48,0.2,0.3,0,0.5,10,9.5,10,rrt_20260807_191014_227.png
20260807_191017_422,2026-08-07 19:10:17,False,10000,293,0.0,0,0.48,0.2,0.3,0,0.5,10,9.5,10,rrt_20260807_191017_422.png
20260807_191019_985,2026-08-07 19:10:19,False,10000,210,0.0,0,0.48,0.2,0.3,0,0.5,10,9.5,10,rrt_20260807_191019_985.png
20260807_191021_413,2026-08-07 19:10:21,True,4172,219,17.28,37,0.48,0.2,0.3,0,0.5,10,9.5,10,rrt_20260807_191021_413.png
20260807_191024_572,2026-08-07 19:10:24,False,10000,275,0.0,0,0.48,0.2,0.3,0,0.5,10,9.5,10,rrt_20260807_191024_572.png
20260807_191026_044,2026-08-07 19:10:26,True,4053,202,18.240000000000006,39,0.48,0.2,0.3,0,0.5,10,9.5,10,rrt_20260807_191026_044.png
20260807_191027_180,2026-08-07 19:10:27,True,2175,130,16.660245047017096,36,0.48,0.2,0.3,0,0.5,10,9.5,10,rrt_20260807_191027_180.png
20260807_191028_299,2026-08-07 19:10:28,True,2315,125,17.28,37,0.48,0.2,0.3,0,0.5,10,9.5,10,rrt_20260807_191028_299.png
20260807_191029_077,2026-08-07 19:10:29,True,779,93,16.800000000000004,36,0.48,0.2,0.3,0,0.5,10,9.5,10,rrt_20260807_191029_077.png
20260807_191032_102,2026-08-07 19:10:32,False,10000,270,0.0,0,0.48,0.2,0.3,0,0.5,10,9.5,10,rrt_20260807_191032_102.png
20260807_191035_648,2026-08-07 19:10:35,False,10000,333,0.0,0,0.48,0.2,0.3,0,0.5,10,9.5,10,rrt_20260807_191035_648.png
20260807_191038_787,2026-08-07 19:10:38,False,10000,272,0.0,0,0.48,0.2,0.3,0,0.5,10,9.5,10,rrt_20260807_191038_787.png
20260807_191042_017,2026-08-07 19:10:42,True,9801,296,17.639668763346485,38,0.48,0.2,0.3,0,0.5,10,9.5,10,rrt_20260807_191042_017.png
20260807_191043_102,2026-08-07 19:10:43,True,3080,172,18.720000000000006,40,0.48,0.2,0.3,0,0.5,10,9.5,10,rrt_20260807_191043_102.png
20260807_191046_317,2026-08-07 19:10:46,False,10000,291,0.0,0,0.48,0.2,0.3,0,0.5,10,9.5,10,rrt_20260807_191046_317.png
20260807_191048_896,2026-08-07 19:10:48,False,10000,223,0.0,0,0.48,0.2,0.3,0,0.5,10,9.5,10,rrt_20260807_191048_896.png
20260807_191050_402,2026-08-07 19:10:50,True,4178,159,18.614121250100858,40,0.48,0.2,0.3,0,0.5,10,9.5,10,rrt_20260807_191050_402.png
20260807_191052_788,2026-08-07 19:10:52,False,10000,177,0.0,0,0.48,0.2,0.3,0,0.5,10,9.5,10,rrt_20260807_191052_788.png
20260807_191053_665,2026-08-07 19:10:53,True,1828,155,19.200000000000006,41,0.48,0.2,0.3,0,0.5,10,9.5,10,rrt_20260807_191053_665.png
20260807_191054_820,2026-08-07 19:10:54,True,3604,204,19.124924012167646,41,0.48,0.2,0.3,0,0.5,10,9.5,10,rrt_20260807_191054_820.png
20260807_191055_828,2026-08-07 19:10:55,True,2390,173,18.585187802209326,40,0.48,0.2,0.3,0,0.5,10,9.5,10,rrt_20260807_191055_828.png
20260807_191056_802,2026-08-07 19:10:56,True,2969,166,22.385923448872838,48,0.48,0.2,0.3,0,0.5,10,9.5,10,rrt_20260807_191056_802.png
20260807_191100_141,2026-08-07 19:11:00,False,10000,300,0.0,0,0.48,0.2,0.3,0,0.5,10,9.5,10,rrt_20260807_191100_141.png
20260807_191101_223,2026-08-07 19:11:01,True,1188,123,17.76000000000001,38,0.48,0.2,0.3,0,0.5,10,9.5,10,rrt_20260807_191101_223.png
20260807_191102_399,2026-08-07 19:11:02,True,3762,196,18.00453476290434,39,0.48,0.2,0.3,0,0.5,10,9.5,10,rrt_20260807_191102_399.png
20260807_191105_230,2026-08-07 19:11:05,False,10000,208,0.0,0,0.48,0.2,0.3,0,0.5,10,9.5,10,rrt_20260807_191105_230.png
20260807_191108_380,2026-08-07 19:11:08,False,10000,284,0.0,0,0.48,0.2,0.3,0,0.5,10,9.5,10,rrt_20260807_191108_380.png
20260807_191111_594,2026-08-07 19:11:11,False,10000,298,0.0,0,0.48,0.2,0.3,0,0.5,10,9.5,10,rrt_20260807_191111_594.png
20260807_191115_119,2026-08-07 19:11:15,False,10000,315,0.0,0,0.48,0.2,0.3,0,0.5,10,9.5,10,rrt_20260807_191115_119.png
20260807_191118_466,2026-08-07 19:11:18,False,10000,289,0.0,0,0.48,0.2,0.3,0,0.5,10,9.5,10,rrt_20260807_191118_466.png
20260807_191120_175,2026-08-07 19:11:20,False,10000,109,0.0,0,0.48,0.2,0.3,0,0.5,10,9.5,10,rrt_20260807_191120_175.png
20260807_191121_427,2026-08-07 19:11:21,True,4366,182,18.584163444364478,40,0.48,0.2,0.3,0,0.5,10,9.5,10,rrt_20260807_191121_427.png
20260807_191124_845,2026-08-07 19:11:24,False,10000,310,0.0,0,0.48,0.2,0.3,0,0.5,10,9.5,10,rrt_20260807_191124_845.png
20260807_191127_835,2026-08-07 19:11:27,False,10000,274,0.0,0,0.48,0.2,0.3,0,0.5,10,9.5,10,rrt_20260807_191127_835.png
20260807_191130_588,2026-08-07 19:11:30,False,10000,182,0.0,0,0.48,0.2,0.3,0,0.5,10,9.5,10,rrt_20260807_191130_588.png
20260807_191131_465,2026-08-07 19:11:31,True,1785,143,17.760000000000005,38,0.48,0.2,0.3,0,0.5,10,9.5,10,rrt_20260807_191131_465.png
20260807_191132_371,2026-08-07 19:11:32,True,2566,148,17.760000000000005,38,0.48,0.2,0.3,0,0.5,10,9.5,10,rrt_20260807_191132_371.png
20260807_191136_136,2026-08-07 19:11:36,False,10000,316,0.0,0,0.48,0.2,0.3,0,0.5,10,9.5,10,rrt_20260807_191136_136.png
20260807_191137_014,2026-08-07 19:11:37,True,1614,141,17.280000000000005,37,0.48,0.2,0.3,0,0.5,10,9.5,10,rrt_20260807_191137_014.png
20260807_191140_243,2026-08-07 19:11:40,True,9503,311,17.40233201852866,38,0.48,0.2,0.3,0,0.5,10,9.5,10,rrt_20260807_191140_243.png
20260807_191143_266,2026-08-07 19:11:43,False,10000,273,0.0,0,0.48,0.2,0.3,0,0.5,10,9.5,10,rrt_20260807_191143_266.png
20260807_191146_013,2026-08-07 19:11:46,False,10000,254,0.0,0,0.48,0.2,0.3,0,0.5,10,9.5,10,rrt_20260807_191146_013.png
20260807_191147_105,2026-08-07 19:11:47,True,2898,189,18.720000000000006,40,0.48,0.2,0.3,0,0.5,10,9.5,10,rrt_20260807_191147_105.png
20260807_191150_356,2026-08-07 19:11:50,False,10000,252,0.0,0,0.48,0.2,0.3,0,0.5,10,9.5,10,rrt_20260807_191150_356.png
20260807_191151_288,2026-08-07 19:11:51,True,2287,143,18.240000000000006,39,0.48,0.2,0.3,0,0.5,10,9.5,10,rrt_20260807_191151_288.png
20260807_191151_998,2026-08-07 19:11:51,True,1301,95,18.24000000000001,39,0.48,0.2,0.3,0,0.5,10,9.5,10,rrt_20260807_191151_998.png
20260807_191154_376,2026-08-07 19:11:54,False,10000,195,0.0,0,0.48,0.2,0.3,0,0.5,10,9.5,10,rrt_20260807_191154_376.png
20260807_191156_740,2026-08-07 19:11:56,False,10000,193,0.0,0,0.48,0.2,0.3,0,0.5,10,9.5,10,rrt_20260807_191156_740.png
20260807_191200_028,2026-08-07 19:12:00,False,10000,314,0.0,0,0.48,0.2,0.3,0,0.5,10,9.5,10,rrt_20260807_191200_028.png
20260807_191202_470,2026-08-07 19:12:02,False,10000,213,0.0,0,0.48,0.2,0.3,0,0.5,10,9.5,10,rrt_20260807_191202_470.png
20260807_191205_016,2026-08-07 19:12:05,True,8330,248,22.40238638032847,48,0.48,0.2,0.3,0,0.5,10,9.5,10,rrt_20260807_191205_016.png
20260807_191208_088,2026-08-07 19:12:08,False,10000,265,0.0,0,0.48,0.2,0.3,0,0.5,10,9.5,10,rrt_20260807_191208_088.png
20260807_191211_757,2026-08-07 19:12:11,False,10000,288,0.0,0,0.48,0.2,0.3,0,0.5,10,9.5,10,rrt_20260807_191211_757.png
20260807_191212_716,2026-08-07 19:12:12,True,2224,158,19.20000000000001,41,0.48,0.2,0.3,0,0.5,10,9.5,10,rrt_20260807_191212_716.png
20260807_191213_679,2026-08-07 19:12:13,True,2065,153,18.064237375290265,39,0.48,0.2,0.3,0,0.5,10,9.5,10,rrt_20260807_191213_679.png
20260807_191217_204,2026-08-07 19:12:17,False,10000,300,0.0,0,0.48,0.2,0.3,0,0.5,10,9.5,10,rrt_20260807_191217_204.png
20260807_191218_389,2026-08-07 19:12:18,True,3525,194,18.966827035550075,41,0.48,0.2,0.3,0,0.5,10,9.5,10,rrt_20260807_191218_389.png
20260807_191220_762,2026-08-07 19:12:20,False,10000,198,0.0,0,0.48,0.2,0.3,0,0.5,10,9.5,10,rrt_20260807_191220_762.png
20260807_191223_713,2026-08-07 19:12:23,False,10000,253,0.0,0,0.48,0.2,0.3,0,0.5,10,9.5,10,rrt_20260807_191223_713.png
20260807_191226_866,2026-08-07 19:12:26,False,10000,299,0.0,0,0.48,0.2,0.3,0,0.5,10,9.5,10,rrt_20260807_191226_866.png
20260807_191228_251,2026-08-07 19:12:28,True,2531,162,18.240000000000006,39,0.48,0.2,0.3,0,0.5,10,9.5,10,rrt_20260807_191228_251.png
20260807_191231_547,2026-08-07 19:12:31,False,10000,302,0.0,0,0.48,0.2,0.3,0,0.5,10,9.5,10,rrt_20260807_191231_547.png
20260807_191234_782,2026-08-07 19:12:34,False,10000,285,0.0,0,0.48,0.2,0.3,0,0.5,10,9.5,10,rrt_20260807_191234_782.png
20260807_191237_648,2026-08-07 19:12:37,False,10000,265,0.0,0,0.48,0.2,0.3,0,0.5,10,9.5,10,rrt_20260807_191237_648.png
20260807_191239_222,2026-08-07 19:12:39,True,5705,216,19.680000000000007,42,0.48,0.2,0.3,0,0.5,10,9.5,10,rrt_20260807_191239_222.png
20260807_191242_512,2026-08-07 19:12:42,False,10000,283,0.0,0,0.48,0.2,0.3,0,0.5,10,9.5,10,rrt_20260807_191242_512.png
20260807_191245_955,2026-08-07 19:12:45,False,10000,299,0.0,0,0.48,0.2,0.3,0,0.5,10,9.5,10,rrt_20260807_191245_955.png
20260807_191246_744,2026-08-07 19:12:46,True,1302,105,16.800000000000008,36,0.48,0.2,0.3,0,0.5,10,9.5,10,rrt_20260807_191246_744.png
20260807_191247_602,2026-08-07 19:12:47,True,2384,153,17.28,37,0.48,0.3,0.3,0,0.5,10,9.5,10,rrt_20260807_191247_602.png
20260807_191248_623,2026-08-07 19:12:48,True,812,118,17.198412266298146,37,0.48,0.3,0.3,0,0.5,10,9.5,10,rrt_20260807_191248_623.png
20260807_191252_567,2026-08-07 19:12:52,False,10000,371,0.0,0,0.48,0.3,0.3,0,0.5,10,9.5,10,rrt_20260807_191252_567.png
20260807_191253_352,2026-08-07 19:12:53,True,1005,131,17.738359227336026,38,0.48,0.3,0.3,0,0.5,10,9.5,10,rrt_20260807_191253_352.png
20260807_191257_248,2026-08-07 19:12:57,False,10000,367,0.0,0,0.48,0.3,0.3,0,0.5,10,9.5,10,rrt_20260807_191257_248.png
20260807_191258_659,2026-08-07 19:12:58,True,3337,231,18.080056778557697,39,0.48,0.3,0.3,0,0.5,10,9.5,10,rrt_20260807_191258_659.png
20260807_191259_816,2026-08-07 19:12:59,True,2949,226,20.959107714459257,45,0.48,0.3,0.3,0,0.5,10,9.5,10,rrt_20260807_191259_816.png
20260807_191300_613,2026-08-07 19:13:00,True,1453,148,18.16931184678419,39,0.48,0.3,0.3,0,0.5,10,9.5,10,rrt_20260807_191300_613.png
20260807_191304_363,2026-08-07 19:13:04,False,10000,352,0.0,0,0.48,0.3,0.3,0,0.5,10,9.5,10,rrt_20260807_191304_363.png
20260807_191305_298,2026-08-07 19:13:05,True,2355,154,18.240000000000002,39,0.48,0.3,0.3,0,0.5,10,9.5,10,rrt_20260807_191305_298.png
20260807_191306_521,2026-08-07 19:13:06,True,2316,143,17.605070847758558,38,0.48,0.3,0.3,0,0.5,10,9.5,10,rrt_20260807_191306_521.png
20260807_191307_735,2026-08-07 19:13:07,True,2820,179,18.72000000000001,40,0.48,0.3,0.3,0,0.5,10,9.5,10,rrt_20260807_191307_735.png
20260807_191308_633,2026-08-07 19:13:08,True,2164,144,18.240000000000006,39,0.48,0.3,0.3,0,0.5,10,9.5,10,rrt_20260807_191308_633.png
20260807_191309_522,2026-08-07 19:13:09,True,1487,135,17.28000000000001,37,0.48,0.3,0.3,0,0.5,10,9.5,10,rrt_20260807_191309_522.png
20260807_191313_030,2026-08-07 19:13:13,False,10000,324,0.0,0,0.48,0.3,0.3,0,0.5,10,9.5,10,rrt_20260807_191313_030.png
20260807_191316_632,2026-08-07 19:13:16,False,10000,321,0.0,0,0.48,0.3,0.3,0,0.5,10,9.5,10,rrt_20260807_191316_632.png
20260807_191317_545,2026-08-07 19:13:17,True,2329,166,16.800000000000004,36,0.48,0.3,0.3,0,0.5,10,9.5,10,rrt_20260807_191317_545.png
20260807_191319_091,2026-08-07 19:13:19,True,4391,255,17.76,38,0.48,0.3,0.3,0,0.5,10,9.5,10,rrt_20260807_191319_091.png
20260807_191320_240,2026-08-07 19:13:20,True,3365,199,18.067598671399484,39,0.48,0.3,0.3,0,0.5,10,9.5,10,rrt_20260807_191320_240.png
20260807_191324_216,2026-08-07 19:13:24,False,10000,334,0.0,0,0.48,0.3,0.3,0,0.5,10,9.5,10,rrt_20260807_191324_216.png
20260807_191327_144,2026-08-07 19:13:27,False,10000,282,0.0,0,0.48,0.3,0.3,0,0.5,10,9.5,10,rrt_20260807_191327_144.png
20260807_191328_184,2026-08-07 19:13:28,True,1286,106,17.280000000000005,37,0.48,0.3,0.3,0,0.5,10,9.5,10,rrt_20260807_191328_184.png
20260807_191329_048,2026-08-07 19:13:29,True,967,139,19.11431973069497,41,0.48,0.3,0.3,0,0.5,10,9.5,10,rrt_20260807_191329_048.png
20260807_191329_872,2026-08-07 19:13:29,True,956,116,19.680000000000007,42,0.48,0.3,0.3,0,0.5,10,9.5,10,rrt_20260807_191329_872.png
20260807_191331_184,2026-08-07 19:13:31,True,4076,220,21.60000000000001,46,0.48,0.3,0.3,0,0.5,10,9.5,10,rrt_20260807_191331_184.png
20260807_191331_985,2026-08-07 19:13:31,True,776,111,17.760000000000005,38,0.48,0.3,0.3,0,0.5,10,9.5,10,rrt_20260807_191331_985.png
20260807_191332_847,2026-08-07 19:13:32,True,1349,137,17.760000000000005,38,0.48,0.3,0.3,0,0.5,10,9.5,10,rrt_20260807_191332_847.png
20260807_191336_832,2026-08-07 19:13:36,False,10000,382,0.0,0,0.48,0.3,0.3,0,0.5,10,9.5,10,rrt_20260807_191336_832.png
20260807_191339_230,2026-08-07 19:13:39,True,4349,273,20.640000000000008,44,0.48,0.3,0.3,0,0.5,10,9.5,10,rrt_20260807_191339_230.png
20260807_191343_180,2026-08-07 19:13:43,False,10000,370,0.0,0,0.48,0.3,0.3,0,0.5,10,9.5,10,rrt_20260807_191343_180.png
20260807_191344_472,2026-08-07 19:13:44,True,2690,221,18.085329036423378,39,0.48,0.3,0.3,0,0.5,10,9.5,10,rrt_20260807_191344_472.png
20260807_191348_330,2026-08-07 19:13:48,False,10000,372,0.0,0,0.48,0.3,0.3,0,0.5,10,9.5,10,rrt_20260807_191348_330.png
20260807_191349_144,2026-08-07 19:13:49,True,1432,132,17.76000000000001,38,0.48,0.3,0.3,0,0.5,10,9.5,10,rrt_20260807_191349_144.png
20260807_191349_974,2026-08-07 19:13:49,True,2033,157,18.720000000000006,40,0.48,0.3,0.3,0,0.5,10,9.5,10,rrt_20260807_191349_974.png
20260807_191353_967,2026-08-07 19:13:53,False,10000,380,0.0,0,0.48,0.3,0.3,0,0.5,10,9.5,10,rrt_20260807_191353_967.png
20260807_191357_936,2026-08-07 19:13:57,False,10000,377,0.0,0,0.48,0.3,0.3,0,0.5,10,9.5,10,rrt_20260807_191357_936.png
20260807_191358_732,2026-08-07 19:13:58,True,867,119,17.760000000000005,38,0.48,0.3,0.3,0,0.5,10,9.5,10,rrt_20260807_191358_732.png
20260807_191402_620,2026-08-07 19:14:02,False,10000,337,0.0,0,0.48,0.3,0.3,0,0.5,10,9.5,10,rrt_20260807_191402_620.png
20260807_191405_530,2026-08-07 19:14:05,False,10000,261,0.0,0,0.48,0.3,0.3,0,0.5,10,9.5,10,rrt_20260807_191405_530.png
20260807_191409_013,2026-08-07 19:14:09,False,10000,321,0.0,0,0.48,0.3,0.3,0,0.5,10,9.5,10,rrt_20260807_191409_013.png
20260807_191411_883,2026-08-07 19:14:11,False,10000,253,0.0,0,0.48,0.3,0.3,0,0.5,10,9.5,10,rrt_20260807_191411_883.png
20260807_191415_696,2026-08-07 19:14:15,False,10000,350,0.0,0,0.48,0.3,0.3,0,0.5,10,9.5,10,rrt_20260807_191415_696.png
20260807_191419_286,2026-08-07 19:14:19,False,10000,305,0.0,0,0.48,0.3,0.3,0,0.5,10,9.5,10,rrt_20260807_191419_286.png
20260807_191423_166,2026-08-07 19:14:23,False,10000,346,0.0,0,0.48,0.3,0.3,0,0.5,10,9.5,10,rrt_20260807_191423_166.png
20260807_191424_391,2026-08-07 19:14:24,True,3131,203,18.240000000000006,39,0.48,0.3,0.3,0,0.5,10,9.5,10,rrt_20260807_191424_391.png
20260807_191428_069,2026-08-07 19:14:28,False,10000,366,0.0,0,0.48,0.3,0.3,0,0.5,10,9.5,10,rrt_20260807_191428_069.png
20260807_191429_265,2026-08-07 19:14:29,True,781,111,16.8,36,0.48,0.3,0.3,0,0.5,10,9.5,10,rrt_20260807_191429_265.png
20260807_191431_255,2026-08-07 19:14:31,True,7514,249,18.240000000000002,39,0.48,0.3,0.3,0,0.5,10,9.5,10,rrt_20260807_191431_255.png
20260807_191435_110,2026-08-07 19:14:35,False,10000,370,0.0,0,0.48,0.3,0.3,0,0.5,10,9.5,10,rrt_20260807_191435_110.png
20260807_191438_296,2026-08-07 19:14:38,False,10000,295,0.0,0,0.48,0.3,0.3,0,0.5,10,9.5,10,rrt_20260807_191438_296.png
20260807_191441_118,2026-08-07 19:14:41,False,10000,246,0.0,0,0.48,0.3,0.3,0,0.5,10,9.5,10,rrt_20260807_191441_118.png
20260807_191444_665,2026-08-07 19:14:44,False,10000,322,0.0,0,0.48,0.3,0.3,0,0.5,10,9.5,10,rrt_20260807_191444_665.png
20260807_191447_710,2026-08-07 19:14:47,False,10000,261,0.0,0,0.48,0.3,0.3,0,0.5,10,9.5,10,rrt_20260807_191447_710.png
20260807_191448_724,2026-08-07 19:14:48,True,2115,190,18.094403450677635,39,0.48,0.3,0.3,0,0.5,10,9.5,10,rrt_20260807_191448_724.png
20260807_191449_673,2026-08-07 19:14:49,True,2058,176,19.673208094272894,42,0.48,0.3,0.3,0,0.5,10,9.5,10,rrt_20260807_191449_673.png
20260807_191454_099,2026-08-07 19:14:54,False,10000,361,0.0,0,0.48,0.3,0.3,0,0.5,10,9.5,10,rrt_20260807_191454_099.png
20260807_191458_134,2026-08-07 19:14:58,False,10000,365,0.0,0,0.48,0.3,0.3,0,0.5,10,9.5,10,rrt_20260807_191458_134.png
20260807_191502_640,2026-08-07 19:15:02,False,10000,384,0.0,0,0.48,0.3,0.3,0,0.5,10,9.5,10,rrt_20260807_191502_640.png
20260807_191505_897,2026-08-07 19:15:05,False,10000,281,0.0,0,0.48,0.3,0.3,0,0.5,10,9.5,10,rrt_20260807_191505_897.png
20260807_191506_945,2026-08-07 19:15:06,True,2358,177,19.167546355596325,41,0.48,0.3,0.3,0,0.5,10,9.5,10,rrt_20260807_191506_945.png
20260807_191507_719,2026-08-07 19:15:07,True,1484,139,20.160000000000007,43,0.48,0.3,0.3,0,0.5,10,9.5,10,rrt_20260807_191507_719.png
20260807_191508_416,2026-08-07 19:15:08,True,935,99,17.280000000000005,37,0.48,0.3,0.3,0,0.5,10,9.5,10,rrt_20260807_191508_416.png
20260807_191509_207,2026-08-07 19:15:09,True,1721,132,16.800000000000004,36,0.48,0.3,0.3,0,0.5,10,9.5,10,rrt_20260807_191509_207.png
20260807_191510_486,2026-08-07 19:15:10,True,1576,151,18.38806628782837,40,0.48,0.3,0.3,0,0.5,10,9.5,10,rrt_20260807_191510_486.png
20260807_191511_267,2026-08-07 19:15:11,True,1738,134,17.75072240337714,38,0.48,0.3,0.3,0,0.5,10,9.5,10,rrt_20260807_191511_267.png
20260807_191515_396,2026-08-07 19:15:15,False,10000,401,0.0,0,0.48,0.3,0.3,0,0.5,10,9.5,10,rrt_20260807_191515_396.png
20260807_191516_577,2026-08-07 19:15:16,True,1557,145,18.240000000000006,39,0.48,0.3,0.3,0,0.5,10,9.5,10,rrt_20260807_191516_577.png
20260807_191520_049,2026-08-07 19:15:20,False,10000,342,0.0,0,0.48,0.3,0.3,0,0.5,10,9.5,10,rrt_20260807_191520_049.png
20260807_191523_708,2026-08-07 19:15:23,False,10000,357,0.0,0,0.48,0.3,0.3,0,0.5,10,9.5,10,rrt_20260807_191523_708.png
20260807_191524_667,2026-08-07 19:15:24,True,1143,159,17.28000000000001,37,0.48,0.3,0.3,0,0.5,10,9.5,10,rrt_20260807_191524_667.png
20260807_191528_369,2026-08-07 19:15:28,False,10000,341,0.0,0,0.48,0.3,0.3,0,0.5,10,9.5,10,rrt_20260807_191528_369.png
20260807_191532_465,2026-08-07 19:15:32,False,10000,366,0.0,0,0.48,0.3,0.3,0,0.5,10,9.5,10,rrt_20260807_191532_465.png
20260807_191535_176,2026-08-07 19:15:35,True,5630,262,20.156312460788882,43,0.48,0.3,0.3,0,0.5,10,9.5,10,rrt_20260807_191535_176.png
20260807_191539_104,2026-08-07 19:15:39,False,10000,376,0.0,0,0.48,0.3,0.3,0,0.5,10,9.5,10,rrt_20260807_191539_104.png
20260807_191540_927,2026-08-07 19:15:40,True,4904,273,17.748192250601836,39,0.48,0.3,0.3,0,0.5,10,9.5,10,rrt_20260807_191540_927.png
20260807_191541_752,2026-08-07 19:15:41,True,1259,147,25.423494125514377,54,0.48,0.3,0.3,0,0.5,10,9.5,10,rrt_20260807_191541_752.png
20260807_191545_075,2026-08-07 19:15:45,False,10000,319,0.0,0,0.48,0.3,0.3,0,0.5,10,9.5,10,rrt_20260807_191545_075.png
20260807_191546_096,2026-08-07 19:15:46,True,2084,176,18.57464791636256,40,0.48,0.3,0.3,0,0.5,10,9.5,10,rrt_20260807_191546_096.png
20260807_191546_885,2026-08-07 19:15:46,True,1231,139,17.280000000000005,37,0.48,0.3,0.3,0,0.5,10,9.5,10,rrt_20260807_191546_885.png
20260807_191547_632,2026-08-07 19:15:47,True,1279,139,17.663324139773906,38,0.48,0.3,0.3,0,0.5,10,9.5,10,rrt_20260807_191547_632.png
20260807_191548_612,2026-08-07 19:15:48,True,2330,192,18.219590389649262,39,0.48,0.3,0.3,0,0.5,10,9.5,10,rrt_20260807_191548_612.png
20260807_191551_903,2026-08-07 19:15:51,False,10000,254,0.0,0,0.48,0.3,0.3,0,0.5,10,9.5,10,rrt_20260807_191551_903.png
20260807_191552_791,2026-08-07 19:15:52,True,1641,177,22.527097222875298,48,0.48,0.3,0.3,0,0.5,10,9.5,10,rrt_20260807_191552_791.png
20260807_191553_741,2026-08-07 19:15:53,True,2348,165,18.240000000000006,39,0.48,0.3,0.3,0,0.5,10,9.5,10,rrt_20260807_191553_741.png
20260807_191557_388,2026-08-07 19:15:57,False,10000,343,0.0,0,0.48,0.3,0.3,0,0.5,10,9.5,10,rrt_20260807_191557_388.png
20260807_191558_468,2026-08-07 19:15:58,True,1380,161,18.24000000000001,39,0.48,0.3,0.3,0,0.5,10,9.5,10,rrt_20260807_191558_468.png
20260807_191601_593,2026-08-07 19:16:01,False,10000,278,0.0,0,0.48,0.3,0.3,0,0.5,10,9.5,10,rrt_20260807_191601_593.png
20260807_191602_657,2026-08-07 19:16:02,True,2728,175,20.16000000000001,43,0.48,0.3,0.3,0,0.5,10,9.5,10,rrt_20260807_191602_657.png
20260807_191604_163,2026-08-07 19:16:04,True,4300,253,18.720000000000006,40,0.48,0.3,0.3,0,0.5,10,9.5,10,rrt_20260807_191604_163.png
20260807_191605_062,2026-08-07 19:16:05,True,1698,168,16.800000000000008,36,0.48,0.3,0.3,0,0.5,10,9.5,10,rrt_20260807_191605_062.png
20260807_191606_315,2026-08-07 19:16:06,True,1591,137,18.24000000000001,39,0.48,0.3,0.3,0,0.5,10,9.5,10,rrt_20260807_191606_315.png
20260807_191607_177,2026-08-07 19:16:07,True,1603,151,17.804287996235598,39,0.48,0.3,0.3,0,0.5,10,9.5,10,rrt_20260807_191607_177.png
20260807_191608_335,2026-08-07 19:16:08,True,3281,214,17.682209933776473,38,0.48,0.3,0.3,0,0.5,10,9.5,10,rrt_20260807_191608_335.png
20260807_191612_174,2026-08-07 19:16:12,False,10000,377,0.0,0,0.48,0.3,0.3,0,0.5,10,9.5,10,rrt_20260807_191612_174.png
20260807_191615_624,2026-08-07 19:16:15,False,10000,306,0.0,0,0.48,0.3,0.3,0,0.5,10,9.5,10,rrt_20260807_191615_624.png
20260807_191619_724,2026-08-07 19:16:19,False,10000,377,0.0,0,0.48,0.3,0.3,0,0.5,10,9.5,10,rrt_20260807_191619_724.png
20260807_191623_599,2026-08-07 19:16:23,False,10000,366,0.0,0,0.48,0.3,0.3,0,0.5,10,9.5,10,rrt_20260807_191623_599.png
20260807_191625_000,2026-08-07 19:16:25,True,3205,209,19.680000000000003,42,0.48,0.3,0.3,0,0.5,10,9.5,10,rrt_20260807_191625_000.png
20260807_191628_523,2026-08-07 19:16:28,False,10000,301,0.0,0,0.48,0.3,0.3,0,0.5,10,9.5,10,rrt_20260807_191628_523.png
20260807_191630_124,2026-08-07 19:16:30,True,3875,168,20.086301715447444,43,0.48,0.3,0.3,0,0.5,10,9.5,10,rrt_20260807_191630_124.png
20260807_191630_874,2026-08-07 19:16:30,True,1117,115,22.01348845248115,47,0.48,0.4,0.3,0,0.5,10,9.5,10,rrt_20260807_191630_874.png
20260807_191631_829,2026-08-07 19:16:31,True,1179,149,17.07448360965031,37,0.48,0.4,0.3,0,0.5,10,9.5,10,rrt_20260807_191631_829.png
20260807_191632_744,2026-08-07 19:16:32,True,1307,179,17.16224757359038,37,0.48,0.4,0.3,0,0.5,10,9.5,10,rrt_20260807_191632_744.png
20260807_191636_501,2026-08-07 19:16:36,False,10000,366,0.0,0,0.48,0.4,0.3,0,0.5,10,9.5,10,rrt_20260807_191636_501.png
20260807_191640_317,2026-08-07 19:16:40,False,10000,374,0.0,0,0.48,0.4,0.3,0,0.5,10,9.5,10,rrt_20260807_191640_317.png
20260807_191641_184,2026-08-07 19:16:41,True,1267,147,19.097104459445962,41,0.48,0.4,0.3,0,0.5,10,9.5,10,rrt_20260807_191641_184.png
20260807_191644_497,2026-08-07 19:16:44,False,10000,333,0.0,0,0.48,0.4,0.3,0,0.5,10,9.5,10,rrt_20260807_191644_497.png
20260807_191648_893,2026-08-07 19:16:48,False,10000,427,0.0,0,0.48,0.4,0.3,0,0.5,10,9.5,10,rrt_20260807_191648_893.png
20260807_191650_143,2026-08-07 19:16:50,True,1200,114,17.623102243635305,38,0.48,0.4,0.3,0,0.5,10,9.5,10,rrt_20260807_191650_143.png
20260807_191651_360,2026-08-07 19:16:51,True,2886,233,17.83326764943352,39,0.48,0.4,0.3,0,0.5,10,9.5,10,rrt_20260807_191651_360.png
20260807_191652_230,2026-08-07 19:16:52,True,1470,183,20.490378509264374,44,0.48,0.4,0.3,0,0.5,10,9.5,10,rrt_20260807_191652_230.png
20260807_191656_207,2026-08-07 19:16:56,False,10000,385,0.0,0,0.48,0.4,0.3,0,0.5,10,9.5,10,rrt_20260807_191656_207.png
20260807_191659_939,2026-08-07 19:16:59,False,10000,341,0.0,0,0.48,0.4,0.3,0,0.5,10,9.5,10,rrt_20260807_191659_939.png
20260807_191701_066,2026-08-07 19:17:01,True,2084,212,18.69318298434491,40,0.48,0.4,0.3,0,0.5,10,9.5,10,rrt_20260807_191701_066.png
20260807_191701_856,2026-08-07 19:17:01,True,1413,149,18.17803068491166,39,0.48,0.4,0.3,0,0.5,10,9.5,10,rrt_20260807_191701_856.png
20260807_191702_829,2026-08-07 19:17:02,True,765,95,25.860302912060575,55,0.48,0.4,0.3,0,0.5,10,9.5,10,rrt_20260807_191702_829.png
20260807_191707_084,2026-08-07 19:17:07,False,10000,416,0.0,0,0.48,0.4,0.3,0,0.5,10,9.5,10,rrt_20260807_191707_084.png
20260807_191709_779,2026-08-07 19:17:09,False,10000,169,0.0,0,0.48,0.4,0.3,0,0.5,10,9.5,10,rrt_20260807_191709_779.png
20260807_191710_678,2026-08-07 19:17:10,True,1823,175,18.240000000000002,39,0.48,0.4,0.3,0,0.5,10,9.5,10,rrt_20260807_191710_678.png
20260807_191715_129,2026-08-07 19:17:15,False,10000,448,0.0,0,0.48,0.4,0.3,0,0.5,10,9.5,10,rrt_20260807_191715_129.png
20260807_191719_090,2026-08-07 19:17:19,False,10000,371,0.0,0,0.48,0.4,0.3,0,0.5,10,9.5,10,rrt_20260807_191719_090.png
20260807_191720_370,2026-08-07 19:17:20,True,1284,151,20.640000000000008,44,0.48,0.4,0.3,0,0.5,10,9.5,10,rrt_20260807_191720_370.png
20260807_191721_074,2026-08-07 19:17:21,True,380,74,16.320000000000004,35,0.48,0.4,0.3,0,0.5,10,9.5,10,rrt_20260807_191721_074.png
20260807_191721_826,2026-08-07 19:17:21,True,1494,126,18.666650807831434,40,0.48,0.4,0.3,0,0.5,10,9.5,10,rrt_20260807_191721_826.png
20260807_191725_626,2026-08-07 19:17:25,False,10000,358,0.0,0,0.48,0.4,0.3,0,0.5,10,9.5,10,rrt_20260807_191725_626.png
20260807_191726_753,2026-08-07 19:17:26,True,917,115,17.76000000000001,38,0.48,0.4,0.3,0,0.5,10,9.5,10,rrt_20260807_191726_753.png
20260807_191727_644,2026-08-07 19:17:27,True,1533,188,17.869056865448766,39,0.48,0.4,0.3,0,0.5,10,9.5,10,rrt_20260807_191727_644.png
20260807_191731_483,2026-08-07 19:17:31,False,10000,383,0.0,0,0.48,0.4,0.3,0,0.5,10,9.5,10,rrt_20260807_191731_483.png
20260807_191732_241,2026-08-07 19:17:32,True,384,67,17.76000000000001,38,0.48,0.4,0.3,0,0.5,10,9.5,10,rrt_20260807_191732_241.png
20260807_191735_578,2026-08-07 19:17:35,False,10000,309,0.0,0,0.48,0.4,0.3,0,0.5,10,9.5,10,rrt_20260807_191735_578.png
20260807_191736_631,2026-08-07 19:17:36,True,925,113,19.680000000000003,42,0.48,0.4,0.3,0,0.5,10,9.5,10,rrt_20260807_191736_631.png
20260807_191737_434,2026-08-07 19:17:37,True,1363,168,16.320000000000007,35,0.48,0.4,0.3,0,0.5,10,9.5,10,rrt_20260807_191737_434.png
20260807_191741_522,2026-08-07 19:17:41,False,10000,400,0.0,0,0.48,0.4,0.3,0,0.5,10,9.5,10,rrt_20260807_191741_522.png
20260807_191745_263,2026-08-07 19:17:45,False,10000,389,0.0,0,0.48,0.4,0.3,0,0.5,10,9.5,10,rrt_20260807_191745_263.png
20260807_191746_485,2026-08-07 19:17:46,True,1470,145,19.680000000000007,42,0.48,0.4,0.3,0,0.5,10,9.5,10,rrt_20260807_191746_485.png
20260807_191749_918,2026-08-07 19:17:49,False,10000,330,0.0,0,0.48,0.4,0.3,0,0.5,10,9.5,10,rrt_20260807_191749_918.png
20260807_191753_060,2026-08-07 19:17:53,False,10000,291,0.0,0,0.48,0.4,0.3,0,0.5,10,9.5,10,rrt_20260807_191753_060.png
20260807_191755_453,2026-08-07 19:17:55,True,5918,331,25.032841579613862,54,0.48,0.4,0.3,0,0.5,10,9.5,10,rrt_20260807_191755_453.png
20260807_191756_228,2026-08-07 19:17:56,True,1108,118,17.280000000000012,37,0.48,0.4,0.3,0,0.5,10,9.5,10,rrt_20260807_191756_228.png
20260807_191757_101,2026-08-07 19:17:57,True,438,102,16.800000000000004,36,0.48,0.4,0.3,0,0.5,10,9.5,10,rrt_20260807_191757_101.png
20260807_191757_867,2026-08-07 19:17:57,True,1332,136,18.240000000000002,39,0.48,0.4,0.3,0,0.5,10,9.5,10,rrt_20260807_191757_867.png
20260807_191802_272,2026-08-07 19:18:02,False,10000,433,0.0,0,0.48,0.4,0.3,0,0.5,10,9.5,10,rrt_20260807_191802_272.png
20260807_191805_811,2026-08-07 19:18:05,False,10000,328,0.0,0,0.48,0.4,0.3,0,0.5,10,9.5,10,rrt_20260807_191805_811.png
20260807_191806_970,2026-08-07 19:18:06,True,1124,143,18.720000000000006,40,0.48,0.4,0.3,0,0.5,10,9.5,10,rrt_20260807_191806_970.png
20260807_191807_888,2026-08-07 19:18:07,True,2448,162,19.200000000000006,41,0.48,0.4,0.3,0,0.5,10,9.5,10,rrt_20260807_191807_888.png
20260807_191808_773,2026-08-07 19:18:08,True,598,113,16.320000000000004,35,0.48,0.4,0.3,0,0.5,10,9.5,10,rrt_20260807_191808_773.png
20260807_191813_131,2026-08-07 19:18:13,False,10000,443,0.0,0,0.48,0.4,0.3,0,0.5,10,9.5,10,rrt_20260807_191813_131.png
20260807_191814_349,2026-08-07 19:18:14,True,2021,206,17.59380486902216,38,0.48,0.4,0.3,0,0.5,10,9.5,10,rrt_20260807_191814_349.png
20260807_191816_208,2026-08-07 19:18:16,True,4528,310,19.070189977617012,41,0.48,0.4,0.3,0,0.5,10,9.5,10,rrt_20260807_191816_208.png
20260807_191816_976,2026-08-07 19:18:16,True,1081,104,19.171311181495437,41,0.48,0.4,0.3,0,0.5,10,9.5,10,rrt_20260807_191816_976.png
20260807_191821_296,2026-08-07 19:18:21,False,10000,425,0.0,0,0.48,0.4,0.3,0,0.5,10,9.5,10,rrt_20260807_191821_296.png
20260807_191823_233,2026-08-07 19:18:23,True,5561,270,18.68446317084411,40,0.48,0.4,0.3,0,0.5,10,9.5,10,rrt_20260807_191823_233.png
20260807_191824_539,2026-08-07 19:18:24,True,1042,122,18.720000000000006,40,0.48,0.4,0.3,0,0.5,10,9.5,10,rrt_20260807_191824_539.png
20260807_191828_435,2026-08-07 19:18:28,False,10000,392,0.0,0,0.48,0.4,0.3,0,0.5,10,9.5,10,rrt_20260807_191828_435.png
20260807_191829_377,2026-08-07 19:18:29,True,1307,163,18.543364453907984,40,0.48,0.4,0.3,0,0.5,10,9.5,10,rrt_20260807_191829_377.png
20260807_191833_198,2026-08-07 19:18:33,False,10000,388,0.0,0,0.48,0.4,0.3,0,0.5,10,9.5,10,rrt_20260807_191833_198.png
20260807_191836_221,2026-08-07 19:18:36,False,10000,268,0.0,0,0.48,0.4,0.3,0,0.5,10,9.5,10,rrt_20260807_191836_221.png
20260807_191836_953,2026-08-07 19:18:36,True,520,76,17.713684359243185,38,0.48,0.4,0.3,0,0.5,10,9.5,10,rrt_20260807_191836_953.png
20260807_191838_014,2026-08-07 19:18:38,True,1144,131,18.54998796505233,40,0.48,0.4,0.3,0,0.5,10,9.5,10,rrt_20260807_191838_014.png
20260807_191838_991,2026-08-07 19:18:38,True,1159,173,19.905602064416108,43,0.48,0.4,0.3,0,0.5,10,9.5,10,rrt_20260807_191838_991.png
20260807_191839_764,2026-08-07 19:18:39,True,1152,158,17.760000000000005,38,0.48,0.4,0.3,0,0.5,10,9.5,10,rrt_20260807_191839_764.png
20260807_191840_743,2026-08-07 19:18:40,True,667,114,17.28000000000001,37,0.48,0.4,0.3,0,0.5,10,9.5,10,rrt_20260807_191840_743.png
20260807_191841_961,2026-08-07 19:18:41,True,2960,229,19.68000000000001,42,0.48,0.4,0.3,0,0.5,10,9.5,10,rrt_20260807_191841_961.png
20260807_191845_675,2026-08-07 19:18:45,False,10000,339,0.0,0,0.48,0.4,0.3,0,0.5,10,9.5,10,rrt_20260807_191845_675.png
20260807_191847_723,2026-08-07 19:18:47,False,10000,146,0.0,0,0.48,0.4,0.3,0,0.5,10,9.5,10,rrt_20260807_191847_723.png
20260807_191848_480,2026-08-07 19:18:48,True,851,119,16.800000000000004,36,0.48,0.4,0.3,0,0.5,10,9.5,10,rrt_20260807_191848_480.png
20260807_191852_442,2026-08-07 19:18:52,False,10000,388,0.0,0,0.48,0.4,0.3,0,0.5,10,9.5,10,rrt_20260807_191852_442.png
20260807_191853_803,2026-08-07 19:18:53,True,3188,240,19.68000000000001,42,0.48,0.4,0.3,0,0.5,10,9.5,10,rrt_20260807_191853_803.png
20260807_191855_076,2026-08-07 19:18:55,True,3278,216,22.95916777494311,49,0.48,0.4,0.3,0,0.5,10,9.5,10,rrt_20260807_191855_076.png
20260807_191859_471,2026-08-07 19:18:59,False,10000,440,0.0,0,0.48,0.4,0.3,0,0.5,10,9.5,10,rrt_20260807_191859_471.png
20260807_191904_247,2026-08-07 19:19:04,False,10000,398,0.0,0,0.48,0.4,0.3,0,0.5,10,9.5,10,rrt_20260807_191904_247.png
20260807_191905_125,2026-08-07 19:19:05,True,1114,123,17.730077175929726,38,0.48,0.4,0.3,0,0.5,10,9.5,10,rrt_20260807_191905_125.png
20260807_191905_881,2026-08-07 19:19:05,True,829,157,17.28,37,0.48,0.4,0.3,0,0.5,10,9.5,10,rrt_20260807_191905_881.png
20260807_191906_847,2026-08-07 19:19:06,True,2150,186,19.104544290340126,41,0.48,0.4,0.3,0,0.5,10,9.5,10,rrt_20260807_191906_847.png
20260807_191910_946,2026-08-07 19:19:10,False,10000,363,0.0,0,0.48,0.4,0.3,0,0.5,10,9.5,10,rrt_20260807_191910_946.png
20260807_191915_388,2026-08-07 19:19:15,False,10000,442,0.0,0,0.48,0.4,0.3,0,0.5,10,9.5,10,rrt_20260807_191915_388.png
20260807_191919_621,2026-08-07 19:19:19,False,10000,341,0.0,0,0.48,0.4,0.3,0,0.5,10,9.5,10,rrt_20260807_191919_621.png
20260807_191922_873,2026-08-07 19:19:22,False,10000,312,0.0,0,0.48,0.4,0.3,0,0.5,10,9.5,10,rrt_20260807_191922_873.png
20260807_191927_274,2026-08-07 19:19:27,False,10000,443,0.0,0,0.48,0.4,0.3,0,0.5,10,9.5,10,rrt_20260807_191927_274.png
20260807_191931_633,2026-08-07 19:19:31,False,10000,386,0.0,0,0.48,0.4,0.3,0,0.5,10,9.5,10,rrt_20260807_191931_633.png
20260807_191932_509,2026-08-07 19:19:32,True,1388,146,19.325676519204475,42,0.48,0.4,0.3,0,0.5,10,9.5,10,rrt_20260807_191932_509.png
20260807_191933_337,2026-08-07 19:19:33,True,923,158,17.28000000000001,37,0.48,0.4,0.3,0,0.5,10,9.5,10,rrt_20260807_191933_337.png
20260807_191937_765,2026-08-07 19:19:37,False,10000,428,0.0,0,0.48,0.4,0.3,0,0.5,10,9.5,10,rrt_20260807_191937_765.png
20260807_191941_927,2026-08-07 19:19:41,False,10000,385,0.0,0,0.48,0.4,0.3,0,0.5,10,9.5,10,rrt_20260807_191941_927.png
20260807_191946_467,2026-08-07 19:19:46,False,10000,430,0.0,0,0.48,0.4,0.3,0,0.5,10,9.5,10,rrt_20260807_191946_467.png
20260807_191947_503,2026-08-07 19:19:47,True,2106,206,19.200000000000006,41,0.48,0.4,0.3,0,0.5,10,9.5,10,rrt_20260807_191947_503.png
20260807_191948_309,2026-08-07 19:19:48,True,1146,145,18.24000000000001,39,0.48,0.4,0.3,0,0.5,10,9.5,10,rrt_20260807_191948_309.png
20260807_191953_153,2026-08-07 19:19:53,False,10000,438,0.0,0,0.48,0.4,0.3,0,0.5,10,9.5,10,rrt_20260807_191953_153.png
20260807_191953_914,2026-08-07 19:19:53,True,811,105,17.760000000000005,38,0.48,0.4,0.3,0,0.5,10,9.5,10,rrt_20260807_191953_914.png
20260807_191958_378,2026-08-07 19:19:58,False,10000,392,0.0,0,0.48,0.4,0.3,0,0.5,10,9.5,10,rrt_20260807_191958_378.png
20260807_191959_303,2026-08-07 19:19:59,True,1521,157,17.65906774556753,38,0.48,0.4,0.3,0,0.5,10,9.5,10,rrt_20260807_191959_303.png
20260807_192003_592,2026-08-07 19:20:03,False,10000,438,0.0,0,0.48,0.4,0.3,0,0.5,10,9.5,10,rrt_20260807_192003_592.png
20260807_192008_221,2026-08-07 19:20:08,False,10000,444,0.0,0,0.48,0.4,0.3,0,0.5,10,9.5,10,rrt_20260807_192008_221.png
20260807_192012_922,2026-08-07 19:20:12,False,10000,461,0.0,0,0.48,0.4,0.3,0,0.5,10,9.5,10,rrt_20260807_192012_922.png
20260807_192016_464,2026-08-07 19:20:16,False,10000,265,0.0,0,0.48,0.4,0.3,0,0.5,10,9.5,10,rrt_20260807_192016_464.png
20260807_192017_335,2026-08-07 19:20:17,True,1132,144,18.240000000000006,39,0.48,0.4,0.3,0,0.5,10,9.5,10,rrt_20260807_192017_335.png
20260807_192021_186,2026-08-07 19:20:21,False,10000,364,0.0,0,0.48,0.4,0.3,0,0.5,10,9.5,10,rrt_20260807_192021_186.png
20260807_192025_107,2026-08-07 19:20:25,False,10000,376,0.0,0,0.48,0.4,0.3,0,0.5,10,9.5,10,rrt_20260807_192025_107.png
20260807_192029_617,2026-08-07 19:20:29,False,10000,458,0.0,0,0.48,0.4,0.3,0,0.5,10,9.5,10,rrt_20260807_192029_617.png
20260807_192032_589,2026-08-07 19:20:32,False,10000,259,0.0,0,0.48,0.4,0.3,0,0.5,10,9.5,10,rrt_20260807_192032_589.png
20260807_192037_221,2026-08-07 19:20:37,False,10000,463,0.0,0,0.48,0.5,0.3,0,0.5,10,9.5,10,rrt_20260807_192037_221.png
20260807_192041_966,2026-08-07 19:20:41,False,10000,477,0.0,0,0.48,0.5,0.3,0,0.5,10,9.5,10,rrt_20260807_192041_966.png
20260807_192043_056,2026-08-07 19:20:43,True,2066,188,21.12000000000001,45,0.48,0.5,0.3,0,0.5,10,9.5,10,rrt_20260807_192043_056.png
20260807_192044_243,2026-08-07 19:20:44,True,827,115,17.639210907817244,38,0.48,0.5,0.3,0,0.5,10,9.5,10,rrt_20260807_192044_243.png
20260807_192048_603,2026-08-07 19:20:48,False,10000,441,0.0,0,0.48,0.5,0.3,0,0.5,10,9.5,10,rrt_20260807_192048_603.png
20260807_192053_832,2026-08-07 19:20:53,False,10000,502,0.0,0,0.48,0.5,0.3,0,0.5,10,9.5,10,rrt_20260807_192053_832.png
20260807_192059_032,2026-08-07 19:20:59,False,10000,532,0.0,0,0.48,0.5,0.3,0,0.5,10,9.5,10,rrt_20260807_192059_032.png
20260807_192103_281,2026-08-07 19:21:03,False,10000,462,0.0,0,0.48,0.5,0.3,0,0.5,10,9.5,10,rrt_20260807_192103_281.png
20260807_192104_205,2026-08-07 19:21:04,True,1452,168,20.640000000000008,44,0.48,0.5,0.3,0,0.5,10,9.5,10,rrt_20260807_192104_205.png
20260807_192109_316,2026-08-07 19:21:09,False,10000,550,0.0,0,0.48,0.5,0.3,0,0.5,10,9.5,10,rrt_20260807_192109_316.png
20260807_192110_194,2026-08-07 19:21:10,True,1192,162,18.720000000000006,40,0.48,0.5,0.3,0,0.5,10,9.5,10,rrt_20260807_192110_194.png
20260807_192110_905,2026-08-07 19:21:10,True,634,150,19.56432700304172,42,0.48,0.5,0.3,0,0.5,10,9.5,10,rrt_20260807_192110_905.png
20260807_192111_973,2026-08-07 19:21:11,True,2048,246,22.560000000000013,48,0.48,0.5,0.3,0,0.5,10,9.5,10,rrt_20260807_192111_973.png
20260807_192113_557,2026-08-07 19:21:13,True,2035,258,18.72000000000001,40,0.48,0.5,0.3,0,0.5,10,9.5,10,rrt_20260807_192113_557.png
20260807_192114_746,2026-08-07 19:21:14,True,963,147,19.53950108613167,42,0.48,0.5,0.3,0,0.5,10,9.5,10,rrt_20260807_192114_746.png
20260807_192115_583,2026-08-07 19:21:15,True,1589,178,21.849864185969153,47,0.48,0.5,0.3,0,0.5,10,9.5,10,rrt_20260807_192115_583.png
20260807_192120_098,2026-08-07 19:21:20,False,10000,467,0.0,0,0.48,0.5,0.3,0,0.5,10,9.5,10,rrt_20260807_192120_098.png
20260807_192124_753,2026-08-07 19:21:24,False,10000,470,0.0,0,0.48,0.5,0.3,0,0.5,10,9.5,10,rrt_20260807_192124_753.png
20260807_192126_031,2026-08-07 19:21:26,True,1693,185,21.071871952851524,45,0.48,0.5,0.3,0,0.5,10,9.5,10,rrt_20260807_192126_031.png
20260807_192126_728,2026-08-07 19:21:26,True,500,105,17.760000000000005,38,0.48,0.5,0.3,0,0.5,10,9.5,10,rrt_20260807_192126_728.png
20260807_192130_939,2026-08-07 19:21:30,False,10000,440,0.0,0,0.48,0.5,0.3,0,0.5,10,9.5,10,rrt_20260807_192130_939.png
20260807_192135_669,2026-08-07 19:21:35,False,10000,467,0.0,0,0.48,0.5,0.3,0,0.5,10,9.5,10,rrt_20260807_192135_669.png
20260807_192138_092,2026-08-07 19:21:38,True,5529,350,20.54320393922405,44,0.48,0.5,0.3,0,0.5,10,9.5,10,rrt_20260807_192138_092.png
20260807_192139_282,2026-08-07 19:21:39,True,676,143,18.720000000000002,40,0.48,0.5,0.3,0,0.5,10,9.5,10,rrt_20260807_192139_282.png
20260807_192139_952,2026-08-07 19:21:39,True,547,103,17.203560445162044,37,0.48,0.5,0.3,0,0.5,10,9.5,10,rrt_20260807_192139_952.png
20260807_192143_158,2026-08-07 19:21:43,False,10000,305,0.0,0,0.48,0.5,0.3,0,0.5,10,9.5,10,rrt_20260807_192143_158.png
20260807_192148_095,2026-08-07 19:21:48,False,10000,490,0.0,0,0.48,0.5,0.3,0,0.5,10,9.5,10,rrt_20260807_192148_095.png
20260807_192149_264,2026-08-07 19:21:49,True,2232,212,19.080429352686227,41,0.48,0.5,0.3,0,0.5,10,9.5,10,rrt_20260807_192149_264.png
20260807_192154_208,2026-08-07 19:21:54,False,10000,498,0.0,0,0.48,0.5,0.3,0,0.5,10,9.5,10,rrt_20260807_192154_208.png
20260807_192158_939,2026-08-07 19:21:58,False,10000,492,0.0,0,0.48,0.5,0.3,0,0.5,10,9.5,10,rrt_20260807_192158_939.png
20260807_192200_018,2026-08-07 19:22:00,True,1770,214,16.76093307025607,36,0.48,0.5,0.3,0,0.5,10,9.5,10,rrt_20260807_192200_018.png
20260807_192204_843,2026-08-07 19:22:04,False,10000,457,0.0,0,0.48,0.5,0.3,0,0.5,10,9.5,10,rrt_20260807_192204_843.png
20260807_192206_214,2026-08-07 19:22:06,True,1488,176,17.320705279312,38,0.48,0.5,0.3,0,0.5,10,9.5,10,rrt_20260807_192206_214.png
20260807_192209_928,2026-08-07 19:22:09,False,10000,381,0.0,0,0.48,0.5,0.3,0,0.5,10,9.5,10,rrt_20260807_192209_928.png
20260807_192210_681,2026-08-07 19:22:10,True,631,121,18.240000000000006,39,0.48,0.5,0.3,0,0.5,10,9.5,10,rrt_20260807_192210_681.png
20260807_192212_747,2026-08-07 19:22:12,True,5356,343,25.270019581995303,54,0.48,0.5,0.3,0,0.5,10,9.5,10,rrt_20260807_192212_747.png
20260807_192217_555,2026-08-07 19:22:17,False,10000,494,0.0,0,0.48,0.5,0.3,0,0.5,10,9.5,10,rrt_20260807_192217_555.png
20260807_192218_506,2026-08-07 19:22:18,True,1430,202,18.62661195332329,40,0.48,0.5,0.3,0,0.5,10,9.5,10,rrt_20260807_192218_506.png
20260807_192222_788,2026-08-07 19:22:22,False,10000,426,0.0,0,0.48,0.5,0.3,0,0.5,10,9.5,10,rrt_20260807_192222_788.png
20260807_192223_806,2026-08-07 19:22:23,True,1905,195,18.24000000000001,39,0.48,0.5,0.3,0,0.5,10,9.5,10,rrt_20260807_192223_806.png
20260807_192224_664,2026-08-07 19:22:24,True,1311,167,17.658178012269087,38,0.48,0.5,0.3,0,0.5,10,9.5,10,rrt_20260807_192224_664.png
20260807_192225_837,2026-08-07 19:22:25,True,524,108,18.187539577106072,39,0.48,0.5,0.3,0,0.5,10,9.5,10,rrt_20260807_192225_837.png
20260807_192226_494,2026-08-07 19:22:26,True,324,81,17.12560314592102,37,0.48,0.5,0.3,0,0.5,10,9.5,10,rrt_20260807_192226_494.png
20260807_192227_426,2026-08-07 19:22:27,True,2163,189,19.20000000000001,41,0.48,0.5,0.3,0,0.5,10,9.5,10,rrt_20260807_192227_426.png
20260807_192228_237,2026-08-07 19:22:28,True,1286,181,18.240000000000006,39,0.48,0.5,0.3,0,0.5,10,9.5,10,rrt_20260807_192228_237.png
20260807_192229_188,2026-08-07 19:22:29,True,2274,170,17.280000000000005,37,0.48,0.5,0.3,0,0.5,10,9.5,10,rrt_20260807_192229_188.png
20260807_192229_924,2026-08-07 19:22:29,True,610,103,17.226123516322946,37,0.48,0.5,0.3,0,0.5,10,9.5,10,rrt_20260807_192229_924.png
20260807_192230_844,2026-08-07 19:22:30,True,604,131,17.28000000000001,37,0.48,0.5,0.3,0,0.5,10,9.5,10,rrt_20260807_192230_844.png
20260807_192235_025,2026-08-07 19:22:35,False,10000,433,0.0,0,0.48,0.5,0.3,0,0.5,10,9.5,10,rrt_20260807_192235_025.png
20260807_192236_360,2026-08-07 19:22:36,True,2180,248,17.76000000000001,38,0.48,0.5,0.3,0,0.5,10,9.5,10,rrt_20260807_192236_360.png
20260807_192237_411,2026-08-07 19:22:37,True,463,98,16.800000000000004,36,0.48,0.5,0.3,0,0.5,10,9.5,10,rrt_20260807_192237_411.png
20260807_192242_123,2026-08-07 19:22:42,False,10000,495,0.0,0,0.48,0.5,0.3,0,0.5,10,9.5,10,rrt_20260807_192242_123.png
20260807_192246_712,2026-08-07 19:22:46,False,10000,474,0.0,0,0.48,0.5,0.3,0,0.5,10,9.5,10,rrt_20260807_192246_712.png
20260807_192251_186,2026-08-07 19:22:51,False,10000,448,0.0,0,0.48,0.5,0.3,0,0.5,10,9.5,10,rrt_20260807_192251_186.png
20260807_192252_498,2026-08-07 19:22:52,True,2841,253,17.63243580807321,38,0.48,0.5,0.3,0,0.5,10,9.5,10,rrt_20260807_192252_498.png
20260807_192253_698,2026-08-07 19:22:53,True,2750,246,19.047462590066313,41,0.48,0.5,0.3,0,0.5,10,9.5,10,rrt_20260807_192253_698.png
20260807_192254_841,2026-08-07 19:22:54,True,2116,233,18.171913540231447,39,0.48,0.5,0.3,0,0.5,10,9.5,10,rrt_20260807_192254_841.png
20260807_192258_251,2026-08-07 19:22:58,False,10000,321,0.0,0,0.48,0.5,0.3,0,0.5,10,9.5,10,rrt_20260807_192258_251.png
20260807_192259_566,2026-08-07 19:22:59,True,1566,182,17.760000000000005,38,0.48,0.5,0.3,0,0.5,10,9.5,10,rrt_20260807_192259_566.png
20260807_192301_023,2026-08-07 19:23:01,True,3253,285,22.390008840541405,48,0.48,0.5,0.3,0,0.5,10,9.5,10,rrt_20260807_192301_023.png
20260807_192301_840,2026-08-07 19:23:01,True,949,140,16.799999999999997,36,0.48,0.5,0.3,0,0.5,10,9.5,10,rrt_20260807_192301_840.png
20260807_192306_688,2026-08-07 19:23:06,False,10000,484,0.0,0,0.48,0.5,0.3,0,0.5,10,9.5,10,rrt_20260807_192306_688.png
20260807_192312_230,2026-08-07 19:23:12,False,10000,490,0.0,0,0.48,0.5,0.3,0,0.5,10,9.5,10,rrt_20260807_192312_230.png
20260807_192315_616,2026-08-07 19:23:15,False,10000,308,0.0,0,0.48,0.5,0.3,0,0.5,10,9.5,10,rrt_20260807_192315_616.png
20260807_192316_521,2026-08-07 19:23:16,True,1261,175,18.02847765551154,39,0.48,0.5,0.3,0,0.5,10,9.5,10,rrt_20260807_192316_521.png
20260807_192317_233,2026-08-07 19:23:17,True,755,127,18.49114726294154,40,0.48,0.5,0.3,0,0.5,10,9.5,10,rrt_20260807_192317_233.png
20260807_192317_899,2026-08-07 19:23:17,True,584,111,18.24000000000001,39,0.48,0.5,0.3,0,0.5,10,9.5,10,rrt_20260807_192317_899.png
20260807_192323_566,2026-08-07 19:23:23,False,10000,507,0.0,0,0.48,0.5,0.3,0,0.5,10,9.5,10,rrt_20260807_192323_566.png
20260807_192324_471,2026-08-07 19:23:24,True,648,137,17.76,38,0.48,0.5,0.3,0,0.5,10,9.5,10,rrt_20260807_192324_471.png
20260807_192329_542,2026-08-07 19:23:29,False,10000,537,0.0,0,0.48,0.5,0.3,0,0.5,10,9.5,10,rrt_20260807_192329_542.png
20260807_192334_107,2026-08-07 19:23:34,False,10000,461,0.0,0,0.48,0.5,0.3,0,0.5,10,9.5,10,rrt_20260807_192334_107.png
20260807_192335_130,2026-08-07 19:23:35,True,1043,171,17.28000000000001,37,0.48,0.5,0.3,0,0.5,10,9.5,10,rrt_20260807_192335_130.png
20260807_192340_119,2026-08-07 19:23:40,False,10000,501,0.0,0,0.48,0.5,0.3,0,0.5,10,9.5,10,rrt_20260807_192340_119.png
20260807_192344_231,2026-08-07 19:23:44,False,10000,390,0.0,0,0.48,0.5,0.3,0,0.5,10,9.5,10,rrt_20260807_192344_231.png
20260807_192345_145,2026-08-07 19:23:45,True,1513,180,17.684388003037046,38,0.48,0.5,0.3,0,0.5,10,9.5,10,rrt_20260807_192345_145.png
20260807_192345_929,2026-08-07 19:23:45,True,931,141,19.067327257937954,41,0.48,0.5,0.3,0,0.5,10,9.5,10,rrt_20260807_192345_929.png
20260807_192347_306,2026-08-07 19:23:47,True,869,166,17.28000000000001,37,0.48,0.5,0.3,0,0.5,10,9.5,10,rrt_20260807_192347_306.png
20260807_192351_787,2026-08-07 19:23:51,False,10000,469,0.0,0,0.48,0.5,0.3,0,0.5,10,9.5,10,rrt_20260807_192351_787.png
20260807_192352_669,2026-08-07 19:23:52,True,1088,149,16.800000000000004,36,0.48,0.5,0.3,0,0.5,10,9.5,10,rrt_20260807_192352_669.png
20260807_192353_501,2026-08-07 19:23:53,True,1792,181,19.680000000000007,42,0.48,0.5,0.3,0,0.5,10,9.5,10,rrt_20260807_192353_501.png
20260807_192354_445,2026-08-07 19:23:54,True,1664,199,19.53227046259574,42,0.48,0.5,0.3,0,0.5,10,9.5,10,rrt_20260807_192354_445.png
20260807_192355_289,2026-08-07 19:23:55,True,1382,174,19.612307515615672,42,0.48,0.5,0.3,0,0.5,10,9.5,10,rrt_20260807_192355_289.png
20260807_192356_029,2026-08-07 19:23:56,True,558,130,17.683600746338627,38,0.48,0.5,0.3,0,0.5,10,9.5,10,rrt_20260807_192356_029.png
20260807_192356_805,2026-08-07 19:23:56,True,1300,157,20.16000000000001,43,0.48,0.5,0.3,0,0.5,10,9.5,10,rrt_20260807_192356_805.png
20260807_192357_526,2026-08-07 19:23:57,True,883,143,17.760000000000005,38,0.48,0.5,0.3,0,0.5,10,9.5,10,rrt_20260807_192357_526.png
20260807_192402_500,2026-08-07 19:24:02,False,10000,470,0.0,0,0.48,0.5,0.3,0,0.5,10,9.5,10,rrt_20260807_192402_500.png
20260807_192407_709,2026-08-07 19:24:07,False,10000,518,0.0,0,0.48,0.5,0.3,0,0.5,10,9.5,10,rrt_20260807_192407_709.png
20260807_192408_573,2026-08-07 19:24:08,True,1105,151,20.080268432678746,43,0.48,0.5,0.3,0,0.5,10,9.5,10,rrt_20260807_192408_573.png
20260807_192409_473,2026-08-07 19:24:09,True,1450,216,19.20000000000001,41,0.48,0.5,0.3,0,0.5,10,9.5,10,rrt_20260807_192409_473.png
20260807_192414_373,2026-08-07 19:24:14,False,10000,530,0.0,0,0.48,0.5,0.3,0,0.5,10,9.5,10,rrt_20260807_192414_373.png
20260807_192418_965,2026-08-07 19:24:18,False,10000,476,0.0,0,0.48,0.5,0.3,0,0.5,10,9.5,10,rrt_20260807_192418_965.png
20260807_192419_908,2026-08-07 19:24:19,True,694,93,18.240000000000002,39,0.48,0.5,0.3,0,0.5,10,9.5,10,rrt_20260807_192419_908.png
20260807_192420_572,2026-08-07 19:24:20,True,374,96,16.206674537961767,35,0.48,0.5,0.3,0,0.5,10,9.5,10,rrt_20260807_192420_572.png
20260807_192425_232,2026-08-07 19:24:25,False,10000,485,0.0,0,0.48,0.5,0.3,0,0.5,10,9.5,10,rrt_20260807_192425_232.png
20260807_192426_338,2026-08-07 19:24:26,True,509,116,17.76000000000001,38,0.48,0.5,0.3,0,0.5,10,9.5,10,rrt_20260807_192426_338.png
20260807_192431_029,2026-08-07 19:24:31,False,10000,477,0.0,0,0.48,0.5,0.3,0,0.5,10,9.5,10,rrt_20260807_192431_029.png
20260807_192435_800,2026-08-07 19:24:35,False,10000,443,0.0,0,0.48,0.5,0.3,0,0.5,10,9.5,10,rrt_20260807_192435_800.png
20260807_192436_558,2026-08-07 19:24:36,True,525,96,16.7921284247322,36,0.48,0.5,0.3,0,0.5,10,9.5,10,rrt_20260807_192436_558.png
20260807_192441_275,2026-08-07 19:24:41,False,10000,491,0.0,0,0.48,0.5,0.3,0,0.5,10,9.5,10,rrt_20260807_192441_275.png
20260807_192442_129,2026-08-07 19:24:42,True,920,163,19.680000000000007,42,0.48,0.5,0.3,0,0.5,10,9.5,10,rrt_20260807_192442_129.png
20260807_192443_159,2026-08-07 19:24:43,True,2261,223,18.26877932528045,41,0.48,0.6,0.3,0,0.5,10,9.5,10,rrt_20260807_192443_159.png
20260807_192444_001,2026-08-07 19:24:44,True,1099,194,18.47017376549333,40,0.48,0.6,0.3,0,0.5,10,9.5,10,rrt_20260807_192444_001.png
20260807_192444_697,2026-08-07 19:24:44,True,585,124,17.28000000000001,37,0.48,0.6,0.3,0,0.5,10,9.5,10,rrt_20260807_192444_697.png
20260807_192446_029,2026-08-07 19:24:46,True,2103,244,17.649841831337728,38,0.48,0.6,0.3,0,0.5,10,9.5,10,rrt_20260807_192446_029.png
20260807_192446_980,2026-08-07 19:24:46,True,979,186,17.280000000000005,37,0.48,0.6,0.3,0,0.5,10,9.5,10,rrt_20260807_192446_980.png
20260807_192447_779,2026-08-07 19:24:47,True,1148,163,17.280000000000005,37,0.48,0.6,0.3,0,0.5,10,9.5,10,rrt_20260807_192447_779.png
20260807_192448_571,2026-08-07 19:24:48,True,391,90,17.14305752125851,37,0.48,0.6,0.3,0,0.5,10,9.5,10,rrt_20260807_192448_571.png
20260807_192449_303,2026-08-07 19:24:49,True,1167,140,21.090342855248476,45,0.48,0.6,0.3,0,0.5,10,9.5,10,rrt_20260807_192449_303.png
20260807_192450_010,2026-08-07 19:24:50,True,620,142,17.145866013823355,37,0.48,0.6,0.3,0,0.5,10,9.5,10,rrt_20260807_192450_010.png
20260807_192450_997,2026-08-07 19:24:50,True,1850,221,18.078156770743387,39,0.48,0.6,0.3,0,0.5,10,9.5,10,rrt_20260807_192450_997.png
20260807_192451_735,2026-08-07 19:24:51,True,660,105,18.720000000000006,40,0.48,0.6,0.3,0,0.5,10,9.5,10,rrt_20260807_192451_735.png
20260807_192456_759,2026-08-07 19:24:56,False,10000,572,0.0,0,0.48,0.6,0.3,0,0.5,10,9.5,10,rrt_20260807_192456_759.png
20260807_192501_198,2026-08-07 19:25:01,False,10000,414,0.0,0,0.48,0.6,0.3,0,0.5,10,9.5,10,rrt_20260807_192501_198.png
20260807_192506_090,2026-08-07 19:25:06,False,10000,497,0.0,0,0.48,0.6,0.3,0,0.5,10,9.5,10,rrt_20260807_192506_090.png
20260807_192507_076,2026-08-07 19:25:07,True,1635,199,18.24000000000001,39,0.48,0.6,0.3,0,0.5,10,9.5,10,rrt_20260807_192507_076.png
20260807_192511_776,2026-08-07 19:25:11,False,10000,526,0.0,0,0.48,0.6,0.3,0,0.5,10,9.5,10,rrt_20260807_192511_776.png
20260807_192515_904,2026-08-07 19:25:15,False,10000,399,0.0,0,0.48,0.6,0.3,0,0.5,10,9.5,10,rrt_20260807_192515_904.png
20260807_192516_848,2026-08-07 19:25:16,True,1258,211,18.720000000000006,40,0.48,0.6,0.3,0,0.5,10,9.5,10,rrt_20260807_192516_848.png
20260807_192522_034,2026-08-07 19:25:22,False,10000,561,0.0,0,0.48,0.6,0.3,0,0.5,10,9.5,10,rrt_20260807_192522_034.png
20260807_192522_957,2026-08-07 19:25:22,True,1021,157,20.640000000000008,44,0.48,0.6,0.3,0,0.5,10,9.5,10,rrt_20260807_192522_957.png
20260807_192524_290,2026-08-07 19:25:24,True,729,126,17.531359110590284,38,0.48,0.6,0.3,0,0.5,10,9.5,10,rrt_20260807_192524_290.png
20260807_192526_865,2026-08-07 19:25:26,False,10000,222,0.0,0,0.48,0.6,0.3,0,0.5,10,9.5,10,rrt_20260807_192526_865.png
20260807_192527_900,2026-08-07 19:25:27,True,1106,173,19.091115736845243,41,0.48,0.6,0.3,0,0.5,10,9.5,10,rrt_20260807_192527_900.png
20260807_192528_670,2026-08-07 19:25:28,True,917,162,21.420477671551303,46,0.48,0.6,0.3,0,0.5,10,9.5,10,rrt_20260807_192528_670.png
20260807_192533_247,2026-08-07 19:25:33,False,10000,499,0.0,0,0.48,0.6,0.3,0,0.5,10,9.5,10,rrt_20260807_192533_247.png
20260807_192538_069,2026-08-07 19:25:38,False,10000,497,0.0,0,0.48,0.6,0.3,0,0.5,10,9.5,10,rrt_20260807_192538_069.png
20260807_192543_058,2026-08-07 19:25:43,False,10000,544,0.0,0,0.48,0.6,0.3,0,0.5,10,9.5,10,rrt_20260807_192543_058.png
20260807_192543_944,2026-08-07 19:25:43,True,932,146,16.800000000000008,36,0.48,0.6,0.3,0,0.5,10,9.5,10,rrt_20260807_192543_944.png
20260807_192548_000,2026-08-07 19:25:48,False,10000,437,0.0,0,0.48,0.6,0.3,0,0.5,10,9.5,10,rrt_20260807_192548_000.png
20260807_192553_390,2026-08-07 19:25:53,False,10000,551,0.0,0,0.48,0.6,0.3,0,0.5,10,9.5,10,rrt_20260807_192553_390.png
20260807_192554_223,2026-08-07 19:25:54,True,701,132,17.280000000000005,37,0.48,0.6,0.3,0,0.5,10,9.5,10,rrt_20260807_192554_223.png
20260807_192555_125,2026-08-07 19:25:55,True,1262,212,17.280000000000005,37,0.48,0.6,0.3,0,0.5,10,9.5,10,rrt_20260807_192555_125.png
20260807_192559_272,2026-08-07 19:25:59,False,10000,436,0.0,0,0.48,0.6,0.3,0,0.5,10,9.5,10,rrt_20260807_192559_272.png
20260807_192600_214,2026-08-07 19:26:00,True,1396,193,19.05807317151577,41,0.48,0.6,0.3,0,0.5,10,9.5,10,rrt_20260807_192600_214.png
20260807_192605_644,2026-08-07 19:26:05,False,10000,572,0.0,0,0.48,0.6,0.3,0,0.5,10,9.5,10,rrt_20260807_192605_644.png
20260807_192610_681,2026-08-07 19:26:10,False,10000,513,0.0,0,0.48,0.6,0.3,0,0.5,10,9.5,10,rrt_20260807_192610_681.png
20260807_192611_697,2026-08-07 19:26:11,True,2272,151,21.254246794222066,46,0.48,0.6,0.3,0,0.5,10,9.5,10,rrt_20260807_192611_697.png
20260807_192616_312,2026-08-07 19:26:16,False,10000,509,0.0,0,0.48,0.6,0.3,0,0.5,10,9.5,10,rrt_20260807_192616_312.png
20260807_192622_303,2026-08-07 19:26:22,False,10000,586,0.0,0,0.48,0.6,0.3,0,0.5,10,9.5,10,rrt_20260807_192622_303.png
20260807_192623_111,2026-08-07 19:26:23,True,509,114,17.76,38,0.48,0.6,0.3,0,0.5,10,9.5,10,rrt_20260807_192623_111.png
20260807_192628_258,2026-08-07 19:26:28,False,10000,556,0.0,0,0.48,0.6,0.3,0,0.5,10,9.5,10,rrt_20260807_192628_258.png
20260807_192629_294,2026-08-07 19:26:29,True,627,106,19.543007448790668,42,0.48,0.6,0.3,0,0.5,10,9.5,10,rrt_20260807_192629_294.png
20260807_192630_404,2026-08-07 19:26:30,True,2334,237,16.80000000000001,36,0.48,0.6,0.3,0,0.5,10,9.5,10,rrt_20260807_192630_404.png
20260807_192634_384,2026-08-07 19:26:34,False,10000,413,0.0,0,0.48,0.6,0.3,0,0.5,10,9.5,10,rrt_20260807_192634_384.png
20260807_192635_173,2026-08-07 19:26:35,True,666,137,18.085167633251643,39,0.48,0.6,0.3,0,0.5,10,9.5,10,rrt_20260807_192635_173.png
20260807_192636_419,2026-08-07 19:26:36,True,2734,271,24.48000000000001,52,0.48,0.6,0.3,0,0.5,10,9.5,10,rrt_20260807_192636_419.png
20260807_192637_348,2026-08-07 19:26:37,True,1548,200,21.42195549712046,46,0.48,0.6,0.3,0,0.5,10,9.5,10,rrt_20260807_192637_348.png
20260807_192642_096,2026-08-07 19:26:42,False,10000,468,0.0,0,0.48,0.6,0.3,0,0.5,10,9.5,10,rrt_20260807_192642_096.png
20260807_192647_124,2026-08-07 19:26:47,False,10000,558,0.0,0,0.48,0.6,0.3,0,0.5,10,9.5,10,rrt_20260807_192647_124.png
20260807_192648_161,2026-08-07 19:26:48,True,1117,208,19.200000000000006,41,0.48,0.6,0.3,0,0.5,10,9.5,10,rrt_20260807_192648_161.png
20260807_192653_141,2026-08-07 19:26:53,False,10000,541,0.0,0,0.48,0.6,0.3,0,0.5,10,9.5,10,rrt_20260807_192653_141.png
20260807_192654_007,2026-08-07 19:26:54,True,612,160,17.760000000000005,38,0.48,0.6,0.3,0,0.5,10,9.5,10,rrt_20260807_192654_007.png
20260807_192658_266,2026-08-07 19:26:58,False,10000,442,0.0,0,0.48,0.6,0.3,0,0.5,10,9.5,10,rrt_20260807_192658_266.png
20260807_192703_777,2026-08-07 19:27:03,False,10000,583,0.0,0,0.48,0.6,0.3,0,0.5,10,9.5,10,rrt_20260807_192703_777.png
20260807_192704_891,2026-08-07 19:27:04,True,2577,218,21.03227027118604,45,0.48,0.6,0.3,0,0.5,10,9.5,10,rrt_20260807_192704_891.png
20260807_192705_653,2026-08-07 19:27:05,True,778,134,17.280000000000005,37,0.48,0.6,0.3,0,0.5,10,9.5,10,rrt_20260807_192705_653.png
20260807_192706_733,2026-08-07 19:27:06,True,664,136,19.060380557780608,41,0.48,0.6,0.3,0,0.5,10,9.5,10,rrt_20260807_192706_733.png
20260807_192711_703,2026-08-07 19:27:11,False,10000,522,0.0,0,0.48,0.6,0.3,0,0.5,10,9.5,10,rrt_20260807_192711_703.png
20260807_192712_892,2026-08-07 19:27:12,True,2273,224,21.054768715465347,45,0.48,0.6,0.3,0,0.5,10,9.5,10,rrt_20260807_192712_892.png
20260807_192718_412,2026-08-07 19:27:18,False,10000,565,0.0,0,0.48,0.6,0.3,0,0.5,10,9.5,10,rrt_20260807_192718_412.png
20260807_192723_652,2026-08-07 19:27:23,False,10000,567,0.0,0,0.48,0.6,0.3,0,0.5,10,9.5,10,rrt_20260807_192723_652.png
20260807_192724_454,2026-08-07 19:27:24,True,700,114,19.680000000000007,42,0.48,0.6,0.3,0,0.5,10,9.5,10,rrt_20260807_192724_454.png
20260807_192725_383,2026-08-07 19:27:25,True,1862,225,18.240000000000002,39,0.48,0.6,0.3,0,0.5,10,9.5,10,rrt_20260807_192725_383.png
20260807_192726_156,2026-08-07 19:27:26,True,914,138,19.598358818000857,42,0.48,0.6,0.3,0,0.5,10,9.5,10,rrt_20260807_192726_156.png
20260807_192727_257,2026-08-07 19:27:27,True,1613,176,20.16000000000001,43,0.48,0.6,0.3,0,0.5,10,9.5,10,rrt_20260807_192727_257.png
20260807_192728_204,2026-08-07 19:27:28,True,341,106,17.6418547486986,38,0.48,0.6,0.3,0,0.5,10,9.5,10,rrt_20260807_192728_204.png
20260807_192729_189,2026-08-07 19:27:29,True,1930,218,17.655863614564563,38,0.48,0.6,0.3,0,0.5,10,9.5,10,rrt_20260807_192729_189.png
20260807_192730_040,2026-08-07 19:27:30,True,1198,198,18.24000000000001,39,0.48,0.6,0.3,0,0.5,10,9.5,10,rrt_20260807_192730_040.png
20260807_192730_896,2026-08-07 19:27:30,True,1459,211,18.65437397064137,40,0.48,0.6,0.3,0,0.5,10,9.5,10,rrt_20260807_192730_896.png
20260807_192735_206,2026-08-07 19:27:35,False,10000,480,0.0,0,0.48,0.6,0.3,0,0.5,10,9.5,10,rrt_20260807_192735_206.png
20260807_192735_999,2026-08-07 19:27:35,True,486,135,16.320000000000004,35,0.48,0.6,0.3,0,0.5,10,9.5,10,rrt_20260807_192735_999.png
20260807_192736_629,2026-08-07 19:27:36,True,321,69,18.12414589851055,39,0.48,0.6,0.3,0,0.5,10,9.5,10,rrt_20260807_192736_629.png
20260807_192737_377,2026-08-07 19:27:37,True,1101,196,18.10182378533492,39,0.48,0.6,0.3,0,0.5,10,9.5,10,rrt_20260807_192737_377.png
20260807_192742_522,2026-08-07 19:27:42,False,10000,571,0.0,0,0.48,0.6,0.3,0,0.5,10,9.5,10,rrt_20260807_192742_522.png
20260807_192743_659,2026-08-07 19:27:43,True,957,169,20.160000000000007,43,0.48,0.6,0.3,0,0.5,10,9.5,10,rrt_20260807_192743_659.png
20260807_192747_665,2026-08-07 19:27:47,False,10000,416,0.0,0,0.48,0.6,0.3,0,0.5,10,9.5,10,rrt_20260807_192747_665.png
20260807_192748_651,2026-08-07 19:27:48,True,1451,216,17.860025462717367,39,0.48,0.6,0.3,0,0.5,10,9.5,10,rrt_20260807_192748_651.png
20260807_192749_818,2026-08-07 19:27:49,True,1993,260,20.16000000000001,43,0.48,0.6,0.3,0,0.5,10,9.5,10,rrt_20260807_192749_818.png
20260807_192754_752,2026-08-07 19:27:54,False,10000,501,0.0,0,0.48,0.6,0.3,0,0.5,10,9.5,10,rrt_20260807_192754_752.png
20260807_192756_078,2026-08-07 19:27:56,True,1105,175,17.28000000000001,37,0.48,0.6,0.3,0,0.5,10,9.5,10,rrt_20260807_192756_078.png
20260807_192800_086,2026-08-07 19:28:00,False,10000,428,0.0,0,0.48,0.6,0.3,0,0.5,10,9.5,10,rrt_20260807_192800_086.png
20260807_192805_189,2026-08-07 19:28:05,False,10000,572,0.0,0,0.48,0.6,0.3,0,0.5,10,9.5,10,rrt_20260807_192805_189.png
20260807_192810_526,2026-08-07 19:28:10,False,10000,580,0.0,0,0.48,0.6,0.3,0,0.5,10,9.5,10,rrt_20260807_192810_526.png
20260807_192811_659,2026-08-07 19:28:11,True,492,126,17.620174508304196,38,0.48,0.6,0.3,0,0.5,10,9.5,10,rrt_20260807_192811_659.png
20260807_192816_467,2026-08-07 19:28:16,False,10000,504,0.0,0,0.48,0.6,0.3,0,0.5,10,9.5,10,rrt_20260807_192816_467.png
20260807_192817_476,2026-08-07 19:28:17,True,1509,218,18.24000000000001,39,0.48,0.6,0.3,0,0.5,10,9.5,10,rrt_20260807_192817_476.png
20260807_192822_606,2026-08-07 19:28:22,False,10000,562,0.0,0,0.48,0.6,0.3,0,0.5,10,9.5,10,rrt_20260807_192822_606.png
20260807_192827_863,2026-08-07 19:28:27,False,10000,563,0.0,0,0.48,0.6,0.3,0,0.5,10,9.5,10,rrt_20260807_192827_863.png
20260807_192833_482,2026-08-07 19:28:33,False,10000,615,0.0,0,0.48,0.6,0.3,0,0.5,10,9.5,10,rrt_20260807_192833_482.png
20260807_192837_199,2026-08-07 19:28:37,False,10000,345,0.0,0,0.48,0.6,0.3,0,0.5,10,9.5,10,rrt_20260807_192837_199.png
20260807_192842_560,2026-08-07 19:28:42,False,10000,572,0.0,0,0.48,0.6,0.3,0,0.5,10,9.5,10,rrt_20260807_192842_560.png
20260807_192843_677,2026-08-07 19:28:43,True,253,78,17.4425977843787,38,0.48,0.6,0.3,0,0.5,10,9.5,10,rrt_20260807_192843_677.png
20260807_192848_648,2026-08-07 19:28:48,False,10000,538,0.0,0,0.48,0.6,0.3,0,0.5,10,9.5,10,rrt_20260807_192848_648.png
20260807_192850_026,2026-08-07 19:28:50,True,955,173,17.76000000000001,38,0.48,0.6,0.3,0,0.5,10,9.5,10,rrt_20260807_192850_026.png
20260807_192855_404,2026-08-07 19:28:55,False,10000,578,0.0,0,0.48,0.6,0.3,0,0.5,10,9.5,10,rrt_20260807_192855_404.png
20260807_192856_359,2026-08-07 19:28:56,True,719,131,20.950267268254315,45,0.48,0.6,0.3,0,0.5,10,9.5,10,rrt_20260807_192856_359.png
20260807_192857_023,2026-08-07 19:28:57,True,557,120,19.669481387885856,42,0.48,0.6,0.3,0,0.5,10,9.5,10,rrt_20260807_192857_023.png
20260807_192857_686,2026-08-07 19:28:57,True,632,122,18.154283647066237,39,0.48,0.6,0.3,0,0.5,10,9.5,10,rrt_20260807_192857_686.png
20260807_192858_933,2026-08-07 19:28:58,True,2558,277,18.067959315440415,39,0.48,0.6,0.3,0,0.5,10,9.5,10,rrt_20260807_192858_933.png
20260807_192859_890,2026-08-07 19:28:59,True,1919,196,20.07428652137285,43,0.48,0.6,0.3,0,0.5,10,9.5,10,rrt_20260807_192859_890.png
20260807_192905_875,2026-08-07 19:29:05,False,10000,617,0.0,0,0.48,0.7,0.3,0,0.5,10,9.5,10,rrt_20260807_192905_875.png
20260807_192906_760,2026-08-07 19:29:06,True,1251,176,19.200000000000003,41,0.48,0.7,0.3,0,0.5,10,9.5,10,rrt_20260807_192906_760.png
20260807_192911_452,2026-08-07 19:29:11,False,10000,530,0.0,0,0.48,0.7,0.3,0,0.5,10,9.5,10,rrt_20260807_192911_452.png
20260807_192912_343,2026-08-07 19:29:12,True,864,190,17.75446906013485,38,0.48,0.7,0.3,0,0.5,10,9.5,10,rrt_20260807_192912_343.png
20260807_192913_075,2026-08-07 19:29:13,True,379,129,18.8542175902533,41,0.48,0.7,0.3,0,0.5,10,9.5,10,rrt_20260807_192913_075.png
20260807_192914_226,2026-08-07 19:29:14,True,1888,267,18.581166968390043,40,0.48,0.7,0.3,0,0.5,10,9.5,10,rrt_20260807_192914_226.png
20260807_192915_005,2026-08-07 19:29:15,True,841,178,18.240000000000006,39,0.48,0.7,0.3,0,0.5,10,9.5,10,rrt_20260807_192915_005.png
20260807_192919_145,2026-08-07 19:29:19,False,10000,447,0.0,0,0.48,0.7,0.3,0,0.5,10,9.5,10,rrt_20260807_192919_145.png
20260807_192920_392,2026-08-07 19:29:20,True,1225,151,24.00000000000001,51,0.48,0.7,0.3,0,0.5,10,9.5,10,rrt_20260807_192920_392.png
20260807_192921_734,2026-08-07 19:29:21,True,1789,253,17.589050634526277,38,0.48,0.7,0.3,0,0.5,10,9.5,10,rrt_20260807_192921_734.png
20260807_192927_670,2026-08-07 19:29:27,False,10000,640,0.0,0,0.48,0.7,0.3,0,0.5,10,9.5,10,rrt_20260807_192927_670.png
20260807_192933_783,2026-08-07 19:29:33,False,10000,653,0.0,0,0.48,0.7,0.3,0,0.5,10,9.5,10,rrt_20260807_192933_783.png
20260807_192935_046,2026-08-07 19:29:35,True,1775,252,19.200000000000006,41,0.48,0.7,0.3,0,0.5,10,9.5,10,rrt_20260807_192935_046.png
20260807_192937_758,2026-08-07 19:29:37,False,10000,254,0.0,0,0.48,0.7,0.3,0,0.5,10,9.5,10,rrt_20260807_192937_758.png
20260807_192939_026,2026-08-07 19:29:39,True,500,111,18.24000000000001,39,0.48,0.7,0.3,0,0.5,10,9.5,10,rrt_20260807_192939_026.png
20260807_192939_935,2026-08-07 19:29:39,True,1560,205,20.93751031628264,45,0.48,0.7,0.3,0,0.5,10,9.5,10,rrt_20260807_192939_935.png
20260807_192944_420,2026-08-07 19:29:44,False,10000,482,0.0,0,0.48,0.7,0.3,0,0.5,10,9.5,10,rrt_20260807_192944_420.png
20260807_192945_337,2026-08-07 19:29:45,True,535,133,19.18595797268934,41,0.48,0.7,0.3,0,0.5,10,9.5,10,rrt_20260807_192945_337.png
20260807_192950_756,2026-08-07 19:29:50,False,10000,589,0.0,0,0.48,0.7,0.3,0,0.5,10,9.5,10,rrt_20260807_192950_756.png
20260807_192955_657,2026-08-07 19:29:55,False,10000,527,0.0,0,0.48,0.7,0.3,0,0.5,10,9.5,10,rrt_20260807_192955_657.png
20260807_193000_256,2026-08-07 19:30:00,False,10000,478,0.0,0,0.48,0.7,0.3,0,0.5,10,9.5,10,rrt_20260807_193000_256.png
20260807_193001_074,2026-08-07 19:30:01,True,362,90,17.67563263253396,38,0.48,0.7,0.3,0,0.5,10,9.5,10,rrt_20260807_193001_074.png
20260807_193005_917,2026-08-07 19:30:05,False,10000,529,0.0,0,0.48,0.7,0.3,0,0.5,10,9.5,10,rrt_20260807_193005_917.png
20260807_193010_714,2026-08-07 19:30:10,False,10000,467,0.0,0,0.48,0.7,0.3,0,0.5,10,9.5,10,rrt_20260807_193010_714.png
20260807_193011_617,2026-08-07 19:30:11,True,704,137,18.240000000000006,39,0.48,0.7,0.3,0,0.5,10,9.5,10,rrt_20260807_193011_617.png
20260807_193016_897,2026-08-07 19:30:16,False,10000,591,0.0,0,0.48,0.7,0.3,0,0.5,10,9.5,10,rrt_20260807_193016_897.png
20260807_193017_746,2026-08-07 19:30:17,True,395,97,16.800000000000008,36,0.48,0.7,0.3,0,0.5,10,9.5,10,rrt_20260807_193017_746.png
20260807_193023_945,2026-08-07 19:30:23,False,10000,636,0.0,0,0.48,0.7,0.3,0,0.5,10,9.5,10,rrt_20260807_193023_945.png
20260807_193024_840,2026-08-07 19:30:24,True,654,151,18.572014740268884,40,0.48,0.7,0.3,0,0.5,10,9.5,10,rrt_20260807_193024_840.png
20260807_193025_730,2026-08-07 19:30:25,True,1257,225,17.760000000000005,38,0.48,0.7,0.3,0,0.5,10,9.5,10,rrt_20260807_193025_730.png
20260807_193030_298,2026-08-07 19:30:30,False,10000,486,0.0,0,0.48,0.7,0.3,0,0.5,10,9.5,10,rrt_20260807_193030_298.png
20260807_193036_326,2026-08-07 19:30:36,False,10000,654,0.0,0,0.48,0.7,0.3,0,0.5,10,9.5,10,rrt_20260807_193036_326.png
20260807_193037_521,2026-08-07 19:30:37,True,340,116,16.66826012658776,36,0.48,0.7,0.3,0,0.5,10,9.5,10,rrt_20260807_193037_521.png
20260807_193038_228,2026-08-07 19:30:38,True,529,145,17.501705063164643,38,0.48,0.7,0.3,0,0.5,10,9.5,10,rrt_20260807_193038_228.png
20260807_193038_996,2026-08-07 19:30:38,True,1161,164,19.200000000000006,41,0.48,0.7,0.3,0,0.5,10,9.5,10,rrt_20260807_193038_996.png
20260807_193044_164,2026-08-07 19:30:44,False,10000,559,0.0,0,0.48,0.7,0.3,0,0.5,10,9.5,10,rrt_20260807_193044_164.png
20260807_193050_275,2026-08-07 19:30:50,False,10000,652,0.0,0,0.48,0.7,0.3,0,0.5,10,9.5,10,rrt_20260807_193050_275.png
20260807_193055_062,2026-08-07 19:30:55,False,10000,482,0.0,0,0.48,0.7,0.3,0,0.5,10,9.5,10,rrt_20260807_193055_062.png
20260807_193056_029,2026-08-07 19:30:56,True,1130,208,20.160000000000004,43,0.48,0.7,0.3,0,0.5,10,9.5,10,rrt_20260807_193056_029.png
20260807_193101_862,2026-08-07 19:31:01,False,10000,640,0.0,0,0.48,0.7,0.3,0,0.5,10,9.5,10,rrt_20260807_193101_862.png
20260807_193102_791,2026-08-07 19:31:02,True,734,152,26.400000000000016,56,0.48,0.7,0.3,0,0.5,10,9.5,10,rrt_20260807_193102_791.png
20260807_193108_373,2026-08-07 19:31:08,False,10000,635,0.0,0,0.48,0.7,0.3,0,0.5,10,9.5,10,rrt_20260807_193108_373.png
20260807_193109_267,2026-08-07 19:31:09,True,791,140,18.240000000000006,39,0.48,0.7,0.3,0,0.5,10,9.5,10,rrt_20260807_193109_267.png
20260807_193115_080,2026-08-07 19:31:15,False,10000,648,0.0,0,0.48,0.7,0.3,0,0.5,10,9.5,10,rrt_20260807_193115_080.png
20260807_193119_526,2026-08-07 19:31:19,False,10000,471,0.0,0,0.48,0.7,0.3,0,0.5,10,9.5,10,rrt_20260807_193119_526.png
20260807_193120_996,2026-08-07 19:31:20,True,1352,198,18.240000000000006,39,0.48,0.7,0.3,0,0.5,10,9.5,10,rrt_20260807_193120_996.png
20260807_193121_741,2026-08-07 19:31:21,True,950,148,19.570524844785748,42,0.48,0.7,0.3,0,0.5,10,9.5,10,rrt_20260807_193121_741.png
20260807_193127_306,2026-08-07 19:31:27,False,10000,624,0.0,0,0.48,0.7,0.3,0,0.5,10,9.5,10,rrt_20260807_193127_306.png
20260807_193128_246,2026-08-07 19:31:28,True,1148,194,17.633209223663908,38,0.48,0.7,0.3,0,0.5,10,9.5,10,rrt_20260807_193128_246.png
20260807_193128_953,2026-08-07 19:31:28,True,482,130,16.800000000000008,36,0.48,0.7,0.3,0,0.5,10,9.5,10,rrt_20260807_193128_953.png
20260807_193135_153,2026-08-07 19:31:35,False,10000,685,0.0,0,0.48,0.7,0.3,0,0.5,10,9.5,10,rrt_20260807_193135_153.png
20260807_193136_217,2026-08-07 19:31:36,True,1786,193,20.538811288897637,44,0.48,0.7,0.3,0,0.5,10,9.5,10,rrt_20260807_193136_217.png
20260807_193140_225,2026-08-07 19:31:40,False,10000,401,0.0,0,0.48,0.7,0.3,0,0.5,10,9.5,10,rrt_20260807_193140_225.png
20260807_193146_247,2026-08-07 19:31:46,False,10000,624,0.0,0,0.48,0.7,0.3,0,0.5,10,9.5,10,rrt_20260807_193146_247.png
20260807_193152_005,2026-08-07 19:31:52,False,10000,626,0.0,0,0.48,0.7,0.3,0,0.5,10,9.5,10,rrt_20260807_193152_005.png
20260807_193152_849,2026-08-07 19:31:52,True,682,163,18.720000000000006,40,0.48,0.7,0.3,0,0.5,10,9.5,10,rrt_20260807_193152_849.png
20260807_193153_557,2026-08-07 19:31:53,True,709,151,17.76,38,0.48,0.7,0.3,0,0.5,10,9.5,10,rrt_20260807_193153_557.png
20260807_193154_245,2026-08-07 19:31:54,True,682,123,17.100265851126913,37,0.48,0.7,0.3,0,0.5,10,9.5,10,rrt_20260807_193154_245.png
20260807_193159_675,2026-08-07 19:31:59,False,10000,581,0.0,0,0.48,0.7,0.3,0,0.5,10,9.5,10,rrt_20260807_193159_675.png
20260807_193202_564,2026-08-07 19:32:02,False,10000,261,0.0,0,0.48,0.7,0.3,0,0.5,10,9.5,10,rrt_20260807_193202_564.png
20260807_193203_262,2026-08-07 19:32:03,True,307,91,18.166797723796865,39,0.48,0.7,0.3,0,0.5,10,9.5,10,rrt_20260807_193203_262.png
20260807_193204_116,2026-08-07 19:32:04,True,1644,214,23.952761197947652,52,0.48,0.7,0.3,0,0.5,10,9.5,10,rrt_20260807_193204_116.png
20260807_193207_263,2026-08-07 19:32:07,False,10000,248,0.0,0,0.48,0.7,0.3,0,0.5,10,9.5,10,rrt_20260807_193207_263.png
20260807_193212_348,2026-08-07 19:32:12,False,10000,552,0.0,0,0.48,0.7,0.3,0,0.5,10,9.5,10,rrt_20260807_193212_348.png
20260807_193213_134,2026-08-07 19:32:13,True,375,125,18.65448009752525,40,0.48,0.7,0.3,0,0.5,10,9.5,10,rrt_20260807_193213_134.png
20260807_193213_952,2026-08-07 19:32:13,True,354,98,17.11931515651489,37,0.48,0.7,0.3,0,0.5,10,9.5,10,rrt_20260807_193213_952.png
20260807_193219_143,2026-08-07 19:32:19,False,10000,589,0.0,0,0.48,0.7,0.3,0,0.5,10,9.5,10,rrt_20260807_193219_143.png
20260807_193223_795,2026-08-07 19:32:23,False,10000,445,0.0,0,0.48,0.7,0.3,0,0.5,10,9.5,10,rrt_20260807_193223_795.png
20260807_193224_636,2026-08-07 19:32:24,True,658,143,19.20000000000001,41,0.48,0.7,0.3,0,0.5,10,9.5,10,rrt_20260807_193224_636.png
20260807_193230_254,2026-08-07 19:32:30,False,10000,602,0.0,0,0.48,0.7,0.3,0,0.5,10,9.5,10,rrt_20260807_193230_254.png
20260807_193231_453,2026-08-07 19:32:31,True,2421,271,19.08537704828253,41,0.48,0.7,0.3,0,0.5,10,9.5,10,rrt_20260807_193231_453.png
20260807_193232_562,2026-08-07 19:32:32,True,537,137,18.24000000000001,39,0.48,0.7,0.3,0,0.5,10,9.5,10,rrt_20260807_193232_562.png
20260807_193233_276,2026-08-07 19:32:33,True,864,173,18.687967924291687,40,0.48,0.7,0.3,0,0.5,10,9.5,10,rrt_20260807_193233_276.png
20260807_193233_943,2026-08-07 19:32:33,True,500,128,17.760000000000005,38,0.48,0.7,0.3,0,0.5,10,9.5,10,rrt_20260807_193233_943.png
20260807_193238_100,2026-08-07 19:32:38,False,10000,452,0.0,0,0.48,0.7,0.3,0,0.5,10,9.5,10,rrt_20260807_193238_100.png
20260807_193239_102,2026-08-07 19:32:39,True,1702,182,20.4661847544006,44,0.48,0.7,0.3,0,0.5,10,9.5,10,rrt_20260807_193239_102.png
20260807_193244_381,2026-08-07 19:32:44,False,10000,619,0.0,0,0.48,0.7,0.3,0,0.5,10,9.5,10,rrt_20260807_193244_381.png
20260807_193245_234,2026-08-07 19:32:45,True,785,145,18.720000000000002,40,0.48,0.7,0.3,0,0.5,10,9.5,10,rrt_20260807_193245_234.png
20260807_193245_915,2026-08-07 19:32:45,True,538,141,19.632120755459262,42,0.48,0.7,0.3,0,0.5,10,9.5,10,rrt_20260807_193245_915.png
20260807_193246_574,2026-08-07 19:32:46,True,373,141,17.215353175632846,37,0.48,0.7,0.3,0,0.5,10,9.5,10,rrt_20260807_193246_574.png
20260807_193247_556,2026-08-07 19:32:47,True,292,79,18.24000000000001,39,0.48,0.7,0.3,0,0.5,10,9.5,10,rrt_20260807_193247_556.png
20260807_193248_488,2026-08-07 19:32:48,True,345,94,18.240000000000006,39,0.48,0.7,0.3,0,0.5,10,9.5,10,rrt_20260807_193248_488.png
20260807_193252_730,2026-08-07 19:32:52,False,10000,457,0.0,0,0.48,0.7,0.3,0,0.5,10,9.5,10,rrt_20260807_193252_730.png
20260807_193253_532,2026-08-07 19:32:53,True,558,141,17.76000000000001,38,0.48,0.7,0.3,0,0.5,10,9.5,10,rrt_20260807_193253_532.png
20260807_193254_196,2026-08-07 19:32:54,True,422,123,17.280000000000005,37,0.48,0.7,0.3,0,0.5,10,9.5,10,rrt_20260807_193254_196.png
20260807_193259_172,2026-08-07 19:32:59,False,10000,557,0.0,0,0.48,0.7,0.3,0,0.5,10,9.5,10,rrt_20260807_193259_172.png
20260807_193300_428,2026-08-07 19:33:00,True,2180,279,19.544710230643005,42,0.48,0.7,0.3,0,0.5,10,9.5,10,rrt_20260807_193300_428.png
20260807_193301_493,2026-08-07 19:33:01,True,936,152,18.579459776044626,40,0.48,0.7,0.3,0,0.5,10,9.5,10,rrt_20260807_193301_493.png
20260807_193302_253,2026-08-07 19:33:02,True,612,147,18.67709421450927,40,0.48,0.7,0.3,0,0.5,10,9.5,10,rrt_20260807_193302_253.png
20260807_193303_327,2026-08-07 19:33:03,True,994,171,18.891947231978023,41,0.48,0.7,0.3,0,0.5,10,9.5,10,rrt_20260807_193303_327.png
20260807_193307_804,2026-08-07 19:33:07,False,10000,483,0.0,0,0.48,0.7,0.3,0,0.5,10,9.5,10,rrt_20260807_193307_804.png
20260807_193312_757,2026-08-07 19:33:12,False,10000,537,0.0,0,0.48,0.7,0.3,0,0.5,10,9.5,10,rrt_20260807_193312_757.png
20260807_193313_637,2026-08-07 19:33:13,True,815,163,17.695489854468818,38,0.48,0.7,0.3,0,0.5,10,9.5,10,rrt_20260807_193313_637.png
20260807_193319_006,2026-08-07 19:33:19,False,10000,600,0.0,0,0.48,0.7,0.3,0,0.5,10,9.5,10,rrt_20260807_193319_006.png
20260807_193321_835,2026-08-07 19:33:21,False,10000,238,0.0,0,0.48,0.7,0.3,0,0.5,10,9.5,10,rrt_20260807_193321_835.png
20260807_193322_721,2026-08-07 19:33:22,True,983,200,17.123516825149622,37,0.48,0.7,0.3,0,0.5,10,9.5,10,rrt_20260807_193322_721.png
20260807_193326_590,2026-08-07 19:33:26,False,10000,358,0.0,0,0.48,0.7,0.3,0,0.5,10,9.5,10,rrt_20260807_193326_590.png
20260807_193327_386,2026-08-07 19:33:27,True,761,184,18.2047456977569,39,0.48,0.7,0.3,0,0.5,10,9.5,10,rrt_20260807_193327_386.png
20260807_193328_423,2026-08-07 19:33:28,True,310,109,18.179363975099,39,0.48,0.7,0.3,0,0.5,10,9.5,10,rrt_20260807_193328_423.png
20260807_193329_117,2026-08-07 19:33:29,True,682,159,19.680000000000007,42,0.48,0.7,0.3,0,0.5,10,9.5,10,rrt_20260807_193329_117.png
20260807_193329_797,2026-08-07 19:33:29,True,512,145,17.627678538880964,39,0.48,0.8,0.3,0,0.5,10,9.5,10,rrt_20260807_193329_797.png
20260807_193334_487,2026-08-07 19:33:34,False,10000,538,0.0,0,0.48,0.8,0.3,0,0.5,10,9.5,10,rrt_20260807_193334_487.png
20260807_193335_316,2026-08-07 19:33:35,True,584,143,19.68000000000001,42,0.48,0.8,0.3,0,0.5,10,9.5,10,rrt_20260807_193335_316.png
20260807_193335_998,2026-08-07 19:33:35,True,617,131,20.297012377066274,44,0.48,0.8,0.3,0,0.5,10,9.5,10,rrt_20260807_193335_998.png
20260807_193341_220,2026-08-07 19:33:41,False,10000,578,0.0,0,0.48,0.8,0.3,0,0.5,10,9.5,10,rrt_20260807_193341_220.png
20260807_193346_045,2026-08-07 19:33:46,False,10000,458,0.0,0,0.48,0.8,0.3,0,0.5,10,9.5,10,rrt_20260807_193346_045.png
20260807_193347_001,2026-08-07 19:33:47,True,1119,238,16.782034010749747,36,0.48,0.8,0.3,0,0.5,10,9.5,10,rrt_20260807_193347_001.png
20260807_193351_715,2026-08-07 19:33:51,False,10000,495,0.0,0,0.48,0.8,0.3,0,0.5,10,9.5,10,rrt_20260807_193351_715.png
20260807_193357_448,2026-08-07 19:33:57,False,10000,657,0.0,0,0.48,0.8,0.3,0,0.5,10,9.5,10,rrt_20260807_193357_448.png
20260807_193402_934,2026-08-07 19:34:02,False,10000,614,0.0,0,0.48,0.8,0.3,0,0.5,10,9.5,10,rrt_20260807_193402_934.png
20260807_193404_131,2026-08-07 19:34:04,True,864,157,19.20000000000001,41,0.48,0.8,0.3,0,0.5,10,9.5,10,rrt_20260807_193404_131.png
20260807_193410_032,2026-08-07 19:34:10,False,10000,693,0.0,0,0.48,0.8,0.3,0,0.5,10,9.5,10,rrt_20260807_193410_032.png
20260807_193416_627,2026-08-07 19:34:16,False,10000,710,0.0,0,0.48,0.8,0.3,0,0.5,10,9.5,10,rrt_20260807_193416_627.png
20260807_193417_907,2026-08-07 19:34:17,True,2562,257,28.973225155637383,62,0.48,0.8,0.3,0,0.5,10,9.5,10,rrt_20260807_193417_907.png
20260807_193418_867,2026-08-07 19:34:18,True,1282,220,21.993046801678627,47,0.48,0.8,0.3,0,0.5,10,9.5,10,rrt_20260807_193418_867.png
20260807_193419_593,2026-08-07 19:34:19,True,583,159,18.66879342123888,40,0.48,0.8,0.3,0,0.5,10,9.5,10,rrt_20260807_193419_593.png
20260807_193425_669,2026-08-07 19:34:25,False,10000,626,0.0,0,0.48,0.8,0.3,0,0.5,10,9.5,10,rrt_20260807_193425_669.png
20260807_193426_633,2026-08-07 19:34:26,True,962,215,18.720000000000006,40,0.48,0.8,0.3,0,0.5,10,9.5,10,rrt_20260807_193426_633.png
20260807_193427_328,2026-08-07 19:34:27,True,641,165,18.240000000000006,39,0.48,0.8,0.3,0,0.5,10,9.5,10,rrt_20260807_193427_328.png
20260807_193428_068,2026-08-07 19:34:28,True,802,172,20.57964175493225,44,0.48,0.8,0.3,0,0.5,10,9.5,10,rrt_20260807_193428_068.png
20260807_193428_764,2026-08-07 19:34:28,True,323,117,17.28000000000001,37,0.48,0.8,0.3,0,0.5,10,9.5,10,rrt_20260807_193428_764.png
20260807_193433_441,2026-08-07 19:34:33,False,10000,525,0.0,0,0.48,0.8,0.3,0,0.5,10,9.5,10,rrt_20260807_193433_441.png
20260807_193434_199,2026-08-07 19:34:34,True,467,125,18.24000000000001,39,0.48,0.8,0.3,0,0.5,10,9.5,10,rrt_20260807_193434_199.png
20260807_193440_842,2026-08-07 19:34:40,False,10000,712,0.0,0,0.48,0.8,0.3,0,0.5,10,9.5,10,rrt_20260807_193440_842.png
20260807_193441_979,2026-08-07 19:34:41,True,634,147,18.540662889233023,40,0.48,0.8,0.3,0,0.5,10,9.5,10,rrt_20260807_193441_979.png
20260807_193447_614,2026-08-07 19:34:47,False,10000,623,0.0,0,0.48,0.8,0.3,0,0.5,10,9.5,10,rrt_20260807_193447_614.png
20260807_193448_454,2026-08-07 19:34:48,True,820,167,19.680000000000007,42,0.48,0.8,0.3,0,0.5,10,9.5,10,rrt_20260807_193448_454.png
20260807_193449_148,2026-08-07 19:34:49,True,476,150,19.54799685915799,42,0.48,0.8,0.3,0,0.5,10,9.5,10,rrt_20260807_193449_148.png
20260807_193455_457,2026-08-07 19:34:55,False,10000,698,0.0,0,0.48,0.8,0.3,0,0.5,10,9.5,10,rrt_20260807_193455_457.png
20260807_193501_753,2026-08-07 19:35:01,False,10000,703,0.0,0,0.48,0.8,0.3,0,0.5,10,9.5,10,rrt_20260807_193501_753.png
20260807_193502_635,2026-08-07 19:35:02,True,510,161,18.720000000000006,40,0.48,0.8,0.3,0,0.5,10,9.5,10,rrt_20260807_193502_635.png
20260807_193508_383,2026-08-07 19:35:08,False,10000,676,0.0,0,0.48,0.8,0.3,0,0.5,10,9.5,10,rrt_20260807_193508_383.png
20260807_193509_192,2026-08-07 19:35:09,True,231,94,16.800000000000004,36,0.48,0.8,0.3,0,0.5,10,9.5,10,rrt_20260807_193509_192.png
20260807_193510_253,2026-08-07 19:35:10,True,405,120,20.55801096948864,44,0.48,0.8,0.3,0,0.5,10,9.5,10,rrt_20260807_193510_253.png
20260807_193511_123,2026-08-07 19:35:11,True,1505,211,18.72000000000001,40,0.48,0.8,0.3,0,0.5,10,9.5,10,rrt_20260807_193511_123.png
20260807_193516_447,2026-08-07 19:35:16,False,10000,577,0.0,0,0.48,0.8,0.3,0,0.5,10,9.5,10,rrt_20260807_193516_447.png
20260807_193517_302,2026-08-07 19:35:17,True,796,177,18.720000000000006,40,0.48,0.8,0.3,0,0.5,10,9.5,10,rrt_20260807_193517_302.png
20260807_193518_240,2026-08-07 19:35:18,True,1464,243,17.76,38,0.48,0.8,0.3,0,0.5,10,9.5,10,rrt_20260807_193518_240.png
20260807_193518_954,2026-08-07 19:35:18,True,449,101,18.240000000000006,39,0.48,0.8,0.3,0,0.5,10,9.5,10,rrt_20260807_193518_954.png
20260807_193519_727,2026-08-07 19:35:19,True,1174,183,19.680000000000007,42,0.48,0.8,0.3,0,0.5,10,9.5,10,rrt_20260807_193519_727.png
20260807_193526_435,2026-08-07 19:35:26,False,10000,745,0.0,0,0.48,0.8,0.3,0,0.5,10,9.5,10,rrt_20260807_193526_435.png
20260807_193527_435,2026-08-07 19:35:27,True,702,160,20.141078386034884,43,0.48,0.8,0.3,0,0.5,10,9.5,10,rrt_20260807_193527_435.png
20260807_193532_952,2026-08-07 19:35:32,False,10000,560,0.0,0,0.48,0.8,0.3,0,0.5,10,9.5,10,rrt_20260807_193532_952.png
20260807_193539_288,2026-08-07 19:35:39,False,10000,724,0.0,0,0.48,0.8,0.3,0,0.5,10,9.5,10,rrt_20260807_193539_288.png
20260807_193540_228,2026-08-07 19:35:40,True,987,190,21.524338313854017,46,0.48,0.8,0.3,0,0.5,10,9.5,10,rrt_20260807_193540_228.png
20260807_193542_916,2026-08-07 19:35:42,False,10000,252,0.0,0,0.48,0.8,0.3,0,0.5,10,9.5,10,rrt_20260807_193542_916.png
20260807_193543_989,2026-08-07 19:35:43,True,1615,269,17.76000000000001,38,0.48,0.8,0.3,0,0.5,10,9.5,10,rrt_20260807_193543_989.png
20260807_193549_737,2026-08-07 19:35:49,False,10000,638,0.0,0,0.48,0.8,0.3,0,0.5,10,9.5,10,rrt_20260807_193549_737.png
20260807_193556_066,2026-08-07 19:35:56,False,10000,714,0.0,0,0.48,0.8,0.3,0,0.5,10,9.5,10,rrt_20260807_193556_066.png
20260807_193556_861,2026-08-07 19:35:56,True,352,105,19.053281321322363,41,0.48,0.8,0.3,0,0.5,10,9.5,10,rrt_20260807_193556_861.png
20260807_193602_969,2026-08-07 19:36:02,False,10000,707,0.0,0,0.48,0.8,0.3,0,0.5,10,9.5,10,rrt_20260807_193602_969.png
20260807_193604_421,2026-08-07 19:36:04,True,964,171,19.21663389848581,42,0.48,0.8,0.3,0,0.5,10,9.5,10,rrt_20260807_193604_421.png
20260807_193605_201,2026-08-07 19:36:05,True,1015,169,19.68000000000001,42,0.48,0.8,0.3,0,0.5,10,9.5,10,rrt_20260807_193605_201.png
20260807_193605_984,2026-08-07 19:36:05,True,984,187,18.72000000000001,40,0.48,0.8,0.3,0,0.5,10,9.5,10,rrt_20260807_193605_984.png
20260807_193606_903,2026-08-07 19:36:06,True,290,107,16.800000000000004,36,0.48,0.8,0.3,0,0.5,10,9.5,10,rrt_20260807_193606_903.png
20260807_193607_520,2026-08-07 19:36:07,True,345,104,20.640000000000008,44,0.48,0.8,0.3,0,0.5,10,9.5,10,rrt_20260807_193607_520.png
20260807_193608_210,2026-08-07 19:36:08,True,625,163,18.72000000000001,40,0.48,0.8,0.3,0,0.5,10,9.5,10,rrt_20260807_193608_210.png
20260807_193610_885,2026-08-07 19:36:10,False,10000,262,0.0,0,0.48,0.8,0.3,0,0.5,10,9.5,10,rrt_20260807_193610_885.png
20260807_193617_148,2026-08-07 19:36:17,False,10000,686,0.0,0,0.48,0.8,0.3,0,0.5,10,9.5,10,rrt_20260807_193617_148.png
20260807_193618_048,2026-08-07 19:36:18,True,618,124,18.720000000000002,40,0.48,0.8,0.3,0,0.5,10,9.5,10,rrt_20260807_193618_048.png
20260807_193619_605,2026-08-07 19:36:19,True,1132,177,25.35351797181092,54,0.48,0.8,0.3,0,0.5,10,9.5,10,rrt_20260807_193619_605.png
20260807_193621_374,2026-08-07 19:36:21,True,3761,380,24.985294192596097,54,0.48,0.8,0.3,0,0.5,10,9.5,10,rrt_20260807_193621_374.png
20260807_193622_117,2026-08-07 19:36:22,True,422,138,17.76,38,0.48,0.8,0.3,0,0.5,10,9.5,10,rrt_20260807_193622_117.png
20260807_193624_859,2026-08-07 19:36:24,False,10000,251,0.0,0,0.48,0.8,0.3,0,0.5,10,9.5,10,rrt_20260807_193624_859.png
20260807_193631_238,2026-08-07 19:36:31,False,10000,726,0.0,0,0.48,0.8,0.3,0,0.5,10,9.5,10,rrt_20260807_193631_238.png
20260807_193632_074,2026-08-07 19:36:32,True,500,138,20.64000000000001,44,0.48,0.8,0.3,0,0.5,10,9.5,10,rrt_20260807_193632_074.png
20260807_193632_778,2026-08-07 19:36:32,True,664,141,17.76000000000001,38,0.48,0.8,0.3,0,0.5,10,9.5,10,rrt_20260807_193632_778.png
20260807_193633_471,2026-08-07 19:36:33,True,648,147,18.130752171173064,39,0.48,0.8,0.3,0,0.5,10,9.5,10,rrt_20260807_193633_471.png
20260807_193639_361,2026-08-07 19:36:39,False,10000,672,0.0,0,0.48,0.8,0.3,0,0.5,10,9.5,10,rrt_20260807_193639_361.png
20260807_193640_876,2026-08-07 19:36:40,True,387,122,17.760000000000005,38,0.48,0.8,0.3,0,0.5,10,9.5,10,rrt_20260807_193640_876.png
20260807_193641_583,2026-08-07 19:36:41,True,414,132,17.605278026313123,38,0.48,0.8,0.3,0,0.5,10,9.5,10,rrt_20260807_193641_583.png
20260807_193647_056,2026-08-07 19:36:47,False,10000,626,0.0,0,0.48,0.8,0.3,0,0.5,10,9.5,10,rrt_20260807_193647_056.png
20260807_193653_359,2026-08-07 19:36:53,False,10000,699,0.0,0,0.48,0.8,0.3,0,0.5,10,9.5,10,rrt_20260807_193653_359.png
20260807_193656_287,2026-08-07 19:36:56,False,10000,279,0.0,0,0.48,0.8,0.3,0,0.5,10,9.5,10,rrt_20260807_193656_287.png
20260807_193657_027,2026-08-07 19:36:57,True,585,144,18.720000000000006,40,0.48,0.8,0.3,0,0.5,10,9.5,10,rrt_20260807_193657_027.png
20260807_193657_684,2026-08-07 19:36:57,True,383,120,18.546270923006208,40,0.48,0.8,0.3,0,0.5,10,9.5,10,rrt_20260807_193657_684.png
20260807_193703_209,2026-08-07 19:37:03,False,10000,609,0.0,0,0.48,0.8,0.3,0,0.5,10,9.5,10,rrt_20260807_193703_209.png
20260807_193706_092,2026-08-07 19:37:06,False,10000,279,0.0,0,0.48,0.8,0.3,0,0.5,10,9.5,10,rrt_20260807_193706_092.png
20260807_193707_533,2026-08-07 19:37:07,True,343,116,17.760000000000005,38,0.48,0.8,0.3,0,0.5,10,9.5,10,rrt_20260807_193707_533.png
20260807_193708_284,2026-08-07 19:37:08,True,1010,171,19.595037842494555,42,0.48,0.8,0.3,0,0.5,10,9.5,10,rrt_20260807_193708_284.png
20260807_193714_193,2026-08-07 19:37:14,False,10000,665,0.0,0,0.48,0.8,0.3,0,0.5,10,9.5,10,rrt_20260807_193714_193.png
20260807_193715_102,2026-08-07 19:37:15,True,720,177,20.023451180200396,43,0.48,0.8,0.3,0,0.5,10,9.5,10,rrt_20260807_193715_102.png
20260807_193715_761,2026-08-07 19:37:15,True,339,136,17.76,38,0.48,0.8,0.3,0,0.5,10,9.5,10,rrt_20260807_193715_761.png
20260807_193718_574,2026-08-07 19:37:18,False,10000,269,0.0,0,0.48,0.8,0.3,0,0.5,10,9.5,10,rrt_20260807_193718_574.png
20260807_193719_760,2026-08-07 19:37:19,True,396,128,18.109488127884948,39,0.48,0.8,0.3,0,0.5,10,9.5,10,rrt_20260807_193719_760.png
20260807_193720_481,2026-08-07 19:37:20,True,1002,155,17.76,38,0.48,0.8,0.3,0,0.5,10,9.5,10,rrt_20260807_193720_481.png
20260807_193725_352,2026-08-07 19:37:25,False,10000,510,0.0,0,0.48,0.8,0.3,0,0.5,10,9.5,10,rrt_20260807_193725_352.png
20260807_193731_063,2026-08-07 19:37:31,False,10000,660,0.0,0,0.48,0.8,0.3,0,0.5,10,9.5,10,rrt_20260807_193731_063.png
20260807_193731_820,2026-08-07 19:37:31,True,182,82,16.320000000000004,35,0.48,0.8,0.3,0,0.5,10,9.5,10,rrt_20260807_193731_820.png
20260807_193736_512,2026-08-07 19:37:36,False,10000,493,0.0,0,0.48,0.8,0.3,0,0.5,10,9.5,10,rrt_20260807_193736_512.png
20260807_193741_155,2026-08-07 19:37:41,False,10000,485,0.0,0,0.48,0.8,0.3,0,0.5,10,9.5,10,rrt_20260807_193741_155.png
20260807_193742_298,2026-08-07 19:37:42,True,1851,270,17.404781044684203,38,0.48,0.8,0.3,0,0.5,10,9.5,10,rrt_20260807_193742_298.png
20260807_193743_654,2026-08-07 19:37:43,True,2688,306,27.254556227245665,59,0.48,0.8,0.3,0,0.5,10,9.5,10,rrt_20260807_193743_654.png
20260807_193748_406,2026-08-07 19:37:48,False,10000,526,0.0,0,0.48,0.8,0.3,0,0.5,10,9.5,10,rrt_20260807_193748_406.png
20260807_193754_392,2026-08-07 19:37:54,False,10000,670,0.0,0,0.48,0.8,0.3,0,0.5,10,9.5,10,rrt_20260807_193754_392.png
20260807_193800_433,2026-08-07 19:38:00,False,10000,630,0.0,0,0.48,0.8,0.3,0,0.5,10,9.5,10,rrt_20260807_193800_433.png
20260807_193805_290,2026-08-07 19:38:05,False,10000,528,0.0,0,0.48,0.8,0.3,0,0.5,10,9.5,10,rrt_20260807_193805_290.png
20260807_193806_435,2026-08-07 19:38:06,True,751,187,18.720000000000006,40,0.48,0.8,0.3,0,0.5,10,9.5,10,rrt_20260807_193806_435.png
20260807_193812_632,2026-08-07 19:38:12,False,10000,683,0.0,0,0.48,0.8,0.3,0,0.5,10,9.5,10,rrt_20260807_193812_632.png
20260807_193813_698,2026-08-07 19:38:13,True,717,208,17.76000000000001,38,0.48,0.8,0.3,0,0.5,10,9.5,10,rrt_20260807_193813_698.png
20260807_193814_493,2026-08-07 19:38:14,True,600,188,17.651049456077743,38,0.48,0.9,0.3,0,0.5,10,9.5,10,rrt_20260807_193814_493.png
20260807_193819_727,2026-08-07 19:38:19,False,10000,586,0.0,0,0.48,0.9,0.3,0,0.5,10,9.5,10,rrt_20260807_193819_727.png
20260807_193820_595,2026-08-07 19:38:20,True,644,140,17.584696226533946,38,0.48,0.9,0.3,0,0.5,10,9.5,10,rrt_20260807_193820_595.png
20260807_193821_260,2026-08-07 19:38:21,True,386,159,17.62817910902307,38,0.48,0.9,0.3,0,0.5,10,9.5,10,rrt_20260807_193821_260.png
20260807_193822_607,2026-08-07 19:38:22,True,1227,243,18.56512175980313,40,0.48,0.9,0.3,0,0.5,10,9.5,10,rrt_20260807_193822_607.png
20260807_193829_165,2026-08-07 19:38:29,False,10000,751,0.0,0,0.48,0.9,0.3,0,0.5,10,9.5,10,rrt_20260807_193829_165.png
20260807_193829_987,2026-08-07 19:38:29,True,404,124,17.723862036523673,38,0.48,0.9,0.3,0,0.5,10,9.5,10,rrt_20260807_193829_987.png
20260807_193830_989,2026-08-07 19:38:30,True,1707,251,23.520000000000014,50,0.48,0.9,0.3,0,0.5,10,9.5,10,rrt_20260807_193830_989.png
20260807_193831_684,2026-08-07 19:38:31,True,268,106,19.983247789699423,43,0.48,0.9,0.3,0,0.5,10,9.5,10,rrt_20260807_193831_684.png
20260807_193837_939,2026-08-07 19:38:37,False,10000,738,0.0,0,0.48,0.9,0.3,0,0.5,10,9.5,10,rrt_20260807_193837_939.png
20260807_193839_009,2026-08-07 19:38:39,True,1066,214,18.44318025188011,40,0.48,0.9,0.3,0,0.5,10,9.5,10,rrt_20260807_193839_009.png
20260807_193845_425,2026-08-07 19:38:45,False,10000,759,0.0,0,0.48,0.9,0.3,0,0.5,10,9.5,10,rrt_20260807_193845_425.png
20260807_193848_665,2026-08-07 19:38:48,False,10000,289,0.0,0,0.48,0.9,0.3,0,0.5,10,9.5,10,rrt_20260807_193848_665.png
20260807_193856_127,2026-08-07 19:38:56,False,10000,808,0.0,0,0.48,0.9,0.3,0,0.5,10,9.5,10,rrt_20260807_193856_127.png
20260807_193857_252,2026-08-07 19:38:57,True,1505,260,18.72000000000001,40,0.48,0.9,0.3,0,0.5,10,9.5,10,rrt_20260807_193857_252.png
20260807_193858_060,2026-08-07 19:38:58,True,521,169,17.529398642236487,38,0.48,0.9,0.3,0,0.5,10,9.5,10,rrt_20260807_193858_060.png
20260807_193858_895,2026-08-07 19:38:58,True,1071,240,18.741478408866897,41,0.48,0.9,0.3,0,0.5,10,9.5,10,rrt_20260807_193858_895.png
20260807_193905_301,2026-08-07 19:39:05,False,10000,747,0.0,0,0.48,0.9,0.3,0,0.5,10,9.5,10,rrt_20260807_193905_301.png
20260807_193911_950,2026-08-07 19:39:11,False,10000,739,0.0,0,0.48,0.9,0.3,0,0.5,10,9.5,10,rrt_20260807_193911_950.png
20260807_193912_772,2026-08-07 19:39:12,True,187,74,16.74622072975515,36,0.48,0.9,0.3,0,0.5,10,9.5,10,rrt_20260807_193912_772.png
20260807_193913_459,2026-08-07 19:39:13,True,215,96,16.320000000000007,35,0.48,0.9,0.3,0,0.5,10,9.5,10,rrt_20260807_193913_459.png
20260807_193919_070,2026-08-07 19:39:19,False,10000,648,0.0,0,0.48,0.9,0.3,0,0.5,10,9.5,10,rrt_20260807_193919_070.png
20260807_193925_323,2026-08-07 19:39:25,False,10000,638,0.0,0,0.48,0.9,0.3,0,0.5,10,9.5,10,rrt_20260807_193925_323.png
20260807_193926_379,2026-08-07 19:39:26,True,1361,251,18.720000000000002,40,0.48,0.9,0.3,0,0.5,10,9.5,10,rrt_20260807_193926_379.png
20260807_193931_481,2026-08-07 19:39:31,False,10000,582,0.0,0,0.48,0.9,0.3,0,0.5,10,9.5,10,rrt_20260807_193931_481.png
20260807_193932_387,2026-08-07 19:39:32,True,703,210,20.16000000000001,43,0.48,0.9,0.3,0,0.5,10,9.5,10,rrt_20260807_193932_387.png
20260807_193933_255,2026-08-07 19:39:33,True,929,212,19.68000000000001,42,0.48,0.9,0.3,0,0.5,10,9.5,10,rrt_20260807_193933_255.png
20260807_193939_195,2026-08-07 19:39:39,False,10000,660,0.0,0,0.48,0.9,0.3,0,0.5,10,9.5,10,rrt_20260807_193939_195.png
20260807_193946_018,2026-08-07 19:39:46,False,10000,753,0.0,0,0.48,0.9,0.3,0,0.5,10,9.5,10,rrt_20260807_193946_018.png
20260807_193946_822,2026-08-07 19:39:46,True,279,114,16.674512224523745,36,0.48,0.9,0.3,0,0.5,10,9.5,10,rrt_20260807_193946_822.png
20260807_193947_568,2026-08-07 19:39:47,True,1146,175,17.755477307762813,38,0.48,0.9,0.3,0,0.5,10,9.5,10,rrt_20260807_193947_568.png
20260807_193948_672,2026-08-07 19:39:48,True,202,100,17.76000000000001,38,0.48,0.9,0.3,0,0.5,10,9.5,10,rrt_20260807_193948_672.png
20260807_193949_654,2026-08-07 19:39:49,True,1551,284,18.58623361659118,40,0.48,0.9,0.3,0,0.5,10,9.5,10,rrt_20260807_193949_654.png
20260807_193955_337,2026-08-07 19:39:55,False,10000,643,0.0,0,0.48,0.9,0.3,0,0.5,10,9.5,10,rrt_20260807_193955_337.png
20260807_193956_191,2026-08-07 19:39:56,True,504,168,17.20325169951811,37,0.48,0.9,0.3,0,0.5,10,9.5,10,rrt_20260807_193956_191.png
20260807_194002_272,2026-08-07 19:40:02,False,10000,686,0.0,0,0.48,0.9,0.3,0,0.5,10,9.5,10,rrt_20260807_194002_272.png
20260807_194003_692,2026-08-07 19:40:03,True,2389,311,18.567910413949253,40,0.48,0.9,0.3,0,0.5,10,9.5,10,rrt_20260807_194003_692.png
20260807_194004_413,2026-08-07 19:40:04,True,422,158,16.224124276421836,35,0.48,0.9,0.3,0,0.5,10,9.5,10,rrt_20260807_194004_413.png
20260807_194005_090,2026-08-07 19:40:05,True,383,127,17.280000000000005,37,0.48,0.9,0.3,0,0.5,10,9.5,10,rrt_20260807_194005_090.png
20260807_194011_779,2026-08-07 19:40:11,False,10000,772,0.0,0,0.48,0.9,0.3,0,0.5,10,9.5,10,rrt_20260807_194011_779.png
20260807_194018_854,2026-08-07 19:40:18,False,10000,759,0.0,0,0.48,0.9,0.3,0,0.5,10,9.5,10,rrt_20260807_194018_854.png
20260807_194025_808,2026-08-07 19:40:25,False,10000,786,0.0,0,0.48,0.9,0.3,0,0.5,10,9.5,10,rrt_20260807_194025_808.png
20260807_194026_904,2026-08-07 19:40:26,True,541,156,19.62782118245573,42,0.48,0.9,0.3,0,0.5,10,9.5,10,rrt_20260807_194026_904.png
20260807_194027_863,2026-08-07 19:40:27,True,1601,256,18.139074328126704,39,0.48,0.9,0.3,0,0.5,10,9.5,10,rrt_20260807_194027_863.png
20260807_194034_588,2026-08-07 19:40:34,False,10000,785,0.0,0,0.48,0.9,0.3,0,0.5,10,9.5,10,rrt_20260807_194034_588.png
20260807_194035_417,2026-08-07 19:40:35,True,507,141,16.800000000000004,36,0.48,0.9,0.3,0,0.5,10,9.5,10,rrt_20260807_194035_417.png
20260807_194036_126,2026-08-07 19:40:36,True,486,163,18.240000000000006,39,0.48,0.9,0.3,0,0.5,10,9.5,10,rrt_20260807_194036_126.png
20260807_194042_686,2026-08-07 19:40:42,False,10000,746,0.0,0,0.48,0.9,0.3,0,0.5,10,9.5,10,rrt_20260807_194042_686.png
20260807_194049_176,2026-08-07 19:40:49,False,10000,735,0.0,0,0.48,0.9,0.3,0,0.5,10,9.5,10,rrt_20260807_194049_176.png
20260807_194055_466,2026-08-07 19:40:55,False,10000,655,0.0,0,0.48,0.9,0.3,0,0.5,10,9.5,10,rrt_20260807_194055_466.png
20260807_194056_467,2026-08-07 19:40:56,True,933,208,20.16390986931237,44,0.48,0.9,0.3,0,0.5,10,9.5,10,rrt_20260807_194056_467.png
20260807_194103_421,2026-08-07 19:41:03,False,10000,777,0.0,0,0.48,0.9,0.3,0,0.5,10,9.5,10,rrt_20260807_194103_421.png
20260807_194104_302,2026-08-07 19:41:04,True,541,136,19.18649224679512,41,0.48,0.9,0.3,0,0.5,10,9.5,10,rrt_20260807_194104_302.png
20260807_194104_973,2026-08-07 19:41:04,True,515,139,17.760000000000005,38,0.48,0.9,0.3,0,0.5,10,9.5,10,rrt_20260807_194104_973.png
20260807_194105_633,2026-08-07 19:41:05,True,460,132,17.280000000000005,37,0.48,0.9,0.3,0,0.5,10,9.5,10,rrt_20260807_194105_633.png
20260807_194106_379,2026-08-07 19:41:06,True,760,173,18.240000000000006,39,0.48,0.9,0.3,0,0.5,10,9.5,10,rrt_20260807_194106_379.png
20260807_194113_084,2026-08-07 19:41:13,False,10000,786,0.0,0,0.48,0.9,0.3,0,0.5,10,9.5,10,rrt_20260807_194113_084.png
20260807_194114_569,2026-08-07 19:41:14,True,976,193,19.044227314142386,41,0.48,0.9,0.3,0,0.5,10,9.5,10,rrt_20260807_194114_569.png
20260807_194115_222,2026-08-07 19:41:15,True,263,86,16.714230439602346,36,0.48,0.9,0.3,0,0.5,10,9.5,10,rrt_20260807_194115_222.png
20260807_194115_994,2026-08-07 19:41:15,True,907,236,17.760000000000005,38,0.48,0.9,0.3,0,0.5,10,9.5,10,rrt_20260807_194115_994.png
20260807_194116_728,2026-08-07 19:41:16,True,644,159,20.160000000000007,43,0.48,0.9,0.3,0,0.5,10,9.5,10,rrt_20260807_194116_728.png
20260807_194117_424,2026-08-07 19:41:17,True,313,105,20.527320572492364,44,0.48,0.9,0.3,0,0.5,10,9.5,10,rrt_20260807_194117_424.png
20260807_194123_213,2026-08-07 19:41:23,False,10000,669,0.0,0,0.48,0.9,0.3,0,0.5,10,9.5,10,rrt_20260807_194123_213.png
20260807_194129_391,2026-08-07 19:41:29,False,10000,681,0.0,0,0.48,0.9,0.3,0,0.5,10,9.5,10,rrt_20260807_194129_391.png
20260807_194134_431,2026-08-07 19:41:34,False,10000,562,0.0,0,0.48,0.9,0.3,0,0.5,10,9.5,10,rrt_20260807_194134_431.png
20260807_194135_753,2026-08-07 19:41:35,True,2376,285,21.840184207057927,47,0.48,0.9,0.3,0,0.5,10,9.5,10,rrt_20260807_194135_753.png
20260807_194141_578,2026-08-07 19:41:41,False,10000,623,0.0,0,0.48,0.9,0.3,0,0.5,10,9.5,10,rrt_20260807_194141_578.png
20260807_194147_652,2026-08-07 19:41:47,False,10000,691,0.0,0,0.48,0.9,0.3,0,0.5,10,9.5,10,rrt_20260807_194147_652.png
20260807_194148_528,2026-08-07 19:41:48,True,634,152,17.654041731531528,38,0.48,0.9,0.3,0,0.5,10,9.5,10,rrt_20260807_194148_528.png
20260807_194154_548,2026-08-07 19:41:54,False,10000,700,0.0,0,0.48,0.9,0.3,0,0.5,10,9.5,10,rrt_20260807_194154_548.png
20260807_194200_984,2026-08-07 19:42:00,False,10000,715,0.0,0,0.48,0.9,0.3,0,0.5,10,9.5,10,rrt_20260807_194200_984.png
20260807_194207_490,2026-08-07 19:42:07,False,10000,698,0.0,0,0.48,0.9,0.3,0,0.5,10,9.5,10,rrt_20260807_194207_490.png
20260807_194211_721,2026-08-07 19:42:11,False,10000,437,0.0,0,0.48,0.9,0.3,0,0.5,10,9.5,10,rrt_20260807_194211_721.png
20260807_194218_545,2026-08-07 19:42:18,False,10000,771,0.0,0,0.48,0.9,0.3,0,0.5,10,9.5,10,rrt_20260807_194218_545.png
20260807_194219_566,2026-08-07 19:42:19,True,1375,232,18.720000000000006,40,0.48,0.9,0.3,0,0.5,10,9.5,10,rrt_20260807_194219_566.png
20260807_194220_746,2026-08-07 19:42:20,True,422,123,17.62595885128641,38,0.48,0.9,0.3,0,0.5,10,9.5,10,rrt_20260807_194220_746.png
20260807_194221_423,2026-08-07 19:42:21,True,524,169,19.10463232101192,41,0.48,0.9,0.3,0,0.5,10,9.5,10,rrt_20260807_194221_423.png
20260807_194226_488,2026-08-07 19:42:26,False,10000,551,0.0,0,0.48,0.9,0.3,0,0.5,10,9.5,10,rrt_20260807_194226_488.png
20260807_194227_299,2026-08-07 19:42:27,True,425,111,17.76000000000001,38,0.48,0.9,0.3,0,0.5,10,9.5,10,rrt_20260807_194227_299.png
20260807_194227_943,2026-08-07 19:42:27,True,346,130,18.72000000000001,40,0.48,0.9,0.3,0,0.5,10,9.5,10,rrt_20260807_194227_943.png
20260807_194228_613,2026-08-07 19:42:28,True,396,148,19.200000000000006,41,0.48,0.9,0.3,0,0.5,10,9.5,10,rrt_20260807_194228_613.png
20260807_194229_273,2026-08-07 19:42:29,True,336,126,17.280000000000005,37,0.48,0.9,0.3,0,0.5,10,9.5,10,rrt_20260807_194229_273.png
20260807_194230_231,2026-08-07 19:42:30,True,1577,258,22.072175040225506,47,0.48,0.9,0.3,0,0.5,10,9.5,10,rrt_20260807_194230_231.png
20260807_194230_952,2026-08-07 19:42:30,True,271,135,16.8,36,0.48,0.9,0.3,0,0.5,10,9.5,10,rrt_20260807_194230_952.png
20260807_194237_028,2026-08-07 19:42:37,False,10000,672,0.0,0,0.48,0.9,0.3,0,0.5,10,9.5,10,rrt_20260807_194237_028.png
20260807_194237_922,2026-08-07 19:42:37,True,780,194,19.09810205278702,41,0.48,0.9,0.3,0,0.5,10,9.5,10,rrt_20260807_194237_922.png
20260807_194238_918,2026-08-07 19:42:38,True,561,186,19.542227932786986,42,0.48,0.9,0.3,0,0.5,10,9.5,10,rrt_20260807_194238_918.png
20260807_194239_983,2026-08-07 19:42:39,True,1977,278,21.514443741074068,46,0.48,0.9,0.3,0,0.5,10,9.5,10,rrt_20260807_194239_983.png
20260807_194240_828,2026-08-07 19:42:40,True,303,105,17.582683215311963,38,0.48,0.9,0.3,0,0.5,10,9.5,10,rrt_20260807_194240_828.png
20260807_194241_579,2026-08-07 19:42:41,True,475,159,18.692063398510754,40,0.48,0.9,0.3,0,0.5,10,9.5,10,rrt_20260807_194241_579.png
20260807_194247_966,2026-08-07 19:42:47,False,10000,741,0.0,0,0.48,0.9,0.3,0,0.5,10,9.5,10,rrt_20260807_194247_966.png
20260807_194253_008,2026-08-07 19:42:53,False,10000,547,0.0,0,0.48,0.9,0.3,0,0.5,10,9.5,10,rrt_20260807_194253_008.png
20260807_194253_776,2026-08-07 19:42:53,True,395,143,17.82593712014069,39,0.48,0.9,0.3,0,0.5,10,9.5,10,rrt_20260807_194253_776.png
20260807_194300_690,2026-08-07 19:43:00,False,10000,753,0.0,0,0.48,0.9,0.3,0,0.5,10,9.5,10,rrt_20260807_194300_690.png
20260807_194306_934,2026-08-07 19:43:06,False,10000,749,0.0,0,0.48,0.9,0.3,0,0.5,10,9.5,10,rrt_20260807_194306_934.png
20260807_194307_834,2026-08-07 19:43:07,True,962,183,18.84863923202451,41,0.48,0.9,0.3,0,0.5,10,9.5,10,rrt_20260807_194307_834.png
20260807_194314_738,2026-08-07 19:43:14,False,10000,802,0.0,0,0.48,0.9,0.3,0,0.5,10,9.5,10,rrt_20260807_194314_738.png
20260807_194315_641,2026-08-07 19:43:15,True,543,154,20.160000000000004,43,0.48,0.9,0.3,0,0.5,10,9.5,10,rrt_20260807_194315_641.png
20260807_194322_223,2026-08-07 19:43:22,False,10000,775,0.0,0,0.48,0.9,0.3,0,0.5,10,9.5,10,rrt_20260807_194322_223.png
20260807_194329_092,2026-08-07 19:43:29,False,10000,800,0.0,0,0.48,0.9,0.3,0,0.5,10,9.5,10,rrt_20260807_194329_092.png
20260807_194335_788,2026-08-07 19:43:35,False,10000,743,0.0,0,0.48,1.0,0.3,0,0.5,10,9.5,10,rrt_20260807_194335_788.png
20260807_194343_070,2026-08-07 19:43:43,False,10000,799,0.0,0,0.48,1.0,0.3,0,0.5,10,9.5,10,rrt_20260807_194343_070.png
20260807_194344_369,2026-08-07 19:43:44,True,1095,212,21.120000000000005,45,0.48,1.0,0.3,0,0.5,10,9.5,10,rrt_20260807_194344_369.png
20260807_194351_108,2026-08-07 19:43:51,False,10000,794,0.0,0,0.48,1.0,0.3,0,0.5,10,9.5,10,rrt_20260807_194351_108.png
20260807_194358_607,2026-08-07 19:43:58,False,10000,860,0.0,0,0.48,1.0,0.3,0,0.5,10,9.5,10,rrt_20260807_194358_607.png
20260807_194401_914,2026-08-07 19:44:01,False,10000,310,0.0,0,0.48,1.0,0.3,0,0.5,10,9.5,10,rrt_20260807_194401_914.png
20260807_194402_821,2026-08-07 19:44:02,True,675,181,18.658303782613523,40,0.48,1.0,0.3,0,0.5,10,9.5,10,rrt_20260807_194402_821.png
20260807_194403_648,2026-08-07 19:44:03,True,1172,223,18.24000000000001,39,0.48,1.0,0.3,0,0.5,10,9.5,10,rrt_20260807_194403_648.png
20260807_194404_639,2026-08-07 19:44:04,True,1316,276,17.76,38,0.48,1.0,0.3,0,0.5,10,9.5,10,rrt_20260807_194404_639.png
20260807_194409_454,2026-08-07 19:44:09,False,10000,524,0.0,0,0.48,1.0,0.3,0,0.5,10,9.5,10,rrt_20260807_194409_454.png
20260807_194414_407,2026-08-07 19:44:14,False,10000,552,0.0,0,0.48,1.0,0.3,0,0.5,10,9.5,10,rrt_20260807_194414_407.png
20260807_194421_789,2026-08-07 19:44:21,False,10000,799,0.0,0,0.48,1.0,0.3,0,0.5,10,9.5,10,rrt_20260807_194421_789.png
20260807_194422_745,2026-08-07 19:44:22,True,735,209,18.654399555608187,40,0.48,1.0,0.3,0,0.5,10,9.5,10,rrt_20260807_194422_745.png
20260807_194428_991,2026-08-07 19:44:28,False,10000,741,0.0,0,0.48,1.0,0.3,0,0.5,10,9.5,10,rrt_20260807_194428_991.png
20260807_194435_997,2026-08-07 19:44:35,False,10000,807,0.0,0,0.48,1.0,0.3,0,0.5,10,9.5,10,rrt_20260807_194435_997.png
20260807_194441_935,2026-08-07 19:44:41,False,10000,617,0.0,0,0.48,1.0,0.3,0,0.5,10,9.5,10,rrt_20260807_194441_935.png
20260807_194448_787,2026-08-07 19:44:48,False,10000,749,0.0,0,0.48,1.0,0.3,0,0.5,10,9.5,10,rrt_20260807_194448_787.png
20260807_194449_855,2026-08-07 19:44:49,True,1254,235,20.706910793674567,45,0.48,1.0,0.3,0,0.5,10,9.5,10,rrt_20260807_194449_855.png
20260807_194450_588,2026-08-07 19:44:50,True,679,193,18.240000000000002,39,0.48,1.0,0.3,0,0.5,10,9.5,10,rrt_20260807_194450_588.png
20260807_194451_742,2026-08-07 19:44:51,True,783,191,19.200000000000006,41,0.48,1.0,0.3,0,0.5,10,9.5,10,rrt_20260807_194451_742.png
20260807_194458_025,2026-08-07 19:44:58,False,10000,732,0.0,0,0.48,1.0,0.3,0,0.5,10,9.5,10,rrt_20260807_194458_025.png
20260807_194504_894,2026-08-07 19:45:04,False,10000,764,0.0,0,0.48,1.0,0.3,0,0.5,10,9.5,10,rrt_20260807_194504_894.png
20260807_194512_241,2026-08-07 19:45:12,False,10000,863,0.0,0,0.48,1.0,0.3,0,0.5,10,9.5,10,rrt_20260807_194512_241.png
20260807_194519_169,2026-08-07 19:45:19,False,10000,762,0.0,0,0.48,1.0,0.3,0,0.5,10,9.5,10,rrt_20260807_194519_169.png
20260807_194520_270,2026-08-07 19:45:20,True,789,204,18.978426777812395,41,0.48,1.0,0.3,0,0.5,10,9.5,10,rrt_20260807_194520_270.png
20260807_194527_408,2026-08-07 19:45:27,False,10000,790,0.0,0,0.48,1.0,0.3,0,0.5,10,9.5,10,rrt_20260807_194527_408.png
20260807_194528_688,2026-08-07 19:45:28,True,1627,279,18.453390968191112,40,0.48,1.0,0.3,0,0.5,10,9.5,10,rrt_20260807_194528_688.png
20260807_194535_517,2026-08-07 19:45:35,False,10000,802,0.0,0,0.48,1.0,0.3,0,0.5,10,9.5,10,rrt_20260807_194535_517.png
20260807_194543_380,2026-08-07 19:45:43,False,10000,840,0.0,0,0.48,1.0,0.3,0,0.5,10,9.5,10,rrt_20260807_194543_380.png
20260807_194549_837,2026-08-07 19:45:49,False,10000,734,0.0,0,0.48,1.0,0.3,0,0.5,10,9.5,10,rrt_20260807_194549_837.png
20260807_194557_362,2026-08-07 19:45:57,False,10000,841,0.0,0,0.48,1.0,0.3,0,0.5,10,9.5,10,rrt_20260807_194557_362.png
20260807_194558_313,2026-08-07 19:45:58,True,681,198,17.28000000000001,37,0.48,1.0,0.3,0,0.5,10,9.5,10,rrt_20260807_194558_313.png
20260807_194559_129,2026-08-07 19:45:59,True,973,233,18.240000000000002,39,0.48,1.0,0.3,0,0.5,10,9.5,10,rrt_20260807_194559_129.png
20260807_194606_094,2026-08-07 19:46:06,False,10000,815,0.0,0,0.48,1.0,0.3,0,0.5,10,9.5,10,rrt_20260807_194606_094.png
20260807_194607_097,2026-08-07 19:46:07,True,945,221,18.594780042599005,40,0.48,1.0,0.3,0,0.5,10,9.5,10,rrt_20260807_194607_097.png
20260807_194614_246,2026-08-07 19:46:14,False,10000,824,0.0,0,0.48,1.0,0.3,0,0.5,10,9.5,10,rrt_20260807_194614_246.png
20260807_194615_311,2026-08-07 19:46:15,True,599,173,17.28,37,0.48,1.0,0.3,0,0.5,10,9.5,10,rrt_20260807_194615_311.png
20260807_194621_554,2026-08-07 19:46:21,False,10000,646,0.0,0,0.48,1.0,0.3,0,0.5,10,9.5,10,rrt_20260807_194621_554.png
20260807_194628_736,2026-08-07 19:46:28,False,10000,825,0.0,0,0.48,1.0,0.3,0,0.5,10,9.5,10,rrt_20260807_194628_736.png
20260807_194629_654,2026-08-07 19:46:29,True,621,189,19.20000000000001,41,0.48,1.0,0.3,0,0.5,10,9.5,10,rrt_20260807_194629_654.png
20260807_194630_465,2026-08-07 19:46:30,True,968,217,18.24000000000001,39,0.48,1.0,0.3,0,0.5,10,9.5,10,rrt_20260807_194630_465.png
20260807_194631_238,2026-08-07 19:46:31,True,751,210,17.760000000000005,38,0.48,1.0,0.3,0,0.5,10,9.5,10,rrt_20260807_194631_238.png
20260807_194637_939,2026-08-07 19:46:37,False,10000,767,0.0,0,0.48,1.0,0.3,0,0.5,10,9.5,10,rrt_20260807_194637_939.png
20260807_194639_501,2026-08-07 19:46:39,True,2869,305,23.040000000000013,49,0.48,1.0,0.3,0,0.5,10,9.5,10,rrt_20260807_194639_501.png
20260807_194646_518,2026-08-07 19:46:46,False,10000,802,0.0,0,0.48,1.0,0.3,0,0.5,10,9.5,10,rrt_20260807_194646_518.png
20260807_194653_408,2026-08-07 19:46:53,False,10000,777,0.0,0,0.48,1.0,0.3,0,0.5,10,9.5,10,rrt_20260807_194653_408.png
20260807_194654_781,2026-08-07 19:46:54,True,1038,232,18.24000000000001,39,0.48,1.0,0.3,0,0.5,10,9.5,10,rrt_20260807_194654_781.png
20260807_194701_683,2026-08-07 19:47:01,False,10000,772,0.0,0,0.48,1.0,0.3,0,0.5,10,9.5,10,rrt_20260807_194701_683.png
20260807_194708_591,2026-08-07 19:47:08,False,10000,757,0.0,0,0.48,1.0,0.3,0,0.5,10,9.5,10,rrt_20260807_194708_591.png
20260807_194715_865,2026-08-07 19:47:15,False,10000,750,0.0,0,0.48,1.0,0.3,0,0.5,10,9.5,10,rrt_20260807_194715_865.png
20260807_194721_994,2026-08-07 19:47:21,False,10000,648,0.0,0,0.48,1.0,0.3,0,0.5,10,9.5,10,rrt_20260807_194721_994.png
20260807_194728_414,2026-08-07 19:47:28,False,10000,707,0.0,0,0.48,1.0,0.3,0,0.5,10,9.5,10,rrt_20260807_194728_414.png
20260807_194729_269,2026-08-07 19:47:29,True,524,168,18.240000000000006,39,0.48,1.0,0.3,0,0.5,10,9.5,10,rrt_20260807_194729_269.png
20260807_194734_864,2026-08-07 19:47:34,False,10000,638,0.0,0,0.48,1.0,0.3,0,0.5,10,9.5,10,rrt_20260807_194734_864.png
20260807_194741_256,2026-08-07 19:47:41,False,10000,726,0.0,0,0.48,1.0,0.3,0,0.5,10,9.5,10,rrt_20260807_194741_256.png
20260807_194742_658,2026-08-07 19:47:42,True,936,242,18.720000000000006,40,0.48,1.0,0.3,0,0.5,10,9.5,10,rrt_20260807_194742_658.png
20260807_194748_443,2026-08-07 19:47:48,False,10000,677,0.0,0,0.48,1.0,0.3,0,0.5,10,9.5,10,rrt_20260807_194748_443.png
20260807_194749_368,2026-08-07 19:47:49,True,846,202,17.280000000000005,37,0.48,1.0,0.3,0,0.5,10,9.5,10,rrt_20260807_194749_368.png
20260807_194750_175,2026-08-07 19:47:50,True,871,231,18.09279209194582,39,0.48,1.0,0.3,0,0.5,10,9.5,10,rrt_20260807_194750_175.png
20260807_194757_413,2026-08-07 19:47:57,False,10000,840,0.0,0,0.48,1.0,0.3,0,0.5,10,9.5,10,rrt_20260807_194757_413.png
20260807_194804_477,2026-08-07 19:48:04,False,10000,823,0.0,0,0.48,1.0,0.3,0,0.5,10,9.5,10,rrt_20260807_194804_477.png
20260807_194811_323,2026-08-07 19:48:11,False,10000,768,0.0,0,0.48,1.0,0.3,0,0.5,10,9.5,10,rrt_20260807_194811_323.png
20260807_194818_555,2026-08-07 19:48:18,False,10000,813,0.0,0,0.48,1.0,0.3,0,0.5,10,9.5,10,rrt_20260807_194818_555.png
20260807_194819_518,2026-08-07 19:48:19,True,727,213,22.08000000000001,47,0.48,1.0,0.3,0,0.5,10,9.5,10,rrt_20260807_194819_518.png
20260807_194820_583,2026-08-07 19:48:20,True,692,192,18.24000000000001,39,0.48,1.0,0.3,0,0.5,10,9.5,10,rrt_20260807_194820_583.png
20260807_194827_043,2026-08-07 19:48:27,False,10000,732,0.0,0,0.48,1.0,0.3,0,0.5,10,9.5,10,rrt_20260807_194827_043.png
20260807_194827_987,2026-08-07 19:48:27,True,830,173,18.720000000000006,40,0.48,1.0,0.3,0,0.5,10,9.5,10,rrt_20260807_194827_987.png
20260807_194832_853,2026-08-07 19:48:32,False,10000,537,0.0,0,0.48,1.0,0.3,0,0.5,10,9.5,10,rrt_20260807_194832_853.png
20260807_194839_716,2026-08-07 19:48:39,False,10000,745,0.0,0,0.48,1.0,0.3,0,0.5,10,9.5,10,rrt_20260807_194839_716.png
20260807_194846_536,2026-08-07 19:48:46,False,10000,767,0.0,0,0.48,1.0,0.3,0,0.5,10,9.5,10,rrt_20260807_194846_536.png
20260807_194847_717,2026-08-07 19:48:47,True,1150,219,18.651030632082804,40,0.48,1.0,0.3,0,0.5,10,9.5,10,rrt_20260807_194847_717.png
20260807_194848_549,2026-08-07 19:48:48,True,996,198,20.160000000000007,43,0.48,1.0,0.3,0,0.5,10,9.5,10,rrt_20260807_194848_549.png
20260807_194854_838,2026-08-07 19:48:54,False,10000,722,0.0,0,0.48,1.0,0.3,0,0.5,10,9.5,10,rrt_20260807_194854_838.png
20260807_194902_204,2026-08-07 19:49:02,False,10000,802,0.0,0,0.48,1.0,0.3,0,0.5,10,9.5,10,rrt_20260807_194902_204.png
20260807_194909_217,2026-08-07 19:49:09,False,10000,797,0.0,0,0.48,1.0,0.3,0,0.5,10,9.5,10,rrt_20260807_194909_217.png
20260807_194910_248,2026-08-07 19:49:10,True,1200,233,19.200000000000006,41,0.48,1.0,0.3,0,0.5,10,9.5,10,rrt_20260807_194910_248.png
20260807_194913_368,2026-08-07 19:49:13,False,10000,295,0.0,0,0.48,1.0,0.3,0,0.5,10,9.5,10,rrt_20260807_194913_368.png
20260807_194914_495,2026-08-07 19:49:14,True,1976,265,19.130050404369126,41,0.48,1.0,0.3,0,0.5,10,9.5,10,rrt_20260807_194914_495.png
20260807_194921_401,2026-08-07 19:49:21,False,10000,785,0.0,0,0.48,1.0,0.3,0,0.5,10,9.5,10,rrt_20260807_194921_401.png
20260807_194928_751,2026-08-07 19:49:28,False,10000,798,0.0,0,0.48,1.0,0.3,0,0.5,10,9.5,10,rrt_20260807_194928_751.png
20260807_194935_627,2026-08-07 19:49:35,False,10000,819,0.0,0,0.48,1.0,0.3,0,0.5,10,9.5,10,rrt_20260807_194935_627.png
20260807_194942_116,2026-08-07 19:49:42,False,10000,754,0.0,0,0.48,1.0,0.3,0,0.5,10,9.5,10,rrt_20260807_194942_116.png
20260807_194949_660,2026-08-07 19:49:49,False,10000,839,0.0,0,0.48,1.0,0.3,0,0.5,10,9.5,10,rrt_20260807_194949_660.png
20260807_194950_517,2026-08-07 19:49:50,True,468,160,20.160000000000004,43,0.48,1.0,0.3,0,0.5,10,9.5,10,rrt_20260807_194950_517.png
20260807_194956_986,2026-08-07 19:49:56,False,10000,758,0.0,0,0.48,1.0,0.3,0,0.5,10,9.5,10,rrt_20260807_194956_986.png
20260807_194957_935,2026-08-07 19:49:57,True,756,223,17.76,38,0.48,1.0,0.3,0,0.5,10,9.5,10,rrt_20260807_194957_935.png
20260807_194958_677,2026-08-07 19:49:58,True,467,132,20.160000000000007,43,0.48,1.0,0.3,0,0.5,10,9.5,10,rrt_20260807_194958_677.png
20260807_195004_923,2026-08-07 19:50:04,False,10000,715,0.0,0,0.48,1.0,0.3,0,0.5,10,9.5,10,rrt_20260807_195004_923.png
20260807_195006_181,2026-08-07 19:50:06,True,688,192,20.64000000000001,44,0.48,1.0,0.3,0,0.5,10,9.5,10,rrt_20260807_195006_181.png
20260807_195006_963,2026-08-07 19:50:06,True,842,205,20.16000000000001,43,0.48,1.0,0.3,0,0.5,10,9.5,10,rrt_20260807_195006_963.png
20260807_195008_132,2026-08-07 19:50:08,True,1414,232,19.680000000000007,42,0.48,1.0,0.3,0,0.5,10,9.5,10,rrt_20260807_195008_132.png
20260807_195015_513,2026-08-07 19:50:15,False,10000,853,0.0,0,0.48,1.0,0.3,0,0.5,10,9.5,10,rrt_20260807_195015_513.png
20260807_195021_955,2026-08-07 19:50:21,False,10000,720,0.0,0,0.48,1.0,0.3,0,0.5,10,9.5,10,rrt_20260807_195021_955.png
20260807_195028_730,2026-08-07 19:50:28,False,10000,773,0.0,0,0.48,1.0,0.3,0,0.5,10,9.5,10,rrt_20260807_195028_730.png
20260807_195029_684,2026-08-07 19:50:29,True,564,161,18.72000000000001,40,0.48,1.0,0.3,0,0.5,10,9.5,10,rrt_20260807_195029_684.png
20260807_195035_923,2026-08-07 19:50:35,False,10000,726,0.0,0,0.48,1.0,0.3,0,0.5,10,9.5,10,rrt_20260807_195035_923.png
20260807_195036_876,2026-08-07 19:50:36,True,830,208,18.240000000000006,39,0.48,1.0,0.3,0,0.5,10,9.5,10,rrt_20260807_195036_876.png
20260807_195037_726,2026-08-07 19:50:37,True,591,180,18.720000000000006,40,0.48,1.0,0.3,0,0.5,10,9.5,10,rrt_20260807_195037_726.png
20260807_195043_587,2026-08-07 19:50:43,False,10000,611,0.0,0,0.48,1.0,0.3,0,0.5,10,9.5,10,rrt_20260807_195043_587.png
20260807_195051_203,2026-08-07 19:50:51,False,10000,851,0.0,0,0.48,1.0,0.3,0,0.5,10,9.5,10,rrt_20260807_195051_203.png
20260807_195053_856,2026-08-07 19:50:53,False,10000,209,0.0,0,0.5,0.1,0.3,0,0.5,10,9.5,10,rrt_20260807_195053_856.png
20260807_195055_836,2026-08-07 19:50:55,False,10000,138,0.0,0,0.5,0.1,0.3,0,0.5,10,9.5,10,rrt_20260807_195055_836.png
20260807_195058_758,2026-08-07 19:50:58,False,10000,239,0.0,0,0.5,0.1,0.3,0,0.5,10,9.5,10,rrt_20260807_195058_758.png
20260807_195101_307,2026-08-07 19:51:01,False,10000,173,0.0,0,0.5,0.1,0.3,0,0.5,10,9.5,10,rrt_20260807_195101_307.png
20260807_195104_016,2026-08-07 19:51:04,False,10000,217,0.0,0,0.5,0.1,0.3,0,0.5,10,9.5,10,rrt_20260807_195104_016.png
20260807_195105_139,2026-08-07 19:51:05,True,4341,143,18.312111765857306,38,0.5,0.1,0.3,0,0.5,10,9.5,10,rrt_20260807_195105_139.png
20260807_195107_431,2026-08-07 19:51:07,False,10000,191,0.0,0,0.5,0.1,0.3,0,0.5,10,9.5,10,rrt_20260807_195107_431.png
20260807_195108_803,2026-08-07 19:51:08,True,5344,149,17.0,35,0.5,0.1,0.3,0,0.5,10,9.5,10,rrt_20260807_195108_803.png
20260807_195111_717,2026-08-07 19:51:11,False,10000,217,0.0,0,0.5,0.1,0.3,0,0.5,10,9.5,10,rrt_20260807_195111_717.png
20260807_195113_556,2026-08-07 19:51:13,True,7487,192,18.0,37,0.5,0.1,0.3,0,0.5,10,9.5,10,rrt_20260807_195113_556.png
20260807_195116_310,2026-08-07 19:51:16,False,10000,210,0.0,0,0.5,0.1,0.3,0,0.5,10,9.5,10,rrt_20260807_195116_310.png
20260807_195118_631,2026-08-07 19:51:18,False,10000,196,0.0,0,0.5,0.1,0.3,0,0.5,10,9.5,10,rrt_20260807_195118_631.png
20260807_195120_005,2026-08-07 19:51:20,True,6168,158,17.393701025794417,36,0.5,0.1,0.3,0,0.5,10,9.5,10,rrt_20260807_195120_005.png
20260807_195122_015,2026-08-07 19:51:22,False,10000,153,0.0,0,0.5,0.1,0.3,0,0.5,10,9.5,10,rrt_20260807_195122_015.png
20260807_195124_472,2026-08-07 19:51:24,False,10000,217,0.0,0,0.5,0.1,0.3,0,0.5,10,9.5,10,rrt_20260807_195124_472.png
20260807_195125_339,2026-08-07 19:51:25,True,2505,87,17.5,36,0.5,0.1,0.3,0,0.5,10,9.5,10,rrt_20260807_195125_339.png
20260807_195126_533,2026-08-07 19:51:26,True,2651,98,18.86590555737467,39,0.5,0.1,0.3,0,0.5,10,9.5,10,rrt_20260807_195126_533.png
20260807_195128_591,2026-08-07 19:51:28,True,7162,190,18.5,38,0.5,0.1,0.3,0,0.5,10,9.5,10,rrt_20260807_195128_591.png
20260807_195131_552,2026-08-07 19:51:31,False,10000,219,0.0,0,0.5,0.1,0.3,0,0.5,10,9.5,10,rrt_20260807_195131_552.png
20260807_195132_646,2026-08-07 19:51:32,True,4038,139,17.851293975208023,37,0.5,0.1,0.3,0,0.5,10,9.5,10,rrt_20260807_195132_646.png
20260807_195134_447,2026-08-07 19:51:34,False,10000,137,0.0,0,0.5,0.1,0.3,0,0.5,10,9.5,10,rrt_20260807_195134_447.png
20260807_195136_055,2026-08-07 19:51:36,True,7112,163,25.5,52,0.5,0.1,0.3,0,0.5,10,9.5,10,rrt_20260807_195136_055.png
20260807_195138_241,2026-08-07 19:51:38,False,10000,178,0.0,0,0.5,0.1,0.3,0,0.5,10,9.5,10,rrt_20260807_195138_241.png
20260807_195139_517,2026-08-07 19:51:39,True,4703,143,18.367962369250204,38,0.5,0.1,0.3,0,0.5,10,9.5,10,rrt_20260807_195139_517.png
20260807_195141_980,2026-08-07 19:51:41,False,10000,215,0.0,0,0.5,0.1,0.3,0,0.5,10,9.5,10,rrt_20260807_195141_980.png
20260807_195143_288,2026-08-07 19:51:43,True,4904,147,18.0,37,0.5,0.1,0.3,0,0.5,10,9.5,10,rrt_20260807_195143_288.png
20260807_195145_372,2026-08-07 19:51:45,True,6856,175,17.0,35,0.5,0.1,0.3,0,0.5,10,9.5,10,rrt_20260807_195145_372.png
20260807_195147_255,2026-08-07 19:51:47,True,7528,206,18.0,37,0.5,0.1,0.3,0,0.5,10,9.5,10,rrt_20260807_195147_255.png
20260807_195149_735,2026-08-07 19:51:49,False,10000,193,0.0,0,0.5,0.1,0.3,0,0.5,10,9.5,10,rrt_20260807_195149_735.png
20260807_195152_463,2026-08-07 19:51:52,False,10000,227,0.0,0,0.5,0.1,0.3,0,0.5,10,9.5,10,rrt_20260807_195152_463.png
20260807_195154_886,2026-08-07 19:51:54,False,10000,201,0.0,0,0.5,0.1,0.3,0,0.5,10,9.5,10,rrt_20260807_195154_886.png
20260807_195155_727,2026-08-07 19:51:55,True,1734,86,16.620562372270026,35,0.5,0.1,0.3,0,0.5,10,9.5,10,rrt_20260807_195155_727.png
20260807_195157_044,2026-08-07 19:51:57,True,4705,153,19.22495914458438,40,0.5,0.1,0.3,0,0.5,10,9.5,10,rrt_20260807_195157_044.png
20260807_195159_297,2026-08-07 19:51:59,False,10000,206,0.0,0,0.5,0.1,0.3,0,0.5,10,9.5,10,rrt_20260807_195159_297.png
20260807_195200_278,2026-08-07 19:52:00,True,2667,83,17.5,36,0.5,0.1,0.3,0,0.5,10,9.5,10,rrt_20260807_195200_278.png
20260807_195202_925,2026-08-07 19:52:02,False,10000,193,0.0,0,0.5,0.1,0.3,0,0.5,10,9.5,10,rrt_20260807_195202_925.png
20260807_195205_425,2026-08-07 19:52:05,False,10000,214,0.0,0,0.5,0.1,0.3,0,0.5,10,9.5,10,rrt_20260807_195205_425.png
20260807_195207_436,2026-08-07 19:52:07,False,10000,139,0.0,0,0.5,0.1,0.3,0,0.5,10,9.5,10,rrt_20260807_195207_436.png
20260807_195210_272,2026-08-07 19:52:10,False,10000,215,0.0,0,0.5,0.1,0.3,0,0.5,10,9.5,10,rrt_20260807_195210_272.png
20260807_195212_700,2026-08-07 19:52:12,False,10000,194,0.0,0,0.5,0.1,0.3,0,0.5,10,9.5,10,rrt_20260807_195212_700.png
20260807_195214_641,2026-08-07 19:52:14,True,7798,195,18.319862631875555,38,0.5,0.1,0.3,0,0.5,10,9.5,10,rrt_20260807_195214_641.png
20260807_195215_766,2026-08-07 19:52:15,True,3721,139,17.5,36,0.5,0.1,0.3,0,0.5,10,9.5,10,rrt_20260807_195215_766.png
20260807_195218_289,2026-08-07 19:52:18,False,10000,190,0.0,0,0.5,0.1,0.3,0,0.5,10,9.5,10,rrt_20260807_195218_289.png
20260807_195220_707,2026-08-07 19:52:20,False,10000,196,0.0,0,0.5,0.1,0.3,0,0.5,10,9.5,10,rrt_20260807_195220_707.png
20260807_195222_011,2026-08-07 19:52:22,True,2276,79,17.5,36,0.5,0.1,0.3,0,0.5,10,9.5,10,rrt_20260807_195222_011.png
20260807_195224_431,2026-08-07 19:52:24,False,10000,233,0.0,0,0.5,0.1,0.3,0,0.5,10,9.5,10,rrt_20260807_195224_431.png
20260807_195225_690,2026-08-07 19:52:25,True,4753,170,18.0,37,0.5,0.1,0.3,0,0.5,10,9.5,10,rrt_20260807_195225_690.png
20260807_195228_635,2026-08-07 19:52:28,False,10000,211,0.0,0,0.5,0.1,0.3,0,0.5,10,9.5,10,rrt_20260807_195228_635.png
20260807_195229_732,2026-08-07 19:52:29,True,3574,135,18.0,37,0.5,0.1,0.3,0,0.5,10,9.5,10,rrt_20260807_195229_732.png
20260807_195232_028,2026-08-07 19:52:32,True,9646,212,17.5,36,0.5,0.1,0.3,0,0.5,10,9.5,10,rrt_20260807_195232_028.png
20260807_195234_034,2026-08-07 19:52:34,True,7164,216,17.5,36,0.5,0.1,0.3,0,0.5,10,9.5,10,rrt_20260807_195234_034.png
20260807_195235_240,2026-08-07 19:52:35,True,3970,147,17.856644707683472,37,0.5,0.1,0.3,0,0.5,10,9.5,10,rrt_20260807_195235_240.png
20260807_195236_564,2026-08-07 19:52:36,True,1772,98,16.9407430794845,35,0.5,0.1,0.3,0,0.5,10,9.5,10,rrt_20260807_195236_564.png
20260807_195239_610,2026-08-07 19:52:39,False,10000,232,0.0,0,0.5,0.1,0.3,0,0.5,10,9.5,10,rrt_20260807_195239_610.png
20260807_195241_061,2026-08-07 19:52:41,True,6124,169,19.85159105027907,41,0.5,0.1,0.3,0,0.5,10,9.5,10,rrt_20260807_195241_061.png
20260807_195242_066,2026-08-07 19:52:42,True,4214,100,17.0,35,0.5,0.1,0.3,0,0.5,10,9.5,10,rrt_20260807_195242_066.png
20260807_195244_027,2026-08-07 19:52:44,False,10000,147,0.0,0,0.5,0.1,0.3,0,0.5,10,9.5,10,rrt_20260807_195244_027.png
20260807_195246_197,2026-08-07 19:52:46,False,10000,199,0.0,0,0.5,0.1,0.3,0,0.5,10,9.5,10,rrt_20260807_195246_197.png
20260807_195247_915,2026-08-07 19:52:47,True,7032,197,21.32349574866453,44,0.5,0.1,0.3,0,0.5,10,9.5,10,rrt_20260807_195247_915.png
20260807_195249_182,2026-08-07 19:52:49,True,4933,147,18.0,37,0.5,0.1,0.3,0,0.5,10,9.5,10,rrt_20260807_195249_182.png
20260807_195251_280,2026-08-07 19:52:51,False,10000,162,0.0,0,0.5,0.1,0.3,0,0.5,10,9.5,10,rrt_20260807_195251_280.png
20260807_195253_583,2026-08-07 19:52:53,True,6386,183,17.0,35,0.5,0.1,0.3,0,0.5,10,9.5,10,rrt_20260807_195253_583.png
20260807_195255_708,2026-08-07 19:52:55,False,10000,156,0.0,0,0.5,0.1,0.3,0,0.5,10,9.5,10,rrt_20260807_195255_708.png
20260807_195258_457,2026-08-07 19:52:58,False,10000,222,0.0,0,0.5,0.1,0.3,0,0.5,10,9.5,10,rrt_20260807_195258_457.png
20260807_195300_954,2026-08-07 19:53:00,False,10000,212,0.0,0,0.5,0.1,0.3,0,0.5,10,9.5,10,rrt_20260807_195300_954.png
20260807_195302_829,2026-08-07 19:53:02,True,8848,179,20.373304954490756,42,0.5,0.1,0.3,0,0.5,10,9.5,10,rrt_20260807_195302_829.png
20260807_195305_348,2026-08-07 19:53:05,False,10000,206,0.0,0,0.5,0.1,0.3,0,0.5,10,9.5,10,rrt_20260807_195305_348.png
20260807_195308_159,2026-08-07 19:53:08,False,10000,226,0.0,0,0.5,0.1,0.3,0,0.5,10,9.5,10,rrt_20260807_195308_159.png
20260807_195309_602,2026-08-07 19:53:09,True,5059,174,18.389413747767396,38,0.5,0.1,0.3,0,0.5,10,9.5,10,rrt_20260807_195309_602.png
20260807_195311_897,2026-08-07 19:53:11,False,10000,202,0.0,0,0.5,0.1,0.3,0,0.5,10,9.5,10,rrt_20260807_195311_897.png
20260807_195314_987,2026-08-07 19:53:14,False,10000,224,0.0,0,0.5,0.1,0.3,0,0.5,10,9.5,10,rrt_20260807_195314_987.png
20260807_195318_198,2026-08-07 19:53:18,False,10000,233,0.0,0,0.5,0.1,0.3,0,0.5,10,9.5,10,rrt_20260807_195318_198.png
20260807_195319_333,2026-08-07 19:53:19,True,3363,125,16.5,34,0.5,0.1,0.3,0,0.5,10,9.5,10,rrt_20260807_195319_333.png
20260807_195320_114,2026-08-07 19:53:20,True,1636,97,17.0,35,0.5,0.1,0.3,0,0.5,10,9.5,10,rrt_20260807_195320_114.png
20260807_195322_088,2026-08-07 19:53:22,False,10000,154,0.0,0,0.5,0.1,0.3,0,0.5,10,9.5,10,rrt_20260807_195322_088.png
20260807_195324_893,2026-08-07 19:53:24,False,10000,229,0.0,0,0.5,0.1,0.3,0,0.5,10,9.5,10,rrt_20260807_195324_893.png
20260807_195326_206,2026-08-07 19:53:26,True,2679,109,18.0,37,0.5,0.1,0.3,0,0.5,10,9.5,10,rrt_20260807_195326_206.png
20260807_195327_304,2026-08-07 19:53:27,True,4498,141,20.5,42,0.5,0.1,0.3,0,0.5,10,9.5,10,rrt_20260807_195327_304.png
20260807_195328_736,2026-08-07 19:53:28,True,5193,181,17.962767774426652,37,0.5,0.1,0.3,0,0.5,10,9.5,10,rrt_20260807_195328_736.png
20260807_195331_369,2026-08-07 19:53:31,False,10000,215,0.0,0,0.5,0.1,0.3,0,0.5,10,9.5,10,rrt_20260807_195331_369.png
20260807_195332_384,2026-08-07 19:53:32,True,3590,95,18.0,37,0.5,0.1,0.3,0,0.5,10,9.5,10,rrt_20260807_195332_384.png
20260807_195335_061,2026-08-07 19:53:35,False,10000,232,0.0,0,0.5,0.1,0.3,0,0.5,10,9.5,10,rrt_20260807_195335_061.png
20260807_195335_980,2026-08-07 19:53:35,True,2251,114,18.0,37,0.5,0.1,0.3,0,0.5,10,9.5,10,rrt_20260807_195335_980.png
20260807_195338_127,2026-08-07 19:53:38,False,10000,178,0.0,0,0.5,0.1,0.3,0,0.5,10,9.5,10,rrt_20260807_195338_127.png
20260807_195340_232,2026-08-07 19:53:40,False,10000,159,0.0,0,0.5,0.1,0.3,0,0.5,10,9.5,10,rrt_20260807_195340_232.png
20260807_195341_084,2026-08-07 19:53:41,True,2574,89,17.0,35,0.5,0.1,0.3,0,0.5,10,9.5,10,rrt_20260807_195341_084.png
20260807_195342_694,2026-08-07 19:53:42,True,8318,160,20.0,41,0.5,0.1,0.3,0,0.5,10,9.5,10,rrt_20260807_195342_694.png
20260807_195343_756,2026-08-07 19:53:43,True,3639,107,17.0,35,0.5,0.1,0.3,0,0.5,10,9.5,10,rrt_20260807_195343_756.png
20260807_195345_840,2026-08-07 19:53:45,True,7565,180,18.82949971276708,39,0.5,0.1,0.3,0,0.5,10,9.5,10,rrt_20260807_195345_840.png
20260807_195348_679,2026-08-07 19:53:48,False,10000,211,0.0,0,0.5,0.1,0.3,0,0.5,10,9.5,10,rrt_20260807_195348_679.png
20260807_195350_163,2026-08-07 19:53:50,True,5736,184,21.0,43,0.5,0.1,0.3,0,0.5,10,9.5,10,rrt_20260807_195350_163.png
20260807_195351_219,2026-08-07 19:53:51,True,2591,119,16.5,34,0.5,0.1,0.3,0,0.5,10,9.5,10,rrt_20260807_195351_219.png
20260807_195353_294,2026-08-07 19:53:53,False,10000,159,0.0,0,0.5,0.1,0.3,0,0.5,10,9.5,10,rrt_20260807_195353_294.png
20260807_195354_238,2026-08-07 19:53:54,True,3302,96,17.5,36,0.5,0.1,0.3,0,0.5,10,9.5,10,rrt_20260807_195354_238.png
20260807_195356_702,2026-08-07 19:53:56,False,10000,198,0.0,0,0.5,0.1,0.3,0,0.5,10,9.5,10,rrt_20260807_195356_702.png
20260807_195359_508,2026-08-07 19:53:59,False,10000,235,0.0,0,0.5,0.1,0.3,0,0.5,10,9.5,10,rrt_20260807_195359_508.png
20260807_195400_699,2026-08-07 19:54:00,True,4278,134,17.540492696307552,37,0.5,0.1,0.3,0,0.5,10,9.5,10,rrt_20260807_195400_699.png
20260807_195402_031,2026-08-07 19:54:02,True,3531,101,19.0,39,0.5,0.1,0.3,0,0.5,10,9.5,10,rrt_20260807_195402_031.png
20260807_195404_262,2026-08-07 19:54:04,True,9970,218,17.438761019231293,36,0.5,0.1,0.3,0,0.5,10,9.5,10,rrt_20260807_195404_262.png
20260807_195406_341,2026-08-07 19:54:06,True,9068,187,20.650645266035397,43,0.5,0.1,0.3,0,0.5,10,9.5,10,rrt_20260807_195406_341.png
20260807_195407_127,2026-08-07 19:54:07,True,937,73,17.0,35,0.5,0.2,0.3,0,0.5,10,9.5,10,rrt_20260807_195407_127.png
20260807_195407_850,2026-08-07 19:54:07,True,1739,100,17.5,36,0.5,0.2,0.3,0,0.5,10,9.5,10,rrt_20260807_195407_850.png
20260807_195410_662,2026-08-07 19:54:10,False,10000,255,0.0,0,0.5,0.2,0.3,0,0.5,10,9.5,10,rrt_20260807_195410_662.png
20260807_195412_786,2026-08-07 19:54:12,True,6487,223,17.5,36,0.5,0.2,0.3,0,0.5,10,9.5,10,rrt_20260807_195412_786.png
20260807_195413_727,2026-08-07 19:54:13,True,869,77,17.0,35,0.5,0.2,0.3,0,0.5,10,9.5,10,rrt_20260807_195413_727.png
20260807_195414_837,2026-08-07 19:54:14,True,1373,97,17.40483114570151,36,0.5,0.2,0.3,0,0.5,10,9.5,10,rrt_20260807_195414_837.png
20260807_195416_084,2026-08-07 19:54:16,True,2724,147,18.185410591538353,38,0.5,0.2,0.3,0,0.5,10,9.5,10,rrt_20260807_195416_084.png
20260807_195416_914,2026-08-07 19:54:16,True,1437,88,18.5,38,0.5,0.2,0.3,0,0.5,10,9.5,10,rrt_20260807_195416_914.png
20260807_195417_666,2026-08-07 19:54:17,True,1549,111,18.0,37,0.5,0.2,0.3,0,0.5,10,9.5,10,rrt_20260807_195417_666.png
20260807_195420_831,2026-08-07 19:54:20,False,10000,269,0.0,0,0.5,0.2,0.3,0,0.5,10,9.5,10,rrt_20260807_195420_831.png
20260807_195424_331,2026-08-07 19:54:24,False,10000,295,0.0,0,0.5,0.2,0.3,0,0.5,10,9.5,10,rrt_20260807_195424_331.png
20260807_195427_901,2026-08-07 19:54:27,False,10000,296,0.0,0,0.5,0.2,0.3,0,0.5,10,9.5,10,rrt_20260807_195427_901.png
20260807_195430_483,2026-08-07 19:54:30,False,10000,207,0.0,0,0.5,0.2,0.3,0,0.5,10,9.5,10,rrt_20260807_195430_483.png
20260807_195431_465,2026-08-07 19:54:31,True,2244,163,17.5,36,0.5,0.2,0.3,0,0.5,10,9.5,10,rrt_20260807_195431_465.png
20260807_195432_756,2026-08-07 19:54:32,True,1714,116,17.5,36,0.5,0.2,0.3,0,0.5,10,9.5,10,rrt_20260807_195432_756.png
20260807_195433_611,2026-08-07 19:54:33,True,1889,147,17.5,36,0.5,0.2,0.3,0,0.5,10,9.5,10,rrt_20260807_195433_611.png
20260807_195436_506,2026-08-07 19:54:36,False,10000,267,0.0,0,0.5,0.2,0.3,0,0.5,10,9.5,10,rrt_20260807_195436_506.png
20260807_195438_997,2026-08-07 19:54:38,False,10000,211,0.0,0,0.5,0.2,0.3,0,0.5,10,9.5,10,rrt_20260807_195438_997.png
20260807_195439_845,2026-08-07 19:54:39,True,1670,96,17.0,35,0.5,0.2,0.3,0,0.5,10,9.5,10,rrt_20260807_195439_845.png
20260807_195440_959,2026-08-07 19:54:40,True,4069,160,22.0,45,0.5,0.2,0.3,0,0.5,10,9.5,10,rrt_20260807_195440_959.png
20260807_195441_958,2026-08-07 19:54:41,True,1022,110,17.0,35,0.5,0.2,0.3,0,0.5,10,9.5,10,rrt_20260807_195441_958.png
20260807_195442_917,2026-08-07 19:54:42,True,3529,138,26.5,54,0.5,0.2,0.3,0,0.5,10,9.5,10,rrt_20260807_195442_917.png
20260807_195443_768,2026-08-07 19:54:43,True,2456,115,26.674914191249986,56,0.5,0.2,0.3,0,0.5,10,9.5,10,rrt_20260807_195443_768.png
20260807_195446_359,2026-08-07 19:54:46,True,7973,265,22.74829232769717,47,0.5,0.2,0.3,0,0.5,10,9.5,10,rrt_20260807_195446_359.png
20260807_195447_212,2026-08-07 19:54:47,True,1955,120,18.0,37,0.5,0.2,0.3,0,0.5,10,9.5,10,rrt_20260807_195447_212.png
20260807_195447_971,2026-08-07 19:54:47,True,1292,108,16.872783903833955,35,0.5,0.2,0.3,0,0.5,10,9.5,10,rrt_20260807_195447_971.png
20260807_195449_268,2026-08-07 19:54:49,True,3672,192,18.0,37,0.5,0.2,0.3,0,0.5,10,9.5,10,rrt_20260807_195449_268.png
20260807_195450_113,2026-08-07 19:54:50,True,2316,126,17.5,36,0.5,0.2,0.3,0,0.5,10,9.5,10,rrt_20260807_195450_113.png
20260807_195451_816,2026-08-07 19:54:51,True,6632,209,21.31529343421773,44,0.5,0.2,0.3,0,0.5,10,9.5,10,rrt_20260807_195451_816.png
20260807_195455_237,2026-08-07 19:54:55,False,10000,307,0.0,0,0.5,0.2,0.3,0,0.5,10,9.5,10,rrt_20260807_195455_237.png
20260807_195458_529,2026-08-07 19:54:58,False,10000,277,0.0,0,0.5,0.2,0.3,0,0.5,10,9.5,10,rrt_20260807_195458_529.png
20260807_195501_447,2026-08-07 19:55:01,False,10000,257,0.0,0,0.5,0.2,0.3,0,0.5,10,9.5,10,rrt_20260807_195501_447.png
20260807_195504_776,2026-08-07 19:55:04,False,10000,259,0.0,0,0.5,0.2,0.3,0,0.5,10,9.5,10,rrt_20260807_195504_776.png
20260807_195507_907,2026-08-07 19:55:07,False,10000,304,0.0,0,0.5,0.2,0.3,0,0.5,10,9.5,10,rrt_20260807_195507_907.png
20260807_195508_792,2026-08-07 19:55:08,True,1878,134,18.5,38,0.5,0.2,0.3,0,0.5,10,9.5,10,rrt_20260807_195508_792.png
20260807_195512_360,2026-08-07 19:55:12,False,10000,290,0.0,0,0.5,0.2,0.3,0,0.5,10,9.5,10,rrt_20260807_195512_360.png
20260807_195513_598,2026-08-07 19:55:13,True,3500,177,18.0,37,0.5,0.2,0.3,0,0.5,10,9.5,10,rrt_20260807_195513_598.png
20260807_195514_587,2026-08-07 19:55:14,True,2600,142,17.73696550599645,37,0.5,0.2,0.3,0,0.5,10,9.5,10,rrt_20260807_195514_587.png
20260807_195517_319,2026-08-07 19:55:17,False,10000,263,0.0,0,0.5,0.2,0.3,0,0.5,10,9.5,10,rrt_20260807_195517_319.png
20260807_195518_141,2026-08-07 19:55:18,True,1464,130,18.0,37,0.5,0.2,0.3,0,0.5,10,9.5,10,rrt_20260807_195518_141.png
20260807_195518_994,2026-08-07 19:55:18,True,1908,130,17.391378360246776,36,0.5,0.2,0.3,0,0.5,10,9.5,10,rrt_20260807_195518_994.png
20260807_195520_424,2026-08-07 19:55:20,True,2997,163,17.147730856762376,36,0.5,0.2,0.3,0,0.5,10,9.5,10,rrt_20260807_195520_424.png
20260807_195521_353,2026-08-07 19:55:21,True,2308,146,17.32517371021354,36,0.5,0.2,0.3,0,0.5,10,9.5,10,rrt_20260807_195521_353.png
20260807_195522_148,2026-08-07 19:55:22,True,1173,112,17.851981189251692,37,0.5,0.2,0.3,0,0.5,10,9.5,10,rrt_20260807_195522_148.png
20260807_195524_611,2026-08-07 19:55:24,True,6784,267,24.0,49,0.5,0.2,0.3,0,0.5,10,9.5,10,rrt_20260807_195524_611.png
20260807_195527_076,2026-08-07 19:55:27,False,10000,218,0.0,0,0.5,0.2,0.3,0,0.5,10,9.5,10,rrt_20260807_195527_076.png
20260807_195529_612,2026-08-07 19:55:29,False,10000,201,0.0,0,0.5,0.2,0.3,0,0.5,10,9.5,10,rrt_20260807_195529_612.png
20260807_195530_509,2026-08-07 19:55:30,True,2233,141,17.5,36,0.5,0.2,0.3,0,0.5,10,9.5,10,rrt_20260807_195530_509.png
20260807_195531_531,2026-08-07 19:55:31,True,3058,178,17.499999999999996,36,0.5,0.2,0.3,0,0.5,10,9.5,10,rrt_20260807_195531_531.png
20260807_195532_571,2026-08-07 19:55:32,True,1549,89,17.5,36,0.5,0.2,0.3,0,0.5,10,9.5,10,rrt_20260807_195532_571.png
20260807_195533_949,2026-08-07 19:55:33,True,1435,142,17.0,35,0.5,0.2,0.3,0,0.5,10,9.5,10,rrt_20260807_195533_949.png
20260807_195535_003,2026-08-07 19:55:35,True,2710,169,16.969035544495227,35,0.5,0.2,0.3,0,0.5,10,9.5,10,rrt_20260807_195535_003.png
20260807_195535_946,2026-08-07 19:55:35,True,2127,161,17.5,36,0.5,0.2,0.3,0,0.5,10,9.5,10,rrt_20260807_195535_946.png
20260807_195538_368,2026-08-07 19:55:38,False,10000,205,0.0,0,0.5,0.2,0.3,0,0.5,10,9.5,10,rrt_20260807_195538_368.png
20260807_195539_218,2026-08-07 19:55:39,True,1988,120,17.829056163178457,37,0.5,0.2,0.3,0,0.5,10,9.5,10,rrt_20260807_195539_218.png
20260807_195542_306,2026-08-07 19:55:42,False,10000,257,0.0,0,0.5,0.2,0.3,0,0.5,10,9.5,10,rrt_20260807_195542_306.png
20260807_195543_176,2026-08-07 19:55:43,True,1806,135,18.5,38,0.5,0.2,0.3,0,0.5,10,9.5,10,rrt_20260807_195543_176.png
20260807_195544_057,2026-08-07 19:55:44,True,2349,132,18.0,37,0.5,0.2,0.3,0,0.5,10,9.5,10,rrt_20260807_195544_057.png
20260807_195545_186,2026-08-07 19:55:45,True,3804,164,18.0,37,0.5,0.2,0.3,0,0.5,10,9.5,10,rrt_20260807_195545_186.png
20260807_195548_090,2026-08-07 19:55:48,False,10000,279,0.0,0,0.5,0.2,0.3,0,0.5,10,9.5,10,rrt_20260807_195548_090.png
20260807_195548_967,2026-08-07 19:55:48,True,1636,112,18.5,38,0.5,0.2,0.3,0,0.5,10,9.5,10,rrt_20260807_195548_967.png
20260807_195550_340,2026-08-07 19:55:50,True,4095,219,18.5,38,0.5,0.2,0.3,0,0.5,10,9.5,10,rrt_20260807_195550_340.png
20260807_195551_418,2026-08-07 19:55:51,True,1804,125,17.5,36,0.5,0.2,0.3,0,0.5,10,9.5,10,rrt_20260807_195551_418.png
20260807_195554_611,2026-08-07 19:55:54,False,10000,279,0.0,0,0.5,0.2,0.3,0,0.5,10,9.5,10,rrt_20260807_195554_611.png
20260807_195557_005,2026-08-07 19:55:57,False,10000,174,0.0,0,0.5,0.2,0.3,0,0.5,10,9.5,10,rrt_20260807_195557_005.png
20260807_195557_853,2026-08-07 19:55:57,True,1537,120,17.0,35,0.5,0.2,0.3,0,0.5,10,9.5,10,rrt_20260807_195557_853.png
20260807_195558_780,2026-08-07 19:55:58,True,2640,144,17.0,35,0.5,0.2,0.3,0,0.5,10,9.5,10,rrt_20260807_195558_780.png
20260807_195559_660,2026-08-07 19:55:59,True,2036,140,19.0,39,0.5,0.2,0.3,0,0.5,10,9.5,10,rrt_20260807_195559_660.png
20260807_195601_091,2026-08-07 19:56:01,True,2712,166,18.0,37,0.5,0.2,0.3,0,0.5,10,9.5,10,rrt_20260807_195601_091.png
20260807_195602_399,2026-08-07 19:56:02,True,3749,191,19.0,39,0.5,0.2,0.3,0,0.5,10,9.5,10,rrt_20260807_195602_399.png
20260807_195603_446,2026-08-07 19:56:03,True,3262,142,17.66230812786089,37,0.5,0.2,0.3,0,0.5,10,9.5,10,rrt_20260807_195603_446.png
20260807_195604_670,2026-08-07 19:56:04,True,4002,164,20.0,41,0.5,0.2,0.3,0,0.5,10,9.5,10,rrt_20260807_195604_670.png
20260807_195607_876,2026-08-07 19:56:07,False,10000,275,0.0,0,0.5,0.2,0.3,0,0.5,10,9.5,10,rrt_20260807_195607_876.png
20260807_195608_900,2026-08-07 19:56:08,True,2683,150,19.5,40,0.5,0.2,0.3,0,0.5,10,9.5,10,rrt_20260807_195608_900.png
20260807_195612_040,2026-08-07 19:56:12,False,10000,294,0.0,0,0.5,0.2,0.3,0,0.5,10,9.5,10,rrt_20260807_195612_040.png
20260807_195612_876,2026-08-07 19:56:12,True,1248,106,18.461709484547708,38,0.5,0.2,0.3,0,0.5,10,9.5,10,rrt_20260807_195612_876.png
20260807_195615_840,2026-08-07 19:56:15,False,10000,279,0.0,0,0.5,0.2,0.3,0,0.5,10,9.5,10,rrt_20260807_195615_840.png
20260807_195619_430,2026-08-07 19:56:19,False,10000,250,0.0,0,0.5,0.2,0.3,0,0.5,10,9.5,10,rrt_20260807_195619_430.png
20260807_195620_269,2026-08-07 19:56:20,True,2150,117,21.183790360984048,44,0.5,0.2,0.3,0,0.5,10,9.5,10,rrt_20260807_195620_269.png
20260807_195623_717,2026-08-07 19:56:23,False,10000,278,0.0,0,0.5,0.2,0.3,0,0.5,10,9.5,10,rrt_20260807_195623_717.png
20260807_195625_083,2026-08-07 19:56:25,True,4129,198,18.437607046853284,38,0.5,0.2,0.3,0,0.5,10,9.5,10,rrt_20260807_195625_083.png
20260807_195628_517,2026-08-07 19:56:28,False,10000,281,0.0,0,0.5,0.2,0.3,0,0.5,10,9.5,10,rrt_20260807_195628_517.png
20260807_195630_516,2026-08-07 19:56:30,True,5572,246,17.5,36,0.5,0.2,0.3,0,0.5,10,9.5,10,rrt_20260807_195630_516.png
20260807_195631_277,2026-08-07 19:56:31,True,1055,96,17.5,36,0.5,0.2,0.3,0,0.5,10,9.5,10,rrt_20260807_195631_277.png
20260807_195633_977,2026-08-07 19:56:33,False,10000,236,0.0,0,0.5,0.2,0.3,0,0.5,10,9.5,10,rrt_20260807_195633_977.png
20260807_195635_076,2026-08-07 19:56:35,True,1004,89,17.0,35,0.5,0.2,0.3,0,0.5,10,9.5,10,rrt_20260807_195635_076.png
20260807_195638_231,2026-08-07 19:56:38,False,10000,267,0.0,0,0.5,0.2,0.3,0,0.5,10,9.5,10,rrt_20260807_195638_231.png
20260807_195640_519,2026-08-07 19:56:40,True,6512,264,17.37340176767027,36,0.5,0.2,0.3,0,0.5,10,9.5,10,rrt_20260807_195640_519.png
20260807_195641_423,2026-08-07 19:56:41,True,2066,138,18.5,38,0.5,0.2,0.3,0,0.5,10,9.5,10,rrt_20260807_195641_423.png
20260807_195642_546,2026-08-07 19:56:42,True,3177,192,19.5,40,0.5,0.2,0.3,0,0.5,10,9.5,10,rrt_20260807_195642_546.png
20260807_195643_393,2026-08-07 19:56:43,True,1602,127,16.5,34,0.5,0.2,0.3,0,0.5,10,9.5,10,rrt_20260807_195643_393.png
20260807_195645_491,2026-08-07 19:56:45,False,10000,165,0.0,0,0.5,0.2,0.3,0,0.5,10,9.5,10,rrt_20260807_195645_491.png
20260807_195646_402,2026-08-07 19:56:46,True,2446,140,17.376183997072868,36,0.5,0.2,0.3,0,0.5,10,9.5,10,rrt_20260807_195646_402.png
20260807_195649_518,2026-08-07 19:56:49,False,10000,254,0.0,0,0.5,0.2,0.3,0,0.5,10,9.5,10,rrt_20260807_195649_518.png
20260807_195653_131,2026-08-07 19:56:53,False,10000,303,0.0,0,0.5,0.2,0.3,0,0.5,10,9.5,10,rrt_20260807_195653_131.png
20260807_195655_965,2026-08-07 19:56:55,False,10000,253,0.0,0,0.5,0.2,0.3,0,0.5,10,9.5,10,rrt_20260807_195655_965.png
20260807_195657_089,2026-08-07 19:56:57,True,2754,126,17.5,36,0.5,0.2,0.3,0,0.5,10,9.5,10,rrt_20260807_195657_089.png
20260807_195700_055,2026-08-07 19:57:00,False,10000,263,0.0,0,0.5,0.2,0.3,0,0.5,10,9.5,10,rrt_20260807_195700_055.png
20260807_195703_194,2026-08-07 19:57:03,False,10000,279,0.0,0,0.5,0.2,0.3,0,0.5,10,9.5,10,rrt_20260807_195703_194.png
20260807_195706_543,2026-08-07 19:57:06,False,10000,254,0.0,0,0.5,0.2,0.3,0,0.5,10,9.5,10,rrt_20260807_195706_543.png
20260807_195707_335,2026-08-07 19:57:07,True,987,99,18.471284723999677,38,0.5,0.3,0.3,0,0.5,10,9.5,10,rrt_20260807_195707_335.png
20260807_195710_595,2026-08-07 19:57:10,False,10000,309,0.0,0,0.5,0.3,0.3,0,0.5,10,9.5,10,rrt_20260807_195710_595.png
20260807_195714_800,2026-08-07 19:57:14,False,10000,398,0.0,0,0.5,0.3,0.3,0,0.5,10,9.5,10,rrt_20260807_195714_800.png
20260807_195718_145,2026-08-07 19:57:18,False,10000,251,0.0,0,0.5,0.3,0.3,0,0.5,10,9.5,10,rrt_20260807_195718_145.png
20260807_195722_187,2026-08-07 19:57:22,False,10000,371,0.0,0,0.5,0.3,0.3,0,0.5,10,9.5,10,rrt_20260807_195722_187.png
20260807_195723_250,2026-08-07 19:57:23,True,2301,187,18.5,38,0.5,0.3,0.3,0,0.5,10,9.5,10,rrt_20260807_195723_250.png
20260807_195726_636,2026-08-07 19:57:26,False,10000,329,0.0,0,0.5,0.3,0.3,0,0.5,10,9.5,10,rrt_20260807_195726_636.png
20260807_195727_454,2026-08-07 19:57:27,True,1053,88,17.0,35,0.5,0.3,0.3,0,0.5,10,9.5,10,rrt_20260807_195727_454.png
20260807_195728_578,2026-08-07 19:57:28,True,1534,154,18.0,37,0.5,0.3,0.3,0,0.5,10,9.5,10,rrt_20260807_195728_578.png
20260807_195732_084,2026-08-07 19:57:32,False,10000,336,0.0,0,0.5,0.3,0.3,0,0.5,10,9.5,10,rrt_20260807_195732_084.png
20260807_195732_843,2026-08-07 19:57:32,True,595,76,17.5,36,0.5,0.3,0.3,0,0.5,10,9.5,10,rrt_20260807_195732_843.png
20260807_195733_630,2026-08-07 19:57:33,True,1249,142,18.0,37,0.5,0.3,0.3,0,0.5,10,9.5,10,rrt_20260807_195733_630.png
20260807_195737_613,2026-08-07 19:57:37,False,10000,357,0.0,0,0.5,0.3,0.3,0,0.5,10,9.5,10,rrt_20260807_195737_613.png
20260807_195740_964,2026-08-07 19:57:40,False,10000,283,0.0,0,0.5,0.3,0.3,0,0.5,10,9.5,10,rrt_20260807_195740_964.png
20260807_195743_582,2026-08-07 19:57:43,False,10000,232,0.0,0,0.5,0.3,0.3,0,0.5,10,9.5,10,rrt_20260807_195743_582.png
20260807_195744_931,2026-08-07 19:57:44,True,3696,199,18.155567779336838,38,0.5,0.3,0.3,0,0.5,10,9.5,10,rrt_20260807_195744_931.png
20260807_195745_816,2026-08-07 19:57:45,True,2370,162,18.20153835190741,38,0.5,0.3,0.3,0,0.5,10,9.5,10,rrt_20260807_195745_816.png
20260807_195746_885,2026-08-07 19:57:46,True,2760,173,19.5,40,0.5,0.3,0.3,0,0.5,10,9.5,10,rrt_20260807_195746_885.png
20260807_195750_458,2026-08-07 19:57:50,False,10000,314,0.0,0,0.5,0.3,0.3,0,0.5,10,9.5,10,rrt_20260807_195750_458.png
20260807_195751_362,2026-08-07 19:57:51,True,1033,106,21.37243080144161,44,0.5,0.3,0.3,0,0.5,10,9.5,10,rrt_20260807_195751_362.png
20260807_195752_103,2026-08-07 19:57:52,True,999,97,18.5,38,0.5,0.3,0.3,0,0.5,10,9.5,10,rrt_20260807_195752_103.png
20260807_195755_627,2026-08-07 19:57:55,False,10000,298,0.0,0,0.5,0.3,0.3,0,0.5,10,9.5,10,rrt_20260807_195755_627.png
20260807_195759_101,2026-08-07 19:57:59,False,10000,325,0.0,0,0.5,0.3,0.3,0,0.5,10,9.5,10,rrt_20260807_195759_101.png
20260807_195800_092,2026-08-07 19:58:00,True,1759,162,18.892400872613408,39,0.5,0.3,0.3,0,0.5,10,9.5,10,rrt_20260807_195800_092.png
20260807_195803_359,2026-08-07 19:58:03,False,10000,297,0.0,0,0.5,0.3,0.3,0,0.5,10,9.5,10,rrt_20260807_195803_359.png
20260807_195806_178,2026-08-07 19:58:06,False,10000,251,0.0,0,0.5,0.3,0.3,0,0.5,10,9.5,10,rrt_20260807_195806_178.png
20260807_195807_118,2026-08-07 19:58:07,True,1329,153,18.0,37,0.5,0.3,0.3,0,0.5,10,9.5,10,rrt_20260807_195807_118.png
20260807_195808_068,2026-08-07 19:58:08,True,2226,170,19.5,40,0.5,0.3,0.3,0,0.5,10,9.5,10,rrt_20260807_195808_068.png
20260807_195810_730,2026-08-07 19:58:10,False,10000,245,0.0,0,0.5,0.3,0.3,0,0.5,10,9.5,10,rrt_20260807_195810_730.png
20260807_195811_527,2026-08-07 19:58:11,True,960,102,18.399431675678898,38,0.5,0.3,0.3,0,0.5,10,9.5,10,rrt_20260807_195811_527.png
20260807_195815_575,2026-08-07 19:58:15,False,10000,320,0.0,0,0.5,0.3,0.3,0,0.5,10,9.5,10,rrt_20260807_195815_575.png
20260807_195819_379,2026-08-07 19:58:19,False,10000,351,0.0,0,0.5,0.3,0.3,0,0.5,10,9.5,10,rrt_20260807_195819_379.png
20260807_195820_478,2026-08-07 19:58:20,True,2524,175,17.137408612982817,36,0.5,0.3,0.3,0,0.5,10,9.5,10,rrt_20260807_195820_478.png
20260807_195821_314,2026-08-07 19:58:21,True,1945,150,16.999999999999996,35,0.5,0.3,0.3,0,0.5,10,9.5,10,rrt_20260807_195821_314.png
20260807_195822_080,2026-08-07 19:58:22,True,1471,123,20.88424636097693,43,0.5,0.3,0.3,0,0.5,10,9.5,10,rrt_20260807_195822_080.png
20260807_195825_480,2026-08-07 19:58:25,False,10000,304,0.0,0,0.5,0.3,0.3,0,0.5,10,9.5,10,rrt_20260807_195825_480.png
20260807_195826_620,2026-08-07 19:58:26,True,2860,183,18.91377107386681,39,0.5,0.3,0.3,0,0.5,10,9.5,10,rrt_20260807_195826_620.png
20260807_195828_398,2026-08-07 19:58:28,True,4363,241,19.5,40,0.5,0.3,0.3,0,0.5,10,9.5,10,rrt_20260807_195828_398.png
20260807_195829_228,2026-08-07 19:58:29,True,1217,155,18.0,37,0.5,0.3,0.3,0,0.5,10,9.5,10,rrt_20260807_195829_228.png
20260807_195830_281,2026-08-07 19:58:30,True,1242,109,18.5,38,0.5,0.3,0.3,0,0.5,10,9.5,10,rrt_20260807_195830_281.png
20260807_195833_759,2026-08-07 19:58:33,False,10000,344,0.0,0,0.5,0.3,0.3,0,0.5,10,9.5,10,rrt_20260807_195833_759.png
20260807_195834_631,2026-08-07 19:58:34,True,1213,131,18.0,37,0.5,0.3,0.3,0,0.5,10,9.5,10,rrt_20260807_195834_631.png
20260807_195835_947,2026-08-07 19:58:35,True,3356,227,18.0,37,0.5,0.3,0.3,0,0.5,10,9.5,10,rrt_20260807_195835_947.png
20260807_195837_278,2026-08-07 19:58:37,True,3457,219,17.79375507607791,37,0.5,0.3,0.3,0,0.5,10,9.5,10,rrt_20260807_195837_278.png
20260807_195838_415,2026-08-07 19:58:38,True,3276,175,21.0,43,0.5,0.3,0.3,0,0.5,10,9.5,10,rrt_20260807_195838_415.png
20260807_195839_306,2026-08-07 19:58:39,True,1782,175,17.97466993649962,37,0.5,0.3,0.3,0,0.5,10,9.5,10,rrt_20260807_195839_306.png
20260807_195843_478,2026-08-07 19:58:43,False,10000,383,0.0,0,0.5,0.3,0.3,0,0.5,10,9.5,10,rrt_20260807_195843_478.png
20260807_195845_076,2026-08-07 19:58:45,True,2567,218,18.5,38,0.5,0.3,0.3,0,0.5,10,9.5,10,rrt_20260807_195845_076.png
20260807_195846_059,2026-08-07 19:58:46,True,2205,180,16.860962002773423,35,0.5,0.3,0.3,0,0.5,10,9.5,10,rrt_20260807_195846_059.png
20260807_195846_965,2026-08-07 19:58:46,True,2030,161,16.466266344891075,35,0.5,0.3,0.3,0,0.5,10,9.5,10,rrt_20260807_195846_965.png
20260807_195850_299,2026-08-07 19:58:50,False,10000,319,0.0,0,0.5,0.3,0.3,0,0.5,10,9.5,10,rrt_20260807_195850_299.png
20260807_195851_150,2026-08-07 19:58:51,True,1377,126,19.837205983431385,41,0.5,0.3,0.3,0,0.5,10,9.5,10,rrt_20260807_195851_150.png
20260807_195852_551,2026-08-07 19:58:52,True,2844,210,18.917454889886002,39,0.5,0.3,0.3,0,0.5,10,9.5,10,rrt_20260807_195852_551.png
20260807_195853_571,2026-08-07 19:58:53,True,1534,136,17.5,36,0.5,0.3,0.3,0,0.5,10,9.5,10,rrt_20260807_195853_571.png
20260807_195857_542,2026-08-07 19:58:57,False,10000,323,0.0,0,0.5,0.3,0.3,0,0.5,10,9.5,10,rrt_20260807_195857_542.png
20260807_195901_374,2026-08-07 19:59:01,False,10000,362,0.0,0,0.5,0.3,0.3,0,0.5,10,9.5,10,rrt_20260807_195901_374.png
20260807_195902_555,2026-08-07 19:59:02,True,908,103,16.5,34,0.5,0.3,0.3,0,0.5,10,9.5,10,rrt_20260807_195902_555.png
20260807_195903_368,2026-08-07 19:59:03,True,1567,121,17.88910442662013,37,0.5,0.3,0.3,0,0.5,10,9.5,10,rrt_20260807_195903_368.png
20260807_195904_223,2026-08-07 19:59:04,True,1742,178,18.0,37,0.5,0.3,0.3,0,0.5,10,9.5,10,rrt_20260807_195904_223.png
20260807_195905_297,2026-08-07 19:59:05,True,2420,189,18.78402353974794,39,0.5,0.3,0.3,0,0.5,10,9.5,10,rrt_20260807_195905_297.png
20260807_195909_091,2026-08-07 19:59:09,False,10000,358,0.0,0,0.5,0.3,0.3,0,0.5,10,9.5,10,rrt_20260807_195909_091.png
20260807_195910_056,2026-08-07 19:59:10,True,2130,149,18.0,37,0.5,0.3,0.3,0,0.5,10,9.5,10,rrt_20260807_195910_056.png
20260807_195910_986,2026-08-07 19:59:10,True,2181,168,19.0,39,0.5,0.3,0.3,0,0.5,10,9.5,10,rrt_20260807_195910_986.png
20260807_195914_400,2026-08-07 19:59:14,False,10000,333,0.0,0,0.5,0.3,0.3,0,0.5,10,9.5,10,rrt_20260807_195914_400.png
20260807_195915_189,2026-08-07 19:59:15,True,849,105,16.5,34,0.5,0.3,0.3,0,0.5,10,9.5,10,rrt_20260807_195915_189.png
20260807_195916_473,2026-08-07 19:59:16,True,2063,167,19.0,39,0.5,0.3,0.3,0,0.5,10,9.5,10,rrt_20260807_195916_473.png
20260807_195920_382,2026-08-07 19:59:20,False,10000,333,0.0,0,0.5,0.3,0.3,0,0.5,10,9.5,10,rrt_20260807_195920_382.png
20260807_195923_864,2026-08-07 19:59:23,False,10000,314,0.0,0,0.5,0.3,0.3,0,0.5,10,9.5,10,rrt_20260807_195923_864.png
20260807_195926_667,2026-08-07 19:59:26,False,10000,245,0.0,0,0.5,0.3,0.3,0,0.5,10,9.5,10,rrt_20260807_195926_667.png
20260807_195927_442,2026-08-07 19:59:27,True,991,122,17.0,35,0.5,0.3,0.3,0,0.5,10,9.5,10,rrt_20260807_195927_442.png
20260807_195928_157,2026-08-07 19:59:28,True,1021,109,17.5,36,0.5,0.3,0.3,0,0.5,10,9.5,10,rrt_20260807_195928_157.png
20260807_195931_617,2026-08-07 19:59:31,False,10000,338,0.0,0,0.5,0.3,0.3,0,0.5,10,9.5,10,rrt_20260807_195931_617.png
20260807_195935_544,2026-08-07 19:59:35,False,10000,307,0.0,0,0.5,0.3,0.3,0,0.5,10,9.5,10,rrt_20260807_195935_544.png
20260807_195939_147,2026-08-07 19:59:39,False,10000,352,0.0,0,0.5,0.3,0.3,0,0.5,10,9.5,10,rrt_20260807_195939_147.png
20260807_195940_660,2026-08-07 19:59:40,True,3446,184,21.0,43,0.5,0.3,0.3,0,0.5,10,9.5,10,rrt_20260807_195940_660.png
20260807_195943_573,2026-08-07 19:59:43,False,10000,252,0.0,0,0.5,0.3,0.3,0,0.5,10,9.5,10,rrt_20260807_195943_573.png
20260807_195944_362,2026-08-07 19:59:44,True,1061,110,18.0,37,0.5,0.3,0.3,0,0.5,10,9.5,10,rrt_20260807_195944_362.png
20260807_195945_162,2026-08-07 19:59:45,True,1809,138,17.0,35,0.5,0.3,0.3,0,0.5,10,9.5,10,rrt_20260807_195945_162.png
20260807_195945_986,2026-08-07 19:59:45,True,1326,143,17.844216138800213,37,0.5,0.3,0.3,0,0.5,10,9.5,10,rrt_20260807_195945_986.png
20260807_195946_892,2026-08-07 19:59:46,True,2333,148,18.0,37,0.5,0.3,0.3,0,0.5,10,9.5,10,rrt_20260807_195946_892.png
20260807_195950_537,2026-08-07 19:59:50,False,10000,338,0.0,0,0.5,0.3,0.3,0,0.5,10,9.5,10,rrt_20260807_195950_537.png
20260807_195951_718,2026-08-07 19:59:51,True,842,88,16.5,34,0.5,0.3,0.3,0,0.5,10,9.5,10,rrt_20260807_195951_718.png
20260807_195952_442,2026-08-07 19:59:52,True,998,112,19.0,39,0.5,0.3,0.3,0,0.5,10,9.5,10,rrt_20260807_195952_442.png
20260807_195956_165,2026-08-07 19:59:56,False,10000,312,0.0,0,0.5,0.3,0.3,0,0.5,10,9.5,10,rrt_20260807_195956_165.png
20260807_195957_199,2026-08-07 19:59:57,True,2106,166,19.0,39,0.5,0.3,0.3,0,0.5,10,9.5,10,rrt_20260807_195957_199.png
20260807_200000_836,2026-08-07 20:00:00,False,10000,347,0.0,0,0.5,0.3,0.3,0,0.5,10,9.5,10,rrt_20260807_200000_836.png
20260807_200001_753,2026-08-07 20:00:01,True,1642,153,19.5,40,0.5,0.3,0.3,0,0.5,10,9.5,10,rrt_20260807_200001_753.png
20260807_200002_803,2026-08-07 20:00:02,True,2799,155,20.842287297789742,43,0.5,0.3,0.3,0,0.5,10,9.5,10,rrt_20260807_200002_803.png
20260807_200003_763,2026-08-07 20:00:03,True,2565,158,19.0,39,0.5,0.3,0.3,0,0.5,10,9.5,10,rrt_20260807_200003_763.png
20260807_200007_539,2026-08-07 20:00:07,False,10000,351,0.0,0,0.5,0.3,0.3,0,0.5,10,9.5,10,rrt_20260807_200007_539.png
20260807_200011_793,2026-08-07 20:00:11,False,10000,351,0.0,0,0.5,0.3,0.3,0,0.5,10,9.5,10,rrt_20260807_200011_793.png
20260807_200014_309,2026-08-07 20:00:14,False,10000,199,0.0,0,0.5,0.3,0.3,0,0.5,10,9.5,10,rrt_20260807_200014_309.png
20260807_200015_530,2026-08-07 20:00:15,True,1456,145,18.34461857837548,38,0.5,0.3,0.3,0,0.5,10,9.5,10,rrt_20260807_200015_530.png
20260807_200017_040,2026-08-07 20:00:17,True,4403,230,21.39337538795784,44,0.5,0.3,0.3,0,0.5,10,9.5,10,rrt_20260807_200017_040.png
20260807_200020_498,2026-08-07 20:00:20,False,10000,336,0.0,0,0.5,0.3,0.3,0,0.5,10,9.5,10,rrt_20260807_200020_498.png
20260807_200021_454,2026-08-07 20:00:21,True,1650,110,18.40360152751205,38,0.5,0.3,0.3,0,0.5,10,9.5,10,rrt_20260807_200021_454.png
20260807_200022_490,2026-08-07 20:00:22,True,990,116,17.5,36,0.5,0.3,0.3,0,0.5,10,9.5,10,rrt_20260807_200022_490.png
20260807_200026_591,2026-08-07 20:00:26,False,10000,394,0.0,0,0.5,0.3,0.3,0,0.5,10,9.5,10,rrt_20260807_200026_591.png
20260807_200027_408,2026-08-07 20:00:27,True,1127,118,16.5,34,0.5,0.3,0.3,0,0.5,10,9.5,10,rrt_20260807_200027_408.png
20260807_200029_121,2026-08-07 20:00:29,True,5074,250,18.432943907121608,38,0.5,0.3,0.3,0,0.5,10,9.5,10,rrt_20260807_200029_121.png
20260807_200033_500,2026-08-07 20:00:33,False,10000,439,0.0,0,0.5,0.4,0.3,0,0.5,10,9.5,10,rrt_20260807_200033_500.png
20260807_200034_825,2026-08-07 20:00:34,True,2064,143,18.0,37,0.5,0.4,0.3,0,0.5,10,9.5,10,rrt_20260807_200034_825.png
20260807_200035_554,2026-08-07 20:00:35,True,1008,125,19.97654596138089,41,0.5,0.4,0.3,0,0.5,10,9.5,10,rrt_20260807_200035_554.png
20260807_200036_392,2026-08-07 20:00:36,True,1515,163,17.33802269715943,37,0.5,0.4,0.3,0,0.5,10,9.5,10,rrt_20260807_200036_392.png
20260807_200039_421,2026-08-07 20:00:39,False,10000,280,0.0,0,0.5,0.4,0.3,0,0.5,10,9.5,10,rrt_20260807_200039_421.png
20260807_200043_580,2026-08-07 20:00:43,False,10000,391,0.0,0,0.5,0.4,0.3,0,0.5,10,9.5,10,rrt_20260807_200043_580.png
20260807_200047_726,2026-08-07 20:00:47,False,10000,393,0.0,0,0.5,0.4,0.3,0,0.5,10,9.5,10,rrt_20260807_200047_726.png
20260807_200048_555,2026-08-07 20:00:48,True,1344,120,18.5,38,0.5,0.4,0.3,0,0.5,10,9.5,10,rrt_20260807_200048_555.png
20260807_200049_218,2026-08-07 20:00:49,True,471,87,18.0,37,0.5,0.4,0.3,0,0.5,10,9.5,10,rrt_20260807_200049_218.png
20260807_200050_470,2026-08-07 20:00:50,True,2304,181,21.695357376434853,45,0.5,0.4,0.3,0,0.5,10,9.5,10,rrt_20260807_200050_470.png
20260807_200054_932,2026-08-07 20:00:54,False,10000,387,0.0,0,0.5,0.4,0.3,0,0.5,10,9.5,10,rrt_20260807_200054_932.png
20260807_200055_806,2026-08-07 20:00:55,True,911,115,18.5,38,0.5,0.4,0.3,0,0.5,10,9.5,10,rrt_20260807_200055_806.png
20260807_200059_413,2026-08-07 20:00:59,False,10000,338,0.0,0,0.5,0.4,0.3,0,0.5,10,9.5,10,rrt_20260807_200059_413.png
20260807_200100_215,2026-08-07 20:01:00,True,1147,101,18.0,37,0.5,0.4,0.3,0,0.5,10,9.5,10,rrt_20260807_200100_215.png
20260807_200103_314,2026-08-07 20:01:03,False,10000,305,0.0,0,0.5,0.4,0.3,0,0.5,10,9.5,10,rrt_20260807_200103_314.png
20260807_200107_509,2026-08-07 20:01:07,False,10000,422,0.0,0,0.5,0.4,0.3,0,0.5,10,9.5,10,rrt_20260807_200107_509.png
20260807_200108_589,2026-08-07 20:01:08,True,2595,186,17.5,36,0.5,0.4,0.3,0,0.5,10,9.5,10,rrt_20260807_200108_589.png
20260807_200109_330,2026-08-07 20:01:09,True,818,133,17.5,36,0.5,0.4,0.3,0,0.5,10,9.5,10,rrt_20260807_200109_330.png
20260807_200113_044,2026-08-07 20:01:13,False,10000,318,0.0,0,0.5,0.4,0.3,0,0.5,10,9.5,10,rrt_20260807_200113_044.png
20260807_200115_013,2026-08-07 20:01:15,True,4409,264,17.5,36,0.5,0.4,0.3,0,0.5,10,9.5,10,rrt_20260807_200115_013.png
20260807_200115_863,2026-08-07 20:01:15,True,1221,154,17.880354041145786,37,0.5,0.4,0.3,0,0.5,10,9.5,10,rrt_20260807_200115_863.png
20260807_200116_639,2026-08-07 20:01:16,True,542,83,18.0,37,0.5,0.4,0.3,0,0.5,10,9.5,10,rrt_20260807_200116_639.png
20260807_200117_372,2026-08-07 20:01:17,True,681,100,16.491753044420687,35,0.5,0.4,0.3,0,0.5,10,9.5,10,rrt_20260807_200117_372.png
20260807_200118_539,2026-08-07 20:01:18,True,2783,232,19.0,39,0.5,0.4,0.3,0,0.5,10,9.5,10,rrt_20260807_200118_539.png
20260807_200119_453,2026-08-07 20:01:19,True,1671,191,17.892883958572387,37,0.5,0.4,0.3,0,0.5,10,9.5,10,rrt_20260807_200119_453.png
20260807_200120_663,2026-08-07 20:01:20,True,1796,149,20.42728616854371,42,0.5,0.4,0.3,0,0.5,10,9.5,10,rrt_20260807_200120_663.png
20260807_200124_754,2026-08-07 20:01:24,False,10000,390,0.0,0,0.5,0.4,0.3,0,0.5,10,9.5,10,rrt_20260807_200124_754.png
20260807_200125_959,2026-08-07 20:01:25,True,1106,136,17.906980682823885,37,0.5,0.4,0.3,0,0.5,10,9.5,10,rrt_20260807_200125_959.png
20260807_200126_951,2026-08-07 20:01:26,True,2039,218,18.991524133437014,39,0.5,0.4,0.3,0,0.5,10,9.5,10,rrt_20260807_200126_951.png
20260807_200130_850,2026-08-07 20:01:30,False,10000,353,0.0,0,0.5,0.4,0.3,0,0.5,10,9.5,10,rrt_20260807_200130_850.png
20260807_200131_874,2026-08-07 20:01:31,True,1841,198,17.88255152225196,37,0.5,0.4,0.3,0,0.5,10,9.5,10,rrt_20260807_200131_874.png
20260807_200132_999,2026-08-07 20:01:32,True,1989,199,18.0,37,0.5,0.4,0.3,0,0.5,10,9.5,10,rrt_20260807_200132_999.png
20260807_200134_407,2026-08-07 20:01:34,True,3051,238,17.5,36,0.5,0.4,0.3,0,0.5,10,9.5,10,rrt_20260807_200134_407.png
20260807_200135_290,2026-08-07 20:01:35,True,1453,187,19.36296487113061,40,0.5,0.4,0.3,0,0.5,10,9.5,10,rrt_20260807_200135_290.png
20260807_200136_059,2026-08-07 20:01:36,True,1119,143,18.0,37,0.5,0.4,0.3,0,0.5,10,9.5,10,rrt_20260807_200136_059.png
20260807_200136_834,2026-08-07 20:01:36,True,1410,147,19.370556125334897,40,0.5,0.4,0.3,0,0.5,10,9.5,10,rrt_20260807_200136_834.png
20260807_200138_125,2026-08-07 20:01:38,True,1901,179,19.0,39,0.5,0.4,0.3,0,0.5,10,9.5,10,rrt_20260807_200138_125.png
20260807_200142_349,2026-08-07 20:01:42,False,10000,427,0.0,0,0.5,0.4,0.3,0,0.5,10,9.5,10,rrt_20260807_200142_349.png
20260807_200145_953,2026-08-07 20:01:45,False,10000,337,0.0,0,0.5,0.4,0.3,0,0.5,10,9.5,10,rrt_20260807_200145_953.png
20260807_200146_992,2026-08-07 20:01:46,True,694,98,17.5,36,0.5,0.4,0.3,0,0.5,10,9.5,10,rrt_20260807_200146_992.png
20260807_200147_951,2026-08-07 20:01:47,True,1553,179,16.732777505392946,35,0.5,0.4,0.3,0,0.5,10,9.5,10,rrt_20260807_200147_951.png
20260807_200148_784,2026-08-07 20:01:48,True,1492,161,18.835620196033958,39,0.5,0.4,0.3,0,0.5,10,9.5,10,rrt_20260807_200148_784.png
20260807_200149_499,2026-08-07 20:01:49,True,657,80,18.39474884844767,38,0.5,0.4,0.3,0,0.5,10,9.5,10,rrt_20260807_200149_499.png
20260807_200150_197,2026-08-07 20:01:50,True,1071,108,20.349876629762978,42,0.5,0.4,0.3,0,0.5,10,9.5,10,rrt_20260807_200150_197.png
20260807_200151_781,2026-08-07 20:01:51,True,3780,277,17.5,36,0.5,0.4,0.3,0,0.5,10,9.5,10,rrt_20260807_200151_781.png
20260807_200153_030,2026-08-07 20:01:53,True,1344,156,17.0,35,0.5,0.4,0.3,0,0.5,10,9.5,10,rrt_20260807_200153_030.png
20260807_200153_784,2026-08-07 20:01:53,True,744,118,18.833699732949658,39,0.5,0.4,0.3,0,0.5,10,9.5,10,rrt_20260807_200153_784.png
20260807_200158_065,2026-08-07 20:01:58,False,10000,423,0.0,0,0.5,0.4,0.3,0,0.5,10,9.5,10,rrt_20260807_200158_065.png
20260807_200201_265,2026-08-07 20:02:01,False,10000,297,0.0,0,0.5,0.4,0.3,0,0.5,10,9.5,10,rrt_20260807_200201_265.png
20260807_200205_404,2026-08-07 20:02:05,False,10000,408,0.0,0,0.5,0.4,0.3,0,0.5,10,9.5,10,rrt_20260807_200205_404.png
20260807_200206_220,2026-08-07 20:02:06,True,1003,112,17.58551418556202,37,0.5,0.4,0.3,0,0.5,10,9.5,10,rrt_20260807_200206_220.png
20260807_200210_123,2026-08-07 20:02:10,False,10000,416,0.0,0,0.5,0.4,0.3,0,0.5,10,9.5,10,rrt_20260807_200210_123.png
20260807_200214_381,2026-08-07 20:02:14,False,10000,435,0.0,0,0.5,0.4,0.3,0,0.5,10,9.5,10,rrt_20260807_200214_381.png
20260807_200218_933,2026-08-07 20:02:18,False,10000,434,0.0,0,0.5,0.4,0.3,0,0.5,10,9.5,10,rrt_20260807_200218_933.png
20260807_200220_537,2026-08-07 20:02:20,True,871,130,16.999999999999996,35,0.5,0.4,0.3,0,0.5,10,9.5,10,rrt_20260807_200220_537.png
20260807_200224_262,2026-08-07 20:02:24,False,10000,381,0.0,0,0.5,0.4,0.3,0,0.5,10,9.5,10,rrt_20260807_200224_262.png
20260807_200228_385,2026-08-07 20:02:28,False,10000,385,0.0,0,0.5,0.4,0.3,0,0.5,10,9.5,10,rrt_20260807_200228_385.png
20260807_200232_686,2026-08-07 20:02:32,False,10000,427,0.0,0,0.5,0.4,0.3,0,0.5,10,9.5,10,rrt_20260807_200232_686.png
20260807_200233_489,2026-08-07 20:02:33,True,530,85,18.0,37,0.5,0.4,0.3,0,0.5,10,9.5,10,rrt_20260807_200233_489.png
20260807_200234_258,2026-08-07 20:02:34,True,1294,147,17.932625724049846,37,0.5,0.4,0.3,0,0.5,10,9.5,10,rrt_20260807_200234_258.png
20260807_200238_139,2026-08-07 20:02:38,False,10000,371,0.0,0,0.5,0.4,0.3,0,0.5,10,9.5,10,rrt_20260807_200238_139.png
20260807_200241_954,2026-08-07 20:02:41,False,10000,381,0.0,0,0.5,0.4,0.3,0,0.5,10,9.5,10,rrt_20260807_200241_954.png
20260807_200242_813,2026-08-07 20:02:42,True,1439,142,16.95744939316035,35,0.5,0.4,0.3,0,0.5,10,9.5,10,rrt_20260807_200242_813.png
20260807_200244_285,2026-08-07 20:02:44,True,1569,166,20.0,41,0.5,0.4,0.3,0,0.5,10,9.5,10,rrt_20260807_200244_285.png
20260807_200248_003,2026-08-07 20:02:48,False,10000,401,0.0,0,0.5,0.4,0.3,0,0.5,10,9.5,10,rrt_20260807_200248_003.png
20260807_200248_950,2026-08-07 20:02:48,True,1191,125,16.499999999999996,34,0.5,0.4,0.3,0,0.5,10,9.5,10,rrt_20260807_200248_950.png
20260807_200252_858,2026-08-07 20:02:52,False,10000,399,0.0,0,0.5,0.4,0.3,0,0.5,10,9.5,10,rrt_20260807_200252_858.png
20260807_200255_995,2026-08-07 20:02:55,False,10000,287,0.0,0,0.5,0.4,0.3,0,0.5,10,9.5,10,rrt_20260807_200255_995.png
20260807_200300_450,2026-08-07 20:03:00,False,10000,422,0.0,0,0.5,0.4,0.3,0,0.5,10,9.5,10,rrt_20260807_200300_450.png
20260807_200302_039,2026-08-07 20:03:02,True,2154,188,18.333521422141477,38,0.5,0.4,0.3,0,0.5,10,9.5,10,rrt_20260807_200302_039.png
20260807_200302_947,2026-08-07 20:03:02,True,1784,160,21.39760285053645,44,0.5,0.4,0.3,0,0.5,10,9.5,10,rrt_20260807_200302_947.png
20260807_200303_712,2026-08-07 20:03:03,True,370,68,17.5,36,0.5,0.4,0.3,0,0.5,10,9.5,10,rrt_20260807_200303_712.png
20260807_200308_246,2026-08-07 20:03:08,False,10000,406,0.0,0,0.5,0.4,0.3,0,0.5,10,9.5,10,rrt_20260807_200308_246.png
20260807_200309_218,2026-08-07 20:03:09,True,1290,176,18.5,38,0.5,0.4,0.3,0,0.5,10,9.5,10,rrt_20260807_200309_218.png
20260807_200310_109,2026-08-07 20:03:10,True,1533,177,18.91884358805692,39,0.5,0.4,0.3,0,0.5,10,9.5,10,rrt_20260807_200310_109.png
20260807_200310_903,2026-08-07 20:03:10,True,962,150,18.0,37,0.5,0.4,0.3,0,0.5,10,9.5,10,rrt_20260807_200310_903.png
20260807_200315_198,2026-08-07 20:03:15,False,10000,428,0.0,0,0.5,0.4,0.3,0,0.5,10,9.5,10,rrt_20260807_200315_198.png
20260807_200319_582,2026-08-07 20:03:19,False,10000,417,0.0,0,0.5,0.4,0.3,0,0.5,10,9.5,10,rrt_20260807_200319_582.png
20260807_200320_383,2026-08-07 20:03:20,True,511,85,16.5,34,0.5,0.4,0.3,0,0.5,10,9.5,10,rrt_20260807_200320_383.png
20260807_200321_752,2026-08-07 20:03:21,True,3322,264,19.0,39,0.5,0.4,0.3,0,0.5,10,9.5,10,rrt_20260807_200321_752.png
20260807_200322_956,2026-08-07 20:03:22,True,965,100,18.0,37,0.5,0.4,0.3,0,0.5,10,9.5,10,rrt_20260807_200322_956.png
20260807_200327_124,2026-08-07 20:03:27,False,10000,401,0.0,0,0.5,0.4,0.3,0,0.5,10,9.5,10,rrt_20260807_200327_124.png
20260807_200328_200,2026-08-07 20:03:28,True,902,116,19.804336760801004,41,0.5,0.4,0.3,0,0.5,10,9.5,10,rrt_20260807_200328_200.png
20260807_200331_569,2026-08-07 20:03:31,False,10000,296,0.0,0,0.5,0.4,0.3,0,0.5,10,9.5,10,rrt_20260807_200331_569.png
20260807_200332_599,2026-08-07 20:03:32,True,1430,183,18.360773346734998,38,0.5,0.4,0.3,0,0.5,10,9.5,10,rrt_20260807_200332_599.png
20260807_200333_441,2026-08-07 20:03:33,True,998,129,17.5,36,0.5,0.4,0.3,0,0.5,10,9.5,10,rrt_20260807_200333_441.png
20260807_200334_301,2026-08-07 20:03:34,True,807,96,19.808137190605457,41,0.5,0.4,0.3,0,0.5,10,9.5,10,rrt_20260807_200334_301.png
20260807_200335_068,2026-08-07 20:03:35,True,808,96,17.15323210537315,36,0.5,0.4,0.3,0,0.5,10,9.5,10,rrt_20260807_200335_068.png
20260807_200339_289,2026-08-07 20:03:39,False,10000,405,0.0,0,0.5,0.4,0.3,0,0.5,10,9.5,10,rrt_20260807_200339_289.png
20260807_200340_740,2026-08-07 20:03:40,True,2172,186,19.0,39,0.5,0.4,0.3,0,0.5,10,9.5,10,rrt_20260807_200340_740.png
20260807_200344_961,2026-08-07 20:03:44,False,10000,420,0.0,0,0.5,0.4,0.3,0,0.5,10,9.5,10,rrt_20260807_200344_961.png
20260807_200348_995,2026-08-07 20:03:48,False,10000,388,0.0,0,0.5,0.4,0.3,0,0.5,10,9.5,10,rrt_20260807_200348_995.png
20260807_200353_179,2026-08-07 20:03:53,False,10000,417,0.0,0,0.5,0.4,0.3,0,0.5,10,9.5,10,rrt_20260807_200353_179.png
20260807_200357_209,2026-08-07 20:03:57,False,10000,397,0.0,0,0.5,0.4,0.3,0,0.5,10,9.5,10,rrt_20260807_200357_209.png
20260807_200400_459,2026-08-07 20:04:00,False,10000,304,0.0,0,0.5,0.4,0.3,0,0.5,10,9.5,10,rrt_20260807_200400_459.png
20260807_200404_656,2026-08-07 20:04:04,False,10000,408,0.0,0,0.5,0.4,0.3,0,0.5,10,9.5,10,rrt_20260807_200404_656.png
20260807_200408_755,2026-08-07 20:04:08,False,10000,413,0.0,0,0.5,0.4,0.3,0,0.5,10,9.5,10,rrt_20260807_200408_755.png
20260807_200413_202,2026-08-07 20:04:13,False,10000,427,0.0,0,0.5,0.4,0.3,0,0.5,10,9.5,10,rrt_20260807_200413_202.png
20260807_200418_369,2026-08-07 20:04:18,False,10000,403,0.0,0,0.5,0.4,0.3,0,0.5,10,9.5,10,rrt_20260807_200418_369.png
20260807_200422_624,2026-08-07 20:04:22,False,10000,396,0.0,0,0.5,0.4,0.3,0,0.5,10,9.5,10,rrt_20260807_200422_624.png
20260807_200427_467,2026-08-07 20:04:27,False,10000,472,0.0,0,0.5,0.5,0.3,0,0.5,10,9.5,10,rrt_20260807_200427_467.png
20260807_200432_043,2026-08-07 20:04:32,False,10000,451,0.0,0,0.5,0.5,0.3,0,0.5,10,9.5,10,rrt_20260807_200432_043.png
20260807_200433_473,2026-08-07 20:04:33,True,2737,256,19.5,40,0.5,0.5,0.3,0,0.5,10,9.5,10,rrt_20260807_200433_473.png
20260807_200438_268,2026-08-07 20:04:38,False,10000,500,0.0,0,0.5,0.5,0.3,0,0.5,10,9.5,10,rrt_20260807_200438_268.png
20260807_200439_207,2026-08-07 20:04:39,True,1267,165,19.0,39,0.5,0.5,0.3,0,0.5,10,9.5,10,rrt_20260807_200439_207.png
20260807_200443_272,2026-08-07 20:04:43,False,10000,413,0.0,0,0.5,0.5,0.3,0,0.5,10,9.5,10,rrt_20260807_200443_272.png
20260807_200447_956,2026-08-07 20:04:47,False,10000,480,0.0,0,0.5,0.5,0.3,0,0.5,10,9.5,10,rrt_20260807_200447_956.png
20260807_200449_368,2026-08-07 20:04:49,True,1698,168,18.36214042734327,38,0.5,0.5,0.3,0,0.5,10,9.5,10,rrt_20260807_200449_368.png
20260807_200454_115,2026-08-07 20:04:54,False,10000,485,0.0,0,0.5,0.5,0.3,0,0.5,10,9.5,10,rrt_20260807_200454_115.png
20260807_200458_540,2026-08-07 20:04:58,False,10000,434,0.0,0,0.5,0.5,0.3,0,0.5,10,9.5,10,rrt_20260807_200458_540.png
20260807_200459_516,2026-08-07 20:04:59,True,1002,158,17.0,35,0.5,0.5,0.3,0,0.5,10,9.5,10,rrt_20260807_200459_516.png
20260807_200500_211,2026-08-07 20:05:00,True,377,102,17.36573482297842,36,0.5,0.5,0.3,0,0.5,10,9.5,10,rrt_20260807_200500_211.png
20260807_200500_954,2026-08-07 20:05:00,True,913,140,19.39821749688672,40,0.5,0.5,0.3,0,0.5,10,9.5,10,rrt_20260807_200500_954.png
20260807_200505_629,2026-08-07 20:05:05,False,10000,440,0.0,0,0.5,0.5,0.3,0,0.5,10,9.5,10,rrt_20260807_200505_629.png
20260807_200510_031,2026-08-07 20:05:10,False,10000,441,0.0,0,0.5,0.5,0.3,0,0.5,10,9.5,10,rrt_20260807_200510_031.png
20260807_200514_661,2026-08-07 20:05:14,False,10000,462,0.0,0,0.5,0.5,0.3,0,0.5,10,9.5,10,rrt_20260807_200514_661.png
20260807_200515_936,2026-08-07 20:05:15,True,636,115,19.0,39,0.5,0.5,0.3,0,0.5,10,9.5,10,rrt_20260807_200515_936.png
20260807_200519_276,2026-08-07 20:05:19,False,10000,319,0.0,0,0.5,0.5,0.3,0,0.5,10,9.5,10,rrt_20260807_200519_276.png
20260807_200523_637,2026-08-07 20:05:23,False,10000,427,0.0,0,0.5,0.5,0.3,0,0.5,10,9.5,10,rrt_20260807_200523_637.png
20260807_200524_692,2026-08-07 20:05:24,True,1883,194,19.5,40,0.5,0.5,0.3,0,0.5,10,9.5,10,rrt_20260807_200524_692.png
20260807_200529_275,2026-08-07 20:05:29,False,10000,492,0.0,0,0.5,0.5,0.3,0,0.5,10,9.5,10,rrt_20260807_200529_275.png
20260807_200533_535,2026-08-07 20:05:33,False,10000,422,0.0,0,0.5,0.5,0.3,0,0.5,10,9.5,10,rrt_20260807_200533_535.png
20260807_200537_145,2026-08-07 20:05:37,False,10000,356,0.0,0,0.5,0.5,0.3,0,0.5,10,9.5,10,rrt_20260807_200537_145.png
20260807_200537_998,2026-08-07 20:05:37,True,1003,152,18.97155278818412,39,0.5,0.5,0.3,0,0.5,10,9.5,10,rrt_20260807_200537_998.png
20260807_200538_821,2026-08-07 20:05:38,True,1333,171,19.5,40,0.5,0.5,0.3,0,0.5,10,9.5,10,rrt_20260807_200538_821.png
20260807_200540_286,2026-08-07 20:05:40,True,1618,196,19.0,39,0.5,0.5,0.3,0,0.5,10,9.5,10,rrt_20260807_200540_286.png
20260807_200544_942,2026-08-07 20:05:44,False,10000,478,0.0,0,0.5,0.5,0.3,0,0.5,10,9.5,10,rrt_20260807_200544_942.png
20260807_200545_927,2026-08-07 20:05:45,True,550,107,16.971538337283715,35,0.5,0.5,0.3,0,0.5,10,9.5,10,rrt_20260807_200545_927.png
20260807_200546_700,2026-08-07 20:05:46,True,1310,161,18.49975291359493,39,0.5,0.5,0.3,0,0.5,10,9.5,10,rrt_20260807_200546_700.png
20260807_200550_319,2026-08-07 20:05:50,False,10000,362,0.0,0,0.5,0.5,0.3,0,0.5,10,9.5,10,rrt_20260807_200550_319.png
20260807_200554_460,2026-08-07 20:05:54,False,10000,414,0.0,0,0.5,0.5,0.3,0,0.5,10,9.5,10,rrt_20260807_200554_460.png
20260807_200559_195,2026-08-07 20:05:59,False,10000,479,0.0,0,0.5,0.5,0.3,0,0.5,10,9.5,10,rrt_20260807_200559_195.png
20260807_200603_783,2026-08-07 20:06:03,False,10000,494,0.0,0,0.5,0.5,0.3,0,0.5,10,9.5,10,rrt_20260807_200603_783.png
20260807_200608_664,2026-08-07 20:06:08,False,10000,482,0.0,0,0.5,0.5,0.3,0,0.5,10,9.5,10,rrt_20260807_200608_664.png
20260807_200610_140,2026-08-07 20:06:10,True,959,150,18.967011113366677,39,0.5,0.5,0.3,0,0.5,10,9.5,10,rrt_20260807_200610_140.png
20260807_200610_936,2026-08-07 20:06:10,True,871,111,17.479779714036926,36,0.5,0.5,0.3,0,0.5,10,9.5,10,rrt_20260807_200610_936.png
20260807_200611_745,2026-08-07 20:06:11,True,631,124,21.5,44,0.5,0.5,0.3,0,0.5,10,9.5,10,rrt_20260807_200611_745.png
20260807_200616_931,2026-08-07 20:06:16,False,10000,494,0.0,0,0.5,0.5,0.3,0,0.5,10,9.5,10,rrt_20260807_200616_931.png
20260807_200617_919,2026-08-07 20:06:17,True,449,69,17.0,35,0.5,0.5,0.3,0,0.5,10,9.5,10,rrt_20260807_200617_919.png
20260807_200618_706,2026-08-07 20:06:18,True,707,126,18.5,38,0.5,0.5,0.3,0,0.5,10,9.5,10,rrt_20260807_200618_706.png
20260807_200621_819,2026-08-07 20:06:21,False,10000,311,0.0,0,0.5,0.5,0.3,0,0.5,10,9.5,10,rrt_20260807_200621_819.png
20260807_200622_853,2026-08-07 20:06:22,True,1653,214,19.33270272212507,40,0.5,0.5,0.3,0,0.5,10,9.5,10,rrt_20260807_200622_853.png
20260807_200628_027,2026-08-07 20:06:28,False,10000,478,0.0,0,0.5,0.5,0.3,0,0.5,10,9.5,10,rrt_20260807_200628_027.png
20260807_200632_078,2026-08-07 20:06:32,False,10000,368,0.0,0,0.5,0.5,0.3,0,0.5,10,9.5,10,rrt_20260807_200632_078.png
20260807_200632_948,2026-08-07 20:06:32,True,850,142,18.5,38,0.5,0.5,0.3,0,0.5,10,9.5,10,rrt_20260807_200632_948.png
20260807_200636_496,2026-08-07 20:06:36,False,10000,343,0.0,0,0.5,0.5,0.3,0,0.5,10,9.5,10,rrt_20260807_200636_496.png
20260807_200640_524,2026-08-07 20:06:40,False,10000,398,0.0,0,0.5,0.5,0.3,0,0.5,10,9.5,10,rrt_20260807_200640_524.png
20260807_200641_322,2026-08-07 20:06:41,True,400,108,17.627214791492865,37,0.5,0.5,0.3,0,0.5,10,9.5,10,rrt_20260807_200641_322.png
20260807_200645_596,2026-08-07 20:06:45,False,10000,481,0.0,0,0.5,0.5,0.3,0,0.5,10,9.5,10,rrt_20260807_200645_596.png
20260807_200650_214,2026-08-07 20:06:50,False,10000,462,0.0,0,0.5,0.5,0.3,0,0.5,10,9.5,10,rrt_20260807_200650_214.png
20260807_200654_904,2026-08-07 20:06:54,False,10000,475,0.0,0,0.5,0.5,0.3,0,0.5,10,9.5,10,rrt_20260807_200654_904.png
20260807_200656_462,2026-08-07 20:06:56,True,2197,213,17.5,36,0.5,0.5,0.3,0,0.5,10,9.5,10,rrt_20260807_200656_462.png
20260807_200657_250,2026-08-07 20:06:57,True,1253,152,18.235765877159565,39,0.5,0.5,0.3,0,0.5,10,9.5,10,rrt_20260807_200657_250.png
20260807_200701_887,2026-08-07 20:07:01,False,10000,483,0.0,0,0.5,0.5,0.3,0,0.5,10,9.5,10,rrt_20260807_200701_887.png
20260807_200705_651,2026-08-07 20:07:05,False,10000,360,0.0,0,0.5,0.5,0.3,0,0.5,10,9.5,10,rrt_20260807_200705_651.png
20260807_200706_864,2026-08-07 20:07:06,True,1398,194,18.0,37,0.5,0.5,0.3,0,0.5,10,9.5,10,rrt_20260807_200706_864.png
20260807_200707_890,2026-08-07 20:07:07,True,1610,189,17.88400843396394,37,0.5,0.5,0.3,0,0.5,10,9.5,10,rrt_20260807_200707_890.png
20260807_200708_877,2026-08-07 20:07:08,True,2241,187,18.114320399341384,38,0.5,0.5,0.3,0,0.5,10,9.5,10,rrt_20260807_200708_877.png
20260807_200709_588,2026-08-07 20:07:09,True,620,102,17.0,35,0.5,0.5,0.3,0,0.5,10,9.5,10,rrt_20260807_200709_588.png
20260807_200710_347,2026-08-07 20:07:10,True,1111,145,18.41049136605997,38,0.5,0.5,0.3,0,0.5,10,9.5,10,rrt_20260807_200710_347.png
20260807_200711_612,2026-08-07 20:07:11,True,1550,216,17.5,36,0.5,0.5,0.3,0,0.5,10,9.5,10,rrt_20260807_200711_612.png
20260807_200712_509,2026-08-07 20:07:12,True,1321,168,17.30859994183119,37,0.5,0.5,0.3,0,0.5,10,9.5,10,rrt_20260807_200712_509.png
20260807_200717_170,2026-08-07 20:07:17,False,10000,475,0.0,0,0.5,0.5,0.3,0,0.5,10,9.5,10,rrt_20260807_200717_170.png
20260807_200721_981,2026-08-07 20:07:21,False,10000,485,0.0,0,0.5,0.5,0.3,0,0.5,10,9.5,10,rrt_20260807_200721_981.png
20260807_200726_920,2026-08-07 20:07:26,False,10000,534,0.0,0,0.5,0.5,0.3,0,0.5,10,9.5,10,rrt_20260807_200726_920.png
20260807_200727_808,2026-08-07 20:07:27,True,879,151,17.0,35,0.5,0.5,0.3,0,0.5,10,9.5,10,rrt_20260807_200727_808.png
20260807_200732_329,2026-08-07 20:07:32,False,10000,494,0.0,0,0.5,0.5,0.3,0,0.5,10,9.5,10,rrt_20260807_200732_329.png
20260807_200737_087,2026-08-07 20:07:37,False,10000,503,0.0,0,0.5,0.5,0.3,0,0.5,10,9.5,10,rrt_20260807_200737_087.png
20260807_200740_314,2026-08-07 20:07:40,False,10000,292,0.0,0,0.5,0.5,0.3,0,0.5,10,9.5,10,rrt_20260807_200740_314.png
20260807_200741_950,2026-08-07 20:07:41,True,3277,186,17.95168050323643,37,0.5,0.5,0.3,0,0.5,10,9.5,10,rrt_20260807_200741_950.png
20260807_200742_912,2026-08-07 20:07:42,True,1807,160,20.847082887529556,43,0.5,0.5,0.3,0,0.5,10,9.5,10,rrt_20260807_200742_912.png
20260807_200747_432,2026-08-07 20:07:47,False,10000,419,0.0,0,0.5,0.5,0.3,0,0.5,10,9.5,10,rrt_20260807_200747_432.png
20260807_200748_225,2026-08-07 20:07:48,True,489,132,17.5,36,0.5,0.5,0.3,0,0.5,10,9.5,10,rrt_20260807_200748_225.png
20260807_200749_254,2026-08-07 20:07:49,True,2004,165,19.0,39,0.5,0.5,0.3,0,0.5,10,9.5,10,rrt_20260807_200749_254.png
20260807_200753_182,2026-08-07 20:07:53,False,10000,395,0.0,0,0.5,0.5,0.3,0,0.5,10,9.5,10,rrt_20260807_200753_182.png
20260807_200754_001,2026-08-07 20:07:54,True,712,135,19.5,40,0.5,0.5,0.3,0,0.5,10,9.5,10,rrt_20260807_200754_001.png
20260807_200758_367,2026-08-07 20:07:58,False,10000,434,0.0,0,0.5,0.5,0.3,0,0.5,10,9.5,10,rrt_20260807_200758_367.png
20260807_200803_173,2026-08-07 20:08:03,False,10000,477,0.0,0,0.5,0.5,0.3,0,0.5,10,9.5,10,rrt_20260807_200803_173.png
20260807_200804_501,2026-08-07 20:08:04,True,1486,176,22.0,45,0.5,0.5,0.3,0,0.5,10,9.5,10,rrt_20260807_200804_501.png
20260807_200805_434,2026-08-07 20:08:05,True,1597,204,20.5,42,0.5,0.5,0.3,0,0.5,10,9.5,10,rrt_20260807_200805_434.png
20260807_200809_936,2026-08-07 20:08:09,False,10000,460,0.0,0,0.5,0.5,0.3,0,0.5,10,9.5,10,rrt_20260807_200809_936.png
20260807_200811_493,2026-08-07 20:08:11,True,3580,254,23.5,48,0.5,0.5,0.3,0,0.5,10,9.5,10,rrt_20260807_200811_493.png
20260807_200815_922,2026-08-07 20:08:15,False,10000,431,0.0,0,0.5,0.5,0.3,0,0.5,10,9.5,10,rrt_20260807_200815_922.png
20260807_200816_781,2026-08-07 20:08:16,True,902,141,17.0,35,0.5,0.5,0.3,0,0.5,10,9.5,10,rrt_20260807_200816_781.png
20260807_200821_017,2026-08-07 20:08:21,False,10000,427,0.0,0,0.5,0.5,0.3,0,0.5,10,9.5,10,rrt_20260807_200821_017.png
20260807_200821_907,2026-08-07 20:08:21,True,1342,146,18.91771245618104,39,0.5,0.5,0.3,0,0.5,10,9.5,10,rrt_20260807_200821_907.png
20260807_200823_320,2026-08-07 20:08:23,True,2065,226,17.5,36,0.5,0.5,0.3,0,0.5,10,9.5,10,rrt_20260807_200823_320.png
20260807_200824_396,2026-08-07 20:08:24,True,500,122,17.460303068594452,36,0.5,0.5,0.3,0,0.5,10,9.5,10,rrt_20260807_200824_396.png
20260807_200825_232,2026-08-07 20:08:25,True,1627,164,21.5,44,0.5,0.5,0.3,0,0.5,10,9.5,10,rrt_20260807_200825_232.png
20260807_200825_953,2026-08-07 20:08:25,True,725,124,18.999999999999996,39,0.5,0.5,0.3,0,0.5,10,9.5,10,rrt_20260807_200825_953.png
20260807_200826_780,2026-08-07 20:08:26,True,1237,166,19.5,40,0.5,0.5,0.3,0,0.5,10,9.5,10,rrt_20260807_200826_780.png
20260807_200827_879,2026-08-07 20:08:27,True,2190,220,18.163931383040552,38,0.5,0.5,0.3,0,0.5,10,9.5,10,rrt_20260807_200827_879.png
20260807_200832_468,2026-08-07 20:08:32,False,10000,464,0.0,0,0.5,0.5,0.3,0,0.5,10,9.5,10,rrt_20260807_200832_468.png
20260807_200837_496,2026-08-07 20:08:37,False,10000,511,0.0,0,0.5,0.5,0.3,0,0.5,10,9.5,10,rrt_20260807_200837_496.png
20260807_200838_307,2026-08-07 20:08:38,True,567,90,16.689499107835903,35,0.5,0.5,0.3,0,0.5,10,9.5,10,rrt_20260807_200838_307.png
20260807_200839_062,2026-08-07 20:08:39,True,990,164,18.0,37,0.5,0.5,0.3,0,0.5,10,9.5,10,rrt_20260807_200839_062.png
20260807_200840_238,2026-08-07 20:08:40,True,543,100,19.0,39,0.5,0.5,0.3,0,0.5,10,9.5,10,rrt_20260807_200840_238.png
20260807_200841_048,2026-08-07 20:08:41,True,1224,137,17.5,36,0.5,0.5,0.3,0,0.5,10,9.5,10,rrt_20260807_200841_048.png
20260807_200845_608,2026-08-07 20:08:45,False,10000,473,0.0,0,0.5,0.5,0.3,0,0.5,10,9.5,10,rrt_20260807_200845_608.png
20260807_200849_318,2026-08-07 20:08:49,False,10000,361,0.0,0,0.5,0.5,0.3,0,0.5,10,9.5,10,rrt_20260807_200849_318.png
20260807_200854_743,2026-08-07 20:08:54,False,10000,539,0.0,0,0.5,0.6,0.3,0,0.5,10,9.5,10,rrt_20260807_200854_743.png
20260807_200855_831,2026-08-07 20:08:55,True,1601,174,21.972938725169662,46,0.5,0.6,0.3,0,0.5,10,9.5,10,rrt_20260807_200855_831.png
20260807_200900_858,2026-08-07 20:09:00,False,10000,538,0.0,0,0.5,0.6,0.3,0,0.5,10,9.5,10,rrt_20260807_200900_858.png
20260807_200901_861,2026-08-07 20:09:01,True,1557,205,18.624801677432256,39,0.5,0.6,0.3,0,0.5,10,9.5,10,rrt_20260807_200901_861.png
20260807_200906_954,2026-08-07 20:09:06,False,10000,543,0.0,0,0.5,0.6,0.3,0,0.5,10,9.5,10,rrt_20260807_200906_954.png
20260807_200910_944,2026-08-07 20:09:10,False,10000,340,0.0,0,0.5,0.6,0.3,0,0.5,10,9.5,10,rrt_20260807_200910_944.png
20260807_200916_219,2026-08-07 20:09:16,False,10000,561,0.0,0,0.5,0.6,0.3,0,0.5,10,9.5,10,rrt_20260807_200916_219.png
20260807_200917_315,2026-08-07 20:09:17,True,1590,194,17.896949819886853,37,0.5,0.6,0.3,0,0.5,10,9.5,10,rrt_20260807_200917_315.png
20260807_200922_468,2026-08-07 20:09:22,False,10000,556,0.0,0,0.5,0.6,0.3,0,0.5,10,9.5,10,rrt_20260807_200922_468.png
20260807_200926_389,2026-08-07 20:09:26,False,10000,398,0.0,0,0.5,0.6,0.3,0,0.5,10,9.5,10,rrt_20260807_200926_389.png
20260807_200930_408,2026-08-07 20:09:30,False,10000,360,0.0,0,0.5,0.6,0.3,0,0.5,10,9.5,10,rrt_20260807_200930_408.png
20260807_200934_372,2026-08-07 20:09:34,False,10000,403,0.0,0,0.5,0.6,0.3,0,0.5,10,9.5,10,rrt_20260807_200934_372.png
20260807_200939_045,2026-08-07 20:09:39,False,10000,493,0.0,0,0.5,0.6,0.3,0,0.5,10,9.5,10,rrt_20260807_200939_045.png
20260807_200943_837,2026-08-07 20:09:43,False,10000,456,0.0,0,0.5,0.6,0.3,0,0.5,10,9.5,10,rrt_20260807_200943_837.png
20260807_200949_321,2026-08-07 20:09:49,False,10000,492,0.0,0,0.5,0.6,0.3,0,0.5,10,9.5,10,rrt_20260807_200949_321.png
20260807_200951_007,2026-08-07 20:09:51,True,556,111,18.339796069255115,38,0.5,0.6,0.3,0,0.5,10,9.5,10,rrt_20260807_200951_007.png
20260807_200951_966,2026-08-07 20:09:51,True,1563,173,20.324882938011523,42,0.5,0.6,0.3,0,0.5,10,9.5,10,rrt_20260807_200951_966.png
20260807_200952_894,2026-08-07 20:09:52,True,1249,203,21.210952605572626,44,0.5,0.6,0.3,0,0.5,10,9.5,10,rrt_20260807_200952_894.png
20260807_200958_286,2026-08-07 20:09:58,False,10000,576,0.0,0,0.5,0.6,0.3,0,0.5,10,9.5,10,rrt_20260807_200958_286.png
20260807_200959_555,2026-08-07 20:09:59,True,1597,184,21.921503298012297,46,0.5,0.6,0.3,0,0.5,10,9.5,10,rrt_20260807_200959_555.png
20260807_201004_632,2026-08-07 20:10:04,False,10000,534,0.0,0,0.5,0.6,0.3,0,0.5,10,9.5,10,rrt_20260807_201004_632.png
20260807_201006_083,2026-08-07 20:10:06,True,3177,273,20.118851182738403,42,0.5,0.6,0.3,0,0.5,10,9.5,10,rrt_20260807_201006_083.png
20260807_201007_340,2026-08-07 20:10:07,True,538,109,21.5,44,0.5,0.6,0.3,0,0.5,10,9.5,10,rrt_20260807_201007_340.png
20260807_201008_084,2026-08-07 20:10:08,True,915,156,18.382122891460853,38,0.5,0.6,0.3,0,0.5,10,9.5,10,rrt_20260807_201008_084.png
20260807_201008_816,2026-08-07 20:10:08,True,582,127,17.0,35,0.5,0.6,0.3,0,0.5,10,9.5,10,rrt_20260807_201008_816.png
20260807_201013_899,2026-08-07 20:10:13,False,10000,522,0.0,0,0.5,0.6,0.3,0,0.5,10,9.5,10,rrt_20260807_201013_899.png
20260807_201014_847,2026-08-07 20:10:14,True,955,144,19.944095667717164,41,0.5,0.6,0.3,0,0.5,10,9.5,10,rrt_20260807_201014_847.png
20260807_201020_123,2026-08-07 20:10:20,False,10000,561,0.0,0,0.5,0.6,0.3,0,0.5,10,9.5,10,rrt_20260807_201020_123.png
20260807_201021_545,2026-08-07 20:10:21,True,1760,228,19.5,40,0.5,0.6,0.3,0,0.5,10,9.5,10,rrt_20260807_201021_545.png
20260807_201022_239,2026-08-07 20:10:22,True,387,113,19.0,39,0.5,0.6,0.3,0,0.5,10,9.5,10,rrt_20260807_201022_239.png
20260807_201026_049,2026-08-07 20:10:26,False,10000,384,0.0,0,0.5,0.6,0.3,0,0.5,10,9.5,10,rrt_20260807_201026_049.png
20260807_201029_628,2026-08-07 20:10:29,False,10000,332,0.0,0,0.5,0.6,0.3,0,0.5,10,9.5,10,rrt_20260807_201029_628.png
20260807_201030_504,2026-08-07 20:10:30,True,1422,150,18.999999999999996,39,0.5,0.6,0.3,0,0.5,10,9.5,10,rrt_20260807_201030_504.png
20260807_201035_386,2026-08-07 20:10:35,False,10000,549,0.0,0,0.5,0.6,0.3,0,0.5,10,9.5,10,rrt_20260807_201035_386.png
20260807_201036_221,2026-08-07 20:10:36,True,770,143,17.0,35,0.5,0.6,0.3,0,0.5,10,9.5,10,rrt_20260807_201036_221.png
20260807_201036_953,2026-08-07 20:10:36,True,683,140,18.13112469950257,38,0.5,0.6,0.3,0,0.5,10,9.5,10,rrt_20260807_201036_953.png
20260807_201037_670,2026-08-07 20:10:37,True,904,148,17.873069538153374,37,0.5,0.6,0.3,0,0.5,10,9.5,10,rrt_20260807_201037_670.png
20260807_201038_360,2026-08-07 20:10:38,True,630,152,19.0,39,0.5,0.6,0.3,0,0.5,10,9.5,10,rrt_20260807_201038_360.png
20260807_201039_074,2026-08-07 20:10:39,True,670,132,17.453962311803277,36,0.5,0.6,0.3,0,0.5,10,9.5,10,rrt_20260807_201039_074.png
20260807_201039_717,2026-08-07 20:10:39,True,271,94,16.882761884613465,35,0.5,0.6,0.3,0,0.5,10,9.5,10,rrt_20260807_201039_717.png
20260807_201041_070,2026-08-07 20:10:41,True,791,167,18.0,37,0.5,0.6,0.3,0,0.5,10,9.5,10,rrt_20260807_201041_070.png
20260807_201041_774,2026-08-07 20:10:41,True,616,108,18.0,37,0.5,0.6,0.3,0,0.5,10,9.5,10,rrt_20260807_201041_774.png
20260807_201045_587,2026-08-07 20:10:45,False,10000,412,0.0,0,0.5,0.6,0.3,0,0.5,10,9.5,10,rrt_20260807_201045_587.png
20260807_201049_767,2026-08-07 20:10:49,False,10000,416,0.0,0,0.5,0.6,0.3,0,0.5,10,9.5,10,rrt_20260807_201049_767.png
20260807_201050_816,2026-08-07 20:10:50,True,673,97,16.928673034684532,35,0.5,0.6,0.3,0,0.5,10,9.5,10,rrt_20260807_201050_816.png
20260807_201055_028,2026-08-07 20:10:55,False,10000,442,0.0,0,0.5,0.6,0.3,0,0.5,10,9.5,10,rrt_20260807_201055_028.png
20260807_201059_976,2026-08-07 20:10:59,False,10000,490,0.0,0,0.5,0.6,0.3,0,0.5,10,9.5,10,rrt_20260807_201059_976.png
20260807_201101_015,2026-08-07 20:11:01,True,1579,204,19.899663074541035,41,0.5,0.6,0.3,0,0.5,10,9.5,10,rrt_20260807_201101_015.png
20260807_201105_873,2026-08-07 20:11:05,False,10000,516,0.0,0,0.5,0.6,0.3,0,0.5,10,9.5,10,rrt_20260807_201105_873.png
20260807_201106_936,2026-08-07 20:11:06,True,491,112,18.411660636107143,38,0.5,0.6,0.3,0,0.5,10,9.5,10,rrt_20260807_201106_936.png
20260807_201111_952,2026-08-07 20:11:11,False,10000,560,0.0,0,0.5,0.6,0.3,0,0.5,10,9.5,10,rrt_20260807_201111_952.png
20260807_201112_965,2026-08-07 20:11:12,True,969,159,19.0,39,0.5,0.6,0.3,0,0.5,10,9.5,10,rrt_20260807_201112_965.png
20260807_201113_749,2026-08-07 20:11:13,True,749,133,19.5,40,0.5,0.6,0.3,0,0.5,10,9.5,10,rrt_20260807_201113_749.png
20260807_201114_454,2026-08-07 20:11:14,True,899,133,21.0,43,0.5,0.6,0.3,0,0.5,10,9.5,10,rrt_20260807_201114_454.png
20260807_201115_141,2026-08-07 20:11:15,True,397,90,18.5,38,0.5,0.6,0.3,0,0.5,10,9.5,10,rrt_20260807_201115_141.png
20260807_201115_876,2026-08-07 20:11:15,True,831,145,18.0,37,0.5,0.6,0.3,0,0.5,10,9.5,10,rrt_20260807_201115_876.png
20260807_201119_747,2026-08-07 20:11:19,False,10000,412,0.0,0,0.5,0.6,0.3,0,0.5,10,9.5,10,rrt_20260807_201119_747.png
20260807_201120_609,2026-08-07 20:11:20,True,1117,139,19.387222273850657,40,0.5,0.6,0.3,0,0.5,10,9.5,10,rrt_20260807_201120_609.png
20260807_201126_169,2026-08-07 20:11:26,False,10000,545,0.0,0,0.5,0.6,0.3,0,0.5,10,9.5,10,rrt_20260807_201126_169.png
20260807_201130_250,2026-08-07 20:11:30,False,10000,391,0.0,0,0.5,0.6,0.3,0,0.5,10,9.5,10,rrt_20260807_201130_250.png
20260807_201134_117,2026-08-07 20:11:34,False,10000,390,0.0,0,0.5,0.6,0.3,0,0.5,10,9.5,10,rrt_20260807_201134_117.png
20260807_201134_948,2026-08-07 20:11:34,True,973,167,17.79577951630307,37,0.5,0.6,0.3,0,0.5,10,9.5,10,rrt_20260807_201134_948.png
20260807_201138_747,2026-08-07 20:11:38,False,10000,400,0.0,0,0.5,0.6,0.3,0,0.5,10,9.5,10,rrt_20260807_201138_747.png
20260807_201139_671,2026-08-07 20:11:39,True,1383,190,18.0,37,0.5,0.6,0.3,0,0.5,10,9.5,10,rrt_20260807_201139_671.png
20260807_201143_573,2026-08-07 20:11:43,False,10000,410,0.0,0,0.5,0.6,0.3,0,0.5,10,9.5,10,rrt_20260807_201143_573.png
20260807_201144_573,2026-08-07 20:11:44,True,1307,180,21.5,44,0.5,0.6,0.3,0,0.5,10,9.5,10,rrt_20260807_201144_573.png
20260807_201145_280,2026-08-07 20:11:45,True,401,117,17.0,35,0.5,0.6,0.3,0,0.5,10,9.5,10,rrt_20260807_201145_280.png
20260807_201146_755,2026-08-07 20:11:46,True,2140,243,18.0,37,0.5,0.6,0.3,0,0.5,10,9.5,10,rrt_20260807_201146_755.png
20260807_201151_585,2026-08-07 20:11:51,False,10000,559,0.0,0,0.5,0.6,0.3,0,0.5,10,9.5,10,rrt_20260807_201151_585.png
20260807_201152_430,2026-08-07 20:11:52,True,782,151,17.5,36,0.5,0.6,0.3,0,0.5,10,9.5,10,rrt_20260807_201152_430.png
20260807_201153_306,2026-08-07 20:11:53,True,1019,136,18.399349616253065,38,0.5,0.6,0.3,0,0.5,10,9.5,10,rrt_20260807_201153_306.png
20260807_201158_512,2026-08-07 20:11:58,False,10000,544,0.0,0,0.5,0.6,0.3,0,0.5,10,9.5,10,rrt_20260807_201158_512.png
20260807_201159_895,2026-08-07 20:11:59,True,2183,273,17.5,36,0.5,0.6,0.3,0,0.5,10,9.5,10,rrt_20260807_201159_895.png
20260807_201205_633,2026-08-07 20:12:05,False,10000,566,0.0,0,0.5,0.6,0.3,0,0.5,10,9.5,10,rrt_20260807_201205_633.png
20260807_201210_811,2026-08-07 20:12:10,False,10000,534,0.0,0,0.5,0.6,0.3,0,0.5,10,9.5,10,rrt_20260807_201210_811.png
20260807_201211_741,2026-08-07 20:12:11,True,1466,154,20.5,42,0.5,0.6,0.3,0,0.5,10,9.5,10,rrt_20260807_201211_741.png
20260807_201212_828,2026-08-07 20:12:12,True,1094,156,19.5,40,0.5,0.6,0.3,0,0.5,10,9.5,10,rrt_20260807_201212_828.png
20260807_201213_733,2026-08-07 20:12:13,True,1516,148,20.5,42,0.5,0.6,0.3,0,0.5,10,9.5,10,rrt_20260807_201213_733.png
20260807_201218_801,2026-08-07 20:12:18,False,10000,559,0.0,0,0.5,0.6,0.3,0,0.5,10,9.5,10,rrt_20260807_201218_801.png
20260807_201219_681,2026-08-07 20:12:19,True,1052,177,20.958286432811185,43,0.5,0.6,0.3,0,0.5,10,9.5,10,rrt_20260807_201219_681.png
20260807_201220_446,2026-08-07 20:12:20,True,1085,164,19.31424086833192,40,0.5,0.6,0.3,0,0.5,10,9.5,10,rrt_20260807_201220_446.png
20260807_201221_251,2026-08-07 20:12:21,True,783,155,18.5,38,0.5,0.6,0.3,0,0.5,10,9.5,10,rrt_20260807_201221_251.png
20260807_201222_140,2026-08-07 20:12:22,True,1298,171,18.0,37,0.5,0.6,0.3,0,0.5,10,9.5,10,rrt_20260807_201222_140.png
20260807_201227_532,2026-08-07 20:12:27,False,10000,546,0.0,0,0.5,0.6,0.3,0,0.5,10,9.5,10,rrt_20260807_201227_532.png
20260807_201232_853,2026-08-07 20:12:32,False,10000,541,0.0,0,0.5,0.6,0.3,0,0.5,10,9.5,10,rrt_20260807_201232_853.png
20260807_201233_684,2026-08-07 20:12:33,True,730,149,17.962225207273125,37,0.5,0.6,0.3,0,0.5,10,9.5,10,rrt_20260807_201233_684.png
20260807_201238_744,2026-08-07 20:12:38,False,10000,552,0.0,0,0.5,0.6,0.3,0,0.5,10,9.5,10,rrt_20260807_201238_744.png
20260807_201239_537,2026-08-07 20:12:39,True,554,128,16.625790401555392,35,0.5,0.6,0.3,0,0.5,10,9.5,10,rrt_20260807_201239_537.png
20260807_201240_662,2026-08-07 20:12:40,True,2445,203,20.287201910076096,42,0.5,0.6,0.3,0,0.5,10,9.5,10,rrt_20260807_201240_662.png
20260807_201245_740,2026-08-07 20:12:45,False,10000,547,0.0,0,0.5,0.6,0.3,0,0.5,10,9.5,10,rrt_20260807_201245_740.png
20260807_201246_564,2026-08-07 20:12:46,True,640,119,18.0,37,0.5,0.6,0.3,0,0.5,10,9.5,10,rrt_20260807_201246_564.png
20260807_201247_241,2026-08-07 20:12:47,True,444,79,17.363642505994708,36,0.5,0.6,0.3,0,0.5,10,9.5,10,rrt_20260807_201247_241.png
20260807_201252_223,2026-08-07 20:12:52,False,10000,528,0.0,0,0.5,0.6,0.3,0,0.5,10,9.5,10,rrt_20260807_201252_223.png
20260807_201257_721,2026-08-07 20:12:57,False,10000,578,0.0,0,0.5,0.6,0.3,0,0.5,10,9.5,10,rrt_20260807_201257_721.png
20260807_201258_688,2026-08-07 20:12:58,True,363,87,19.5,40,0.5,0.6,0.3,0,0.5,10,9.5,10,rrt_20260807_201258_688.png
20260807_201303_851,2026-08-07 20:13:03,False,10000,561,0.0,0,0.5,0.6,0.3,0,0.5,10,9.5,10,rrt_20260807_201303_851.png
20260807_201304_734,2026-08-07 20:13:04,True,690,141,19.30490422581248,40,0.5,0.6,0.3,0,0.5,10,9.5,10,rrt_20260807_201304_734.png
20260807_201305_408,2026-08-07 20:13:05,True,408,111,17.5,36,0.5,0.6,0.3,0,0.5,10,9.5,10,rrt_20260807_201305_408.png
20260807_201310_501,2026-08-07 20:13:10,False,10000,561,0.0,0,0.5,0.6,0.3,0,0.5,10,9.5,10,rrt_20260807_201310_501.png
20260807_201311_722,2026-08-07 20:13:11,True,2702,209,18.5,38,0.5,0.6,0.3,0,0.5,10,9.5,10,rrt_20260807_201311_722.png
20260807_201312_668,2026-08-07 20:13:12,True,1616,219,16.5,34,0.5,0.7,0.3,0,0.5,10,9.5,10,rrt_20260807_201312_668.png
20260807_201317_383,2026-08-07 20:13:17,False,10000,447,0.0,0,0.5,0.7,0.3,0,0.5,10,9.5,10,rrt_20260807_201317_383.png
20260807_201318_614,2026-08-07 20:13:18,True,1012,164,17.5,36,0.5,0.7,0.3,0,0.5,10,9.5,10,rrt_20260807_201318_614.png
20260807_201319_550,2026-08-07 20:13:19,True,1271,173,19.78379365720187,41,0.5,0.7,0.3,0,0.5,10,9.5,10,rrt_20260807_201319_550.png
20260807_201320_316,2026-08-07 20:13:20,True,909,184,17.643730003001767,37,0.5,0.7,0.3,0,0.5,10,9.5,10,rrt_20260807_201320_316.png
20260807_201325_731,2026-08-07 20:13:25,False,10000,586,0.0,0,0.5,0.7,0.3,0,0.5,10,9.5,10,rrt_20260807_201325_731.png
20260807_201330_236,2026-08-07 20:13:30,False,10000,468,0.0,0,0.5,0.7,0.3,0,0.5,10,9.5,10,rrt_20260807_201330_236.png
20260807_201334_701,2026-08-07 20:13:34,False,10000,449,0.0,0,0.5,0.7,0.3,0,0.5,10,9.5,10,rrt_20260807_201334_701.png
20260807_201335_698,2026-08-07 20:13:35,True,1261,220,17.223362701988187,36,0.5,0.7,0.3,0,0.5,10,9.5,10,rrt_20260807_201335_698.png
20260807_201336_375,2026-08-07 20:13:36,True,418,109,16.939736728343757,35,0.5,0.7,0.3,0,0.5,10,9.5,10,rrt_20260807_201336_375.png
20260807_201340_385,2026-08-07 20:13:40,False,10000,441,0.0,0,0.5,0.7,0.3,0,0.5,10,9.5,10,rrt_20260807_201340_385.png
20260807_201341_598,2026-08-07 20:13:41,True,441,140,18.0,37,0.5,0.7,0.3,0,0.5,10,9.5,10,rrt_20260807_201341_598.png
20260807_201342_291,2026-08-07 20:13:42,True,513,119,17.5,36,0.5,0.7,0.3,0,0.5,10,9.5,10,rrt_20260807_201342_291.png
20260807_201342_978,2026-08-07 20:13:42,True,431,116,17.761213454299963,37,0.5,0.7,0.3,0,0.5,10,9.5,10,rrt_20260807_201342_978.png
20260807_201343_695,2026-08-07 20:13:43,True,855,154,18.84384201084558,39,0.5,0.7,0.3,0,0.5,10,9.5,10,rrt_20260807_201343_695.png
20260807_201344_613,2026-08-07 20:13:44,True,1417,241,17.282809393043202,36,0.5,0.7,0.3,0,0.5,10,9.5,10,rrt_20260807_201344_613.png
20260807_201345_326,2026-08-07 20:13:45,True,601,156,19.915541737018135,41,0.5,0.7,0.3,0,0.5,10,9.5,10,rrt_20260807_201345_326.png
20260807_201346_297,2026-08-07 20:13:46,True,559,144,17.0,35,0.5,0.7,0.3,0,0.5,10,9.5,10,rrt_20260807_201346_297.png
20260807_201351_936,2026-08-07 20:13:51,False,10000,619,0.0,0,0.5,0.7,0.3,0,0.5,10,9.5,10,rrt_20260807_201351_936.png
20260807_201352_893,2026-08-07 20:13:52,True,1029,161,19.01915884737844,40,0.5,0.7,0.3,0,0.5,10,9.5,10,rrt_20260807_201352_893.png
20260807_201359_157,2026-08-07 20:13:59,False,10000,643,0.0,0,0.5,0.7,0.3,0,0.5,10,9.5,10,rrt_20260807_201359_157.png
20260807_201400_002,2026-08-07 20:14:00,True,356,97,19.5,40,0.5,0.7,0.3,0,0.5,10,9.5,10,rrt_20260807_201400_002.png
20260807_201405_473,2026-08-07 20:14:05,False,10000,623,0.0,0,0.5,0.7,0.3,0,0.5,10,9.5,10,rrt_20260807_201405_473.png
20260807_201410_937,2026-08-07 20:14:10,False,10000,611,0.0,0,0.5,0.7,0.3,0,0.5,10,9.5,10,rrt_20260807_201410_937.png
20260807_201416_840,2026-08-07 20:14:16,False,10000,672,0.0,0,0.5,0.7,0.3,0,0.5,10,9.5,10,rrt_20260807_201416_840.png
20260807_201418_523,2026-08-07 20:14:18,True,3144,325,17.30635777324394,36,0.5,0.7,0.3,0,0.5,10,9.5,10,rrt_20260807_201418_523.png
20260807_201422_172,2026-08-07 20:14:22,False,10000,368,0.0,0,0.5,0.7,0.3,0,0.5,10,9.5,10,rrt_20260807_201422_172.png
20260807_201426_321,2026-08-07 20:14:26,False,10000,432,0.0,0,0.5,0.7,0.3,0,0.5,10,9.5,10,rrt_20260807_201426_321.png
20260807_201430_771,2026-08-07 20:14:30,False,10000,487,0.0,0,0.5,0.7,0.3,0,0.5,10,9.5,10,rrt_20260807_201430_771.png
20260807_201432_158,2026-08-07 20:14:32,True,1307,182,19.35657085802753,40,0.5,0.7,0.3,0,0.5,10,9.5,10,rrt_20260807_201432_158.png
20260807_201437_430,2026-08-07 20:14:37,False,10000,604,0.0,0,0.5,0.7,0.3,0,0.5,10,9.5,10,rrt_20260807_201437_430.png
20260807_201443_309,2026-08-07 20:14:43,False,10000,625,0.0,0,0.5,0.7,0.3,0,0.5,10,9.5,10,rrt_20260807_201443_309.png
20260807_201444_881,2026-08-07 20:14:44,True,2140,249,20.0,41,0.5,0.7,0.3,0,0.5,10,9.5,10,rrt_20260807_201444_881.png
20260807_201450_396,2026-08-07 20:14:50,False,10000,577,0.0,0,0.5,0.7,0.3,0,0.5,10,9.5,10,rrt_20260807_201450_396.png
20260807_201451_381,2026-08-07 20:14:51,True,1336,209,19.0,39,0.5,0.7,0.3,0,0.5,10,9.5,10,rrt_20260807_201451_381.png
20260807_201455_457,2026-08-07 20:14:55,False,10000,441,0.0,0,0.5,0.7,0.3,0,0.5,10,9.5,10,rrt_20260807_201455_457.png
20260807_201500_295,2026-08-07 20:15:00,False,10000,530,0.0,0,0.5,0.7,0.3,0,0.5,10,9.5,10,rrt_20260807_201500_295.png
20260807_201505_686,2026-08-07 20:15:05,False,10000,596,0.0,0,0.5,0.7,0.3,0,0.5,10,9.5,10,rrt_20260807_201505_686.png
20260807_201507_389,2026-08-07 20:15:07,True,1185,179,19.0,39,0.5,0.7,0.3,0,0.5,10,9.5,10,rrt_20260807_201507_389.png
20260807_201508_218,2026-08-07 20:15:08,True,865,174,18.5,38,0.5,0.7,0.3,0,0.5,10,9.5,10,rrt_20260807_201508_218.png
20260807_201513_671,2026-08-07 20:15:13,False,10000,601,0.0,0,0.5,0.7,0.3,0,0.5,10,9.5,10,rrt_20260807_201513_671.png
20260807_201514_516,2026-08-07 20:15:14,True,535,101,20.210621039170466,42,0.5,0.7,0.3,0,0.5,10,9.5,10,rrt_20260807_201514_516.png
20260807_201520_095,2026-08-07 20:15:20,False,10000,619,0.0,0,0.5,0.7,0.3,0,0.5,10,9.5,10,rrt_20260807_201520_095.png
20260807_201520_922,2026-08-07 20:15:20,True,838,143,18.5,38,0.5,0.7,0.3,0,0.5,10,9.5,10,rrt_20260807_201520_922.png
20260807_201521_607,2026-08-07 20:15:21,True,449,120,18.984094175944747,39,0.5,0.7,0.3,0,0.5,10,9.5,10,rrt_20260807_201521_607.png
20260807_201522_316,2026-08-07 20:15:22,True,523,124,19.816329416730436,41,0.5,0.7,0.3,0,0.5,10,9.5,10,rrt_20260807_201522_316.png
20260807_201523_520,2026-08-07 20:15:23,True,1231,173,18.57424604149572,39,0.5,0.7,0.3,0,0.5,10,9.5,10,rrt_20260807_201523_520.png
20260807_201524_553,2026-08-07 20:15:24,True,449,135,17.26673380407155,36,0.5,0.7,0.3,0,0.5,10,9.5,10,rrt_20260807_201524_553.png
20260807_201525_340,2026-08-07 20:15:25,True,779,166,20.33240858991999,42,0.5,0.7,0.3,0,0.5,10,9.5,10,rrt_20260807_201525_340.png
20260807_201525_994,2026-08-07 20:15:25,True,361,117,17.780896146217327,37,0.5,0.7,0.3,0,0.5,10,9.5,10,rrt_20260807_201525_994.png
20260807_201526_710,2026-08-07 20:15:26,True,445,140,17.846692816887554,37,0.5,0.7,0.3,0,0.5,10,9.5,10,rrt_20260807_201526_710.png
20260807_201527_353,2026-08-07 20:15:27,True,288,84,18.331141202296727,38,0.5,0.7,0.3,0,0.5,10,9.5,10,rrt_20260807_201527_353.png
20260807_201528_401,2026-08-07 20:15:28,True,1842,226,18.5,38,0.5,0.7,0.3,0,0.5,10,9.5,10,rrt_20260807_201528_401.png
20260807_201531_920,2026-08-07 20:15:31,False,10000,350,0.0,0,0.5,0.7,0.3,0,0.5,10,9.5,10,rrt_20260807_201531_920.png
20260807_201532_759,2026-08-07 20:15:32,True,504,129,18.0,37,0.5,0.7,0.3,0,0.5,10,9.5,10,rrt_20260807_201532_759.png
20260807_201534_219,2026-08-07 20:15:34,True,1941,234,19.0,39,0.5,0.7,0.3,0,0.5,10,9.5,10,rrt_20260807_201534_219.png
20260807_201535_131,2026-08-07 20:15:35,True,300,109,16.5,34,0.5,0.7,0.3,0,0.5,10,9.5,10,rrt_20260807_201535_131.png
20260807_201538_977,2026-08-07 20:15:38,False,10000,401,0.0,0,0.5,0.7,0.3,0,0.5,10,9.5,10,rrt_20260807_201538_977.png
20260807_201539_797,2026-08-07 20:15:39,True,386,128,18.70526710314869,39,0.5,0.7,0.3,0,0.5,10,9.5,10,rrt_20260807_201539_797.png
20260807_201540_523,2026-08-07 20:15:40,True,829,159,17.905253323365702,37,0.5,0.7,0.3,0,0.5,10,9.5,10,rrt_20260807_201540_523.png
20260807_201541_231,2026-08-07 20:15:41,True,810,139,17.0,35,0.5,0.7,0.3,0,0.5,10,9.5,10,rrt_20260807_201541_231.png
20260807_201546_304,2026-08-07 20:15:46,False,10000,539,0.0,0,0.5,0.7,0.3,0,0.5,10,9.5,10,rrt_20260807_201546_304.png
20260807_201547_095,2026-08-07 20:15:47,True,499,135,17.5,36,0.5,0.7,0.3,0,0.5,10,9.5,10,rrt_20260807_201547_095.png
20260807_201552_904,2026-08-07 20:15:52,False,10000,633,0.0,0,0.5,0.7,0.3,0,0.5,10,9.5,10,rrt_20260807_201552_904.png
20260807_201557_288,2026-08-07 20:15:57,False,10000,385,0.0,0,0.5,0.7,0.3,0,0.5,10,9.5,10,rrt_20260807_201557_288.png
20260807_201603_119,2026-08-07 20:16:03,False,10000,607,0.0,0,0.5,0.7,0.3,0,0.5,10,9.5,10,rrt_20260807_201603_119.png
20260807_201607_793,2026-08-07 20:16:07,False,10000,468,0.0,0,0.5,0.7,0.3,0,0.5,10,9.5,10,rrt_20260807_201607_793.png
20260807_201612_846,2026-08-07 20:16:12,False,10000,522,0.0,0,0.5,0.7,0.3,0,0.5,10,9.5,10,rrt_20260807_201612_846.png
20260807_201618_596,2026-08-07 20:16:18,False,10000,634,0.0,0,0.5,0.7,0.3,0,0.5,10,9.5,10,rrt_20260807_201618_596.png
20260807_201619_556,2026-08-07 20:16:19,True,458,144,16.837969300322328,35,0.5,0.7,0.3,0,0.5,10,9.5,10,rrt_20260807_201619_556.png
20260807_201620_541,2026-08-07 20:16:20,True,1770,224,20.5,42,0.5,0.7,0.3,0,0.5,10,9.5,10,rrt_20260807_201620_541.png
20260807_201621_290,2026-08-07 20:16:21,True,609,125,19.5,40,0.5,0.7,0.3,0,0.5,10,9.5,10,rrt_20260807_201621_290.png
20260807_201622_030,2026-08-07 20:16:22,True,540,105,17.0,35,0.5,0.7,0.3,0,0.5,10,9.5,10,rrt_20260807_201622_030.png
20260807_201627_594,2026-08-07 20:16:27,False,10000,551,0.0,0,0.5,0.7,0.3,0,0.5,10,9.5,10,rrt_20260807_201627_594.png
20260807_201632_261,2026-08-07 20:16:32,False,10000,450,0.0,0,0.5,0.7,0.3,0,0.5,10,9.5,10,rrt_20260807_201632_261.png
20260807_201633_317,2026-08-07 20:16:33,True,534,139,18.5,38,0.5,0.7,0.3,0,0.5,10,9.5,10,rrt_20260807_201633_317.png
20260807_201639_199,2026-08-07 20:16:39,False,10000,589,0.0,0,0.5,0.7,0.3,0,0.5,10,9.5,10,rrt_20260807_201639_199.png
20260807_201640_307,2026-08-07 20:16:40,True,1450,155,20.174133299533842,42,0.5,0.7,0.3,0,0.5,10,9.5,10,rrt_20260807_201640_307.png
20260807_201645_294,2026-08-07 20:16:45,False,10000,532,0.0,0,0.5,0.7,0.3,0,0.5,10,9.5,10,rrt_20260807_201645_294.png
20260807_201646_143,2026-08-07 20:16:46,True,618,148,17.0,35,0.5,0.7,0.3,0,0.5,10,9.5,10,rrt_20260807_201646_143.png
20260807_201646_994,2026-08-07 20:16:46,True,1199,191,16.807569021338153,35,0.5,0.7,0.3,0,0.5,10,9.5,10,rrt_20260807_201646_994.png
20260807_201647_670,2026-08-07 20:16:47,True,242,93,17.354147413519936,36,0.5,0.7,0.3,0,0.5,10,9.5,10,rrt_20260807_201647_670.png
20260807_201653_751,2026-08-07 20:16:53,False,10000,602,0.0,0,0.5,0.7,0.3,0,0.5,10,9.5,10,rrt_20260807_201653_751.png
20260807_201655_167,2026-08-07 20:16:55,True,2461,268,17.557574670443227,37,0.5,0.7,0.3,0,0.5,10,9.5,10,rrt_20260807_201655_167.png
20260807_201655_954,2026-08-07 20:16:55,True,861,184,18.0,37,0.5,0.7,0.3,0,0.5,10,9.5,10,rrt_20260807_201655_954.png
20260807_201701_430,2026-08-07 20:17:01,False,10000,600,0.0,0,0.5,0.7,0.3,0,0.5,10,9.5,10,rrt_20260807_201701_430.png
20260807_201702_867,2026-08-07 20:17:02,True,2933,283,23.811730479180504,49,0.5,0.7,0.3,0,0.5,10,9.5,10,rrt_20260807_201702_867.png
20260807_201703_890,2026-08-07 20:17:03,True,1985,199,18.34947776827299,38,0.5,0.7,0.3,0,0.5,10,9.5,10,rrt_20260807_201703_890.png
20260807_201709_165,2026-08-07 20:17:09,False,10000,565,0.0,0,0.5,0.7,0.3,0,0.5,10,9.5,10,rrt_20260807_201709_165.png
20260807_201714_746,2026-08-07 20:17:14,False,10000,597,0.0,0,0.5,0.7,0.3,0,0.5,10,9.5,10,rrt_20260807_201714_746.png
20260807_201715_575,2026-08-07 20:17:15,True,600,131,17.5,36,0.5,0.7,0.3,0,0.5,10,9.5,10,rrt_20260807_201715_575.png
20260807_201717_924,2026-08-07 20:17:17,True,4248,315,26.142235248678848,54,0.5,0.7,0.3,0,0.5,10,9.5,10,rrt_20260807_201717_924.png
20260807_201722_767,2026-08-07 20:17:22,False,10000,507,0.0,0,0.5,0.7,0.3,0,0.5,10,9.5,10,rrt_20260807_201722_767.png
20260807_201727_085,2026-08-07 20:17:27,False,10000,434,0.0,0,0.5,0.7,0.3,0,0.5,10,9.5,10,rrt_20260807_201727_085.png
20260807_201732_562,2026-08-07 20:17:32,False,10000,615,0.0,0,0.5,0.7,0.3,0,0.5,10,9.5,10,rrt_20260807_201732_562.png
20260807_201738_061,2026-08-07 20:17:38,False,10000,611,0.0,0,0.5,0.7,0.3,0,0.5,10,9.5,10,rrt_20260807_201738_061.png
20260807_201738_930,2026-08-07 20:17:38,True,868,144,18.824240119154226,39,0.5,0.7,0.3,0,0.5,10,9.5,10,rrt_20260807_201738_930.png
20260807_201739_611,2026-08-07 20:17:39,True,582,130,17.805991293691747,37,0.5,0.7,0.3,0,0.5,10,9.5,10,rrt_20260807_201739_611.png
20260807_201740_400,2026-08-07 20:17:40,True,810,137,19.99209195526803,41,0.5,0.7,0.3,0,0.5,10,9.5,10,rrt_20260807_201740_400.png
20260807_201745_459,2026-08-07 20:17:45,False,10000,537,0.0,0,0.5,0.7,0.3,0,0.5,10,9.5,10,rrt_20260807_201745_459.png
20260807_201746_821,2026-08-07 20:17:46,True,693,170,19.35819982626636,40,0.5,0.8,0.3,0,0.5,10,9.5,10,rrt_20260807_201746_821.png
20260807_201747_634,2026-08-07 20:17:47,True,782,176,17.761904384532546,37,0.5,0.8,0.3,0,0.5,10,9.5,10,rrt_20260807_201747_634.png
20260807_201753_516,2026-08-07 20:17:53,False,10000,661,0.0,0,0.5,0.8,0.3,0,0.5,10,9.5,10,rrt_20260807_201753_516.png
20260807_201754_450,2026-08-07 20:17:54,True,1196,162,22.0,45,0.5,0.8,0.3,0,0.5,10,9.5,10,rrt_20260807_201754_450.png
20260807_201755_235,2026-08-07 20:17:55,True,1000,187,18.736569984058278,39,0.5,0.8,0.3,0,0.5,10,9.5,10,rrt_20260807_201755_235.png
20260807_201800_742,2026-08-07 20:18:00,False,10000,605,0.0,0,0.5,0.8,0.3,0,0.5,10,9.5,10,rrt_20260807_201800_742.png
20260807_201807_369,2026-08-07 20:18:07,False,10000,746,0.0,0,0.5,0.8,0.3,0,0.5,10,9.5,10,rrt_20260807_201807_369.png
20260807_201808_466,2026-08-07 20:18:08,True,1019,197,19.0,39,0.5,0.8,0.3,0,0.5,10,9.5,10,rrt_20260807_201808_466.png
20260807_201814_680,2026-08-07 20:18:14,False,10000,678,0.0,0,0.5,0.8,0.3,0,0.5,10,9.5,10,rrt_20260807_201814_680.png
20260807_201815_621,2026-08-07 20:18:15,True,1096,171,19.0,39,0.5,0.8,0.3,0,0.5,10,9.5,10,rrt_20260807_201815_621.png
20260807_201817_677,2026-08-07 20:18:17,True,4453,379,24.5,50,0.5,0.8,0.3,0,0.5,10,9.5,10,rrt_20260807_201817_677.png
20260807_201823_641,2026-08-07 20:18:23,False,10000,589,0.0,0,0.5,0.8,0.3,0,0.5,10,9.5,10,rrt_20260807_201823_641.png
20260807_201829_501,2026-08-07 20:18:29,False,10000,647,0.0,0,0.5,0.8,0.3,0,0.5,10,9.5,10,rrt_20260807_201829_501.png
20260807_201830_328,2026-08-07 20:18:30,True,306,104,18.0,37,0.5,0.8,0.3,0,0.5,10,9.5,10,rrt_20260807_201830_328.png
20260807_201831_046,2026-08-07 20:18:31,True,557,129,18.386621514071212,38,0.5,0.8,0.3,0,0.5,10,9.5,10,rrt_20260807_201831_046.png
20260807_201836_953,2026-08-07 20:18:36,False,10000,663,0.0,0,0.5,0.8,0.3,0,0.5,10,9.5,10,rrt_20260807_201836_953.png
20260807_201837_807,2026-08-07 20:18:37,True,639,150,19.0,39,0.5,0.8,0.3,0,0.5,10,9.5,10,rrt_20260807_201837_807.png
20260807_201839_021,2026-08-07 20:18:39,True,474,154,17.859070674830356,38,0.5,0.8,0.3,0,0.5,10,9.5,10,rrt_20260807_201839_021.png
20260807_201843_547,2026-08-07 20:18:43,False,10000,497,0.0,0,0.5,0.8,0.3,0,0.5,10,9.5,10,rrt_20260807_201843_547.png
20260807_201848_269,2026-08-07 20:18:48,False,10000,517,0.0,0,0.5,0.8,0.3,0,0.5,10,9.5,10,rrt_20260807_201848_269.png
20260807_201854_745,2026-08-07 20:18:54,False,10000,727,0.0,0,0.5,0.8,0.3,0,0.5,10,9.5,10,rrt_20260807_201854_745.png
20260807_201855_622,2026-08-07 20:18:55,True,368,122,18.848377597220964,39,0.5,0.8,0.3,0,0.5,10,9.5,10,rrt_20260807_201855_622.png
20260807_201856_426,2026-08-07 20:18:56,True,985,199,18.302818498175828,38,0.5,0.8,0.3,0,0.5,10,9.5,10,rrt_20260807_201856_426.png
20260807_201900_795,2026-08-07 20:19:00,False,10000,459,0.0,0,0.5,0.8,0.3,0,0.5,10,9.5,10,rrt_20260807_201900_795.png
20260807_201901_707,2026-08-07 20:19:01,True,650,164,17.903750230225427,37,0.5,0.8,0.3,0,0.5,10,9.5,10,rrt_20260807_201901_707.png
20260807_201902_743,2026-08-07 20:19:02,True,1639,192,21.5,44,0.5,0.8,0.3,0,0.5,10,9.5,10,rrt_20260807_201902_743.png
20260807_201909_355,2026-08-07 20:19:09,False,10000,661,0.0,0,0.5,0.8,0.3,0,0.5,10,9.5,10,rrt_20260807_201909_355.png
20260807_201910_292,2026-08-07 20:19:10,True,911,190,19.0,39,0.5,0.8,0.3,0,0.5,10,9.5,10,rrt_20260807_201910_292.png
20260807_201911_072,2026-08-07 20:19:11,True,911,170,18.265087908910587,38,0.5,0.8,0.3,0,0.5,10,9.5,10,rrt_20260807_201911_072.png
20260807_201916_047,2026-08-07 20:19:16,False,10000,508,0.0,0,0.5,0.8,0.3,0,0.5,10,9.5,10,rrt_20260807_201916_047.png
20260807_201922_092,2026-08-07 20:19:22,False,10000,663,0.0,0,0.5,0.8,0.3,0,0.5,10,9.5,10,rrt_20260807_201922_092.png
20260807_201923_047,2026-08-07 20:19:23,True,912,159,19.734679381674486,41,0.5,0.8,0.3,0,0.5,10,9.5,10,rrt_20260807_201923_047.png
20260807_201923_773,2026-08-07 20:19:23,True,603,157,17.0,35,0.5,0.8,0.3,0,0.5,10,9.5,10,rrt_20260807_201923_773.png
20260807_201928_586,2026-08-07 20:19:28,False,10000,530,0.0,0,0.5,0.8,0.3,0,0.5,10,9.5,10,rrt_20260807_201928_586.png
20260807_201929_904,2026-08-07 20:19:29,True,731,166,16.5,34,0.5,0.8,0.3,0,0.5,10,9.5,10,rrt_20260807_201929_904.png
20260807_201931_043,2026-08-07 20:19:31,True,1093,198,18.0,37,0.5,0.8,0.3,0,0.5,10,9.5,10,rrt_20260807_201931_043.png
20260807_201931_730,2026-08-07 20:19:31,True,431,126,18.323817132921473,38,0.5,0.8,0.3,0,0.5,10,9.5,10,rrt_20260807_201931_730.png
20260807_201936_535,2026-08-07 20:19:36,False,10000,529,0.0,0,0.5,0.8,0.3,0,0.5,10,9.5,10,rrt_20260807_201936_535.png
20260807_201937_553,2026-08-07 20:19:37,True,947,163,18.38690370112538,38,0.5,0.8,0.3,0,0.5,10,9.5,10,rrt_20260807_201937_553.png
20260807_201943_525,2026-08-07 20:19:43,False,10000,683,0.0,0,0.5,0.8,0.3,0,0.5,10,9.5,10,rrt_20260807_201943_525.png
20260807_201949_537,2026-08-07 20:19:49,False,10000,661,0.0,0,0.5,0.8,0.3,0,0.5,10,9.5,10,rrt_20260807_201949_537.png
20260807_201950_574,2026-08-07 20:19:50,True,467,116,21.0,43,0.5,0.8,0.3,0,0.5,10,9.5,10,rrt_20260807_201950_574.png
20260807_201951_327,2026-08-07 20:19:51,True,890,169,17.5,36,0.5,0.8,0.3,0,0.5,10,9.5,10,rrt_20260807_201951_327.png
20260807_201955_706,2026-08-07 20:19:55,False,10000,459,0.0,0,0.5,0.8,0.3,0,0.5,10,9.5,10,rrt_20260807_201955_706.png
20260807_201957_105,2026-08-07 20:19:57,True,641,171,16.922704458566262,35,0.5,0.8,0.3,0,0.5,10,9.5,10,rrt_20260807_201957_105.png
20260807_202002_231,2026-08-07 20:20:02,False,10000,542,0.0,0,0.5,0.8,0.3,0,0.5,10,9.5,10,rrt_20260807_202002_231.png
20260807_202003_307,2026-08-07 20:20:03,True,999,216,17.196886232542358,36,0.5,0.8,0.3,0,0.5,10,9.5,10,rrt_20260807_202003_307.png
20260807_202004_311,2026-08-07 20:20:04,True,816,161,17.691081096467126,37,0.5,0.8,0.3,0,0.5,10,9.5,10,rrt_20260807_202004_311.png
20260807_202010_232,2026-08-07 20:20:10,False,10000,674,0.0,0,0.5,0.8,0.3,0,0.5,10,9.5,10,rrt_20260807_202010_232.png
20260807_202011_338,2026-08-07 20:20:11,True,535,155,17.0,35,0.5,0.8,0.3,0,0.5,10,9.5,10,rrt_20260807_202011_338.png
20260807_202012_050,2026-08-07 20:20:12,True,431,137,17.5,36,0.5,0.8,0.3,0,0.5,10,9.5,10,rrt_20260807_202012_050.png
20260807_202017_600,2026-08-07 20:20:17,False,10000,606,0.0,0,0.5,0.8,0.3,0,0.5,10,9.5,10,rrt_20260807_202017_600.png
20260807_202018_600,2026-08-07 20:20:18,True,1022,177,18.0,37,0.5,0.8,0.3,0,0.5,10,9.5,10,rrt_20260807_202018_600.png
20260807_202020_077,2026-08-07 20:20:20,True,1025,197,19.622918532859096,41,0.5,0.8,0.3,0,0.5,10,9.5,10,rrt_20260807_202020_077.png
20260807_202026_105,2026-08-07 20:20:26,False,10000,688,0.0,0,0.5,0.8,0.3,0,0.5,10,9.5,10,rrt_20260807_202026_105.png
20260807_202027_092,2026-08-07 20:20:27,True,617,140,17.902983073290848,37,0.5,0.8,0.3,0,0.5,10,9.5,10,rrt_20260807_202027_092.png
20260807_202032_100,2026-08-07 20:20:32,False,10000,524,0.0,0,0.5,0.8,0.3,0,0.5,10,9.5,10,rrt_20260807_202032_100.png
20260807_202037_279,2026-08-07 20:20:37,False,10000,541,0.0,0,0.5,0.8,0.3,0,0.5,10,9.5,10,rrt_20260807_202037_279.png
20260807_202041_846,2026-08-07 20:20:41,False,10000,495,0.0,0,0.5,0.8,0.3,0,0.5,10,9.5,10,rrt_20260807_202041_846.png
20260807_202042_866,2026-08-07 20:20:42,True,933,163,19.451260512391542,40,0.5,0.8,0.3,0,0.5,10,9.5,10,rrt_20260807_202042_866.png
20260807_202048_953,2026-08-07 20:20:48,False,10000,695,0.0,0,0.5,0.8,0.3,0,0.5,10,9.5,10,rrt_20260807_202048_953.png
20260807_202049_912,2026-08-07 20:20:49,True,804,188,17.0,35,0.5,0.8,0.3,0,0.5,10,9.5,10,rrt_20260807_202049_912.png
20260807_202054_844,2026-08-07 20:20:54,False,10000,501,0.0,0,0.5,0.8,0.3,0,0.5,10,9.5,10,rrt_20260807_202054_844.png
20260807_202055_664,2026-08-07 20:20:55,True,686,146,18.5,38,0.5,0.8,0.3,0,0.5,10,9.5,10,rrt_20260807_202055_664.png
20260807_202056_940,2026-08-07 20:20:56,True,1736,253,18.0,37,0.5,0.8,0.3,0,0.5,10,9.5,10,rrt_20260807_202056_940.png
20260807_202058_008,2026-08-07 20:20:58,True,1353,259,18.5,38,0.5,0.8,0.3,0,0.5,10,9.5,10,rrt_20260807_202058_008.png
20260807_202103_904,2026-08-07 20:21:03,False,10000,640,0.0,0,0.5,0.8,0.3,0,0.5,10,9.5,10,rrt_20260807_202103_904.png
20260807_202110_422,2026-08-07 20:21:10,False,10000,677,0.0,0,0.5,0.8,0.3,0,0.5,10,9.5,10,rrt_20260807_202110_422.png
20260807_202116_201,2026-08-07 20:21:16,False,10000,642,0.0,0,0.5,0.8,0.3,0,0.5,10,9.5,10,rrt_20260807_202116_201.png
20260807_202117_149,2026-08-07 20:21:17,True,814,167,18.0,37,0.5,0.8,0.3,0,0.5,10,9.5,10,rrt_20260807_202117_149.png
20260807_202122_701,2026-08-07 20:21:22,False,10000,612,0.0,0,0.5,0.8,0.3,0,0.5,10,9.5,10,rrt_20260807_202122_701.png
20260807_202128_630,2026-08-07 20:21:28,False,10000,574,0.0,0,0.5,0.8,0.3,0,0.5,10,9.5,10,rrt_20260807_202128_630.png
20260807_202135_065,2026-08-07 20:21:35,False,10000,702,0.0,0,0.5,0.8,0.3,0,0.5,10,9.5,10,rrt_20260807_202135_065.png
20260807_202139_942,2026-08-07 20:21:39,False,10000,523,0.0,0,0.5,0.8,0.3,0,0.5,10,9.5,10,rrt_20260807_202139_942.png
20260807_202140_748,2026-08-07 20:21:40,True,271,100,18.0,37,0.5,0.8,0.3,0,0.5,10,9.5,10,rrt_20260807_202140_748.png
20260807_202141_574,2026-08-07 20:21:41,True,1209,198,19.0,39,0.5,0.8,0.3,0,0.5,10,9.5,10,rrt_20260807_202141_574.png
20260807_202142_451,2026-08-07 20:21:42,True,1190,205,18.3399696707767,38,0.5,0.8,0.3,0,0.5,10,9.5,10,rrt_20260807_202142_451.png
20260807_202146_660,2026-08-07 20:21:46,False,10000,438,0.0,0,0.5,0.8,0.3,0,0.5,10,9.5,10,rrt_20260807_202146_660.png
20260807_202147_943,2026-08-07 20:21:47,True,396,97,19.5,40,0.5,0.8,0.3,0,0.5,10,9.5,10,rrt_20260807_202147_943.png
20260807_202149_044,2026-08-07 20:21:49,True,729,165,18.630497264121278,39,0.5,0.8,0.3,0,0.5,10,9.5,10,rrt_20260807_202149_044.png
20260807_202154_985,2026-08-07 20:21:54,False,10000,665,0.0,0,0.5,0.8,0.3,0,0.5,10,9.5,10,rrt_20260807_202154_985.png
20260807_202200_678,2026-08-07 20:22:00,False,10000,619,0.0,0,0.5,0.8,0.3,0,0.5,10,9.5,10,rrt_20260807_202200_678.png
20260807_202206_159,2026-08-07 20:22:06,False,10000,558,0.0,0,0.5,0.8,0.3,0,0.5,10,9.5,10,rrt_20260807_202206_159.png
20260807_202212_536,2026-08-07 20:22:12,False,10000,706,0.0,0,0.5,0.8,0.3,0,0.5,10,9.5,10,rrt_20260807_202212_536.png
20260807_202219_121,2026-08-07 20:22:19,False,10000,679,0.0,0,0.5,0.8,0.3,0,0.5,10,9.5,10,rrt_20260807_202219_121.png
20260807_202224_530,2026-08-07 20:22:24,False,10000,626,0.0,0,0.5,0.8,0.3,0,0.5,10,9.5,10,rrt_20260807_202224_530.png
20260807_202229_353,2026-08-07 20:22:29,False,10000,520,0.0,0,0.5,0.8,0.3,0,0.5,10,9.5,10,rrt_20260807_202229_353.png
20260807_202233_964,2026-08-07 20:22:33,False,10000,513,0.0,0,0.5,0.8,0.3,0,0.5,10,9.5,10,rrt_20260807_202233_964.png
20260807_202235_235,2026-08-07 20:22:35,True,559,143,20.38156648617946,42,0.5,0.8,0.3,0,0.5,10,9.5,10,rrt_20260807_202235_235.png
20260807_202236_070,2026-08-07 20:22:36,True,600,116,18.336348309636175,38,0.5,0.8,0.3,0,0.5,10,9.5,10,rrt_20260807_202236_070.png
20260807_202241_320,2026-08-07 20:22:41,False,10000,629,0.0,0,0.5,0.8,0.3,0,0.5,10,9.5,10,rrt_20260807_202241_320.png
20260807_202246_668,2026-08-07 20:22:46,False,10000,594,0.0,0,0.5,0.8,0.3,0,0.5,10,9.5,10,rrt_20260807_202246_668.png
20260807_202252_226,2026-08-07 20:22:52,False,10000,633,0.0,0,0.5,0.8,0.3,0,0.5,10,9.5,10,rrt_20260807_202252_226.png
20260807_202253_426,2026-08-07 20:22:53,True,468,155,17.487780717741643,36,0.5,0.8,0.3,0,0.5,10,9.5,10,rrt_20260807_202253_426.png
20260807_202258_991,2026-08-07 20:22:58,False,10000,652,0.0,0,0.5,0.8,0.3,0,0.5,10,9.5,10,rrt_20260807_202258_991.png
20260807_202303_143,2026-08-07 20:23:03,False,10000,416,0.0,0,0.5,0.8,0.3,0,0.5,10,9.5,10,rrt_20260807_202303_143.png
20260807_202303_947,2026-08-07 20:23:03,True,506,123,17.318730370800786,36,0.5,0.8,0.3,0,0.5,10,9.5,10,rrt_20260807_202303_947.png
20260807_202305_066,2026-08-07 20:23:05,True,1118,207,20.806592569274816,43,0.5,0.8,0.3,0,0.5,10,9.5,10,rrt_20260807_202305_066.png
20260807_202305_811,2026-08-07 20:23:05,True,669,164,17.5,36,0.5,0.8,0.3,0,0.5,10,9.5,10,rrt_20260807_202305_811.png
20260807_202310_167,2026-08-07 20:23:10,False,10000,492,0.0,0,0.5,0.8,0.3,0,0.5,10,9.5,10,rrt_20260807_202310_167.png
20260807_202310_998,2026-08-07 20:23:10,True,609,135,18.0,37,0.5,0.9,0.3,0,0.5,10,9.5,10,rrt_20260807_202310_998.png
20260807_202317_578,2026-08-07 20:23:17,False,10000,776,0.0,0,0.5,0.9,0.3,0,0.5,10,9.5,10,rrt_20260807_202317_578.png
20260807_202324_655,2026-08-07 20:23:24,False,10000,741,0.0,0,0.5,0.9,0.3,0,0.5,10,9.5,10,rrt_20260807_202324_655.png
20260807_202330_740,2026-08-07 20:23:30,False,10000,659,0.0,0,0.5,0.9,0.3,0,0.5,10,9.5,10,rrt_20260807_202330_740.png
20260807_202336_639,2026-08-07 20:23:36,False,10000,655,0.0,0,0.5,0.9,0.3,0,0.5,10,9.5,10,rrt_20260807_202336_639.png
20260807_202341_585,2026-08-07 20:23:41,False,10000,530,0.0,0,0.5,0.9,0.3,0,0.5,10,9.5,10,rrt_20260807_202341_585.png
20260807_202346_769,2026-08-07 20:23:46,False,10000,528,0.0,0,0.5,0.9,0.3,0,0.5,10,9.5,10,rrt_20260807_202346_769.png
20260807_202347_582,2026-08-07 20:23:47,True,628,173,18.5,38,0.5,0.9,0.3,0,0.5,10,9.5,10,rrt_20260807_202347_582.png
20260807_202348_554,2026-08-07 20:23:48,True,348,138,18.859404938088613,39,0.5,0.9,0.3,0,0.5,10,9.5,10,rrt_20260807_202348_554.png
20260807_202355_109,2026-08-07 20:23:55,False,10000,759,0.0,0,0.5,0.9,0.3,0,0.5,10,9.5,10,rrt_20260807_202355_109.png
20260807_202401_823,2026-08-07 20:24:01,False,10000,759,0.0,0,0.5,0.9,0.3,0,0.5,10,9.5,10,rrt_20260807_202401_823.png
20260807_202402_653,2026-08-07 20:24:02,True,222,119,18.5,38,0.5,0.9,0.3,0,0.5,10,9.5,10,rrt_20260807_202402_653.png
20260807_202403_312,2026-08-07 20:24:03,True,312,103,18.0,37,0.5,0.9,0.3,0,0.5,10,9.5,10,rrt_20260807_202403_312.png
20260807_202409_387,2026-08-07 20:24:09,False,10000,706,0.0,0,0.5,0.9,0.3,0,0.5,10,9.5,10,rrt_20260807_202409_387.png
20260807_202415_606,2026-08-07 20:24:15,False,10000,692,0.0,0,0.5,0.9,0.3,0,0.5,10,9.5,10,rrt_20260807_202415_606.png
20260807_202417_259,2026-08-07 20:24:17,True,1651,219,20.450078708288267,42,0.5,0.9,0.3,0,0.5,10,9.5,10,rrt_20260807_202417_259.png
20260807_202417_987,2026-08-07 20:24:17,True,614,164,17.411783259263643,36,0.5,0.9,0.3,0,0.5,10,9.5,10,rrt_20260807_202417_987.png
20260807_202418_808,2026-08-07 20:24:18,True,391,108,17.0,35,0.5,0.9,0.3,0,0.5,10,9.5,10,rrt_20260807_202418_808.png
20260807_202424_830,2026-08-07 20:24:24,False,10000,694,0.0,0,0.5,0.9,0.3,0,0.5,10,9.5,10,rrt_20260807_202424_830.png
20260807_202431_866,2026-08-07 20:24:31,False,10000,697,0.0,0,0.5,0.9,0.3,0,0.5,10,9.5,10,rrt_20260807_202431_866.png
20260807_202433_266,2026-08-07 20:24:33,True,460,153,21.0,43,0.5,0.9,0.3,0,0.5,10,9.5,10,rrt_20260807_202433_266.png
20260807_202434_979,2026-08-07 20:24:34,True,655,153,18.088250886555496,38,0.5,0.9,0.3,0,0.5,10,9.5,10,rrt_20260807_202434_979.png
20260807_202442_591,2026-08-07 20:24:42,False,10000,784,0.0,0,0.5,0.9,0.3,0,0.5,10,9.5,10,rrt_20260807_202442_591.png
20260807_202443_731,2026-08-07 20:24:43,True,649,159,19.697290631383296,41,0.5,0.9,0.3,0,0.5,10,9.5,10,rrt_20260807_202443_731.png
20260807_202450_569,2026-08-07 20:24:50,False,10000,678,0.0,0,0.5,0.9,0.3,0,0.5,10,9.5,10,rrt_20260807_202450_569.png
20260807_202451_783,2026-08-07 20:24:51,True,621,161,18.857142845197775,39,0.5,0.9,0.3,0,0.5,10,9.5,10,rrt_20260807_202451_783.png
20260807_202458_319,2026-08-07 20:24:58,False,10000,749,0.0,0,0.5,0.9,0.3,0,0.5,10,9.5,10,rrt_20260807_202458_319.png
20260807_202459_292,2026-08-07 20:24:59,True,610,175,18.0,37,0.5,0.9,0.3,0,0.5,10,9.5,10,rrt_20260807_202459_292.png
20260807_202500_016,2026-08-07 20:25:00,True,465,116,17.0,35,0.5,0.9,0.3,0,0.5,10,9.5,10,rrt_20260807_202500_016.png
20260807_202507_085,2026-08-07 20:25:07,False,10000,760,0.0,0,0.5,0.9,0.3,0,0.5,10,9.5,10,rrt_20260807_202507_085.png
20260807_202509_285,2026-08-07 20:25:09,True,1126,198,17.74925064191848,37,0.5,0.9,0.3,0,0.5,10,9.5,10,rrt_20260807_202509_285.png
20260807_202510_673,2026-08-07 20:25:10,True,1041,239,18.077312503669603,38,0.5,0.9,0.3,0,0.5,10,9.5,10,rrt_20260807_202510_673.png
20260807_202517_457,2026-08-07 20:25:17,False,10000,768,0.0,0,0.5,0.9,0.3,0,0.5,10,9.5,10,rrt_20260807_202517_457.png
20260807_202524_737,2026-08-07 20:25:24,False,10000,739,0.0,0,0.5,0.9,0.3,0,0.5,10,9.5,10,rrt_20260807_202524_737.png
20260807_202531_254,2026-08-07 20:25:31,False,10000,743,0.0,0,0.5,0.9,0.3,0,0.5,10,9.5,10,rrt_20260807_202531_254.png
20260807_202538_077,2026-08-07 20:25:38,False,10000,749,0.0,0,0.5,0.9,0.3,0,0.5,10,9.5,10,rrt_20260807_202538_077.png
20260807_202539_073,2026-08-07 20:25:39,True,1221,187,18.32128943369923,39,0.5,0.9,0.3,0,0.5,10,9.5,10,rrt_20260807_202539_073.png
20260807_202540_142,2026-08-07 20:25:40,True,655,164,22.85566871052732,47,0.5,0.9,0.3,0,0.5,10,9.5,10,rrt_20260807_202540_142.png
20260807_202546_895,2026-08-07 20:25:46,False,10000,732,0.0,0,0.5,0.9,0.3,0,0.5,10,9.5,10,rrt_20260807_202546_895.png
20260807_202548_572,2026-08-07 20:25:48,True,700,163,21.411431524094308,44,0.5,0.9,0.3,0,0.5,10,9.5,10,rrt_20260807_202548_572.png
20260807_202549_629,2026-08-07 20:25:49,True,405,118,17.0,35,0.5,0.9,0.3,0,0.5,10,9.5,10,rrt_20260807_202549_629.png
20260807_202550_714,2026-08-07 20:25:50,True,346,136,17.5,36,0.5,0.9,0.3,0,0.5,10,9.5,10,rrt_20260807_202550_714.png
20260807_202551_635,2026-08-07 20:25:51,True,1092,162,18.0,37,0.5,0.9,0.3,0,0.5,10,9.5,10,rrt_20260807_202551_635.png
20260807_202559_225,2026-08-07 20:25:59,False,10000,759,0.0,0,0.5,0.9,0.3,0,0.5,10,9.5,10,rrt_20260807_202559_225.png
20260807_202605_750,2026-08-07 20:26:05,False,10000,657,0.0,0,0.5,0.9,0.3,0,0.5,10,9.5,10,rrt_20260807_202605_750.png
20260807_202606_746,2026-08-07 20:26:06,True,689,164,18.82818244772811,39,0.5,0.9,0.3,0,0.5,10,9.5,10,rrt_20260807_202606_746.png
20260807_202607_675,2026-08-07 20:26:07,True,1448,233,19.0,39,0.5,0.9,0.3,0,0.5,10,9.5,10,rrt_20260807_202607_675.png
20260807_202608_479,2026-08-07 20:26:08,True,918,167,17.5,36,0.5,0.9,0.3,0,0.5,10,9.5,10,rrt_20260807_202608_479.png
20260807_202615_007,2026-08-07 20:26:15,False,10000,735,0.0,0,0.5,0.9,0.3,0,0.5,10,9.5,10,rrt_20260807_202615_007.png
20260807_202615_944,2026-08-07 20:26:15,True,372,120,17.46999648015893,36,0.5,0.9,0.3,0,0.5,10,9.5,10,rrt_20260807_202615_944.png
20260807_202617_343,2026-08-07 20:26:17,True,674,159,18.75505742961482,39,0.5,0.9,0.3,0,0.5,10,9.5,10,rrt_20260807_202617_343.png
20260807_202623_647,2026-08-07 20:26:23,False,10000,704,0.0,0,0.5,0.9,0.3,0,0.5,10,9.5,10,rrt_20260807_202623_647.png
20260807_202624_548,2026-08-07 20:26:24,True,486,137,19.97079541898865,41,0.5,0.9,0.3,0,0.5,10,9.5,10,rrt_20260807_202624_548.png
20260807_202625_461,2026-08-07 20:26:25,True,1427,226,21.0,43,0.5,0.9,0.3,0,0.5,10,9.5,10,rrt_20260807_202625_461.png
20260807_202626_339,2026-08-07 20:26:26,True,1447,237,18.0,37,0.5,0.9,0.3,0,0.5,10,9.5,10,rrt_20260807_202626_339.png
20260807_202627_024,2026-08-07 20:26:27,True,393,133,18.0,37,0.5,0.9,0.3,0,0.5,10,9.5,10,rrt_20260807_202627_024.png
20260807_202633_584,2026-08-07 20:26:33,False,10000,757,0.0,0,0.5,0.9,0.3,0,0.5,10,9.5,10,rrt_20260807_202633_584.png
20260807_202635_048,2026-08-07 20:26:35,True,1438,261,17.0,35,0.5,0.9,0.3,0,0.5,10,9.5,10,rrt_20260807_202635_048.png
20260807_202635_809,2026-08-07 20:26:35,True,454,165,17.0,35,0.5,0.9,0.3,0,0.5,10,9.5,10,rrt_20260807_202635_809.png
20260807_202640_830,2026-08-07 20:26:40,False,10000,536,0.0,0,0.5,0.9,0.3,0,0.5,10,9.5,10,rrt_20260807_202640_830.png
20260807_202641_674,2026-08-07 20:26:41,True,593,178,17.999999999999996,37,0.5,0.9,0.3,0,0.5,10,9.5,10,rrt_20260807_202641_674.png
20260807_202642_565,2026-08-07 20:26:42,True,1033,226,17.806776464405463,37,0.5,0.9,0.3,0,0.5,10,9.5,10,rrt_20260807_202642_565.png
20260807_202643_788,2026-08-07 20:26:43,True,2053,312,16.802099767223357,35,0.5,0.9,0.3,0,0.5,10,9.5,10,rrt_20260807_202643_788.png
20260807_202644_543,2026-08-07 20:26:44,True,504,126,18.5,38,0.5,0.9,0.3,0,0.5,10,9.5,10,rrt_20260807_202644_543.png
20260807_202649_468,2026-08-07 20:26:49,False,10000,566,0.0,0,0.5,0.9,0.3,0,0.5,10,9.5,10,rrt_20260807_202649_468.png
20260807_202650_293,2026-08-07 20:26:50,True,705,170,19.911069939053355,41,0.5,0.9,0.3,0,0.5,10,9.5,10,rrt_20260807_202650_293.png
20260807_202651_320,2026-08-07 20:26:51,True,1723,178,23.0,47,0.5,0.9,0.3,0,0.5,10,9.5,10,rrt_20260807_202651_320.png
20260807_202657_691,2026-08-07 20:26:57,False,10000,713,0.0,0,0.5,0.9,0.3,0,0.5,10,9.5,10,rrt_20260807_202657_691.png
20260807_202704_534,2026-08-07 20:27:04,False,10000,762,0.0,0,0.5,0.9,0.3,0,0.5,10,9.5,10,rrt_20260807_202704_534.png
20260807_202705_384,2026-08-07 20:27:05,True,417,133,17.93438561774793,37,0.5,0.9,0.3,0,0.5,10,9.5,10,rrt_20260807_202705_384.png
20260807_202710_406,2026-08-07 20:27:10,False,10000,587,0.0,0,0.5,0.9,0.3,0,0.5,10,9.5,10,rrt_20260807_202710_406.png
20260807_202711_235,2026-08-07 20:27:11,True,483,118,19.0,39,0.5,0.9,0.3,0,0.5,10,9.5,10,rrt_20260807_202711_235.png
20260807_202716_753,2026-08-07 20:27:16,False,10000,629,0.0,0,0.5,0.9,0.3,0,0.5,10,9.5,10,rrt_20260807_202716_753.png
20260807_202717_566,2026-08-07 20:27:17,True,269,94,16.375478200312298,34,0.5,0.9,0.3,0,0.5,10,9.5,10,rrt_20260807_202717_566.png
20260807_202718_243,2026-08-07 20:27:18,True,656,140,19.0,39,0.5,0.9,0.3,0,0.5,10,9.5,10,rrt_20260807_202718_243.png
20260807_202719_299,2026-08-07 20:27:19,True,430,135,17.0,35,0.5,0.9,0.3,0,0.5,10,9.5,10,rrt_20260807_202719_299.png
20260807_202725_960,2026-08-07 20:27:25,False,10000,786,0.0,0,0.5,0.9,0.3,0,0.5,10,9.5,10,rrt_20260807_202725_960.png
20260807_202733_026,2026-08-07 20:27:33,False,10000,747,0.0,0,0.5,0.9,0.3,0,0.5,10,9.5,10,rrt_20260807_202733_026.png
20260807_202737_840,2026-08-07 20:27:37,False,10000,512,0.0,0,0.5,0.9,0.3,0,0.5,10,9.5,10,rrt_20260807_202737_840.png
20260807_202738_785,2026-08-07 20:27:38,True,1151,203,20.381154693333936,42,0.5,0.9,0.3,0,0.5,10,9.5,10,rrt_20260807_202738_785.png
20260807_202739_628,2026-08-07 20:27:39,True,1475,193,18.0,37,0.5,0.9,0.3,0,0.5,10,9.5,10,rrt_20260807_202739_628.png
20260807_202740_586,2026-08-07 20:27:40,True,1312,177,27.0,55,0.5,0.9,0.3,0,0.5,10,9.5,10,rrt_20260807_202740_586.png
20260807_202746_203,2026-08-07 20:27:46,False,10000,633,0.0,0,0.5,0.9,0.3,0,0.5,10,9.5,10,rrt_20260807_202746_203.png
20260807_202752_328,2026-08-07 20:27:52,False,10000,667,0.0,0,0.5,0.9,0.3,0,0.5,10,9.5,10,rrt_20260807_202752_328.png
20260807_202753_217,2026-08-07 20:27:53,True,294,114,18.0,37,0.5,0.9,0.3,0,0.5,10,9.5,10,rrt_20260807_202753_217.png
20260807_202753_881,2026-08-07 20:27:53,True,417,126,19.5,40,0.5,0.9,0.3,0,0.5,10,9.5,10,rrt_20260807_202753_881.png
20260807_202800_883,2026-08-07 20:28:00,False,10000,777,0.0,0,0.5,0.9,0.3,0,0.5,10,9.5,10,rrt_20260807_202800_883.png
20260807_202801_736,2026-08-07 20:28:01,True,558,128,21.346329891781078,44,0.5,0.9,0.3,0,0.5,10,9.5,10,rrt_20260807_202801_736.png
20260807_202807_981,2026-08-07 20:28:07,False,10000,724,0.0,0,0.5,0.9,0.3,0,0.5,10,9.5,10,rrt_20260807_202807_981.png
20260807_202808_883,2026-08-07 20:28:08,True,824,172,18.82447546146779,39,0.5,0.9,0.3,0,0.5,10,9.5,10,rrt_20260807_202808_883.png
20260807_202814_914,2026-08-07 20:28:14,False,10000,729,0.0,0,0.5,0.9,0.3,0,0.5,10,9.5,10,rrt_20260807_202814_914.png
20260807_202815_856,2026-08-07 20:28:15,True,492,137,17.857070338561957,37,0.5,0.9,0.3,0,0.5,10,9.5,10,rrt_20260807_202815_856.png
20260807_202821_565,2026-08-07 20:28:21,False,10000,653,0.0,0,0.5,0.9,0.3,0,0.5,10,9.5,10,rrt_20260807_202821_565.png
20260807_202822_417,2026-08-07 20:28:22,True,393,125,19.5,40,0.5,0.9,0.3,0,0.5,10,9.5,10,rrt_20260807_202822_417.png
20260807_202823_536,2026-08-07 20:28:23,True,763,150,19.0,39,0.5,0.9,0.3,0,0.5,10,9.5,10,rrt_20260807_202823_536.png
20260807_202829_245,2026-08-07 20:28:29,False,10000,584,0.0,0,0.5,0.9,0.3,0,0.5,10,9.5,10,rrt_20260807_202829_245.png
20260807_202830_172,2026-08-07 20:28:30,True,511,159,18.0,37,0.5,0.9,0.3,0,0.5,10,9.5,10,rrt_20260807_202830_172.png
20260807_202836_751,2026-08-07 20:28:36,False,10000,740,0.0,0,0.5,0.9,0.3,0,0.5,10,9.5,10,rrt_20260807_202836_751.png
20260807_202842_793,2026-08-07 20:28:42,False,10000,652,0.0,0,0.5,0.9,0.3,0,0.5,10,9.5,10,rrt_20260807_202842_793.png
20260807_202849_486,2026-08-07 20:28:49,False,10000,782,0.0,0,0.5,0.9,0.3,0,0.5,10,9.5,10,rrt_20260807_202849_486.png
20260807_202856_673,2026-08-07 20:28:56,False,10000,832,0.0,0,0.5,1.0,0.3,0,0.5,10,9.5,10,rrt_20260807_202856_673.png
20260807_202903_227,2026-08-07 20:29:03,False,10000,739,0.0,0,0.5,1.0,0.3,0,0.5,10,9.5,10,rrt_20260807_202903_227.png
20260807_202910_053,2026-08-07 20:29:10,False,10000,829,0.0,0,0.5,1.0,0.3,0,0.5,10,9.5,10,rrt_20260807_202910_053.png
20260807_202910_917,2026-08-07 20:29:10,True,498,173,19.5,40,0.5,1.0,0.3,0,0.5,10,9.5,10,rrt_20260807_202910_917.png
20260807_202917_864,2026-08-07 20:29:17,False,10000,727,0.0,0,0.5,1.0,0.3,0,0.5,10,9.5,10,rrt_20260807_202917_864.png
20260807_202923_691,2026-08-07 20:29:23,False,10000,628,0.0,0,0.5,1.0,0.3,0,0.5,10,9.5,10,rrt_20260807_202923_691.png
20260807_202924_646,2026-08-07 20:29:24,True,888,207,21.18045397553507,44,0.5,1.0,0.3,0,0.5,10,9.5,10,rrt_20260807_202924_646.png
20260807_202925_480,2026-08-07 20:29:25,True,924,188,20.5,42,0.5,1.0,0.3,0,0.5,10,9.5,10,rrt_20260807_202925_480.png
20260807_202926_200,2026-08-07 20:29:26,True,694,183,19.0,39,0.5,1.0,0.3,0,0.5,10,9.5,10,rrt_20260807_202926_200.png
20260807_202932_955,2026-08-07 20:29:32,False,10000,799,0.0,0,0.5,1.0,0.3,0,0.5,10,9.5,10,rrt_20260807_202932_955.png
20260807_202940_478,2026-08-07 20:29:40,False,10000,801,0.0,0,0.5,1.0,0.3,0,0.5,10,9.5,10,rrt_20260807_202940_478.png
20260807_202945_779,2026-08-07 20:29:45,False,10000,588,0.0,0,0.5,1.0,0.3,0,0.5,10,9.5,10,rrt_20260807_202945_779.png
20260807_202953_802,2026-08-07 20:29:53,False,10000,836,0.0,0,0.5,1.0,0.3,0,0.5,10,9.5,10,rrt_20260807_202953_802.png
20260807_203000_604,2026-08-07 20:30:00,False,10000,757,0.0,0,0.5,1.0,0.3,0,0.5,10,9.5,10,rrt_20260807_203000_604.png
20260807_203007_805,2026-08-07 20:30:07,False,10000,821,0.0,0,0.5,1.0,0.3,0,0.5,10,9.5,10,rrt_20260807_203007_805.png
20260807_203014_264,2026-08-07 20:30:14,False,10000,713,0.0,0,0.5,1.0,0.3,0,0.5,10,9.5,10,rrt_20260807_203014_264.png
20260807_203021_182,2026-08-07 20:30:21,False,10000,785,0.0,0,0.5,1.0,0.3,0,0.5,10,9.5,10,rrt_20260807_203021_182.png
20260807_203026_579,2026-08-07 20:30:26,False,10000,580,0.0,0,0.5,1.0,0.3,0,0.5,10,9.5,10,rrt_20260807_203026_579.png
20260807_203027_540,2026-08-07 20:30:27,True,1074,189,19.0,39,0.5,1.0,0.3,0,0.5,10,9.5,10,rrt_20260807_203027_540.png
20260807_203028_461,2026-08-07 20:30:28,True,1313,245,19.0,39,0.5,1.0,0.3,0,0.5,10,9.5,10,rrt_20260807_203028_461.png
20260807_203033_647,2026-08-07 20:30:33,False,10000,571,0.0,0,0.5,1.0,0.3,0,0.5,10,9.5,10,rrt_20260807_203033_647.png
20260807_203039_398,2026-08-07 20:30:39,False,10000,597,0.0,0,0.5,1.0,0.3,0,0.5,10,9.5,10,rrt_20260807_203039_398.png
20260807_203040_218,2026-08-07 20:30:40,True,439,148,18.5,38,0.5,1.0,0.3,0,0.5,10,9.5,10,rrt_20260807_203040_218.png
20260807_203041_300,2026-08-07 20:30:41,True,1785,287,18.0,37,0.5,1.0,0.3,0,0.5,10,9.5,10,rrt_20260807_203041_300.png
20260807_203048_054,2026-08-07 20:30:48,False,10000,793,0.0,0,0.5,1.0,0.3,0,0.5,10,9.5,10,rrt_20260807_203048_054.png
20260807_203053_514,2026-08-07 20:30:53,False,10000,587,0.0,0,0.5,1.0,0.3,0,0.5,10,9.5,10,rrt_20260807_203053_514.png
20260807_203100_101,2026-08-07 20:31:00,False,10000,760,0.0,0,0.5,1.0,0.3,0,0.5,10,9.5,10,rrt_20260807_203100_101.png
20260807_203106_353,2026-08-07 20:31:06,False,10000,694,0.0,0,0.5,1.0,0.3,0,0.5,10,9.5,10,rrt_20260807_203106_353.png
20260807_203113_068,2026-08-07 20:31:13,False,10000,785,0.0,0,0.5,1.0,0.3,0,0.5,10,9.5,10,rrt_20260807_203113_068.png
20260807_203114_252,2026-08-07 20:31:14,True,1285,207,19.77333193279803,41,0.5,1.0,0.3,0,0.5,10,9.5,10,rrt_20260807_203114_252.png
20260807_203121_895,2026-08-07 20:31:21,False,10000,827,0.0,0,0.5,1.0,0.3,0,0.5,10,9.5,10,rrt_20260807_203121_895.png
20260807_203122_993,2026-08-07 20:31:22,True,1469,236,19.981384753951318,42,0.5,1.0,0.3,0,0.5,10,9.5,10,rrt_20260807_203122_993.png
20260807_203129_071,2026-08-07 20:31:29,False,10000,693,0.0,0,0.5,1.0,0.3,0,0.5,10,9.5,10,rrt_20260807_203129_071.png
20260807_203129_901,2026-08-07 20:31:29,True,550,172,19.0,39,0.5,1.0,0.3,0,0.5,10,9.5,10,rrt_20260807_203129_901.png
20260807_203136_035,2026-08-07 20:31:36,False,10000,703,0.0,0,0.5,1.0,0.3,0,0.5,10,9.5,10,rrt_20260807_203136_035.png
20260807_203136_914,2026-08-07 20:31:36,True,823,200,17.0,35,0.5,1.0,0.3,0,0.5,10,9.5,10,rrt_20260807_203136_914.png
20260807_203137_738,2026-08-07 20:31:37,True,1193,222,22.5,46,0.5,1.0,0.3,0,0.5,10,9.5,10,rrt_20260807_203137_738.png
20260807_203143_837,2026-08-07 20:31:43,False,10000,715,0.0,0,0.5,1.0,0.3,0,0.5,10,9.5,10,rrt_20260807_203143_837.png
20260807_203144_865,2026-08-07 20:31:44,True,1318,227,18.0,37,0.5,1.0,0.3,0,0.5,10,9.5,10,rrt_20260807_203144_865.png
20260807_203153_624,2026-08-07 20:31:53,False,10000,870,0.0,0,0.5,1.0,0.3,0,0.5,10,9.5,10,rrt_20260807_203153_624.png
20260807_203158_423,2026-08-07 20:31:58,False,10000,476,0.0,0,0.5,1.0,0.3,0,0.5,10,9.5,10,rrt_20260807_203158_423.png
20260807_203204_675,2026-08-07 20:32:04,False,10000,710,0.0,0,0.5,1.0,0.3,0,0.5,10,9.5,10,rrt_20260807_203204_675.png
20260807_203211_944,2026-08-07 20:32:11,False,10000,833,0.0,0,0.5,1.0,0.3,0,0.5,10,9.5,10,rrt_20260807_203211_944.png
20260807_203218_663,2026-08-07 20:32:18,False,10000,771,0.0,0,0.5,1.0,0.3,0,0.5,10,9.5,10,rrt_20260807_203218_663.png
20260807_203225_753,2026-08-07 20:32:25,False,10000,789,0.0,0,0.5,1.0,0.3,0,0.5,10,9.5,10,rrt_20260807_203225_753.png
20260807_203233_087,2026-08-07 20:32:33,False,10000,821,0.0,0,0.5,1.0,0.3,0,0.5,10,9.5,10,rrt_20260807_203233_087.png
20260807_203234_181,2026-08-07 20:32:34,True,1420,255,22.0,45,0.5,1.0,0.3,0,0.5,10,9.5,10,rrt_20260807_203234_181.png
20260807_203240_928,2026-08-07 20:32:40,False,10000,783,0.0,0,0.5,1.0,0.3,0,0.5,10,9.5,10,rrt_20260807_203240_928.png
20260807_203248_314,2026-08-07 20:32:48,False,10000,796,0.0,0,0.5,1.0,0.3,0,0.5,10,9.5,10,rrt_20260807_203248_314.png
20260807_203253_838,2026-08-07 20:32:53,False,10000,596,0.0,0,0.5,1.0,0.3,0,0.5,10,9.5,10,rrt_20260807_203253_838.png
20260807_203300_371,2026-08-07 20:33:00,False,10000,764,0.0,0,0.5,1.0,0.3,0,0.5,10,9.5,10,rrt_20260807_203300_371.png
20260807_203306_390,2026-08-07 20:33:06,False,10000,692,0.0,0,0.5,1.0,0.3,0,0.5,10,9.5,10,rrt_20260807_203306_390.png
20260807_203313_672,2026-08-07 20:33:13,False,10000,813,0.0,0,0.5,1.0,0.3,0,0.5,10,9.5,10,rrt_20260807_203313_672.png
20260807_203320_189,2026-08-07 20:33:20,False,10000,719,0.0,0,0.5,1.0,0.3,0,0.5,10,9.5,10,rrt_20260807_203320_189.png
20260807_203327_837,2026-08-07 20:33:27,False,10000,826,0.0,0,0.5,1.0,0.3,0,0.5,10,9.5,10,rrt_20260807_203327_837.png
20260807_203335_645,2026-08-07 20:33:35,False,10000,819,0.0,0,0.5,1.0,0.3,0,0.5,10,9.5,10,rrt_20260807_203335_645.png
20260807_203341_947,2026-08-07 20:33:41,False,10000,650,0.0,0,0.5,1.0,0.3,0,0.5,10,9.5,10,rrt_20260807_203341_947.png
20260807_203349_347,2026-08-07 20:33:49,False,10000,761,0.0,0,0.5,1.0,0.3,0,0.5,10,9.5,10,rrt_20260807_203349_347.png
20260807_203350_620,2026-08-07 20:33:50,True,1785,281,18.5,38,0.5,1.0,0.3,0,0.5,10,9.5,10,rrt_20260807_203350_620.png
20260807_203355_841,2026-08-07 20:33:55,False,10000,584,0.0,0,0.5,1.0,0.3,0,0.5,10,9.5,10,rrt_20260807_203355_841.png
20260807_203402_321,2026-08-07 20:34:02,False,10000,721,0.0,0,0.5,1.0,0.3,0,0.5,10,9.5,10,rrt_20260807_203402_321.png
20260807_203409_008,2026-08-07 20:34:09,False,10000,759,0.0,0,0.5,1.0,0.3,0,0.5,10,9.5,10,rrt_20260807_203409_008.png
20260807_203410_022,2026-08-07 20:34:10,True,1427,231,18.5,38,0.5,1.0,0.3,0,0.5,10,9.5,10,rrt_20260807_203410_022.png
20260807_203410_998,2026-08-07 20:34:10,True,1405,248,20.5,42,0.5,1.0,0.3,0,0.5,10,9.5,10,rrt_20260807_203410_998.png
20260807_203417_539,2026-08-07 20:34:17,False,10000,761,0.0,0,0.5,1.0,0.3,0,0.5,10,9.5,10,rrt_20260807_203417_539.png
20260807_203422_968,2026-08-07 20:34:22,False,10000,583,0.0,0,0.5,1.0,0.3,0,0.5,10,9.5,10,rrt_20260807_203422_968.png
20260807_203424_378,2026-08-07 20:34:24,True,1030,212,17.5,36,0.5,1.0,0.3,0,0.5,10,9.5,10,rrt_20260807_203424_378.png
20260807_203431_084,2026-08-07 20:34:31,False,10000,750,0.0,0,0.5,1.0,0.3,0,0.5,10,9.5,10,rrt_20260807_203431_084.png
20260807_203432_302,2026-08-07 20:34:32,True,707,175,18.5,38,0.5,1.0,0.3,0,0.5,10,9.5,10,rrt_20260807_203432_302.png
20260807_203433_157,2026-08-07 20:34:33,True,777,182,17.0,35,0.5,1.0,0.3,0,0.5,10,9.5,10,rrt_20260807_203433_157.png
20260807_203440_313,2026-08-07 20:34:40,False,10000,850,0.0,0,0.5,1.0,0.3,0,0.5,10,9.5,10,rrt_20260807_203440_313.png
20260807_203447_498,2026-08-07 20:34:47,False,10000,787,0.0,0,0.5,1.0,0.3,0,0.5,10,9.5,10,rrt_20260807_203447_498.png
20260807_203452_862,2026-08-07 20:34:52,False,10000,592,0.0,0,0.5,1.0,0.3,0,0.5,10,9.5,10,rrt_20260807_203452_862.png
20260807_203459_692,2026-08-07 20:34:59,False,10000,797,0.0,0,0.5,1.0,0.3,0,0.5,10,9.5,10,rrt_20260807_203459_692.png
20260807_203507_359,2026-08-07 20:35:07,False,10000,855,0.0,0,0.5,1.0,0.3,0,0.5,10,9.5,10,rrt_20260807_203507_359.png
20260807_203508_339,2026-08-07 20:35:08,True,978,201,19.5,40,0.5,1.0,0.3,0,0.5,10,9.5,10,rrt_20260807_203508_339.png
20260807_203509_174,2026-08-07 20:35:09,True,1019,245,18.5,38,0.5,1.0,0.3,0,0.5,10,9.5,10,rrt_20260807_203509_174.png
20260807_203509_972,2026-08-07 20:35:09,True,956,210,19.5,40,0.5,1.0,0.3,0,0.5,10,9.5,10,rrt_20260807_203509_972.png
20260807_203516_794,2026-08-07 20:35:16,False,10000,793,0.0,0,0.5,1.0,0.3,0,0.5,10,9.5,10,rrt_20260807_203516_794.png
20260807_203517_940,2026-08-07 20:35:17,True,1304,234,21.5,44,0.5,1.0,0.3,0,0.5,10,9.5,10,rrt_20260807_203517_940.png
20260807_203524_414,2026-08-07 20:35:24,False,10000,735,0.0,0,0.5,1.0,0.3,0,0.5,10,9.5,10,rrt_20260807_203524_414.png
20260807_203530_569,2026-08-07 20:35:30,False,10000,670,0.0,0,0.5,1.0,0.3,0,0.5,10,9.5,10,rrt_20260807_203530_569.png
20260807_203537_521,2026-08-07 20:35:37,False,10000,789,0.0,0,0.5,1.0,0.3,0,0.5,10,9.5,10,rrt_20260807_203537_521.png
20260807_203544_775,2026-08-07 20:35:44,False,10000,713,0.0,0,0.5,1.0,0.3,0,0.5,10,9.5,10,rrt_20260807_203544_775.png
20260807_203550_925,2026-08-07 20:35:50,False,10000,665,0.0,0,0.5,1.0,0.3,0,0.5,10,9.5,10,rrt_20260807_203550_925.png
20260807_203556_810,2026-08-07 20:35:56,False,10000,590,0.0,0,0.5,1.0,0.3,0,0.5,10,9.5,10,rrt_20260807_203556_810.png
20260807_203604_105,2026-08-07 20:36:04,False,10000,842,0.0,0,0.5,1.0,0.3,0,0.5,10,9.5,10,rrt_20260807_203604_105.png
20260807_203611_299,2026-08-07 20:36:11,False,10000,820,0.0,0,0.5,1.0,0.3,0,0.5,10,9.5,10,rrt_20260807_203611_299.png
20260807_203616_470,2026-08-07 20:36:16,False,10000,552,0.0,0,0.5,1.0,0.3,0,0.5,10,9.5,10,rrt_20260807_203616_470.png
20260807_203623_473,2026-08-07 20:36:23,False,10000,803,0.0,0,0.5,1.0,0.3,0,0.5,10,9.5,10,rrt_20260807_203623_473.png
20260807_203624_558,2026-08-07 20:36:24,True,1264,238,18.0,37,0.5,1.0,0.3,0,0.5,10,9.5,10,rrt_20260807_203624_558.png
20260807_203630_136,2026-08-07 20:36:30,False,10000,627,0.0,0,0.5,1.0,0.3,0,0.5,10,9.5,10,rrt_20260807_203630_136.png
20260807_203637_913,2026-08-07 20:36:37,False,10000,763,0.0,0,0.5,1.0,0.3,0,0.5,10,9.5,10,rrt_20260807_203637_913.png
20260807_203644_654,2026-08-07 20:36:44,False,10000,746,0.0,0,0.5,1.0,0.3,0,0.5,10,9.5,10,rrt_20260807_203644_654.png
20260807_203651_045,2026-08-07 20:36:51,False,10000,717,0.0,0,0.5,1.0,0.3,0,0.5,10,9.5,10,rrt_20260807_203651_045.png
20260807_203652_078,2026-08-07 20:36:52,True,967,202,18.000000000000004,37,0.5,1.0,0.3,0,0.5,10,9.5,10,rrt_20260807_203652_078.png
20260807_203658_628,2026-08-07 20:36:58,False,10000,747,0.0,0,0.5,1.0,0.3,0,0.5,10,9.5,10,rrt_20260807_203658_628.png
20260807_203659_589,2026-08-07 20:36:59,True,855,209,19.442100130393126,40,0.5,1.0,0.3,0,0.5,10,9.5,10,rrt_20260807_203659_589.png
20260807_203706_186,2026-08-07 20:37:06,False,10000,712,0.0,0,0.5,1.0,0.3,0,0.5,10,9.5,10,rrt_20260807_203706_186.png
20260807_203712_820,2026-08-07 20:37:12,False,10000,747,0.0,0,0.5,1.0,0.3,0,0.5,10,9.5,10,rrt_20260807_203712_820.png
20260807_203714_151,2026-08-07 20:37:14,True,4587,136,19.396413802973303,39,0.52,0.1,0.3,0,0.5,10,9.5,10,rrt_20260807_203714_151.png
20260807_203716_852,2026-08-07 20:37:16,False,10000,176,0.0,0,0.52,0.1,0.3,0,0.5,10,9.5,10,rrt_20260807_203716_852.png
20260807_203719_395,2026-08-07 20:37:19,False,10000,188,0.0,0,0.52,0.1,0.3,0,0.5,10,9.5,10,rrt_20260807_203719_395.png
20260807_203721_943,2026-08-07 20:37:21,False,10000,193,0.0,0,0.52,0.1,0.3,0,0.5,10,9.5,10,rrt_20260807_203721_943.png
20260807_203724_421,2026-08-07 20:37:24,False,10000,213,0.0,0,0.52,0.1,0.3,0,0.5,10,9.5,10,rrt_20260807_203724_421.png
20260807_203726_087,2026-08-07 20:37:26,True,7821,140,18.082930539152546,36,0.52,0.1,0.3,0,0.5,10,9.5,10,rrt_20260807_203726_087.png
20260807_203728_735,2026-08-07 20:37:28,False,10000,228,0.0,0,0.52,0.1,0.3,0,0.5,10,9.5,10,rrt_20260807_203728_735.png
20260807_203729_891,2026-08-07 20:37:29,True,3643,145,17.679999999999993,35,0.52,0.1,0.3,0,0.5,10,9.5,10,rrt_20260807_203729_891.png
20260807_203731_158,2026-08-07 20:37:31,True,4447,154,17.518142761640103,35,0.52,0.1,0.3,0,0.5,10,9.5,10,rrt_20260807_203731_158.png
20260807_203733_461,2026-08-07 20:37:33,False,10000,196,0.0,0,0.52,0.1,0.3,0,0.5,10,9.5,10,rrt_20260807_203733_461.png
20260807_203736_618,2026-08-07 20:37:36,False,10000,207,0.0,0,0.52,0.1,0.3,0,0.5,10,9.5,10,rrt_20260807_203736_618.png
20260807_203738_277,2026-08-07 20:37:38,True,7420,161,17.680000000000003,35,0.52,0.1,0.3,0,0.5,10,9.5,10,rrt_20260807_203738_277.png
20260807_203740_461,2026-08-07 20:37:40,True,9978,167,20.22803836273358,40,0.52,0.1,0.3,0,0.5,10,9.5,10,rrt_20260807_203740_461.png
20260807_203741_494,2026-08-07 20:37:41,True,3912,121,17.548529245318775,35,0.52,0.1,0.3,0,0.5,10,9.5,10,rrt_20260807_203741_494.png
20260807_203743_933,2026-08-07 20:37:43,False,10000,215,0.0,0,0.52,0.1,0.3,0,0.5,10,9.5,10,rrt_20260807_203743_933.png
20260807_203744_890,2026-08-07 20:37:44,True,3079,99,16.639999999999993,33,0.52,0.1,0.3,0,0.5,10,9.5,10,rrt_20260807_203744_890.png
20260807_203747_098,2026-08-07 20:37:47,False,10000,178,0.0,0,0.52,0.1,0.3,0,0.5,10,9.5,10,rrt_20260807_203747_098.png
20260807_203748_279,2026-08-07 20:37:48,True,3796,152,18.57076385087672,37,0.52,0.1,0.3,0,0.5,10,9.5,10,rrt_20260807_203748_279.png
20260807_203750_895,2026-08-07 20:37:50,False,10000,209,0.0,0,0.52,0.1,0.3,0,0.5,10,9.5,10,rrt_20260807_203750_895.png
20260807_203752_386,2026-08-07 20:37:52,True,3492,102,18.199999999999996,36,0.52,0.1,0.3,0,0.5,10,9.5,10,rrt_20260807_203752_386.png
20260807_203754_676,2026-08-07 20:37:54,False,10000,178,0.0,0,0.52,0.1,0.3,0,0.5,10,9.5,10,rrt_20260807_203754_676.png
20260807_203756_674,2026-08-07 20:37:56,False,10000,127,0.0,0,0.52,0.1,0.3,0,0.5,10,9.5,10,rrt_20260807_203756_674.png
20260807_203759_597,2026-08-07 20:37:59,False,10000,213,0.0,0,0.52,0.1,0.3,0,0.5,10,9.5,10,rrt_20260807_203759_597.png
20260807_203801_802,2026-08-07 20:38:01,False,10000,195,0.0,0,0.52,0.1,0.3,0,0.5,10,9.5,10,rrt_20260807_203801_802.png
20260807_203803_746,2026-08-07 20:38:03,False,10000,138,0.0,0,0.52,0.1,0.3,0,0.5,10,9.5,10,rrt_20260807_203803_746.png
20260807_203805_980,2026-08-07 20:38:05,False,10000,175,0.0,0,0.52,0.1,0.3,0,0.5,10,9.5,10,rrt_20260807_203805_980.png
20260807_203807_677,2026-08-07 20:38:07,True,7933,157,17.08103147193767,34,0.52,0.1,0.3,0,0.5,10,9.5,10,rrt_20260807_203807_677.png
20260807_203809_036,2026-08-07 20:38:09,True,3010,108,17.679999999999993,35,0.52,0.1,0.3,0,0.5,10,9.5,10,rrt_20260807_203809_036.png
20260807_203811_535,2026-08-07 20:38:11,False,10000,184,0.0,0,0.52,0.1,0.3,0,0.5,10,9.5,10,rrt_20260807_203811_535.png
20260807_203812_454,2026-08-07 20:38:12,True,2342,92,17.472288977563935,35,0.52,0.1,0.3,0,0.5,10,9.5,10,rrt_20260807_203812_454.png
20260807_203814_499,2026-08-07 20:38:14,False,10000,144,0.0,0,0.52,0.1,0.3,0,0.5,10,9.5,10,rrt_20260807_203814_499.png
20260807_203816_966,2026-08-07 20:38:16,False,10000,194,0.0,0,0.52,0.1,0.3,0,0.5,10,9.5,10,rrt_20260807_203816_966.png
20260807_203817_838,2026-08-07 20:38:17,True,2302,84,16.52366302145065,33,0.52,0.1,0.3,0,0.5,10,9.5,10,rrt_20260807_203817_838.png
20260807_203819_164,2026-08-07 20:38:19,True,4785,161,16.793118434041595,34,0.52,0.1,0.3,0,0.5,10,9.5,10,rrt_20260807_203819_164.png
20260807_203820_160,2026-08-07 20:38:20,True,2714,132,21.759548589690265,43,0.52,0.1,0.3,0,0.5,10,9.5,10,rrt_20260807_203820_160.png
20260807_203822_463,2026-08-07 20:38:22,False,10000,195,0.0,0,0.52,0.1,0.3,0,0.5,10,9.5,10,rrt_20260807_203822_463.png
20260807_203824_807,2026-08-07 20:38:24,True,8396,205,17.159999999999997,34,0.52,0.1,0.3,0,0.5,10,9.5,10,rrt_20260807_203824_807.png
20260807_203827_698,2026-08-07 20:38:27,True,9813,213,18.259987009824037,37,0.52,0.1,0.3,0,0.5,10,9.5,10,rrt_20260807_203827_698.png
20260807_203830_180,2026-08-07 20:38:30,False,10000,200,0.0,0,0.52,0.1,0.3,0,0.5,10,9.5,10,rrt_20260807_203830_180.png
20260807_203832_732,2026-08-07 20:38:32,False,10000,206,0.0,0,0.52,0.1,0.3,0,0.5,10,9.5,10,rrt_20260807_203832_732.png
20260807_203835_922,2026-08-07 20:38:35,False,10000,221,0.0,0,0.52,0.1,0.3,0,0.5,10,9.5,10,rrt_20260807_203835_922.png
20260807_203837_182,2026-08-07 20:38:37,True,4511,133,17.54149504829905,35,0.52,0.1,0.3,0,0.5,10,9.5,10,rrt_20260807_203837_182.png
20260807_203838_086,2026-08-07 20:38:38,True,2245,76,17.15999999999999,34,0.52,0.1,0.3,0,0.5,10,9.5,10,rrt_20260807_203838_086.png
20260807_203840_444,2026-08-07 20:38:40,False,10000,170,0.0,0,0.52,0.1,0.3,0,0.5,10,9.5,10,rrt_20260807_203840_444.png
20260807_203841_393,2026-08-07 20:38:41,True,2321,76,18.199999999999996,36,0.52,0.1,0.3,0,0.5,10,9.5,10,rrt_20260807_203841_393.png
20260807_203842_627,2026-08-07 20:38:42,True,3044,91,18.199999999999992,36,0.52,0.1,0.3,0,0.5,10,9.5,10,rrt_20260807_203842_627.png
20260807_203843_636,2026-08-07 20:38:43,True,4273,107,17.605268990181656,35,0.52,0.1,0.3,0,0.5,10,9.5,10,rrt_20260807_203843_636.png
20260807_203844_649,2026-08-07 20:38:44,True,4036,115,17.159999999999997,34,0.52,0.1,0.3,0,0.5,10,9.5,10,rrt_20260807_203844_649.png
20260807_203845_549,2026-08-07 20:38:45,True,3564,102,20.703464450494454,41,0.52,0.1,0.3,0,0.5,10,9.5,10,rrt_20260807_203845_549.png
20260807_203848_410,2026-08-07 20:38:48,False,10000,217,0.0,0,0.52,0.1,0.3,0,0.5,10,9.5,10,rrt_20260807_203848_410.png
20260807_203851_240,2026-08-07 20:38:51,False,10000,211,0.0,0,0.52,0.1,0.3,0,0.5,10,9.5,10,rrt_20260807_203851_240.png
20260807_203853_747,2026-08-07 20:38:53,False,10000,207,0.0,0,0.52,0.1,0.3,0,0.5,10,9.5,10,rrt_20260807_203853_747.png
20260807_203855_846,2026-08-07 20:38:55,False,10000,150,0.0,0,0.52,0.1,0.3,0,0.5,10,9.5,10,rrt_20260807_203855_846.png
20260807_203858_329,2026-08-07 20:38:58,False,10000,202,0.0,0,0.52,0.1,0.3,0,0.5,10,9.5,10,rrt_20260807_203858_329.png
20260807_203859_513,2026-08-07 20:38:59,True,2392,80,18.64172513546241,37,0.52,0.1,0.3,0,0.5,10,9.5,10,rrt_20260807_203859_513.png
20260807_203901_966,2026-08-07 20:39:01,False,10000,183,0.0,0,0.52,0.1,0.3,0,0.5,10,9.5,10,rrt_20260807_203901_966.png
20260807_203904_996,2026-08-07 20:39:04,False,10000,213,0.0,0,0.52,0.1,0.3,0,0.5,10,9.5,10,rrt_20260807_203904_996.png
20260807_203907_287,2026-08-07 20:39:07,False,10000,189,0.0,0,0.52,0.1,0.3,0,0.5,10,9.5,10,rrt_20260807_203907_287.png
20260807_203908_379,2026-08-07 20:39:08,True,2973,124,18.15785556290887,36,0.52,0.1,0.3,0,0.5,10,9.5,10,rrt_20260807_203908_379.png
20260807_203909_414,2026-08-07 20:39:09,True,3712,134,17.679999999999996,35,0.52,0.1,0.3,0,0.5,10,9.5,10,rrt_20260807_203909_414.png
20260807_203911_313,2026-08-07 20:39:11,False,10000,153,0.0,0,0.52,0.1,0.3,0,0.5,10,9.5,10,rrt_20260807_203911_313.png
20260807_203913_896,2026-08-07 20:39:13,False,10000,218,0.0,0,0.52,0.1,0.3,0,0.5,10,9.5,10,rrt_20260807_203913_896.png
20260807_203915_327,2026-08-07 20:39:15,True,5488,156,17.57954596433895,35,0.52,0.1,0.3,0,0.5,10,9.5,10,rrt_20260807_203915_327.png
20260807_203917_386,2026-08-07 20:39:17,True,6908,180,22.92518572466331,46,0.52,0.1,0.3,0,0.5,10,9.5,10,rrt_20260807_203917_386.png
20260807_203918_273,2026-08-07 20:39:18,True,2296,106,17.587368512067457,35,0.52,0.1,0.3,0,0.5,10,9.5,10,rrt_20260807_203918_273.png
20260807_203921_032,2026-08-07 20:39:21,False,10000,206,0.0,0,0.52,0.1,0.3,0,0.5,10,9.5,10,rrt_20260807_203921_032.png
20260807_203922_499,2026-08-07 20:39:22,True,6329,159,19.116313660893233,38,0.52,0.1,0.3,0,0.5,10,9.5,10,rrt_20260807_203922_499.png
20260807_203924_181,2026-08-07 20:39:24,True,7230,179,17.91238665943072,36,0.52,0.1,0.3,0,0.5,10,9.5,10,rrt_20260807_203924_181.png
20260807_203925_378,2026-08-07 20:39:25,True,4648,145,18.58586141925235,37,0.52,0.1,0.3,0,0.5,10,9.5,10,rrt_20260807_203925_378.png
20260807_203927_154,2026-08-07 20:39:27,True,7218,190,18.2,36,0.52,0.1,0.3,0,0.5,10,9.5,10,rrt_20260807_203927_154.png
20260807_203928_328,2026-08-07 20:39:28,True,4753,139,18.196845823692726,36,0.52,0.1,0.3,0,0.5,10,9.5,10,rrt_20260807_203928_328.png
20260807_203931_456,2026-08-07 20:39:31,False,10000,229,0.0,0,0.52,0.1,0.3,0,0.5,10,9.5,10,rrt_20260807_203931_456.png
20260807_203932_770,2026-08-07 20:39:32,True,2318,108,17.679999999999993,35,0.52,0.1,0.3,0,0.5,10,9.5,10,rrt_20260807_203932_770.png
20260807_203933_743,2026-08-07 20:39:33,True,2547,118,18.076490222506276,36,0.52,0.1,0.3,0,0.5,10,9.5,10,rrt_20260807_203933_743.png
20260807_203936_045,2026-08-07 20:39:36,False,10000,203,0.0,0,0.52,0.1,0.3,0,0.5,10,9.5,10,rrt_20260807_203936_045.png
20260807_203937_016,2026-08-07 20:39:37,True,2294,113,18.199999999999996,36,0.52,0.1,0.3,0,0.5,10,9.5,10,rrt_20260807_203937_016.png
20260807_203938_328,2026-08-07 20:39:38,True,6254,149,17.679999999999993,35,0.52,0.1,0.3,0,0.5,10,9.5,10,rrt_20260807_203938_328.png
20260807_203941_116,2026-08-07 20:39:41,False,10000,209,0.0,0,0.52,0.1,0.3,0,0.5,10,9.5,10,rrt_20260807_203941_116.png
20260807_203943_250,2026-08-07 20:39:43,False,10000,174,0.0,0,0.52,0.1,0.3,0,0.5,10,9.5,10,rrt_20260807_203943_250.png
20260807_203944_611,2026-08-07 20:39:44,True,4526,160,17.68,35,0.52,0.1,0.3,0,0.5,10,9.5,10,rrt_20260807_203944_611.png
20260807_203946_843,2026-08-07 20:39:46,False,10000,177,0.0,0,0.52,0.1,0.3,0,0.5,10,9.5,10,rrt_20260807_203946_843.png
20260807_203950_127,2026-08-07 20:39:50,False,10000,224,0.0,0,0.52,0.1,0.3,0,0.5,10,9.5,10,rrt_20260807_203950_127.png
20260807_203951_491,2026-08-07 20:39:51,True,5630,142,18.613466567473086,37,0.52,0.1,0.3,0,0.5,10,9.5,10,rrt_20260807_203951_491.png
20260807_203954_415,2026-08-07 20:39:54,False,10000,240,0.0,0,0.52,0.1,0.3,0,0.5,10,9.5,10,rrt_20260807_203954_415.png
20260807_203957_239,2026-08-07 20:39:57,False,10000,216,0.0,0,0.52,0.1,0.3,0,0.5,10,9.5,10,rrt_20260807_203957_239.png
20260807_203958_270,2026-08-07 20:39:58,True,1263,54,17.53038543510209,35,0.52,0.1,0.3,0,0.5,10,9.5,10,rrt_20260807_203958_270.png
20260807_203959_214,2026-08-07 20:39:59,True,3611,130,18.074552687428604,36,0.52,0.1,0.3,0,0.5,10,9.5,10,rrt_20260807_203959_214.png
20260807_204000_300,2026-08-07 20:40:00,True,5141,146,17.159999999999993,34,0.52,0.1,0.3,0,0.5,10,9.5,10,rrt_20260807_204000_300.png
20260807_204001_233,2026-08-07 20:40:01,True,3322,113,17.561016960528107,35,0.52,0.1,0.3,0,0.5,10,9.5,10,rrt_20260807_204001_233.png
20260807_204003_477,2026-08-07 20:40:03,False,10000,180,0.0,0,0.52,0.1,0.3,0,0.5,10,9.5,10,rrt_20260807_204003_477.png
20260807_204004_825,2026-08-07 20:40:04,True,2903,108,16.639999999999993,33,0.52,0.1,0.3,0,0.5,10,9.5,10,rrt_20260807_204004_825.png
20260807_204007_248,2026-08-07 20:40:07,False,10000,193,0.0,0,0.52,0.1,0.3,0,0.5,10,9.5,10,rrt_20260807_204007_248.png
20260807_204008_373,2026-08-07 20:40:08,True,3752,141,17.575386208508263,35,0.52,0.1,0.3,0,0.5,10,9.5,10,rrt_20260807_204008_373.png
20260807_204010_713,2026-08-07 20:40:10,False,10000,206,0.0,0,0.52,0.1,0.3,0,0.5,10,9.5,10,rrt_20260807_204010_713.png
20260807_204013_552,2026-08-07 20:40:13,False,10000,197,0.0,0,0.52,0.1,0.3,0,0.5,10,9.5,10,rrt_20260807_204013_552.png
20260807_204016_561,2026-08-07 20:40:16,False,10000,186,0.0,0,0.52,0.1,0.3,0,0.5,10,9.5,10,rrt_20260807_204016_561.png
20260807_204017_538,2026-08-07 20:40:17,True,2229,94,21.31999999999999,42,0.52,0.1,0.3,0,0.5,10,9.5,10,rrt_20260807_204017_538.png
20260807_204019_831,2026-08-07 20:40:19,False,10000,176,0.0,0,0.52,0.1,0.3,0,0.5,10,9.5,10,rrt_20260807_204019_831.png
20260807_204022_216,2026-08-07 20:40:22,False,10000,196,0.0,0,0.52,0.1,0.3,0,0.5,10,9.5,10,rrt_20260807_204022_216.png
20260807_204025_115,2026-08-07 20:40:25,True,9567,219,17.679999999999993,35,0.52,0.1,0.3,0,0.5,10,9.5,10,rrt_20260807_204025_115.png
20260807_204028_650,2026-08-07 20:40:28,False,10000,268,0.0,0,0.52,0.2,0.3,0,0.5,10,9.5,10,rrt_20260807_204028_650.png
20260807_204029_578,2026-08-07 20:40:29,True,1748,139,18.71999999999999,37,0.52,0.2,0.3,0,0.5,10,9.5,10,rrt_20260807_204029_578.png
20260807_204032_646,2026-08-07 20:40:32,False,10000,274,0.0,0,0.52,0.2,0.3,0,0.5,10,9.5,10,rrt_20260807_204032_646.png
20260807_204036_020,2026-08-07 20:40:36,False,10000,295,0.0,0,0.52,0.2,0.3,0,0.5,10,9.5,10,rrt_20260807_204036_020.png
20260807_204037_208,2026-08-07 20:40:37,True,3269,178,16.778210093478826,34,0.52,0.2,0.3,0,0.5,10,9.5,10,rrt_20260807_204037_208.png
20260807_204039_982,2026-08-07 20:40:39,False,10000,259,0.0,0,0.52,0.2,0.3,0,0.5,10,9.5,10,rrt_20260807_204039_982.png
20260807_204042_376,2026-08-07 20:40:42,False,10000,186,0.0,0,0.52,0.2,0.3,0,0.5,10,9.5,10,rrt_20260807_204042_376.png
20260807_204045_894,2026-08-07 20:40:45,False,10000,249,0.0,0,0.52,0.2,0.3,0,0.5,10,9.5,10,rrt_20260807_204045_894.png
20260807_204048_871,2026-08-07 20:40:48,False,10000,239,0.0,0,0.52,0.2,0.3,0,0.5,10,9.5,10,rrt_20260807_204048_871.png
20260807_204051_897,2026-08-07 20:40:51,False,10000,277,0.0,0,0.52,0.2,0.3,0,0.5,10,9.5,10,rrt_20260807_204051_897.png
20260807_204052_695,2026-08-07 20:40:52,True,888,78,19.062332654532188,38,0.52,0.2,0.3,0,0.5,10,9.5,10,rrt_20260807_204052_695.png
20260807_204053_509,2026-08-07 20:40:53,True,2032,122,17.679999999999996,35,0.52,0.2,0.3,0,0.5,10,9.5,10,rrt_20260807_204053_509.png
20260807_204054_651,2026-08-07 20:40:54,True,3159,162,18.199999999999992,36,0.52,0.2,0.3,0,0.5,10,9.5,10,rrt_20260807_204054_651.png
20260807_204057_289,2026-08-07 20:40:57,True,7510,238,19.75999999999999,39,0.52,0.2,0.3,0,0.5,10,9.5,10,rrt_20260807_204057_289.png
20260807_204058_248,2026-08-07 20:40:58,True,1762,132,18.14463286049155,36,0.52,0.2,0.3,0,0.5,10,9.5,10,rrt_20260807_204058_248.png
20260807_204059_234,2026-08-07 20:40:59,True,2827,114,21.358284180301748,43,0.52,0.2,0.3,0,0.5,10,9.5,10,rrt_20260807_204059_234.png
20260807_204100_481,2026-08-07 20:41:00,True,2606,140,17.031008702606282,34,0.52,0.2,0.3,0,0.5,10,9.5,10,rrt_20260807_204100_481.png
20260807_204103_826,2026-08-07 20:41:03,False,10000,291,0.0,0,0.52,0.2,0.3,0,0.5,10,9.5,10,rrt_20260807_204103_826.png
20260807_204106_108,2026-08-07 20:41:06,False,10000,157,0.0,0,0.52,0.2,0.3,0,0.5,10,9.5,10,rrt_20260807_204106_108.png
20260807_204108_880,2026-08-07 20:41:08,False,10000,250,0.0,0,0.52,0.2,0.3,0,0.5,10,9.5,10,rrt_20260807_204108_880.png
20260807_204109_639,2026-08-07 20:41:09,True,932,84,17.556840837446096,35,0.52,0.2,0.3,0,0.5,10,9.5,10,rrt_20260807_204109_639.png
20260807_204110_787,2026-08-07 20:41:10,True,3727,157,19.23999999999999,38,0.52,0.2,0.3,0,0.5,10,9.5,10,rrt_20260807_204110_787.png
20260807_204111_598,2026-08-07 20:41:11,True,1561,120,17.59116857303782,35,0.52,0.2,0.3,0,0.5,10,9.5,10,rrt_20260807_204111_598.png
20260807_204113_864,2026-08-07 20:41:13,False,10000,171,0.0,0,0.52,0.2,0.3,0,0.5,10,9.5,10,rrt_20260807_204113_864.png
20260807_204114_664,2026-08-07 20:41:14,True,1470,93,17.679999999999996,35,0.52,0.2,0.3,0,0.5,10,9.5,10,rrt_20260807_204114_664.png
20260807_204115_786,2026-08-07 20:41:15,True,728,73,17.679999999999993,35,0.52,0.2,0.3,0,0.5,10,9.5,10,rrt_20260807_204115_786.png
20260807_204119_001,2026-08-07 20:41:19,False,10000,280,0.0,0,0.52,0.2,0.3,0,0.5,10,9.5,10,rrt_20260807_204119_001.png
20260807_204120_063,2026-08-07 20:41:20,True,4084,139,18.68265683543259,37,0.52,0.2,0.3,0,0.5,10,9.5,10,rrt_20260807_204120_063.png
20260807_204123_293,2026-08-07 20:41:23,False,10000,308,0.0,0,0.52,0.2,0.3,0,0.5,10,9.5,10,rrt_20260807_204123_293.png
20260807_204126_795,2026-08-07 20:41:26,False,10000,275,0.0,0,0.52,0.2,0.3,0,0.5,10,9.5,10,rrt_20260807_204126_795.png
20260807_204128_013,2026-08-07 20:41:28,True,3594,153,19.52351164512489,39,0.52,0.2,0.3,0,0.5,10,9.5,10,rrt_20260807_204128_013.png
20260807_204129_098,2026-08-07 20:41:29,True,2508,142,18.657000675204365,37,0.52,0.2,0.3,0,0.5,10,9.5,10,rrt_20260807_204129_098.png
20260807_204132_138,2026-08-07 20:41:32,False,10000,271,0.0,0,0.52,0.2,0.3,0,0.5,10,9.5,10,rrt_20260807_204132_138.png
20260807_204135_539,2026-08-07 20:41:35,False,10000,268,0.0,0,0.52,0.2,0.3,0,0.5,10,9.5,10,rrt_20260807_204135_539.png
20260807_204137_135,2026-08-07 20:41:37,True,3359,177,17.16,34,0.52,0.2,0.3,0,0.5,10,9.5,10,rrt_20260807_204137_135.png
20260807_204139_823,2026-08-07 20:41:39,False,10000,222,0.0,0,0.52,0.2,0.3,0,0.5,10,9.5,10,rrt_20260807_204139_823.png
20260807_204143_098,2026-08-07 20:41:43,False,10000,276,0.0,0,0.52,0.2,0.3,0,0.5,10,9.5,10,rrt_20260807_204143_098.png
20260807_204145_068,2026-08-07 20:41:45,True,6338,224,17.679999999999993,35,0.52,0.2,0.3,0,0.5,10,9.5,10,rrt_20260807_204145_068.png
20260807_204146_045,2026-08-07 20:41:46,True,2094,160,18.079410934567818,36,0.52,0.2,0.3,0,0.5,10,9.5,10,rrt_20260807_204146_045.png
20260807_204149_111,2026-08-07 20:41:49,False,10000,277,0.0,0,0.52,0.2,0.3,0,0.5,10,9.5,10,rrt_20260807_204149_111.png
20260807_204152_495,2026-08-07 20:41:52,False,10000,284,0.0,0,0.52,0.2,0.3,0,0.5,10,9.5,10,rrt_20260807_204152_495.png
20260807_204154_967,2026-08-07 20:41:54,False,10000,207,0.0,0,0.52,0.2,0.3,0,0.5,10,9.5,10,rrt_20260807_204154_967.png
20260807_204158_081,2026-08-07 20:41:58,False,10000,272,0.0,0,0.52,0.2,0.3,0,0.5,10,9.5,10,rrt_20260807_204158_081.png
20260807_204201_122,2026-08-07 20:42:01,False,10000,223,0.0,0,0.52,0.2,0.3,0,0.5,10,9.5,10,rrt_20260807_204201_122.png
20260807_204203_499,2026-08-07 20:42:03,True,6845,237,19.363833566973597,39,0.52,0.2,0.3,0,0.5,10,9.5,10,rrt_20260807_204203_499.png
20260807_204206_259,2026-08-07 20:42:06,False,10000,232,0.0,0,0.52,0.2,0.3,0,0.5,10,9.5,10,rrt_20260807_204206_259.png
20260807_204207_102,2026-08-07 20:42:07,True,1217,103,18.061182820301624,36,0.52,0.2,0.3,0,0.5,10,9.5,10,rrt_20260807_204207_102.png
20260807_204207_893,2026-08-07 20:42:07,True,2164,109,18.077311855510487,36,0.52,0.2,0.3,0,0.5,10,9.5,10,rrt_20260807_204207_893.png
20260807_204209_093,2026-08-07 20:42:09,True,4066,183,18.719999999999995,37,0.52,0.2,0.3,0,0.5,10,9.5,10,rrt_20260807_204209_093.png
20260807_204209_931,2026-08-07 20:42:09,True,1704,120,17.47075560224804,35,0.52,0.2,0.3,0,0.5,10,9.5,10,rrt_20260807_204209_931.png
20260807_204211_202,2026-08-07 20:42:11,True,2762,142,18.57002295859512,37,0.52,0.2,0.3,0,0.5,10,9.5,10,rrt_20260807_204211_202.png
20260807_204214_387,2026-08-07 20:42:14,False,10000,276,0.0,0,0.52,0.2,0.3,0,0.5,10,9.5,10,rrt_20260807_204214_387.png
20260807_204216_333,2026-08-07 20:42:16,True,4088,156,19.759999999999994,39,0.52,0.2,0.3,0,0.5,10,9.5,10,rrt_20260807_204216_333.png
20260807_204219_265,2026-08-07 20:42:19,False,10000,264,0.0,0,0.52,0.2,0.3,0,0.5,10,9.5,10,rrt_20260807_204219_265.png
20260807_204221_116,2026-08-07 20:42:21,True,5815,231,19.239999999999995,38,0.52,0.2,0.3,0,0.5,10,9.5,10,rrt_20260807_204221_116.png
20260807_204222_647,2026-08-07 20:42:22,True,4598,212,19.095833938426694,38,0.52,0.2,0.3,0,0.5,10,9.5,10,rrt_20260807_204222_647.png
20260807_204223_616,2026-08-07 20:42:23,True,2085,146,19.5093899092712,39,0.52,0.2,0.3,0,0.5,10,9.5,10,rrt_20260807_204223_616.png
20260807_204224_368,2026-08-07 20:42:24,True,1170,75,17.579462853968767,35,0.52,0.2,0.3,0,0.5,10,9.5,10,rrt_20260807_204224_368.png
20260807_204225_565,2026-08-07 20:42:25,True,3434,179,18.719999999999995,37,0.52,0.2,0.3,0,0.5,10,9.5,10,rrt_20260807_204225_565.png
20260807_204229_417,2026-08-07 20:42:29,False,10000,283,0.0,0,0.52,0.2,0.3,0,0.5,10,9.5,10,rrt_20260807_204229_417.png
20260807_204231_278,2026-08-07 20:42:31,True,7411,203,18.71097899293317,37,0.52,0.2,0.3,0,0.5,10,9.5,10,rrt_20260807_204231_278.png
20260807_204233_882,2026-08-07 20:42:33,False,10000,170,0.0,0,0.52,0.2,0.3,0,0.5,10,9.5,10,rrt_20260807_204233_882.png
20260807_204236_083,2026-08-07 20:42:36,True,6626,267,17.159999999999993,34,0.52,0.2,0.3,0,0.5,10,9.5,10,rrt_20260807_204236_083.png
20260807_204238_990,2026-08-07 20:42:38,False,10000,250,0.0,0,0.52,0.2,0.3,0,0.5,10,9.5,10,rrt_20260807_204238_990.png
20260807_204242_329,2026-08-07 20:42:42,False,10000,294,0.0,0,0.52,0.2,0.3,0,0.5,10,9.5,10,rrt_20260807_204242_329.png
20260807_204243_238,2026-08-07 20:42:43,True,1473,115,18.033167489740013,36,0.52,0.2,0.3,0,0.5,10,9.5,10,rrt_20260807_204243_238.png
20260807_204243_949,2026-08-07 20:42:43,True,1479,76,16.639999999999997,33,0.52,0.2,0.3,0,0.5,10,9.5,10,rrt_20260807_204243_949.png
20260807_204245_192,2026-08-07 20:42:45,True,5629,163,18.076331388675552,36,0.52,0.2,0.3,0,0.5,10,9.5,10,rrt_20260807_204245_192.png
20260807_204248_054,2026-08-07 20:42:48,False,10000,234,0.0,0,0.52,0.2,0.3,0,0.5,10,9.5,10,rrt_20260807_204248_054.png
20260807_204251_389,2026-08-07 20:42:51,False,10000,268,0.0,0,0.52,0.2,0.3,0,0.5,10,9.5,10,rrt_20260807_204251_389.png
20260807_204254_732,2026-08-07 20:42:54,False,10000,236,0.0,0,0.52,0.2,0.3,0,0.5,10,9.5,10,rrt_20260807_204254_732.png
20260807_204258_085,2026-08-07 20:42:58,False,10000,281,0.0,0,0.52,0.2,0.3,0,0.5,10,9.5,10,rrt_20260807_204258_085.png
20260807_204301_357,2026-08-07 20:43:01,False,10000,286,0.0,0,0.52,0.2,0.3,0,0.5,10,9.5,10,rrt_20260807_204301_357.png
20260807_204304_921,2026-08-07 20:43:04,False,10000,275,0.0,0,0.52,0.2,0.3,0,0.5,10,9.5,10,rrt_20260807_204304_921.png
20260807_204308_132,2026-08-07 20:43:08,False,10000,275,0.0,0,0.52,0.2,0.3,0,0.5,10,9.5,10,rrt_20260807_204308_132.png
20260807_204311_274,2026-08-07 20:43:11,False,10000,278,0.0,0,0.52,0.2,0.3,0,0.5,10,9.5,10,rrt_20260807_204311_274.png
20260807_204312_130,2026-08-07 20:43:12,True,2032,123,19.23999999999999,38,0.52,0.2,0.3,0,0.5,10,9.5,10,rrt_20260807_204312_130.png
20260807_204314_591,2026-08-07 20:43:14,True,7961,240,17.71020032709826,36,0.52,0.2,0.3,0,0.5,10,9.5,10,rrt_20260807_204314_591.png
20260807_204317_365,2026-08-07 20:43:17,False,10000,170,0.0,0,0.52,0.2,0.3,0,0.5,10,9.5,10,rrt_20260807_204317_365.png
20260807_204318_253,2026-08-07 20:43:18,True,1335,117,17.083199922454778,34,0.52,0.2,0.3,0,0.5,10,9.5,10,rrt_20260807_204318_253.png
20260807_204319_005,2026-08-07 20:43:19,True,1208,83,17.67116643723704,35,0.52,0.2,0.3,0,0.5,10,9.5,10,rrt_20260807_204319_005.png
20260807_204320_067,2026-08-07 20:43:20,True,1940,128,17.766182372513054,36,0.52,0.2,0.3,0,0.5,10,9.5,10,rrt_20260807_204320_067.png
20260807_204321_814,2026-08-07 20:43:21,True,5158,215,19.239999999999995,38,0.52,0.2,0.3,0,0.5,10,9.5,10,rrt_20260807_204321_814.png
20260807_204322_573,2026-08-07 20:43:22,True,1261,112,17.52129114260347,35,0.52,0.2,0.3,0,0.5,10,9.5,10,rrt_20260807_204322_573.png
20260807_204323_382,2026-08-07 20:43:23,True,1810,121,18.086959967595305,36,0.52,0.2,0.3,0,0.5,10,9.5,10,rrt_20260807_204323_382.png
20260807_204326_459,2026-08-07 20:43:26,False,10000,256,0.0,0,0.52,0.2,0.3,0,0.5,10,9.5,10,rrt_20260807_204326_459.png
20260807_204329_992,2026-08-07 20:43:29,False,10000,277,0.0,0,0.52,0.2,0.3,0,0.5,10,9.5,10,rrt_20260807_204329_992.png
20260807_204331_186,2026-08-07 20:43:31,True,1340,101,17.54449210976668,35,0.52,0.2,0.3,0,0.5,10,9.5,10,rrt_20260807_204331_186.png
20260807_204332_184,2026-08-07 20:43:32,True,1644,110,16.798151822584938,34,0.52,0.2,0.3,0,0.5,10,9.5,10,rrt_20260807_204332_184.png
20260807_204333_182,2026-08-07 20:43:33,True,2126,153,16.870578305458906,34,0.52,0.2,0.3,0,0.5,10,9.5,10,rrt_20260807_204333_182.png
20260807_204334_226,2026-08-07 20:43:34,True,2962,151,19.232719788989908,38,0.52,0.2,0.3,0,0.5,10,9.5,10,rrt_20260807_204334_226.png
20260807_204335_216,2026-08-07 20:43:35,True,2364,162,17.159999999999997,34,0.52,0.2,0.3,0,0.5,10,9.5,10,rrt_20260807_204335_216.png
20260807_204336_097,2026-08-07 20:43:36,True,1594,98,17.679999999999993,35,0.52,0.2,0.3,0,0.5,10,9.5,10,rrt_20260807_204336_097.png
20260807_204337_033,2026-08-07 20:43:37,True,2080,124,18.54539696595442,37,0.52,0.2,0.3,0,0.5,10,9.5,10,rrt_20260807_204337_033.png
20260807_204339_778,2026-08-07 20:43:39,False,10000,246,0.0,0,0.52,0.2,0.3,0,0.5,10,9.5,10,rrt_20260807_204339_778.png
20260807_204340_970,2026-08-07 20:43:40,True,3469,177,18.197087573199532,36,0.52,0.2,0.3,0,0.5,10,9.5,10,rrt_20260807_204340_970.png
20260807_204342_635,2026-08-07 20:43:42,True,3302,192,18.643500325769878,37,0.52,0.2,0.3,0,0.5,10,9.5,10,rrt_20260807_204342_635.png
20260807_204345_539,2026-08-07 20:43:45,False,10000,252,0.0,0,0.52,0.2,0.3,0,0.5,10,9.5,10,rrt_20260807_204345_539.png
20260807_204348_442,2026-08-07 20:43:48,False,10000,268,0.0,0,0.52,0.2,0.3,0,0.5,10,9.5,10,rrt_20260807_204348_442.png
20260807_204351_549,2026-08-07 20:43:51,False,10000,265,0.0,0,0.52,0.2,0.3,0,0.5,10,9.5,10,rrt_20260807_204351_549.png
20260807_204352_608,2026-08-07 20:43:52,True,1006,122,18.192002030246393,36,0.52,0.3,0.3,0,0.5,10,9.5,10,rrt_20260807_204352_608.png
20260807_204353_416,2026-08-07 20:43:53,True,820,90,17.141021422840414,34,0.52,0.3,0.3,0,0.5,10,9.5,10,rrt_20260807_204353_416.png
20260807_204356_874,2026-08-07 20:43:56,False,10000,331,0.0,0,0.52,0.3,0.3,0,0.5,10,9.5,10,rrt_20260807_204356_874.png
20260807_204358_289,2026-08-07 20:43:58,True,2566,167,19.759999999999994,39,0.52,0.3,0.3,0,0.5,10,9.5,10,rrt_20260807_204358_289.png
20260807_204359_114,2026-08-07 20:43:59,True,1652,117,19.239999999999995,38,0.52,0.3,0.3,0,0.5,10,9.5,10,rrt_20260807_204359_114.png
20260807_204402_796,2026-08-07 20:44:02,False,10000,316,0.0,0,0.52,0.3,0.3,0,0.5,10,9.5,10,rrt_20260807_204402_796.png
20260807_204406_309,2026-08-07 20:44:06,False,10000,337,0.0,0,0.52,0.3,0.3,0,0.5,10,9.5,10,rrt_20260807_204406_309.png
20260807_204407_079,2026-08-07 20:44:07,True,752,88,18.102249206498904,36,0.52,0.3,0.3,0,0.5,10,9.5,10,rrt_20260807_204407_079.png
20260807_204409_633,2026-08-07 20:44:09,False,10000,217,0.0,0,0.52,0.3,0.3,0,0.5,10,9.5,10,rrt_20260807_204409_633.png
20260807_204410_443,2026-08-07 20:44:10,True,1106,115,18.199999999999992,36,0.52,0.3,0.3,0,0.5,10,9.5,10,rrt_20260807_204410_443.png
20260807_204411_151,2026-08-07 20:44:11,True,1036,111,18.147055289547637,36,0.52,0.3,0.3,0,0.5,10,9.5,10,rrt_20260807_204411_151.png
20260807_204411_971,2026-08-07 20:44:11,True,1939,135,18.072277052158796,36,0.52,0.3,0.3,0,0.5,10,9.5,10,rrt_20260807_204411_971.png
20260807_204413_125,2026-08-07 20:44:13,True,2898,196,17.57039785414315,35,0.52,0.3,0.3,0,0.5,10,9.5,10,rrt_20260807_204413_125.png
20260807_204414_072,2026-08-07 20:44:14,True,885,110,17.679999999999993,35,0.52,0.3,0.3,0,0.5,10,9.5,10,rrt_20260807_204414_072.png
20260807_204415_711,2026-08-07 20:44:15,True,2964,213,18.50697984335582,37,0.52,0.3,0.3,0,0.5,10,9.5,10,rrt_20260807_204415_711.png
20260807_204416_524,2026-08-07 20:44:16,True,1331,109,20.79999999999999,41,0.52,0.3,0.3,0,0.5,10,9.5,10,rrt_20260807_204416_524.png
20260807_204419_340,2026-08-07 20:44:19,False,10000,269,0.0,0,0.52,0.3,0.3,0,0.5,10,9.5,10,rrt_20260807_204419_340.png
20260807_204421_853,2026-08-07 20:44:21,True,5641,246,18.431941815642702,37,0.52,0.3,0.3,0,0.5,10,9.5,10,rrt_20260807_204421_853.png
20260807_204425_674,2026-08-07 20:44:25,False,10000,345,0.0,0,0.52,0.3,0.3,0,0.5,10,9.5,10,rrt_20260807_204425_674.png
20260807_204426_647,2026-08-07 20:44:26,True,2027,130,20.799999999999994,41,0.52,0.3,0.3,0,0.5,10,9.5,10,rrt_20260807_204426_647.png
20260807_204429_865,2026-08-07 20:44:29,False,10000,300,0.0,0,0.52,0.3,0.3,0,0.5,10,9.5,10,rrt_20260807_204429_865.png
20260807_204430_679,2026-08-07 20:44:30,True,1136,113,18.199999999999992,36,0.52,0.3,0.3,0,0.5,10,9.5,10,rrt_20260807_204430_679.png
20260807_204431_526,2026-08-07 20:44:31,True,1748,166,18.044633371095728,36,0.52,0.3,0.3,0,0.5,10,9.5,10,rrt_20260807_204431_526.png
20260807_204435_941,2026-08-07 20:44:35,False,10000,329,0.0,0,0.52,0.3,0.3,0,0.5,10,9.5,10,rrt_20260807_204435_941.png
20260807_204436_775,2026-08-07 20:44:36,True,1390,131,18.02228104571714,36,0.52,0.3,0.3,0,0.5,10,9.5,10,rrt_20260807_204436_775.png
20260807_204440_570,2026-08-07 20:44:40,False,10000,359,0.0,0,0.52,0.3,0.3,0,0.5,10,9.5,10,rrt_20260807_204440_570.png
20260807_204444_235,2026-08-07 20:44:44,False,10000,317,0.0,0,0.52,0.3,0.3,0,0.5,10,9.5,10,rrt_20260807_204444_235.png
20260807_204445_702,2026-08-07 20:44:45,True,3970,231,17.679999999999996,35,0.52,0.3,0.3,0,0.5,10,9.5,10,rrt_20260807_204445_702.png
20260807_204449_302,2026-08-07 20:44:49,False,10000,328,0.0,0,0.52,0.3,0.3,0,0.5,10,9.5,10,rrt_20260807_204449_302.png
20260807_204450_224,2026-08-07 20:44:50,True,1962,135,21.743162214690194,43,0.52,0.3,0.3,0,0.5,10,9.5,10,rrt_20260807_204450_224.png
20260807_204451_033,2026-08-07 20:44:51,True,1867,132,17.644452908446663,35,0.52,0.3,0.3,0,0.5,10,9.5,10,rrt_20260807_204451_033.png
20260807_204451_758,2026-08-07 20:44:51,True,961,100,18.104226209860585,36,0.52,0.3,0.3,0,0.5,10,9.5,10,rrt_20260807_204451_758.png
20260807_204454_920,2026-08-07 20:44:54,False,10000,211,0.0,0,0.52,0.3,0.3,0,0.5,10,9.5,10,rrt_20260807_204454_920.png
20260807_204458_794,2026-08-07 20:44:58,False,10000,352,0.0,0,0.52,0.3,0.3,0,0.5,10,9.5,10,rrt_20260807_204458_794.png
20260807_204502_520,2026-08-07 20:45:02,False,10000,331,0.0,0,0.52,0.3,0.3,0,0.5,10,9.5,10,rrt_20260807_204502_520.png
20260807_204503_600,2026-08-07 20:45:03,True,2356,181,18.53796824097888,37,0.52,0.3,0.3,0,0.5,10,9.5,10,rrt_20260807_204503_600.png
20260807_204504_629,2026-08-07 20:45:04,True,2300,164,17.679999999999996,35,0.52,0.3,0.3,0,0.5,10,9.5,10,rrt_20260807_204504_629.png
20260807_204506_554,2026-08-07 20:45:06,True,4896,247,19.684805901365173,39,0.52,0.3,0.3,0,0.5,10,9.5,10,rrt_20260807_204506_554.png
20260807_204507_523,2026-08-07 20:45:07,True,607,101,16.505178868309272,33,0.52,0.3,0.3,0,0.5,10,9.5,10,rrt_20260807_204507_523.png
20260807_204511_443,2026-08-07 20:45:11,False,10000,370,0.0,0,0.52,0.3,0.3,0,0.5,10,9.5,10,rrt_20260807_204511_443.png
20260807_204512_724,2026-08-07 20:45:12,True,1577,136,18.71999999999999,37,0.52,0.3,0.3,0,0.5,10,9.5,10,rrt_20260807_204512_724.png
20260807_204514_085,2026-08-07 20:45:14,True,1950,151,17.140852624334908,34,0.52,0.3,0.3,0,0.5,10,9.5,10,rrt_20260807_204514_085.png
20260807_204515_648,2026-08-07 20:45:15,True,4796,225,21.934798698888567,44,0.52,0.3,0.3,0,0.5,10,9.5,10,rrt_20260807_204515_648.png
20260807_204519_543,2026-08-07 20:45:19,False,10000,350,0.0,0,0.52,0.3,0.3,0,0.5,10,9.5,10,rrt_20260807_204519_543.png
20260807_204520_619,2026-08-07 20:45:20,True,2888,143,18.72,37,0.52,0.3,0.3,0,0.5,10,9.5,10,rrt_20260807_204520_619.png
20260807_204521_467,2026-08-07 20:45:21,True,1649,155,18.199999999999996,36,0.52,0.3,0.3,0,0.5,10,9.5,10,rrt_20260807_204521_467.png
20260807_204525_489,2026-08-07 20:45:25,False,10000,329,0.0,0,0.52,0.3,0.3,0,0.5,10,9.5,10,rrt_20260807_204525_489.png
20260807_204526_354,2026-08-07 20:45:26,True,822,103,17.159999999999997,34,0.52,0.3,0.3,0,0.5,10,9.5,10,rrt_20260807_204526_354.png
20260807_204529_861,2026-08-07 20:45:29,False,10000,314,0.0,0,0.52,0.3,0.3,0,0.5,10,9.5,10,rrt_20260807_204529_861.png
20260807_204534_090,2026-08-07 20:45:34,False,10000,337,0.0,0,0.52,0.3,0.3,0,0.5,10,9.5,10,rrt_20260807_204534_090.png
20260807_204535_197,2026-08-07 20:45:35,True,2477,160,17.90698183390065,36,0.52,0.3,0.3,0,0.5,10,9.5,10,rrt_20260807_204535_197.png
20260807_204538_766,2026-08-07 20:45:38,False,10000,347,0.0,0,0.52,0.3,0.3,0,0.5,10,9.5,10,rrt_20260807_204538_766.png
20260807_204539_646,2026-08-07 20:45:39,True,1129,139,18.098259252755113,36,0.52,0.3,0.3,0,0.5,10,9.5,10,rrt_20260807_204539_646.png
20260807_204540_421,2026-08-07 20:45:40,True,738,96,16.639999999999997,33,0.52,0.3,0.3,0,0.5,10,9.5,10,rrt_20260807_204540_421.png
20260807_204541_149,2026-08-07 20:45:41,True,1076,108,19.239999999999995,38,0.52,0.3,0.3,0,0.5,10,9.5,10,rrt_20260807_204541_149.png
20260807_204544_640,2026-08-07 20:45:44,False,10000,345,0.0,0,0.52,0.3,0.3,0,0.5,10,9.5,10,rrt_20260807_204544_640.png
20260807_204547_496,2026-08-07 20:45:47,False,10000,252,0.0,0,0.52,0.3,0.3,0,0.5,10,9.5,10,rrt_20260807_204547_496.png
20260807_204551_225,2026-08-07 20:45:51,False,10000,346,0.0,0,0.52,0.3,0.3,0,0.5,10,9.5,10,rrt_20260807_204551_225.png
20260807_204554_309,2026-08-07 20:45:54,True,7714,292,24.439999999999987,48,0.52,0.3,0.3,0,0.5,10,9.5,10,rrt_20260807_204554_309.png
20260807_204558_381,2026-08-07 20:45:58,False,10000,348,0.0,0,0.52,0.3,0.3,0,0.5,10,9.5,10,rrt_20260807_204558_381.png
20260807_204601_340,2026-08-07 20:46:01,False,10000,257,0.0,0,0.52,0.3,0.3,0,0.5,10,9.5,10,rrt_20260807_204601_340.png
20260807_204602_601,2026-08-07 20:46:02,True,1309,136,17.0490715451575,34,0.52,0.3,0.3,0,0.5,10,9.5,10,rrt_20260807_204602_601.png
20260807_204603_384,2026-08-07 20:46:03,True,414,87,16.11999999999999,32,0.52,0.3,0.3,0,0.5,10,9.5,10,rrt_20260807_204603_384.png
20260807_204605_964,2026-08-07 20:46:05,False,10000,218,0.0,0,0.52,0.3,0.3,0,0.5,10,9.5,10,rrt_20260807_204605_964.png
20260807_204608_557,2026-08-07 20:46:08,False,10000,213,0.0,0,0.52,0.3,0.3,0,0.5,10,9.5,10,rrt_20260807_204608_557.png
20260807_204609_528,2026-08-07 20:46:09,True,2232,147,18.199999999999992,36,0.52,0.3,0.3,0,0.5,10,9.5,10,rrt_20260807_204609_528.png
20260807_204613_324,2026-08-07 20:46:13,False,10000,339,0.0,0,0.52,0.3,0.3,0,0.5,10,9.5,10,rrt_20260807_204613_324.png
20260807_204617_644,2026-08-07 20:46:17,False,10000,335,0.0,0,0.52,0.3,0.3,0,0.5,10,9.5,10,rrt_20260807_204617_644.png
20260807_204620_544,2026-08-07 20:46:20,False,10000,250,0.0,0,0.52,0.3,0.3,0,0.5,10,9.5,10,rrt_20260807_204620_544.png
20260807_204624_599,2026-08-07 20:46:24,False,10000,352,0.0,0,0.52,0.3,0.3,0,0.5,10,9.5,10,rrt_20260807_204624_599.png
20260807_204625_616,2026-08-07 20:46:25,True,1256,98,18.946981044499474,38,0.52,0.3,0.3,0,0.5,10,9.5,10,rrt_20260807_204625_616.png
20260807_204629_387,2026-08-07 20:46:29,False,10000,360,0.0,0,0.52,0.3,0.3,0,0.5,10,9.5,10,rrt_20260807_204629_387.png
20260807_204632_908,2026-08-07 20:46:32,False,10000,330,0.0,0,0.52,0.3,0.3,0,0.5,10,9.5,10,rrt_20260807_204632_908.png
20260807_204633_740,2026-08-07 20:46:33,True,1112,95,17.65901256609229,35,0.52,0.3,0.3,0,0.5,10,9.5,10,rrt_20260807_204633_740.png
20260807_204634_545,2026-08-07 20:46:34,True,1504,138,19.636190203403704,39,0.52,0.3,0.3,0,0.5,10,9.5,10,rrt_20260807_204634_545.png
20260807_204638_367,2026-08-07 20:46:38,False,10000,373,0.0,0,0.52,0.3,0.3,0,0.5,10,9.5,10,rrt_20260807_204638_367.png
20260807_204639_905,2026-08-07 20:46:39,True,1399,128,19.23999999999999,38,0.52,0.3,0.3,0,0.5,10,9.5,10,rrt_20260807_204639_905.png
20260807_204643_153,2026-08-07 20:46:43,False,10000,308,0.0,0,0.52,0.3,0.3,0,0.5,10,9.5,10,rrt_20260807_204643_153.png
20260807_204644_267,2026-08-07 20:46:44,True,2617,150,26.992635723129514,53,0.52,0.3,0.3,0,0.5,10,9.5,10,rrt_20260807_204644_267.png
20260807_204647_879,2026-08-07 20:46:47,False,10000,324,0.0,0,0.52,0.3,0.3,0,0.5,10,9.5,10,rrt_20260807_204647_879.png
20260807_204648_756,2026-08-07 20:46:48,True,1054,109,17.679999999999993,35,0.52,0.3,0.3,0,0.5,10,9.5,10,rrt_20260807_204648_756.png
20260807_204649_581,2026-08-07 20:46:49,True,1936,121,18.30283214220977,37,0.52,0.3,0.3,0,0.5,10,9.5,10,rrt_20260807_204649_581.png
20260807_204650_462,2026-08-07 20:46:50,True,1717,167,17.023314684027827,34,0.52,0.3,0.3,0,0.5,10,9.5,10,rrt_20260807_204650_462.png
20260807_204654_017,2026-08-07 20:46:54,False,10000,332,0.0,0,0.52,0.3,0.3,0,0.5,10,9.5,10,rrt_20260807_204654_017.png
20260807_204655_064,2026-08-07 20:46:55,True,2476,149,18.718136751772295,37,0.52,0.3,0.3,0,0.5,10,9.5,10,rrt_20260807_204655_064.png
20260807_204656_195,2026-08-07 20:46:56,True,678,83,17.679999999999993,35,0.52,0.3,0.3,0,0.5,10,9.5,10,rrt_20260807_204656_195.png
20260807_204658_743,2026-08-07 20:46:58,False,10000,224,0.0,0,0.52,0.3,0.3,0,0.5,10,9.5,10,rrt_20260807_204658_743.png
20260807_204659_770,2026-08-07 20:46:59,True,2111,163,17.159999999999993,34,0.52,0.3,0.3,0,0.5,10,9.5,10,rrt_20260807_204659_770.png
20260807_204702_879,2026-08-07 20:47:02,False,10000,284,0.0,0,0.52,0.3,0.3,0,0.5,10,9.5,10,rrt_20260807_204702_879.png
20260807_204703_697,2026-08-07 20:47:03,True,957,87,18.199999999999996,36,0.52,0.3,0.3,0,0.5,10,9.5,10,rrt_20260807_204703_697.png
20260807_204707_654,2026-08-07 20:47:07,False,10000,331,0.0,0,0.52,0.3,0.3,0,0.5,10,9.5,10,rrt_20260807_204707_654.png
20260807_204709_187,2026-08-07 20:47:09,True,3939,227,17.679999999999996,35,0.52,0.3,0.3,0,0.5,10,9.5,10,rrt_20260807_204709_187.png
20260807_204710_071,2026-08-07 20:47:10,True,1781,158,17.548013120773344,35,0.52,0.3,0.3,0,0.5,10,9.5,10,rrt_20260807_204710_071.png
20260807_204710_899,2026-08-07 20:47:10,True,1378,142,17.55344258478277,35,0.52,0.3,0.3,0,0.5,10,9.5,10,rrt_20260807_204710_899.png
20260807_204712_184,2026-08-07 20:47:12,True,2421,164,20.799999999999994,41,0.52,0.3,0.3,0,0.5,10,9.5,10,rrt_20260807_204712_184.png
20260807_204715_797,2026-08-07 20:47:15,False,10000,320,0.0,0,0.52,0.3,0.3,0,0.5,10,9.5,10,rrt_20260807_204715_797.png
20260807_204717_128,2026-08-07 20:47:17,True,1656,92,18.199999999999992,36,0.52,0.3,0.3,0,0.5,10,9.5,10,rrt_20260807_204717_128.png
20260807_204718_576,2026-08-07 20:47:18,True,4682,201,20.26972594506093,40,0.52,0.3,0.3,0,0.5,10,9.5,10,rrt_20260807_204718_576.png
20260807_204722_171,2026-08-07 20:47:22,False,10000,313,0.0,0,0.52,0.3,0.3,0,0.5,10,9.5,10,rrt_20260807_204722_171.png
20260807_204723_450,2026-08-07 20:47:23,True,3240,205,19.239999999999995,38,0.52,0.3,0.3,0,0.5,10,9.5,10,rrt_20260807_204723_450.png
20260807_204726_657,2026-08-07 20:47:26,False,10000,282,0.0,0,0.52,0.4,0.3,0,0.5,10,9.5,10,rrt_20260807_204726_657.png
20260807_204727_557,2026-08-07 20:47:27,True,1577,179,17.57641303491463,35,0.52,0.4,0.3,0,0.5,10,9.5,10,rrt_20260807_204727_557.png
20260807_204728_392,2026-08-07 20:47:28,True,840,125,19.239999999999995,38,0.52,0.4,0.3,0,0.5,10,9.5,10,rrt_20260807_204728_392.png
20260807_204729_871,2026-08-07 20:47:29,True,1136,149,19.64704093886486,39,0.52,0.4,0.3,0,0.5,10,9.5,10,rrt_20260807_204729_871.png
20260807_204730_699,2026-08-07 20:47:30,True,1228,114,19.086483026940666,38,0.52,0.4,0.3,0,0.5,10,9.5,10,rrt_20260807_204730_699.png
20260807_204734_981,2026-08-07 20:47:34,False,10000,392,0.0,0,0.52,0.4,0.3,0,0.5,10,9.5,10,rrt_20260807_204734_981.png
20260807_204735_873,2026-08-07 20:47:35,True,1341,131,20.235035151344878,40,0.52,0.4,0.3,0,0.5,10,9.5,10,rrt_20260807_204735_873.png
20260807_204736_728,2026-08-07 20:47:36,True,1439,166,18.802102965571738,38,0.52,0.4,0.3,0,0.5,10,9.5,10,rrt_20260807_204736_728.png
20260807_204737_448,2026-08-07 20:47:37,True,833,112,16.5172633043905,33,0.52,0.4,0.3,0,0.5,10,9.5,10,rrt_20260807_204737_448.png
20260807_204738_210,2026-08-07 20:47:38,True,1226,142,18.064278822274343,36,0.52,0.4,0.3,0,0.5,10,9.5,10,rrt_20260807_204738_210.png
20260807_204738_930,2026-08-07 20:47:38,True,555,79,20.27999999999999,40,0.52,0.4,0.3,0,0.5,10,9.5,10,rrt_20260807_204738_930.png
20260807_204740_009,2026-08-07 20:47:40,True,1031,138,18.638870315087967,38,0.52,0.4,0.3,0,0.5,10,9.5,10,rrt_20260807_204740_009.png
20260807_204744_070,2026-08-07 20:47:44,False,10000,403,0.0,0,0.52,0.4,0.3,0,0.5,10,9.5,10,rrt_20260807_204744_070.png
20260807_204744_916,2026-08-07 20:47:44,True,310,64,16.639999999999993,33,0.52,0.4,0.3,0,0.5,10,9.5,10,rrt_20260807_204744_916.png
20260807_204747_899,2026-08-07 20:47:47,False,10000,254,0.0,0,0.52,0.4,0.3,0,0.5,10,9.5,10,rrt_20260807_204747_899.png
20260807_204748_923,2026-08-07 20:47:48,True,1370,163,16.577538977595378,33,0.52,0.4,0.3,0,0.5,10,9.5,10,rrt_20260807_204748_923.png
20260807_204749_691,2026-08-07 20:47:49,True,985,104,18.719999999999995,37,0.52,0.4,0.3,0,0.5,10,9.5,10,rrt_20260807_204749_691.png
20260807_204753_685,2026-08-07 20:47:53,False,10000,427,0.0,0,0.52,0.4,0.3,0,0.5,10,9.5,10,rrt_20260807_204753_685.png
20260807_204758_084,2026-08-07 20:47:58,False,10000,423,0.0,0,0.52,0.4,0.3,0,0.5,10,9.5,10,rrt_20260807_204758_084.png
20260807_204800_966,2026-08-07 20:48:00,False,10000,250,0.0,0,0.52,0.4,0.3,0,0.5,10,9.5,10,rrt_20260807_204800_966.png
20260807_204805_942,2026-08-07 20:48:05,False,10000,413,0.0,0,0.52,0.4,0.3,0,0.5,10,9.5,10,rrt_20260807_204805_942.png
20260807_204810_205,2026-08-07 20:48:10,False,10000,420,0.0,0,0.52,0.4,0.3,0,0.5,10,9.5,10,rrt_20260807_204810_205.png
20260807_204811_108,2026-08-07 20:48:11,True,1147,147,18.075343227686677,36,0.52,0.4,0.3,0,0.5,10,9.5,10,rrt_20260807_204811_108.png
20260807_204811_869,2026-08-07 20:48:11,True,732,113,17.679999999999993,35,0.52,0.4,0.3,0,0.5,10,9.5,10,rrt_20260807_204811_869.png
20260807_204812_609,2026-08-07 20:48:12,True,1152,126,26.519999999999985,52,0.52,0.4,0.3,0,0.5,10,9.5,10,rrt_20260807_204812_609.png
20260807_204816_416,2026-08-07 20:48:16,False,10000,394,0.0,0,0.52,0.4,0.3,0,0.5,10,9.5,10,rrt_20260807_204816_416.png
20260807_204820_489,2026-08-07 20:48:20,False,10000,382,0.0,0,0.52,0.4,0.3,0,0.5,10,9.5,10,rrt_20260807_204820_489.png
20260807_204824_242,2026-08-07 20:48:24,False,10000,382,0.0,0,0.52,0.4,0.3,0,0.5,10,9.5,10,rrt_20260807_204824_242.png
20260807_204827_843,2026-08-07 20:48:27,False,10000,331,0.0,0,0.52,0.4,0.3,0,0.5,10,9.5,10,rrt_20260807_204827_843.png
20260807_204832_612,2026-08-07 20:48:32,False,10000,421,0.0,0,0.52,0.4,0.3,0,0.5,10,9.5,10,rrt_20260807_204832_612.png
20260807_204836_990,2026-08-07 20:48:36,False,10000,427,0.0,0,0.52,0.4,0.3,0,0.5,10,9.5,10,rrt_20260807_204836_990.png
20260807_204837_893,2026-08-07 20:48:37,True,592,89,17.679999999999996,35,0.52,0.4,0.3,0,0.5,10,9.5,10,rrt_20260807_204837_893.png
20260807_204841_788,2026-08-07 20:48:41,False,10000,386,0.0,0,0.52,0.4,0.3,0,0.5,10,9.5,10,rrt_20260807_204841_788.png
20260807_204846_073,2026-08-07 20:48:46,False,10000,378,0.0,0,0.52,0.4,0.3,0,0.5,10,9.5,10,rrt_20260807_204846_073.png
20260807_204849_998,2026-08-07 20:48:49,False,10000,346,0.0,0,0.52,0.4,0.3,0,0.5,10,9.5,10,rrt_20260807_204849_998.png
20260807_204853_071,2026-08-07 20:48:53,False,10000,296,0.0,0,0.52,0.4,0.3,0,0.5,10,9.5,10,rrt_20260807_204853_071.png
20260807_204857_109,2026-08-07 20:48:57,False,10000,392,0.0,0,0.52,0.4,0.3,0,0.5,10,9.5,10,rrt_20260807_204857_109.png
20260807_204900_797,2026-08-07 20:49:00,False,10000,376,0.0,0,0.52,0.4,0.3,0,0.5,10,9.5,10,rrt_20260807_204900_797.png
20260807_204902_041,2026-08-07 20:49:02,True,873,127,17.530079345724573,35,0.52,0.4,0.3,0,0.5,10,9.5,10,rrt_20260807_204902_041.png
20260807_204906_020,2026-08-07 20:49:06,False,10000,394,0.0,0,0.52,0.4,0.3,0,0.5,10,9.5,10,rrt_20260807_204906_020.png
20260807_204906_883,2026-08-07 20:49:06,True,953,136,20.79999999999999,41,0.52,0.4,0.3,0,0.5,10,9.5,10,rrt_20260807_204906_883.png
20260807_204907_548,2026-08-07 20:49:07,True,298,60,17.159999999999993,34,0.52,0.4,0.3,0,0.5,10,9.5,10,rrt_20260807_204907_548.png
20260807_204911_301,2026-08-07 20:49:11,False,10000,370,0.0,0,0.52,0.4,0.3,0,0.5,10,9.5,10,rrt_20260807_204911_301.png
20260807_204912_097,2026-08-07 20:49:12,True,567,124,17.679999999999993,35,0.52,0.4,0.3,0,0.5,10,9.5,10,rrt_20260807_204912_097.png
20260807_204912_979,2026-08-07 20:49:12,True,2046,184,20.799999999999994,41,0.52,0.4,0.3,0,0.5,10,9.5,10,rrt_20260807_204912_979.png
20260807_204916_039,2026-08-07 20:49:16,False,10000,287,0.0,0,0.52,0.4,0.3,0,0.5,10,9.5,10,rrt_20260807_204916_039.png
20260807_204920_270,2026-08-07 20:49:20,False,10000,412,0.0,0,0.52,0.4,0.3,0,0.5,10,9.5,10,rrt_20260807_204920_270.png
20260807_204924_893,2026-08-07 20:49:24,False,10000,396,0.0,0,0.52,0.4,0.3,0,0.5,10,9.5,10,rrt_20260807_204924_893.png
20260807_204925_976,2026-08-07 20:49:25,True,2006,194,19.75999999999999,39,0.52,0.4,0.3,0,0.5,10,9.5,10,rrt_20260807_204925_976.png
20260807_204929_365,2026-08-07 20:49:29,False,10000,306,0.0,0,0.52,0.4,0.3,0,0.5,10,9.5,10,rrt_20260807_204929_365.png
20260807_204930_139,2026-08-07 20:49:30,True,707,92,17.523243958074463,35,0.52,0.4,0.3,0,0.5,10,9.5,10,rrt_20260807_204930_139.png
20260807_204931_188,2026-08-07 20:49:31,True,1016,125,16.639999999999997,33,0.52,0.4,0.3,0,0.5,10,9.5,10,rrt_20260807_204931_188.png
20260807_204932_038,2026-08-07 20:49:32,True,1922,142,18.52620627253153,37,0.52,0.4,0.3,0,0.5,10,9.5,10,rrt_20260807_204932_038.png
20260807_204935_410,2026-08-07 20:49:35,False,10000,338,0.0,0,0.52,0.4,0.3,0,0.5,10,9.5,10,rrt_20260807_204935_410.png
20260807_204936_186,2026-08-07 20:49:36,True,731,116,17.679999999999993,35,0.52,0.4,0.3,0,0.5,10,9.5,10,rrt_20260807_204936_186.png
20260807_204937_459,2026-08-07 20:49:37,True,2969,229,17.679999999999996,35,0.52,0.4,0.3,0,0.5,10,9.5,10,rrt_20260807_204937_459.png
20260807_204942_167,2026-08-07 20:49:42,False,10000,436,0.0,0,0.52,0.4,0.3,0,0.5,10,9.5,10,rrt_20260807_204942_167.png
20260807_204943_015,2026-08-07 20:49:43,True,976,119,17.679999999999993,35,0.52,0.4,0.3,0,0.5,10,9.5,10,rrt_20260807_204943_015.png
20260807_204943_718,2026-08-07 20:49:43,True,715,118,18.199999999999996,36,0.52,0.4,0.3,0,0.5,10,9.5,10,rrt_20260807_204943_718.png
20260807_204944_513,2026-08-07 20:49:44,True,1472,145,20.756945220526905,42,0.52,0.4,0.3,0,0.5,10,9.5,10,rrt_20260807_204944_513.png
20260807_204945_187,2026-08-07 20:49:45,True,594,106,18.029820273332316,36,0.52,0.4,0.3,0,0.5,10,9.5,10,rrt_20260807_204945_187.png
20260807_204946_807,2026-08-07 20:49:46,True,4453,264,24.439999999999987,48,0.52,0.4,0.3,0,0.5,10,9.5,10,rrt_20260807_204946_807.png
20260807_204947_599,2026-08-07 20:49:47,True,890,106,18.71999999999999,37,0.52,0.4,0.3,0,0.5,10,9.5,10,rrt_20260807_204947_599.png
20260807_204948_691,2026-08-07 20:49:48,True,1561,153,17.576335488553557,35,0.52,0.4,0.3,0,0.5,10,9.5,10,rrt_20260807_204948_691.png
20260807_204951_658,2026-08-07 20:49:51,False,10000,282,0.0,0,0.52,0.4,0.3,0,0.5,10,9.5,10,rrt_20260807_204951_658.png
20260807_204956_725,2026-08-07 20:49:56,False,10000,376,0.0,0,0.52,0.4,0.3,0,0.5,10,9.5,10,rrt_20260807_204956_725.png
20260807_204957_685,2026-08-07 20:49:57,True,1108,151,17.622486470526013,35,0.52,0.4,0.3,0,0.5,10,9.5,10,rrt_20260807_204957_685.png
20260807_204958_411,2026-08-07 20:49:58,True,503,101,17.352766171287172,35,0.52,0.4,0.3,0,0.5,10,9.5,10,rrt_20260807_204958_411.png
20260807_204959_378,2026-08-07 20:49:59,True,1956,199,19.239999999999995,38,0.52,0.4,0.3,0,0.5,10,9.5,10,rrt_20260807_204959_378.png
20260807_205000_532,2026-08-07 20:50:00,True,529,79,18.038979779307436,36,0.52,0.4,0.3,0,0.5,10,9.5,10,rrt_20260807_205000_532.png
20260807_205004_481,2026-08-07 20:50:04,False,10000,403,0.0,0,0.52,0.4,0.3,0,0.5,10,9.5,10,rrt_20260807_205004_481.png
20260807_205009_015,2026-08-07 20:50:09,False,10000,418,0.0,0,0.52,0.4,0.3,0,0.5,10,9.5,10,rrt_20260807_205009_015.png
20260807_205010_069,2026-08-07 20:50:10,True,880,117,17.159999999999993,34,0.52,0.4,0.3,0,0.5,10,9.5,10,rrt_20260807_205010_069.png
20260807_205011_972,2026-08-07 20:50:11,True,1251,140,20.16346995392224,40,0.52,0.4,0.3,0,0.5,10,9.5,10,rrt_20260807_205011_972.png
20260807_205012_924,2026-08-07 20:50:12,True,799,106,18.037027562473607,36,0.52,0.4,0.3,0,0.5,10,9.5,10,rrt_20260807_205012_924.png
20260807_205016_932,2026-08-07 20:50:16,False,10000,344,0.0,0,0.52,0.4,0.3,0,0.5,10,9.5,10,rrt_20260807_205016_932.png
20260807_205018_004,2026-08-07 20:50:18,True,1767,190,18.6672768169724,37,0.52,0.4,0.3,0,0.5,10,9.5,10,rrt_20260807_205018_004.png
20260807_205019_120,2026-08-07 20:50:19,True,2668,177,19.655088880331917,39,0.52,0.4,0.3,0,0.5,10,9.5,10,rrt_20260807_205019_120.png
20260807_205023_731,2026-08-07 20:50:23,False,10000,387,0.0,0,0.52,0.4,0.3,0,0.5,10,9.5,10,rrt_20260807_205023_731.png
20260807_205024_636,2026-08-07 20:50:24,True,1101,136,18.703054285425942,37,0.52,0.4,0.3,0,0.5,10,9.5,10,rrt_20260807_205024_636.png
20260807_205027_723,2026-08-07 20:50:27,False,10000,294,0.0,0,0.52,0.4,0.3,0,0.5,10,9.5,10,rrt_20260807_205027_723.png
20260807_205030_713,2026-08-07 20:50:30,False,10000,274,0.0,0,0.52,0.4,0.3,0,0.5,10,9.5,10,rrt_20260807_205030_713.png
20260807_205031_936,2026-08-07 20:50:31,True,660,99,16.12,32,0.52,0.4,0.3,0,0.5,10,9.5,10,rrt_20260807_205031_936.png
20260807_205035_734,2026-08-07 20:50:35,False,10000,373,0.0,0,0.52,0.4,0.3,0,0.5,10,9.5,10,rrt_20260807_205035_734.png
20260807_205039_501,2026-08-07 20:50:39,False,10000,346,0.0,0,0.52,0.4,0.3,0,0.5,10,9.5,10,rrt_20260807_205039_501.png
20260807_205043_705,2026-08-07 20:50:43,False,10000,401,0.0,0,0.52,0.4,0.3,0,0.5,10,9.5,10,rrt_20260807_205043_705.png
20260807_205044_721,2026-08-07 20:50:44,True,1714,184,17.679999999999993,35,0.52,0.4,0.3,0,0.5,10,9.5,10,rrt_20260807_205044_721.png
20260807_205045_997,2026-08-07 20:50:45,True,1112,113,19.128742573790007,38,0.52,0.4,0.3,0,0.5,10,9.5,10,rrt_20260807_205045_997.png
20260807_205047_082,2026-08-07 20:50:47,True,964,106,17.541880099928484,35,0.52,0.4,0.3,0,0.5,10,9.5,10,rrt_20260807_205047_082.png
20260807_205051_873,2026-08-07 20:50:51,False,10000,379,0.0,0,0.52,0.4,0.3,0,0.5,10,9.5,10,rrt_20260807_205051_873.png
20260807_205053_929,2026-08-07 20:50:53,True,1638,153,19.569781429456743,39,0.52,0.4,0.3,0,0.5,10,9.5,10,rrt_20260807_205053_929.png
20260807_205056_260,2026-08-07 20:50:56,True,1100,141,18.199999999999996,36,0.52,0.4,0.3,0,0.5,10,9.5,10,rrt_20260807_205056_260.png
20260807_205057_397,2026-08-07 20:50:57,True,2304,163,19.135701684699516,38,0.52,0.4,0.3,0,0.5,10,9.5,10,rrt_20260807_205057_397.png
20260807_205058_729,2026-08-07 20:50:58,True,267,73,17.0067386478719,34,0.52,0.4,0.3,0,0.5,10,9.5,10,rrt_20260807_205058_729.png
20260807_205059_709,2026-08-07 20:50:59,True,1380,168,20.15812283208326,40,0.52,0.4,0.3,0,0.5,10,9.5,10,rrt_20260807_205059_709.png
20260807_205103_091,2026-08-07 20:51:03,False,10000,303,0.0,0,0.52,0.4,0.3,0,0.5,10,9.5,10,rrt_20260807_205103_091.png
20260807_205103_939,2026-08-07 20:51:03,True,511,90,16.119999999999994,32,0.52,0.4,0.3,0,0.5,10,9.5,10,rrt_20260807_205103_939.png
20260807_205108_103,2026-08-07 20:51:08,False,10000,418,0.0,0,0.52,0.4,0.3,0,0.5,10,9.5,10,rrt_20260807_205108_103.png
20260807_205109_010,2026-08-07 20:51:09,True,987,134,18.719999999999995,37,0.52,0.4,0.3,0,0.5,10,9.5,10,rrt_20260807_205109_010.png
20260807_205110_665,2026-08-07 20:51:10,True,4821,248,20.279999999999994,40,0.52,0.4,0.3,0,0.5,10,9.5,10,rrt_20260807_205110_665.png
20260807_205112_111,2026-08-07 20:51:12,True,1181,116,20.27999999999999,40,0.52,0.5,0.3,0,0.5,10,9.5,10,rrt_20260807_205112_111.png
20260807_205116_802,2026-08-07 20:51:16,False,10000,486,0.0,0,0.52,0.5,0.3,0,0.5,10,9.5,10,rrt_20260807_205116_802.png
20260807_205118_478,2026-08-07 20:51:18,True,3260,272,21.319999999999997,42,0.52,0.5,0.3,0,0.5,10,9.5,10,rrt_20260807_205118_478.png
20260807_205119_253,2026-08-07 20:51:19,True,808,119,17.637400171437868,35,0.52,0.5,0.3,0,0.5,10,9.5,10,rrt_20260807_205119_253.png
20260807_205120_083,2026-08-07 20:51:20,True,695,125,18.199999999999992,36,0.52,0.5,0.3,0,0.5,10,9.5,10,rrt_20260807_205120_083.png
20260807_205121_358,2026-08-07 20:51:21,True,3048,224,24.377852338125198,48,0.52,0.5,0.3,0,0.5,10,9.5,10,rrt_20260807_205121_358.png
20260807_205125_302,2026-08-07 20:51:25,False,10000,368,0.0,0,0.52,0.5,0.3,0,0.5,10,9.5,10,rrt_20260807_205125_302.png
20260807_205126_280,2026-08-07 20:51:26,True,591,105,17.679999999999996,35,0.52,0.5,0.3,0,0.5,10,9.5,10,rrt_20260807_205126_280.png
20260807_205126_994,2026-08-07 20:51:26,True,760,139,17.679999999999996,35,0.52,0.5,0.3,0,0.5,10,9.5,10,rrt_20260807_205126_994.png
20260807_205128_105,2026-08-07 20:51:28,True,1210,153,17.597488755364818,35,0.52,0.5,0.3,0,0.5,10,9.5,10,rrt_20260807_205128_105.png
20260807_205129_217,2026-08-07 20:51:29,True,2272,224,19.71665676452347,39,0.52,0.5,0.3,0,0.5,10,9.5,10,rrt_20260807_205129_217.png
20260807_205133_758,2026-08-07 20:51:33,False,10000,456,0.0,0,0.52,0.5,0.3,0,0.5,10,9.5,10,rrt_20260807_205133_758.png
20260807_205134_581,2026-08-07 20:51:34,True,780,136,18.544164105150546,37,0.52,0.5,0.3,0,0.5,10,9.5,10,rrt_20260807_205134_581.png
20260807_205135_264,2026-08-07 20:51:35,True,609,111,20.121662788026654,40,0.52,0.5,0.3,0,0.5,10,9.5,10,rrt_20260807_205135_264.png
20260807_205136_455,2026-08-07 20:51:36,True,2924,228,22.35999999999999,44,0.52,0.5,0.3,0,0.5,10,9.5,10,rrt_20260807_205136_455.png
20260807_205137_306,2026-08-07 20:51:37,True,1288,181,19.086811422559595,38,0.52,0.5,0.3,0,0.5,10,9.5,10,rrt_20260807_205137_306.png
20260807_205138_012,2026-08-07 20:51:38,True,706,119,18.71999999999999,37,0.52,0.5,0.3,0,0.5,10,9.5,10,rrt_20260807_205138_012.png
20260807_205138_877,2026-08-07 20:51:38,True,1438,176,18.199999999999992,36,0.52,0.5,0.3,0,0.5,10,9.5,10,rrt_20260807_205138_877.png
20260807_205143_614,2026-08-07 20:51:43,False,10000,443,0.0,0,0.52,0.5,0.3,0,0.5,10,9.5,10,rrt_20260807_205143_614.png
20260807_205144_402,2026-08-07 20:51:44,True,499,115,19.75999999999999,39,0.52,0.5,0.3,0,0.5,10,9.5,10,rrt_20260807_205144_402.png
20260807_205147_767,2026-08-07 20:51:47,False,10000,320,0.0,0,0.52,0.5,0.3,0,0.5,10,9.5,10,rrt_20260807_205147_767.png
20260807_205148_684,2026-08-07 20:51:48,True,1213,147,20.935244884551338,42,0.52,0.5,0.3,0,0.5,10,9.5,10,rrt_20260807_205148_684.png
20260807_205149_740,2026-08-07 20:51:49,True,965,95,18.13615460218557,36,0.52,0.5,0.3,0,0.5,10,9.5,10,rrt_20260807_205149_740.png
20260807_205150_605,2026-08-07 20:51:50,True,1606,171,19.69858635999874,39,0.52,0.5,0.3,0,0.5,10,9.5,10,rrt_20260807_205150_605.png
20260807_205151_360,2026-08-07 20:51:51,True,421,94,17.159999999999997,34,0.52,0.5,0.3,0,0.5,10,9.5,10,rrt_20260807_205151_360.png
20260807_205154_562,2026-08-07 20:51:54,False,10000,290,0.0,0,0.52,0.5,0.3,0,0.5,10,9.5,10,rrt_20260807_205154_562.png
20260807_205155_631,2026-08-07 20:51:55,True,1998,207,17.153555402817965,34,0.52,0.5,0.3,0,0.5,10,9.5,10,rrt_20260807_205155_631.png
20260807_205200_194,2026-08-07 20:52:00,False,10000,422,0.0,0,0.52,0.5,0.3,0,0.5,10,9.5,10,rrt_20260807_205200_194.png
20260807_205204_947,2026-08-07 20:52:04,False,10000,487,0.0,0,0.52,0.5,0.3,0,0.5,10,9.5,10,rrt_20260807_205204_947.png
20260807_205205_937,2026-08-07 20:52:05,True,1576,190,17.557962079200475,35,0.52,0.5,0.3,0,0.5,10,9.5,10,rrt_20260807_205205_937.png
20260807_205206_645,2026-08-07 20:52:06,True,427,97,19.63843989529313,39,0.52,0.5,0.3,0,0.5,10,9.5,10,rrt_20260807_205206_645.png
20260807_205211_047,2026-08-07 20:52:11,False,10000,479,0.0,0,0.52,0.5,0.3,0,0.5,10,9.5,10,rrt_20260807_205211_047.png
20260807_205211_926,2026-08-07 20:52:11,True,1258,157,18.199999999999992,36,0.52,0.5,0.3,0,0.5,10,9.5,10,rrt_20260807_205211_926.png
20260807_205212_677,2026-08-07 20:52:12,True,740,136,17.567755017125542,35,0.52,0.5,0.3,0,0.5,10,9.5,10,rrt_20260807_205212_677.png
20260807_205217_121,2026-08-07 20:52:17,False,10000,460,0.0,0,0.52,0.5,0.3,0,0.5,10,9.5,10,rrt_20260807_205217_121.png
20260807_205221_830,2026-08-07 20:52:21,False,10000,455,0.0,0,0.52,0.5,0.3,0,0.5,10,9.5,10,rrt_20260807_205221_830.png
20260807_205222_938,2026-08-07 20:52:22,True,1812,209,19.175901116822594,38,0.52,0.5,0.3,0,0.5,10,9.5,10,rrt_20260807_205222_938.png
20260807_205224_079,2026-08-07 20:52:24,True,1611,163,19.03817896662578,38,0.52,0.5,0.3,0,0.5,10,9.5,10,rrt_20260807_205224_079.png
20260807_205224_888,2026-08-07 20:52:24,True,759,134,18.71999999999999,37,0.52,0.5,0.3,0,0.5,10,9.5,10,rrt_20260807_205224_888.png
20260807_205225_757,2026-08-07 20:52:25,True,1363,187,17.280569915569664,35,0.52,0.5,0.3,0,0.5,10,9.5,10,rrt_20260807_205225_757.png
20260807_205230_193,2026-08-07 20:52:30,False,10000,446,0.0,0,0.52,0.5,0.3,0,0.5,10,9.5,10,rrt_20260807_205230_193.png
20260807_205231_267,2026-08-07 20:52:31,True,1163,142,26.519999999999985,52,0.52,0.5,0.3,0,0.5,10,9.5,10,rrt_20260807_205231_267.png
20260807_205236_332,2026-08-07 20:52:36,False,10000,469,0.0,0,0.52,0.5,0.3,0,0.5,10,9.5,10,rrt_20260807_205236_332.png
20260807_205240_990,2026-08-07 20:52:40,False,10000,461,0.0,0,0.52,0.5,0.3,0,0.5,10,9.5,10,rrt_20260807_205240_990.png
20260807_205242_388,2026-08-07 20:52:42,True,504,122,16.72788852493713,34,0.52,0.5,0.3,0,0.5,10,9.5,10,rrt_20260807_205242_388.png
20260807_205247_053,2026-08-07 20:52:47,False,10000,470,0.0,0,0.52,0.5,0.3,0,0.5,10,9.5,10,rrt_20260807_205247_053.png
20260807_205252_238,2026-08-07 20:52:52,False,10000,445,0.0,0,0.52,0.5,0.3,0,0.5,10,9.5,10,rrt_20260807_205252_238.png
20260807_205253_268,2026-08-07 20:52:53,True,1033,138,16.97149564610601,34,0.52,0.5,0.3,0,0.5,10,9.5,10,rrt_20260807_205253_268.png
20260807_205254_431,2026-08-07 20:52:54,True,2941,206,22.336403208913044,44,0.52,0.5,0.3,0,0.5,10,9.5,10,rrt_20260807_205254_431.png
20260807_205259_118,2026-08-07 20:52:59,False,10000,462,0.0,0,0.52,0.5,0.3,0,0.5,10,9.5,10,rrt_20260807_205259_118.png
20260807_205305_068,2026-08-07 20:53:05,False,10000,492,0.0,0,0.52,0.5,0.3,0,0.5,10,9.5,10,rrt_20260807_205305_068.png
20260807_205306_703,2026-08-07 20:53:06,True,640,111,17.679999999999993,35,0.52,0.5,0.3,0,0.5,10,9.5,10,rrt_20260807_205306_703.png
20260807_205307_663,2026-08-07 20:53:07,True,1615,193,18.199999999999996,36,0.52,0.5,0.3,0,0.5,10,9.5,10,rrt_20260807_205307_663.png
20260807_205308_809,2026-08-07 20:53:08,True,427,98,19.684708364728873,39,0.52,0.5,0.3,0,0.5,10,9.5,10,rrt_20260807_205308_809.png
20260807_205309_532,2026-08-07 20:53:09,True,551,129,18.681851976837134,37,0.52,0.5,0.3,0,0.5,10,9.5,10,rrt_20260807_205309_532.png
20260807_205310_472,2026-08-07 20:53:10,True,939,168,18.601437573491722,37,0.52,0.5,0.3,0,0.5,10,9.5,10,rrt_20260807_205310_472.png
20260807_205315_115,2026-08-07 20:53:15,False,10000,434,0.0,0,0.52,0.5,0.3,0,0.5,10,9.5,10,rrt_20260807_205315_115.png
20260807_205319_325,2026-08-07 20:53:19,False,10000,406,0.0,0,0.52,0.5,0.3,0,0.5,10,9.5,10,rrt_20260807_205319_325.png
20260807_205320_364,2026-08-07 20:53:20,True,746,146,18.000443277660157,36,0.52,0.5,0.3,0,0.5,10,9.5,10,rrt_20260807_205320_364.png
20260807_205324_014,2026-08-07 20:53:24,False,10000,358,0.0,0,0.52,0.5,0.3,0,0.5,10,9.5,10,rrt_20260807_205324_014.png
20260807_205328_735,2026-08-07 20:53:28,False,10000,458,0.0,0,0.52,0.5,0.3,0,0.5,10,9.5,10,rrt_20260807_205328_735.png
20260807_205333_347,2026-08-07 20:53:33,False,10000,401,0.0,0,0.52,0.5,0.3,0,0.5,10,9.5,10,rrt_20260807_205333_347.png
20260807_205338_455,2026-08-07 20:53:38,False,10000,429,0.0,0,0.52,0.5,0.3,0,0.5,10,9.5,10,rrt_20260807_205338_455.png
20260807_205342_896,2026-08-07 20:53:42,False,10000,442,0.0,0,0.52,0.5,0.3,0,0.5,10,9.5,10,rrt_20260807_205342_896.png
20260807_205347_523,2026-08-07 20:53:47,False,10000,459,0.0,0,0.52,0.5,0.3,0,0.5,10,9.5,10,rrt_20260807_205347_523.png
20260807_205348_454,2026-08-07 20:53:48,True,610,134,16.616838265347845,33,0.52,0.5,0.3,0,0.5,10,9.5,10,rrt_20260807_205348_454.png
20260807_205353_036,2026-08-07 20:53:53,False,10000,423,0.0,0,0.52,0.5,0.3,0,0.5,10,9.5,10,rrt_20260807_205353_036.png
20260807_205358_204,2026-08-07 20:53:58,False,10000,502,0.0,0,0.52,0.5,0.3,0,0.5,10,9.5,10,rrt_20260807_205358_204.png
20260807_205402_514,2026-08-07 20:54:02,False,10000,445,0.0,0,0.52,0.5,0.3,0,0.5,10,9.5,10,rrt_20260807_205402_514.png
20260807_205407_257,2026-08-07 20:54:07,False,10000,470,0.0,0,0.52,0.5,0.3,0,0.5,10,9.5,10,rrt_20260807_205407_257.png
20260807_205412_579,2026-08-07 20:54:12,False,10000,512,0.0,0,0.52,0.5,0.3,0,0.5,10,9.5,10,rrt_20260807_205412_579.png
20260807_205419_484,2026-08-07 20:54:19,False,10000,448,0.0,0,0.52,0.5,0.3,0,0.5,10,9.5,10,rrt_20260807_205419_484.png
20260807_205421_180,2026-08-07 20:54:21,True,2766,235,17.679999999999996,35,0.52,0.5,0.3,0,0.5,10,9.5,10,rrt_20260807_205421_180.png
20260807_205421_974,2026-08-07 20:54:21,True,908,129,17.639544937603915,35,0.52,0.5,0.3,0,0.5,10,9.5,10,rrt_20260807_205421_974.png
20260807_205422_976,2026-08-07 20:54:22,True,1721,193,17.93923753458427,36,0.52,0.5,0.3,0,0.5,10,9.5,10,rrt_20260807_205422_976.png
20260807_205427_868,2026-08-07 20:54:27,False,10000,503,0.0,0,0.52,0.5,0.3,0,0.5,10,9.5,10,rrt_20260807_205427_868.png
20260807_205429_592,2026-08-07 20:54:29,True,1347,168,18.395040547509783,37,0.52,0.5,0.3,0,0.5,10,9.5,10,rrt_20260807_205429_592.png
20260807_205430_960,2026-08-07 20:54:30,True,694,150,17.159999999999997,34,0.52,0.5,0.3,0,0.5,10,9.5,10,rrt_20260807_205430_960.png
20260807_205432_133,2026-08-07 20:54:32,True,456,106,17.679999999999993,35,0.52,0.5,0.3,0,0.5,10,9.5,10,rrt_20260807_205432_133.png
20260807_205434_090,2026-08-07 20:54:34,True,861,138,17.03176163330493,34,0.52,0.5,0.3,0,0.5,10,9.5,10,rrt_20260807_205434_090.png
20260807_205441_331,2026-08-07 20:54:41,False,10000,478,0.0,0,0.52,0.5,0.3,0,0.5,10,9.5,10,rrt_20260807_205441_331.png
20260807_205444_009,2026-08-07 20:54:44,True,4426,255,22.335644053824435,44,0.52,0.5,0.3,0,0.5,10,9.5,10,rrt_20260807_205444_009.png
20260807_205450_660,2026-08-07 20:54:50,False,10000,478,0.0,0,0.52,0.5,0.3,0,0.5,10,9.5,10,rrt_20260807_205450_660.png
20260807_205452_090,2026-08-07 20:54:52,True,974,159,17.679999999999993,35,0.52,0.5,0.3,0,0.5,10,9.5,10,rrt_20260807_205452_090.png
20260807_205453_005,2026-08-07 20:54:53,True,587,113,18.719999999999995,37,0.52,0.5,0.3,0,0.5,10,9.5,10,rrt_20260807_205453_005.png
20260807_205458_037,2026-08-07 20:54:58,False,10000,488,0.0,0,0.52,0.5,0.3,0,0.5,10,9.5,10,rrt_20260807_205458_037.png
20260807_205459_167,2026-08-07 20:54:59,True,1584,199,21.83999999999999,43,0.52,0.5,0.3,0,0.5,10,9.5,10,rrt_20260807_205459_167.png
20260807_205503_859,2026-08-07 20:55:03,False,10000,484,0.0,0,0.52,0.5,0.3,0,0.5,10,9.5,10,rrt_20260807_205503_859.png
20260807_205504_922,2026-08-07 20:55:04,True,447,97,17.06404941228082,34,0.52,0.5,0.3,0,0.5,10,9.5,10,rrt_20260807_205504_922.png
20260807_205508_621,2026-08-07 20:55:08,False,10000,292,0.0,0,0.52,0.5,0.3,0,0.5,10,9.5,10,rrt_20260807_205508_621.png
20260807_205509_818,2026-08-07 20:55:09,True,1811,200,17.67999999999999,35,0.52,0.5,0.3,0,0.5,10,9.5,10,rrt_20260807_205509_818.png
20260807_205514_637,2026-08-07 20:55:14,False,10000,398,0.0,0,0.52,0.5,0.3,0,0.5,10,9.5,10,rrt_20260807_205514_637.png
20260807_205516_644,2026-08-07 20:55:16,True,1628,169,18.2,36,0.52,0.5,0.3,0,0.5,10,9.5,10,rrt_20260807_205516_644.png
20260807_205521_402,2026-08-07 20:55:21,False,10000,462,0.0,0,0.52,0.5,0.3,0,0.5,10,9.5,10,rrt_20260807_205521_402.png
20260807_205522_666,2026-08-07 20:55:22,True,257,69,17.05253353873041,34,0.52,0.5,0.3,0,0.5,10,9.5,10,rrt_20260807_205522_666.png
20260807_205524_186,2026-08-07 20:55:24,True,1931,178,19.759999999999998,39,0.52,0.5,0.3,0,0.5,10,9.5,10,rrt_20260807_205524_186.png
20260807_205529_286,2026-08-07 20:55:29,False,10000,499,0.0,0,0.52,0.5,0.3,0,0.5,10,9.5,10,rrt_20260807_205529_286.png
20260807_205530_748,2026-08-07 20:55:30,True,1152,176,18.199999999999996,36,0.52,0.5,0.3,0,0.5,10,9.5,10,rrt_20260807_205530_748.png
20260807_205532_131,2026-08-07 20:55:32,True,669,113,17.644883483682396,35,0.52,0.5,0.3,0,0.5,10,9.5,10,rrt_20260807_205532_131.png
20260807_205532_979,2026-08-07 20:55:32,True,784,144,16.639999999999997,33,0.52,0.5,0.3,0,0.5,10,9.5,10,rrt_20260807_205532_979.png
20260807_205534_291,2026-08-07 20:55:34,True,1922,181,28.428963913682377,56,0.52,0.6,0.3,0,0.5,10,9.5,10,rrt_20260807_205534_291.png
20260807_205539_133,2026-08-07 20:55:39,False,10000,478,0.0,0,0.52,0.6,0.3,0,0.5,10,9.5,10,rrt_20260807_205539_133.png
20260807_205540_122,2026-08-07 20:55:40,True,366,87,20.6789126074047,41,0.52,0.6,0.3,0,0.5,10,9.5,10,rrt_20260807_205540_122.png
20260807_205540_928,2026-08-07 20:55:40,True,1237,158,18.503480936167957,37,0.52,0.6,0.3,0,0.5,10,9.5,10,rrt_20260807_205540_928.png
20260807_205541_695,2026-08-07 20:55:41,True,779,170,17.65249964840384,35,0.52,0.6,0.3,0,0.5,10,9.5,10,rrt_20260807_205541_695.png
20260807_205546_006,2026-08-07 20:55:46,False,10000,444,0.0,0,0.52,0.6,0.3,0,0.5,10,9.5,10,rrt_20260807_205546_006.png
20260807_205547_393,2026-08-07 20:55:47,True,453,136,18.199999999999996,36,0.52,0.6,0.3,0,0.5,10,9.5,10,rrt_20260807_205547_393.png
20260807_205548_262,2026-08-07 20:55:48,True,1423,184,18.719999999999988,37,0.52,0.6,0.3,0,0.5,10,9.5,10,rrt_20260807_205548_262.png
20260807_205553_585,2026-08-07 20:55:53,False,10000,569,0.0,0,0.52,0.6,0.3,0,0.5,10,9.5,10,rrt_20260807_205553_585.png
20260807_205554_716,2026-08-07 20:55:54,True,993,171,18.582436490804245,37,0.52,0.6,0.3,0,0.5,10,9.5,10,rrt_20260807_205554_716.png
20260807_205555_986,2026-08-07 20:55:55,True,812,130,16.639999999999993,33,0.52,0.6,0.3,0,0.5,10,9.5,10,rrt_20260807_205555_986.png
20260807_205559_638,2026-08-07 20:55:59,False,10000,373,0.0,0,0.52,0.6,0.3,0,0.5,10,9.5,10,rrt_20260807_205559_638.png
20260807_205600_467,2026-08-07 20:56:00,True,400,95,18.629950045995486,37,0.52,0.6,0.3,0,0.5,10,9.5,10,rrt_20260807_205600_467.png
20260807_205605_054,2026-08-07 20:56:05,False,10000,514,0.0,0,0.52,0.6,0.3,0,0.5,10,9.5,10,rrt_20260807_205605_054.png
20260807_205606_055,2026-08-07 20:56:06,True,686,144,17.679999999999993,35,0.52,0.6,0.3,0,0.5,10,9.5,10,rrt_20260807_205606_055.png
20260807_205608_710,2026-08-07 20:56:08,True,1498,196,22.71535908835678,45,0.52,0.6,0.3,0,0.5,10,9.5,10,rrt_20260807_205608_710.png
20260807_205610_060,2026-08-07 20:56:10,True,3005,256,23.919999999999987,47,0.52,0.6,0.3,0,0.5,10,9.5,10,rrt_20260807_205610_060.png
20260807_205616_050,2026-08-07 20:56:16,False,10000,543,0.0,0,0.52,0.6,0.3,0,0.5,10,9.5,10,rrt_20260807_205616_050.png
20260807_205617_219,2026-08-07 20:56:17,True,398,81,16.53231128720585,33,0.52,0.6,0.3,0,0.5,10,9.5,10,rrt_20260807_205617_219.png
20260807_205618_211,2026-08-07 20:56:18,True,483,117,17.56220376143221,35,0.52,0.6,0.3,0,0.5,10,9.5,10,rrt_20260807_205618_211.png
20260807_205619_385,2026-08-07 20:56:19,True,505,140,17.159999999999993,34,0.52,0.6,0.3,0,0.5,10,9.5,10,rrt_20260807_205619_385.png
20260807_205620_211,2026-08-07 20:56:20,True,397,104,19.743161000477063,39,0.52,0.6,0.3,0,0.5,10,9.5,10,rrt_20260807_205620_211.png
20260807_205624_478,2026-08-07 20:56:24,False,10000,394,0.0,0,0.52,0.6,0.3,0,0.5,10,9.5,10,rrt_20260807_205624_478.png
20260807_205628_946,2026-08-07 20:56:28,False,10000,483,0.0,0,0.52,0.6,0.3,0,0.5,10,9.5,10,rrt_20260807_205628_946.png
20260807_205630_504,2026-08-07 20:56:30,True,653,123,18.199999999999992,36,0.52,0.6,0.3,0,0.5,10,9.5,10,rrt_20260807_205630_504.png
20260807_205635_341,2026-08-07 20:56:35,False,10000,523,0.0,0,0.52,0.6,0.3,0,0.5,10,9.5,10,rrt_20260807_205635_341.png
20260807_205636_274,2026-08-07 20:56:36,True,750,144,18.71999999999999,37,0.52,0.6,0.3,0,0.5,10,9.5,10,rrt_20260807_205636_274.png
20260807_205637_304,2026-08-07 20:56:37,True,1193,202,17.679999999999996,35,0.52,0.6,0.3,0,0.5,10,9.5,10,rrt_20260807_205637_304.png
20260807_205641_488,2026-08-07 20:56:41,False,10000,430,0.0,0,0.52,0.6,0.3,0,0.5,10,9.5,10,rrt_20260807_205641_488.png
20260807_205642_474,2026-08-07 20:56:42,True,687,114,19.239999999999995,38,0.52,0.6,0.3,0,0.5,10,9.5,10,rrt_20260807_205642_474.png
20260807_205643_273,2026-08-07 20:56:43,True,593,116,18.72,37,0.52,0.6,0.3,0,0.5,10,9.5,10,rrt_20260807_205643_273.png
20260807_205644_027,2026-08-07 20:56:44,True,579,118,16.972988093732276,34,0.52,0.6,0.3,0,0.5,10,9.5,10,rrt_20260807_205644_027.png
20260807_205644_775,2026-08-07 20:56:44,True,643,123,17.159999999999997,34,0.52,0.6,0.3,0,0.5,10,9.5,10,rrt_20260807_205644_775.png
20260807_205645_933,2026-08-07 20:56:45,True,476,120,18.2,36,0.52,0.6,0.3,0,0.5,10,9.5,10,rrt_20260807_205645_933.png
20260807_205647_131,2026-08-07 20:56:47,True,1432,202,17.679999999999993,35,0.52,0.6,0.3,0,0.5,10,9.5,10,rrt_20260807_205647_131.png
20260807_205647_815,2026-08-07 20:56:47,True,301,86,17.55249100740491,35,0.52,0.6,0.3,0,0.5,10,9.5,10,rrt_20260807_205647_815.png
20260807_205651_493,2026-08-07 20:56:51,False,10000,359,0.0,0,0.52,0.6,0.3,0,0.5,10,9.5,10,rrt_20260807_205651_493.png
20260807_205652_306,2026-08-07 20:56:52,True,465,130,16.621943500546454,33,0.52,0.6,0.3,0,0.5,10,9.5,10,rrt_20260807_205652_306.png
20260807_205652_989,2026-08-07 20:56:52,True,449,116,17.51444646291616,35,0.52,0.6,0.3,0,0.5,10,9.5,10,rrt_20260807_205652_989.png
20260807_205653_858,2026-08-07 20:56:53,True,954,154,17.585459772337522,35,0.52,0.6,0.3,0,0.5,10,9.5,10,rrt_20260807_205653_858.png
20260807_205657_451,2026-08-07 20:56:57,False,10000,359,0.0,0,0.52,0.6,0.3,0,0.5,10,9.5,10,rrt_20260807_205657_451.png
20260807_205658_317,2026-08-07 20:56:58,True,941,150,20.19513232099018,40,0.52,0.6,0.3,0,0.5,10,9.5,10,rrt_20260807_205658_317.png
20260807_205703_434,2026-08-07 20:57:03,False,10000,524,0.0,0,0.52,0.6,0.3,0,0.5,10,9.5,10,rrt_20260807_205703_434.png
20260807_205704_550,2026-08-07 20:57:04,True,1691,218,18.199999999999996,36,0.52,0.6,0.3,0,0.5,10,9.5,10,rrt_20260807_205704_550.png
20260807_205709_724,2026-08-07 20:57:09,False,10000,552,0.0,0,0.52,0.6,0.3,0,0.5,10,9.5,10,rrt_20260807_205709_724.png
20260807_205714_989,2026-08-07 20:57:14,False,10000,539,0.0,0,0.52,0.6,0.3,0,0.5,10,9.5,10,rrt_20260807_205714_989.png
20260807_205718_719,2026-08-07 20:57:18,False,10000,367,0.0,0,0.52,0.6,0.3,0,0.5,10,9.5,10,rrt_20260807_205718_719.png
20260807_205719_701,2026-08-07 20:57:19,True,1627,169,17.68,35,0.52,0.6,0.3,0,0.5,10,9.5,10,rrt_20260807_205719_701.png
20260807_205724_650,2026-08-07 20:57:24,False,10000,530,0.0,0,0.52,0.6,0.3,0,0.5,10,9.5,10,rrt_20260807_205724_650.png
20260807_205728_342,2026-08-07 20:57:28,False,10000,373,0.0,0,0.52,0.6,0.3,0,0.5,10,9.5,10,rrt_20260807_205728_342.png
20260807_205732_781,2026-08-07 20:57:32,False,10000,459,0.0,0,0.52,0.6,0.3,0,0.5,10,9.5,10,rrt_20260807_205732_781.png
20260807_205738_485,2026-08-07 20:57:38,False,10000,551,0.0,0,0.52,0.6,0.3,0,0.5,10,9.5,10,rrt_20260807_205738_485.png
20260807_205739_689,2026-08-07 20:57:39,True,1091,173,19.75999999999999,39,0.52,0.6,0.3,0,0.5,10,9.5,10,rrt_20260807_205739_689.png
20260807_205740_573,2026-08-07 20:57:40,True,1473,191,16.561789076718213,33,0.52,0.6,0.3,0,0.5,10,9.5,10,rrt_20260807_205740_573.png
20260807_205742_790,2026-08-07 20:57:42,True,5198,337,24.439999999999987,48,0.52,0.6,0.3,0,0.5,10,9.5,10,rrt_20260807_205742_790.png
20260807_205743_519,2026-08-07 20:57:43,True,213,86,16.316193825872148,33,0.52,0.6,0.3,0,0.5,10,9.5,10,rrt_20260807_205743_519.png
20260807_205744_199,2026-08-07 20:57:44,True,612,133,18.199999999999992,36,0.52,0.6,0.3,0,0.5,10,9.5,10,rrt_20260807_205744_199.png
20260807_205744_987,2026-08-07 20:57:44,True,1104,169,17.445220294211612,35,0.52,0.6,0.3,0,0.5,10,9.5,10,rrt_20260807_205744_987.png
20260807_205748_860,2026-08-07 20:57:48,False,10000,394,0.0,0,0.52,0.6,0.3,0,0.5,10,9.5,10,rrt_20260807_205748_860.png
20260807_205750_700,2026-08-07 20:57:50,True,418,90,18.182856010106537,36,0.52,0.6,0.3,0,0.5,10,9.5,10,rrt_20260807_205750_700.png
20260807_205756_670,2026-08-07 20:57:56,False,10000,552,0.0,0,0.52,0.6,0.3,0,0.5,10,9.5,10,rrt_20260807_205756_670.png
20260807_205757_736,2026-08-07 20:57:57,True,310,66,17.639448351958748,35,0.52,0.6,0.3,0,0.5,10,9.5,10,rrt_20260807_205757_736.png
20260807_205802_416,2026-08-07 20:58:02,False,10000,490,0.0,0,0.52,0.6,0.3,0,0.5,10,9.5,10,rrt_20260807_205802_416.png
20260807_205803_405,2026-08-07 20:58:03,True,1094,166,18.199999999999992,36,0.52,0.6,0.3,0,0.5,10,9.5,10,rrt_20260807_205803_405.png
20260807_205804_308,2026-08-07 20:58:04,True,1205,187,19.032311216323816,38,0.52,0.6,0.3,0,0.5,10,9.5,10,rrt_20260807_205804_308.png
20260807_205805_149,2026-08-07 20:58:05,True,775,152,18.199463247987595,36,0.52,0.6,0.3,0,0.5,10,9.5,10,rrt_20260807_205805_149.png
20260807_205805_899,2026-08-07 20:58:05,True,387,86,17.68,35,0.52,0.6,0.3,0,0.5,10,9.5,10,rrt_20260807_205805_899.png
20260807_205809_650,2026-08-07 20:58:09,False,10000,383,0.0,0,0.52,0.6,0.3,0,0.5,10,9.5,10,rrt_20260807_205809_650.png
20260807_205811_584,2026-08-07 20:58:11,True,840,142,18.71999999999999,37,0.52,0.6,0.3,0,0.5,10,9.5,10,rrt_20260807_205811_584.png
20260807_205816_059,2026-08-07 20:58:16,False,10000,455,0.0,0,0.52,0.6,0.3,0,0.5,10,9.5,10,rrt_20260807_205816_059.png
20260807_205817_381,2026-08-07 20:58:17,True,793,146,20.279999999999994,40,0.52,0.6,0.3,0,0.5,10,9.5,10,rrt_20260807_205817_381.png
20260807_205822_743,2026-08-07 20:58:22,False,10000,556,0.0,0,0.52,0.6,0.3,0,0.5,10,9.5,10,rrt_20260807_205822_743.png
20260807_205824_286,2026-08-07 20:58:24,True,489,120,17.649966150224845,35,0.52,0.6,0.3,0,0.5,10,9.5,10,rrt_20260807_205824_286.png
20260807_205829_680,2026-08-07 20:58:29,False,10000,463,0.0,0,0.52,0.6,0.3,0,0.5,10,9.5,10,rrt_20260807_205829_680.png
20260807_205830_856,2026-08-07 20:58:30,True,695,103,18.58080619704879,37,0.52,0.6,0.3,0,0.5,10,9.5,10,rrt_20260807_205830_856.png
20260807_205836_630,2026-08-07 20:58:36,False,10000,534,0.0,0,0.52,0.6,0.3,0,0.5,10,9.5,10,rrt_20260807_205836_630.png
20260807_205837_955,2026-08-07 20:58:37,True,1584,185,19.56672890885831,39,0.52,0.6,0.3,0,0.5,10,9.5,10,rrt_20260807_205837_955.png
20260807_205844_465,2026-08-07 20:58:44,False,10000,539,0.0,0,0.52,0.6,0.3,0,0.5,10,9.5,10,rrt_20260807_205844_465.png
20260807_205845_667,2026-08-07 20:58:45,True,643,113,19.10878592092159,38,0.52,0.6,0.3,0,0.5,10,9.5,10,rrt_20260807_205845_667.png
20260807_205850_604,2026-08-07 20:58:50,False,10000,490,0.0,0,0.52,0.6,0.3,0,0.5,10,9.5,10,rrt_20260807_205850_604.png
20260807_205851_803,2026-08-07 20:58:51,True,657,142,17.668328412596498,35,0.52,0.6,0.3,0,0.5,10,9.5,10,rrt_20260807_205851_803.png
20260807_205856_423,2026-08-07 20:58:56,False,10000,452,0.0,0,0.52,0.6,0.3,0,0.5,10,9.5,10,rrt_20260807_205856_423.png
20260807_205858_467,2026-08-07 20:58:58,True,668,110,17.607691722125832,35,0.52,0.6,0.3,0,0.5,10,9.5,10,rrt_20260807_205858_467.png
20260807_205905_850,2026-08-07 20:59:05,False,10000,523,0.0,0,0.52,0.6,0.3,0,0.5,10,9.5,10,rrt_20260807_205905_850.png
20260807_205907_018,2026-08-07 20:59:07,True,407,85,20.171286314719463,40,0.52,0.6,0.3,0,0.5,10,9.5,10,rrt_20260807_205907_018.png
20260807_205911_103,2026-08-07 20:59:11,False,10000,367,0.0,0,0.52,0.6,0.3,0,0.5,10,9.5,10,rrt_20260807_205911_103.png
20260807_205916_719,2026-08-07 20:59:16,False,10000,473,0.0,0,0.52,0.6,0.3,0,0.5,10,9.5,10,rrt_20260807_205916_719.png
20260807_205917_686,2026-08-07 20:59:17,True,601,127,20.799999999999986,41,0.52,0.6,0.3,0,0.5,10,9.5,10,rrt_20260807_205917_686.png
20260807_205918_588,2026-08-07 20:59:18,True,1044,158,18.199999999999996,36,0.52,0.6,0.3,0,0.5,10,9.5,10,rrt_20260807_205918_588.png
20260807_205924_170,2026-08-07 20:59:24,False,10000,538,0.0,0,0.52,0.6,0.3,0,0.5,10,9.5,10,rrt_20260807_205924_170.png
20260807_205925_154,2026-08-07 20:59:25,True,953,123,17.545120678665466,35,0.52,0.6,0.3,0,0.5,10,9.5,10,rrt_20260807_205925_154.png
20260807_205925_970,2026-08-07 20:59:25,True,1008,164,19.134781094530368,38,0.52,0.6,0.3,0,0.5,10,9.5,10,rrt_20260807_205925_970.png
20260807_205930_491,2026-08-07 20:59:30,False,10000,468,0.0,0,0.52,0.6,0.3,0,0.5,10,9.5,10,rrt_20260807_205930_491.png
20260807_205935_523,2026-08-07 20:59:35,False,10000,515,0.0,0,0.52,0.6,0.3,0,0.5,10,9.5,10,rrt_20260807_205935_523.png
20260807_205939_349,2026-08-07 20:59:39,False,10000,394,0.0,0,0.52,0.6,0.3,0,0.5,10,9.5,10,rrt_20260807_205939_349.png
20260807_205943_595,2026-08-07 20:59:43,False,10000,347,0.0,0,0.52,0.6,0.3,0,0.5,10,9.5,10,rrt_20260807_205943_595.png
20260807_205949_021,2026-08-07 20:59:49,False,10000,497,0.0,0,0.52,0.6,0.3,0,0.5,10,9.5,10,rrt_20260807_205949_021.png
20260807_205950_420,2026-08-07 20:59:50,True,866,167,17.07766736133846,34,0.52,0.6,0.3,0,0.5,10,9.5,10,rrt_20260807_205950_420.png
20260807_205955_410,2026-08-07 20:59:55,False,10000,527,0.0,0,0.52,0.6,0.3,0,0.5,10,9.5,10,rrt_20260807_205955_410.png
20260807_205959_436,2026-08-07 20:59:59,False,10000,369,0.0,0,0.52,0.6,0.3,0,0.5,10,9.5,10,rrt_20260807_205959_436.png
20260807_210000_334,2026-08-07 21:00:00,True,867,169,17.159999999999993,34,0.52,0.7,0.3,0,0.5,10,9.5,10,rrt_20260807_210000_334.png
20260807_210006_005,2026-08-07 21:00:06,False,10000,633,0.0,0,0.52,0.7,0.3,0,0.5,10,9.5,10,rrt_20260807_210006_005.png
20260807_210009_929,2026-08-07 21:00:09,False,10000,388,0.0,0,0.52,0.7,0.3,0,0.5,10,9.5,10,rrt_20260807_210009_929.png
20260807_210010_800,2026-08-07 21:00:10,True,1021,156,17.679999999999993,35,0.52,0.7,0.3,0,0.5,10,9.5,10,rrt_20260807_210010_800.png
20260807_210012_175,2026-08-07 21:00:12,True,548,140,16.639999999999997,33,0.52,0.7,0.3,0,0.5,10,9.5,10,rrt_20260807_210012_175.png
20260807_210017_286,2026-08-07 21:00:17,False,10000,554,0.0,0,0.52,0.7,0.3,0,0.5,10,9.5,10,rrt_20260807_210017_286.png
20260807_210022_948,2026-08-07 21:00:22,False,10000,624,0.0,0,0.52,0.7,0.3,0,0.5,10,9.5,10,rrt_20260807_210022_948.png
20260807_210028_895,2026-08-07 21:00:28,False,10000,605,0.0,0,0.52,0.7,0.3,0,0.5,10,9.5,10,rrt_20260807_210028_895.png
20260807_210035_099,2026-08-07 21:00:35,False,10000,601,0.0,0,0.52,0.7,0.3,0,0.5,10,9.5,10,rrt_20260807_210035_099.png
20260807_210035_942,2026-08-07 21:00:35,True,564,129,20.092977562586828,40,0.52,0.7,0.3,0,0.5,10,9.5,10,rrt_20260807_210035_942.png
20260807_210036_655,2026-08-07 21:00:36,True,256,79,17.679999999999996,35,0.52,0.7,0.3,0,0.5,10,9.5,10,rrt_20260807_210036_655.png
20260807_210041_928,2026-08-07 21:00:41,False,10000,590,0.0,0,0.52,0.7,0.3,0,0.5,10,9.5,10,rrt_20260807_210041_928.png
20260807_210047_438,2026-08-07 21:00:47,False,10000,553,0.0,0,0.52,0.7,0.3,0,0.5,10,9.5,10,rrt_20260807_210047_438.png
20260807_210048_596,2026-08-07 21:00:48,True,292,97,16.977019450075396,34,0.52,0.7,0.3,0,0.5,10,9.5,10,rrt_20260807_210048_596.png
20260807_210049_255,2026-08-07 21:00:49,True,341,100,17.159999999999993,34,0.52,0.7,0.3,0,0.5,10,9.5,10,rrt_20260807_210049_255.png
20260807_210050_156,2026-08-07 21:00:50,True,1166,147,17.243750624669563,35,0.52,0.7,0.3,0,0.5,10,9.5,10,rrt_20260807_210050_156.png
20260807_210051_028,2026-08-07 21:00:51,True,937,165,17.598169296215932,35,0.52,0.7,0.3,0,0.5,10,9.5,10,rrt_20260807_210051_028.png
20260807_210056_830,2026-08-07 21:00:56,False,10000,663,0.0,0,0.52,0.7,0.3,0,0.5,10,9.5,10,rrt_20260807_210056_830.png
20260807_210057_801,2026-08-07 21:00:57,True,741,140,18.566862392343683,37,0.52,0.7,0.3,0,0.5,10,9.5,10,rrt_20260807_210057_801.png
20260807_210058_612,2026-08-07 21:00:58,True,670,119,17.679999999999996,35,0.52,0.7,0.3,0,0.5,10,9.5,10,rrt_20260807_210058_612.png
20260807_210059_525,2026-08-07 21:00:59,True,1555,180,17.892522120530796,36,0.52,0.7,0.3,0,0.5,10,9.5,10,rrt_20260807_210059_525.png
20260807_210103_862,2026-08-07 21:01:03,False,10000,459,0.0,0,0.52,0.7,0.3,0,0.5,10,9.5,10,rrt_20260807_210103_862.png
20260807_210108_129,2026-08-07 21:01:08,False,10000,375,0.0,0,0.52,0.7,0.3,0,0.5,10,9.5,10,rrt_20260807_210108_129.png
20260807_210108_957,2026-08-07 21:01:08,True,326,101,17.16,34,0.52,0.7,0.3,0,0.5,10,9.5,10,rrt_20260807_210108_957.png
20260807_210109_712,2026-08-07 21:01:09,True,880,171,18.199999999999996,36,0.52,0.7,0.3,0,0.5,10,9.5,10,rrt_20260807_210109_712.png
20260807_210110_842,2026-08-07 21:01:10,True,1149,171,17.691815287487465,36,0.52,0.7,0.3,0,0.5,10,9.5,10,rrt_20260807_210110_842.png
20260807_210111_639,2026-08-07 21:01:11,True,534,100,17.16,34,0.52,0.7,0.3,0,0.5,10,9.5,10,rrt_20260807_210111_639.png
20260807_210112_545,2026-08-07 21:01:12,True,517,118,20.66912986600998,41,0.52,0.7,0.3,0,0.5,10,9.5,10,rrt_20260807_210112_545.png
20260807_210117_165,2026-08-07 21:01:17,False,10000,495,0.0,0,0.52,0.7,0.3,0,0.5,10,9.5,10,rrt_20260807_210117_165.png
20260807_210123_161,2026-08-07 21:01:23,False,10000,639,0.0,0,0.52,0.7,0.3,0,0.5,10,9.5,10,rrt_20260807_210123_161.png
20260807_210124_045,2026-08-07 21:01:24,True,511,137,18.018128006207483,36,0.52,0.7,0.3,0,0.5,10,9.5,10,rrt_20260807_210124_045.png
20260807_210129_803,2026-08-07 21:01:29,False,10000,582,0.0,0,0.52,0.7,0.3,0,0.5,10,9.5,10,rrt_20260807_210129_803.png
20260807_210135_614,2026-08-07 21:01:35,False,10000,639,0.0,0,0.52,0.7,0.3,0,0.5,10,9.5,10,rrt_20260807_210135_614.png
20260807_210136_705,2026-08-07 21:01:36,True,339,105,16.64,33,0.52,0.7,0.3,0,0.5,10,9.5,10,rrt_20260807_210136_705.png
20260807_210138_148,2026-08-07 21:01:38,True,666,124,20.79999999999999,41,0.52,0.7,0.3,0,0.5,10,9.5,10,rrt_20260807_210138_148.png
20260807_210139_016,2026-08-07 21:01:39,True,886,149,17.679999999999993,35,0.52,0.7,0.3,0,0.5,10,9.5,10,rrt_20260807_210139_016.png
20260807_210139_919,2026-08-07 21:01:39,True,509,118,18.199999999999992,36,0.52,0.7,0.3,0,0.5,10,9.5,10,rrt_20260807_210139_919.png
20260807_210144_941,2026-08-07 21:01:44,False,10000,540,0.0,0,0.52,0.7,0.3,0,0.5,10,9.5,10,rrt_20260807_210144_941.png
20260807_210145_897,2026-08-07 21:01:45,True,921,172,17.565424648515354,35,0.52,0.7,0.3,0,0.5,10,9.5,10,rrt_20260807_210145_897.png
20260807_210151_239,2026-08-07 21:01:51,False,10000,566,0.0,0,0.52,0.7,0.3,0,0.5,10,9.5,10,rrt_20260807_210151_239.png
20260807_210152_075,2026-08-07 21:01:52,True,703,142,18.08103632081132,36,0.52,0.7,0.3,0,0.5,10,9.5,10,rrt_20260807_210152_075.png
20260807_210153_010,2026-08-07 21:01:53,True,359,107,16.551510521094183,33,0.52,0.7,0.3,0,0.5,10,9.5,10,rrt_20260807_210153_010.png
20260807_210153_813,2026-08-07 21:01:53,True,720,165,20.246910935092078,40,0.52,0.7,0.3,0,0.5,10,9.5,10,rrt_20260807_210153_813.png
20260807_210154_755,2026-08-07 21:01:54,True,557,131,17.679999999999996,35,0.52,0.7,0.3,0,0.5,10,9.5,10,rrt_20260807_210154_755.png
20260807_210200_517,2026-08-07 21:02:00,False,10000,625,0.0,0,0.52,0.7,0.3,0,0.5,10,9.5,10,rrt_20260807_210200_517.png
20260807_210201_789,2026-08-07 21:02:01,True,164,65,17.159999999999997,34,0.52,0.7,0.3,0,0.5,10,9.5,10,rrt_20260807_210201_789.png
20260807_210206_082,2026-08-07 21:02:06,False,10000,430,0.0,0,0.52,0.7,0.3,0,0.5,10,9.5,10,rrt_20260807_210206_082.png
20260807_210211_702,2026-08-07 21:02:11,False,10000,600,0.0,0,0.52,0.7,0.3,0,0.5,10,9.5,10,rrt_20260807_210211_702.png
20260807_210213_164,2026-08-07 21:02:13,True,1133,173,17.619105085170105,35,0.52,0.7,0.3,0,0.5,10,9.5,10,rrt_20260807_210213_164.png
20260807_210218_676,2026-08-07 21:02:18,False,10000,601,0.0,0,0.52,0.7,0.3,0,0.5,10,9.5,10,rrt_20260807_210218_676.png
20260807_210223_562,2026-08-07 21:02:23,False,10000,516,0.0,0,0.52,0.7,0.3,0,0.5,10,9.5,10,rrt_20260807_210223_562.png
20260807_210224_426,2026-08-07 21:02:24,True,334,103,17.159999999999993,34,0.52,0.7,0.3,0,0.5,10,9.5,10,rrt_20260807_210224_426.png
20260807_210230_098,2026-08-07 21:02:30,False,10000,595,0.0,0,0.52,0.7,0.3,0,0.5,10,9.5,10,rrt_20260807_210230_098.png
20260807_210235_893,2026-08-07 21:02:35,False,10000,576,0.0,0,0.52,0.7,0.3,0,0.5,10,9.5,10,rrt_20260807_210235_893.png
20260807_210241_085,2026-08-07 21:02:41,False,10000,556,0.0,0,0.52,0.7,0.3,0,0.5,10,9.5,10,rrt_20260807_210241_085.png
20260807_210246_873,2026-08-07 21:02:46,False,10000,619,0.0,0,0.52,0.7,0.3,0,0.5,10,9.5,10,rrt_20260807_210246_873.png
20260807_210248_156,2026-08-07 21:02:48,True,162,60,17.63173349480091,35,0.52,0.7,0.3,0,0.5,10,9.5,10,rrt_20260807_210248_156.png
20260807_210252_846,2026-08-07 21:02:52,False,10000,440,0.0,0,0.52,0.7,0.3,0,0.5,10,9.5,10,rrt_20260807_210252_846.png
20260807_210257_194,2026-08-07 21:02:57,False,10000,431,0.0,0,0.52,0.7,0.3,0,0.5,10,9.5,10,rrt_20260807_210257_194.png
20260807_210258_123,2026-08-07 21:02:58,True,533,154,19.02083384110539,38,0.52,0.7,0.3,0,0.5,10,9.5,10,rrt_20260807_210258_123.png
20260807_210258_915,2026-08-07 21:02:58,True,1012,145,18.64134173201686,37,0.52,0.7,0.3,0,0.5,10,9.5,10,rrt_20260807_210258_915.png
20260807_210304_362,2026-08-07 21:03:04,False,10000,586,0.0,0,0.52,0.7,0.3,0,0.5,10,9.5,10,rrt_20260807_210304_362.png
20260807_210310_980,2026-08-07 21:03:10,False,10000,586,0.0,0,0.52,0.7,0.3,0,0.5,10,9.5,10,rrt_20260807_210310_980.png
20260807_210312_043,2026-08-07 21:03:12,True,1676,189,18.22395246934035,37,0.52,0.7,0.3,0,0.5,10,9.5,10,rrt_20260807_210312_043.png
20260807_210315_724,2026-08-07 21:03:15,False,10000,369,0.0,0,0.52,0.7,0.3,0,0.5,10,9.5,10,rrt_20260807_210315_724.png
20260807_210316_827,2026-08-07 21:03:16,True,1770,222,18.714610127343605,37,0.52,0.7,0.3,0,0.5,10,9.5,10,rrt_20260807_210316_827.png
20260807_210318_187,2026-08-07 21:03:18,True,350,101,18.05750670462518,36,0.52,0.7,0.3,0,0.5,10,9.5,10,rrt_20260807_210318_187.png
20260807_210318_878,2026-08-07 21:03:18,True,407,107,18.199999999999996,36,0.52,0.7,0.3,0,0.5,10,9.5,10,rrt_20260807_210318_878.png
20260807_210319_634,2026-08-07 21:03:19,True,605,134,19.128126219741567,38,0.52,0.7,0.3,0,0.5,10,9.5,10,rrt_20260807_210319_634.png
20260807_210325_373,2026-08-07 21:03:25,False,10000,643,0.0,0,0.52,0.7,0.3,0,0.5,10,9.5,10,rrt_20260807_210325_373.png
20260807_210326_453,2026-08-07 21:03:26,True,831,145,18.053647540396796,36,0.52,0.7,0.3,0,0.5,10,9.5,10,rrt_20260807_210326_453.png
20260807_210327_693,2026-08-07 21:03:27,True,265,95,17.999589420450707,36,0.52,0.7,0.3,0,0.5,10,9.5,10,rrt_20260807_210327_693.png
20260807_210332_623,2026-08-07 21:03:32,False,10000,512,0.0,0,0.52,0.7,0.3,0,0.5,10,9.5,10,rrt_20260807_210332_623.png
20260807_210338_069,2026-08-07 21:03:38,False,10000,524,0.0,0,0.52,0.7,0.3,0,0.5,10,9.5,10,rrt_20260807_210338_069.png
20260807_210342_675,2026-08-07 21:03:42,False,10000,471,0.0,0,0.52,0.7,0.3,0,0.5,10,9.5,10,rrt_20260807_210342_675.png
20260807_210344_640,2026-08-07 21:03:44,True,1584,218,21.31999999999999,42,0.52,0.7,0.3,0,0.5,10,9.5,10,rrt_20260807_210344_640.png
20260807_210345_504,2026-08-07 21:03:45,True,768,114,25.445877128781923,50,0.52,0.7,0.3,0,0.5,10,9.5,10,rrt_20260807_210345_504.png
20260807_210351_170,2026-08-07 21:03:51,False,10000,593,0.0,0,0.52,0.7,0.3,0,0.5,10,9.5,10,rrt_20260807_210351_170.png
20260807_210352_211,2026-08-07 21:03:52,True,597,132,18.051535288122256,36,0.52,0.7,0.3,0,0.5,10,9.5,10,rrt_20260807_210352_211.png
20260807_210357_417,2026-08-07 21:03:57,False,10000,556,0.0,0,0.52,0.7,0.3,0,0.5,10,9.5,10,rrt_20260807_210357_417.png
20260807_210358_896,2026-08-07 21:03:58,True,1399,182,17.53490439833457,35,0.52,0.7,0.3,0,0.5,10,9.5,10,rrt_20260807_210358_896.png
20260807_210404_277,2026-08-07 21:04:04,False,10000,611,0.0,0,0.52,0.7,0.3,0,0.5,10,9.5,10,rrt_20260807_210404_277.png
20260807_210405_167,2026-08-07 21:04:05,True,669,109,18.674761102264014,37,0.52,0.7,0.3,0,0.5,10,9.5,10,rrt_20260807_210405_167.png
20260807_210410_382,2026-08-07 21:04:10,False,10000,598,0.0,0,0.52,0.7,0.3,0,0.5,10,9.5,10,rrt_20260807_210410_382.png
20260807_210412_171,2026-08-07 21:04:12,True,1529,203,18.71999999999999,37,0.52,0.7,0.3,0,0.5,10,9.5,10,rrt_20260807_210412_171.png
20260807_210416_743,2026-08-07 21:04:16,False,10000,392,0.0,0,0.52,0.7,0.3,0,0.5,10,9.5,10,rrt_20260807_210416_743.png
20260807_210420_715,2026-08-07 21:04:20,False,10000,376,0.0,0,0.52,0.7,0.3,0,0.5,10,9.5,10,rrt_20260807_210420_715.png
20260807_210421_750,2026-08-07 21:04:21,True,813,165,16.52769910442009,33,0.52,0.7,0.3,0,0.5,10,9.5,10,rrt_20260807_210421_750.png
20260807_210426_191,2026-08-07 21:04:26,False,10000,475,0.0,0,0.52,0.7,0.3,0,0.5,10,9.5,10,rrt_20260807_210426_191.png
20260807_210427_267,2026-08-07 21:04:27,True,932,157,17.53678753236592,35,0.52,0.7,0.3,0,0.5,10,9.5,10,rrt_20260807_210427_267.png
20260807_210428_087,2026-08-07 21:04:28,True,651,129,17.679999999999993,35,0.52,0.7,0.3,0,0.5,10,9.5,10,rrt_20260807_210428_087.png
20260807_210428_928,2026-08-07 21:04:28,True,614,146,17.664402880799955,35,0.52,0.7,0.3,0,0.5,10,9.5,10,rrt_20260807_210428_928.png
20260807_210432_913,2026-08-07 21:04:32,False,10000,431,0.0,0,0.52,0.7,0.3,0,0.5,10,9.5,10,rrt_20260807_210432_913.png
20260807_210434_658,2026-08-07 21:04:34,True,623,142,18.1397508963963,36,0.52,0.7,0.3,0,0.5,10,9.5,10,rrt_20260807_210434_658.png
20260807_210435_826,2026-08-07 21:04:35,True,281,76,19.23999999999999,38,0.52,0.7,0.3,0,0.5,10,9.5,10,rrt_20260807_210435_826.png
20260807_210436_909,2026-08-07 21:04:36,True,531,146,18.71999999999999,37,0.52,0.7,0.3,0,0.5,10,9.5,10,rrt_20260807_210436_909.png
20260807_210437_666,2026-08-07 21:04:37,True,640,130,17.582759683575162,35,0.52,0.7,0.3,0,0.5,10,9.5,10,rrt_20260807_210437_666.png
20260807_210443_173,2026-08-07 21:04:43,False,10000,611,0.0,0,0.52,0.7,0.3,0,0.5,10,9.5,10,rrt_20260807_210443_173.png
20260807_210444_989,2026-08-07 21:04:44,True,2604,261,17.305321736987484,35,0.52,0.7,0.3,0,0.5,10,9.5,10,rrt_20260807_210444_989.png
20260807_210445_718,2026-08-07 21:04:45,True,390,118,16.639999999999993,33,0.52,0.7,0.3,0,0.5,10,9.5,10,rrt_20260807_210445_718.png
20260807_210450_361,2026-08-07 21:04:50,False,10000,486,0.0,0,0.52,0.8,0.3,0,0.5,10,9.5,10,rrt_20260807_210450_361.png
20260807_210451_943,2026-08-07 21:04:51,True,582,107,18.586855715536853,37,0.52,0.8,0.3,0,0.5,10,9.5,10,rrt_20260807_210451_943.png
20260807_210452_708,2026-08-07 21:04:52,True,560,145,17.159999999999993,34,0.52,0.8,0.3,0,0.5,10,9.5,10,rrt_20260807_210452_708.png
20260807_210453_416,2026-08-07 21:04:53,True,443,113,17.679999999999993,35,0.52,0.8,0.3,0,0.5,10,9.5,10,rrt_20260807_210453_416.png
20260807_210500_036,2026-08-07 21:05:00,False,10000,739,0.0,0,0.52,0.8,0.3,0,0.5,10,9.5,10,rrt_20260807_210500_036.png
20260807_210505_160,2026-08-07 21:05:05,False,10000,562,0.0,0,0.52,0.8,0.3,0,0.5,10,9.5,10,rrt_20260807_210505_160.png
20260807_210511_155,2026-08-07 21:05:11,False,10000,682,0.0,0,0.52,0.8,0.3,0,0.5,10,9.5,10,rrt_20260807_210511_155.png
20260807_210512_061,2026-08-07 21:05:12,True,623,173,20.79999999999999,41,0.52,0.8,0.3,0,0.5,10,9.5,10,rrt_20260807_210512_061.png
20260807_210512_835,2026-08-07 21:05:12,True,794,138,17.679999999999993,35,0.52,0.8,0.3,0,0.5,10,9.5,10,rrt_20260807_210512_835.png
20260807_210518_955,2026-08-07 21:05:18,False,10000,681,0.0,0,0.52,0.8,0.3,0,0.5,10,9.5,10,rrt_20260807_210518_955.png
20260807_210520_376,2026-08-07 21:05:20,True,298,105,16.639999999999993,33,0.52,0.8,0.3,0,0.5,10,9.5,10,rrt_20260807_210520_376.png
20260807_210526_494,2026-08-07 21:05:26,False,10000,687,0.0,0,0.52,0.8,0.3,0,0.5,10,9.5,10,rrt_20260807_210526_494.png
20260807_210533_337,2026-08-07 21:05:33,False,10000,670,0.0,0,0.52,0.8,0.3,0,0.5,10,9.5,10,rrt_20260807_210533_337.png
20260807_210534_528,2026-08-07 21:05:34,True,603,127,17.152948201912142,34,0.52,0.8,0.3,0,0.5,10,9.5,10,rrt_20260807_210534_528.png
20260807_210535_445,2026-08-07 21:05:35,True,874,177,17.159999999999993,34,0.52,0.8,0.3,0,0.5,10,9.5,10,rrt_20260807_210535_445.png
20260807_210541_155,2026-08-07 21:05:41,False,10000,511,0.0,0,0.52,0.8,0.3,0,0.5,10,9.5,10,rrt_20260807_210541_155.png
20260807_210546_339,2026-08-07 21:05:46,False,10000,509,0.0,0,0.52,0.8,0.3,0,0.5,10,9.5,10,rrt_20260807_210546_339.png
20260807_210548_165,2026-08-07 21:05:48,True,684,161,17.410113996529137,35,0.52,0.8,0.3,0,0.5,10,9.5,10,rrt_20260807_210548_165.png
20260807_210553_412,2026-08-07 21:05:53,False,10000,496,0.0,0,0.52,0.8,0.3,0,0.5,10,9.5,10,rrt_20260807_210553_412.png
20260807_210555_162,2026-08-07 21:05:55,True,833,149,19.239999999999995,38,0.52,0.8,0.3,0,0.5,10,9.5,10,rrt_20260807_210555_162.png
20260807_210556_316,2026-08-07 21:05:56,True,701,164,18.71999999999999,37,0.52,0.8,0.3,0,0.5,10,9.5,10,rrt_20260807_210556_316.png
20260807_210557_393,2026-08-07 21:05:57,True,695,157,19.239999999999995,38,0.52,0.8,0.3,0,0.5,10,9.5,10,rrt_20260807_210557_393.png
20260807_210558_403,2026-08-07 21:05:58,True,468,84,17.679999999999996,35,0.52,0.8,0.3,0,0.5,10,9.5,10,rrt_20260807_210558_403.png
20260807_210603_842,2026-08-07 21:06:03,False,10000,488,0.0,0,0.52,0.8,0.3,0,0.5,10,9.5,10,rrt_20260807_210603_842.png
20260807_210605_101,2026-08-07 21:06:05,True,414,102,18.304560902749905,37,0.52,0.8,0.3,0,0.5,10,9.5,10,rrt_20260807_210605_101.png
20260807_210606_623,2026-08-07 21:06:06,True,622,138,16.639999999999993,33,0.52,0.8,0.3,0,0.5,10,9.5,10,rrt_20260807_210606_623.png
20260807_210607_523,2026-08-07 21:06:07,True,1102,160,19.239999999999995,38,0.52,0.8,0.3,0,0.5,10,9.5,10,rrt_20260807_210607_523.png
20260807_210612_184,2026-08-07 21:06:12,False,10000,496,0.0,0,0.52,0.8,0.3,0,0.5,10,9.5,10,rrt_20260807_210612_184.png
20260807_210613_933,2026-08-07 21:06:13,True,542,117,18.2,36,0.52,0.8,0.3,0,0.5,10,9.5,10,rrt_20260807_210613_933.png
20260807_210620_194,2026-08-07 21:06:20,False,10000,690,0.0,0,0.52,0.8,0.3,0,0.5,10,9.5,10,rrt_20260807_210620_194.png
20260807_210621_190,2026-08-07 21:06:21,True,438,132,17.068580514347083,34,0.52,0.8,0.3,0,0.5,10,9.5,10,rrt_20260807_210621_190.png
20260807_210621_944,2026-08-07 21:06:21,True,688,156,18.199999999999992,36,0.52,0.8,0.3,0,0.5,10,9.5,10,rrt_20260807_210621_944.png
20260807_210626_317,2026-08-07 21:06:26,False,10000,484,0.0,0,0.52,0.8,0.3,0,0.5,10,9.5,10,rrt_20260807_210626_317.png
20260807_210630_607,2026-08-07 21:06:30,False,10000,435,0.0,0,0.52,0.8,0.3,0,0.5,10,9.5,10,rrt_20260807_210630_607.png
20260807_210634_784,2026-08-07 21:06:34,False,10000,432,0.0,0,0.52,0.8,0.3,0,0.5,10,9.5,10,rrt_20260807_210634_784.png
20260807_210641_370,2026-08-07 21:06:41,False,10000,686,0.0,0,0.52,0.8,0.3,0,0.5,10,9.5,10,rrt_20260807_210641_370.png
20260807_210642_408,2026-08-07 21:06:42,True,700,110,17.67921860017224,35,0.52,0.8,0.3,0,0.5,10,9.5,10,rrt_20260807_210642_408.png
20260807_210643_598,2026-08-07 21:06:43,True,562,123,17.159999999999997,34,0.52,0.8,0.3,0,0.5,10,9.5,10,rrt_20260807_210643_598.png
20260807_210644_389,2026-08-07 21:06:44,True,496,114,21.31999999999999,42,0.52,0.8,0.3,0,0.5,10,9.5,10,rrt_20260807_210644_389.png
20260807_210649_711,2026-08-07 21:06:49,False,10000,583,0.0,0,0.52,0.8,0.3,0,0.5,10,9.5,10,rrt_20260807_210649_711.png
20260807_210654_027,2026-08-07 21:06:54,False,10000,416,0.0,0,0.52,0.8,0.3,0,0.5,10,9.5,10,rrt_20260807_210654_027.png
20260807_210700_177,2026-08-07 21:07:00,False,10000,682,0.0,0,0.52,0.8,0.3,0,0.5,10,9.5,10,rrt_20260807_210700_177.png
20260807_210701_080,2026-08-07 21:07:01,True,636,139,21.287222616179967,42,0.52,0.8,0.3,0,0.5,10,9.5,10,rrt_20260807_210701_080.png
20260807_210701_802,2026-08-07 21:07:01,True,603,103,18.111066283134893,36,0.52,0.8,0.3,0,0.5,10,9.5,10,rrt_20260807_210701_802.png
20260807_210703_027,2026-08-07 21:07:03,True,542,149,18.719999999999995,37,0.52,0.8,0.3,0,0.5,10,9.5,10,rrt_20260807_210703_027.png
20260807_210707_797,2026-08-07 21:07:07,False,10000,493,0.0,0,0.52,0.8,0.3,0,0.5,10,9.5,10,rrt_20260807_210707_797.png
20260807_210714_357,2026-08-07 21:07:14,False,10000,644,0.0,0,0.52,0.8,0.3,0,0.5,10,9.5,10,rrt_20260807_210714_357.png
20260807_210720_329,2026-08-07 21:07:20,False,10000,634,0.0,0,0.52,0.8,0.3,0,0.5,10,9.5,10,rrt_20260807_210720_329.png
20260807_210721_169,2026-08-07 21:07:21,True,636,134,19.759999999999994,39,0.52,0.8,0.3,0,0.5,10,9.5,10,rrt_20260807_210721_169.png
20260807_210726_705,2026-08-07 21:07:26,False,10000,641,0.0,0,0.52,0.8,0.3,0,0.5,10,9.5,10,rrt_20260807_210726_705.png
20260807_210731_389,2026-08-07 21:07:31,False,10000,506,0.0,0,0.52,0.8,0.3,0,0.5,10,9.5,10,rrt_20260807_210731_389.png
20260807_210736_825,2026-08-07 21:07:36,False,10000,569,0.0,0,0.52,0.8,0.3,0,0.5,10,9.5,10,rrt_20260807_210736_825.png
20260807_210737_963,2026-08-07 21:07:37,True,305,108,18.607124972362254,37,0.52,0.8,0.3,0,0.5,10,9.5,10,rrt_20260807_210737_963.png
20260807_210739_118,2026-08-07 21:07:39,True,599,131,18.199999999999992,36,0.52,0.8,0.3,0,0.5,10,9.5,10,rrt_20260807_210739_118.png
20260807_210743_625,2026-08-07 21:07:43,False,10000,489,0.0,0,0.52,0.8,0.3,0,0.5,10,9.5,10,rrt_20260807_210743_625.png
20260807_210749_176,2026-08-07 21:07:49,False,10000,564,0.0,0,0.52,0.8,0.3,0,0.5,10,9.5,10,rrt_20260807_210749_176.png
20260807_210750_347,2026-08-07 21:07:50,True,1449,182,21.319999999999993,42,0.52,0.8,0.3,0,0.5,10,9.5,10,rrt_20260807_210750_347.png
20260807_210755_110,2026-08-07 21:07:55,False,10000,489,0.0,0,0.52,0.8,0.3,0,0.5,10,9.5,10,rrt_20260807_210755_110.png
20260807_210801_468,2026-08-07 21:08:01,False,10000,649,0.0,0,0.52,0.8,0.3,0,0.5,10,9.5,10,rrt_20260807_210801_468.png
20260807_210802_545,2026-08-07 21:08:02,True,443,146,20.48502335352207,41,0.52,0.8,0.3,0,0.5,10,9.5,10,rrt_20260807_210802_545.png
20260807_210808_332,2026-08-07 21:08:08,False,10000,650,0.0,0,0.52,0.8,0.3,0,0.5,10,9.5,10,rrt_20260807_210808_332.png
20260807_210814_675,2026-08-07 21:08:14,False,10000,653,0.0,0,0.52,0.8,0.3,0,0.5,10,9.5,10,rrt_20260807_210814_675.png
20260807_210815_648,2026-08-07 21:08:15,True,207,73,18.92207971999401,38,0.52,0.8,0.3,0,0.5,10,9.5,10,rrt_20260807_210815_648.png
20260807_210816_489,2026-08-07 21:08:16,True,1227,178,21.756649592948772,43,0.52,0.8,0.3,0,0.5,10,9.5,10,rrt_20260807_210816_489.png
20260807_210817_821,2026-08-07 21:08:17,True,693,175,18.719999999999995,37,0.52,0.8,0.3,0,0.5,10,9.5,10,rrt_20260807_210817_821.png
20260807_210818_637,2026-08-07 21:08:18,True,587,155,17.679999999999993,35,0.52,0.8,0.3,0,0.5,10,9.5,10,rrt_20260807_210818_637.png
20260807_210819_385,2026-08-07 21:08:19,True,422,114,16.639999999999993,33,0.52,0.8,0.3,0,0.5,10,9.5,10,rrt_20260807_210819_385.png
20260807_210820_169,2026-08-07 21:08:20,True,706,164,18.72,37,0.52,0.8,0.3,0,0.5,10,9.5,10,rrt_20260807_210820_169.png
20260807_210825_759,2026-08-07 21:08:25,False,10000,576,0.0,0,0.52,0.8,0.3,0,0.5,10,9.5,10,rrt_20260807_210825_759.png
20260807_210826_610,2026-08-07 21:08:26,True,499,127,18.124619567325034,36,0.52,0.8,0.3,0,0.5,10,9.5,10,rrt_20260807_210826_610.png
20260807_210832_513,2026-08-07 21:08:32,False,10000,637,0.0,0,0.52,0.8,0.3,0,0.5,10,9.5,10,rrt_20260807_210832_513.png
20260807_210834_017,2026-08-07 21:08:34,True,236,93,16.421553518992052,33,0.52,0.8,0.3,0,0.5,10,9.5,10,rrt_20260807_210834_017.png
20260807_210840_311,2026-08-07 21:08:40,False,10000,684,0.0,0,0.52,0.8,0.3,0,0.5,10,9.5,10,rrt_20260807_210840_311.png
20260807_210845_814,2026-08-07 21:08:45,False,10000,545,0.0,0,0.52,0.8,0.3,0,0.5,10,9.5,10,rrt_20260807_210845_814.png
20260807_210846_686,2026-08-07 21:08:46,True,518,144,20.774160982102593,41,0.52,0.8,0.3,0,0.5,10,9.5,10,rrt_20260807_210846_686.png
20260807_210847_500,2026-08-07 21:08:47,True,666,174,16.639999999999997,33,0.52,0.8,0.3,0,0.5,10,9.5,10,rrt_20260807_210847_500.png
20260807_210848_223,2026-08-07 21:08:48,True,600,127,17.679999999999993,35,0.52,0.8,0.3,0,0.5,10,9.5,10,rrt_20260807_210848_223.png
20260807_210854_232,2026-08-07 21:08:54,False,10000,687,0.0,0,0.52,0.8,0.3,0,0.5,10,9.5,10,rrt_20260807_210854_232.png
20260807_210859_980,2026-08-07 21:08:59,False,10000,593,0.0,0,0.52,0.8,0.3,0,0.5,10,9.5,10,rrt_20260807_210859_980.png
20260807_210901_071,2026-08-07 21:09:01,True,830,159,19.634019565552325,39,0.52,0.8,0.3,0,0.5,10,9.5,10,rrt_20260807_210901_071.png
20260807_210902_244,2026-08-07 21:09:02,True,2108,252,17.679999999999996,35,0.52,0.8,0.3,0,0.5,10,9.5,10,rrt_20260807_210902_244.png
20260807_210907_373,2026-08-07 21:09:07,False,10000,503,0.0,0,0.52,0.8,0.3,0,0.5,10,9.5,10,rrt_20260807_210907_373.png
20260807_210912_496,2026-08-07 21:09:12,False,10000,527,0.0,0,0.52,0.8,0.3,0,0.5,10,9.5,10,rrt_20260807_210912_496.png
20260807_210916_872,2026-08-07 21:09:16,False,10000,429,0.0,0,0.52,0.8,0.3,0,0.5,10,9.5,10,rrt_20260807_210916_872.png
20260807_210918_749,2026-08-07 21:09:18,True,405,87,19.09839870636269,38,0.52,0.8,0.3,0,0.5,10,9.5,10,rrt_20260807_210918_749.png
20260807_210919_665,2026-08-07 21:09:19,True,434,109,17.108091182813403,34,0.52,0.8,0.3,0,0.5,10,9.5,10,rrt_20260807_210919_665.png
20260807_210925_741,2026-08-07 21:09:25,False,10000,659,0.0,0,0.52,0.8,0.3,0,0.5,10,9.5,10,rrt_20260807_210925_741.png
20260807_210932_236,2026-08-07 21:09:32,False,10000,678,0.0,0,0.52,0.8,0.3,0,0.5,10,9.5,10,rrt_20260807_210932_236.png
20260807_210938_879,2026-08-07 21:09:38,False,10000,672,0.0,0,0.52,0.8,0.3,0,0.5,10,9.5,10,rrt_20260807_210938_879.png
20260807_210945_181,2026-08-07 21:09:45,False,10000,694,0.0,0,0.52,0.8,0.3,0,0.5,10,9.5,10,rrt_20260807_210945_181.png
20260807_210946_862,2026-08-07 21:09:46,True,441,128,18.199999999999992,36,0.52,0.8,0.3,0,0.5,10,9.5,10,rrt_20260807_210946_862.png
20260807_210951_496,2026-08-07 21:09:51,False,10000,523,0.0,0,0.52,0.8,0.3,0,0.5,10,9.5,10,rrt_20260807_210951_496.png
20260807_210952_418,2026-08-07 21:09:52,True,867,158,17.624604949972202,35,0.52,0.8,0.3,0,0.5,10,9.5,10,rrt_20260807_210952_418.png
20260807_210958_071,2026-08-07 21:09:58,False,10000,655,0.0,0,0.52,0.8,0.3,0,0.5,10,9.5,10,rrt_20260807_210958_071.png
20260807_210959_027,2026-08-07 21:09:59,True,636,160,18.085729595100858,36,0.52,0.8,0.3,0,0.5,10,9.5,10,rrt_20260807_210959_027.png
20260807_211004_602,2026-08-07 21:10:04,False,10000,614,0.0,0,0.52,0.8,0.3,0,0.5,10,9.5,10,rrt_20260807_211004_602.png
20260807_211008_963,2026-08-07 21:10:08,False,10000,458,0.0,0,0.52,0.8,0.3,0,0.5,10,9.5,10,rrt_20260807_211008_963.png
20260807_211009_782,2026-08-07 21:10:09,True,763,169,17.679999999999996,35,0.52,0.8,0.3,0,0.5,10,9.5,10,rrt_20260807_211009_782.png
20260807_211015_103,2026-08-07 21:10:15,False,10000,596,0.0,0,0.52,0.8,0.3,0,0.5,10,9.5,10,rrt_20260807_211015_103.png
20260807_211022_068,2026-08-07 21:10:22,False,10000,639,0.0,0,0.52,0.8,0.3,0,0.5,10,9.5,10,rrt_20260807_211022_068.png
20260807_211023_559,2026-08-07 21:10:23,True,1700,251,24.439999999999987,48,0.52,0.9,0.3,0,0.5,10,9.5,10,rrt_20260807_211023_559.png
20260807_211024_422,2026-08-07 21:10:24,True,564,176,17.589837403608364,35,0.52,0.9,0.3,0,0.5,10,9.5,10,rrt_20260807_211024_422.png
20260807_211031_524,2026-08-07 21:10:31,False,10000,742,0.0,0,0.52,0.9,0.3,0,0.5,10,9.5,10,rrt_20260807_211031_524.png
20260807_211038_322,2026-08-07 21:10:38,False,10000,687,0.0,0,0.52,0.9,0.3,0,0.5,10,9.5,10,rrt_20260807_211038_322.png
20260807_211039_374,2026-08-07 21:10:39,True,279,94,20.279999999999994,40,0.52,0.9,0.3,0,0.5,10,9.5,10,rrt_20260807_211039_374.png
20260807_211040_057,2026-08-07 21:10:40,True,375,143,17.16,34,0.52,0.9,0.3,0,0.5,10,9.5,10,rrt_20260807_211040_057.png
20260807_211046_404,2026-08-07 21:10:46,False,10000,727,0.0,0,0.52,0.9,0.3,0,0.5,10,9.5,10,rrt_20260807_211046_404.png
20260807_211052_892,2026-08-07 21:10:52,False,10000,744,0.0,0,0.52,0.9,0.3,0,0.5,10,9.5,10,rrt_20260807_211052_892.png
20260807_211054_661,2026-08-07 21:10:54,True,669,180,16.639999999999997,33,0.52,0.9,0.3,0,0.5,10,9.5,10,rrt_20260807_211054_661.png
20260807_211055_510,2026-08-07 21:10:55,True,1146,194,21.114599135953796,42,0.52,0.9,0.3,0,0.5,10,9.5,10,rrt_20260807_211055_510.png
20260807_211101_837,2026-08-07 21:11:01,False,10000,693,0.0,0,0.52,0.9,0.3,0,0.5,10,9.5,10,rrt_20260807_211101_837.png
20260807_211108_167,2026-08-07 21:11:08,False,10000,687,0.0,0,0.52,0.9,0.3,0,0.5,10,9.5,10,rrt_20260807_211108_167.png
20260807_211114_792,2026-08-07 21:11:14,False,10000,751,0.0,0,0.52,0.9,0.3,0,0.5,10,9.5,10,rrt_20260807_211114_792.png
20260807_211115_785,2026-08-07 21:11:15,True,346,103,17.159999999999997,34,0.52,0.9,0.3,0,0.5,10,9.5,10,rrt_20260807_211115_785.png
20260807_211116_515,2026-08-07 21:11:16,True,576,141,18.649195690025284,37,0.52,0.9,0.3,0,0.5,10,9.5,10,rrt_20260807_211116_515.png
20260807_211123_005,2026-08-07 21:11:23,False,10000,752,0.0,0,0.52,0.9,0.3,0,0.5,10,9.5,10,rrt_20260807_211123_005.png
20260807_211124_006,2026-08-07 21:11:24,True,266,115,17.159999999999997,34,0.52,0.9,0.3,0,0.5,10,9.5,10,rrt_20260807_211124_006.png
20260807_211125_538,2026-08-07 21:11:25,True,719,171,19.185901648976213,38,0.52,0.9,0.3,0,0.5,10,9.5,10,rrt_20260807_211125_538.png
20260807_211126_230,2026-08-07 21:11:26,True,223,83,18.129025419957486,36,0.52,0.9,0.3,0,0.5,10,9.5,10,rrt_20260807_211126_230.png
20260807_211132_682,2026-08-07 21:11:32,False,10000,750,0.0,0,0.52,0.9,0.3,0,0.5,10,9.5,10,rrt_20260807_211132_682.png
20260807_211139_235,2026-08-07 21:11:39,False,10000,738,0.0,0,0.52,0.9,0.3,0,0.5,10,9.5,10,rrt_20260807_211139_235.png
20260807_211145_000,2026-08-07 21:11:45,False,10000,625,0.0,0,0.52,0.9,0.3,0,0.5,10,9.5,10,rrt_20260807_211145_000.png
20260807_211145_868,2026-08-07 21:11:45,True,340,112,21.26616661425275,42,0.52,0.9,0.3,0,0.5,10,9.5,10,rrt_20260807_211145_868.png
20260807_211152_448,2026-08-07 21:11:52,False,10000,766,0.0,0,0.52,0.9,0.3,0,0.5,10,9.5,10,rrt_20260807_211152_448.png
20260807_211158_672,2026-08-07 21:11:58,False,10000,723,0.0,0,0.52,0.9,0.3,0,0.5,10,9.5,10,rrt_20260807_211158_672.png
20260807_211159_676,2026-08-07 21:11:59,True,423,149,17.679999999999993,35,0.52,0.9,0.3,0,0.5,10,9.5,10,rrt_20260807_211159_676.png
20260807_211206_921,2026-08-07 21:12:06,False,10000,736,0.0,0,0.52,0.9,0.3,0,0.5,10,9.5,10,rrt_20260807_211206_921.png
20260807_211208_035,2026-08-07 21:12:08,True,390,110,18.199999999999996,36,0.52,0.9,0.3,0,0.5,10,9.5,10,rrt_20260807_211208_035.png
20260807_211212_565,2026-08-07 21:12:12,False,10000,515,0.0,0,0.52,0.9,0.3,0,0.5,10,9.5,10,rrt_20260807_211212_565.png
20260807_211213_432,2026-08-07 21:12:13,True,314,110,16.95429083091622,34,0.52,0.9,0.3,0,0.5,10,9.5,10,rrt_20260807_211213_432.png
20260807_211214_347,2026-08-07 21:12:14,True,607,165,18.79299240451833,38,0.52,0.9,0.3,0,0.5,10,9.5,10,rrt_20260807_211214_347.png
20260807_211215_342,2026-08-07 21:12:15,True,811,171,17.406587877449898,35,0.52,0.9,0.3,0,0.5,10,9.5,10,rrt_20260807_211215_342.png
20260807_211216_788,2026-08-07 21:12:16,True,1109,164,19.173738841540562,38,0.52,0.9,0.3,0,0.5,10,9.5,10,rrt_20260807_211216_788.png
20260807_211217_591,2026-08-07 21:12:17,True,525,141,18.719999999999995,37,0.52,0.9,0.3,0,0.5,10,9.5,10,rrt_20260807_211217_591.png
20260807_211218_664,2026-08-07 21:12:18,True,593,166,18.199999999999992,36,0.52,0.9,0.3,0,0.5,10,9.5,10,rrt_20260807_211218_664.png
20260807_211219_582,2026-08-07 21:12:19,True,521,158,19.48083045044152,39,0.52,0.9,0.3,0,0.5,10,9.5,10,rrt_20260807_211219_582.png
20260807_211225_398,2026-08-07 21:12:25,False,10000,642,0.0,0,0.52,0.9,0.3,0,0.5,10,9.5,10,rrt_20260807_211225_398.png
20260807_211231_338,2026-08-07 21:12:31,False,10000,625,0.0,0,0.52,0.9,0.3,0,0.5,10,9.5,10,rrt_20260807_211231_338.png
20260807_211232_745,2026-08-07 21:12:32,True,2182,281,22.450062808971648,45,0.52,0.9,0.3,0,0.5,10,9.5,10,rrt_20260807_211232_745.png
20260807_211236_940,2026-08-07 21:12:36,False,10000,452,0.0,0,0.52,0.9,0.3,0,0.5,10,9.5,10,rrt_20260807_211236_940.png
20260807_211237_745,2026-08-07 21:12:37,True,631,165,19.054655213762143,38,0.52,0.9,0.3,0,0.5,10,9.5,10,rrt_20260807_211237_745.png
20260807_211238_507,2026-08-07 21:12:38,True,713,126,18.52818978360116,37,0.52,0.9,0.3,0,0.5,10,9.5,10,rrt_20260807_211238_507.png
20260807_211244_621,2026-08-07 21:12:44,False,10000,722,0.0,0,0.52,0.9,0.3,0,0.5,10,9.5,10,rrt_20260807_211244_621.png
20260807_211246_028,2026-08-07 21:12:46,True,720,149,17.761535570841293,36,0.52,0.9,0.3,0,0.5,10,9.5,10,rrt_20260807_211246_028.png
20260807_211246_737,2026-08-07 21:12:46,True,298,115,19.759999999999994,39,0.52,0.9,0.3,0,0.5,10,9.5,10,rrt_20260807_211246_737.png
20260807_211247_764,2026-08-07 21:12:47,True,606,167,17.679999999999993,35,0.52,0.9,0.3,0,0.5,10,9.5,10,rrt_20260807_211247_764.png
20260807_211254_341,2026-08-07 21:12:54,False,10000,740,0.0,0,0.52,0.9,0.3,0,0.5,10,9.5,10,rrt_20260807_211254_341.png
20260807_211300_378,2026-08-07 21:13:00,False,10000,645,0.0,0,0.52,0.9,0.3,0,0.5,10,9.5,10,rrt_20260807_211300_378.png
20260807_211301_365,2026-08-07 21:13:01,True,764,142,19.64038755100709,39,0.52,0.9,0.3,0,0.5,10,9.5,10,rrt_20260807_211301_365.png
20260807_211307_044,2026-08-07 21:13:07,False,10000,639,0.0,0,0.52,0.9,0.3,0,0.5,10,9.5,10,rrt_20260807_211307_044.png
20260807_211308_091,2026-08-07 21:13:08,True,1336,186,20.64042927555377,41,0.52,0.9,0.3,0,0.5,10,9.5,10,rrt_20260807_211308_091.png
20260807_211314_444,2026-08-07 21:13:14,False,10000,729,0.0,0,0.52,0.9,0.3,0,0.5,10,9.5,10,rrt_20260807_211314_444.png
20260807_211316_002,2026-08-07 21:13:16,True,264,113,16.639999999999997,33,0.52,0.9,0.3,0,0.5,10,9.5,10,rrt_20260807_211316_002.png
20260807_211316_753,2026-08-07 21:13:16,True,629,190,17.461466925147338,35,0.52,0.9,0.3,0,0.5,10,9.5,10,rrt_20260807_211316_753.png
20260807_211322_664,2026-08-07 21:13:22,False,10000,721,0.0,0,0.52,0.9,0.3,0,0.5,10,9.5,10,rrt_20260807_211322_664.png
20260807_211323_514,2026-08-07 21:13:23,True,231,98,17.012805901019636,34,0.52,0.9,0.3,0,0.5,10,9.5,10,rrt_20260807_211323_514.png
20260807_211330_256,2026-08-07 21:13:30,False,10000,772,0.0,0,0.52,0.9,0.3,0,0.5,10,9.5,10,rrt_20260807_211330_256.png
20260807_211331_244,2026-08-07 21:13:31,True,184,92,17.67649556901131,35,0.52,0.9,0.3,0,0.5,10,9.5,10,rrt_20260807_211331_244.png
20260807_211332_106,2026-08-07 21:13:32,True,573,153,19.759999999999994,39,0.52,0.9,0.3,0,0.5,10,9.5,10,rrt_20260807_211332_106.png
20260807_211333_103,2026-08-07 21:13:33,True,996,160,19.646837974118338,39,0.52,0.9,0.3,0,0.5,10,9.5,10,rrt_20260807_211333_103.png
20260807_211338_415,2026-08-07 21:13:38,False,10000,564,0.0,0,0.52,0.9,0.3,0,0.5,10,9.5,10,rrt_20260807_211338_415.png
20260807_211345_604,2026-08-07 21:13:45,False,10000,702,0.0,0,0.52,0.9,0.3,0,0.5,10,9.5,10,rrt_20260807_211345_604.png
20260807_211352_146,2026-08-07 21:13:52,False,10000,744,0.0,0,0.52,0.9,0.3,0,0.5,10,9.5,10,rrt_20260807_211352_146.png
20260807_211357_709,2026-08-07 21:13:57,False,10000,551,0.0,0,0.52,0.9,0.3,0,0.5,10,9.5,10,rrt_20260807_211357_709.png
20260807_211405_102,2026-08-07 21:14:05,False,10000,772,0.0,0,0.52,0.9,0.3,0,0.5,10,9.5,10,rrt_20260807_211405_102.png
20260807_211406_487,2026-08-07 21:14:06,True,371,90,17.679999999999993,35,0.52,0.9,0.3,0,0.5,10,9.5,10,rrt_20260807_211406_487.png
20260807_211407_716,2026-08-07 21:14:07,True,517,176,18.735583420181946,38,0.52,0.9,0.3,0,0.5,10,9.5,10,rrt_20260807_211407_716.png
20260807_211414_923,2026-08-07 21:14:14,False,10000,705,0.0,0,0.52,0.9,0.3,0,0.5,10,9.5,10,rrt_20260807_211414_923.png
20260807_211416_550,2026-08-07 21:14:16,True,649,169,17.888645449957426,36,0.52,0.9,0.3,0,0.5,10,9.5,10,rrt_20260807_211416_550.png
20260807_211417_569,2026-08-07 21:14:17,True,1253,179,19.57580321926629,39,0.52,0.9,0.3,0,0.5,10,9.5,10,rrt_20260807_211417_569.png
20260807_211419_942,2026-08-07 21:14:19,True,273,105,19.096964736936773,38,0.52,0.9,0.3,0,0.5,10,9.5,10,rrt_20260807_211419_942.png
20260807_211421_219,2026-08-07 21:14:21,True,1351,223,20.279999999999994,40,0.52,0.9,0.3,0,0.5,10,9.5,10,rrt_20260807_211421_219.png
20260807_211422_080,2026-08-07 21:14:22,True,295,107,19.759999999999994,39,0.52,0.9,0.3,0,0.5,10,9.5,10,rrt_20260807_211422_080.png
20260807_211422_945,2026-08-07 21:14:22,True,672,191,17.679999999999993,35,0.52,0.9,0.3,0,0.5,10,9.5,10,rrt_20260807_211422_945.png
20260807_211423_750,2026-08-07 21:14:23,True,232,92,18.71999999999999,37,0.52,0.9,0.3,0,0.5,10,9.5,10,rrt_20260807_211423_750.png
20260807_211425_509,2026-08-07 21:14:25,True,796,147,19.05005761214846,38,0.52,0.9,0.3,0,0.5,10,9.5,10,rrt_20260807_211425_509.png
20260807_211432_004,2026-08-07 21:14:32,False,10000,589,0.0,0,0.52,0.9,0.3,0,0.5,10,9.5,10,rrt_20260807_211432_004.png
20260807_211433_110,2026-08-07 21:14:33,True,499,119,20.23462928596417,40,0.52,0.9,0.3,0,0.5,10,9.5,10,rrt_20260807_211433_110.png
20260807_211433_989,2026-08-07 21:14:33,True,287,105,18.199999999999992,36,0.52,0.9,0.3,0,0.5,10,9.5,10,rrt_20260807_211433_989.png
20260807_211439_897,2026-08-07 21:14:39,False,10000,514,0.0,0,0.52,0.9,0.3,0,0.5,10,9.5,10,rrt_20260807_211439_897.png
20260807_211441_055,2026-08-07 21:14:41,True,447,126,17.645871817375863,35,0.52,0.9,0.3,0,0.5,10,9.5,10,rrt_20260807_211441_055.png
20260807_211442_472,2026-08-07 21:14:42,True,536,160,18.72,37,0.52,0.9,0.3,0,0.5,10,9.5,10,rrt_20260807_211442_472.png
20260807_211449_117,2026-08-07 21:14:49,False,10000,644,0.0,0,0.52,0.9,0.3,0,0.5,10,9.5,10,rrt_20260807_211449_117.png
20260807_211457_250,2026-08-07 21:14:57,False,10000,730,0.0,0,0.52,0.9,0.3,0,0.5,10,9.5,10,rrt_20260807_211457_250.png
20260807_211458_701,2026-08-07 21:14:58,True,559,145,20.27999999999999,40,0.52,0.9,0.3,0,0.5,10,9.5,10,rrt_20260807_211458_701.png
20260807_211506_657,2026-08-07 21:15:06,False,10000,757,0.0,0,0.52,0.9,0.3,0,0.5,10,9.5,10,rrt_20260807_211506_657.png
20260807_211507_692,2026-08-07 21:15:07,True,337,100,17.159999999999997,34,0.52,0.9,0.3,0,0.5,10,9.5,10,rrt_20260807_211507_692.png
20260807_211513_323,2026-08-07 21:15:13,False,10000,636,0.0,0,0.52,0.9,0.3,0,0.5,10,9.5,10,rrt_20260807_211513_323.png
20260807_211515_114,2026-08-07 21:15:15,True,1072,199,18.714625335337388,37,0.52,0.9,0.3,0,0.5,10,9.5,10,rrt_20260807_211515_114.png
20260807_211516_039,2026-08-07 21:15:16,True,881,162,18.719999999999995,37,0.52,0.9,0.3,0,0.5,10,9.5,10,rrt_20260807_211516_039.png
20260807_211522_289,2026-08-07 21:15:22,False,10000,606,0.0,0,0.52,0.9,0.3,0,0.5,10,9.5,10,rrt_20260807_211522_289.png
20260807_211523_214,2026-08-07 21:15:23,True,213,96,19.123399504730674,38,0.52,0.9,0.3,0,0.5,10,9.5,10,rrt_20260807_211523_214.png
20260807_211523_939,2026-08-07 21:15:23,True,327,104,18.71999999999999,37,0.52,0.9,0.3,0,0.5,10,9.5,10,rrt_20260807_211523_939.png
20260807_211530_593,2026-08-07 21:15:30,False,10000,777,0.0,0,0.52,0.9,0.3,0,0.5,10,9.5,10,rrt_20260807_211530_593.png
20260807_211537_953,2026-08-07 21:15:37,False,10000,738,0.0,0,0.52,0.9,0.3,0,0.5,10,9.5,10,rrt_20260807_211537_953.png
20260807_211539_146,2026-08-07 21:15:39,True,1146,174,20.179058800643624,40,0.52,0.9,0.3,0,0.5,10,9.5,10,rrt_20260807_211539_146.png
20260807_211539_850,2026-08-07 21:15:39,True,217,81,17.16,34,0.52,0.9,0.3,0,0.5,10,9.5,10,rrt_20260807_211539_850.png
20260807_211541_283,2026-08-07 21:15:41,True,734,178,18.71999999999999,37,0.52,0.9,0.3,0,0.5,10,9.5,10,rrt_20260807_211541_283.png
20260807_211542_066,2026-08-07 21:15:42,True,554,151,17.679999999999993,35,0.52,0.9,0.3,0,0.5,10,9.5,10,rrt_20260807_211542_066.png
20260807_211546_637,2026-08-07 21:15:46,False,10000,453,0.0,0,0.52,0.9,0.3,0,0.5,10,9.5,10,rrt_20260807_211546_637.png
20260807_211553_312,2026-08-07 21:15:53,False,10000,720,0.0,0,0.52,1.0,0.3,0,0.5,10,9.5,10,rrt_20260807_211553_312.png
20260807_211558_728,2026-08-07 21:15:58,False,10000,593,0.0,0,0.52,1.0,0.3,0,0.5,10,9.5,10,rrt_20260807_211558_728.png
20260807_211605_258,2026-08-07 21:16:05,False,10000,753,0.0,0,0.52,1.0,0.3,0,0.5,10,9.5,10,rrt_20260807_211605_258.png
20260807_211612_148,2026-08-07 21:16:12,False,10000,794,0.0,0,0.52,1.0,0.3,0,0.5,10,9.5,10,rrt_20260807_211612_148.png
20260807_211613_739,2026-08-07 21:16:13,True,1588,262,17.679999999999993,35,0.52,1.0,0.3,0,0.5,10,9.5,10,rrt_20260807_211613_739.png
20260807_211615_528,2026-08-07 21:16:15,True,1086,213,18.71999999999999,37,0.52,1.0,0.3,0,0.5,10,9.5,10,rrt_20260807_211615_528.png
20260807_211621_612,2026-08-07 21:16:21,False,10000,634,0.0,0,0.52,1.0,0.3,0,0.5,10,9.5,10,rrt_20260807_211621_612.png
20260807_211627_550,2026-08-07 21:16:27,False,10000,622,0.0,0,0.52,1.0,0.3,0,0.5,10,9.5,10,rrt_20260807_211627_550.png
20260807_211634_071,2026-08-07 21:16:34,False,10000,693,0.0,0,0.52,1.0,0.3,0,0.5,10,9.5,10,rrt_20260807_211634_071.png
20260807_211640_658,2026-08-07 21:16:40,False,10000,714,0.0,0,0.52,1.0,0.3,0,0.5,10,9.5,10,rrt_20260807_211640_658.png
20260807_211646_883,2026-08-07 21:16:46,False,10000,702,0.0,0,0.52,1.0,0.3,0,0.5,10,9.5,10,rrt_20260807_211646_883.png
20260807_211647_799,2026-08-07 21:16:47,True,529,138,21.839999999999996,43,0.52,1.0,0.3,0,0.5,10,9.5,10,rrt_20260807_211647_799.png
20260807_211653_542,2026-08-07 21:16:53,False,10000,669,0.0,0,0.52,1.0,0.3,0,0.5,10,9.5,10,rrt_20260807_211653_542.png
20260807_211654_656,2026-08-07 21:16:54,True,383,120,18.199999999999996,36,0.52,1.0,0.3,0,0.5,10,9.5,10,rrt_20260807_211654_656.png
20260807_211656_203,2026-08-07 21:16:56,True,1235,249,18.199999999999992,36,0.52,1.0,0.3,0,0.5,10,9.5,10,rrt_20260807_211656_203.png
20260807_211702_629,2026-08-07 21:17:02,False,10000,741,0.0,0,0.52,1.0,0.3,0,0.5,10,9.5,10,rrt_20260807_211702_629.png
20260807_211709_790,2026-08-07 21:17:09,False,10000,773,0.0,0,0.52,1.0,0.3,0,0.5,10,9.5,10,rrt_20260807_211709_790.png
20260807_211717_025,2026-08-07 21:17:17,False,10000,810,0.0,0,0.52,1.0,0.3,0,0.5,10,9.5,10,rrt_20260807_211717_025.png
20260807_211723_315,2026-08-07 21:17:23,False,10000,628,0.0,0,0.52,1.0,0.3,0,0.5,10,9.5,10,rrt_20260807_211723_315.png
20260807_211730_048,2026-08-07 21:17:30,False,10000,687,0.0,0,0.52,1.0,0.3,0,0.5,10,9.5,10,rrt_20260807_211730_048.png
20260807_211737_123,2026-08-07 21:17:37,False,10000,780,0.0,0,0.52,1.0,0.3,0,0.5,10,9.5,10,rrt_20260807_211737_123.png
20260807_211738_365,2026-08-07 21:17:38,True,822,185,20.279999999999994,40,0.52,1.0,0.3,0,0.5,10,9.5,10,rrt_20260807_211738_365.png
20260807_211745_378,2026-08-07 21:17:45,False,10000,816,0.0,0,0.52,1.0,0.3,0,0.5,10,9.5,10,rrt_20260807_211745_378.png
20260807_211751_478,2026-08-07 21:17:51,False,10000,585,0.0,0,0.52,1.0,0.3,0,0.5,10,9.5,10,rrt_20260807_211751_478.png
20260807_211800_862,2026-08-07 21:18:00,False,10000,817,0.0,0,0.52,1.0,0.3,0,0.5,10,9.5,10,rrt_20260807_211800_862.png
20260807_211802_539,2026-08-07 21:18:02,True,1321,242,18.2,36,0.52,1.0,0.3,0,0.5,10,9.5,10,rrt_20260807_211802_539.png
20260807_211809_709,2026-08-07 21:18:09,False,10000,828,0.0,0,0.52,1.0,0.3,0,0.5,10,9.5,10,rrt_20260807_211809_709.png
20260807_211810_630,2026-08-07 21:18:10,True,713,179,18.800719028003577,38,0.52,1.0,0.3,0,0.5,10,9.5,10,rrt_20260807_211810_630.png
20260807_211816_995,2026-08-07 21:18:16,False,10000,737,0.0,0,0.52,1.0,0.3,0,0.5,10,9.5,10,rrt_20260807_211816_995.png
20260807_211824_573,2026-08-07 21:18:24,False,10000,810,0.0,0,0.52,1.0,0.3,0,0.5,10,9.5,10,rrt_20260807_211824_573.png
20260807_211831_962,2026-08-07 21:18:31,False,10000,721,0.0,0,0.52,1.0,0.3,0,0.5,10,9.5,10,rrt_20260807_211831_962.png
20260807_211833_434,2026-08-07 21:18:33,True,935,178,19.23999999999999,38,0.52,1.0,0.3,0,0.5,10,9.5,10,rrt_20260807_211833_434.png
20260807_211840_989,2026-08-07 21:18:40,False,10000,707,0.0,0,0.52,1.0,0.3,0,0.5,10,9.5,10,rrt_20260807_211840_989.png
20260807_211848_594,2026-08-07 21:18:48,False,10000,823,0.0,0,0.52,1.0,0.3,0,0.5,10,9.5,10,rrt_20260807_211848_594.png
20260807_211855_910,2026-08-07 21:18:55,False,10000,747,0.0,0,0.52,1.0,0.3,0,0.5,10,9.5,10,rrt_20260807_211855_910.png
20260807_211856_859,2026-08-07 21:18:56,True,582,162,21.839999999999993,43,0.52,1.0,0.3,0,0.5,10,9.5,10,rrt_20260807_211856_859.png
20260807_211903_561,2026-08-07 21:19:03,False,10000,706,0.0,0,0.52,1.0,0.3,0,0.5,10,9.5,10,rrt_20260807_211903_561.png
20260807_211910_928,2026-08-07 21:19:10,False,10000,708,0.0,0,0.52,1.0,0.3,0,0.5,10,9.5,10,rrt_20260807_211910_928.png
20260807_211918_322,2026-08-07 21:19:18,False,10000,751,0.0,0,0.52,1.0,0.3,0,0.5,10,9.5,10,rrt_20260807_211918_322.png
20260807_211919_435,2026-08-07 21:19:19,True,653,175,18.167649992337193,36,0.52,1.0,0.3,0,0.5,10,9.5,10,rrt_20260807_211919_435.png
20260807_211925_332,2026-08-07 21:19:25,False,10000,676,0.0,0,0.52,1.0,0.3,0,0.5,10,9.5,10,rrt_20260807_211925_332.png
20260807_211933_168,2026-08-07 21:19:33,False,10000,830,0.0,0,0.52,1.0,0.3,0,0.5,10,9.5,10,rrt_20260807_211933_168.png
20260807_211940_359,2026-08-07 21:19:40,False,10000,785,0.0,0,0.52,1.0,0.3,0,0.5,10,9.5,10,rrt_20260807_211940_359.png
20260807_211941_383,2026-08-07 21:19:41,True,1147,211,18.214280194327706,37,0.52,1.0,0.3,0,0.5,10,9.5,10,rrt_20260807_211941_383.png
20260807_211942_196,2026-08-07 21:19:42,True,755,182,18.199999999999992,36,0.52,1.0,0.3,0,0.5,10,9.5,10,rrt_20260807_211942_196.png
20260807_211942_974,2026-08-07 21:19:42,True,860,175,17.159999999999997,34,0.52,1.0,0.3,0,0.5,10,9.5,10,rrt_20260807_211942_974.png
20260807_211943_865,2026-08-07 21:19:43,True,935,206,18.719999999999995,37,0.52,1.0,0.3,0,0.5,10,9.5,10,rrt_20260807_211943_865.png
20260807_211950_436,2026-08-07 21:19:50,False,10000,795,0.0,0,0.52,1.0,0.3,0,0.5,10,9.5,10,rrt_20260807_211950_436.png
20260807_211957_323,2026-08-07 21:19:57,False,10000,735,0.0,0,0.52,1.0,0.3,0,0.5,10,9.5,10,rrt_20260807_211957_323.png
20260807_211959_196,2026-08-07 21:19:59,True,757,162,21.839999999999993,43,0.52,1.0,0.3,0,0.5,10,9.5,10,rrt_20260807_211959_196.png
20260807_212007_010,2026-08-07 21:20:07,False,10000,786,0.0,0,0.52,1.0,0.3,0,0.5,10,9.5,10,rrt_20260807_212007_010.png
20260807_212013_335,2026-08-07 21:20:13,False,10000,677,0.0,0,0.52,1.0,0.3,0,0.5,10,9.5,10,rrt_20260807_212013_335.png
20260807_212019_835,2026-08-07 21:20:19,False,10000,714,0.0,0,0.52,1.0,0.3,0,0.5,10,9.5,10,rrt_20260807_212019_835.png
20260807_212026_686,2026-08-07 21:20:26,False,10000,800,0.0,0,0.52,1.0,0.3,0,0.5,10,9.5,10,rrt_20260807_212026_686.png
20260807_212032_181,2026-08-07 21:20:32,False,10000,565,0.0,0,0.52,1.0,0.3,0,0.5,10,9.5,10,rrt_20260807_212032_181.png
20260807_212039_596,2026-08-07 21:20:39,False,10000,863,0.0,0,0.52,1.0,0.3,0,0.5,10,9.5,10,rrt_20260807_212039_596.png
20260807_212046_045,2026-08-07 21:20:46,False,10000,719,0.0,0,0.52,1.0,0.3,0,0.5,10,9.5,10,rrt_20260807_212046_045.png
20260807_212052_925,2026-08-07 21:20:52,False,10000,802,0.0,0,0.52,1.0,0.3,0,0.5,10,9.5,10,rrt_20260807_212052_925.png
20260807_212053_880,2026-08-07 21:20:53,True,751,193,18.199999999999996,36,0.52,1.0,0.3,0,0.5,10,9.5,10,rrt_20260807_212053_880.png
20260807_212101_164,2026-08-07 21:21:01,False,10000,856,0.0,0,0.52,1.0,0.3,0,0.5,10,9.5,10,rrt_20260807_212101_164.png
20260807_212108_741,2026-08-07 21:21:08,False,10000,748,0.0,0,0.52,1.0,0.3,0,0.5,10,9.5,10,rrt_20260807_212108_741.png
20260807_212118_037,2026-08-07 21:21:18,False,10000,815,0.0,0,0.52,1.0,0.3,0,0.5,10,9.5,10,rrt_20260807_212118_037.png
20260807_212125_639,2026-08-07 21:21:25,False,10000,790,0.0,0,0.52,1.0,0.3,0,0.5,10,9.5,10,rrt_20260807_212125_639.png
20260807_212132_304,2026-08-07 21:21:32,False,10000,575,0.0,0,0.52,1.0,0.3,0,0.5,10,9.5,10,rrt_20260807_212132_304.png
20260807_212139_954,2026-08-07 21:21:39,False,10000,814,0.0,0,0.52,1.0,0.3,0,0.5,10,9.5,10,rrt_20260807_212139_954.png
20260807_212141_825,2026-08-07 21:21:41,True,2008,294,23.097257687894345,46,0.52,1.0,0.3,0,0.5,10,9.5,10,rrt_20260807_212141_825.png
20260807_212147_537,2026-08-07 21:21:47,False,10000,632,0.0,0,0.52,1.0,0.3,0,0.5,10,9.5,10,rrt_20260807_212147_537.png
20260807_212154_488,2026-08-07 21:21:54,False,10000,667,0.0,0,0.52,1.0,0.3,0,0.5,10,9.5,10,rrt_20260807_212154_488.png
20260807_212155_408,2026-08-07 21:21:55,True,598,149,17.159999999999993,34,0.52,1.0,0.3,0,0.5,10,9.5,10,rrt_20260807_212155_408.png
20260807_212201_928,2026-08-07 21:22:01,False,10000,715,0.0,0,0.52,1.0,0.3,0,0.5,10,9.5,10,rrt_20260807_212201_928.png
20260807_212208_979,2026-08-07 21:22:08,False,10000,803,0.0,0,0.52,1.0,0.3,0,0.5,10,9.5,10,rrt_20260807_212208_979.png
20260807_212215_701,2026-08-07 21:22:15,False,10000,725,0.0,0,0.52,1.0,0.3,0,0.5,10,9.5,10,rrt_20260807_212215_701.png
20260807_212223_198,2026-08-07 21:22:23,False,10000,834,0.0,0,0.52,1.0,0.3,0,0.5,10,9.5,10,rrt_20260807_212223_198.png
20260807_212230_742,2026-08-07 21:22:30,False,10000,799,0.0,0,0.52,1.0,0.3,0,0.5,10,9.5,10,rrt_20260807_212230_742.png
20260807_212231_820,2026-08-07 21:22:31,True,1495,234,17.679999999999993,35,0.52,1.0,0.3,0,0.5,10,9.5,10,rrt_20260807_212231_820.png
20260807_212238_693,2026-08-07 21:22:38,False,10000,795,0.0,0,0.52,1.0,0.3,0,0.5,10,9.5,10,rrt_20260807_212238_693.png
20260807_212240_210,2026-08-07 21:22:40,True,1401,222,21.31999999999999,42,0.52,1.0,0.3,0,0.5,10,9.5,10,rrt_20260807_212240_210.png
20260807_212247_013,2026-08-07 21:22:47,False,10000,812,0.0,0,0.52,1.0,0.3,0,0.5,10,9.5,10,rrt_20260807_212247_013.png
20260807_212253_745,2026-08-07 21:22:53,False,10000,761,0.0,0,0.52,1.0,0.3,0,0.5,10,9.5,10,rrt_20260807_212253_745.png
20260807_212300_152,2026-08-07 21:23:00,False,10000,716,0.0,0,0.52,1.0,0.3,0,0.5,10,9.5,10,rrt_20260807_212300_152.png
20260807_212301_189,2026-08-07 21:23:01,True,1168,230,18.686215114752702,37,0.52,1.0,0.3,0,0.5,10,9.5,10,rrt_20260807_212301_189.png
20260807_212301_920,2026-08-07 21:23:01,True,506,129,18.199999999999996,36,0.52,1.0,0.3,0,0.5,10,9.5,10,rrt_20260807_212301_920.png
20260807_212307_151,2026-08-07 21:23:07,False,10000,611,0.0,0,0.52,1.0,0.3,0,0.5,10,9.5,10,rrt_20260807_212307_151.png
20260807_212313_776,2026-08-07 21:23:13,False,10000,722,0.0,0,0.52,1.0,0.3,0,0.5,10,9.5,10,rrt_20260807_212313_776.png
20260807_212320_529,2026-08-07 21:23:20,False,10000,768,0.0,0,0.52,1.0,0.3,0,0.5,10,9.5,10,rrt_20260807_212320_529.png
20260807_212328_321,2026-08-07 21:23:28,False,10000,853,0.0,0,0.52,1.0,0.3,0,0.5,10,9.5,10,rrt_20260807_212328_321.png
20260807_212335_253,2026-08-07 21:23:35,False,10000,794,0.0,0,0.52,1.0,0.3,0,0.5,10,9.5,10,rrt_20260807_212335_253.png
20260807_212342_196,2026-08-07 21:23:42,False,10000,790,0.0,0,0.52,1.0,0.3,0,0.5,10,9.5,10,rrt_20260807_212342_196.png
20260807_212343_061,2026-08-07 21:23:43,True,481,154,19.05961040806086,38,0.52,1.0,0.3,0,0.5,10,9.5,10,rrt_20260807_212343_061.png
20260807_212343_853,2026-08-07 21:23:43,True,984,183,18.95753703581752,38,0.52,1.0,0.3,0,0.5,10,9.5,10,rrt_20260807_212343_853.png
20260807_212350_375,2026-08-07 21:23:50,False,10000,776,0.0,0,0.52,1.0,0.3,0,0.5,10,9.5,10,rrt_20260807_212350_375.png
20260807_212358_133,2026-08-07 21:23:58,False,10000,818,0.0,0,0.52,1.0,0.3,0,0.5,10,9.5,10,rrt_20260807_212358_133.png
20260807_212405_682,2026-08-07 21:24:05,False,10000,837,0.0,0,0.52,1.0,0.3,0,0.5,10,9.5,10,rrt_20260807_212405_682.png
20260807_212410_388,2026-08-07 21:24:10,False,10000,505,0.0,0,0.52,1.0,0.3,0,0.5,10,9.5,10,rrt_20260807_212410_388.png
20260807_212411_772,2026-08-07 21:24:11,True,1170,241,18.199999999999992,36,0.52,1.0,0.3,0,0.5,10,9.5,10,rrt_20260807_212411_772.png
20260807_212412_600,2026-08-07 21:24:12,True,650,189,19.23999999999999,38,0.52,1.0,0.3,0,0.5,10,9.5,10,rrt_20260807_212412_600.png
20260807_212419_695,2026-08-07 21:24:19,False,10000,832,0.0,0,0.52,1.0,0.3,0,0.5,10,9.5,10,rrt_20260807_212419_695.png
20260807_212426_079,2026-08-07 21:24:26,False,10000,713,0.0,0,0.52,1.0,0.3,0,0.5,10,9.5,10,rrt_20260807_212426_079.png
20260807_212433_242,2026-08-07 21:24:33,False,10000,871,0.0,0,0.52,1.0,0.3,0,0.5,10,9.5,10,rrt_20260807_212433_242.png
20260807_212440_283,2026-08-07 21:24:40,False,10000,828,0.0,0,0.52,1.0,0.3,0,0.5,10,9.5,10,rrt_20260807_212440_283.png
20260807_212441_411,2026-08-07 21:24:41,True,3249,105,17.146572643656135,33,0.55,0.1,0.3,0,0.5,10,9.5,10,rrt_20260807_212441_411.png
20260807_212444_136,2026-08-07 21:24:44,False,10000,205,0.0,0,0.55,0.1,0.3,0,0.5,10,9.5,10,rrt_20260807_212444_136.png
20260807_212446_954,2026-08-07 21:24:46,False,10000,214,0.0,0,0.55,0.1,0.3,0,0.5,10,9.5,10,rrt_20260807_212446_954.png
20260807_212448_784,2026-08-07 21:24:48,True,4563,160,16.84173183502316,32,0.55,0.1,0.3,0,0.5,10,9.5,10,rrt_20260807_212448_784.png
20260807_212451_246,2026-08-07 21:24:51,False,10000,187,0.0,0,0.55,0.1,0.3,0,0.5,10,9.5,10,rrt_20260807_212451_246.png
20260807_212453_448,2026-08-07 21:24:53,False,10000,174,0.0,0,0.55,0.1,0.3,0,0.5,10,9.5,10,rrt_20260807_212453_448.png
20260807_212454_795,2026-08-07 21:24:54,True,4906,123,17.961269094326315,34,0.55,0.1,0.3,0,0.5,10,9.5,10,rrt_20260807_212454_795.png
20260807_212456_160,2026-08-07 21:24:56,True,3026,92,17.497629418641964,33,0.55,0.1,0.3,0,0.5,10,9.5,10,rrt_20260807_212456_160.png
20260807_212457_910,2026-08-07 21:24:57,False,10000,113,0.0,0,0.55,0.1,0.3,0,0.5,10,9.5,10,rrt_20260807_212457_910.png
20260807_212500_222,2026-08-07 21:25:00,False,10000,195,0.0,0,0.55,0.1,0.3,0,0.5,10,9.5,10,rrt_20260807_212500_222.png
20260807_212501_629,2026-08-07 21:25:01,True,5664,147,18.15000000000001,34,0.55,0.1,0.3,0,0.5,10,9.5,10,rrt_20260807_212501_629.png
20260807_212503_425,2026-08-07 21:25:03,True,8388,169,17.309339665485812,33,0.55,0.1,0.3,0,0.5,10,9.5,10,rrt_20260807_212503_425.png
20260807_212505_697,2026-08-07 21:25:05,False,10000,146,0.0,0,0.55,0.1,0.3,0,0.5,10,9.5,10,rrt_20260807_212505_697.png
20260807_212508_476,2026-08-07 21:25:08,False,10000,208,0.0,0,0.55,0.1,0.3,0,0.5,10,9.5,10,rrt_20260807_212508_476.png
20260807_212510_706,2026-08-07 21:25:10,False,10000,147,0.0,0,0.55,0.1,0.3,0,0.5,10,9.5,10,rrt_20260807_212510_706.png
20260807_212511_603,2026-08-07 21:25:11,True,2295,108,17.407739709242957,33,0.55,0.1,0.3,0,0.5,10,9.5,10,rrt_20260807_212511_603.png
20260807_212512_580,2026-08-07 21:25:12,True,2618,99,19.11700000332694,36,0.55,0.1,0.3,0,0.5,10,9.5,10,rrt_20260807_212512_580.png
20260807_212514_792,2026-08-07 21:25:14,False,10000,139,0.0,0,0.55,0.1,0.3,0,0.5,10,9.5,10,rrt_20260807_212514_792.png
20260807_212517_250,2026-08-07 21:25:17,False,10000,184,0.0,0,0.55,0.1,0.3,0,0.5,10,9.5,10,rrt_20260807_212517_250.png
20260807_212519_229,2026-08-07 21:25:19,True,9553,158,17.8416109320174,34,0.55,0.1,0.3,0,0.5,10,9.5,10,rrt_20260807_212519_229.png
20260807_212521_459,2026-08-07 21:25:21,False,10000,179,0.0,0,0.55,0.1,0.3,0,0.5,10,9.5,10,rrt_20260807_212521_459.png
20260807_212522_998,2026-08-07 21:25:22,True,4340,112,18.07312714977492,34,0.55,0.1,0.3,0,0.5,10,9.5,10,rrt_20260807_212522_998.png
20260807_212525_478,2026-08-07 21:25:25,False,10000,185,0.0,0,0.55,0.1,0.3,0,0.5,10,9.5,10,rrt_20260807_212525_478.png
20260807_212527_314,2026-08-07 21:25:27,True,6780,179,16.500000000000007,31,0.55,0.1,0.3,0,0.5,10,9.5,10,rrt_20260807_212527_314.png
20260807_212528_506,2026-08-07 21:25:28,True,3246,117,16.500000000000004,31,0.55,0.1,0.3,0,0.5,10,9.5,10,rrt_20260807_212528_506.png
20260807_212530_374,2026-08-07 21:25:30,False,10000,120,0.0,0,0.55,0.1,0.3,0,0.5,10,9.5,10,rrt_20260807_212530_374.png
20260807_212532_877,2026-08-07 21:25:32,False,10000,190,0.0,0,0.55,0.1,0.3,0,0.5,10,9.5,10,rrt_20260807_212532_877.png
20260807_212535_742,2026-08-07 21:25:35,False,10000,184,0.0,0,0.55,0.1,0.3,0,0.5,10,9.5,10,rrt_20260807_212535_742.png
20260807_212537_870,2026-08-07 21:25:37,False,10000,183,0.0,0,0.55,0.1,0.3,0,0.5,10,9.5,10,rrt_20260807_212537_870.png
20260807_212539_750,2026-08-07 21:25:39,False,10000,132,0.0,0,0.55,0.1,0.3,0,0.5,10,9.5,10,rrt_20260807_212539_750.png
20260807_212541_545,2026-08-07 21:25:41,True,4503,129,20.341846708081196,38,0.55,0.1,0.3,0,0.5,10,9.5,10,rrt_20260807_212541_545.png
20260807_212542_874,2026-08-07 21:25:42,True,5402,142,19.04822737476592,36,0.55,0.1,0.3,0,0.5,10,9.5,10,rrt_20260807_212542_874.png
20260807_212545_428,2026-08-07 21:25:45,False,10000,185,0.0,0,0.55,0.1,0.3,0,0.5,10,9.5,10,rrt_20260807_212545_428.png
20260807_212547_366,2026-08-07 21:25:47,False,10000,147,0.0,0,0.55,0.1,0.3,0,0.5,10,9.5,10,rrt_20260807_212547_366.png
20260807_212548_280,2026-08-07 21:25:48,True,2847,99,19.250000000000014,36,0.55,0.1,0.3,0,0.5,10,9.5,10,rrt_20260807_212548_280.png
20260807_212549_006,2026-08-07 21:25:49,True,1490,61,17.030102176472678,32,0.55,0.1,0.3,0,0.5,10,9.5,10,rrt_20260807_212549_006.png
20260807_212551_204,2026-08-07 21:25:51,False,10000,147,0.0,0,0.55,0.1,0.3,0,0.5,10,9.5,10,rrt_20260807_212551_204.png
20260807_212552_543,2026-08-07 21:25:52,True,7097,112,18.01866201180621,34,0.55,0.1,0.3,0,0.5,10,9.5,10,rrt_20260807_212552_543.png
20260807_212553_792,2026-08-07 21:25:53,True,2515,107,19.250000000000014,36,0.55,0.1,0.3,0,0.5,10,9.5,10,rrt_20260807_212553_792.png
20260807_212556_091,2026-08-07 21:25:56,False,10000,182,0.0,0,0.55,0.1,0.3,0,0.5,10,9.5,10,rrt_20260807_212556_091.png
20260807_212558_778,2026-08-07 21:25:58,False,10000,205,0.0,0,0.55,0.1,0.3,0,0.5,10,9.5,10,rrt_20260807_212558_778.png
20260807_212600_749,2026-08-07 21:26:00,False,10000,153,0.0,0,0.55,0.1,0.3,0,0.5,10,9.5,10,rrt_20260807_212600_749.png
20260807_212603_015,2026-08-07 21:26:03,False,10000,151,0.0,0,0.55,0.1,0.3,0,0.5,10,9.5,10,rrt_20260807_212603_015.png
20260807_212605_064,2026-08-07 21:26:05,False,10000,142,0.0,0,0.55,0.1,0.3,0,0.5,10,9.5,10,rrt_20260807_212605_064.png
20260807_212607_626,2026-08-07 21:26:07,False,10000,187,0.0,0,0.55,0.1,0.3,0,0.5,10,9.5,10,rrt_20260807_212607_626.png
20260807_212609_552,2026-08-07 21:26:09,False,10000,132,0.0,0,0.55,0.1,0.3,0,0.5,10,9.5,10,rrt_20260807_212609_552.png
20260807_212611_904,2026-08-07 21:26:11,False,10000,165,0.0,0,0.55,0.1,0.3,0,0.5,10,9.5,10,rrt_20260807_212611_904.png
20260807_212614_808,2026-08-07 21:26:14,False,10000,208,0.0,0,0.55,0.1,0.3,0,0.5,10,9.5,10,rrt_20260807_212614_808.png
20260807_212617_091,2026-08-07 21:26:17,False,10000,171,0.0,0,0.55,0.1,0.3,0,0.5,10,9.5,10,rrt_20260807_212617_091.png
20260807_212618_804,2026-08-07 21:26:18,False,10000,132,0.0,0,0.55,0.1,0.3,0,0.5,10,9.5,10,rrt_20260807_212618_804.png
20260807_212620_826,2026-08-07 21:26:20,False,10000,150,0.0,0,0.55,0.1,0.3,0,0.5,10,9.5,10,rrt_20260807_212620_826.png
20260807_212622_170,2026-08-07 21:26:22,True,2955,77,17.508555119851387,33,0.55,0.1,0.3,0,0.5,10,9.5,10,rrt_20260807_212622_170.png
20260807_212624_752,2026-08-07 21:26:24,False,10000,193,0.0,0,0.55,0.1,0.3,0,0.5,10,9.5,10,rrt_20260807_212624_752.png
20260807_212626_071,2026-08-07 21:26:26,True,7145,131,16.95539645698119,32,0.55,0.1,0.3,0,0.5,10,9.5,10,rrt_20260807_212626_071.png
20260807_212628_254,2026-08-07 21:26:28,False,10000,158,0.0,0,0.55,0.1,0.3,0,0.5,10,9.5,10,rrt_20260807_212628_254.png
20260807_212630_598,2026-08-07 21:26:30,False,10000,187,0.0,0,0.55,0.1,0.3,0,0.5,10,9.5,10,rrt_20260807_212630_598.png
20260807_212632_733,2026-08-07 21:26:32,True,6614,180,18.150000000000006,34,0.55,0.1,0.3,0,0.5,10,9.5,10,rrt_20260807_212632_733.png
20260807_212635_270,2026-08-07 21:26:35,False,10000,198,0.0,0,0.55,0.1,0.3,0,0.5,10,9.5,10,rrt_20260807_212635_270.png
20260807_212636_527,2026-08-07 21:26:36,True,4288,150,17.59335577631493,33,0.55,0.1,0.3,0,0.5,10,9.5,10,rrt_20260807_212636_527.png
20260807_212637_509,2026-08-07 21:26:37,True,3907,102,18.150000000000013,34,0.55,0.1,0.3,0,0.5,10,9.5,10,rrt_20260807_212637_509.png
20260807_212639_461,2026-08-07 21:26:39,False,10000,164,0.0,0,0.55,0.1,0.3,0,0.5,10,9.5,10,rrt_20260807_212639_461.png
20260807_212642_184,2026-08-07 21:26:42,False,10000,215,0.0,0,0.55,0.1,0.3,0,0.5,10,9.5,10,rrt_20260807_212642_184.png
20260807_212644_650,2026-08-07 21:26:44,False,10000,191,0.0,0,0.55,0.1,0.3,0,0.5,10,9.5,10,rrt_20260807_212644_650.png
20260807_212645_668,2026-08-07 21:26:45,True,2541,108,16.41643349148059,31,0.55,0.1,0.3,0,0.5,10,9.5,10,rrt_20260807_212645_668.png
20260807_212646_856,2026-08-07 21:26:46,True,1434,58,16.500000000000004,31,0.55,0.1,0.3,0,0.5,10,9.5,10,rrt_20260807_212646_856.png
20260807_212649_575,2026-08-07 21:26:49,False,10000,183,0.0,0,0.55,0.1,0.3,0,0.5,10,9.5,10,rrt_20260807_212649_575.png
20260807_212651_626,2026-08-07 21:26:51,False,10000,119,0.0,0,0.55,0.1,0.3,0,0.5,10,9.5,10,rrt_20260807_212651_626.png
20260807_212652_663,2026-08-07 21:26:52,True,3968,120,18.70000000000001,35,0.55,0.1,0.3,0,0.5,10,9.5,10,rrt_20260807_212652_663.png
20260807_212654_507,2026-08-07 21:26:54,False,10000,125,0.0,0,0.55,0.1,0.3,0,0.5,10,9.5,10,rrt_20260807_212654_507.png
20260807_212655_373,2026-08-07 21:26:55,True,2723,67,15.950000000000003,30,0.55,0.1,0.3,0,0.5,10,9.5,10,rrt_20260807_212655_373.png
20260807_212657_983,2026-08-07 21:26:57,False,10000,221,0.0,0,0.55,0.1,0.3,0,0.5,10,9.5,10,rrt_20260807_212657_983.png
20260807_212700_173,2026-08-07 21:27:00,False,10000,174,0.0,0,0.55,0.1,0.3,0,0.5,10,9.5,10,rrt_20260807_212700_173.png
20260807_212701_484,2026-08-07 21:27:01,True,5734,137,17.050000000000004,32,0.55,0.1,0.3,0,0.5,10,9.5,10,rrt_20260807_212701_484.png
20260807_212703_179,2026-08-07 21:27:03,True,7685,160,17.050000000000008,32,0.55,0.1,0.3,0,0.5,10,9.5,10,rrt_20260807_212703_179.png
20260807_212704_502,2026-08-07 21:27:04,True,1737,79,18.09502788459048,34,0.55,0.1,0.3,0,0.5,10,9.5,10,rrt_20260807_212704_502.png
20260807_212705_269,2026-08-07 21:27:05,True,1744,67,16.500000000000004,31,0.55,0.1,0.3,0,0.5,10,9.5,10,rrt_20260807_212705_269.png
20260807_212707_559,2026-08-07 21:27:07,False,10000,188,0.0,0,0.55,0.1,0.3,0,0.5,10,9.5,10,rrt_20260807_212707_559.png
20260807_212709_998,2026-08-07 21:27:09,False,10000,204,0.0,0,0.55,0.1,0.3,0,0.5,10,9.5,10,rrt_20260807_212709_998.png
20260807_212711_115,2026-08-07 21:27:11,True,5300,121,17.05,32,0.55,0.1,0.3,0,0.5,10,9.5,10,rrt_20260807_212711_115.png
20260807_212712_304,2026-08-07 21:27:12,True,4216,135,17.597013743274236,33,0.55,0.1,0.3,0,0.5,10,9.5,10,rrt_20260807_212712_304.png
20260807_212713_800,2026-08-07 21:27:13,True,3715,114,17.26372405004373,33,0.55,0.1,0.3,0,0.5,10,9.5,10,rrt_20260807_212713_800.png
20260807_212714_840,2026-08-07 21:27:14,True,4145,116,18.150000000000002,34,0.55,0.1,0.3,0,0.5,10,9.5,10,rrt_20260807_212714_840.png
20260807_212717_394,2026-08-07 21:27:17,False,10000,195,0.0,0,0.55,0.1,0.3,0,0.5,10,9.5,10,rrt_20260807_212717_394.png
20260807_212718_785,2026-08-07 21:27:18,True,2622,93,16.925415627202177,32,0.55,0.1,0.3,0,0.5,10,9.5,10,rrt_20260807_212718_785.png
20260807_212720_035,2026-08-07 21:27:20,True,4041,112,20.834209883120007,39,0.55,0.1,0.3,0,0.5,10,9.5,10,rrt_20260807_212720_035.png
20260807_212722_556,2026-08-07 21:27:22,False,10000,172,0.0,0,0.55,0.1,0.3,0,0.5,10,9.5,10,rrt_20260807_212722_556.png
20260807_212723_558,2026-08-07 21:27:23,True,2291,97,17.05,32,0.55,0.1,0.3,0,0.5,10,9.5,10,rrt_20260807_212723_558.png
20260807_212726_541,2026-08-07 21:27:26,False,10000,150,0.0,0,0.55,0.1,0.3,0,0.5,10,9.5,10,rrt_20260807_212726_541.png
20260807_212727_659,2026-08-07 21:27:27,True,2203,83,17.36491667095896,33,0.55,0.1,0.3,0,0.5,10,9.5,10,rrt_20260807_212727_659.png
20260807_212730_226,2026-08-07 21:27:30,False,10000,176,0.0,0,0.55,0.1,0.3,0,0.5,10,9.5,10,rrt_20260807_212730_226.png
20260807_212731_654,2026-08-07 21:27:31,True,4875,142,17.050000000000004,32,0.55,0.1,0.3,0,0.5,10,9.5,10,rrt_20260807_212731_654.png
20260807_212732_626,2026-08-07 21:27:32,True,2426,102,17.600000000000005,33,0.55,0.1,0.3,0,0.5,10,9.5,10,rrt_20260807_212732_626.png
20260807_212735_323,2026-08-07 21:27:35,False,10000,165,0.0,0,0.55,0.1,0.3,0,0.5,10,9.5,10,rrt_20260807_212735_323.png
20260807_212736_875,2026-08-07 21:27:36,True,8732,159,19.166681285123378,36,0.55,0.1,0.3,0,0.5,10,9.5,10,rrt_20260807_212736_875.png
20260807_212739_236,2026-08-07 21:27:39,False,10000,175,0.0,0,0.55,0.1,0.3,0,0.5,10,9.5,10,rrt_20260807_212739_236.png
20260807_212741_529,2026-08-07 21:27:41,False,10000,171,0.0,0,0.55,0.1,0.3,0,0.5,10,9.5,10,rrt_20260807_212741_529.png
20260807_212744_372,2026-08-07 21:27:44,False,10000,217,0.0,0,0.55,0.1,0.3,0,0.5,10,9.5,10,rrt_20260807_212744_372.png
20260807_212745_516,2026-08-07 21:27:45,True,4353,112,17.957361895705212,34,0.55,0.1,0.3,0,0.5,10,9.5,10,rrt_20260807_212745_516.png
20260807_212748_183,2026-08-07 21:27:48,False,10000,202,0.0,0,0.55,0.1,0.3,0,0.5,10,9.5,10,rrt_20260807_212748_183.png
20260807_212749_054,2026-08-07 21:27:49,True,2725,96,17.600000000000005,33,0.55,0.1,0.3,0,0.5,10,9.5,10,rrt_20260807_212749_054.png
20260807_212750_556,2026-08-07 21:27:50,True,3056,155,17.60249826112005,34,0.55,0.2,0.3,0,0.5,10,9.5,10,rrt_20260807_212750_556.png
20260807_212753_993,2026-08-07 21:27:53,False,10000,270,0.0,0,0.55,0.2,0.3,0,0.5,10,9.5,10,rrt_20260807_212753_993.png
20260807_212755_366,2026-08-07 21:27:55,True,4252,178,22.00000000000001,41,0.55,0.2,0.3,0,0.5,10,9.5,10,rrt_20260807_212755_366.png
20260807_212756_280,2026-08-07 21:27:56,True,2255,137,17.006267250741786,32,0.55,0.2,0.3,0,0.5,10,9.5,10,rrt_20260807_212756_280.png
20260807_212758_433,2026-08-07 21:27:58,False,10000,153,0.0,0,0.55,0.2,0.3,0,0.5,10,9.5,10,rrt_20260807_212758_433.png
20260807_212801_576,2026-08-07 21:28:01,False,10000,267,0.0,0,0.55,0.2,0.3,0,0.5,10,9.5,10,rrt_20260807_212801_576.png
20260807_212802_725,2026-08-07 21:28:02,True,3180,163,17.60000000000001,33,0.55,0.2,0.3,0,0.5,10,9.5,10,rrt_20260807_212802_725.png
20260807_212803_619,2026-08-07 21:28:03,True,2685,122,19.25000000000001,36,0.55,0.2,0.3,0,0.5,10,9.5,10,rrt_20260807_212803_619.png
20260807_212804_547,2026-08-07 21:28:04,True,1942,143,18.037268308732667,34,0.55,0.2,0.3,0,0.5,10,9.5,10,rrt_20260807_212804_547.png
20260807_212806_362,2026-08-07 21:28:06,True,2691,163,17.72968963740659,34,0.55,0.2,0.3,0,0.5,10,9.5,10,rrt_20260807_212806_362.png
20260807_212807_303,2026-08-07 21:28:07,True,2414,159,18.054286066680945,34,0.55,0.2,0.3,0,0.5,10,9.5,10,rrt_20260807_212807_303.png
20260807_212808_019,2026-08-07 21:28:08,True,858,81,17.415897328551875,33,0.55,0.2,0.3,0,0.5,10,9.5,10,rrt_20260807_212808_019.png
20260807_212810_838,2026-08-07 21:28:10,False,10000,228,0.0,0,0.55,0.2,0.3,0,0.5,10,9.5,10,rrt_20260807_212810_838.png
20260807_212811_706,2026-08-07 21:28:11,True,1646,112,17.050000000000004,32,0.55,0.2,0.3,0,0.5,10,9.5,10,rrt_20260807_212811_706.png
20260807_212812_672,2026-08-07 21:28:12,True,1790,88,17.509398980502908,33,0.55,0.2,0.3,0,0.5,10,9.5,10,rrt_20260807_212812_672.png
20260807_212813_805,2026-08-07 21:28:13,True,3213,161,16.82915059742538,32,0.55,0.2,0.3,0,0.5,10,9.5,10,rrt_20260807_212813_805.png
20260807_212817_062,2026-08-07 21:28:17,False,10000,268,0.0,0,0.55,0.2,0.3,0,0.5,10,9.5,10,rrt_20260807_212817_062.png
20260807_212820_281,2026-08-07 21:28:20,False,10000,263,0.0,0,0.55,0.2,0.3,0,0.5,10,9.5,10,rrt_20260807_212820_281.png
20260807_212823_288,2026-08-07 21:28:23,False,10000,209,0.0,0,0.55,0.2,0.3,0,0.5,10,9.5,10,rrt_20260807_212823_288.png
20260807_212827_048,2026-08-07 21:28:27,False,10000,281,0.0,0,0.55,0.2,0.3,0,0.5,10,9.5,10,rrt_20260807_212827_048.png
20260807_212830_339,2026-08-07 21:28:30,False,10000,260,0.0,0,0.55,0.2,0.3,0,0.5,10,9.5,10,rrt_20260807_212830_339.png
20260807_212831_384,2026-08-07 21:28:31,True,1634,105,18.1234297666764,34,0.55,0.2,0.3,0,0.5,10,9.5,10,rrt_20260807_212831_384.png
20260807_212832_266,2026-08-07 21:28:32,True,1291,85,17.600000000000012,33,0.55,0.2,0.3,0,0.5,10,9.5,10,rrt_20260807_212832_266.png
20260807_212835_518,2026-08-07 21:28:35,False,10000,258,0.0,0,0.55,0.2,0.3,0,0.5,10,9.5,10,rrt_20260807_212835_518.png
20260807_212836_800,2026-08-07 21:28:36,True,1810,94,16.5,31,0.55,0.2,0.3,0,0.5,10,9.5,10,rrt_20260807_212836_800.png
20260807_212839_671,2026-08-07 21:28:39,False,10000,224,0.0,0,0.55,0.2,0.3,0,0.5,10,9.5,10,rrt_20260807_212839_671.png
20260807_212842_977,2026-08-07 21:28:42,False,10000,283,0.0,0,0.55,0.2,0.3,0,0.5,10,9.5,10,rrt_20260807_212842_977.png
20260807_212844_177,2026-08-07 21:28:44,True,1753,95,17.050000000000004,32,0.55,0.2,0.3,0,0.5,10,9.5,10,rrt_20260807_212844_177.png
20260807_212845_118,2026-08-07 21:28:45,True,2360,140,19.800000000000008,37,0.55,0.2,0.3,0,0.5,10,9.5,10,rrt_20260807_212845_118.png
20260807_212847_132,2026-08-07 21:28:47,True,6387,212,21.312365167401946,40,0.55,0.2,0.3,0,0.5,10,9.5,10,rrt_20260807_212847_132.png
20260807_212847_946,2026-08-07 21:28:47,True,1400,103,18.558018955827553,35,0.55,0.2,0.3,0,0.5,10,9.5,10,rrt_20260807_212847_946.png
20260807_212848_865,2026-08-07 21:28:48,True,2037,130,17.911949983510212,34,0.55,0.2,0.3,0,0.5,10,9.5,10,rrt_20260807_212848_865.png
20260807_212849_679,2026-08-07 21:28:49,True,1467,108,17.050000000000004,32,0.55,0.2,0.3,0,0.5,10,9.5,10,rrt_20260807_212849_679.png
20260807_212852_840,2026-08-07 21:28:52,False,10000,273,0.0,0,0.55,0.2,0.3,0,0.5,10,9.5,10,rrt_20260807_212852_840.png
20260807_212853_777,2026-08-07 21:28:53,True,1939,132,18.70000000000001,35,0.55,0.2,0.3,0,0.5,10,9.5,10,rrt_20260807_212853_777.png
20260807_212854_689,2026-08-07 21:28:54,True,2022,141,17.925697742448644,34,0.55,0.2,0.3,0,0.5,10,9.5,10,rrt_20260807_212854_689.png
20260807_212856_281,2026-08-07 21:28:56,True,3785,154,18.700000000000006,35,0.55,0.2,0.3,0,0.5,10,9.5,10,rrt_20260807_212856_281.png
20260807_212857_571,2026-08-07 21:28:57,True,2707,157,18.15000000000001,34,0.55,0.2,0.3,0,0.5,10,9.5,10,rrt_20260807_212857_571.png
20260807_212900_676,2026-08-07 21:29:00,False,10000,271,0.0,0,0.55,0.2,0.3,0,0.5,10,9.5,10,rrt_20260807_212900_676.png
20260807_212902_139,2026-08-07 21:29:02,True,4217,181,19.70668169471361,37,0.55,0.2,0.3,0,0.5,10,9.5,10,rrt_20260807_212902_139.png
20260807_212904_148,2026-08-07 21:29:04,False,10000,141,0.0,0,0.55,0.2,0.3,0,0.5,10,9.5,10,rrt_20260807_212904_148.png
20260807_212906_471,2026-08-07 21:29:06,False,10000,174,0.0,0,0.55,0.2,0.3,0,0.5,10,9.5,10,rrt_20260807_212906_471.png
20260807_212910_060,2026-08-07 21:29:10,False,10000,286,0.0,0,0.55,0.2,0.3,0,0.5,10,9.5,10,rrt_20260807_212910_060.png
20260807_212911_079,2026-08-07 21:29:11,True,1866,110,17.355705768529436,33,0.55,0.2,0.3,0,0.5,10,9.5,10,rrt_20260807_212911_079.png
20260807_212914_143,2026-08-07 21:29:14,False,10000,258,0.0,0,0.55,0.2,0.3,0,0.5,10,9.5,10,rrt_20260807_212914_143.png
20260807_212915_621,2026-08-07 21:29:15,True,2141,129,20.883590286753925,39,0.55,0.2,0.3,0,0.5,10,9.5,10,rrt_20260807_212915_621.png
20260807_212918_936,2026-08-07 21:29:18,False,10000,294,0.0,0,0.55,0.2,0.3,0,0.5,10,9.5,10,rrt_20260807_212918_936.png
20260807_212922_065,2026-08-07 21:29:22,False,10000,256,0.0,0,0.55,0.2,0.3,0,0.5,10,9.5,10,rrt_20260807_212922_065.png
20260807_212925_672,2026-08-07 21:29:25,False,10000,248,0.0,0,0.55,0.2,0.3,0,0.5,10,9.5,10,rrt_20260807_212925_672.png
20260807_212929_109,2026-08-07 21:29:29,False,10000,243,0.0,0,0.55,0.2,0.3,0,0.5,10,9.5,10,rrt_20260807_212929_109.png
20260807_212932_074,2026-08-07 21:29:32,True,7580,249,18.660517146640444,35,0.55,0.2,0.3,0,0.5,10,9.5,10,rrt_20260807_212932_074.png
20260807_212934_254,2026-08-07 21:29:34,True,7518,196,25.30000000000002,47,0.55,0.2,0.3,0,0.5,10,9.5,10,rrt_20260807_212934_254.png
20260807_212935_170,2026-08-07 21:29:35,True,1351,93,17.050000000000004,32,0.55,0.2,0.3,0,0.5,10,9.5,10,rrt_20260807_212935_170.png
20260807_212938_983,2026-08-07 21:29:38,False,10000,273,0.0,0,0.55,0.2,0.3,0,0.5,10,9.5,10,rrt_20260807_212938_983.png
20260807_212941_840,2026-08-07 21:29:41,False,10000,193,0.0,0,0.55,0.2,0.3,0,0.5,10,9.5,10,rrt_20260807_212941_840.png
20260807_212945_794,2026-08-07 21:29:45,False,10000,269,0.0,0,0.55,0.2,0.3,0,0.5,10,9.5,10,rrt_20260807_212945_794.png
20260807_212948_887,2026-08-07 21:29:48,False,10000,211,0.0,0,0.55,0.2,0.3,0,0.5,10,9.5,10,rrt_20260807_212948_887.png
20260807_212952_434,2026-08-07 21:29:52,False,10000,270,0.0,0,0.55,0.2,0.3,0,0.5,10,9.5,10,rrt_20260807_212952_434.png
20260807_212953_725,2026-08-07 21:29:53,True,3557,158,18.06038405460873,34,0.55,0.2,0.3,0,0.5,10,9.5,10,rrt_20260807_212953_725.png
20260807_212956_601,2026-08-07 21:29:56,False,10000,250,0.0,0,0.55,0.2,0.3,0,0.5,10,9.5,10,rrt_20260807_212956_601.png
20260807_213000_138,2026-08-07 21:30:00,False,10000,279,0.0,0,0.55,0.2,0.3,0,0.5,10,9.5,10,rrt_20260807_213000_138.png
20260807_213003_293,2026-08-07 21:30:03,False,10000,259,0.0,0,0.55,0.2,0.3,0,0.5,10,9.5,10,rrt_20260807_213003_293.png
20260807_213006_755,2026-08-07 21:30:06,False,10000,217,0.0,0,0.55,0.2,0.3,0,0.5,10,9.5,10,rrt_20260807_213006_755.png
20260807_213008_012,2026-08-07 21:30:08,True,2528,164,17.050000000000008,32,0.55,0.2,0.3,0,0.5,10,9.5,10,rrt_20260807_213008_012.png
20260807_213009_763,2026-08-07 21:30:09,True,2772,159,17.543555303234058,34,0.55,0.2,0.3,0,0.5,10,9.5,10,rrt_20260807_213009_763.png
20260807_213013_134,2026-08-07 21:30:13,False,10000,194,0.0,0,0.55,0.2,0.3,0,0.5,10,9.5,10,rrt_20260807_213013_134.png
20260807_213014_528,2026-08-07 21:30:14,True,1473,103,16.800403483674224,32,0.55,0.2,0.3,0,0.5,10,9.5,10,rrt_20260807_213014_528.png
20260807_213016_997,2026-08-07 21:30:16,False,10000,172,0.0,0,0.55,0.2,0.3,0,0.5,10,9.5,10,rrt_20260807_213016_997.png
20260807_213021_505,2026-08-07 21:30:21,False,10000,256,0.0,0,0.55,0.2,0.3,0,0.5,10,9.5,10,rrt_20260807_213021_505.png
20260807_213025_137,2026-08-07 21:30:25,False,10000,259,0.0,0,0.55,0.2,0.3,0,0.5,10,9.5,10,rrt_20260807_213025_137.png
20260807_213028_588,2026-08-07 21:30:28,False,10000,266,0.0,0,0.55,0.2,0.3,0,0.5,10,9.5,10,rrt_20260807_213028_588.png
20260807_213032_959,2026-08-07 21:30:32,False,10000,283,0.0,0,0.55,0.2,0.3,0,0.5,10,9.5,10,rrt_20260807_213032_959.png
20260807_213036_491,2026-08-07 21:30:36,False,10000,250,0.0,0,0.55,0.2,0.3,0,0.5,10,9.5,10,rrt_20260807_213036_491.png
20260807_213037_623,2026-08-07 21:30:37,True,1290,86,18.150000000000006,34,0.55,0.2,0.3,0,0.5,10,9.5,10,rrt_20260807_213037_623.png
20260807_213041_051,2026-08-07 21:30:41,False,10000,183,0.0,0,0.55,0.2,0.3,0,0.5,10,9.5,10,rrt_20260807_213041_051.png
20260807_213043_013,2026-08-07 21:30:43,True,4009,157,19.800000000000008,37,0.55,0.2,0.3,0,0.5,10,9.5,10,rrt_20260807_213043_013.png
20260807_213044_073,2026-08-07 21:30:44,True,1710,117,17.92170617797037,34,0.55,0.2,0.3,0,0.5,10,9.5,10,rrt_20260807_213044_073.png
20260807_213047_540,2026-08-07 21:30:47,False,10000,274,0.0,0,0.55,0.2,0.3,0,0.5,10,9.5,10,rrt_20260807_213047_540.png
20260807_213050_479,2026-08-07 21:30:50,False,10000,262,0.0,0,0.55,0.2,0.3,0,0.5,10,9.5,10,rrt_20260807_213050_479.png
20260807_213053_933,2026-08-07 21:30:53,False,10000,274,0.0,0,0.55,0.2,0.3,0,0.5,10,9.5,10,rrt_20260807_213053_933.png
20260807_213055_796,2026-08-07 21:30:55,True,2104,115,18.532881333196197,35,0.55,0.2,0.3,0,0.5,10,9.5,10,rrt_20260807_213055_796.png
20260807_213058_789,2026-08-07 21:30:58,False,10000,249,0.0,0,0.55,0.2,0.3,0,0.5,10,9.5,10,rrt_20260807_213058_789.png
20260807_213059_833,2026-08-07 21:30:59,True,2525,134,17.41153619400281,33,0.55,0.2,0.3,0,0.5,10,9.5,10,rrt_20260807_213059_833.png
20260807_213103_001,2026-08-07 21:31:03,False,10000,233,0.0,0,0.55,0.2,0.3,0,0.5,10,9.5,10,rrt_20260807_213103_001.png
20260807_213106_408,2026-08-07 21:31:06,False,10000,261,0.0,0,0.55,0.2,0.3,0,0.5,10,9.5,10,rrt_20260807_213106_408.png
20260807_213107_477,2026-08-07 21:31:07,True,2254,134,18.700000000000006,35,0.55,0.2,0.3,0,0.5,10,9.5,10,rrt_20260807_213107_477.png
20260807_213108_361,2026-08-07 21:31:08,True,1667,130,17.425718087200924,33,0.55,0.2,0.3,0,0.5,10,9.5,10,rrt_20260807_213108_361.png
20260807_213111_863,2026-08-07 21:31:11,False,10000,270,0.0,0,0.55,0.2,0.3,0,0.5,10,9.5,10,rrt_20260807_213111_863.png
20260807_213112_930,2026-08-07 21:31:12,True,1092,101,17.049999999999997,32,0.55,0.2,0.3,0,0.5,10,9.5,10,rrt_20260807_213112_930.png
20260807_213114_232,2026-08-07 21:31:14,True,1048,85,17.050000000000004,32,0.55,0.2,0.3,0,0.5,10,9.5,10,rrt_20260807_213114_232.png
20260807_213117_572,2026-08-07 21:31:17,False,10000,261,0.0,0,0.55,0.2,0.3,0,0.5,10,9.5,10,rrt_20260807_213117_572.png
20260807_213118_492,2026-08-07 21:31:18,True,1416,102,18.522810023662963,35,0.55,0.2,0.3,0,0.5,10,9.5,10,rrt_20260807_213118_492.png
20260807_213119_687,2026-08-07 21:31:19,True,1831,132,17.402372347705597,33,0.55,0.2,0.3,0,0.5,10,9.5,10,rrt_20260807_213119_687.png
20260807_213122_547,2026-08-07 21:31:22,False,10000,239,0.0,0,0.55,0.2,0.3,0,0.5,10,9.5,10,rrt_20260807_213122_547.png
20260807_213123_419,2026-08-07 21:31:23,True,1166,76,17.600000000000005,33,0.55,0.2,0.3,0,0.5,10,9.5,10,rrt_20260807_213123_419.png
20260807_213126_176,2026-08-07 21:31:26,False,10000,207,0.0,0,0.55,0.2,0.3,0,0.5,10,9.5,10,rrt_20260807_213126_176.png
20260807_213129_652,2026-08-07 21:31:29,False,10000,288,0.0,0,0.55,0.2,0.3,0,0.5,10,9.5,10,rrt_20260807_213129_652.png
20260807_213132_736,2026-08-07 21:31:32,False,10000,233,0.0,0,0.55,0.2,0.3,0,0.5,10,9.5,10,rrt_20260807_213132_736.png
20260807_213134_026,2026-08-07 21:31:34,True,1397,91,17.050000000000008,32,0.55,0.2,0.3,0,0.5,10,9.5,10,rrt_20260807_213134_026.png
20260807_213134_974,2026-08-07 21:31:34,True,1629,114,16.864480751629156,32,0.55,0.2,0.3,0,0.5,10,9.5,10,rrt_20260807_213134_974.png
20260807_213137_543,2026-08-07 21:31:37,False,10000,208,0.0,0,0.55,0.3,0.3,0,0.5,10,9.5,10,rrt_20260807_213137_543.png
20260807_213140_427,2026-08-07 21:31:40,False,10000,244,0.0,0,0.55,0.3,0.3,0,0.5,10,9.5,10,rrt_20260807_213140_427.png
20260807_213141_417,2026-08-07 21:31:41,True,1490,117,18.700000000000014,35,0.55,0.3,0.3,0,0.5,10,9.5,10,rrt_20260807_213141_417.png
20260807_213142_413,2026-08-07 21:31:42,True,1660,151,18.0775498239886,34,0.55,0.3,0.3,0,0.5,10,9.5,10,rrt_20260807_213142_413.png
20260807_213146_039,2026-08-07 21:31:46,False,10000,279,0.0,0,0.55,0.3,0.3,0,0.5,10,9.5,10,rrt_20260807_213146_039.png
20260807_213147_541,2026-08-07 21:31:47,True,1438,123,17.593377960183545,33,0.55,0.3,0.3,0,0.5,10,9.5,10,rrt_20260807_213147_541.png
20260807_213151_809,2026-08-07 21:31:51,False,10000,347,0.0,0,0.55,0.3,0.3,0,0.5,10,9.5,10,rrt_20260807_213151_809.png
20260807_213153_588,2026-08-07 21:31:53,True,1077,78,19.800000000000008,37,0.55,0.3,0.3,0,0.5,10,9.5,10,rrt_20260807_213153_588.png
20260807_213154_753,2026-08-07 21:31:54,True,2659,163,21.45000000000001,40,0.55,0.3,0.3,0,0.5,10,9.5,10,rrt_20260807_213154_753.png
20260807_213158_835,2026-08-07 21:31:58,False,10000,354,0.0,0,0.55,0.3,0.3,0,0.5,10,9.5,10,rrt_20260807_213158_835.png
20260807_213200_496,2026-08-07 21:32:00,True,3208,160,21.256506366928395,40,0.55,0.3,0.3,0,0.5,10,9.5,10,rrt_20260807_213200_496.png
20260807_213204_473,2026-08-07 21:32:04,False,10000,324,0.0,0,0.55,0.3,0.3,0,0.5,10,9.5,10,rrt_20260807_213204_473.png
20260807_213209_283,2026-08-07 21:32:09,False,10000,328,0.0,0,0.55,0.3,0.3,0,0.5,10,9.5,10,rrt_20260807_213209_283.png
20260807_213210_443,2026-08-07 21:32:10,True,2439,155,19.029492021056374,36,0.55,0.3,0.3,0,0.5,10,9.5,10,rrt_20260807_213210_443.png
20260807_213214_165,2026-08-07 21:32:14,False,10000,276,0.0,0,0.55,0.3,0.3,0,0.5,10,9.5,10,rrt_20260807_213214_165.png
20260807_213215_353,2026-08-07 21:32:15,True,1437,108,16.500000000000007,31,0.55,0.3,0.3,0,0.5,10,9.5,10,rrt_20260807_213215_353.png
20260807_213219_713,2026-08-07 21:32:19,False,10000,318,0.0,0,0.55,0.3,0.3,0,0.5,10,9.5,10,rrt_20260807_213219_713.png
20260807_213223_676,2026-08-07 21:32:23,False,10000,332,0.0,0,0.55,0.3,0.3,0,0.5,10,9.5,10,rrt_20260807_213223_676.png
20260807_213224_709,2026-08-07 21:32:24,True,1696,156,17.600000000000005,33,0.55,0.3,0.3,0,0.5,10,9.5,10,rrt_20260807_213224_709.png
20260807_213227_625,2026-08-07 21:32:27,False,10000,244,0.0,0,0.55,0.3,0.3,0,0.5,10,9.5,10,rrt_20260807_213227_625.png
20260807_213228_650,2026-08-07 21:32:28,True,905,108,17.969465370678297,34,0.55,0.3,0.3,0,0.5,10,9.5,10,rrt_20260807_213228_650.png
20260807_213232_547,2026-08-07 21:32:32,False,10000,323,0.0,0,0.55,0.3,0.3,0,0.5,10,9.5,10,rrt_20260807_213232_547.png
20260807_213236_188,2026-08-07 21:32:36,False,10000,299,0.0,0,0.55,0.3,0.3,0,0.5,10,9.5,10,rrt_20260807_213236_188.png
20260807_213239_928,2026-08-07 21:32:39,False,10000,331,0.0,0,0.55,0.3,0.3,0,0.5,10,9.5,10,rrt_20260807_213239_928.png
20260807_213241_515,2026-08-07 21:32:41,True,3465,212,17.599999999999994,33,0.55,0.3,0.3,0,0.5,10,9.5,10,rrt_20260807_213241_515.png
20260807_213243_406,2026-08-07 21:32:43,True,1349,96,19.250000000000014,36,0.55,0.3,0.3,0,0.5,10,9.5,10,rrt_20260807_213243_406.png
20260807_213244_264,2026-08-07 21:32:44,True,908,98,18.0524580861279,34,0.55,0.3,0.3,0,0.5,10,9.5,10,rrt_20260807_213244_264.png
20260807_213245_744,2026-08-07 21:32:45,True,2543,144,19.790839169259865,38,0.55,0.3,0.3,0,0.5,10,9.5,10,rrt_20260807_213245_744.png
20260807_213249_674,2026-08-07 21:32:49,False,10000,325,0.0,0,0.55,0.3,0.3,0,0.5,10,9.5,10,rrt_20260807_213249_674.png
20260807_213251_441,2026-08-07 21:32:51,True,1162,112,18.12686473695863,34,0.55,0.3,0.3,0,0.5,10,9.5,10,rrt_20260807_213251_441.png
20260807_213254_494,2026-08-07 21:32:54,False,10000,233,0.0,0,0.55,0.3,0.3,0,0.5,10,9.5,10,rrt_20260807_213254_494.png
20260807_213255_425,2026-08-07 21:32:55,True,1170,124,18.282909681498584,35,0.55,0.3,0.3,0,0.5,10,9.5,10,rrt_20260807_213255_425.png
20260807_213258_162,2026-08-07 21:32:58,False,10000,211,0.0,0,0.55,0.3,0.3,0,0.5,10,9.5,10,rrt_20260807_213258_162.png
20260807_213259_558,2026-08-07 21:32:59,True,631,74,17.536751679567736,33,0.55,0.3,0.3,0,0.5,10,9.5,10,rrt_20260807_213259_558.png
20260807_213303_377,2026-08-07 21:33:03,False,10000,334,0.0,0,0.55,0.3,0.3,0,0.5,10,9.5,10,rrt_20260807_213303_377.png
20260807_213307_383,2026-08-07 21:33:07,False,10000,345,0.0,0,0.55,0.3,0.3,0,0.5,10,9.5,10,rrt_20260807_213307_383.png
20260807_213311_558,2026-08-07 21:33:11,False,10000,349,0.0,0,0.55,0.3,0.3,0,0.5,10,9.5,10,rrt_20260807_213311_558.png
20260807_213315_491,2026-08-07 21:33:15,False,10000,346,0.0,0,0.55,0.3,0.3,0,0.5,10,9.5,10,rrt_20260807_213315_491.png
20260807_213316_478,2026-08-07 21:33:16,True,1369,128,17.050000000000004,32,0.55,0.3,0.3,0,0.5,10,9.5,10,rrt_20260807_213316_478.png
20260807_213317_332,2026-08-07 21:33:17,True,1091,101,19.80000000000001,37,0.55,0.3,0.3,0,0.5,10,9.5,10,rrt_20260807_213317_332.png
20260807_213321_253,2026-08-07 21:33:21,False,10000,338,0.0,0,0.55,0.3,0.3,0,0.5,10,9.5,10,rrt_20260807_213321_253.png
20260807_213322_913,2026-08-07 21:33:22,True,789,98,17.445116279748483,33,0.55,0.3,0.3,0,0.5,10,9.5,10,rrt_20260807_213322_913.png
20260807_213326_968,2026-08-07 21:33:26,False,10000,281,0.0,0,0.55,0.3,0.3,0,0.5,10,9.5,10,rrt_20260807_213326_968.png
20260807_213329_683,2026-08-07 21:33:29,False,10000,194,0.0,0,0.55,0.3,0.3,0,0.5,10,9.5,10,rrt_20260807_213329_683.png
20260807_213330_570,2026-08-07 21:33:30,True,1196,103,17.936583609097138,34,0.55,0.3,0.3,0,0.5,10,9.5,10,rrt_20260807_213330_570.png
20260807_213334_477,2026-08-07 21:33:34,False,10000,315,0.0,0,0.55,0.3,0.3,0,0.5,10,9.5,10,rrt_20260807_213334_477.png
20260807_213335_482,2026-08-07 21:33:35,True,1137,110,19.17665959030357,36,0.55,0.3,0.3,0,0.5,10,9.5,10,rrt_20260807_213335_482.png
20260807_213338_872,2026-08-07 21:33:38,False,10000,198,0.0,0,0.55,0.3,0.3,0,0.5,10,9.5,10,rrt_20260807_213338_872.png
20260807_213340_230,2026-08-07 21:33:40,True,1725,126,17.40600571174431,33,0.55,0.3,0.3,0,0.5,10,9.5,10,rrt_20260807_213340_230.png
20260807_213341_278,2026-08-07 21:33:41,True,1527,131,17.6,33,0.55,0.3,0.3,0,0.5,10,9.5,10,rrt_20260807_213341_278.png
20260807_213342_524,2026-08-07 21:33:42,True,1345,100,18.15000000000001,34,0.55,0.3,0.3,0,0.5,10,9.5,10,rrt_20260807_213342_524.png
20260807_213347_308,2026-08-07 21:33:47,False,10000,315,0.0,0,0.55,0.3,0.3,0,0.5,10,9.5,10,rrt_20260807_213347_308.png
20260807_213348_361,2026-08-07 21:33:48,True,1366,119,18.70000000000001,35,0.55,0.3,0.3,0,0.5,10,9.5,10,rrt_20260807_213348_361.png
20260807_213352_230,2026-08-07 21:33:52,False,10000,351,0.0,0,0.55,0.3,0.3,0,0.5,10,9.5,10,rrt_20260807_213352_230.png
20260807_213356_021,2026-08-07 21:33:56,False,10000,294,0.0,0,0.55,0.3,0.3,0,0.5,10,9.5,10,rrt_20260807_213356_021.png
20260807_213359_533,2026-08-07 21:33:59,False,10000,286,0.0,0,0.55,0.3,0.3,0,0.5,10,9.5,10,rrt_20260807_213359_533.png
20260807_213404_128,2026-08-07 21:34:04,False,10000,360,0.0,0,0.55,0.3,0.3,0,0.5,10,9.5,10,rrt_20260807_213404_128.png
20260807_213407_662,2026-08-07 21:34:07,False,10000,291,0.0,0,0.55,0.3,0.3,0,0.5,10,9.5,10,rrt_20260807_213407_662.png
20260807_213408_900,2026-08-07 21:34:08,True,2550,163,18.220427957357302,35,0.55,0.3,0.3,0,0.5,10,9.5,10,rrt_20260807_213408_900.png
20260807_213409_818,2026-08-07 21:34:09,True,1349,124,20.825867003856892,39,0.55,0.3,0.3,0,0.5,10,9.5,10,rrt_20260807_213409_818.png
20260807_213411_822,2026-08-07 21:34:11,True,3575,190,20.633002076620624,39,0.55,0.3,0.3,0,0.5,10,9.5,10,rrt_20260807_213411_822.png
20260807_213412_703,2026-08-07 21:34:12,True,1146,112,17.600000000000005,33,0.55,0.3,0.3,0,0.5,10,9.5,10,rrt_20260807_213412_703.png
20260807_213413_603,2026-08-07 21:34:13,True,677,82,17.96851799507815,34,0.55,0.3,0.3,0,0.5,10,9.5,10,rrt_20260807_213413_603.png
20260807_213414_667,2026-08-07 21:34:14,True,2203,137,17.308892114211876,33,0.55,0.3,0.3,0,0.5,10,9.5,10,rrt_20260807_213414_667.png
20260807_213417_390,2026-08-07 21:34:17,False,10000,206,0.0,0,0.55,0.3,0.3,0,0.5,10,9.5,10,rrt_20260807_213417_390.png
20260807_213420_722,2026-08-07 21:34:20,False,10000,238,0.0,0,0.55,0.3,0.3,0,0.5,10,9.5,10,rrt_20260807_213420_722.png
20260807_213424_456,2026-08-07 21:34:24,False,10000,314,0.0,0,0.55,0.3,0.3,0,0.5,10,9.5,10,rrt_20260807_213424_456.png
20260807_213428_205,2026-08-07 21:34:28,False,10000,308,0.0,0,0.55,0.3,0.3,0,0.5,10,9.5,10,rrt_20260807_213428_205.png
20260807_213431_895,2026-08-07 21:34:31,False,10000,296,0.0,0,0.55,0.3,0.3,0,0.5,10,9.5,10,rrt_20260807_213431_895.png
20260807_213436_478,2026-08-07 21:34:36,False,10000,334,0.0,0,0.55,0.3,0.3,0,0.5,10,9.5,10,rrt_20260807_213436_478.png
20260807_213440_129,2026-08-07 21:34:40,False,10000,287,0.0,0,0.55,0.3,0.3,0,0.5,10,9.5,10,rrt_20260807_213440_129.png
20260807_213441_460,2026-08-07 21:34:41,True,2756,161,18.70000000000001,35,0.55,0.3,0.3,0,0.5,10,9.5,10,rrt_20260807_213441_460.png
20260807_213442_513,2026-08-07 21:34:42,True,2264,143,18.150000000000006,34,0.55,0.3,0.3,0,0.5,10,9.5,10,rrt_20260807_213442_513.png
20260807_213443_358,2026-08-07 21:34:43,True,1287,116,18.665460151205743,35,0.55,0.3,0.3,0,0.5,10,9.5,10,rrt_20260807_213443_358.png
20260807_213446_613,2026-08-07 21:34:46,False,10000,277,0.0,0,0.55,0.3,0.3,0,0.5,10,9.5,10,rrt_20260807_213446_613.png
20260807_213447_501,2026-08-07 21:34:47,True,788,90,19.25000000000001,36,0.55,0.3,0.3,0,0.5,10,9.5,10,rrt_20260807_213447_501.png
20260807_213451_328,2026-08-07 21:34:51,False,10000,312,0.0,0,0.55,0.3,0.3,0,0.5,10,9.5,10,rrt_20260807_213451_328.png
20260807_213455_235,2026-08-07 21:34:55,False,10000,309,0.0,0,0.55,0.3,0.3,0,0.5,10,9.5,10,rrt_20260807_213455_235.png
20260807_213456_797,2026-08-07 21:34:56,True,1302,123,16.821158022055467,32,0.55,0.3,0.3,0,0.5,10,9.5,10,rrt_20260807_213456_797.png
20260807_213457_813,2026-08-07 21:34:57,True,2122,158,18.817368771934486,36,0.55,0.3,0.3,0,0.5,10,9.5,10,rrt_20260807_213457_813.png
20260807_213458_912,2026-08-07 21:34:58,True,1870,135,17.60000000000001,33,0.55,0.3,0.3,0,0.5,10,9.5,10,rrt_20260807_213458_912.png
20260807_213502_860,2026-08-07 21:35:02,False,10000,341,0.0,0,0.55,0.3,0.3,0,0.5,10,9.5,10,rrt_20260807_213502_860.png
20260807_213504_131,2026-08-07 21:35:04,True,1724,153,17.98278662023258,34,0.55,0.3,0.3,0,0.5,10,9.5,10,rrt_20260807_213504_131.png
20260807_213505_396,2026-08-07 21:35:05,True,1562,140,18.838095965122992,36,0.55,0.3,0.3,0,0.5,10,9.5,10,rrt_20260807_213505_396.png
20260807_213506_532,2026-08-07 21:35:06,True,2409,189,17.60000000000001,33,0.55,0.3,0.3,0,0.5,10,9.5,10,rrt_20260807_213506_532.png
20260807_213507_461,2026-08-07 21:35:07,True,912,77,18.15000000000001,34,0.55,0.3,0.3,0,0.5,10,9.5,10,rrt_20260807_213507_461.png
20260807_213510_989,2026-08-07 21:35:10,False,10000,308,0.0,0,0.55,0.3,0.3,0,0.5,10,9.5,10,rrt_20260807_213510_989.png
20260807_213515_604,2026-08-07 21:35:15,False,10000,335,0.0,0,0.55,0.3,0.3,0,0.5,10,9.5,10,rrt_20260807_213515_604.png
20260807_213518_464,2026-08-07 21:35:18,False,10000,224,0.0,0,0.55,0.3,0.3,0,0.5,10,9.5,10,rrt_20260807_213518_464.png
20260807_213519_724,2026-08-07 21:35:19,True,996,104,17.461016899790874,33,0.55,0.3,0.3,0,0.5,10,9.5,10,rrt_20260807_213519_724.png
20260807_213523_556,2026-08-07 21:35:23,False,10000,332,0.0,0,0.55,0.3,0.3,0,0.5,10,9.5,10,rrt_20260807_213523_556.png
20260807_213525_180,2026-08-07 21:35:25,True,3395,217,18.285549643253184,35,0.55,0.3,0.3,0,0.5,10,9.5,10,rrt_20260807_213525_180.png
20260807_213526_337,2026-08-07 21:35:26,True,1130,135,20.35000000000001,38,0.55,0.3,0.3,0,0.5,10,9.5,10,rrt_20260807_213526_337.png
20260807_213529_081,2026-08-07 21:35:29,False,10000,209,0.0,0,0.55,0.3,0.3,0,0.5,10,9.5,10,rrt_20260807_213529_081.png
20260807_213530_136,2026-08-07 21:35:30,True,1200,115,20.350000000000012,38,0.55,0.3,0.3,0,0.5,10,9.5,10,rrt_20260807_213530_136.png
20260807_213533_644,2026-08-07 21:35:33,False,10000,240,0.0,0,0.55,0.3,0.3,0,0.5,10,9.5,10,rrt_20260807_213533_644.png
20260807_213534_674,2026-08-07 21:35:34,True,1074,105,17.600000000000005,33,0.55,0.3,0.3,0,0.5,10,9.5,10,rrt_20260807_213534_674.png
20260807_213535_880,2026-08-07 21:35:35,True,3032,178,18.087357603590227,34,0.55,0.3,0.3,0,0.5,10,9.5,10,rrt_20260807_213535_880.png
20260807_213538_732,2026-08-07 21:35:38,False,10000,208,0.0,0,0.55,0.3,0.3,0,0.5,10,9.5,10,rrt_20260807_213538_732.png
20260807_213540_453,2026-08-07 21:35:40,True,3653,175,19.800000000000004,37,0.55,0.3,0.3,0,0.5,10,9.5,10,rrt_20260807_213540_453.png
20260807_213546_316,2026-08-07 21:35:46,False,10000,410,0.0,0,0.55,0.4,0.3,0,0.5,10,9.5,10,rrt_20260807_213546_316.png
20260807_213547_341,2026-08-07 21:35:47,True,1029,157,17.537726486830138,33,0.55,0.4,0.3,0,0.5,10,9.5,10,rrt_20260807_213547_341.png
20260807_213552_021,2026-08-07 21:35:52,False,10000,363,0.0,0,0.55,0.4,0.3,0,0.5,10,9.5,10,rrt_20260807_213552_021.png
20260807_213553_111,2026-08-07 21:35:53,True,699,87,17.317117133011575,33,0.55,0.4,0.3,0,0.5,10,9.5,10,rrt_20260807_213553_111.png
20260807_213554_485,2026-08-07 21:35:54,True,1481,138,19.73472811429247,37,0.55,0.4,0.3,0,0.5,10,9.5,10,rrt_20260807_213554_485.png
20260807_213555_301,2026-08-07 21:35:55,True,869,127,18.700000000000014,35,0.55,0.4,0.3,0,0.5,10,9.5,10,rrt_20260807_213555_301.png
20260807_213558_990,2026-08-07 21:35:58,False,10000,342,0.0,0,0.55,0.4,0.3,0,0.5,10,9.5,10,rrt_20260807_213558_990.png
20260807_213603_685,2026-08-07 21:36:03,False,10000,398,0.0,0,0.55,0.4,0.3,0,0.5,10,9.5,10,rrt_20260807_213603_685.png
20260807_213607_906,2026-08-07 21:36:07,False,10000,381,0.0,0,0.55,0.4,0.3,0,0.5,10,9.5,10,rrt_20260807_213607_906.png
20260807_213609_066,2026-08-07 21:36:09,True,2772,168,18.700000000000014,35,0.55,0.4,0.3,0,0.5,10,9.5,10,rrt_20260807_213609_066.png
20260807_213612_831,2026-08-07 21:36:12,False,10000,344,0.0,0,0.55,0.4,0.3,0,0.5,10,9.5,10,rrt_20260807_213612_831.png
20260807_213616_041,2026-08-07 21:36:16,False,10000,250,0.0,0,0.55,0.4,0.3,0,0.5,10,9.5,10,rrt_20260807_213616_041.png
20260807_213617_095,2026-08-07 21:36:17,True,1282,145,18.150000000000002,34,0.55,0.4,0.3,0,0.5,10,9.5,10,rrt_20260807_213617_095.png
20260807_213618_570,2026-08-07 21:36:18,True,532,90,18.700000000000006,35,0.55,0.4,0.3,0,0.5,10,9.5,10,rrt_20260807_213618_570.png
20260807_213619_754,2026-08-07 21:36:19,True,1253,145,16.481599647415997,31,0.55,0.4,0.3,0,0.5,10,9.5,10,rrt_20260807_213619_754.png
20260807_213624_421,2026-08-07 21:36:24,False,10000,418,0.0,0,0.55,0.4,0.3,0,0.5,10,9.5,10,rrt_20260807_213624_421.png
20260807_213625_490,2026-08-07 21:36:25,True,540,90,17.6,33,0.55,0.4,0.3,0,0.5,10,9.5,10,rrt_20260807_213625_490.png
20260807_213626_361,2026-08-07 21:36:26,True,1226,125,17.363161850257413,33,0.55,0.4,0.3,0,0.5,10,9.5,10,rrt_20260807_213626_361.png
20260807_213627_264,2026-08-07 21:36:27,True,1110,140,18.520176675761675,35,0.55,0.4,0.3,0,0.5,10,9.5,10,rrt_20260807_213627_264.png
20260807_213628_165,2026-08-07 21:36:28,True,1164,151,17.05,32,0.55,0.4,0.3,0,0.5,10,9.5,10,rrt_20260807_213628_165.png
20260807_213632_940,2026-08-07 21:36:32,False,10000,410,0.0,0,0.55,0.4,0.3,0,0.5,10,9.5,10,rrt_20260807_213632_940.png
20260807_213634_354,2026-08-07 21:36:34,True,2048,175,18.70000000000001,35,0.55,0.4,0.3,0,0.5,10,9.5,10,rrt_20260807_213634_354.png
20260807_213640_091,2026-08-07 21:36:40,False,10000,372,0.0,0,0.55,0.4,0.3,0,0.5,10,9.5,10,rrt_20260807_213640_091.png
20260807_213641_263,2026-08-07 21:36:41,True,1202,112,18.150000000000006,34,0.55,0.4,0.3,0,0.5,10,9.5,10,rrt_20260807_213641_263.png
20260807_213644_543,2026-08-07 21:36:44,False,10000,288,0.0,0,0.55,0.4,0.3,0,0.5,10,9.5,10,rrt_20260807_213644_543.png
20260807_213645_460,2026-08-07 21:36:45,True,1126,129,17.600000000000005,33,0.55,0.4,0.3,0,0.5,10,9.5,10,rrt_20260807_213645_460.png
20260807_213649_701,2026-08-07 21:36:49,False,10000,413,0.0,0,0.55,0.4,0.3,0,0.5,10,9.5,10,rrt_20260807_213649_701.png
20260807_213654_183,2026-08-07 21:36:54,False,10000,395,0.0,0,0.55,0.4,0.3,0,0.5,10,9.5,10,rrt_20260807_213654_183.png
20260807_213658_422,2026-08-07 21:36:58,False,10000,419,0.0,0,0.55,0.4,0.3,0,0.5,10,9.5,10,rrt_20260807_213658_422.png
20260807_213659_799,2026-08-07 21:36:59,True,734,112,17.6,33,0.55,0.4,0.3,0,0.5,10,9.5,10,rrt_20260807_213659_799.png
20260807_213702_960,2026-08-07 21:37:02,False,10000,290,0.0,0,0.55,0.4,0.3,0,0.5,10,9.5,10,rrt_20260807_213702_960.png
20260807_213704_204,2026-08-07 21:37:04,True,976,132,17.581852409163236,33,0.55,0.4,0.3,0,0.5,10,9.5,10,rrt_20260807_213704_204.png
20260807_213708_869,2026-08-07 21:37:08,False,10000,422,0.0,0,0.55,0.4,0.3,0,0.5,10,9.5,10,rrt_20260807_213708_869.png
20260807_213710_388,2026-08-07 21:37:10,True,2748,198,17.600000000000005,33,0.55,0.4,0.3,0,0.5,10,9.5,10,rrt_20260807_213710_388.png
20260807_213712_125,2026-08-07 21:37:12,True,3861,223,19.22060207552293,36,0.55,0.4,0.3,0,0.5,10,9.5,10,rrt_20260807_213712_125.png
20260807_213713_265,2026-08-07 21:37:13,True,1576,161,18.72097800990772,36,0.55,0.4,0.3,0,0.5,10,9.5,10,rrt_20260807_213713_265.png
20260807_213716_663,2026-08-07 21:37:16,False,10000,260,0.0,0,0.55,0.4,0.3,0,0.5,10,9.5,10,rrt_20260807_213716_663.png
20260807_213717_724,2026-08-07 21:37:17,True,1001,115,17.6,33,0.55,0.4,0.3,0,0.5,10,9.5,10,rrt_20260807_213717_724.png
20260807_213718_940,2026-08-07 21:37:18,True,1015,133,17.4280919799363,33,0.55,0.4,0.3,0,0.5,10,9.5,10,rrt_20260807_213718_940.png
20260807_213719_869,2026-08-07 21:37:19,True,1075,114,20.350000000000012,38,0.55,0.4,0.3,0,0.5,10,9.5,10,rrt_20260807_213719_869.png
20260807_213724_343,2026-08-07 21:37:24,False,10000,384,0.0,0,0.55,0.4,0.3,0,0.5,10,9.5,10,rrt_20260807_213724_343.png
20260807_213725_565,2026-08-07 21:37:25,True,2020,188,17.890510699084107,34,0.55,0.4,0.3,0,0.5,10,9.5,10,rrt_20260807_213725_565.png
20260807_213728_805,2026-08-07 21:37:28,False,10000,301,0.0,0,0.55,0.4,0.3,0,0.5,10,9.5,10,rrt_20260807_213728_805.png
20260807_213733_209,2026-08-07 21:37:33,False,10000,406,0.0,0,0.55,0.4,0.3,0,0.5,10,9.5,10,rrt_20260807_213733_209.png
20260807_213734_572,2026-08-07 21:37:34,True,631,92,18.150000000000006,34,0.55,0.4,0.3,0,0.5,10,9.5,10,rrt_20260807_213734_572.png
20260807_213738_801,2026-08-07 21:37:38,False,10000,384,0.0,0,0.55,0.4,0.3,0,0.5,10,9.5,10,rrt_20260807_213738_801.png
20260807_213743_033,2026-08-07 21:37:43,False,10000,371,0.0,0,0.55,0.4,0.3,0,0.5,10,9.5,10,rrt_20260807_213743_033.png
20260807_213747_615,2026-08-07 21:37:47,False,10000,401,0.0,0,0.55,0.4,0.3,0,0.5,10,9.5,10,rrt_20260807_213747_615.png
20260807_213751_687,2026-08-07 21:37:51,False,10000,384,0.0,0,0.55,0.4,0.3,0,0.5,10,9.5,10,rrt_20260807_213751_687.png
20260807_213755_344,2026-08-07 21:37:55,False,10000,262,0.0,0,0.55,0.4,0.3,0,0.5,10,9.5,10,rrt_20260807_213755_344.png
20260807_213756_207,2026-08-07 21:37:56,True,1006,111,18.460813661711338,35,0.55,0.4,0.3,0,0.5,10,9.5,10,rrt_20260807_213756_207.png
20260807_213757_197,2026-08-07 21:37:57,True,2322,167,17.39128231986224,33,0.55,0.4,0.3,0,0.5,10,9.5,10,rrt_20260807_213757_197.png
20260807_213758_114,2026-08-07 21:37:58,True,1251,135,18.150000000000006,34,0.55,0.4,0.3,0,0.5,10,9.5,10,rrt_20260807_213758_114.png
20260807_213758_848,2026-08-07 21:37:58,True,613,90,20.137030657628824,38,0.55,0.4,0.3,0,0.5,10,9.5,10,rrt_20260807_213758_848.png
20260807_213800_174,2026-08-07 21:38:00,True,3224,206,17.697383315068205,34,0.55,0.4,0.3,0,0.5,10,9.5,10,rrt_20260807_213800_174.png
20260807_213800_948,2026-08-07 21:38:00,True,691,114,18.700000000000006,35,0.55,0.4,0.3,0,0.5,10,9.5,10,rrt_20260807_213800_948.png
20260807_213805_223,2026-08-07 21:38:05,False,10000,393,0.0,0,0.55,0.4,0.3,0,0.5,10,9.5,10,rrt_20260807_213805_223.png
20260807_213808_764,2026-08-07 21:38:08,False,10000,295,0.0,0,0.55,0.4,0.3,0,0.5,10,9.5,10,rrt_20260807_213808_764.png
20260807_213810_241,2026-08-07 21:38:10,True,1641,167,17.93220187832805,34,0.55,0.4,0.3,0,0.5,10,9.5,10,rrt_20260807_213810_241.png
20260807_213811_167,2026-08-07 21:38:11,True,576,93,18.15000000000001,34,0.55,0.4,0.3,0,0.5,10,9.5,10,rrt_20260807_213811_167.png
20260807_213814_578,2026-08-07 21:38:14,False,10000,331,0.0,0,0.55,0.4,0.3,0,0.5,10,9.5,10,rrt_20260807_213814_578.png
20260807_213815_478,2026-08-07 21:38:15,True,989,97,17.05,32,0.55,0.4,0.3,0,0.5,10,9.5,10,rrt_20260807_213815_478.png
20260807_213818_631,2026-08-07 21:38:18,False,10000,283,0.0,0,0.55,0.4,0.3,0,0.5,10,9.5,10,rrt_20260807_213818_631.png
20260807_213819_596,2026-08-07 21:38:19,True,885,116,18.031109082653582,34,0.55,0.4,0.3,0,0.5,10,9.5,10,rrt_20260807_213819_596.png
20260807_213820_314,2026-08-07 21:38:20,True,633,105,16.934079680729266,32,0.55,0.4,0.3,0,0.5,10,9.5,10,rrt_20260807_213820_314.png
20260807_213824_639,2026-08-07 21:38:24,False,10000,392,0.0,0,0.55,0.4,0.3,0,0.5,10,9.5,10,rrt_20260807_213824_639.png
20260807_213826_307,2026-08-07 21:38:26,True,1374,166,18.150000000000013,34,0.55,0.4,0.3,0,0.5,10,9.5,10,rrt_20260807_213826_307.png
20260807_213827_583,2026-08-07 21:38:27,True,3322,175,18.150000000000006,34,0.55,0.4,0.3,0,0.5,10,9.5,10,rrt_20260807_213827_583.png
20260807_213828_402,2026-08-07 21:38:28,True,1000,108,17.53852604440289,33,0.55,0.4,0.3,0,0.5,10,9.5,10,rrt_20260807_213828_402.png
20260807_213829_238,2026-08-07 21:38:29,True,1259,139,17.523488638287816,33,0.55,0.4,0.3,0,0.5,10,9.5,10,rrt_20260807_213829_238.png
20260807_213830_599,2026-08-07 21:38:30,True,4090,195,17.52555622810887,33,0.55,0.4,0.3,0,0.5,10,9.5,10,rrt_20260807_213830_599.png
20260807_213833_603,2026-08-07 21:38:33,False,10000,255,0.0,0,0.55,0.4,0.3,0,0.5,10,9.5,10,rrt_20260807_213833_603.png
20260807_213837_639,2026-08-07 21:38:37,False,10000,381,0.0,0,0.55,0.4,0.3,0,0.5,10,9.5,10,rrt_20260807_213837_639.png
20260807_213841_693,2026-08-07 21:38:41,False,10000,322,0.0,0,0.55,0.4,0.3,0,0.5,10,9.5,10,rrt_20260807_213841_693.png
20260807_213842_669,2026-08-07 21:38:42,True,1163,153,18.66423854359988,35,0.55,0.4,0.3,0,0.5,10,9.5,10,rrt_20260807_213842_669.png
20260807_213844_302,2026-08-07 21:38:44,True,2387,188,18.700000000000003,35,0.55,0.4,0.3,0,0.5,10,9.5,10,rrt_20260807_213844_302.png
20260807_213848_629,2026-08-07 21:38:48,False,10000,414,0.0,0,0.55,0.4,0.3,0,0.5,10,9.5,10,rrt_20260807_213848_629.png
20260807_213849_675,2026-08-07 21:38:49,True,1057,130,18.10340994678089,34,0.55,0.4,0.3,0,0.5,10,9.5,10,rrt_20260807_213849_675.png
20260807_213853_966,2026-08-07 21:38:53,False,10000,405,0.0,0,0.55,0.4,0.3,0,0.5,10,9.5,10,rrt_20260807_213853_966.png
20260807_213857_955,2026-08-07 21:38:57,False,10000,371,0.0,0,0.55,0.4,0.3,0,0.5,10,9.5,10,rrt_20260807_213857_955.png
20260807_213901_914,2026-08-07 21:39:01,False,10000,341,0.0,0,0.55,0.4,0.3,0,0.5,10,9.5,10,rrt_20260807_213901_914.png
20260807_213906_253,2026-08-07 21:39:06,False,10000,415,0.0,0,0.55,0.4,0.3,0,0.5,10,9.5,10,rrt_20260807_213906_253.png
20260807_213910_106,2026-08-07 21:39:10,False,10000,337,0.0,0,0.55,0.4,0.3,0,0.5,10,9.5,10,rrt_20260807_213910_106.png
20260807_213914_421,2026-08-07 21:39:14,False,10000,388,0.0,0,0.55,0.4,0.3,0,0.5,10,9.5,10,rrt_20260807_213914_421.png
20260807_213915_808,2026-08-07 21:39:15,True,1206,127,17.431675355386318,33,0.55,0.4,0.3,0,0.5,10,9.5,10,rrt_20260807_213915_808.png
20260807_213916_572,2026-08-07 21:39:16,True,556,87,19.80000000000001,37,0.55,0.4,0.3,0,0.5,10,9.5,10,rrt_20260807_213916_572.png
20260807_213920_901,2026-08-07 21:39:20,False,10000,414,0.0,0,0.55,0.4,0.3,0,0.5,10,9.5,10,rrt_20260807_213920_901.png
20260807_213925_413,2026-08-07 21:39:25,False,10000,393,0.0,0,0.55,0.4,0.3,0,0.5,10,9.5,10,rrt_20260807_213925_413.png
20260807_213926_589,2026-08-07 21:39:26,True,1308,150,17.050000000000004,32,0.55,0.4,0.3,0,0.5,10,9.5,10,rrt_20260807_213926_589.png
20260807_213930_685,2026-08-07 21:39:30,False,10000,383,0.0,0,0.55,0.4,0.3,0,0.5,10,9.5,10,rrt_20260807_213930_685.png
20260807_213935_257,2026-08-07 21:39:35,False,10000,411,0.0,0,0.55,0.4,0.3,0,0.5,10,9.5,10,rrt_20260807_213935_257.png
20260807_213939_063,2026-08-07 21:39:39,False,10000,346,0.0,0,0.55,0.4,0.3,0,0.5,10,9.5,10,rrt_20260807_213939_063.png
20260807_213940_317,2026-08-07 21:39:40,True,2232,201,18.7,35,0.55,0.4,0.3,0,0.5,10,9.5,10,rrt_20260807_213940_317.png
20260807_213941_961,2026-08-07 21:39:41,True,896,138,17.5996091982461,33,0.55,0.4,0.3,0,0.5,10,9.5,10,rrt_20260807_213941_961.png
20260807_213946_104,2026-08-07 21:39:46,False,10000,391,0.0,0,0.55,0.4,0.3,0,0.5,10,9.5,10,rrt_20260807_213946_104.png
20260807_213947_031,2026-08-07 21:39:47,True,1005,118,16.500000000000007,31,0.55,0.4,0.3,0,0.5,10,9.5,10,rrt_20260807_213947_031.png
20260807_213950_958,2026-08-07 21:39:50,False,10000,375,0.0,0,0.55,0.4,0.3,0,0.5,10,9.5,10,rrt_20260807_213950_958.png
20260807_213951_749,2026-08-07 21:39:51,True,318,70,17.60000000000001,33,0.55,0.4,0.3,0,0.5,10,9.5,10,rrt_20260807_213951_749.png
20260807_213953_337,2026-08-07 21:39:53,True,4796,222,25.104739635677547,48,0.55,0.4,0.3,0,0.5,10,9.5,10,rrt_20260807_213953_337.png
20260807_213954_175,2026-08-07 21:39:54,True,741,108,19.25000000000001,36,0.55,0.4,0.3,0,0.5,10,9.5,10,rrt_20260807_213954_175.png
20260807_213958_877,2026-08-07 21:39:58,False,10000,460,0.0,0,0.55,0.5,0.3,0,0.5,10,9.5,10,rrt_20260807_213958_877.png
20260807_214003_807,2026-08-07 21:40:03,False,10000,465,0.0,0,0.55,0.5,0.3,0,0.5,10,9.5,10,rrt_20260807_214003_807.png
20260807_214009_143,2026-08-07 21:40:09,False,10000,466,0.0,0,0.55,0.5,0.3,0,0.5,10,9.5,10,rrt_20260807_214009_143.png
20260807_214013_675,2026-08-07 21:40:13,False,10000,443,0.0,0,0.55,0.5,0.3,0,0.5,10,9.5,10,rrt_20260807_214013_675.png
20260807_214014_575,2026-08-07 21:40:14,True,318,77,20.882424382095884,39,0.55,0.5,0.3,0,0.5,10,9.5,10,rrt_20260807_214014_575.png
20260807_214015_310,2026-08-07 21:40:15,True,856,112,18.74896629318638,36,0.55,0.5,0.3,0,0.5,10,9.5,10,rrt_20260807_214015_310.png
20260807_214016_087,2026-08-07 21:40:16,True,892,135,20.11250468015865,38,0.55,0.5,0.3,0,0.5,10,9.5,10,rrt_20260807_214016_087.png
20260807_214020_823,2026-08-07 21:40:20,False,10000,461,0.0,0,0.55,0.5,0.3,0,0.5,10,9.5,10,rrt_20260807_214020_823.png
20260807_214025_772,2026-08-07 21:40:25,False,10000,479,0.0,0,0.55,0.5,0.3,0,0.5,10,9.5,10,rrt_20260807_214025_772.png
20260807_214030_177,2026-08-07 21:40:30,False,10000,387,0.0,0,0.55,0.5,0.3,0,0.5,10,9.5,10,rrt_20260807_214030_177.png
20260807_214034_864,2026-08-07 21:40:34,False,10000,475,0.0,0,0.55,0.5,0.3,0,0.5,10,9.5,10,rrt_20260807_214034_864.png
20260807_214039_606,2026-08-07 21:40:39,False,10000,370,0.0,0,0.55,0.5,0.3,0,0.5,10,9.5,10,rrt_20260807_214039_606.png
20260807_214043_737,2026-08-07 21:40:43,False,10000,427,0.0,0,0.55,0.5,0.3,0,0.5,10,9.5,10,rrt_20260807_214043_737.png
20260807_214048_270,2026-08-07 21:40:48,False,10000,424,0.0,0,0.55,0.5,0.3,0,0.5,10,9.5,10,rrt_20260807_214048_270.png
20260807_214049_127,2026-08-07 21:40:49,True,859,129,17.6,33,0.55,0.5,0.3,0,0.5,10,9.5,10,rrt_20260807_214049_127.png
20260807_214053_882,2026-08-07 21:40:53,False,10000,481,0.0,0,0.55,0.5,0.3,0,0.5,10,9.5,10,rrt_20260807_214053_882.png
20260807_214058_562,2026-08-07 21:40:58,False,10000,462,0.0,0,0.55,0.5,0.3,0,0.5,10,9.5,10,rrt_20260807_214058_562.png
20260807_214103_875,2026-08-07 21:41:03,False,10000,472,0.0,0,0.55,0.5,0.3,0,0.5,10,9.5,10,rrt_20260807_214103_875.png
20260807_214104_696,2026-08-07 21:41:04,True,410,81,17.050000000000004,32,0.55,0.5,0.3,0,0.5,10,9.5,10,rrt_20260807_214104_696.png
20260807_214109_308,2026-08-07 21:41:09,False,10000,460,0.0,0,0.55,0.5,0.3,0,0.5,10,9.5,10,rrt_20260807_214109_308.png
20260807_214110_795,2026-08-07 21:41:10,True,930,136,18.150000000000006,34,0.55,0.5,0.3,0,0.5,10,9.5,10,rrt_20260807_214110_795.png
20260807_214111_712,2026-08-07 21:41:11,True,1732,167,18.28478920209789,35,0.55,0.5,0.3,0,0.5,10,9.5,10,rrt_20260807_214111_712.png
20260807_214112_811,2026-08-07 21:41:12,True,1959,193,19.192719327328728,36,0.55,0.5,0.3,0,0.5,10,9.5,10,rrt_20260807_214112_811.png
20260807_214113_661,2026-08-07 21:41:13,True,668,106,18.15000000000001,34,0.55,0.5,0.3,0,0.5,10,9.5,10,rrt_20260807_214113_661.png
20260807_214118_272,2026-08-07 21:41:18,False,10000,444,0.0,0,0.55,0.5,0.3,0,0.5,10,9.5,10,rrt_20260807_214118_272.png
20260807_214121_795,2026-08-07 21:41:21,False,10000,309,0.0,0,0.55,0.5,0.3,0,0.5,10,9.5,10,rrt_20260807_214121_795.png
20260807_214126_273,2026-08-07 21:41:26,False,10000,408,0.0,0,0.55,0.5,0.3,0,0.5,10,9.5,10,rrt_20260807_214126_273.png
20260807_214129_857,2026-08-07 21:41:29,False,10000,335,0.0,0,0.55,0.5,0.3,0,0.5,10,9.5,10,rrt_20260807_214129_857.png
20260807_214134_385,2026-08-07 21:41:34,False,10000,373,0.0,0,0.55,0.5,0.3,0,0.5,10,9.5,10,rrt_20260807_214134_385.png
20260807_214135_236,2026-08-07 21:41:35,True,750,127,18.011555092274094,34,0.55,0.5,0.3,0,0.5,10,9.5,10,rrt_20260807_214135_236.png
20260807_214140_407,2026-08-07 21:41:40,False,10000,500,0.0,0,0.55,0.5,0.3,0,0.5,10,9.5,10,rrt_20260807_214140_407.png
20260807_214141_531,2026-08-07 21:41:41,True,1343,153,16.815284013318077,32,0.55,0.5,0.3,0,0.5,10,9.5,10,rrt_20260807_214141_531.png
20260807_214145_543,2026-08-07 21:41:45,False,10000,374,0.0,0,0.55,0.5,0.3,0,0.5,10,9.5,10,rrt_20260807_214145_543.png
20260807_214149_536,2026-08-07 21:41:49,False,10000,361,0.0,0,0.55,0.5,0.3,0,0.5,10,9.5,10,rrt_20260807_214149_536.png
20260807_214150_439,2026-08-07 21:41:50,True,1151,141,17.050000000000004,32,0.55,0.5,0.3,0,0.5,10,9.5,10,rrt_20260807_214150_439.png
20260807_214151_254,2026-08-07 21:41:51,True,983,141,17.050000000000004,32,0.55,0.5,0.3,0,0.5,10,9.5,10,rrt_20260807_214151_254.png
20260807_214156_003,2026-08-07 21:41:56,False,10000,471,0.0,0,0.55,0.5,0.3,0,0.5,10,9.5,10,rrt_20260807_214156_003.png
20260807_214201_051,2026-08-07 21:42:01,False,10000,442,0.0,0,0.55,0.5,0.3,0,0.5,10,9.5,10,rrt_20260807_214201_051.png
20260807_214201_965,2026-08-07 21:42:01,True,882,148,17.46645227883227,33,0.55,0.5,0.3,0,0.5,10,9.5,10,rrt_20260807_214201_965.png
20260807_214202_717,2026-08-07 21:42:02,True,787,119,18.05654030201672,34,0.55,0.5,0.3,0,0.5,10,9.5,10,rrt_20260807_214202_717.png
20260807_214203_715,2026-08-07 21:42:03,True,2332,166,17.599999999999998,33,0.55,0.5,0.3,0,0.5,10,9.5,10,rrt_20260807_214203_715.png
20260807_214204_624,2026-08-07 21:42:04,True,1277,180,19.250000000000007,36,0.55,0.5,0.3,0,0.5,10,9.5,10,rrt_20260807_214204_624.png
20260807_214209_087,2026-08-07 21:42:09,False,10000,433,0.0,0,0.55,0.5,0.3,0,0.5,10,9.5,10,rrt_20260807_214209_087.png
20260807_214209_993,2026-08-07 21:42:09,True,1358,138,19.80000000000001,37,0.55,0.5,0.3,0,0.5,10,9.5,10,rrt_20260807_214209_993.png
20260807_214214_787,2026-08-07 21:42:14,False,10000,457,0.0,0,0.55,0.5,0.3,0,0.5,10,9.5,10,rrt_20260807_214214_787.png
20260807_214215_906,2026-08-07 21:42:15,True,1331,156,17.61079689325155,34,0.55,0.5,0.3,0,0.5,10,9.5,10,rrt_20260807_214215_906.png
20260807_214217_626,2026-08-07 21:42:17,True,1540,176,17.461184750813242,33,0.55,0.5,0.3,0,0.5,10,9.5,10,rrt_20260807_214217_626.png
20260807_214218_446,2026-08-07 21:42:18,True,762,136,16.52004709369318,32,0.55,0.5,0.3,0,0.5,10,9.5,10,rrt_20260807_214218_446.png
20260807_214223_550,2026-08-07 21:42:23,False,10000,494,0.0,0,0.55,0.5,0.3,0,0.5,10,9.5,10,rrt_20260807_214223_550.png
20260807_214227_767,2026-08-07 21:42:27,False,10000,410,0.0,0,0.55,0.5,0.3,0,0.5,10,9.5,10,rrt_20260807_214227_767.png
20260807_214232_251,2026-08-07 21:42:32,False,10000,442,0.0,0,0.55,0.5,0.3,0,0.5,10,9.5,10,rrt_20260807_214232_251.png
20260807_214233_082,2026-08-07 21:42:33,True,468,93,18.083741026399434,34,0.55,0.5,0.3,0,0.5,10,9.5,10,rrt_20260807_214233_082.png
20260807_214233_846,2026-08-07 21:42:33,True,698,144,18.029144172192343,34,0.55,0.5,0.3,0,0.5,10,9.5,10,rrt_20260807_214233_846.png
20260807_214238_464,2026-08-07 21:42:38,False,10000,435,0.0,0,0.55,0.5,0.3,0,0.5,10,9.5,10,rrt_20260807_214238_464.png
20260807_214242_951,2026-08-07 21:42:42,False,10000,429,0.0,0,0.55,0.5,0.3,0,0.5,10,9.5,10,rrt_20260807_214242_951.png
20260807_214245_205,2026-08-07 21:42:45,True,3707,259,19.19305579700522,36,0.55,0.5,0.3,0,0.5,10,9.5,10,rrt_20260807_214245_205.png
20260807_214249_721,2026-08-07 21:42:49,False,10000,429,0.0,0,0.55,0.5,0.3,0,0.5,10,9.5,10,rrt_20260807_214249_721.png
20260807_214250_880,2026-08-07 21:42:50,True,2169,203,17.566849314274297,33,0.55,0.5,0.3,0,0.5,10,9.5,10,rrt_20260807_214250_880.png
20260807_214255_671,2026-08-07 21:42:55,False,10000,471,0.0,0,0.55,0.5,0.3,0,0.5,10,9.5,10,rrt_20260807_214255_671.png
20260807_214257_168,2026-08-07 21:42:57,True,3370,243,19.192129211047636,36,0.55,0.5,0.3,0,0.5,10,9.5,10,rrt_20260807_214257_168.png
20260807_214301_595,2026-08-07 21:43:01,False,10000,425,0.0,0,0.55,0.5,0.3,0,0.5,10,9.5,10,rrt_20260807_214301_595.png
20260807_214302_840,2026-08-07 21:43:02,True,690,97,18.517711845262852,35,0.55,0.5,0.3,0,0.5,10,9.5,10,rrt_20260807_214302_840.png
20260807_214303_670,2026-08-07 21:43:03,True,838,120,19.25000000000001,36,0.55,0.5,0.3,0,0.5,10,9.5,10,rrt_20260807_214303_670.png
20260807_214307_861,2026-08-07 21:43:07,False,10000,399,0.0,0,0.55,0.5,0.3,0,0.5,10,9.5,10,rrt_20260807_214307_861.png
20260807_214312_997,2026-08-07 21:43:12,False,10000,467,0.0,0,0.55,0.5,0.3,0,0.5,10,9.5,10,rrt_20260807_214312_997.png
20260807_214313_922,2026-08-07 21:43:13,True,496,120,17.05,32,0.55,0.5,0.3,0,0.5,10,9.5,10,rrt_20260807_214313_922.png
20260807_214314_970,2026-08-07 21:43:14,True,661,120,17.050000000000004,32,0.55,0.5,0.3,0,0.5,10,9.5,10,rrt_20260807_214314_970.png
20260807_214315_748,2026-08-07 21:43:15,True,770,131,16.91206412680168,32,0.55,0.5,0.3,0,0.5,10,9.5,10,rrt_20260807_214315_748.png
20260807_214320_064,2026-08-07 21:43:20,False,10000,408,0.0,0,0.55,0.5,0.3,0,0.5,10,9.5,10,rrt_20260807_214320_064.png
20260807_214323_503,2026-08-07 21:43:23,False,10000,302,0.0,0,0.55,0.5,0.3,0,0.5,10,9.5,10,rrt_20260807_214323_503.png
20260807_214324_354,2026-08-07 21:43:24,True,797,113,19.590088192442575,37,0.55,0.5,0.3,0,0.5,10,9.5,10,rrt_20260807_214324_354.png
20260807_214328_678,2026-08-07 21:43:28,False,10000,403,0.0,0,0.55,0.5,0.3,0,0.5,10,9.5,10,rrt_20260807_214328_678.png
20260807_214329_666,2026-08-07 21:43:29,True,1443,166,20.312567727952313,38,0.55,0.5,0.3,0,0.5,10,9.5,10,rrt_20260807_214329_666.png
20260807_214331_173,2026-08-07 21:43:31,True,1540,183,19.013914065925565,36,0.55,0.5,0.3,0,0.5,10,9.5,10,rrt_20260807_214331_173.png
20260807_214332_097,2026-08-07 21:43:32,True,1411,146,19.20800109379775,36,0.55,0.5,0.3,0,0.5,10,9.5,10,rrt_20260807_214332_097.png
20260807_214337_194,2026-08-07 21:43:37,False,10000,475,0.0,0,0.55,0.5,0.3,0,0.5,10,9.5,10,rrt_20260807_214337_194.png
20260807_214338_106,2026-08-07 21:43:38,True,1015,148,17.600000000000005,33,0.55,0.5,0.3,0,0.5,10,9.5,10,rrt_20260807_214338_106.png
20260807_214338_853,2026-08-07 21:43:38,True,609,111,19.250000000000004,36,0.55,0.5,0.3,0,0.5,10,9.5,10,rrt_20260807_214338_853.png
20260807_214343_371,2026-08-07 21:43:43,False,10000,443,0.0,0,0.55,0.5,0.3,0,0.5,10,9.5,10,rrt_20260807_214343_371.png
20260807_214348_119,2026-08-07 21:43:48,False,10000,458,0.0,0,0.55,0.5,0.3,0,0.5,10,9.5,10,rrt_20260807_214348_119.png
20260807_214349_050,2026-08-07 21:43:49,True,1225,146,18.095219099429425,34,0.55,0.5,0.3,0,0.5,10,9.5,10,rrt_20260807_214349_050.png
20260807_214353_745,2026-08-07 21:43:53,False,10000,474,0.0,0,0.55,0.5,0.3,0,0.5,10,9.5,10,rrt_20260807_214353_745.png
20260807_214358_858,2026-08-07 21:43:58,False,10000,492,0.0,0,0.55,0.5,0.3,0,0.5,10,9.5,10,rrt_20260807_214358_858.png
20260807_214403_053,2026-08-07 21:44:03,False,10000,412,0.0,0,0.55,0.5,0.3,0,0.5,10,9.5,10,rrt_20260807_214403_053.png
20260807_214404_499,2026-08-07 21:44:04,True,2909,253,18.096296857589795,34,0.55,0.5,0.3,0,0.5,10,9.5,10,rrt_20260807_214404_499.png
20260807_214409_372,2026-08-07 21:44:09,False,10000,444,0.0,0,0.55,0.5,0.3,0,0.5,10,9.5,10,rrt_20260807_214409_372.png
20260807_214412_681,2026-08-07 21:44:12,False,10000,302,0.0,0,0.55,0.5,0.3,0,0.5,10,9.5,10,rrt_20260807_214412_681.png
20260807_214417_557,2026-08-07 21:44:17,False,10000,454,0.0,0,0.55,0.5,0.3,0,0.5,10,9.5,10,rrt_20260807_214417_557.png
20260807_214422_423,2026-08-07 21:44:22,False,10000,426,0.0,0,0.55,0.5,0.3,0,0.5,10,9.5,10,rrt_20260807_214422_423.png
20260807_214423_432,2026-08-07 21:44:23,True,773,157,17.050000000000004,32,0.55,0.5,0.3,0,0.5,10,9.5,10,rrt_20260807_214423_432.png
20260807_214428_958,2026-08-07 21:44:28,False,10000,488,0.0,0,0.55,0.5,0.3,0,0.5,10,9.5,10,rrt_20260807_214428_958.png
20260807_214434_026,2026-08-07 21:44:34,False,10000,438,0.0,0,0.55,0.5,0.3,0,0.5,10,9.5,10,rrt_20260807_214434_026.png
20260807_214438_324,2026-08-07 21:44:38,False,10000,440,0.0,0,0.55,0.5,0.3,0,0.5,10,9.5,10,rrt_20260807_214438_324.png
20260807_214439_168,2026-08-07 21:44:39,True,643,99,18.150000000000006,34,0.55,0.5,0.3,0,0.5,10,9.5,10,rrt_20260807_214439_168.png
20260807_214443_369,2026-08-07 21:44:43,False,10000,410,0.0,0,0.55,0.5,0.3,0,0.5,10,9.5,10,rrt_20260807_214443_369.png
20260807_214446_854,2026-08-07 21:44:46,False,10000,320,0.0,0,0.55,0.5,0.3,0,0.5,10,9.5,10,rrt_20260807_214446_854.png
20260807_214450_663,2026-08-07 21:44:50,False,10000,360,0.0,0,0.55,0.5,0.3,0,0.5,10,9.5,10,rrt_20260807_214450_663.png
20260807_214455_257,2026-08-07 21:44:55,False,10000,450,0.0,0,0.55,0.5,0.3,0,0.5,10,9.5,10,rrt_20260807_214455_257.png
20260807_214500_173,2026-08-07 21:45:00,False,10000,463,0.0,0,0.55,0.5,0.3,0,0.5,10,9.5,10,rrt_20260807_214500_173.png
20260807_214505_467,2026-08-07 21:45:05,False,10000,476,0.0,0,0.55,0.5,0.3,0,0.5,10,9.5,10,rrt_20260807_214505_467.png
20260807_214510_708,2026-08-07 21:45:10,False,10000,527,0.0,0,0.55,0.6,0.3,0,0.5,10,9.5,10,rrt_20260807_214510_708.png
20260807_214511_541,2026-08-07 21:45:11,True,453,90,19.160611302777657,36,0.55,0.6,0.3,0,0.5,10,9.5,10,rrt_20260807_214511_541.png
20260807_214516_686,2026-08-07 21:45:16,False,10000,518,0.0,0,0.55,0.6,0.3,0,0.5,10,9.5,10,rrt_20260807_214516_686.png
20260807_214521_016,2026-08-07 21:45:21,False,10000,363,0.0,0,0.55,0.6,0.3,0,0.5,10,9.5,10,rrt_20260807_214521_016.png
20260807_214526_061,2026-08-07 21:45:26,False,10000,469,0.0,0,0.55,0.6,0.3,0,0.5,10,9.5,10,rrt_20260807_214526_061.png
20260807_214526_932,2026-08-07 21:45:26,True,515,118,18.15000000000001,34,0.55,0.6,0.3,0,0.5,10,9.5,10,rrt_20260807_214526_932.png
20260807_214527_646,2026-08-07 21:45:27,True,369,87,17.927745051391064,34,0.55,0.6,0.3,0,0.5,10,9.5,10,rrt_20260807_214527_646.png
20260807_214531_685,2026-08-07 21:45:31,False,10000,401,0.0,0,0.55,0.6,0.3,0,0.5,10,9.5,10,rrt_20260807_214531_685.png
20260807_214537_149,2026-08-07 21:45:37,False,10000,519,0.0,0,0.55,0.6,0.3,0,0.5,10,9.5,10,rrt_20260807_214537_149.png
20260807_214538_132,2026-08-07 21:45:38,True,1848,120,18.70000000000001,35,0.55,0.6,0.3,0,0.5,10,9.5,10,rrt_20260807_214538_132.png
20260807_214538_972,2026-08-07 21:45:38,True,1314,157,21.06979765910087,40,0.55,0.6,0.3,0,0.5,10,9.5,10,rrt_20260807_214538_972.png
20260807_214539_679,2026-08-07 21:45:39,True,390,92,18.700000000000006,35,0.55,0.6,0.3,0,0.5,10,9.5,10,rrt_20260807_214539_679.png
20260807_214540_439,2026-08-07 21:45:40,True,857,131,17.7679325652092,34,0.55,0.6,0.3,0,0.5,10,9.5,10,rrt_20260807_214540_439.png
20260807_214545_267,2026-08-07 21:45:45,False,10000,504,0.0,0,0.55,0.6,0.3,0,0.5,10,9.5,10,rrt_20260807_214545_267.png
20260807_214546_915,2026-08-07 21:45:46,True,3501,272,26.941189972203997,50,0.55,0.6,0.3,0,0.5,10,9.5,10,rrt_20260807_214546_915.png
20260807_214550_444,2026-08-07 21:45:50,False,10000,326,0.0,0,0.55,0.6,0.3,0,0.5,10,9.5,10,rrt_20260807_214550_444.png
20260807_214555_586,2026-08-07 21:45:55,False,10000,526,0.0,0,0.55,0.6,0.3,0,0.5,10,9.5,10,rrt_20260807_214555_586.png
20260807_214557_061,2026-08-07 21:45:57,True,565,91,16.808659478694025,32,0.55,0.6,0.3,0,0.5,10,9.5,10,rrt_20260807_214557_061.png
20260807_214600_910,2026-08-07 21:46:00,False,10000,342,0.0,0,0.55,0.6,0.3,0,0.5,10,9.5,10,rrt_20260807_214600_910.png
20260807_214602_251,2026-08-07 21:46:02,True,437,114,16.998674593349207,32,0.55,0.6,0.3,0,0.5,10,9.5,10,rrt_20260807_214602_251.png
20260807_214602_984,2026-08-07 21:46:02,True,363,84,16.500000000000004,31,0.55,0.6,0.3,0,0.5,10,9.5,10,rrt_20260807_214602_984.png
20260807_214603_945,2026-08-07 21:46:03,True,1108,134,20.21683587938168,38,0.55,0.6,0.3,0,0.5,10,9.5,10,rrt_20260807_214603_945.png
20260807_214604_768,2026-08-07 21:46:04,True,946,121,17.973776916678574,34,0.55,0.6,0.3,0,0.5,10,9.5,10,rrt_20260807_214604_768.png
20260807_214605_575,2026-08-07 21:46:05,True,759,150,18.70000000000001,35,0.55,0.6,0.3,0,0.5,10,9.5,10,rrt_20260807_214605_575.png
20260807_214610_640,2026-08-07 21:46:10,False,10000,512,0.0,0,0.55,0.6,0.3,0,0.5,10,9.5,10,rrt_20260807_214610_640.png
20260807_214615_860,2026-08-07 21:46:15,False,10000,519,0.0,0,0.55,0.6,0.3,0,0.5,10,9.5,10,rrt_20260807_214615_860.png
20260807_214621_904,2026-08-07 21:46:21,False,10000,551,0.0,0,0.55,0.6,0.3,0,0.5,10,9.5,10,rrt_20260807_214621_904.png
20260807_214626_146,2026-08-07 21:46:26,False,10000,403,0.0,0,0.55,0.6,0.3,0,0.5,10,9.5,10,rrt_20260807_214626_146.png
20260807_214630_406,2026-08-07 21:46:30,False,10000,424,0.0,0,0.55,0.6,0.3,0,0.5,10,9.5,10,rrt_20260807_214630_406.png
20260807_214635_561,2026-08-07 21:46:35,False,10000,521,0.0,0,0.55,0.6,0.3,0,0.5,10,9.5,10,rrt_20260807_214635_561.png
20260807_214636_608,2026-08-07 21:46:36,True,405,97,17.050000000000008,32,0.55,0.6,0.3,0,0.5,10,9.5,10,rrt_20260807_214636_608.png
20260807_214640_246,2026-08-07 21:46:40,False,10000,340,0.0,0,0.55,0.6,0.3,0,0.5,10,9.5,10,rrt_20260807_214640_246.png
20260807_214644_258,2026-08-07 21:46:44,False,10000,375,0.0,0,0.55,0.6,0.3,0,0.5,10,9.5,10,rrt_20260807_214644_258.png
20260807_214649_635,2026-08-07 21:46:49,False,10000,543,0.0,0,0.55,0.6,0.3,0,0.5,10,9.5,10,rrt_20260807_214649_635.png
20260807_214650_867,2026-08-07 21:46:50,True,330,78,17.050000000000008,32,0.55,0.6,0.3,0,0.5,10,9.5,10,rrt_20260807_214650_867.png
20260807_214652_142,2026-08-07 21:46:52,True,1509,170,20.115496128731223,38,0.55,0.6,0.3,0,0.5,10,9.5,10,rrt_20260807_214652_142.png
20260807_214653_490,2026-08-07 21:46:53,True,2422,237,18.70000000000001,35,0.55,0.6,0.3,0,0.5,10,9.5,10,rrt_20260807_214653_490.png
20260807_214654_384,2026-08-07 21:46:54,True,721,130,18.700000000000003,35,0.55,0.6,0.3,0,0.5,10,9.5,10,rrt_20260807_214654_384.png
20260807_214659_757,2026-08-07 21:46:59,False,10000,552,0.0,0,0.55,0.6,0.3,0,0.5,10,9.5,10,rrt_20260807_214659_757.png
20260807_214701_124,2026-08-07 21:47:01,True,981,164,18.700000000000006,35,0.55,0.6,0.3,0,0.5,10,9.5,10,rrt_20260807_214701_124.png
20260807_214701_913,2026-08-07 21:47:01,True,408,75,18.150000000000013,34,0.55,0.6,0.3,0,0.5,10,9.5,10,rrt_20260807_214701_913.png
20260807_214702_705,2026-08-07 21:47:02,True,759,128,22.451631452424316,42,0.55,0.6,0.3,0,0.5,10,9.5,10,rrt_20260807_214702_705.png
20260807_214707_562,2026-08-07 21:47:07,False,10000,498,0.0,0,0.55,0.6,0.3,0,0.5,10,9.5,10,rrt_20260807_214707_562.png
20260807_214708_645,2026-08-07 21:47:08,True,1343,182,18.150000000000013,34,0.55,0.6,0.3,0,0.5,10,9.5,10,rrt_20260807_214708_645.png
20260807_214713_986,2026-08-07 21:47:13,False,10000,465,0.0,0,0.55,0.6,0.3,0,0.5,10,9.5,10,rrt_20260807_214713_986.png
20260807_214718_632,2026-08-07 21:47:18,False,10000,456,0.0,0,0.55,0.6,0.3,0,0.5,10,9.5,10,rrt_20260807_214718_632.png
20260807_214719_483,2026-08-07 21:47:19,True,339,108,17.050000000000008,32,0.55,0.6,0.3,0,0.5,10,9.5,10,rrt_20260807_214719_483.png
20260807_214720_512,2026-08-07 21:47:20,True,1567,200,19.205753286994547,36,0.55,0.6,0.3,0,0.5,10,9.5,10,rrt_20260807_214720_512.png
20260807_214726_180,2026-08-07 21:47:26,False,10000,531,0.0,0,0.55,0.6,0.3,0,0.5,10,9.5,10,rrt_20260807_214726_180.png
20260807_214731_447,2026-08-07 21:47:31,False,10000,531,0.0,0,0.55,0.6,0.3,0,0.5,10,9.5,10,rrt_20260807_214731_447.png
20260807_214736_765,2026-08-07 21:47:36,False,10000,511,0.0,0,0.55,0.6,0.3,0,0.5,10,9.5,10,rrt_20260807_214736_765.png
20260807_214737_653,2026-08-07 21:47:37,True,512,87,18.15000000000001,34,0.55,0.6,0.3,0,0.5,10,9.5,10,rrt_20260807_214737_653.png
20260807_214742_757,2026-08-07 21:47:42,False,10000,499,0.0,0,0.55,0.6,0.3,0,0.5,10,9.5,10,rrt_20260807_214742_757.png
20260807_214744_287,2026-08-07 21:47:44,True,896,133,19.778346535882847,37,0.55,0.6,0.3,0,0.5,10,9.5,10,rrt_20260807_214744_287.png
20260807_214749_267,2026-08-07 21:47:49,False,10000,515,0.0,0,0.55,0.6,0.3,0,0.5,10,9.5,10,rrt_20260807_214749_267.png
20260807_214750_106,2026-08-07 21:47:50,True,348,96,17.600000000000012,33,0.55,0.6,0.3,0,0.5,10,9.5,10,rrt_20260807_214750_106.png
20260807_214755_136,2026-08-07 21:47:55,False,10000,525,0.0,0,0.55,0.6,0.3,0,0.5,10,9.5,10,rrt_20260807_214755_136.png
20260807_214800_318,2026-08-07 21:48:00,False,10000,508,0.0,0,0.55,0.6,0.3,0,0.5,10,9.5,10,rrt_20260807_214800_318.png
20260807_214801_753,2026-08-07 21:48:01,True,629,122,18.686302022817575,35,0.55,0.6,0.3,0,0.5,10,9.5,10,rrt_20260807_214801_753.png
20260807_214806_419,2026-08-07 21:48:06,False,10000,462,0.0,0,0.55,0.6,0.3,0,0.5,10,9.5,10,rrt_20260807_214806_419.png
20260807_214807_292,2026-08-07 21:48:07,True,704,123,19.25000000000001,36,0.55,0.6,0.3,0,0.5,10,9.5,10,rrt_20260807_214807_292.png
20260807_214808_399,2026-08-07 21:48:08,True,405,86,18.112635866143034,34,0.55,0.6,0.3,0,0.5,10,9.5,10,rrt_20260807_214808_399.png
20260807_214809_210,2026-08-07 21:48:09,True,678,135,17.6,33,0.55,0.6,0.3,0,0.5,10,9.5,10,rrt_20260807_214809_210.png
20260807_214810_093,2026-08-07 21:48:10,True,238,67,19.25000000000001,36,0.55,0.6,0.3,0,0.5,10,9.5,10,rrt_20260807_214810_093.png
20260807_214810_855,2026-08-07 21:48:10,True,807,124,20.084320057965204,38,0.55,0.6,0.3,0,0.5,10,9.5,10,rrt_20260807_214810_855.png
20260807_214811_679,2026-08-07 21:48:11,True,826,165,17.01097689868255,32,0.55,0.6,0.3,0,0.5,10,9.5,10,rrt_20260807_214811_679.png
20260807_214815_546,2026-08-07 21:48:15,False,10000,370,0.0,0,0.55,0.6,0.3,0,0.5,10,9.5,10,rrt_20260807_214815_546.png
20260807_214821_025,2026-08-07 21:48:21,False,10000,554,0.0,0,0.55,0.6,0.3,0,0.5,10,9.5,10,rrt_20260807_214821_025.png
20260807_214826_415,2026-08-07 21:48:26,False,10000,518,0.0,0,0.55,0.6,0.3,0,0.5,10,9.5,10,rrt_20260807_214826_415.png
20260807_214827_332,2026-08-07 21:48:27,True,962,135,19.159144730898777,36,0.55,0.6,0.3,0,0.5,10,9.5,10,rrt_20260807_214827_332.png
20260807_214832_678,2026-08-07 21:48:32,False,10000,457,0.0,0,0.55,0.6,0.3,0,0.5,10,9.5,10,rrt_20260807_214832_678.png
20260807_214833_676,2026-08-07 21:48:33,True,498,116,18.765331248513146,36,0.55,0.6,0.3,0,0.5,10,9.5,10,rrt_20260807_214833_676.png
20260807_214834_468,2026-08-07 21:48:34,True,828,132,18.682086739508623,35,0.55,0.6,0.3,0,0.5,10,9.5,10,rrt_20260807_214834_468.png
20260807_214835_315,2026-08-07 21:48:35,True,1184,147,19.250000000000007,36,0.55,0.6,0.3,0,0.5,10,9.5,10,rrt_20260807_214835_315.png
20260807_214840_001,2026-08-07 21:48:40,False,10000,457,0.0,0,0.55,0.6,0.3,0,0.5,10,9.5,10,rrt_20260807_214840_001.png
20260807_214844_997,2026-08-07 21:48:44,False,10000,507,0.0,0,0.55,0.6,0.3,0,0.5,10,9.5,10,rrt_20260807_214844_997.png
20260807_214846_676,2026-08-07 21:48:46,True,2028,241,16.942837128434835,32,0.55,0.6,0.3,0,0.5,10,9.5,10,rrt_20260807_214846_676.png
20260807_214851_665,2026-08-07 21:48:51,False,10000,486,0.0,0,0.55,0.6,0.3,0,0.5,10,9.5,10,rrt_20260807_214851_665.png
20260807_214857_055,2026-08-07 21:48:57,False,10000,515,0.0,0,0.55,0.6,0.3,0,0.5,10,9.5,10,rrt_20260807_214857_055.png
20260807_214858_436,2026-08-07 21:48:58,True,1133,170,18.064419730946966,34,0.55,0.6,0.3,0,0.5,10,9.5,10,rrt_20260807_214858_436.png
20260807_214859_200,2026-08-07 21:48:59,True,650,119,19.800000000000015,37,0.55,0.6,0.3,0,0.5,10,9.5,10,rrt_20260807_214859_200.png
20260807_214900_015,2026-08-07 21:49:00,True,1035,138,19.8,37,0.55,0.6,0.3,0,0.5,10,9.5,10,rrt_20260807_214900_015.png
20260807_214905_382,2026-08-07 21:49:05,False,10000,527,0.0,0,0.55,0.6,0.3,0,0.5,10,9.5,10,rrt_20260807_214905_382.png
20260807_214909_095,2026-08-07 21:49:09,False,10000,329,0.0,0,0.55,0.6,0.3,0,0.5,10,9.5,10,rrt_20260807_214909_095.png
20260807_214909_959,2026-08-07 21:49:09,True,661,133,17.948780559929162,34,0.55,0.6,0.3,0,0.5,10,9.5,10,rrt_20260807_214909_959.png
20260807_214910_724,2026-08-07 21:49:10,True,607,129,17.70953685234701,34,0.55,0.6,0.3,0,0.5,10,9.5,10,rrt_20260807_214910_724.png
20260807_214911_455,2026-08-07 21:49:11,True,508,88,19.78164031116015,37,0.55,0.6,0.3,0,0.5,10,9.5,10,rrt_20260807_214911_455.png
20260807_214912_257,2026-08-07 21:49:12,True,739,140,17.6,33,0.55,0.6,0.3,0,0.5,10,9.5,10,rrt_20260807_214912_257.png
20260807_214913_687,2026-08-07 21:49:13,True,598,113,17.6,33,0.55,0.6,0.3,0,0.5,10,9.5,10,rrt_20260807_214913_687.png
20260807_214919_056,2026-08-07 21:49:19,False,10000,525,0.0,0,0.55,0.6,0.3,0,0.5,10,9.5,10,rrt_20260807_214919_056.png
20260807_214919_941,2026-08-07 21:49:19,True,491,100,17.412851065895616,33,0.55,0.6,0.3,0,0.5,10,9.5,10,rrt_20260807_214919_941.png
20260807_214920_796,2026-08-07 21:49:20,True,207,67,17.6,33,0.55,0.6,0.3,0,0.5,10,9.5,10,rrt_20260807_214920_796.png
20260807_214922_137,2026-08-07 21:49:22,True,942,163,18.15000000000001,34,0.55,0.6,0.3,0,0.5,10,9.5,10,rrt_20260807_214922_137.png
20260807_214922_940,2026-08-07 21:49:22,True,446,74,19.25000000000001,36,0.55,0.6,0.3,0,0.5,10,9.5,10,rrt_20260807_214922_940.png
20260807_214923_890,2026-08-07 21:49:23,True,1142,153,21.86849216031977,41,0.55,0.6,0.3,0,0.5,10,9.5,10,rrt_20260807_214923_890.png
20260807_214929_287,2026-08-07 21:49:29,False,10000,543,0.0,0,0.55,0.6,0.3,0,0.5,10,9.5,10,rrt_20260807_214929_287.png
20260807_214930_483,2026-08-07 21:49:30,True,1669,209,19.80000000000001,37,0.55,0.6,0.3,0,0.5,10,9.5,10,rrt_20260807_214930_483.png
20260807_214931_627,2026-08-07 21:49:31,True,465,110,18.15000000000001,34,0.55,0.6,0.3,0,0.5,10,9.5,10,rrt_20260807_214931_627.png
20260807_214936_586,2026-08-07 21:49:36,False,10000,498,0.0,0,0.55,0.6,0.3,0,0.5,10,9.5,10,rrt_20260807_214936_586.png
20260807_214937_736,2026-08-07 21:49:37,True,811,152,20.900000000000013,39,0.55,0.6,0.3,0,0.5,10,9.5,10,rrt_20260807_214937_736.png
20260807_214943_522,2026-08-07 21:49:43,False,10000,585,0.0,0,0.55,0.7,0.3,0,0.5,10,9.5,10,rrt_20260807_214943_522.png
20260807_214944_397,2026-08-07 21:49:44,True,443,114,18.150000000000002,34,0.55,0.7,0.3,0,0.5,10,9.5,10,rrt_20260807_214944_397.png
20260807_214949_786,2026-08-07 21:49:49,False,10000,570,0.0,0,0.55,0.7,0.3,0,0.5,10,9.5,10,rrt_20260807_214949_786.png
20260807_214950_796,2026-08-07 21:49:50,True,1298,164,17.391249528505284,33,0.55,0.7,0.3,0,0.5,10,9.5,10,rrt_20260807_214950_796.png
20260807_214951_705,2026-08-07 21:49:51,True,1378,173,18.440646414001222,35,0.55,0.7,0.3,0,0.5,10,9.5,10,rrt_20260807_214951_705.png
20260807_214957_039,2026-08-07 21:49:57,False,10000,577,0.0,0,0.55,0.7,0.3,0,0.5,10,9.5,10,rrt_20260807_214957_039.png
20260807_215002_965,2026-08-07 21:50:02,False,10000,514,0.0,0,0.55,0.7,0.3,0,0.5,10,9.5,10,rrt_20260807_215002_965.png
20260807_215007_627,2026-08-07 21:50:07,False,10000,448,0.0,0,0.55,0.7,0.3,0,0.5,10,9.5,10,rrt_20260807_215007_627.png
20260807_215008_535,2026-08-07 21:50:08,True,503,131,18.08657910641924,34,0.55,0.7,0.3,0,0.5,10,9.5,10,rrt_20260807_215008_535.png
20260807_215012_252,2026-08-07 21:50:12,False,10000,371,0.0,0,0.55,0.7,0.3,0,0.5,10,9.5,10,rrt_20260807_215012_252.png
20260807_215018_201,2026-08-07 21:50:18,False,10000,603,0.0,0,0.55,0.7,0.3,0,0.5,10,9.5,10,rrt_20260807_215018_201.png
20260807_215019_132,2026-08-07 21:50:19,True,647,143,18.484039716529086,35,0.55,0.7,0.3,0,0.5,10,9.5,10,rrt_20260807_215019_132.png
20260807_215023_748,2026-08-07 21:50:23,False,10000,465,0.0,0,0.55,0.7,0.3,0,0.5,10,9.5,10,rrt_20260807_215023_748.png
20260807_215025_019,2026-08-07 21:50:25,True,1223,165,17.74986736058433,34,0.55,0.7,0.3,0,0.5,10,9.5,10,rrt_20260807_215025_019.png
20260807_215025_818,2026-08-07 21:50:25,True,860,159,21.97495890161031,42,0.55,0.7,0.3,0,0.5,10,9.5,10,rrt_20260807_215025_818.png
20260807_215026_876,2026-08-07 21:50:26,True,202,67,16.5,31,0.55,0.7,0.3,0,0.5,10,9.5,10,rrt_20260807_215026_876.png
20260807_215031_854,2026-08-07 21:50:31,False,10000,527,0.0,0,0.55,0.7,0.3,0,0.5,10,9.5,10,rrt_20260807_215031_854.png
20260807_215032_723,2026-08-07 21:50:32,True,557,130,16.499999999999993,31,0.55,0.7,0.3,0,0.5,10,9.5,10,rrt_20260807_215032_723.png
20260807_215033_567,2026-08-07 21:50:33,True,1093,175,18.15000000000001,34,0.55,0.7,0.3,0,0.5,10,9.5,10,rrt_20260807_215033_567.png
20260807_215034_319,2026-08-07 21:50:34,True,332,91,19.250000000000007,36,0.55,0.7,0.3,0,0.5,10,9.5,10,rrt_20260807_215034_319.png
20260807_215035_110,2026-08-07 21:50:35,True,413,118,19.80000000000001,37,0.55,0.7,0.3,0,0.5,10,9.5,10,rrt_20260807_215035_110.png
20260807_215039_667,2026-08-07 21:50:39,False,10000,428,0.0,0,0.55,0.7,0.3,0,0.5,10,9.5,10,rrt_20260807_215039_667.png
20260807_215043_768,2026-08-07 21:50:43,False,10000,398,0.0,0,0.55,0.7,0.3,0,0.5,10,9.5,10,rrt_20260807_215043_768.png
20260807_215044_584,2026-08-07 21:50:44,True,537,98,17.15941455411397,33,0.55,0.7,0.3,0,0.5,10,9.5,10,rrt_20260807_215044_584.png
20260807_215050_081,2026-08-07 21:50:50,False,10000,535,0.0,0,0.55,0.7,0.3,0,0.5,10,9.5,10,rrt_20260807_215050_081.png
20260807_215050_956,2026-08-07 21:50:50,True,470,98,17.050000000000008,32,0.55,0.7,0.3,0,0.5,10,9.5,10,rrt_20260807_215050_956.png
20260807_215056_701,2026-08-07 21:50:56,False,10000,622,0.0,0,0.55,0.7,0.3,0,0.5,10,9.5,10,rrt_20260807_215056_701.png
20260807_215101_272,2026-08-07 21:51:01,False,10000,440,0.0,0,0.55,0.7,0.3,0,0.5,10,9.5,10,rrt_20260807_215101_272.png
20260807_215102_158,2026-08-07 21:51:02,True,744,155,18.70000000000001,35,0.55,0.7,0.3,0,0.5,10,9.5,10,rrt_20260807_215102_158.png
20260807_215102_919,2026-08-07 21:51:02,True,567,136,18.700000000000006,35,0.55,0.7,0.3,0,0.5,10,9.5,10,rrt_20260807_215102_919.png
20260807_215103_757,2026-08-07 21:51:03,True,479,119,17.005694200004907,32,0.55,0.7,0.3,0,0.5,10,9.5,10,rrt_20260807_215103_757.png
20260807_215104_901,2026-08-07 21:51:04,True,1106,158,18.130301448111513,34,0.55,0.7,0.3,0,0.5,10,9.5,10,rrt_20260807_215104_901.png
20260807_215106_095,2026-08-07 21:51:06,True,754,152,17.254632717656314,33,0.55,0.7,0.3,0,0.5,10,9.5,10,rrt_20260807_215106_095.png
20260807_215106_831,2026-08-07 21:51:06,True,472,108,18.128377301135647,34,0.55,0.7,0.3,0,0.5,10,9.5,10,rrt_20260807_215106_831.png
20260807_215111_999,2026-08-07 21:51:11,False,10000,510,0.0,0,0.55,0.7,0.3,0,0.5,10,9.5,10,rrt_20260807_215111_999.png
20260807_215112_942,2026-08-07 21:51:12,True,934,134,18.700000000000003,35,0.55,0.7,0.3,0,0.5,10,9.5,10,rrt_20260807_215112_942.png
20260807_215114_741,2026-08-07 21:51:14,True,2464,255,18.635072985906014,35,0.55,0.7,0.3,0,0.5,10,9.5,10,rrt_20260807_215114_741.png
20260807_215115_510,2026-08-07 21:51:15,True,217,100,16.5,31,0.55,0.7,0.3,0,0.5,10,9.5,10,rrt_20260807_215115_510.png
20260807_215120_801,2026-08-07 21:51:20,False,10000,552,0.0,0,0.55,0.7,0.3,0,0.5,10,9.5,10,rrt_20260807_215120_801.png
20260807_215126_761,2026-08-07 21:51:26,False,10000,612,0.0,0,0.55,0.7,0.3,0,0.5,10,9.5,10,rrt_20260807_215126_761.png
20260807_215132_698,2026-08-07 21:51:32,False,10000,554,0.0,0,0.55,0.7,0.3,0,0.5,10,9.5,10,rrt_20260807_215132_698.png
20260807_215139_687,2026-08-07 21:51:39,False,10000,627,0.0,0,0.55,0.7,0.3,0,0.5,10,9.5,10,rrt_20260807_215139_687.png
20260807_215141_393,2026-08-07 21:51:41,True,1865,226,20.350000000000005,38,0.55,0.7,0.3,0,0.5,10,9.5,10,rrt_20260807_215141_393.png
20260807_215146_062,2026-08-07 21:51:46,False,10000,433,0.0,0,0.55,0.7,0.3,0,0.5,10,9.5,10,rrt_20260807_215146_062.png
20260807_215147_148,2026-08-07 21:51:47,True,703,127,19.800000000000008,37,0.55,0.7,0.3,0,0.5,10,9.5,10,rrt_20260807_215147_148.png
20260807_215147_977,2026-08-07 21:51:47,True,663,150,18.15000000000001,34,0.55,0.7,0.3,0,0.5,10,9.5,10,rrt_20260807_215147_977.png
20260807_215148_784,2026-08-07 21:51:48,True,440,78,18.33344255193511,35,0.55,0.7,0.3,0,0.5,10,9.5,10,rrt_20260807_215148_784.png
20260807_215154_938,2026-08-07 21:51:54,False,10000,592,0.0,0,0.55,0.7,0.3,0,0.5,10,9.5,10,rrt_20260807_215154_938.png
20260807_215200_640,2026-08-07 21:52:00,False,10000,558,0.0,0,0.55,0.7,0.3,0,0.5,10,9.5,10,rrt_20260807_215200_640.png
20260807_215202_206,2026-08-07 21:52:02,True,1470,200,18.699999999999996,35,0.55,0.7,0.3,0,0.5,10,9.5,10,rrt_20260807_215202_206.png
20260807_215203_382,2026-08-07 21:52:03,True,594,138,17.803505892552696,34,0.55,0.7,0.3,0,0.5,10,9.5,10,rrt_20260807_215203_382.png
20260807_215204_356,2026-08-07 21:52:04,True,937,149,20.152184280773874,38,0.55,0.7,0.3,0,0.5,10,9.5,10,rrt_20260807_215204_356.png
20260807_215205_316,2026-08-07 21:52:05,True,1196,176,19.787713721160337,37,0.55,0.7,0.3,0,0.5,10,9.5,10,rrt_20260807_215205_316.png
20260807_215210_897,2026-08-07 21:52:10,False,10000,597,0.0,0,0.55,0.7,0.3,0,0.5,10,9.5,10,rrt_20260807_215210_897.png
20260807_215211_885,2026-08-07 21:52:11,True,684,137,18.551336243395063,35,0.55,0.7,0.3,0,0.5,10,9.5,10,rrt_20260807_215211_885.png
20260807_215212_751,2026-08-07 21:52:12,True,1084,158,18.524173735855058,35,0.55,0.7,0.3,0,0.5,10,9.5,10,rrt_20260807_215212_751.png
20260807_215213_639,2026-08-07 21:52:13,True,172,57,19.80000000000001,37,0.55,0.7,0.3,0,0.5,10,9.5,10,rrt_20260807_215213_639.png
20260807_215214_416,2026-08-07 21:52:14,True,277,94,18.263885220474837,35,0.55,0.7,0.3,0,0.5,10,9.5,10,rrt_20260807_215214_416.png
20260807_215215_154,2026-08-07 21:52:15,True,255,92,16.99070205286297,32,0.55,0.7,0.3,0,0.5,10,9.5,10,rrt_20260807_215215_154.png
20260807_215221_794,2026-08-07 21:52:21,False,10000,643,0.0,0,0.55,0.7,0.3,0,0.5,10,9.5,10,rrt_20260807_215221_794.png
20260807_215227_448,2026-08-07 21:52:27,False,10000,580,0.0,0,0.55,0.7,0.3,0,0.5,10,9.5,10,rrt_20260807_215227_448.png
20260807_215228_664,2026-08-07 21:52:28,True,822,163,17.049999999999997,32,0.55,0.7,0.3,0,0.5,10,9.5,10,rrt_20260807_215228_664.png
20260807_215234_379,2026-08-07 21:52:34,False,10000,581,0.0,0,0.55,0.7,0.3,0,0.5,10,9.5,10,rrt_20260807_215234_379.png
20260807_215240_180,2026-08-07 21:52:40,False,10000,620,0.0,0,0.55,0.7,0.3,0,0.5,10,9.5,10,rrt_20260807_215240_180.png
20260807_215241_042,2026-08-07 21:52:41,True,498,101,18.150000000000006,34,0.55,0.7,0.3,0,0.5,10,9.5,10,rrt_20260807_215241_042.png
20260807_215247_390,2026-08-07 21:52:47,False,10000,608,0.0,0,0.55,0.7,0.3,0,0.5,10,9.5,10,rrt_20260807_215247_390.png
20260807_215248_532,2026-08-07 21:52:48,True,1243,207,20.306515534434954,38,0.55,0.7,0.3,0,0.5,10,9.5,10,rrt_20260807_215248_532.png
20260807_215249_528,2026-08-07 21:52:49,True,996,153,20.731304972141498,39,0.55,0.7,0.3,0,0.5,10,9.5,10,rrt_20260807_215249_528.png
20260807_215255_298,2026-08-07 21:52:55,False,10000,561,0.0,0,0.55,0.7,0.3,0,0.5,10,9.5,10,rrt_20260807_215255_298.png
20260807_215300_905,2026-08-07 21:53:00,False,10000,564,0.0,0,0.55,0.7,0.3,0,0.5,10,9.5,10,rrt_20260807_215300_905.png
20260807_215306_559,2026-08-07 21:53:06,False,10000,576,0.0,0,0.55,0.7,0.3,0,0.5,10,9.5,10,rrt_20260807_215306_559.png
20260807_215312_569,2026-08-07 21:53:12,False,10000,616,0.0,0,0.55,0.7,0.3,0,0.5,10,9.5,10,rrt_20260807_215312_569.png
20260807_215317_063,2026-08-07 21:53:17,False,10000,450,0.0,0,0.55,0.7,0.3,0,0.5,10,9.5,10,rrt_20260807_215317_063.png
20260807_215318_075,2026-08-07 21:53:18,True,1054,146,17.049999999999997,32,0.55,0.7,0.3,0,0.5,10,9.5,10,rrt_20260807_215318_075.png
20260807_215318_884,2026-08-07 21:53:18,True,698,145,17.46600070122932,33,0.55,0.7,0.3,0,0.5,10,9.5,10,rrt_20260807_215318_884.png
20260807_215319_750,2026-08-07 21:53:19,True,479,107,17.976449175314716,34,0.55,0.7,0.3,0,0.5,10,9.5,10,rrt_20260807_215319_750.png
20260807_215325_427,2026-08-07 21:53:25,False,10000,579,0.0,0,0.55,0.7,0.3,0,0.5,10,9.5,10,rrt_20260807_215325_427.png
20260807_215331_838,2026-08-07 21:53:31,False,10000,582,0.0,0,0.55,0.7,0.3,0,0.5,10,9.5,10,rrt_20260807_215331_838.png
20260807_215337_753,2026-08-07 21:53:37,False,10000,606,0.0,0,0.55,0.7,0.3,0,0.5,10,9.5,10,rrt_20260807_215337_753.png
20260807_215343_842,2026-08-07 21:53:43,False,10000,601,0.0,0,0.55,0.7,0.3,0,0.5,10,9.5,10,rrt_20260807_215343_842.png
20260807_215349_831,2026-08-07 21:53:49,False,10000,533,0.0,0,0.55,0.7,0.3,0,0.5,10,9.5,10,rrt_20260807_215349_831.png
20260807_215355_727,2026-08-07 21:53:55,False,10000,629,0.0,0,0.55,0.7,0.3,0,0.5,10,9.5,10,rrt_20260807_215355_727.png
20260807_215356_688,2026-08-07 21:53:56,True,366,103,18.07989487318254,34,0.55,0.7,0.3,0,0.5,10,9.5,10,rrt_20260807_215356_688.png
20260807_215357_615,2026-08-07 21:53:57,True,1048,149,20.97761093709837,40,0.55,0.7,0.3,0,0.5,10,9.5,10,rrt_20260807_215357_615.png
20260807_215358_613,2026-08-07 21:53:58,True,511,111,17.599999999999998,33,0.55,0.7,0.3,0,0.5,10,9.5,10,rrt_20260807_215358_613.png
20260807_215404_235,2026-08-07 21:54:04,False,10000,563,0.0,0,0.55,0.7,0.3,0,0.5,10,9.5,10,rrt_20260807_215404_235.png
20260807_215411_217,2026-08-07 21:54:11,False,10000,559,0.0,0,0.55,0.7,0.3,0,0.5,10,9.5,10,rrt_20260807_215411_217.png
20260807_215412_184,2026-08-07 21:54:12,True,233,83,18.53712772034379,35,0.55,0.7,0.3,0,0.5,10,9.5,10,rrt_20260807_215412_184.png
20260807_215413_033,2026-08-07 21:54:13,True,633,136,17.568967193539375,33,0.55,0.7,0.3,0,0.5,10,9.5,10,rrt_20260807_215413_033.png
20260807_215414_018,2026-08-07 21:54:14,True,794,145,21.213312784163598,40,0.55,0.7,0.3,0,0.5,10,9.5,10,rrt_20260807_215414_018.png
20260807_215419_967,2026-08-07 21:54:19,False,10000,601,0.0,0,0.55,0.7,0.3,0,0.5,10,9.5,10,rrt_20260807_215419_967.png
20260807_215425_943,2026-08-07 21:54:25,False,10000,605,0.0,0,0.55,0.7,0.3,0,0.5,10,9.5,10,rrt_20260807_215425_943.png
20260807_215427_232,2026-08-07 21:54:27,True,623,124,17.6,33,0.55,0.7,0.3,0,0.5,10,9.5,10,rrt_20260807_215427_232.png
20260807_215428_719,2026-08-07 21:54:28,True,320,101,17.48340869322135,33,0.55,0.7,0.3,0,0.5,10,9.5,10,rrt_20260807_215428_719.png
20260807_215435_596,2026-08-07 21:54:35,False,10000,582,0.0,0,0.55,0.7,0.3,0,0.5,10,9.5,10,rrt_20260807_215435_596.png
20260807_215437_682,2026-08-07 21:54:37,True,947,147,18.541582363494534,35,0.55,0.7,0.3,0,0.5,10,9.5,10,rrt_20260807_215437_682.png
20260807_215443_174,2026-08-07 21:54:43,False,10000,542,0.0,0,0.55,0.7,0.3,0,0.5,10,9.5,10,rrt_20260807_215443_174.png
20260807_215444_159,2026-08-07 21:54:44,True,234,89,17.01171107919859,32,0.55,0.7,0.3,0,0.5,10,9.5,10,rrt_20260807_215444_159.png
20260807_215449_164,2026-08-07 21:54:49,False,10000,509,0.0,0,0.55,0.7,0.3,0,0.5,10,9.5,10,rrt_20260807_215449_164.png
20260807_215450_122,2026-08-07 21:54:50,True,657,129,17.894853235463504,34,0.55,0.7,0.3,0,0.5,10,9.5,10,rrt_20260807_215450_122.png
20260807_215450_910,2026-08-07 21:54:50,True,328,107,18.671675257538553,35,0.55,0.8,0.3,0,0.5,10,9.5,10,rrt_20260807_215450_910.png
20260807_215451_732,2026-08-07 21:54:51,True,699,148,20.90000000000001,39,0.55,0.8,0.3,0,0.5,10,9.5,10,rrt_20260807_215451_732.png
20260807_215452_630,2026-08-07 21:54:52,True,808,185,18.700000000000006,35,0.55,0.8,0.3,0,0.5,10,9.5,10,rrt_20260807_215452_630.png
20260807_215453_929,2026-08-07 21:54:53,True,350,105,17.482656124306025,33,0.55,0.8,0.3,0,0.5,10,9.5,10,rrt_20260807_215453_929.png
20260807_215459_840,2026-08-07 21:54:59,False,10000,582,0.0,0,0.55,0.8,0.3,0,0.5,10,9.5,10,rrt_20260807_215459_840.png
20260807_215500_791,2026-08-07 21:55:00,True,433,103,18.572054884171006,35,0.55,0.8,0.3,0,0.5,10,9.5,10,rrt_20260807_215500_791.png
20260807_215507_042,2026-08-07 21:55:07,False,10000,651,0.0,0,0.55,0.8,0.3,0,0.5,10,9.5,10,rrt_20260807_215507_042.png
20260807_215507_994,2026-08-07 21:55:07,True,507,136,18.01059283727768,34,0.55,0.8,0.3,0,0.5,10,9.5,10,rrt_20260807_215507_994.png
20260807_215514_026,2026-08-07 21:55:14,False,10000,677,0.0,0,0.55,0.8,0.3,0,0.5,10,9.5,10,rrt_20260807_215514_026.png
20260807_215520_467,2026-08-07 21:55:20,False,10000,626,0.0,0,0.55,0.8,0.3,0,0.5,10,9.5,10,rrt_20260807_215520_467.png
20260807_215521_601,2026-08-07 21:55:21,True,964,164,20.805523034407223,39,0.55,0.8,0.3,0,0.5,10,9.5,10,rrt_20260807_215521_601.png
20260807_215526_419,2026-08-07 21:55:26,False,10000,516,0.0,0,0.55,0.8,0.3,0,0.5,10,9.5,10,rrt_20260807_215526_419.png
20260807_215533_375,2026-08-07 21:55:33,False,10000,678,0.0,0,0.55,0.8,0.3,0,0.5,10,9.5,10,rrt_20260807_215533_375.png
20260807_215534_242,2026-08-07 21:55:34,True,475,102,17.600000000000005,33,0.55,0.8,0.3,0,0.5,10,9.5,10,rrt_20260807_215534_242.png
20260807_215535_001,2026-08-07 21:55:35,True,547,154,17.6,33,0.55,0.8,0.3,0,0.5,10,9.5,10,rrt_20260807_215535_001.png
20260807_215535_794,2026-08-07 21:55:35,True,200,74,19.032150874354045,36,0.55,0.8,0.3,0,0.5,10,9.5,10,rrt_20260807_215535_794.png
20260807_215541_278,2026-08-07 21:55:41,False,10000,598,0.0,0,0.55,0.8,0.3,0,0.5,10,9.5,10,rrt_20260807_215541_278.png
20260807_215542_173,2026-08-07 21:55:42,True,393,104,16.500000000000007,31,0.55,0.8,0.3,0,0.5,10,9.5,10,rrt_20260807_215542_173.png
20260807_215548_110,2026-08-07 21:55:48,False,10000,658,0.0,0,0.55,0.8,0.3,0,0.5,10,9.5,10,rrt_20260807_215548_110.png
20260807_215554_203,2026-08-07 21:55:54,False,10000,668,0.0,0,0.55,0.8,0.3,0,0.5,10,9.5,10,rrt_20260807_215554_203.png
20260807_215555_145,2026-08-07 21:55:55,True,427,95,18.744617260168233,36,0.55,0.8,0.3,0,0.5,10,9.5,10,rrt_20260807_215555_145.png
20260807_215556_404,2026-08-07 21:55:56,True,403,105,18.407830050718307,35,0.55,0.8,0.3,0,0.5,10,9.5,10,rrt_20260807_215556_404.png
20260807_215603_170,2026-08-07 21:56:03,False,10000,673,0.0,0,0.55,0.8,0.3,0,0.5,10,9.5,10,rrt_20260807_215603_170.png
20260807_215604_546,2026-08-07 21:56:04,True,333,100,17.48983391925249,33,0.55,0.8,0.3,0,0.5,10,9.5,10,rrt_20260807_215604_546.png
20260807_215606_212,2026-08-07 21:56:06,True,839,146,19.80000000000001,37,0.55,0.8,0.3,0,0.5,10,9.5,10,rrt_20260807_215606_212.png
20260807_215607_147,2026-08-07 21:56:07,True,758,167,19.05585861501637,36,0.55,0.8,0.3,0,0.5,10,9.5,10,rrt_20260807_215607_147.png
20260807_215607_897,2026-08-07 21:56:07,True,379,110,18.910825850678698,36,0.55,0.8,0.3,0,0.5,10,9.5,10,rrt_20260807_215607_897.png
20260807_215612_622,2026-08-07 21:56:12,False,10000,486,0.0,0,0.55,0.8,0.3,0,0.5,10,9.5,10,rrt_20260807_215612_622.png
20260807_215614_118,2026-08-07 21:56:14,True,443,114,17.936776313544854,34,0.55,0.8,0.3,0,0.5,10,9.5,10,rrt_20260807_215614_118.png
20260807_215615_050,2026-08-07 21:56:15,True,549,122,17.9324318402228,34,0.55,0.8,0.3,0,0.5,10,9.5,10,rrt_20260807_215615_050.png
20260807_215620_176,2026-08-07 21:56:20,False,10000,444,0.0,0,0.55,0.8,0.3,0,0.5,10,9.5,10,rrt_20260807_215620_176.png
20260807_215625_984,2026-08-07 21:56:25,False,10000,585,0.0,0,0.55,0.8,0.3,0,0.5,10,9.5,10,rrt_20260807_215625_984.png
20260807_215632_272,2026-08-07 21:56:32,False,10000,662,0.0,0,0.55,0.8,0.3,0,0.5,10,9.5,10,rrt_20260807_215632_272.png
20260807_215638_974,2026-08-07 21:56:38,False,10000,690,0.0,0,0.55,0.8,0.3,0,0.5,10,9.5,10,rrt_20260807_215638_974.png
20260807_215644_327,2026-08-07 21:56:44,False,10000,550,0.0,0,0.55,0.8,0.3,0,0.5,10,9.5,10,rrt_20260807_215644_327.png
20260807_215645_708,2026-08-07 21:56:45,True,1198,174,19.800000000000008,37,0.55,0.8,0.3,0,0.5,10,9.5,10,rrt_20260807_215645_708.png
20260807_215646_473,2026-08-07 21:56:46,True,294,116,17.415084687040633,33,0.55,0.8,0.3,0,0.5,10,9.5,10,rrt_20260807_215646_473.png
20260807_215652_556,2026-08-07 21:56:52,False,10000,658,0.0,0,0.55,0.8,0.3,0,0.5,10,9.5,10,rrt_20260807_215652_556.png
20260807_215657_586,2026-08-07 21:56:57,False,10000,496,0.0,0,0.55,0.8,0.3,0,0.5,10,9.5,10,rrt_20260807_215657_586.png
20260807_215703_341,2026-08-07 21:57:03,False,10000,407,0.0,0,0.55,0.8,0.3,0,0.5,10,9.5,10,rrt_20260807_215703_341.png
20260807_215704_515,2026-08-07 21:57:04,True,828,169,18.15,34,0.55,0.8,0.3,0,0.5,10,9.5,10,rrt_20260807_215704_515.png
20260807_215710_515,2026-08-07 21:57:10,False,10000,556,0.0,0,0.55,0.8,0.3,0,0.5,10,9.5,10,rrt_20260807_215710_515.png
20260807_215711_523,2026-08-07 21:57:11,True,705,138,17.599999999999998,33,0.55,0.8,0.3,0,0.5,10,9.5,10,rrt_20260807_215711_523.png
20260807_215712_385,2026-08-07 21:57:12,True,1048,156,19.25000000000001,36,0.55,0.8,0.3,0,0.5,10,9.5,10,rrt_20260807_215712_385.png
20260807_215713_198,2026-08-07 21:57:13,True,514,129,18.062239675269538,34,0.55,0.8,0.3,0,0.5,10,9.5,10,rrt_20260807_215713_198.png
20260807_215714_063,2026-08-07 21:57:14,True,468,131,18.150000000000006,34,0.55,0.8,0.3,0,0.5,10,9.5,10,rrt_20260807_215714_063.png
20260807_215714_818,2026-08-07 21:57:14,True,341,104,20.297042317978224,38,0.55,0.8,0.3,0,0.5,10,9.5,10,rrt_20260807_215714_818.png
20260807_215715_532,2026-08-07 21:57:15,True,386,108,19.09409249907585,36,0.55,0.8,0.3,0,0.5,10,9.5,10,rrt_20260807_215715_532.png
20260807_215717_107,2026-08-07 21:57:17,True,410,115,19.250000000000014,36,0.55,0.8,0.3,0,0.5,10,9.5,10,rrt_20260807_215717_107.png
20260807_215718_230,2026-08-07 21:57:18,True,1892,192,18.150000000000006,34,0.55,0.8,0.3,0,0.5,10,9.5,10,rrt_20260807_215718_230.png
20260807_215724_606,2026-08-07 21:57:24,False,10000,658,0.0,0,0.55,0.8,0.3,0,0.5,10,9.5,10,rrt_20260807_215724_606.png
20260807_215730_514,2026-08-07 21:57:30,False,10000,567,0.0,0,0.55,0.8,0.3,0,0.5,10,9.5,10,rrt_20260807_215730_514.png
20260807_215736_819,2026-08-07 21:57:36,False,10000,637,0.0,0,0.55,0.8,0.3,0,0.5,10,9.5,10,rrt_20260807_215736_819.png
20260807_215738_402,2026-08-07 21:57:38,True,969,141,20.308238480071427,38,0.55,0.8,0.3,0,0.5,10,9.5,10,rrt_20260807_215738_402.png
20260807_215739_192,2026-08-07 21:57:39,True,331,101,16.889316817282218,32,0.55,0.8,0.3,0,0.5,10,9.5,10,rrt_20260807_215739_192.png
20260807_215740_011,2026-08-07 21:57:40,True,141,59,16.500000000000007,31,0.55,0.8,0.3,0,0.5,10,9.5,10,rrt_20260807_215740_011.png
20260807_215741_161,2026-08-07 21:57:41,True,443,100,17.60000000000001,33,0.55,0.8,0.3,0,0.5,10,9.5,10,rrt_20260807_215741_161.png
20260807_215742_424,2026-08-07 21:57:42,True,1754,237,19.733004858406947,37,0.55,0.8,0.3,0,0.5,10,9.5,10,rrt_20260807_215742_424.png
20260807_215743_289,2026-08-07 21:57:43,True,582,141,17.995001331816656,34,0.55,0.8,0.3,0,0.5,10,9.5,10,rrt_20260807_215743_289.png
20260807_215749_019,2026-08-07 21:57:49,False,10000,593,0.0,0,0.55,0.8,0.3,0,0.5,10,9.5,10,rrt_20260807_215749_019.png
20260807_215750_236,2026-08-07 21:57:50,True,933,141,18.19743100045433,35,0.55,0.8,0.3,0,0.5,10,9.5,10,rrt_20260807_215750_236.png
20260807_215751_006,2026-08-07 21:57:51,True,513,133,18.562914455174784,35,0.55,0.8,0.3,0,0.5,10,9.5,10,rrt_20260807_215751_006.png
20260807_215751_741,2026-08-07 21:57:51,True,400,125,19.250000000000004,36,0.55,0.8,0.3,0,0.5,10,9.5,10,rrt_20260807_215751_741.png
20260807_215752_580,2026-08-07 21:57:52,True,493,127,18.01117091420826,34,0.55,0.8,0.3,0,0.5,10,9.5,10,rrt_20260807_215752_580.png
20260807_215753_669,2026-08-07 21:57:53,True,1607,213,19.757444822397243,37,0.55,0.8,0.3,0,0.5,10,9.5,10,rrt_20260807_215753_669.png
20260807_215758_386,2026-08-07 21:57:58,False,10000,421,0.0,0,0.55,0.8,0.3,0,0.5,10,9.5,10,rrt_20260807_215758_386.png
20260807_215759_222,2026-08-07 21:57:59,True,280,98,18.659535697789423,35,0.55,0.8,0.3,0,0.5,10,9.5,10,rrt_20260807_215759_222.png
20260807_215805_800,2026-08-07 21:58:05,False,10000,729,0.0,0,0.55,0.8,0.3,0,0.5,10,9.5,10,rrt_20260807_215805_800.png
20260807_215811_453,2026-08-07 21:58:11,False,10000,589,0.0,0,0.55,0.8,0.3,0,0.5,10,9.5,10,rrt_20260807_215811_453.png
20260807_215812_587,2026-08-07 21:58:12,True,1291,197,19.816264142514267,38,0.55,0.8,0.3,0,0.5,10,9.5,10,rrt_20260807_215812_587.png
20260807_215813_469,2026-08-07 21:58:13,True,937,176,19.25000000000001,36,0.55,0.8,0.3,0,0.5,10,9.5,10,rrt_20260807_215813_469.png
20260807_215819_631,2026-08-07 21:58:19,False,10000,648,0.0,0,0.55,0.8,0.3,0,0.5,10,9.5,10,rrt_20260807_215819_631.png
20260807_215825_440,2026-08-07 21:58:25,False,10000,633,0.0,0,0.55,0.8,0.3,0,0.5,10,9.5,10,rrt_20260807_215825_440.png
20260807_215826_338,2026-08-07 21:58:26,True,539,115,18.70000000000001,35,0.55,0.8,0.3,0,0.5,10,9.5,10,rrt_20260807_215826_338.png
20260807_215827_500,2026-08-07 21:58:27,True,579,120,18.541334505525306,35,0.55,0.8,0.3,0,0.5,10,9.5,10,rrt_20260807_215827_500.png
20260807_215832_843,2026-08-07 21:58:32,False,10000,578,0.0,0,0.55,0.8,0.3,0,0.5,10,9.5,10,rrt_20260807_215832_843.png
20260807_215839_044,2026-08-07 21:58:39,False,10000,664,0.0,0,0.55,0.8,0.3,0,0.5,10,9.5,10,rrt_20260807_215839_044.png
20260807_215845_781,2026-08-07 21:58:45,False,10000,646,0.0,0,0.55,0.8,0.3,0,0.5,10,9.5,10,rrt_20260807_215845_781.png
20260807_215846_676,2026-08-07 21:58:46,True,488,134,19.80000000000001,37,0.55,0.8,0.3,0,0.5,10,9.5,10,rrt_20260807_215846_676.png
20260807_215847_508,2026-08-07 21:58:47,True,1069,150,20.900000000000013,39,0.55,0.8,0.3,0,0.5,10,9.5,10,rrt_20260807_215847_508.png
20260807_215848_288,2026-08-07 21:58:48,True,321,124,17.41258185441241,33,0.55,0.8,0.3,0,0.5,10,9.5,10,rrt_20260807_215848_288.png
20260807_215849_019,2026-08-07 21:58:49,True,430,116,16.910586611368526,32,0.55,0.8,0.3,0,0.5,10,9.5,10,rrt_20260807_215849_019.png
20260807_215853_660,2026-08-07 21:58:53,False,10000,494,0.0,0,0.55,0.8,0.3,0,0.5,10,9.5,10,rrt_20260807_215853_660.png
20260807_215854_874,2026-08-07 21:58:54,True,361,98,17.050000000000008,32,0.55,0.8,0.3,0,0.5,10,9.5,10,rrt_20260807_215854_874.png
20260807_215855_676,2026-08-07 21:58:55,True,1129,156,21.450000000000014,40,0.55,0.8,0.3,0,0.5,10,9.5,10,rrt_20260807_215855_676.png
20260807_215856_412,2026-08-07 21:58:56,True,447,125,17.915191378673956,34,0.55,0.8,0.3,0,0.5,10,9.5,10,rrt_20260807_215856_412.png
20260807_215857_137,2026-08-07 21:58:57,True,354,86,20.350000000000012,38,0.55,0.8,0.3,0,0.5,10,9.5,10,rrt_20260807_215857_137.png
20260807_215857_966,2026-08-07 21:58:57,True,1062,160,22.969021031911407,43,0.55,0.8,0.3,0,0.5,10,9.5,10,rrt_20260807_215857_966.png
20260807_215858_920,2026-08-07 21:58:58,True,1374,134,20.350000000000012,38,0.55,0.8,0.3,0,0.5,10,9.5,10,rrt_20260807_215858_920.png
20260807_215859_748,2026-08-07 21:58:59,True,653,137,19.216951938797898,36,0.55,0.8,0.3,0,0.5,10,9.5,10,rrt_20260807_215859_748.png
20260807_215900_561,2026-08-07 21:59:00,True,381,109,16.500000000000004,31,0.55,0.8,0.3,0,0.5,10,9.5,10,rrt_20260807_215900_561.png
20260807_215904_561,2026-08-07 21:59:04,False,10000,414,0.0,0,0.55,0.8,0.3,0,0.5,10,9.5,10,rrt_20260807_215904_561.png
20260807_215909_609,2026-08-07 21:59:09,False,10000,480,0.0,0,0.55,0.8,0.3,0,0.5,10,9.5,10,rrt_20260807_215909_609.png
20260807_215910_655,2026-08-07 21:59:10,True,932,171,18.700000000000003,35,0.55,0.8,0.3,0,0.5,10,9.5,10,rrt_20260807_215910_655.png
20260807_215911_560,2026-08-07 21:59:11,True,684,151,20.90000000000001,39,0.55,0.8,0.3,0,0.5,10,9.5,10,rrt_20260807_215911_560.png
20260807_215912_657,2026-08-07 21:59:12,True,687,144,18.64921324004536,35,0.55,0.8,0.3,0,0.5,10,9.5,10,rrt_20260807_215912_657.png
20260807_215913_549,2026-08-07 21:59:13,True,975,158,17.922399642182256,34,0.55,0.8,0.3,0,0.5,10,9.5,10,rrt_20260807_215913_549.png
20260807_215919_205,2026-08-07 21:59:19,False,10000,593,0.0,0,0.55,0.8,0.3,0,0.5,10,9.5,10,rrt_20260807_215919_205.png
20260807_215924_726,2026-08-07 21:59:24,False,10000,539,0.0,0,0.55,0.8,0.3,0,0.5,10,9.5,10,rrt_20260807_215924_726.png
20260807_215925_747,2026-08-07 21:59:25,True,1046,173,19.567787978452184,37,0.55,0.8,0.3,0,0.5,10,9.5,10,rrt_20260807_215925_747.png
20260807_215926_559,2026-08-07 21:59:26,True,348,127,17.942923876069397,34,0.55,0.9,0.3,0,0.5,10,9.5,10,rrt_20260807_215926_559.png
20260807_215933_462,2026-08-07 21:59:33,False,10000,736,0.0,0,0.55,0.9,0.3,0,0.5,10,9.5,10,rrt_20260807_215933_462.png
20260807_215940_651,2026-08-07 21:59:40,False,10000,760,0.0,0,0.55,0.9,0.3,0,0.5,10,9.5,10,rrt_20260807_215940_651.png
20260807_215946_203,2026-08-07 21:59:46,False,10000,562,0.0,0,0.55,0.9,0.3,0,0.5,10,9.5,10,rrt_20260807_215946_203.png
20260807_215947_121,2026-08-07 21:59:47,True,383,94,19.250000000000007,36,0.55,0.9,0.3,0,0.5,10,9.5,10,rrt_20260807_215947_121.png
20260807_215947_868,2026-08-07 21:59:47,True,602,132,18.108163787863052,34,0.55,0.9,0.3,0,0.5,10,9.5,10,rrt_20260807_215947_868.png
20260807_215954_106,2026-08-07 21:59:54,False,10000,670,0.0,0,0.55,0.9,0.3,0,0.5,10,9.5,10,rrt_20260807_215954_106.png
20260807_215955_002,2026-08-07 21:59:55,True,471,145,18.01330737471018,34,0.55,0.9,0.3,0,0.5,10,9.5,10,rrt_20260807_215955_002.png
20260807_220001_188,2026-08-07 22:00:01,False,10000,691,0.0,0,0.55,0.9,0.3,0,0.5,10,9.5,10,rrt_20260807_220001_188.png
20260807_220002_077,2026-08-07 22:00:02,True,389,114,18.700000000000014,35,0.55,0.9,0.3,0,0.5,10,9.5,10,rrt_20260807_220002_077.png
20260807_220003_293,2026-08-07 22:00:03,True,282,94,18.141953330179124,34,0.55,0.9,0.3,0,0.5,10,9.5,10,rrt_20260807_220003_293.png
20260807_220003_984,2026-08-07 22:00:03,True,151,56,15.950000000000001,30,0.55,0.9,0.3,0,0.5,10,9.5,10,rrt_20260807_220003_984.png
20260807_220010_372,2026-08-07 22:00:10,False,10000,662,0.0,0,0.55,0.9,0.3,0,0.5,10,9.5,10,rrt_20260807_220010_372.png
20260807_220011_242,2026-08-07 22:00:11,True,265,114,17.60000000000001,33,0.55,0.9,0.3,0,0.5,10,9.5,10,rrt_20260807_220011_242.png
20260807_220012_121,2026-08-07 22:00:12,True,526,137,16.956968936073576,32,0.55,0.9,0.3,0,0.5,10,9.5,10,rrt_20260807_220012_121.png
20260807_220012_984,2026-08-07 22:00:12,True,951,164,19.800000000000004,37,0.55,0.9,0.3,0,0.5,10,9.5,10,rrt_20260807_220012_984.png
20260807_220019_609,2026-08-07 22:00:19,False,10000,738,0.0,0,0.55,0.9,0.3,0,0.5,10,9.5,10,rrt_20260807_220019_609.png
20260807_220026_570,2026-08-07 22:00:26,False,10000,748,0.0,0,0.55,0.9,0.3,0,0.5,10,9.5,10,rrt_20260807_220026_570.png
20260807_220032_728,2026-08-07 22:00:32,False,10000,667,0.0,0,0.55,0.9,0.3,0,0.5,10,9.5,10,rrt_20260807_220032_728.png
20260807_220038_282,2026-08-07 22:00:38,False,10000,534,0.0,0,0.55,0.9,0.3,0,0.5,10,9.5,10,rrt_20260807_220038_282.png
20260807_220045_327,2026-08-07 22:00:45,False,10000,780,0.0,0,0.55,0.9,0.3,0,0.5,10,9.5,10,rrt_20260807_220045_327.png
20260807_220046_307,2026-08-07 22:00:46,True,138,67,17.050000000000008,32,0.55,0.9,0.3,0,0.5,10,9.5,10,rrt_20260807_220046_307.png
20260807_220047_088,2026-08-07 22:00:47,True,354,117,19.72371390839625,37,0.55,0.9,0.3,0,0.5,10,9.5,10,rrt_20260807_220047_088.png
20260807_220053_676,2026-08-07 22:00:53,False,10000,745,0.0,0,0.55,0.9,0.3,0,0.5,10,9.5,10,rrt_20260807_220053_676.png
20260807_220100_110,2026-08-07 22:01:00,False,10000,689,0.0,0,0.55,0.9,0.3,0,0.5,10,9.5,10,rrt_20260807_220100_110.png
20260807_220101_057,2026-08-07 22:01:01,True,706,178,19.396567315750655,37,0.55,0.9,0.3,0,0.5,10,9.5,10,rrt_20260807_220101_057.png
20260807_220102_297,2026-08-07 22:01:02,True,939,160,17.852030905204437,34,0.55,0.9,0.3,0,0.5,10,9.5,10,rrt_20260807_220102_297.png
20260807_220108_278,2026-08-07 22:01:08,False,10000,610,0.0,0,0.55,0.9,0.3,0,0.5,10,9.5,10,rrt_20260807_220108_278.png
20260807_220109_231,2026-08-07 22:01:09,True,493,149,17.714480031146362,34,0.55,0.9,0.3,0,0.5,10,9.5,10,rrt_20260807_220109_231.png
20260807_220115_441,2026-08-07 22:01:15,False,10000,668,0.0,0,0.55,0.9,0.3,0,0.5,10,9.5,10,rrt_20260807_220115_441.png
20260807_220121_521,2026-08-07 22:01:21,False,10000,638,0.0,0,0.55,0.9,0.3,0,0.5,10,9.5,10,rrt_20260807_220121_521.png
20260807_220122_402,2026-08-07 22:01:22,True,507,134,17.953842238166125,34,0.55,0.9,0.3,0,0.5,10,9.5,10,rrt_20260807_220122_402.png
20260807_220127_275,2026-08-07 22:01:27,False,10000,477,0.0,0,0.55,0.9,0.3,0,0.5,10,9.5,10,rrt_20260807_220127_275.png
20260807_220133_485,2026-08-07 22:01:33,False,10000,700,0.0,0,0.55,0.9,0.3,0,0.5,10,9.5,10,rrt_20260807_220133_485.png
20260807_220134_540,2026-08-07 22:01:34,True,826,181,18.14636921723731,34,0.55,0.9,0.3,0,0.5,10,9.5,10,rrt_20260807_220134_540.png
20260807_220135_320,2026-08-07 22:01:35,True,437,134,21.450000000000017,40,0.55,0.9,0.3,0,0.5,10,9.5,10,rrt_20260807_220135_320.png
20260807_220142_190,2026-08-07 22:01:42,False,10000,706,0.0,0,0.55,0.9,0.3,0,0.5,10,9.5,10,rrt_20260807_220142_190.png
20260807_220148_631,2026-08-07 22:01:48,False,10000,709,0.0,0,0.55,0.9,0.3,0,0.5,10,9.5,10,rrt_20260807_220148_631.png
20260807_220149_583,2026-08-07 22:01:49,True,396,143,20.90000000000001,39,0.55,0.9,0.3,0,0.5,10,9.5,10,rrt_20260807_220149_583.png
20260807_220150_437,2026-08-07 22:01:50,True,933,189,18.150000000000013,34,0.55,0.9,0.3,0,0.5,10,9.5,10,rrt_20260807_220150_437.png
20260807_220151_221,2026-08-07 22:01:51,True,477,155,19.645954113227095,37,0.55,0.9,0.3,0,0.5,10,9.5,10,rrt_20260807_220151_221.png
20260807_220158_244,2026-08-07 22:01:58,False,10000,722,0.0,0,0.55,0.9,0.3,0,0.5,10,9.5,10,rrt_20260807_220158_244.png
20260807_220159_274,2026-08-07 22:01:59,True,305,113,17.050000000000008,32,0.55,0.9,0.3,0,0.5,10,9.5,10,rrt_20260807_220159_274.png
20260807_220200_014,2026-08-07 22:02:00,True,395,117,17.60000000000001,33,0.55,0.9,0.3,0,0.5,10,9.5,10,rrt_20260807_220200_014.png
20260807_220200_931,2026-08-07 22:02:00,True,1116,190,18.15000000000001,34,0.55,0.9,0.3,0,0.5,10,9.5,10,rrt_20260807_220200_931.png
20260807_220206_556,2026-08-07 22:02:06,False,10000,548,0.0,0,0.55,0.9,0.3,0,0.5,10,9.5,10,rrt_20260807_220206_556.png
20260807_220207_567,2026-08-07 22:02:07,True,1047,193,18.677665550341047,35,0.55,0.9,0.3,0,0.5,10,9.5,10,rrt_20260807_220207_567.png
20260807_220214_269,2026-08-07 22:02:14,False,10000,731,0.0,0,0.55,0.9,0.3,0,0.5,10,9.5,10,rrt_20260807_220214_269.png
20260807_220215_378,2026-08-07 22:02:15,True,957,182,20.1734855954781,38,0.55,0.9,0.3,0,0.5,10,9.5,10,rrt_20260807_220215_378.png
20260807_220216_194,2026-08-07 22:02:16,True,698,166,17.210470678012324,33,0.55,0.9,0.3,0,0.5,10,9.5,10,rrt_20260807_220216_194.png
20260807_220223_475,2026-08-07 22:02:23,False,10000,789,0.0,0,0.55,0.9,0.3,0,0.5,10,9.5,10,rrt_20260807_220223_475.png
20260807_220224_438,2026-08-07 22:02:24,True,479,143,20.99541534181148,40,0.55,0.9,0.3,0,0.5,10,9.5,10,rrt_20260807_220224_438.png
20260807_220230_576,2026-08-07 22:02:30,False,10000,689,0.0,0,0.55,0.9,0.3,0,0.5,10,9.5,10,rrt_20260807_220230_576.png
20260807_220231_470,2026-08-07 22:02:31,True,299,99,18.70000000000001,35,0.55,0.9,0.3,0,0.5,10,9.5,10,rrt_20260807_220231_470.png
20260807_220232_554,2026-08-07 22:02:32,True,319,99,17.050000000000008,32,0.55,0.9,0.3,0,0.5,10,9.5,10,rrt_20260807_220232_554.png
20260807_220233_319,2026-08-07 22:02:33,True,591,153,17.569240819809234,33,0.55,0.9,0.3,0,0.5,10,9.5,10,rrt_20260807_220233_319.png
20260807_220240_262,2026-08-07 22:02:40,False,10000,731,0.0,0,0.55,0.9,0.3,0,0.5,10,9.5,10,rrt_20260807_220240_262.png
20260807_220241_222,2026-08-07 22:02:41,True,433,118,17.6,33,0.55,0.9,0.3,0,0.5,10,9.5,10,rrt_20260807_220241_222.png
20260807_220241_986,2026-08-07 22:02:41,True,551,123,18.700000000000006,35,0.55,0.9,0.3,0,0.5,10,9.5,10,rrt_20260807_220241_986.png
20260807_220242_749,2026-08-07 22:02:42,True,455,143,19.25000000000001,36,0.55,0.9,0.3,0,0.5,10,9.5,10,rrt_20260807_220242_749.png
20260807_220249_234,2026-08-07 22:02:49,False,10000,717,0.0,0,0.55,0.9,0.3,0,0.5,10,9.5,10,rrt_20260807_220249_234.png
20260807_220254_442,2026-08-07 22:02:54,False,10000,530,0.0,0,0.55,0.9,0.3,0,0.5,10,9.5,10,rrt_20260807_220254_442.png
20260807_220255_384,2026-08-07 22:02:55,True,763,170,19.17271627439867,36,0.55,0.9,0.3,0,0.5,10,9.5,10,rrt_20260807_220255_384.png
20260807_220256_649,2026-08-07 22:02:56,True,407,112,17.361457293781328,33,0.55,0.9,0.3,0,0.5,10,9.5,10,rrt_20260807_220256_649.png
20260807_220302_417,2026-08-07 22:03:02,False,10000,639,0.0,0,0.55,0.9,0.3,0,0.5,10,9.5,10,rrt_20260807_220302_417.png
20260807_220303_418,2026-08-07 22:03:03,True,890,154,18.15000000000001,34,0.55,0.9,0.3,0,0.5,10,9.5,10,rrt_20260807_220303_418.png
20260807_220308_509,2026-08-07 22:03:08,False,10000,543,0.0,0,0.55,0.9,0.3,0,0.5,10,9.5,10,rrt_20260807_220308_509.png
20260807_220315_411,2026-08-07 22:03:15,False,10000,729,0.0,0,0.55,0.9,0.3,0,0.5,10,9.5,10,rrt_20260807_220315_411.png
20260807_220322_355,2026-08-07 22:03:22,False,10000,742,0.0,0,0.55,0.9,0.3,0,0.5,10,9.5,10,rrt_20260807_220322_355.png
20260807_220323_816,2026-08-07 22:03:23,True,552,93,18.142198963271795,34,0.55,0.9,0.3,0,0.5,10,9.5,10,rrt_20260807_220323_816.png
20260807_220324_655,2026-08-07 22:03:24,True,216,74,17.05,32,0.55,0.9,0.3,0,0.5,10,9.5,10,rrt_20260807_220324_655.png
20260807_220325_546,2026-08-07 22:03:25,True,192,87,16.43146220191391,31,0.55,0.9,0.3,0,0.5,10,9.5,10,rrt_20260807_220325_546.png
20260807_220326_752,2026-08-07 22:03:26,True,818,160,19.14586638431644,36,0.55,0.9,0.3,0,0.5,10,9.5,10,rrt_20260807_220326_752.png
20260807_220332_070,2026-08-07 22:03:32,False,10000,559,0.0,0,0.55,0.9,0.3,0,0.5,10,9.5,10,rrt_20260807_220332_070.png
20260807_220333_084,2026-08-07 22:03:33,True,788,162,18.256091458677314,35,0.55,0.9,0.3,0,0.5,10,9.5,10,rrt_20260807_220333_084.png
20260807_220339_352,2026-08-07 22:03:39,False,10000,706,0.0,0,0.55,0.9,0.3,0,0.5,10,9.5,10,rrt_20260807_220339_352.png
20260807_220340_268,2026-08-07 22:03:40,True,342,122,17.377035642493027,33,0.55,0.9,0.3,0,0.5,10,9.5,10,rrt_20260807_220340_268.png
20260807_220340_999,2026-08-07 22:03:40,True,395,101,17.050000000000004,32,0.55,0.9,0.3,0,0.5,10,9.5,10,rrt_20260807_220340_999.png
20260807_220341_736,2026-08-07 22:03:41,True,429,127,17.550284555946348,33,0.55,0.9,0.3,0,0.5,10,9.5,10,rrt_20260807_220341_736.png
20260807_220342_597,2026-08-07 22:03:42,True,817,160,17.050000000000004,32,0.55,0.9,0.3,0,0.5,10,9.5,10,rrt_20260807_220342_597.png
20260807_220343_377,2026-08-07 22:03:43,True,638,124,18.150000000000006,34,0.55,0.9,0.3,0,0.5,10,9.5,10,rrt_20260807_220343_377.png
20260807_220350_031,2026-08-07 22:03:50,False,10000,694,0.0,0,0.55,0.9,0.3,0,0.5,10,9.5,10,rrt_20260807_220350_031.png
20260807_220350_938,2026-08-07 22:03:50,True,482,117,20.265644303244432,38,0.55,0.9,0.3,0,0.5,10,9.5,10,rrt_20260807_220350_938.png
20260807_220355_935,2026-08-07 22:03:55,False,10000,526,0.0,0,0.55,0.9,0.3,0,0.5,10,9.5,10,rrt_20260807_220355_935.png
20260807_220401_371,2026-08-07 22:04:01,False,10000,548,0.0,0,0.55,0.9,0.3,0,0.5,10,9.5,10,rrt_20260807_220401_371.png
20260807_220402_618,2026-08-07 22:04:02,True,1073,146,19.65162662732543,37,0.55,0.9,0.3,0,0.5,10,9.5,10,rrt_20260807_220402_618.png
20260807_220407_015,2026-08-07 22:04:07,False,10000,446,0.0,0,0.55,0.9,0.3,0,0.5,10,9.5,10,rrt_20260807_220407_015.png
20260807_220413_953,2026-08-07 22:04:13,False,10000,727,0.0,0,0.55,0.9,0.3,0,0.5,10,9.5,10,rrt_20260807_220413_953.png
20260807_220419_056,2026-08-07 22:04:19,False,10000,521,0.0,0,0.55,0.9,0.3,0,0.5,10,9.5,10,rrt_20260807_220419_056.png
20260807_220425_768,2026-08-07 22:04:25,False,10000,658,0.0,0,0.55,0.9,0.3,0,0.5,10,9.5,10,rrt_20260807_220425_768.png
20260807_220426_699,2026-08-07 22:04:26,True,543,148,18.5740065791934,35,0.55,0.9,0.3,0,0.5,10,9.5,10,rrt_20260807_220426_699.png
20260807_220427_556,2026-08-07 22:04:27,True,952,148,19.086446971638658,36,0.55,0.9,0.3,0,0.5,10,9.5,10,rrt_20260807_220427_556.png
20260807_220434_034,2026-08-07 22:04:34,False,10000,714,0.0,0,0.55,0.9,0.3,0,0.5,10,9.5,10,rrt_20260807_220434_034.png
20260807_220440_848,2026-08-07 22:04:40,False,10000,723,0.0,0,0.55,0.9,0.3,0,0.5,10,9.5,10,rrt_20260807_220440_848.png
20260807_220441_739,2026-08-07 22:04:41,True,442,121,18.700000000000003,35,0.55,0.9,0.3,0,0.5,10,9.5,10,rrt_20260807_220441_739.png
20260807_220442_500,2026-08-07 22:04:42,True,302,107,19.25000000000001,36,0.55,0.9,0.3,0,0.5,10,9.5,10,rrt_20260807_220442_500.png
20260807_220443_237,2026-08-07 22:04:43,True,360,123,17.144255659215933,33,0.55,0.9,0.3,0,0.5,10,9.5,10,rrt_20260807_220443_237.png
20260807_220443_946,2026-08-07 22:04:43,True,327,92,16.855241972525487,32,0.55,0.9,0.3,0,0.5,10,9.5,10,rrt_20260807_220443_946.png
20260807_220450_436,2026-08-07 22:04:50,False,10000,687,0.0,0,0.55,0.9,0.3,0,0.5,10,9.5,10,rrt_20260807_220450_436.png
20260807_220451_852,2026-08-07 22:04:51,True,738,152,21.360222698715223,40,0.55,0.9,0.3,0,0.5,10,9.5,10,rrt_20260807_220451_852.png
20260807_220458_972,2026-08-07 22:04:58,False,10000,801,0.0,0,0.55,1.0,0.3,0,0.5,10,9.5,10,rrt_20260807_220458_972.png
20260807_220500_240,2026-08-07 22:05:00,True,1619,242,19.27149088566452,37,0.55,1.0,0.3,0,0.5,10,9.5,10,rrt_20260807_220500_240.png
20260807_220506_834,2026-08-07 22:05:06,False,10000,733,0.0,0,0.55,1.0,0.3,0,0.5,10,9.5,10,rrt_20260807_220506_834.png
20260807_220514_388,2026-08-07 22:05:14,False,10000,830,0.0,0,0.55,1.0,0.3,0,0.5,10,9.5,10,rrt_20260807_220514_388.png
20260807_220520_907,2026-08-07 22:05:20,False,10000,696,0.0,0,0.55,1.0,0.3,0,0.5,10,9.5,10,rrt_20260807_220520_907.png
20260807_220522_108,2026-08-07 22:05:22,True,483,127,20.900000000000006,39,0.55,1.0,0.3,0,0.5,10,9.5,10,rrt_20260807_220522_108.png
20260807_220522_916,2026-08-07 22:05:22,True,462,156,18.150000000000006,34,0.55,1.0,0.3,0,0.5,10,9.5,10,rrt_20260807_220522_916.png
20260807_220529_776,2026-08-07 22:05:29,False,10000,721,0.0,0,0.55,1.0,0.3,0,0.5,10,9.5,10,rrt_20260807_220529_776.png
20260807_220537_308,2026-08-07 22:05:37,False,10000,817,0.0,0,0.55,1.0,0.3,0,0.5,10,9.5,10,rrt_20260807_220537_308.png
20260807_220543_057,2026-08-07 22:05:43,False,10000,594,0.0,0,0.55,1.0,0.3,0,0.5,10,9.5,10,rrt_20260807_220543_057.png
20260807_220544_002,2026-08-07 22:05:44,True,558,149,19.250000000000007,36,0.55,1.0,0.3,0,0.5,10,9.5,10,rrt_20260807_220544_002.png
20260807_220549_412,2026-08-07 22:05:49,False,10000,608,0.0,0,0.55,1.0,0.3,0,0.5,10,9.5,10,rrt_20260807_220549_412.png
20260807_220556_450,2026-08-07 22:05:56,False,10000,796,0.0,0,0.55,1.0,0.3,0,0.5,10,9.5,10,rrt_20260807_220556_450.png
20260807_220604_536,2026-08-07 22:06:04,False,10000,793,0.0,0,0.55,1.0,0.3,0,0.5,10,9.5,10,rrt_20260807_220604_536.png
20260807_220612_703,2026-08-07 22:06:12,False,10000,784,0.0,0,0.55,1.0,0.3,0,0.5,10,9.5,10,rrt_20260807_220612_703.png
20260807_220621_054,2026-08-07 22:06:21,False,10000,719,0.0,0,0.55,1.0,0.3,0,0.5,10,9.5,10,rrt_20260807_220621_054.png
20260807_220623_451,2026-08-07 22:06:23,True,614,172,19.250000000000007,36,0.55,1.0,0.3,0,0.5,10,9.5,10,rrt_20260807_220623_451.png
20260807_220630_268,2026-08-07 22:06:30,False,10000,697,0.0,0,0.55,1.0,0.3,0,0.5,10,9.5,10,rrt_20260807_220630_268.png
20260807_220637_108,2026-08-07 22:06:37,False,10000,726,0.0,0,0.55,1.0,0.3,0,0.5,10,9.5,10,rrt_20260807_220637_108.png
20260807_220642_006,2026-08-07 22:06:42,False,10000,494,0.0,0,0.55,1.0,0.3,0,0.5,10,9.5,10,rrt_20260807_220642_006.png
20260807_220649_251,2026-08-07 22:06:49,False,10000,769,0.0,0,0.55,1.0,0.3,0,0.5,10,9.5,10,rrt_20260807_220649_251.png
20260807_220650_226,2026-08-07 22:06:50,True,822,169,23.100000000000023,43,0.55,1.0,0.3,0,0.5,10,9.5,10,rrt_20260807_220650_226.png
20260807_220657_254,2026-08-07 22:06:57,False,10000,811,0.0,0,0.55,1.0,0.3,0,0.5,10,9.5,10,rrt_20260807_220657_254.png
20260807_220658_708,2026-08-07 22:06:58,True,695,175,20.350000000000005,38,0.55,1.0,0.3,0,0.5,10,9.5,10,rrt_20260807_220658_708.png
20260807_220704_886,2026-08-07 22:07:04,False,10000,687,0.0,0,0.55,1.0,0.3,0,0.5,10,9.5,10,rrt_20260807_220704_886.png
20260807_220712_190,2026-08-07 22:07:12,False,10000,745,0.0,0,0.55,1.0,0.3,0,0.5,10,9.5,10,rrt_20260807_220712_190.png
20260807_220713_427,2026-08-07 22:07:13,True,767,179,18.70000000000001,35,0.55,1.0,0.3,0,0.5,10,9.5,10,rrt_20260807_220713_427.png
20260807_220720_005,2026-08-07 22:07:20,False,10000,727,0.0,0,0.55,1.0,0.3,0,0.5,10,9.5,10,rrt_20260807_220720_005.png
20260807_220725_801,2026-08-07 22:07:25,False,10000,586,0.0,0,0.55,1.0,0.3,0,0.5,10,9.5,10,rrt_20260807_220725_801.png
20260807_220733_177,2026-08-07 22:07:33,False,10000,704,0.0,0,0.55,1.0,0.3,0,0.5,10,9.5,10,rrt_20260807_220733_177.png
20260807_220734_309,2026-08-07 22:07:34,True,1126,205,17.89765084933164,34,0.55,1.0,0.3,0,0.5,10,9.5,10,rrt_20260807_220734_309.png
20260807_220741_491,2026-08-07 22:07:41,False,10000,818,0.0,0,0.55,1.0,0.3,0,0.5,10,9.5,10,rrt_20260807_220741_491.png
20260807_220742_587,2026-08-07 22:07:42,True,885,193,18.700000000000003,35,0.55,1.0,0.3,0,0.5,10,9.5,10,rrt_20260807_220742_587.png
20260807_220743_447,2026-08-07 22:07:43,True,875,187,19.800000000000008,37,0.55,1.0,0.3,0,0.5,10,9.5,10,rrt_20260807_220743_447.png
20260807_220750_432,2026-08-07 22:07:50,False,10000,694,0.0,0,0.55,1.0,0.3,0,0.5,10,9.5,10,rrt_20260807_220750_432.png
20260807_220751_604,2026-08-07 22:07:51,True,1767,213,21.450000000000014,40,0.55,1.0,0.3,0,0.5,10,9.5,10,rrt_20260807_220751_604.png
20260807_220757_174,2026-08-07 22:07:57,False,10000,605,0.0,0,0.55,1.0,0.3,0,0.5,10,9.5,10,rrt_20260807_220757_174.png
20260807_220758_075,2026-08-07 22:07:58,True,513,136,17.60000000000001,33,0.55,1.0,0.3,0,0.5,10,9.5,10,rrt_20260807_220758_075.png
20260807_220803_901,2026-08-07 22:08:03,False,10000,616,0.0,0,0.55,1.0,0.3,0,0.5,10,9.5,10,rrt_20260807_220803_901.png
20260807_220809_585,2026-08-07 22:08:09,False,10000,619,0.0,0,0.55,1.0,0.3,0,0.5,10,9.5,10,rrt_20260807_220809_585.png
20260807_220816_916,2026-08-07 22:08:16,False,10000,805,0.0,0,0.55,1.0,0.3,0,0.5,10,9.5,10,rrt_20260807_220816_916.png
20260807_220822_767,2026-08-07 22:08:22,False,10000,626,0.0,0,0.55,1.0,0.3,0,0.5,10,9.5,10,rrt_20260807_220822_767.png
20260807_220829_812,2026-08-07 22:08:29,False,10000,708,0.0,0,0.55,1.0,0.3,0,0.5,10,9.5,10,rrt_20260807_220829_812.png
20260807_220835_809,2026-08-07 22:08:35,False,10000,571,0.0,0,0.55,1.0,0.3,0,0.5,10,9.5,10,rrt_20260807_220835_809.png
20260807_220843_138,2026-08-07 22:08:43,False,10000,820,0.0,0,0.55,1.0,0.3,0,0.5,10,9.5,10,rrt_20260807_220843_138.png
20260807_220844_063,2026-08-07 22:08:44,True,358,113,18.700000000000006,35,0.55,1.0,0.3,0,0.5,10,9.5,10,rrt_20260807_220844_063.png
20260807_220850_838,2026-08-07 22:08:50,False,10000,775,0.0,0,0.55,1.0,0.3,0,0.5,10,9.5,10,rrt_20260807_220850_838.png
20260807_220857_766,2026-08-07 22:08:57,False,10000,764,0.0,0,0.55,1.0,0.3,0,0.5,10,9.5,10,rrt_20260807_220857_766.png
20260807_220904_680,2026-08-07 22:09:04,False,10000,758,0.0,0,0.55,1.0,0.3,0,0.5,10,9.5,10,rrt_20260807_220904_680.png
20260807_220905_823,2026-08-07 22:09:05,True,1418,241,18.700000000000006,35,0.55,1.0,0.3,0,0.5,10,9.5,10,rrt_20260807_220905_823.png
20260807_220912_607,2026-08-07 22:09:12,False,10000,764,0.0,0,0.55,1.0,0.3,0,0.5,10,9.5,10,rrt_20260807_220912_607.png
20260807_220919_910,2026-08-07 22:09:19,False,10000,785,0.0,0,0.55,1.0,0.3,0,0.5,10,9.5,10,rrt_20260807_220919_910.png
20260807_220921_401,2026-08-07 22:09:21,True,1058,193,21.45000000000001,40,0.55,1.0,0.3,0,0.5,10,9.5,10,rrt_20260807_220921_401.png
20260807_220928_072,2026-08-07 22:09:28,False,10000,728,0.0,0,0.55,1.0,0.3,0,0.5,10,9.5,10,rrt_20260807_220928_072.png
20260807_220935_304,2026-08-07 22:09:35,False,10000,786,0.0,0,0.55,1.0,0.3,0,0.5,10,9.5,10,rrt_20260807_220935_304.png
20260807_220941_566,2026-08-07 22:09:41,False,10000,680,0.0,0,0.55,1.0,0.3,0,0.5,10,9.5,10,rrt_20260807_220941_566.png
20260807_220947_064,2026-08-07 22:09:47,False,10000,562,0.0,0,0.55,1.0,0.3,0,0.5,10,9.5,10,rrt_20260807_220947_064.png
20260807_220947_941,2026-08-07 22:09:47,True,692,155,22.00000000000001,41,0.55,1.0,0.3,0,0.5,10,9.5,10,rrt_20260807_220947_941.png
20260807_220955_356,2026-08-07 22:09:55,False,10000,804,0.0,0,0.55,1.0,0.3,0,0.5,10,9.5,10,rrt_20260807_220955_356.png
20260807_221002_266,2026-08-07 22:10:02,False,10000,761,0.0,0,0.55,1.0,0.3,0,0.5,10,9.5,10,rrt_20260807_221002_266.png
20260807_221010_187,2026-08-07 22:10:10,False,10000,739,0.0,0,0.55,1.0,0.3,0,0.5,10,9.5,10,rrt_20260807_221010_187.png
20260807_221011_244,2026-08-07 22:10:11,True,751,195,19.800000000000008,37,0.55,1.0,0.3,0,0.5,10,9.5,10,rrt_20260807_221011_244.png
20260807_221017_855,2026-08-07 22:10:17,False,10000,732,0.0,0,0.55,1.0,0.3,0,0.5,10,9.5,10,rrt_20260807_221017_855.png
20260807_221024_986,2026-08-07 22:10:24,False,10000,750,0.0,0,0.55,1.0,0.3,0,0.5,10,9.5,10,rrt_20260807_221024_986.png
20260807_221026_153,2026-08-07 22:10:26,True,594,170,20.900000000000013,39,0.55,1.0,0.3,0,0.5,10,9.5,10,rrt_20260807_221026_153.png
20260807_221026_958,2026-08-07 22:10:26,True,683,175,18.15000000000001,34,0.55,1.0,0.3,0,0.5,10,9.5,10,rrt_20260807_221026_958.png
20260807_221034_401,2026-08-07 22:10:34,False,10000,840,0.0,0,0.55,1.0,0.3,0,0.5,10,9.5,10,rrt_20260807_221034_401.png
20260807_221035_381,2026-08-07 22:10:35,True,615,167,18.700000000000006,35,0.55,1.0,0.3,0,0.5,10,9.5,10,rrt_20260807_221035_381.png
20260807_221042_301,2026-08-07 22:10:42,False,10000,781,0.0,0,0.55,1.0,0.3,0,0.5,10,9.5,10,rrt_20260807_221042_301.png
20260807_221047_643,2026-08-07 22:10:47,False,10000,492,0.0,0,0.55,1.0,0.3,0,0.5,10,9.5,10,rrt_20260807_221047_643.png
20260807_221054_556,2026-08-07 22:10:54,False,10000,774,0.0,0,0.55,1.0,0.3,0,0.5,10,9.5,10,rrt_20260807_221054_556.png
20260807_221055_617,2026-08-07 22:10:55,True,897,201,18.34416020751704,35,0.55,1.0,0.3,0,0.5,10,9.5,10,rrt_20260807_221055_617.png
20260807_221101_942,2026-08-07 22:11:01,False,10000,684,0.0,0,0.55,1.0,0.3,0,0.5,10,9.5,10,rrt_20260807_221101_942.png
20260807_221109_427,2026-08-07 22:11:09,False,10000,778,0.0,0,0.55,1.0,0.3,0,0.5,10,9.5,10,rrt_20260807_221109_427.png
20260807_221115_440,2026-08-07 22:11:15,False,10000,620,0.0,0,0.55,1.0,0.3,0,0.5,10,9.5,10,rrt_20260807_221115_440.png
20260807_221121_355,2026-08-07 22:11:21,False,10000,623,0.0,0,0.55,1.0,0.3,0,0.5,10,9.5,10,rrt_20260807_221121_355.png
20260807_221126_736,2026-08-07 22:11:26,False,10000,573,0.0,0,0.55,1.0,0.3,0,0.5,10,9.5,10,rrt_20260807_221126_736.png
20260807_221133_009,2026-08-07 22:11:33,False,10000,695,0.0,0,0.55,1.0,0.3,0,0.5,10,9.5,10,rrt_20260807_221133_009.png
20260807_221134_890,2026-08-07 22:11:34,True,641,157,26.40000000000002,49,0.55,1.0,0.3,0,0.5,10,9.5,10,rrt_20260807_221134_890.png
20260807_221135_767,2026-08-07 22:11:35,True,813,178,17.410029956868705,33,0.55,1.0,0.3,0,0.5,10,9.5,10,rrt_20260807_221135_767.png
20260807_221142_588,2026-08-07 22:11:42,False,10000,794,0.0,0,0.55,1.0,0.3,0,0.5,10,9.5,10,rrt_20260807_221142_588.png
20260807_221149_457,2026-08-07 22:11:49,False,10000,762,0.0,0,0.55,1.0,0.3,0,0.5,10,9.5,10,rrt_20260807_221149_457.png
20260807_221156_584,2026-08-07 22:11:56,False,10000,775,0.0,0,0.55,1.0,0.3,0,0.5,10,9.5,10,rrt_20260807_221156_584.png
20260807_221203_037,2026-08-07 22:12:03,False,10000,702,0.0,0,0.55,1.0,0.3,0,0.5,10,9.5,10,rrt_20260807_221203_037.png
20260807_221209_853,2026-08-07 22:12:09,False,10000,718,0.0,0,0.55,1.0,0.3,0,0.5,10,9.5,10,rrt_20260807_221209_853.png
20260807_221215_598,2026-08-07 22:12:15,False,10000,602,0.0,0,0.55,1.0,0.3,0,0.5,10,9.5,10,rrt_20260807_221215_598.png
20260807_221216_657,2026-08-07 22:12:16,True,916,190,18.150000000000006,34,0.55,1.0,0.3,0,0.5,10,9.5,10,rrt_20260807_221216_657.png
20260807_221218_473,2026-08-07 22:12:18,True,788,163,20.35000000000001,38,0.55,1.0,0.3,0,0.5,10,9.5,10,rrt_20260807_221218_473.png
20260807_221225_340,2026-08-07 22:12:25,False,10000,784,0.0,0,0.55,1.0,0.3,0,0.5,10,9.5,10,rrt_20260807_221225_340.png
20260807_221226_362,2026-08-07 22:12:26,True,1060,195,22.000000000000014,41,0.55,1.0,0.3,0,0.5,10,9.5,10,rrt_20260807_221226_362.png
20260807_221233_141,2026-08-07 22:12:33,False,10000,751,0.0,0,0.55,1.0,0.3,0,0.5,10,9.5,10,rrt_20260807_221233_141.png
20260807_221239_312,2026-08-07 22:12:39,False,10000,656,0.0,0,0.55,1.0,0.3,0,0.5,10,9.5,10,rrt_20260807_221239_312.png
20260807_221240_270,2026-08-07 22:12:40,True,712,173,20.90000000000001,39,0.55,1.0,0.3,0,0.5,10,9.5,10,rrt_20260807_221240_270.png
20260807_221241_084,2026-08-07 22:12:41,True,1011,181,18.70000000000001,35,0.55,1.0,0.3,0,0.5,10,9.5,10,rrt_20260807_221241_084.png
20260807_221241_869,2026-08-07 22:12:41,True,590,175,18.15000000000001,34,0.55,1.0,0.3,0,0.5,10,9.5,10,rrt_20260807_221241_869.png
20260807_221247_404,2026-08-07 22:12:47,False,10000,600,0.0,0,0.55,1.0,0.3,0,0.5,10,9.5,10,rrt_20260807_221247_404.png
20260807_221255_428,2026-08-07 22:12:55,False,10000,839,0.0,0,0.55,1.0,0.3,0,0.5,10,9.5,10,rrt_20260807_221255_428.png
20260807_221301_693,2026-08-07 22:13:01,False,10000,638,0.0,0,0.55,1.0,0.3,0,0.5,10,9.5,10,rrt_20260807_221301_693.png
20260807_221308_044,2026-08-07 22:13:08,False,10000,659,0.0,0,0.55,1.0,0.3,0,0.5,10,9.5,10,rrt_20260807_221308_044.png
20260807_221314_318,2026-08-07 22:13:14,False,10000,677,0.0,0,0.55,1.0,0.3,0,0.5,10,9.5,10,rrt_20260807_221314_318.png
20260807_221317_010,2026-08-07 22:13:17,False,10000,173,0.0,0,0.6,0.1,0.3,0,0.5,10,9.5,10,rrt_20260807_221317_010.png
20260807_221318_166,2026-08-07 22:13:18,True,3898,103,19.7029845240311,34,0.6,0.1,0.3,0,0.5,10,9.5,10,rrt_20260807_221318_166.png
20260807_221320_718,2026-08-07 22:13:20,False,10000,157,0.0,0,0.6,0.1,0.3,0,0.5,10,9.5,10,rrt_20260807_221320_718.png
20260807_221323_369,2026-08-07 22:13:23,False,10000,185,0.0,0,0.6,0.1,0.3,0,0.5,10,9.5,10,rrt_20260807_221323_369.png
20260807_221325_107,2026-08-07 22:13:25,False,10000,109,0.0,0,0.6,0.1,0.3,0,0.5,10,9.5,10,rrt_20260807_221325_107.png
20260807_221327_334,2026-08-07 22:13:27,False,10000,116,0.0,0,0.6,0.1,0.3,0,0.5,10,9.5,10,rrt_20260807_221327_334.png
20260807_221329_293,2026-08-07 22:13:29,False,10000,138,0.0,0,0.6,0.1,0.3,0,0.5,10,9.5,10,rrt_20260807_221329_293.png
20260807_221331_478,2026-08-07 22:13:31,False,10000,153,0.0,0,0.6,0.1,0.3,0,0.5,10,9.5,10,rrt_20260807_221331_478.png
20260807_221333_166,2026-08-07 22:13:33,True,7022,145,17.99999999999999,31,0.6,0.1,0.3,0,0.5,10,9.5,10,rrt_20260807_221333_166.png
20260807_221335_106,2026-08-07 22:13:35,False,10000,116,0.0,0,0.6,0.1,0.3,0,0.5,10,9.5,10,rrt_20260807_221335_106.png
20260807_221337_202,2026-08-07 22:13:37,False,10000,121,0.0,0,0.6,0.1,0.3,0,0.5,10,9.5,10,rrt_20260807_221337_202.png
20260807_221338_238,2026-08-07 22:13:38,True,3620,102,17.807905793771333,31,0.6,0.1,0.3,0,0.5,10,9.5,10,rrt_20260807_221338_238.png
20260807_221339_737,2026-08-07 22:13:39,True,5998,152,17.85499830971619,31,0.6,0.1,0.3,0,0.5,10,9.5,10,rrt_20260807_221339_737.png
20260807_221342_152,2026-08-07 22:13:42,False,10000,185,0.0,0,0.6,0.1,0.3,0,0.5,10,9.5,10,rrt_20260807_221342_152.png
20260807_221344_954,2026-08-07 22:13:44,False,10000,174,0.0,0,0.6,0.1,0.3,0,0.5,10,9.5,10,rrt_20260807_221344_954.png
20260807_221347_752,2026-08-07 22:13:47,False,10000,164,0.0,0,0.6,0.1,0.3,0,0.5,10,9.5,10,rrt_20260807_221347_752.png
20260807_221349_208,2026-08-07 22:13:49,True,6521,135,18.388509887521163,32,0.6,0.1,0.3,0,0.5,10,9.5,10,rrt_20260807_221349_208.png
20260807_221350_754,2026-08-07 22:13:50,True,8579,140,17.999999999999993,31,0.6,0.1,0.3,0,0.5,10,9.5,10,rrt_20260807_221350_754.png
20260807_221351_858,2026-08-07 22:13:51,True,3132,110,17.400000000000002,30,0.6,0.1,0.3,0,0.5,10,9.5,10,rrt_20260807_221351_858.png
20260807_221353_555,2026-08-07 22:13:53,True,8148,129,16.799999999999997,29,0.6,0.1,0.3,0,0.5,10,9.5,10,rrt_20260807_221353_555.png
20260807_221354_855,2026-08-07 22:13:54,True,7294,89,17.225498325835247,30,0.6,0.1,0.3,0,0.5,10,9.5,10,rrt_20260807_221354_855.png
20260807_221356_018,2026-08-07 22:13:56,True,5127,110,20.744287024096142,36,0.6,0.1,0.3,0,0.5,10,9.5,10,rrt_20260807_221356_018.png
20260807_221358_683,2026-08-07 22:13:58,False,10000,142,0.0,0,0.6,0.1,0.3,0,0.5,10,9.5,10,rrt_20260807_221358_683.png
20260807_221401_099,2026-08-07 22:14:01,False,10000,175,0.0,0,0.6,0.1,0.3,0,0.5,10,9.5,10,rrt_20260807_221401_099.png
20260807_221402_221,2026-08-07 22:14:02,True,5086,109,19.588233141513943,34,0.6,0.1,0.3,0,0.5,10,9.5,10,rrt_20260807_221402_221.png
20260807_221404_591,2026-08-07 22:14:04,False,10000,177,0.0,0,0.6,0.1,0.3,0,0.5,10,9.5,10,rrt_20260807_221404_591.png
20260807_221407_218,2026-08-07 22:14:07,False,10000,186,0.0,0,0.6,0.1,0.3,0,0.5,10,9.5,10,rrt_20260807_221407_218.png
20260807_221408_285,2026-08-07 22:14:08,True,4073,93,17.26509489675456,30,0.6,0.1,0.3,0,0.5,10,9.5,10,rrt_20260807_221408_285.png
20260807_221410_025,2026-08-07 22:14:10,False,10000,104,0.0,0,0.6,0.1,0.3,0,0.5,10,9.5,10,rrt_20260807_221410_025.png
20260807_221412_189,2026-08-07 22:14:12,False,10000,157,0.0,0,0.6,0.1,0.3,0,0.5,10,9.5,10,rrt_20260807_221412_189.png
20260807_221414_269,2026-08-07 22:14:14,True,7987,164,17.39999999999999,30,0.6,0.1,0.3,0,0.5,10,9.5,10,rrt_20260807_221414_269.png
20260807_221416_901,2026-08-07 22:14:16,True,8868,140,19.597595420298866,34,0.6,0.1,0.3,0,0.5,10,9.5,10,rrt_20260807_221416_901.png
20260807_221419_405,2026-08-07 22:14:19,False,10000,179,0.0,0,0.6,0.1,0.3,0,0.5,10,9.5,10,rrt_20260807_221419_405.png
20260807_221420_612,2026-08-07 22:14:20,True,3649,106,19.200000000000003,33,0.6,0.1,0.3,0,0.5,10,9.5,10,rrt_20260807_221420_612.png
20260807_221423_460,2026-08-07 22:14:23,False,10000,200,0.0,0,0.6,0.1,0.3,0,0.5,10,9.5,10,rrt_20260807_221423_460.png
20260807_221425_247,2026-08-07 22:14:25,False,10000,107,0.0,0,0.6,0.1,0.3,0,0.5,10,9.5,10,rrt_20260807_221425_247.png
20260807_221427_683,2026-08-07 22:14:27,False,10000,180,0.0,0,0.6,0.1,0.3,0,0.5,10,9.5,10,rrt_20260807_221427_683.png
20260807_221428_719,2026-08-07 22:14:28,True,3462,97,16.800000000000004,29,0.6,0.1,0.3,0,0.5,10,9.5,10,rrt_20260807_221428_719.png
20260807_221431_209,2026-08-07 22:14:31,False,10000,175,0.0,0,0.6,0.1,0.3,0,0.5,10,9.5,10,rrt_20260807_221431_209.png
20260807_221433_017,2026-08-07 22:14:33,True,9474,139,17.97470293074179,31,0.6,0.1,0.3,0,0.5,10,9.5,10,rrt_20260807_221433_017.png
20260807_221435_770,2026-08-07 22:14:35,False,10000,175,0.0,0,0.6,0.1,0.3,0,0.5,10,9.5,10,rrt_20260807_221435_770.png
20260807_221437_019,2026-08-07 22:14:37,True,3391,96,17.259689382672057,30,0.6,0.1,0.3,0,0.5,10,9.5,10,rrt_20260807_221437_019.png
20260807_221438_188,2026-08-07 22:14:38,True,4652,118,20.904128519509758,36,0.6,0.1,0.3,0,0.5,10,9.5,10,rrt_20260807_221438_188.png
20260807_221439_038,2026-08-07 22:14:39,True,1624,67,20.043003596108317,35,0.6,0.1,0.3,0,0.5,10,9.5,10,rrt_20260807_221439_038.png
20260807_221440_962,2026-08-07 22:14:40,True,9541,151,18.48189885475787,32,0.6,0.1,0.3,0,0.5,10,9.5,10,rrt_20260807_221440_962.png
20260807_221442_118,2026-08-07 22:14:42,True,3547,124,17.4,30,0.6,0.1,0.3,0,0.5,10,9.5,10,rrt_20260807_221442_118.png
20260807_221444_598,2026-08-07 22:14:44,False,10000,157,0.0,0,0.6,0.1,0.3,0,0.5,10,9.5,10,rrt_20260807_221444_598.png
20260807_221445_625,2026-08-07 22:14:45,True,3452,103,19.033100999928255,33,0.6,0.1,0.3,0,0.5,10,9.5,10,rrt_20260807_221445_625.png
20260807_221447_932,2026-08-07 22:14:47,False,10000,179,0.0,0,0.6,0.1,0.3,0,0.5,10,9.5,10,rrt_20260807_221447_932.png
20260807_221450_363,2026-08-07 22:14:50,False,10000,152,0.0,0,0.6,0.1,0.3,0,0.5,10,9.5,10,rrt_20260807_221450_363.png
20260807_221452_497,2026-08-07 22:14:52,False,10000,136,0.0,0,0.6,0.1,0.3,0,0.5,10,9.5,10,rrt_20260807_221452_497.png
20260807_221454_479,2026-08-07 22:14:54,False,10000,122,0.0,0,0.6,0.1,0.3,0,0.5,10,9.5,10,rrt_20260807_221454_479.png
20260807_221456_446,2026-08-07 22:14:56,False,10000,133,0.0,0,0.6,0.1,0.3,0,0.5,10,9.5,10,rrt_20260807_221456_446.png
20260807_221458_803,2026-08-07 22:14:58,False,10000,168,0.0,0,0.6,0.1,0.3,0,0.5,10,9.5,10,rrt_20260807_221458_803.png
20260807_221459_753,2026-08-07 22:14:59,True,2580,92,17.395323732352654,30,0.6,0.1,0.3,0,0.5,10,9.5,10,rrt_20260807_221459_753.png
20260807_221500_802,2026-08-07 22:15:00,True,3729,114,17.999999999999996,31,0.6,0.1,0.3,0,0.5,10,9.5,10,rrt_20260807_221500_802.png
20260807_221501_843,2026-08-07 22:15:01,True,2780,120,16.728252682914146,29,0.6,0.1,0.3,0,0.5,10,9.5,10,rrt_20260807_221501_843.png
20260807_221504_330,2026-08-07 22:15:04,False,10000,180,0.0,0,0.6,0.1,0.3,0,0.5,10,9.5,10,rrt_20260807_221504_330.png
20260807_221506_570,2026-08-07 22:15:06,True,7438,164,19.07206124440684,33,0.6,0.1,0.3,0,0.5,10,9.5,10,rrt_20260807_221506_570.png
20260807_221509_140,2026-08-07 22:15:09,False,10000,174,0.0,0,0.6,0.1,0.3,0,0.5,10,9.5,10,rrt_20260807_221509_140.png
20260807_221510_506,2026-08-07 22:15:10,True,4862,119,17.848609194608763,31,0.6,0.1,0.3,0,0.5,10,9.5,10,rrt_20260807_221510_506.png
20260807_221512_517,2026-08-07 22:15:12,False,10000,130,0.0,0,0.6,0.1,0.3,0,0.5,10,9.5,10,rrt_20260807_221512_517.png
20260807_221513_424,2026-08-07 22:15:13,True,1978,79,16.799999999999997,29,0.6,0.1,0.3,0,0.5,10,9.5,10,rrt_20260807_221513_424.png
20260807_221515_841,2026-08-07 22:15:15,False,10000,185,0.0,0,0.6,0.1,0.3,0,0.5,10,9.5,10,rrt_20260807_221515_841.png
20260807_221518_542,2026-08-07 22:15:18,False,10000,179,0.0,0,0.6,0.1,0.3,0,0.5,10,9.5,10,rrt_20260807_221518_542.png
20260807_221520_588,2026-08-07 22:15:20,False,10000,133,0.0,0,0.6,0.1,0.3,0,0.5,10,9.5,10,rrt_20260807_221520_588.png
20260807_221521_575,2026-08-07 22:15:21,True,3043,90,17.83458366879649,31,0.6,0.1,0.3,0,0.5,10,9.5,10,rrt_20260807_221521_575.png
20260807_221523_988,2026-08-07 22:15:23,False,10000,123,0.0,0,0.6,0.1,0.3,0,0.5,10,9.5,10,rrt_20260807_221523_988.png
20260807_221526_807,2026-08-07 22:15:26,False,10000,191,0.0,0,0.6,0.1,0.3,0,0.5,10,9.5,10,rrt_20260807_221526_807.png
20260807_221528_657,2026-08-07 22:15:28,True,8431,167,17.51836837487783,31,0.6,0.1,0.3,0,0.5,10,9.5,10,rrt_20260807_221528_657.png
20260807_221530_141,2026-08-07 22:15:30,True,4492,122,17.837657116560386,31,0.6,0.1,0.3,0,0.5,10,9.5,10,rrt_20260807_221530_141.png
20260807_221532_088,2026-08-07 22:15:32,False,10000,155,0.0,0,0.6,0.1,0.3,0,0.5,10,9.5,10,rrt_20260807_221532_088.png
20260807_221532_922,2026-08-07 22:15:32,True,2061,54,18.494634282972466,32,0.6,0.1,0.3,0,0.5,10,9.5,10,rrt_20260807_221532_922.png
20260807_221535_049,2026-08-07 22:15:35,False,10000,168,0.0,0,0.6,0.1,0.3,0,0.5,10,9.5,10,rrt_20260807_221535_049.png
20260807_221535_960,2026-08-07 22:15:35,True,1868,98,17.384736704112335,30,0.6,0.1,0.3,0,0.5,10,9.5,10,rrt_20260807_221535_960.png
20260807_221538_712,2026-08-07 22:15:38,False,10000,164,0.0,0,0.6,0.1,0.3,0,0.5,10,9.5,10,rrt_20260807_221538_712.png
20260807_221541_386,2026-08-07 22:15:41,False,10000,183,0.0,0,0.6,0.1,0.3,0,0.5,10,9.5,10,rrt_20260807_221541_386.png
20260807_221542_234,2026-08-07 22:15:42,True,954,55,18.000000000000004,31,0.6,0.1,0.3,0,0.5,10,9.5,10,rrt_20260807_221542_234.png
20260807_221544_417,2026-08-07 22:15:44,False,10000,164,0.0,0,0.6,0.1,0.3,0,0.5,10,9.5,10,rrt_20260807_221544_417.png
20260807_221546_272,2026-08-07 22:15:46,False,10000,117,0.0,0,0.6,0.1,0.3,0,0.5,10,9.5,10,rrt_20260807_221546_272.png
20260807_221548_950,2026-08-07 22:15:48,False,10000,184,0.0,0,0.6,0.1,0.3,0,0.5,10,9.5,10,rrt_20260807_221548_950.png
20260807_221550_693,2026-08-07 22:15:50,False,10000,99,0.0,0,0.6,0.1,0.3,0,0.5,10,9.5,10,rrt_20260807_221550_693.png
20260807_221551_849,2026-08-07 22:15:51,True,3592,104,19.19999999999999,33,0.6,0.1,0.3,0,0.5,10,9.5,10,rrt_20260807_221551_849.png
20260807_221553_638,2026-08-07 22:15:53,True,8563,149,19.0512382834545,33,0.6,0.1,0.3,0,0.5,10,9.5,10,rrt_20260807_221553_638.png
20260807_221556_018,2026-08-07 22:15:56,False,10000,167,0.0,0,0.6,0.1,0.3,0,0.5,10,9.5,10,rrt_20260807_221556_018.png
20260807_221557_555,2026-08-07 22:15:57,True,3594,99,17.400000000000002,30,0.6,0.1,0.3,0,0.5,10,9.5,10,rrt_20260807_221557_555.png
20260807_221559_939,2026-08-07 22:15:59,False,10000,188,0.0,0,0.6,0.1,0.3,0,0.5,10,9.5,10,rrt_20260807_221559_939.png
20260807_221602_172,2026-08-07 22:16:02,False,10000,166,0.0,0,0.6,0.1,0.3,0,0.5,10,9.5,10,rrt_20260807_221602_172.png
20260807_221603_394,2026-08-07 22:16:03,True,2652,92,17.772228719380106,31,0.6,0.1,0.3,0,0.5,10,9.5,10,rrt_20260807_221603_394.png
20260807_221605_048,2026-08-07 22:16:05,True,8656,131,17.212053262454496,30,0.6,0.1,0.3,0,0.5,10,9.5,10,rrt_20260807_221605_048.png
20260807_221607_768,2026-08-07 22:16:07,False,10000,175,0.0,0,0.6,0.1,0.3,0,0.5,10,9.5,10,rrt_20260807_221607_768.png
20260807_221609_837,2026-08-07 22:16:09,False,10000,107,0.0,0,0.6,0.1,0.3,0,0.5,10,9.5,10,rrt_20260807_221609_837.png
20260807_221611_157,2026-08-07 22:16:11,True,3872,136,17.256983633399315,30,0.6,0.1,0.3,0,0.5,10,9.5,10,rrt_20260807_221611_157.png
20260807_221613_219,2026-08-07 22:16:13,True,5887,140,17.999999999999996,31,0.6,0.1,0.3,0,0.5,10,9.5,10,rrt_20260807_221613_219.png
20260807_221615_144,2026-08-07 22:16:15,True,7537,155,21.60000000000001,37,0.6,0.1,0.3,0,0.5,10,9.5,10,rrt_20260807_221615_144.png
20260807_221617_409,2026-08-07 22:16:17,True,9473,186,19.528896852323726,34,0.6,0.1,0.3,0,0.5,10,9.5,10,rrt_20260807_221617_409.png
20260807_221619_148,2026-08-07 22:16:19,True,8186,139,17.334561836364156,30,0.6,0.1,0.3,0,0.5,10,9.5,10,rrt_20260807_221619_148.png
20260807_221620_696,2026-08-07 22:16:20,True,7036,138,19.799999999999994,34,0.6,0.1,0.3,0,0.5,10,9.5,10,rrt_20260807_221620_696.png
20260807_221623_068,2026-08-07 22:16:23,False,10000,170,0.0,0,0.6,0.1,0.3,0,0.5,10,9.5,10,rrt_20260807_221623_068.png
20260807_221624_147,2026-08-07 22:16:24,True,3456,127,17.72578586884767,31,0.6,0.1,0.3,0,0.5,10,9.5,10,rrt_20260807_221624_147.png
20260807_221625_163,2026-08-07 22:16:25,True,1560,110,17.448157994890245,31,0.6,0.2,0.3,0,0.5,10,9.5,10,rrt_20260807_221625_163.png
20260807_221627_308,2026-08-07 22:16:27,False,10000,164,0.0,0,0.6,0.2,0.3,0,0.5,10,9.5,10,rrt_20260807_221627_308.png
20260807_221628_820,2026-08-07 22:16:28,True,2864,102,19.800000000000008,34,0.6,0.2,0.3,0,0.5,10,9.5,10,rrt_20260807_221628_820.png
20260807_221632_162,2026-08-07 22:16:32,False,10000,245,0.0,0,0.6,0.2,0.3,0,0.5,10,9.5,10,rrt_20260807_221632_162.png
20260807_221633_623,2026-08-07 22:16:33,True,5302,112,18.59999999999999,32,0.6,0.2,0.3,0,0.5,10,9.5,10,rrt_20260807_221633_623.png
20260807_221636_551,2026-08-07 22:16:36,False,10000,231,0.0,0,0.6,0.2,0.3,0,0.5,10,9.5,10,rrt_20260807_221636_551.png
20260807_221639_715,2026-08-07 22:16:39,False,10000,238,0.0,0,0.6,0.2,0.3,0,0.5,10,9.5,10,rrt_20260807_221639_715.png
20260807_221642_548,2026-08-07 22:16:42,False,10000,248,0.0,0,0.6,0.2,0.3,0,0.5,10,9.5,10,rrt_20260807_221642_548.png
20260807_221645_833,2026-08-07 22:16:45,False,10000,253,0.0,0,0.6,0.2,0.3,0,0.5,10,9.5,10,rrt_20260807_221645_833.png
20260807_221647_232,2026-08-07 22:16:47,True,4828,161,18.987692141958583,33,0.6,0.2,0.3,0,0.5,10,9.5,10,rrt_20260807_221647_232.png
20260807_221648_284,2026-08-07 22:16:48,True,3281,129,17.99999999999999,31,0.6,0.2,0.3,0,0.5,10,9.5,10,rrt_20260807_221648_284.png
20260807_221649_882,2026-08-07 22:16:49,True,2662,107,17.541010949051035,31,0.6,0.2,0.3,0,0.5,10,9.5,10,rrt_20260807_221649_882.png
20260807_221652_958,2026-08-07 22:16:52,False,10000,263,0.0,0,0.6,0.2,0.3,0,0.5,10,9.5,10,rrt_20260807_221652_958.png
20260807_221655_408,2026-08-07 22:16:55,False,10000,205,0.0,0,0.6,0.2,0.3,0,0.5,10,9.5,10,rrt_20260807_221655_408.png
20260807_221656_437,2026-08-07 22:16:56,True,2172,158,18.90916602755881,33,0.6,0.2,0.3,0,0.5,10,9.5,10,rrt_20260807_221656_437.png
20260807_221657_600,2026-08-07 22:16:57,True,3557,140,17.98514760512226,31,0.6,0.2,0.3,0,0.5,10,9.5,10,rrt_20260807_221657_600.png
20260807_221700_750,2026-08-07 22:17:00,False,10000,239,0.0,0,0.6,0.2,0.3,0,0.5,10,9.5,10,rrt_20260807_221700_750.png
20260807_221703_738,2026-08-07 22:17:03,False,10000,231,0.0,0,0.6,0.2,0.3,0,0.5,10,9.5,10,rrt_20260807_221703_738.png
20260807_221706_649,2026-08-07 22:17:06,False,10000,227,0.0,0,0.6,0.2,0.3,0,0.5,10,9.5,10,rrt_20260807_221706_649.png
20260807_221710_314,2026-08-07 22:17:10,False,10000,249,0.0,0,0.6,0.2,0.3,0,0.5,10,9.5,10,rrt_20260807_221710_314.png
20260807_221713_168,2026-08-07 22:17:13,False,10000,186,0.0,0,0.6,0.2,0.3,0,0.5,10,9.5,10,rrt_20260807_221713_168.png
20260807_221716_626,2026-08-07 22:17:16,False,10000,249,0.0,0,0.6,0.2,0.3,0,0.5,10,9.5,10,rrt_20260807_221716_626.png
20260807_221717_714,2026-08-07 22:17:17,True,2414,122,17.329631595616963,30,0.6,0.2,0.3,0,0.5,10,9.5,10,rrt_20260807_221717_714.png
20260807_221718_578,2026-08-07 22:17:18,True,1544,81,18.42945540428512,32,0.6,0.2,0.3,0,0.5,10,9.5,10,rrt_20260807_221718_578.png
20260807_221719_448,2026-08-07 22:17:19,True,1669,119,18.0,31,0.6,0.2,0.3,0,0.5,10,9.5,10,rrt_20260807_221719_448.png
20260807_221720_618,2026-08-07 22:17:20,True,1426,87,17.400000000000002,30,0.6,0.2,0.3,0,0.5,10,9.5,10,rrt_20260807_221720_618.png
20260807_221721_395,2026-08-07 22:17:21,True,1262,78,17.10622555002479,30,0.6,0.2,0.3,0,0.5,10,9.5,10,rrt_20260807_221721_395.png
20260807_221724_695,2026-08-07 22:17:24,False,10000,245,0.0,0,0.6,0.2,0.3,0,0.5,10,9.5,10,rrt_20260807_221724_695.png
20260807_221727_377,2026-08-07 22:17:27,False,10000,196,0.0,0,0.6,0.2,0.3,0,0.5,10,9.5,10,rrt_20260807_221727_377.png
20260807_221729_053,2026-08-07 22:17:29,True,2935,129,21.0,36,0.6,0.2,0.3,0,0.5,10,9.5,10,rrt_20260807_221729_053.png
20260807_221800_434,2026-08-07 22:18:00,False,10000,223,0.0,0,0.6,0.2,0.3,0,0.5,10,9.5,10,rrt_20260807_221800_434.png
20260807_221801_766,2026-08-07 22:18:01,True,3515,146,18.491442408325927,32,0.6,0.2,0.3,0,0.5,10,9.5,10,rrt_20260807_221801_766.png
20260807_221804_754,2026-08-07 22:18:04,False,10000,217,0.0,0,0.6,0.2,0.3,0,0.5,10,9.5,10,rrt_20260807_221804_754.png
20260807_221814_011,2026-08-07 22:18:14,False,10000,252,0.0,0,0.6,0.2,0.3,0,0.5,10,9.5,10,rrt_20260807_221814_011.png
20260807_221817_127,2026-08-07 22:18:17,True,1700,108,19.200000000000003,33,0.6,0.2,0.3,0,0.5,10,9.5,10,rrt_20260807_221817_127.png
20260807_221819_183,2026-08-07 22:18:19,True,419,60,17.99999999999999,31,0.6,0.2,0.3,0,0.5,10,9.5,10,rrt_20260807_221819_183.png
20260807_221824_101,2026-08-07 22:18:24,True,5997,153,18.932762191461748,33,0.6,0.2,0.3,0,0.5,10,9.5,10,rrt_20260807_221824_101.png
20260807_221837_027,2026-08-07 22:18:37,False,10000,248,0.0,0,0.6,0.2,0.3,0,0.5,10,9.5,10,rrt_20260807_221837_027.png
20260807_223448_862,2026-08-07 22:34:48,False,10000,170,0.0,0,0.6,0.2,0.3,0,0.5,10,9.5,10,rrt_20260807_223448_862.png
20260807_223450_266,2026-08-07 22:34:50,True,1410,75,18.6,32,0.6,0.2,0.3,0,0.5,10,9.5,10,rrt_20260807_223450_266.png
20260807_223451_217,2026-08-07 22:34:51,True,1557,98,18.475148006572393,32,0.6,0.2,0.3,0,0.5,10,9.5,10,rrt_20260807_223451_217.png
20260807_223453_829,2026-08-07 22:34:53,False,10000,218,0.0,0,0.6,0.2,0.3,0,0.5,10,9.5,10,rrt_20260807_223453_829.png
20260807_223457_111,2026-08-07 22:34:57,False,10000,261,0.0,0,0.6,0.2,0.3,0,0.5,10,9.5,10,rrt_20260807_223457_111.png
20260807_223458_602,2026-08-07 22:34:58,True,1545,94,17.999999999999993,31,0.6,0.2,0.3,0,0.5,10,9.5,10,rrt_20260807_223458_602.png
20260807_223459_755,2026-08-07 22:34:59,True,2559,137,18.108999410755775,32,0.6,0.2,0.3,0,0.5,10,9.5,10,rrt_20260807_223459_755.png
20260807_223500_727,2026-08-07 22:35:00,True,1915,119,18.512977645582904,32,0.6,0.2,0.3,0,0.5,10,9.5,10,rrt_20260807_223500_727.png
20260807_223501_772,2026-08-07 22:35:01,True,2157,135,17.99999999999999,31,0.6,0.2,0.3,0,0.5,10,9.5,10,rrt_20260807_223501_772.png
20260807_223505_761,2026-08-07 22:35:05,False,10000,245,0.0,0,0.6,0.2,0.3,0,0.5,10,9.5,10,rrt_20260807_223505_761.png
20260807_223509_592,2026-08-07 22:35:09,False,10000,239,0.0,0,0.6,0.2,0.3,0,0.5,10,9.5,10,rrt_20260807_223509_592.png
20260807_223510_524,2026-08-07 22:35:10,True,1024,75,17.999999999999986,31,0.6,0.2,0.3,0,0.5,10,9.5,10,rrt_20260807_223510_524.png
20260807_223511_501,2026-08-07 22:35:11,True,2347,115,21.000000000000007,36,0.6,0.2,0.3,0,0.5,10,9.5,10,rrt_20260807_223511_501.png
20260807_223512_719,2026-08-07 22:35:12,True,4521,151,19.19999999999999,33,0.6,0.2,0.3,0,0.5,10,9.5,10,rrt_20260807_223512_719.png
20260807_223513_702,2026-08-07 22:35:13,True,2145,108,17.99999999999999,31,0.6,0.2,0.3,0,0.5,10,9.5,10,rrt_20260807_223513_702.png
20260807_223516_853,2026-08-07 22:35:16,False,10000,244,0.0,0,0.6,0.2,0.3,0,0.5,10,9.5,10,rrt_20260807_223516_853.png
20260807_223519_949,2026-08-07 22:35:19,False,10000,234,0.0,0,0.6,0.2,0.3,0,0.5,10,9.5,10,rrt_20260807_223519_949.png
20260807_223522_553,2026-08-07 22:35:22,True,6212,207,18.3545304321424,32,0.6,0.2,0.3,0,0.5,10,9.5,10,rrt_20260807_223522_553.png
20260807_223525_807,2026-08-07 22:35:25,False,10000,229,0.0,0,0.6,0.2,0.3,0,0.5,10,9.5,10,rrt_20260807_223525_807.png
20260807_223526_801,2026-08-07 22:35:26,True,1558,95,17.94235409925153,31,0.6,0.2,0.3,0,0.5,10,9.5,10,rrt_20260807_223526_801.png
20260807_223527_897,2026-08-07 22:35:27,True,2723,135,21.073603889244293,37,0.6,0.2,0.3,0,0.5,10,9.5,10,rrt_20260807_223527_897.png
20260807_223531_227,2026-08-07 22:35:31,False,10000,239,0.0,0,0.6,0.2,0.3,0,0.5,10,9.5,10,rrt_20260807_223531_227.png
20260807_223532_272,2026-08-07 22:35:32,True,2915,122,19.800000000000008,34,0.6,0.2,0.3,0,0.5,10,9.5,10,rrt_20260807_223532_272.png
20260807_223533_393,2026-08-07 22:35:33,True,1029,87,17.182262423748256,30,0.6,0.2,0.3,0,0.5,10,9.5,10,rrt_20260807_223533_393.png
20260807_223534_413,2026-08-07 22:35:34,True,3016,125,17.84463678127522,31,0.6,0.2,0.3,0,0.5,10,9.5,10,rrt_20260807_223534_413.png
20260807_223535_415,2026-08-07 22:35:35,True,1281,124,17.4,30,0.6,0.2,0.3,0,0.5,10,9.5,10,rrt_20260807_223535_415.png
20260807_223538_896,2026-08-07 22:35:38,False,10000,219,0.0,0,0.6,0.2,0.3,0,0.5,10,9.5,10,rrt_20260807_223538_896.png
20260807_223540_195,2026-08-07 22:35:40,True,3968,153,21.81253735285721,38,0.6,0.2,0.3,0,0.5,10,9.5,10,rrt_20260807_223540_195.png
20260807_223541_575,2026-08-07 22:35:41,True,4857,149,18.61667889030303,33,0.6,0.2,0.3,0,0.5,10,9.5,10,rrt_20260807_223541_575.png
20260807_223542_954,2026-08-07 22:35:42,True,3789,177,17.848055579696414,31,0.6,0.2,0.3,0,0.5,10,9.5,10,rrt_20260807_223542_954.png
20260807_223545_776,2026-08-07 22:35:45,False,10000,206,0.0,0,0.6,0.2,0.3,0,0.5,10,9.5,10,rrt_20260807_223545_776.png
20260807_223546_662,2026-08-07 22:35:46,True,1295,67,18.599999999999994,32,0.6,0.2,0.3,0,0.5,10,9.5,10,rrt_20260807_223546_662.png
20260807_223549_837,2026-08-07 22:35:49,False,10000,239,0.0,0,0.6,0.2,0.3,0,0.5,10,9.5,10,rrt_20260807_223549_837.png
20260807_223550_725,2026-08-07 22:35:50,True,1536,74,17.4,30,0.6,0.2,0.3,0,0.5,10,9.5,10,rrt_20260807_223550_725.png
20260807_223551_896,2026-08-07 22:35:51,True,3047,147,19.2,33,0.6,0.2,0.3,0,0.5,10,9.5,10,rrt_20260807_223551_896.png
20260807_223553_475,2026-08-07 22:35:53,True,2764,139,17.999999999999996,31,0.6,0.2,0.3,0,0.5,10,9.5,10,rrt_20260807_223553_475.png
20260807_223554_508,2026-08-07 22:35:54,True,2313,126,18.39749061442116,32,0.6,0.2,0.3,0,0.5,10,9.5,10,rrt_20260807_223554_508.png
20260807_223555_653,2026-08-07 22:35:55,True,2908,154,18.472061958505027,32,0.6,0.2,0.3,0,0.5,10,9.5,10,rrt_20260807_223555_653.png
20260807_223556_553,2026-08-07 22:35:56,True,2204,102,18.000000000000004,31,0.6,0.2,0.3,0,0.5,10,9.5,10,rrt_20260807_223556_553.png
20260807_223558_310,2026-08-07 22:35:58,True,4826,171,17.400000000000006,30,0.6,0.2,0.3,0,0.5,10,9.5,10,rrt_20260807_223558_310.png
20260807_223559_175,2026-08-07 22:35:59,True,1490,92,17.973668929063038,31,0.6,0.2,0.3,0,0.5,10,9.5,10,rrt_20260807_223559_175.png
20260807_223602_397,2026-08-07 22:36:02,False,10000,251,0.0,0,0.6,0.2,0.3,0,0.5,10,9.5,10,rrt_20260807_223602_397.png
20260807_223603_420,2026-08-07 22:36:03,True,2125,127,17.400000000000002,30,0.6,0.2,0.3,0,0.5,10,9.5,10,rrt_20260807_223603_420.png
20260807_223604_424,2026-08-07 22:36:04,True,2976,116,18.48661432977438,32,0.6,0.2,0.3,0,0.5,10,9.5,10,rrt_20260807_223604_424.png
20260807_223605_779,2026-08-07 22:36:05,True,1981,117,17.94830552203065,31,0.6,0.2,0.3,0,0.5,10,9.5,10,rrt_20260807_223605_779.png
20260807_223606_754,2026-08-07 22:36:06,True,1828,137,17.980382331004574,31,0.6,0.2,0.3,0,0.5,10,9.5,10,rrt_20260807_223606_754.png
20260807_223610_161,2026-08-07 22:36:10,False,10000,253,0.0,0,0.6,0.2,0.3,0,0.5,10,9.5,10,rrt_20260807_223610_161.png
20260807_223611_237,2026-08-07 22:36:11,True,3036,117,17.400000000000002,30,0.6,0.2,0.3,0,0.5,10,9.5,10,rrt_20260807_223611_237.png
20260807_223614_480,2026-08-07 22:36:14,False,10000,262,0.0,0,0.6,0.2,0.3,0,0.5,10,9.5,10,rrt_20260807_223614_480.png
20260807_223617_725,2026-08-07 22:36:17,False,10000,244,0.0,0,0.6,0.2,0.3,0,0.5,10,9.5,10,rrt_20260807_223617_725.png
20260807_223620_672,2026-08-07 22:36:20,False,10000,239,0.0,0,0.6,0.2,0.3,0,0.5,10,9.5,10,rrt_20260807_223620_672.png
20260807_223621_785,2026-08-07 22:36:21,True,3882,112,18.602243458982688,33,0.6,0.2,0.3,0,0.5,10,9.5,10,rrt_20260807_223621_785.png
20260807_223623_175,2026-08-07 22:36:23,True,3808,171,19.576726269917526,34,0.6,0.2,0.3,0,0.5,10,9.5,10,rrt_20260807_223623_175.png
20260807_223624_474,2026-08-07 22:36:24,True,1294,89,20.30277320161135,35,0.6,0.2,0.3,0,0.5,10,9.5,10,rrt_20260807_223624_474.png
20260807_223627_958,2026-08-07 22:36:27,False,10000,271,0.0,0,0.6,0.2,0.3,0,0.5,10,9.5,10,rrt_20260807_223627_958.png
20260807_223628_928,2026-08-07 22:36:28,True,1769,111,19.144431199326768,33,0.6,0.2,0.3,0,0.5,10,9.5,10,rrt_20260807_223628_928.png
20260807_223629_893,2026-08-07 22:36:29,True,2704,115,18.52261264376334,32,0.6,0.2,0.3,0,0.5,10,9.5,10,rrt_20260807_223629_893.png
20260807_223632_865,2026-08-07 22:36:32,False,10000,219,0.0,0,0.6,0.2,0.3,0,0.5,10,9.5,10,rrt_20260807_223632_865.png
20260807_223633_831,2026-08-07 22:36:33,True,389,61,17.71052610120689,31,0.6,0.2,0.3,0,0.5,10,9.5,10,rrt_20260807_223633_831.png
20260807_223634_608,2026-08-07 22:36:34,True,994,98,17.89504044432359,31,0.6,0.2,0.3,0,0.5,10,9.5,10,rrt_20260807_223634_608.png
20260807_223635_825,2026-08-07 22:36:35,True,898,81,16.8,29,0.6,0.2,0.3,0,0.5,10,9.5,10,rrt_20260807_223635_825.png
20260807_223636_797,2026-08-07 22:36:36,True,3408,114,17.4,30,0.6,0.2,0.3,0,0.5,10,9.5,10,rrt_20260807_223636_797.png
20260807_223638_031,2026-08-07 22:36:38,True,1141,126,19.43977162810471,34,0.6,0.3,0.3,0,0.5,10,9.5,10,rrt_20260807_223638_031.png
20260807_223638_957,2026-08-07 22:36:38,True,1857,118,19.725281195902856,34,0.6,0.3,0.3,0,0.5,10,9.5,10,rrt_20260807_223638_957.png
20260807_223639_700,2026-08-07 22:36:39,True,661,56,16.69690611308917,29,0.6,0.3,0.3,0,0.5,10,9.5,10,rrt_20260807_223639_700.png
20260807_223640_496,2026-08-07 22:36:40,True,1061,111,17.4,30,0.6,0.3,0.3,0,0.5,10,9.5,10,rrt_20260807_223640_496.png
20260807_223644_287,2026-08-07 22:36:44,False,10000,337,0.0,0,0.6,0.3,0.3,0,0.5,10,9.5,10,rrt_20260807_223644_287.png
20260807_223645_265,2026-08-07 22:36:45,True,463,60,16.799999999999997,29,0.6,0.3,0.3,0,0.5,10,9.5,10,rrt_20260807_223645_265.png
20260807_223646_131,2026-08-07 22:36:46,True,1470,115,17.4,30,0.6,0.3,0.3,0,0.5,10,9.5,10,rrt_20260807_223646_131.png
20260807_223647_339,2026-08-07 22:36:47,True,934,102,17.99398204596645,31,0.6,0.3,0.3,0,0.5,10,9.5,10,rrt_20260807_223647_339.png
20260807_223650_804,2026-08-07 22:36:50,False,10000,314,0.0,0,0.6,0.3,0.3,0,0.5,10,9.5,10,rrt_20260807_223650_804.png
20260807_223654_984,2026-08-07 22:36:54,False,10000,316,0.0,0,0.6,0.3,0.3,0,0.5,10,9.5,10,rrt_20260807_223654_984.png
20260807_223656_011,2026-08-07 22:36:56,True,1749,146,19.2,33,0.6,0.3,0.3,0,0.5,10,9.5,10,rrt_20260807_223656_011.png
20260807_223659_396,2026-08-07 22:36:59,False,10000,300,0.0,0,0.6,0.3,0.3,0,0.5,10,9.5,10,rrt_20260807_223659_396.png
20260807_223700_335,2026-08-07 22:37:00,True,1182,98,19.034183623140816,33,0.6,0.3,0.3,0,0.5,10,9.5,10,rrt_20260807_223700_335.png
20260807_223701_184,2026-08-07 22:37:01,True,1631,117,17.999999999999996,31,0.6,0.3,0.3,0,0.5,10,9.5,10,rrt_20260807_223701_184.png
20260807_223703_812,2026-08-07 22:37:03,False,10000,208,0.0,0,0.6,0.3,0.3,0,0.5,10,9.5,10,rrt_20260807_223703_812.png
20260807_223704_676,2026-08-07 22:37:04,True,913,86,18.552662418471026,32,0.6,0.3,0.3,0,0.5,10,9.5,10,rrt_20260807_223704_676.png
20260807_223707_990,2026-08-07 22:37:07,False,10000,240,0.0,0,0.6,0.3,0.3,0,0.5,10,9.5,10,rrt_20260807_223707_990.png
20260807_223710_885,2026-08-07 22:37:10,False,10000,248,0.0,0,0.6,0.3,0.3,0,0.5,10,9.5,10,rrt_20260807_223710_885.png
20260807_223712_337,2026-08-07 22:37:12,True,1796,128,18.008628983570976,32,0.6,0.3,0.3,0,0.5,10,9.5,10,rrt_20260807_223712_337.png
20260807_223716_079,2026-08-07 22:37:16,False,10000,314,0.0,0,0.6,0.3,0.3,0,0.5,10,9.5,10,rrt_20260807_223716_079.png
20260807_223719_259,2026-08-07 22:37:19,False,10000,260,0.0,0,0.6,0.3,0.3,0,0.5,10,9.5,10,rrt_20260807_223719_259.png
20260807_223722_281,2026-08-07 22:37:22,False,10000,210,0.0,0,0.6,0.3,0.3,0,0.5,10,9.5,10,rrt_20260807_223722_281.png
20260807_223726_110,2026-08-07 22:37:26,False,10000,310,0.0,0,0.6,0.3,0.3,0,0.5,10,9.5,10,rrt_20260807_223726_110.png
20260807_223727_197,2026-08-07 22:37:27,True,1965,146,21.54953822398568,37,0.6,0.3,0.3,0,0.5,10,9.5,10,rrt_20260807_223727_197.png
20260807_223727_997,2026-08-07 22:37:27,True,851,78,19.200000000000003,33,0.6,0.3,0.3,0,0.5,10,9.5,10,rrt_20260807_223727_997.png
20260807_223728_992,2026-08-07 22:37:28,True,1929,141,16.8,29,0.6,0.3,0.3,0,0.5,10,9.5,10,rrt_20260807_223728_992.png
20260807_223730_260,2026-08-07 22:37:30,True,1609,96,18.000000000000004,31,0.6,0.3,0.3,0,0.5,10,9.5,10,rrt_20260807_223730_260.png
20260807_223734_045,2026-08-07 22:37:34,False,10000,311,0.0,0,0.6,0.3,0.3,0,0.5,10,9.5,10,rrt_20260807_223734_045.png
20260807_223737_808,2026-08-07 22:37:37,False,10000,319,0.0,0,0.6,0.3,0.3,0,0.5,10,9.5,10,rrt_20260807_223737_808.png
20260807_223740_481,2026-08-07 22:37:40,False,10000,196,0.0,0,0.6,0.3,0.3,0,0.5,10,9.5,10,rrt_20260807_223740_481.png
20260807_223741_477,2026-08-07 22:37:41,True,2761,112,16.799999999999997,29,0.6,0.3,0.3,0,0.5,10,9.5,10,rrt_20260807_223741_477.png
20260807_223742_659,2026-08-07 22:37:42,True,3611,150,22.200000000000003,38,0.6,0.3,0.3,0,0.5,10,9.5,10,rrt_20260807_223742_659.png
20260807_223746_344,2026-08-07 22:37:46,False,10000,318,0.0,0,0.6,0.3,0.3,0,0.5,10,9.5,10,rrt_20260807_223746_344.png
20260807_223748_241,2026-08-07 22:37:48,True,6504,211,18.360009217941023,32,0.6,0.3,0.3,0,0.5,10,9.5,10,rrt_20260807_223748_241.png
20260807_223749_593,2026-08-07 22:37:49,True,2087,107,20.273495481924034,35,0.6,0.3,0.3,0,0.5,10,9.5,10,rrt_20260807_223749_593.png
20260807_223750_780,2026-08-07 22:37:50,True,848,103,19.011951281509635,33,0.6,0.3,0.3,0,0.5,10,9.5,10,rrt_20260807_223750_780.png
20260807_223753_455,2026-08-07 22:37:53,False,10000,198,0.0,0,0.6,0.3,0.3,0,0.5,10,9.5,10,rrt_20260807_223753_455.png
20260807_223754_374,2026-08-07 22:37:54,True,1518,113,18.58541455368229,32,0.6,0.3,0.3,0,0.5,10,9.5,10,rrt_20260807_223754_374.png
20260807_223755_278,2026-08-07 22:37:55,True,346,65,20.275380563523598,35,0.6,0.3,0.3,0,0.5,10,9.5,10,rrt_20260807_223755_278.png
20260807_223758_121,2026-08-07 22:37:58,False,10000,249,0.0,0,0.6,0.3,0.3,0,0.5,10,9.5,10,rrt_20260807_223758_121.png
20260807_223801_836,2026-08-07 22:38:01,False,10000,328,0.0,0,0.6,0.3,0.3,0,0.5,10,9.5,10,rrt_20260807_223801_836.png
20260807_223802_743,2026-08-07 22:38:02,True,1371,97,20.356541941554784,35,0.6,0.3,0.3,0,0.5,10,9.5,10,rrt_20260807_223802_743.png
20260807_223806_250,2026-08-07 22:38:06,False,10000,274,0.0,0,0.6,0.3,0.3,0,0.5,10,9.5,10,rrt_20260807_223806_250.png
20260807_223809_983,2026-08-07 22:38:09,False,10000,311,0.0,0,0.6,0.3,0.3,0,0.5,10,9.5,10,rrt_20260807_223809_983.png
20260807_223814_043,2026-08-07 22:38:14,False,10000,304,0.0,0,0.6,0.3,0.3,0,0.5,10,9.5,10,rrt_20260807_223814_043.png
20260807_223817_884,2026-08-07 22:38:17,False,10000,318,0.0,0,0.6,0.3,0.3,0,0.5,10,9.5,10,rrt_20260807_223817_884.png
20260807_223821_602,2026-08-07 22:38:21,False,10000,317,0.0,0,0.6,0.3,0.3,0,0.5,10,9.5,10,rrt_20260807_223821_602.png
20260807_223824_449,2026-08-07 22:38:24,False,10000,232,0.0,0,0.6,0.3,0.3,0,0.5,10,9.5,10,rrt_20260807_223824_449.png
20260807_223825_287,2026-08-07 22:38:25,True,744,92,17.986884130458602,31,0.6,0.3,0.3,0,0.5,10,9.5,10,rrt_20260807_223825_287.png
20260807_223829_256,2026-08-07 22:38:29,False,10000,342,0.0,0,0.6,0.3,0.3,0,0.5,10,9.5,10,rrt_20260807_223829_256.png
20260807_223830_272,2026-08-07 22:38:30,True,1383,132,16.799999999999997,29,0.6,0.3,0.3,0,0.5,10,9.5,10,rrt_20260807_223830_272.png
20260807_223834_293,2026-08-07 22:38:34,False,10000,323,0.0,0,0.6,0.3,0.3,0,0.5,10,9.5,10,rrt_20260807_223834_293.png
20260807_223837_768,2026-08-07 22:38:37,False,10000,298,0.0,0,0.6,0.3,0.3,0,0.5,10,9.5,10,rrt_20260807_223837_768.png
20260807_223840_975,2026-08-07 22:38:40,False,10000,236,0.0,0,0.6,0.3,0.3,0,0.5,10,9.5,10,rrt_20260807_223840_975.png
20260807_223844_328,2026-08-07 22:38:44,False,10000,286,0.0,0,0.6,0.3,0.3,0,0.5,10,9.5,10,rrt_20260807_223844_328.png
20260807_223847_095,2026-08-07 22:38:47,False,10000,232,0.0,0,0.6,0.3,0.3,0,0.5,10,9.5,10,rrt_20260807_223847_095.png
20260807_223848_140,2026-08-07 22:38:48,True,2607,135,17.4,30,0.6,0.3,0.3,0,0.5,10,9.5,10,rrt_20260807_223848_140.png
20260807_223849_001,2026-08-07 22:38:49,True,1033,95,16.8,29,0.6,0.3,0.3,0,0.5,10,9.5,10,rrt_20260807_223849_001.png
20260807_223851_643,2026-08-07 22:38:51,False,10000,215,0.0,0,0.6,0.3,0.3,0,0.5,10,9.5,10,rrt_20260807_223851_643.png
20260807_223855_537,2026-08-07 22:38:55,False,10000,325,0.0,0,0.6,0.3,0.3,0,0.5,10,9.5,10,rrt_20260807_223855_537.png
20260807_223858_660,2026-08-07 22:38:58,False,10000,258,0.0,0,0.6,0.3,0.3,0,0.5,10,9.5,10,rrt_20260807_223858_660.png
20260807_223859_862,2026-08-07 22:38:59,True,2480,132,17.999999999999993,31,0.6,0.3,0.3,0,0.5,10,9.5,10,rrt_20260807_223859_862.png
20260807_223901_129,2026-08-07 22:39:01,True,347,61,17.81018201925092,31,0.6,0.3,0.3,0,0.5,10,9.5,10,rrt_20260807_223901_129.png
20260807_223904_796,2026-08-07 22:39:04,False,10000,307,0.0,0,0.6,0.3,0.3,0,0.5,10,9.5,10,rrt_20260807_223904_796.png
20260807_223905_890,2026-08-07 22:39:05,True,2741,142,18.0,31,0.6,0.3,0.3,0,0.5,10,9.5,10,rrt_20260807_223905_890.png
20260807_223907_081,2026-08-07 22:39:07,True,1132,81,18.447407673645433,32,0.6,0.3,0.3,0,0.5,10,9.5,10,rrt_20260807_223907_081.png
20260807_223908_018,2026-08-07 22:39:08,True,2028,133,17.95195118956458,31,0.6,0.3,0.3,0,0.5,10,9.5,10,rrt_20260807_223908_018.png
20260807_223911_470,2026-08-07 22:39:11,False,10000,301,0.0,0,0.6,0.3,0.3,0,0.5,10,9.5,10,rrt_20260807_223911_470.png
20260807_223914_690,2026-08-07 22:39:14,False,10000,287,0.0,0,0.6,0.3,0.3,0,0.5,10,9.5,10,rrt_20260807_223914_690.png
20260807_223915_629,2026-08-07 22:39:15,True,1682,94,19.020648909176494,33,0.6,0.3,0.3,0,0.5,10,9.5,10,rrt_20260807_223915_629.png
20260807_223916_734,2026-08-07 22:39:16,True,2561,166,22.918440759426048,40,0.6,0.3,0.3,0,0.5,10,9.5,10,rrt_20260807_223916_734.png
20260807_223918_535,2026-08-07 22:39:18,True,1889,124,17.23719894668697,30,0.6,0.3,0.3,0,0.5,10,9.5,10,rrt_20260807_223918_535.png
20260807_223919_556,2026-08-07 22:39:19,True,2267,135,28.02128425410914,48,0.6,0.3,0.3,0,0.5,10,9.5,10,rrt_20260807_223919_556.png
20260807_223923_286,2026-08-07 22:39:23,False,10000,317,0.0,0,0.6,0.3,0.3,0,0.5,10,9.5,10,rrt_20260807_223923_286.png
20260807_223927_056,2026-08-07 22:39:27,False,10000,321,0.0,0,0.6,0.3,0.3,0,0.5,10,9.5,10,rrt_20260807_223927_056.png
20260807_223930_922,2026-08-07 22:39:30,False,10000,330,0.0,0,0.6,0.3,0.3,0,0.5,10,9.5,10,rrt_20260807_223930_922.png
20260807_223931_731,2026-08-07 22:39:31,True,358,45,17.935618848082836,31,0.6,0.3,0.3,0,0.5,10,9.5,10,rrt_20260807_223931_731.png
20260807_223935_534,2026-08-07 22:39:35,False,10000,336,0.0,0,0.6,0.3,0.3,0,0.5,10,9.5,10,rrt_20260807_223935_534.png
20260807_223939_113,2026-08-07 22:39:39,False,10000,309,0.0,0,0.6,0.3,0.3,0,0.5,10,9.5,10,rrt_20260807_223939_113.png
20260807_223940_783,2026-08-07 22:39:40,True,5119,191,17.902588418964534,31,0.6,0.3,0.3,0,0.5,10,9.5,10,rrt_20260807_223940_783.png
20260807_223942_558,2026-08-07 22:39:42,True,1480,116,18.494534999088188,32,0.6,0.3,0.3,0,0.5,10,9.5,10,rrt_20260807_223942_558.png
20260807_223943_749,2026-08-07 22:39:43,True,2358,122,17.215066616253043,30,0.6,0.3,0.3,0,0.5,10,9.5,10,rrt_20260807_223943_749.png
20260807_223947_209,2026-08-07 22:39:47,False,10000,308,0.0,0,0.6,0.3,0.3,0,0.5,10,9.5,10,rrt_20260807_223947_209.png
20260807_223950_347,2026-08-07 22:39:50,False,10000,268,0.0,0,0.6,0.3,0.3,0,0.5,10,9.5,10,rrt_20260807_223950_347.png
20260807_223954_153,2026-08-07 22:39:54,False,10000,324,0.0,0,0.6,0.3,0.3,0,0.5,10,9.5,10,rrt_20260807_223954_153.png
20260807_223955_051,2026-08-07 22:39:55,True,856,82,21.6,37,0.6,0.3,0.3,0,0.5,10,9.5,10,rrt_20260807_223955_051.png
20260807_223955_842,2026-08-07 22:39:55,True,875,108,17.167105410232956,30,0.6,0.3,0.3,0,0.5,10,9.5,10,rrt_20260807_223955_842.png
20260807_223956_596,2026-08-07 22:39:56,True,740,76,17.399999999999988,30,0.6,0.3,0.3,0,0.5,10,9.5,10,rrt_20260807_223956_596.png
20260807_223958_086,2026-08-07 22:39:58,True,2196,153,17.833676492667514,31,0.6,0.3,0.3,0,0.5,10,9.5,10,rrt_20260807_223958_086.png
20260807_224001_513,2026-08-07 22:40:01,False,10000,286,0.0,0,0.6,0.3,0.3,0,0.5,10,9.5,10,rrt_20260807_224001_513.png
20260807_224005_324,2026-08-07 22:40:05,False,10000,317,0.0,0,0.6,0.3,0.3,0,0.5,10,9.5,10,rrt_20260807_224005_324.png
20260807_224006_206,2026-08-07 22:40:06,True,770,79,17.99999999999999,31,0.6,0.3,0.3,0,0.5,10,9.5,10,rrt_20260807_224006_206.png
20260807_224007_542,2026-08-07 22:40:07,True,3247,174,17.81052283208279,31,0.6,0.3,0.3,0,0.5,10,9.5,10,rrt_20260807_224007_542.png
20260807_224011_136,2026-08-07 22:40:11,False,10000,315,0.0,0,0.6,0.3,0.3,0,0.5,10,9.5,10,rrt_20260807_224011_136.png
20260807_224012_578,2026-08-07 22:40:12,True,921,84,20.307429234502447,35,0.6,0.3,0.3,0,0.5,10,9.5,10,rrt_20260807_224012_578.png
20260807_224013_545,2026-08-07 22:40:13,True,1372,154,17.884477767039005,31,0.6,0.3,0.3,0,0.5,10,9.5,10,rrt_20260807_224013_545.png
20260807_224016_439,2026-08-07 22:40:16,False,10000,229,0.0,0,0.6,0.3,0.3,0,0.5,10,9.5,10,rrt_20260807_224016_439.png
20260807_224019_218,2026-08-07 22:40:19,False,10000,179,0.0,0,0.6,0.3,0.3,0,0.5,10,9.5,10,rrt_20260807_224019_218.png
20260807_224022_454,2026-08-07 22:40:22,False,10000,262,0.0,0,0.6,0.3,0.3,0,0.5,10,9.5,10,rrt_20260807_224022_454.png
20260807_224026_151,2026-08-07 22:40:26,False,10000,307,0.0,0,0.6,0.3,0.3,0,0.5,10,9.5,10,rrt_20260807_224026_151.png
20260807_224026_973,2026-08-07 22:40:26,True,349,84,17.1826115227061,30,0.6,0.4,0.3,0,0.5,10,9.5,10,rrt_20260807_224026_973.png
20260807_224027_812,2026-08-07 22:40:27,True,1058,119,17.761575469220347,31,0.6,0.4,0.3,0,0.5,10,9.5,10,rrt_20260807_224027_812.png
20260807_224031_723,2026-08-07 22:40:31,False,10000,355,0.0,0,0.6,0.4,0.3,0,0.5,10,9.5,10,rrt_20260807_224031_723.png
20260807_224035_797,2026-08-07 22:40:35,False,10000,383,0.0,0,0.6,0.4,0.3,0,0.5,10,9.5,10,rrt_20260807_224035_797.png
20260807_224036_649,2026-08-07 22:40:36,True,587,86,19.119567524768105,33,0.6,0.4,0.3,0,0.5,10,9.5,10,rrt_20260807_224036_649.png
20260807_224040_692,2026-08-07 22:40:40,False,10000,373,0.0,0,0.6,0.4,0.3,0,0.5,10,9.5,10,rrt_20260807_224040_692.png
20260807_224042_121,2026-08-07 22:40:42,True,2252,125,18.6,32,0.6,0.4,0.3,0,0.5,10,9.5,10,rrt_20260807_224042_121.png
20260807_224043_533,2026-08-07 22:40:43,True,1466,106,17.39939021554764,30,0.6,0.4,0.3,0,0.5,10,9.5,10,rrt_20260807_224043_533.png
20260807_224044_392,2026-08-07 22:40:44,True,902,114,18.0,31,0.6,0.4,0.3,0,0.5,10,9.5,10,rrt_20260807_224044_392.png
20260807_224048_582,2026-08-07 22:40:48,False,10000,383,0.0,0,0.6,0.4,0.3,0,0.5,10,9.5,10,rrt_20260807_224048_582.png
20260807_224052_911,2026-08-07 22:40:52,False,10000,405,0.0,0,0.6,0.4,0.3,0,0.5,10,9.5,10,rrt_20260807_224052_911.png
20260807_224053_843,2026-08-07 22:40:53,True,1237,121,18.0,31,0.6,0.4,0.3,0,0.5,10,9.5,10,rrt_20260807_224053_843.png
20260807_224057_819,2026-08-07 22:40:57,False,10000,380,0.0,0,0.6,0.4,0.3,0,0.5,10,9.5,10,rrt_20260807_224057_819.png
20260807_224058_736,2026-08-07 22:40:58,True,845,107,17.89063778996416,31,0.6,0.4,0.3,0,0.5,10,9.5,10,rrt_20260807_224058_736.png
20260807_224101_705,2026-08-07 22:41:01,False,10000,258,0.0,0,0.6,0.4,0.3,0,0.5,10,9.5,10,rrt_20260807_224101_705.png
20260807_224106_410,2026-08-07 22:41:06,False,10000,394,0.0,0,0.6,0.4,0.3,0,0.5,10,9.5,10,rrt_20260807_224106_410.png
20260807_224107_535,2026-08-07 22:41:07,True,2525,148,17.27318989131138,30,0.6,0.4,0.3,0,0.5,10,9.5,10,rrt_20260807_224107_535.png
20260807_224111_549,2026-08-07 22:41:11,False,10000,347,0.0,0,0.6,0.4,0.3,0,0.5,10,9.5,10,rrt_20260807_224111_549.png
20260807_224112_409,2026-08-07 22:41:12,True,372,58,17.4,30,0.6,0.4,0.3,0,0.5,10,9.5,10,rrt_20260807_224112_409.png
20260807_224113_174,2026-08-07 22:41:13,True,412,89,17.878253015245345,31,0.6,0.4,0.3,0,0.5,10,9.5,10,rrt_20260807_224113_174.png
20260807_224114_027,2026-08-07 22:41:14,True,1387,123,18.2704018165089,32,0.6,0.4,0.3,0,0.5,10,9.5,10,rrt_20260807_224114_027.png
20260807_224114_831,2026-08-07 22:41:14,True,742,119,16.94377523673839,30,0.6,0.4,0.3,0,0.5,10,9.5,10,rrt_20260807_224114_831.png
20260807_224118_863,2026-08-07 22:41:18,False,10000,371,0.0,0,0.6,0.4,0.3,0,0.5,10,9.5,10,rrt_20260807_224118_863.png
20260807_224119_790,2026-08-07 22:41:19,True,876,123,20.11728294337648,35,0.6,0.4,0.3,0,0.5,10,9.5,10,rrt_20260807_224119_790.png
20260807_224124_224,2026-08-07 22:41:24,False,10000,368,0.0,0,0.6,0.4,0.3,0,0.5,10,9.5,10,rrt_20260807_224124_224.png
20260807_224125_289,2026-08-07 22:41:25,True,1968,151,21.694396622334324,38,0.6,0.4,0.3,0,0.5,10,9.5,10,rrt_20260807_224125_289.png
20260807_224126_490,2026-08-07 22:41:26,True,1271,137,17.38834380763949,30,0.6,0.4,0.3,0,0.5,10,9.5,10,rrt_20260807_224126_490.png
20260807_224127_264,2026-08-07 22:41:27,True,730,103,18.413504880629553,32,0.6,0.4,0.3,0,0.5,10,9.5,10,rrt_20260807_224127_264.png
20260807_224128_045,2026-08-07 22:41:28,True,637,107,18.327912479452866,32,0.6,0.4,0.3,0,0.5,10,9.5,10,rrt_20260807_224128_045.png
20260807_224131_961,2026-08-07 22:41:31,False,10000,349,0.0,0,0.6,0.4,0.3,0,0.5,10,9.5,10,rrt_20260807_224131_961.png
20260807_224133_004,2026-08-07 22:41:33,True,1584,144,18.919972533179795,33,0.6,0.4,0.3,0,0.5,10,9.5,10,rrt_20260807_224133_004.png
20260807_224134_009,2026-08-07 22:41:34,True,1707,157,19.200000000000006,33,0.6,0.4,0.3,0,0.5,10,9.5,10,rrt_20260807_224134_009.png
20260807_224138_432,2026-08-07 22:41:38,False,10000,372,0.0,0,0.6,0.4,0.3,0,0.5,10,9.5,10,rrt_20260807_224138_432.png
20260807_224143_479,2026-08-07 22:41:43,False,10000,374,0.0,0,0.6,0.4,0.3,0,0.5,10,9.5,10,rrt_20260807_224143_479.png
20260807_224146_917,2026-08-07 22:41:46,False,10000,237,0.0,0,0.6,0.4,0.3,0,0.5,10,9.5,10,rrt_20260807_224146_917.png
20260807_224147_736,2026-08-07 22:41:47,True,410,60,17.33995913983733,30,0.6,0.4,0.3,0,0.5,10,9.5,10,rrt_20260807_224147_736.png
20260807_224152_301,2026-08-07 22:41:52,False,10000,363,0.0,0,0.6,0.4,0.3,0,0.5,10,9.5,10,rrt_20260807_224152_301.png
20260807_224157_265,2026-08-07 22:41:57,False,10000,377,0.0,0,0.6,0.4,0.3,0,0.5,10,9.5,10,rrt_20260807_224157_265.png
20260807_224202_825,2026-08-07 22:42:02,False,10000,382,0.0,0,0.6,0.4,0.3,0,0.5,10,9.5,10,rrt_20260807_224202_825.png
20260807_224204_002,2026-08-07 22:42:04,True,1962,132,19.615192204003954,34,0.6,0.4,0.3,0,0.5,10,9.5,10,rrt_20260807_224204_002.png
20260807_224209_119,2026-08-07 22:42:09,False,10000,377,0.0,0,0.6,0.4,0.3,0,0.5,10,9.5,10,rrt_20260807_224209_119.png
20260807_224214_376,2026-08-07 22:42:14,False,10000,385,0.0,0,0.6,0.4,0.3,0,0.5,10,9.5,10,rrt_20260807_224214_376.png
20260807_224215_830,2026-08-07 22:42:15,True,1345,122,17.859592465863045,31,0.6,0.4,0.3,0,0.5,10,9.5,10,rrt_20260807_224215_830.png
20260807_224216_747,2026-08-07 22:42:16,True,1289,89,17.22031135883322,30,0.6,0.4,0.3,0,0.5,10,9.5,10,rrt_20260807_224216_747.png
20260807_224222_806,2026-08-07 22:42:22,False,10000,402,0.0,0,0.6,0.4,0.3,0,0.5,10,9.5,10,rrt_20260807_224222_806.png
20260807_224224_058,2026-08-07 22:42:24,True,1914,140,17.8447424824031,31,0.6,0.4,0.3,0,0.5,10,9.5,10,rrt_20260807_224224_058.png
20260807_224229_938,2026-08-07 22:42:29,False,10000,406,0.0,0,0.6,0.4,0.3,0,0.5,10,9.5,10,rrt_20260807_224229_938.png
20260807_224230_956,2026-08-07 22:42:30,True,475,93,18.0,31,0.6,0.4,0.3,0,0.5,10,9.5,10,rrt_20260807_224230_956.png
20260807_224231_935,2026-08-07 22:42:31,True,951,140,16.8,29,0.6,0.4,0.3,0,0.5,10,9.5,10,rrt_20260807_224231_935.png
20260807_224237_539,2026-08-07 22:42:37,False,10000,384,0.0,0,0.6,0.4,0.3,0,0.5,10,9.5,10,rrt_20260807_224237_539.png
20260807_224238_734,2026-08-07 22:42:38,True,955,115,19.200000000000003,33,0.6,0.4,0.3,0,0.5,10,9.5,10,rrt_20260807_224238_734.png
20260807_224240_394,2026-08-07 22:42:40,True,2094,154,17.134296686017457,30,0.6,0.4,0.3,0,0.5,10,9.5,10,rrt_20260807_224240_394.png
20260807_224241_517,2026-08-07 22:42:41,True,1913,127,17.4,30,0.6,0.4,0.3,0,0.5,10,9.5,10,rrt_20260807_224241_517.png
20260807_224247_188,2026-08-07 22:42:47,False,10000,357,0.0,0,0.6,0.4,0.3,0,0.5,10,9.5,10,rrt_20260807_224247_188.png
20260807_224248_283,2026-08-07 22:42:48,True,741,106,16.79999999999999,29,0.6,0.4,0.3,0,0.5,10,9.5,10,rrt_20260807_224248_283.png
20260807_224249_490,2026-08-07 22:42:49,True,1823,131,18.44947461437391,32,0.6,0.4,0.3,0,0.5,10,9.5,10,rrt_20260807_224249_490.png
20260807_224250_388,2026-08-07 22:42:50,True,752,78,17.23141153077548,30,0.6,0.4,0.3,0,0.5,10,9.5,10,rrt_20260807_224250_388.png
20260807_224251_265,2026-08-07 22:42:51,True,510,85,19.138593341857835,33,0.6,0.4,0.3,0,0.5,10,9.5,10,rrt_20260807_224251_265.png
20260807_224256_846,2026-08-07 22:42:56,False,10000,355,0.0,0,0.6,0.4,0.3,0,0.5,10,9.5,10,rrt_20260807_224256_846.png
20260807_224258_301,2026-08-07 22:42:58,True,654,92,17.999999999999986,31,0.6,0.4,0.3,0,0.5,10,9.5,10,rrt_20260807_224258_301.png
20260807_224303_058,2026-08-07 22:43:03,False,10000,297,0.0,0,0.6,0.4,0.3,0,0.5,10,9.5,10,rrt_20260807_224303_058.png
20260807_224304_060,2026-08-07 22:43:04,True,452,83,17.134052769687216,30,0.6,0.4,0.3,0,0.5,10,9.5,10,rrt_20260807_224304_060.png
20260807_224310_357,2026-08-07 22:43:10,False,10000,389,0.0,0,0.6,0.4,0.3,0,0.5,10,9.5,10,rrt_20260807_224310_357.png
20260807_224311_962,2026-08-07 22:43:11,True,2027,166,18.599999999999998,32,0.6,0.4,0.3,0,0.5,10,9.5,10,rrt_20260807_224311_962.png
20260807_224313_199,2026-08-07 22:43:13,True,1396,127,17.87318617905995,31,0.6,0.4,0.3,0,0.5,10,9.5,10,rrt_20260807_224313_199.png
20260807_224318_628,2026-08-07 22:43:18,False,10000,354,0.0,0,0.6,0.4,0.3,0,0.5,10,9.5,10,rrt_20260807_224318_628.png
20260807_224324_196,2026-08-07 22:43:24,False,10000,371,0.0,0,0.6,0.4,0.3,0,0.5,10,9.5,10,rrt_20260807_224324_196.png
20260807_224325_271,2026-08-07 22:43:25,True,919,134,16.799999999999994,29,0.6,0.4,0.3,0,0.5,10,9.5,10,rrt_20260807_224325_271.png
20260807_224326_988,2026-08-07 22:43:26,True,1162,107,20.400000000000006,35,0.6,0.4,0.3,0,0.5,10,9.5,10,rrt_20260807_224326_988.png
20260807_224327_940,2026-08-07 22:43:27,True,1103,120,21.60000000000001,37,0.6,0.4,0.3,0,0.5,10,9.5,10,rrt_20260807_224327_940.png
20260807_224332_348,2026-08-07 22:43:32,False,10000,317,0.0,0,0.6,0.4,0.3,0,0.5,10,9.5,10,rrt_20260807_224332_348.png
20260807_224337_596,2026-08-07 22:43:37,False,10000,374,0.0,0,0.6,0.4,0.3,0,0.5,10,9.5,10,rrt_20260807_224337_596.png
20260807_224338_577,2026-08-07 22:43:38,True,897,94,18.0,31,0.6,0.4,0.3,0,0.5,10,9.5,10,rrt_20260807_224338_577.png
20260807_224343_188,2026-08-07 22:43:43,False,10000,335,0.0,0,0.6,0.4,0.3,0,0.5,10,9.5,10,rrt_20260807_224343_188.png
20260807_224347_001,2026-08-07 22:43:47,False,10000,239,0.0,0,0.6,0.4,0.3,0,0.5,10,9.5,10,rrt_20260807_224347_001.png
20260807_224347_963,2026-08-07 22:43:47,True,615,90,17.360779313434982,30,0.6,0.4,0.3,0,0.5,10,9.5,10,rrt_20260807_224347_963.png
20260807_224349_090,2026-08-07 22:43:49,True,1994,152,17.99999999999999,31,0.6,0.4,0.3,0,0.5,10,9.5,10,rrt_20260807_224349_090.png
20260807_224350_508,2026-08-07 22:43:50,True,802,104,18.463906347476847,32,0.6,0.4,0.3,0,0.5,10,9.5,10,rrt_20260807_224350_508.png
20260807_224355_642,2026-08-07 22:43:55,False,10000,385,0.0,0,0.6,0.4,0.3,0,0.5,10,9.5,10,rrt_20260807_224355_642.png
20260807_224356_614,2026-08-07 22:43:56,True,728,86,20.31804675429918,35,0.6,0.4,0.3,0,0.5,10,9.5,10,rrt_20260807_224356_614.png
20260807_224400_561,2026-08-07 22:44:00,False,10000,294,0.0,0,0.6,0.4,0.3,0,0.5,10,9.5,10,rrt_20260807_224400_561.png
20260807_224401_692,2026-08-07 22:44:01,True,285,64,17.576987443256698,31,0.6,0.4,0.3,0,0.5,10,9.5,10,rrt_20260807_224401_692.png
20260807_224402_788,2026-08-07 22:44:02,True,1279,133,17.66080400828366,32,0.6,0.4,0.3,0,0.5,10,9.5,10,rrt_20260807_224402_788.png
20260807_224404_113,2026-08-07 22:44:04,True,2056,168,20.185921822662426,35,0.6,0.4,0.3,0,0.5,10,9.5,10,rrt_20260807_224404_113.png
20260807_224405_024,2026-08-07 22:44:05,True,777,108,18.0,31,0.6,0.4,0.3,0,0.5,10,9.5,10,rrt_20260807_224405_024.png
20260807_224410_130,2026-08-07 22:44:10,False,10000,368,0.0,0,0.6,0.4,0.3,0,0.5,10,9.5,10,rrt_20260807_224410_130.png
20260807_224411_577,2026-08-07 22:44:11,True,1445,137,18.07864290814675,32,0.6,0.4,0.3,0,0.5,10,9.5,10,rrt_20260807_224411_577.png
20260807_224416_645,2026-08-07 22:44:16,False,10000,394,0.0,0,0.6,0.4,0.3,0,0.5,10,9.5,10,rrt_20260807_224416_645.png
20260807_224417_542,2026-08-07 22:44:17,True,757,92,18.5075525053937,32,0.6,0.4,0.3,0,0.5,10,9.5,10,rrt_20260807_224417_542.png
20260807_224422_510,2026-08-07 22:44:22,False,10000,398,0.0,0,0.6,0.4,0.3,0,0.5,10,9.5,10,rrt_20260807_224422_510.png
20260807_224423_558,2026-08-07 22:44:23,True,1191,128,17.39999999999999,30,0.6,0.4,0.3,0,0.5,10,9.5,10,rrt_20260807_224423_558.png
20260807_224427_001,2026-08-07 22:44:27,False,10000,255,0.0,0,0.6,0.4,0.3,0,0.5,10,9.5,10,rrt_20260807_224427_001.png
20260807_224430_576,2026-08-07 22:44:30,False,10000,246,0.0,0,0.6,0.4,0.3,0,0.5,10,9.5,10,rrt_20260807_224430_576.png
20260807_224434_297,2026-08-07 22:44:34,False,10000,296,0.0,0,0.6,0.4,0.3,0,0.5,10,9.5,10,rrt_20260807_224434_297.png
20260807_224435_206,2026-08-07 22:44:35,True,708,115,17.76148098940888,31,0.6,0.4,0.3,0,0.5,10,9.5,10,rrt_20260807_224435_206.png
20260807_224440_109,2026-08-07 22:44:40,False,10000,369,0.0,0,0.6,0.4,0.3,0,0.5,10,9.5,10,rrt_20260807_224440_109.png
20260807_224441_080,2026-08-07 22:44:41,True,914,98,24.600000000000012,42,0.6,0.4,0.3,0,0.5,10,9.5,10,rrt_20260807_224441_080.png
20260807_224445_506,2026-08-07 22:44:45,False,10000,316,0.0,0,0.6,0.4,0.3,0,0.5,10,9.5,10,rrt_20260807_224445_506.png
20260807_224446_375,2026-08-07 22:44:46,True,254,71,16.8,29,0.6,0.4,0.3,0,0.5,10,9.5,10,rrt_20260807_224446_375.png
20260807_224451_316,2026-08-07 22:44:51,False,10000,412,0.0,0,0.6,0.4,0.3,0,0.5,10,9.5,10,rrt_20260807_224451_316.png
20260807_224452_290,2026-08-07 22:44:52,True,1261,127,17.811425675461287,31,0.6,0.5,0.3,0,0.5,10,9.5,10,rrt_20260807_224452_290.png
20260807_224457_447,2026-08-07 22:44:57,False,10000,432,0.0,0,0.6,0.5,0.3,0,0.5,10,9.5,10,rrt_20260807_224457_447.png
20260807_224458_433,2026-08-07 22:44:58,True,842,127,19.2,33,0.6,0.5,0.3,0,0.5,10,9.5,10,rrt_20260807_224458_433.png
20260807_224502_083,2026-08-07 22:45:02,False,10000,265,0.0,0,0.6,0.5,0.3,0,0.5,10,9.5,10,rrt_20260807_224502_083.png
20260807_224508_432,2026-08-07 22:45:08,False,10000,486,0.0,0,0.6,0.5,0.3,0,0.5,10,9.5,10,rrt_20260807_224508_432.png
20260807_224509_399,2026-08-07 22:45:09,True,868,93,16.8,29,0.6,0.5,0.3,0,0.5,10,9.5,10,rrt_20260807_224509_399.png
20260807_224510_131,2026-08-07 22:45:10,True,356,86,17.400000000000006,30,0.6,0.5,0.3,0,0.5,10,9.5,10,rrt_20260807_224510_131.png
20260807_224515_610,2026-08-07 22:45:15,False,10000,459,0.0,0,0.6,0.5,0.3,0,0.5,10,9.5,10,rrt_20260807_224515_610.png
20260807_224520_037,2026-08-07 22:45:20,False,10000,313,0.0,0,0.6,0.5,0.3,0,0.5,10,9.5,10,rrt_20260807_224520_037.png
20260807_224521_168,2026-08-07 22:45:21,True,1212,136,21.6,37,0.6,0.5,0.3,0,0.5,10,9.5,10,rrt_20260807_224521_168.png
20260807_224522_018,2026-08-07 22:45:22,True,1114,88,19.111023504051435,33,0.6,0.5,0.3,0,0.5,10,9.5,10,rrt_20260807_224522_018.png
20260807_224527_865,2026-08-07 22:45:27,False,10000,440,0.0,0,0.6,0.5,0.3,0,0.5,10,9.5,10,rrt_20260807_224527_865.png
20260807_224533_405,2026-08-07 22:45:33,False,10000,446,0.0,0,0.6,0.5,0.3,0,0.5,10,9.5,10,rrt_20260807_224533_405.png
20260807_224534_916,2026-08-07 22:45:34,True,1221,132,18.0,31,0.6,0.5,0.3,0,0.5,10,9.5,10,rrt_20260807_224534_916.png
20260807_224539_575,2026-08-07 22:45:39,False,10000,418,0.0,0,0.6,0.5,0.3,0,0.5,10,9.5,10,rrt_20260807_224539_575.png
20260807_224540_803,2026-08-07 22:45:40,True,2230,155,18.59999999999999,32,0.6,0.5,0.3,0,0.5,10,9.5,10,rrt_20260807_224540_803.png
20260807_224541_771,2026-08-07 22:45:41,True,941,160,18.690255774812655,33,0.6,0.5,0.3,0,0.5,10,9.5,10,rrt_20260807_224541_771.png
20260807_224542_993,2026-08-07 22:45:42,True,1241,131,18.599999999999994,32,0.6,0.5,0.3,0,0.5,10,9.5,10,rrt_20260807_224542_993.png
20260807_224543_882,2026-08-07 22:45:43,True,583,103,17.712433384081436,31,0.6,0.5,0.3,0,0.5,10,9.5,10,rrt_20260807_224543_882.png
20260807_224547_930,2026-08-07 22:45:47,False,10000,328,0.0,0,0.6,0.5,0.3,0,0.5,10,9.5,10,rrt_20260807_224547_930.png
20260807_224549_074,2026-08-07 22:45:49,True,1166,122,19.168120870690657,33,0.6,0.5,0.3,0,0.5,10,9.5,10,rrt_20260807_224549_074.png
20260807_224550_950,2026-08-07 22:45:50,True,2122,177,18.028210863020938,32,0.6,0.5,0.3,0,0.5,10,9.5,10,rrt_20260807_224550_950.png
20260807_224556_176,2026-08-07 22:45:56,False,10000,435,0.0,0,0.6,0.5,0.3,0,0.5,10,9.5,10,rrt_20260807_224556_176.png
20260807_224557_166,2026-08-07 22:45:57,True,464,89,17.9961972471533,31,0.6,0.5,0.3,0,0.5,10,9.5,10,rrt_20260807_224557_166.png
20260807_224557_924,2026-08-07 22:45:57,True,531,71,17.335285799811565,30,0.6,0.5,0.3,0,0.5,10,9.5,10,rrt_20260807_224557_924.png
20260807_224558_749,2026-08-07 22:45:58,True,702,109,17.39999999999999,30,0.6,0.5,0.3,0,0.5,10,9.5,10,rrt_20260807_224558_749.png
20260807_224604_543,2026-08-07 22:46:04,False,10000,461,0.0,0,0.6,0.5,0.3,0,0.5,10,9.5,10,rrt_20260807_224604_543.png
20260807_224610_311,2026-08-07 22:46:10,False,10000,472,0.0,0,0.6,0.5,0.3,0,0.5,10,9.5,10,rrt_20260807_224610_311.png
20260807_224611_207,2026-08-07 22:46:11,True,340,74,17.251296043437243,30,0.6,0.5,0.3,0,0.5,10,9.5,10,rrt_20260807_224611_207.png
20260807_224616_953,2026-08-07 22:46:16,False,10000,476,0.0,0,0.6,0.5,0.3,0,0.5,10,9.5,10,rrt_20260807_224616_953.png
20260807_224623_004,2026-08-07 22:46:23,False,10000,468,0.0,0,0.6,0.5,0.3,0,0.5,10,9.5,10,rrt_20260807_224623_004.png
20260807_224628_721,2026-08-07 22:46:28,False,10000,455,0.0,0,0.6,0.5,0.3,0,0.5,10,9.5,10,rrt_20260807_224628_721.png
20260807_224633_802,2026-08-07 22:46:33,False,10000,370,0.0,0,0.6,0.5,0.3,0,0.5,10,9.5,10,rrt_20260807_224633_802.png
20260807_224634_773,2026-08-07 22:46:34,True,511,94,19.01365083941002,33,0.6,0.5,0.3,0,0.5,10,9.5,10,rrt_20260807_224634_773.png
20260807_224639_132,2026-08-07 22:46:39,False,10000,341,0.0,0,0.6,0.5,0.3,0,0.5,10,9.5,10,rrt_20260807_224639_132.png
20260807_224640_438,2026-08-07 22:46:40,True,490,94,18.433095960065565,32,0.6,0.5,0.3,0,0.5,10,9.5,10,rrt_20260807_224640_438.png
20260807_224645_886,2026-08-07 22:46:45,False,10000,425,0.0,0,0.6,0.5,0.3,0,0.5,10,9.5,10,rrt_20260807_224645_886.png
20260807_224652_236,2026-08-07 22:46:52,False,10000,452,0.0,0,0.6,0.5,0.3,0,0.5,10,9.5,10,rrt_20260807_224652_236.png
20260807_224653_570,2026-08-07 22:46:53,True,1972,185,19.11163319353565,33,0.6,0.5,0.3,0,0.5,10,9.5,10,rrt_20260807_224653_570.png
20260807_224700_480,2026-08-07 22:47:00,False,10000,438,0.0,0,0.6,0.5,0.3,0,0.5,10,9.5,10,rrt_20260807_224700_480.png
20260807_224704_551,2026-08-07 22:47:04,False,10000,256,0.0,0,0.6,0.5,0.3,0,0.5,10,9.5,10,rrt_20260807_224704_551.png
20260807_224710_888,2026-08-07 22:47:10,False,10000,409,0.0,0,0.6,0.5,0.3,0,0.5,10,9.5,10,rrt_20260807_224710_888.png
20260807_224715_382,2026-08-07 22:47:15,False,10000,318,0.0,0,0.6,0.5,0.3,0,0.5,10,9.5,10,rrt_20260807_224715_382.png
20260807_224719_761,2026-08-07 22:47:19,False,10000,293,0.0,0,0.6,0.5,0.3,0,0.5,10,9.5,10,rrt_20260807_224719_761.png
20260807_224720_764,2026-08-07 22:47:20,True,1037,119,17.82793399818818,31,0.6,0.5,0.3,0,0.5,10,9.5,10,rrt_20260807_224720_764.png
20260807_224725_818,2026-08-07 22:47:25,False,10000,384,0.0,0,0.6,0.5,0.3,0,0.5,10,9.5,10,rrt_20260807_224725_818.png
20260807_224731_939,2026-08-07 22:47:31,False,10000,460,0.0,0,0.6,0.5,0.3,0,0.5,10,9.5,10,rrt_20260807_224731_939.png
20260807_224732_914,2026-08-07 22:47:32,True,665,98,19.16798656966904,33,0.6,0.5,0.3,0,0.5,10,9.5,10,rrt_20260807_224732_914.png
20260807_224734_796,2026-08-07 22:47:34,True,1537,186,17.383603196087602,30,0.6,0.5,0.3,0,0.5,10,9.5,10,rrt_20260807_224734_796.png
20260807_224735_726,2026-08-07 22:47:35,True,690,85,18.40338606681473,32,0.6,0.5,0.3,0,0.5,10,9.5,10,rrt_20260807_224735_726.png
20260807_224736_575,2026-08-07 22:47:36,True,619,101,19.68442788108707,34,0.6,0.5,0.3,0,0.5,10,9.5,10,rrt_20260807_224736_575.png
20260807_224737_540,2026-08-07 22:47:37,True,1242,128,17.825328175416786,31,0.6,0.5,0.3,0,0.5,10,9.5,10,rrt_20260807_224737_540.png
20260807_224744_152,2026-08-07 22:47:44,False,10000,447,0.0,0,0.6,0.5,0.3,0,0.5,10,9.5,10,rrt_20260807_224744_152.png
20260807_224750_378,2026-08-07 22:47:50,False,10000,414,0.0,0,0.6,0.5,0.3,0,0.5,10,9.5,10,rrt_20260807_224750_378.png
20260807_224756_908,2026-08-07 22:47:56,False,10000,459,0.0,0,0.6,0.5,0.3,0,0.5,10,9.5,10,rrt_20260807_224756_908.png
20260807_224758_415,2026-08-07 22:47:58,True,1044,134,22.027272812491816,38,0.6,0.5,0.3,0,0.5,10,9.5,10,rrt_20260807_224758_415.png
20260807_224759_658,2026-08-07 22:47:59,True,2252,164,19.525315631156566,34,0.6,0.5,0.3,0,0.5,10,9.5,10,rrt_20260807_224759_658.png
20260807_224801_106,2026-08-07 22:48:01,True,489,76,17.91923329771017,31,0.6,0.5,0.3,0,0.5,10,9.5,10,rrt_20260807_224801_106.png
20260807_224806_632,2026-08-07 22:48:06,False,10000,393,0.0,0,0.6,0.5,0.3,0,0.5,10,9.5,10,rrt_20260807_224806_632.png
20260807_224811_427,2026-08-07 22:48:11,False,10000,338,0.0,0,0.6,0.5,0.3,0,0.5,10,9.5,10,rrt_20260807_224811_427.png
20260807_224817_941,2026-08-07 22:48:17,False,10000,475,0.0,0,0.6,0.5,0.3,0,0.5,10,9.5,10,rrt_20260807_224817_941.png
20260807_224819_022,2026-08-07 22:48:19,True,929,136,17.979023348878687,31,0.6,0.5,0.3,0,0.5,10,9.5,10,rrt_20260807_224819_022.png
20260807_224819_810,2026-08-07 22:48:19,True,206,58,16.641500072593715,29,0.6,0.5,0.3,0,0.5,10,9.5,10,rrt_20260807_224819_810.png
20260807_224825_583,2026-08-07 22:48:25,False,10000,437,0.0,0,0.6,0.5,0.3,0,0.5,10,9.5,10,rrt_20260807_224825_583.png
20260807_224830_881,2026-08-07 22:48:30,False,10000,410,0.0,0,0.6,0.5,0.3,0,0.5,10,9.5,10,rrt_20260807_224830_881.png
20260807_224835_382,2026-08-07 22:48:35,False,10000,347,0.0,0,0.6,0.5,0.3,0,0.5,10,9.5,10,rrt_20260807_224835_382.png
20260807_224841_765,2026-08-07 22:48:41,False,10000,432,0.0,0,0.6,0.5,0.3,0,0.5,10,9.5,10,rrt_20260807_224841_765.png
20260807_224842_718,2026-08-07 22:48:42,True,433,102,17.826761426914985,31,0.6,0.5,0.3,0,0.5,10,9.5,10,rrt_20260807_224842_718.png
20260807_224848_575,2026-08-07 22:48:48,False,10000,454,0.0,0,0.6,0.5,0.3,0,0.5,10,9.5,10,rrt_20260807_224848_575.png
20260807_224849_565,2026-08-07 22:48:49,True,426,72,18.6,32,0.6,0.5,0.3,0,0.5,10,9.5,10,rrt_20260807_224849_565.png
20260807_224855_175,2026-08-07 22:48:55,False,10000,402,0.0,0,0.6,0.5,0.3,0,0.5,10,9.5,10,rrt_20260807_224855_175.png
20260807_224856_644,2026-08-07 22:48:56,True,2500,200,18.39930271001735,32,0.6,0.5,0.3,0,0.5,10,9.5,10,rrt_20260807_224856_644.png
20260807_224857_566,2026-08-07 22:48:57,True,552,90,17.39293175241121,30,0.6,0.5,0.3,0,0.5,10,9.5,10,rrt_20260807_224857_566.png
20260807_224858_985,2026-08-07 22:48:58,True,2837,188,19.200000000000003,33,0.6,0.5,0.3,0,0.5,10,9.5,10,rrt_20260807_224858_985.png
20260807_224859_819,2026-08-07 22:48:59,True,482,100,17.840326298355834,31,0.6,0.5,0.3,0,0.5,10,9.5,10,rrt_20260807_224859_819.png
20260807_224906_238,2026-08-07 22:49:06,False,10000,452,0.0,0,0.6,0.5,0.3,0,0.5,10,9.5,10,rrt_20260807_224906_238.png
20260807_224907_219,2026-08-07 22:49:07,True,857,91,21.919722655856443,38,0.6,0.5,0.3,0,0.5,10,9.5,10,rrt_20260807_224907_219.png
20260807_224908_151,2026-08-07 22:49:08,True,965,129,17.346247338031326,31,0.6,0.5,0.3,0,0.5,10,9.5,10,rrt_20260807_224908_151.png
20260807_224912_042,2026-08-07 22:49:12,False,10000,278,0.0,0,0.6,0.5,0.3,0,0.5,10,9.5,10,rrt_20260807_224912_042.png
20260807_224913_036,2026-08-07 22:49:13,True,764,129,16.799999999999997,29,0.6,0.5,0.3,0,0.5,10,9.5,10,rrt_20260807_224913_036.png
20260807_224918_785,2026-08-07 22:49:18,False,10000,449,0.0,0,0.6,0.5,0.3,0,0.5,10,9.5,10,rrt_20260807_224918_785.png
20260807_224923_005,2026-08-07 22:49:23,False,10000,304,0.0,0,0.6,0.5,0.3,0,0.5,10,9.5,10,rrt_20260807_224923_005.png
20260807_224927_159,2026-08-07 22:49:27,False,10000,299,0.0,0,0.6,0.5,0.3,0,0.5,10,9.5,10,rrt_20260807_224927_159.png
20260807_224928_739,2026-08-07 22:49:28,True,1146,126,18.27103446980803,32,0.6,0.5,0.3,0,0.5,10,9.5,10,rrt_20260807_224928_739.png
20260807_224934_284,2026-08-07 22:49:34,False,10000,421,0.0,0,0.6,0.5,0.3,0,0.5,10,9.5,10,rrt_20260807_224934_284.png
20260807_224940_117,2026-08-07 22:49:40,False,10000,420,0.0,0,0.6,0.5,0.3,0,0.5,10,9.5,10,rrt_20260807_224940_117.png
20260807_224944_763,2026-08-07 22:49:44,False,10000,355,0.0,0,0.6,0.5,0.3,0,0.5,10,9.5,10,rrt_20260807_224944_763.png
20260807_224950_329,2026-08-07 22:49:50,False,10000,390,0.0,0,0.6,0.5,0.3,0,0.5,10,9.5,10,rrt_20260807_224950_329.png
20260807_224951_273,2026-08-07 22:49:51,True,336,59,17.922932800413452,31,0.6,0.5,0.3,0,0.5,10,9.5,10,rrt_20260807_224951_273.png
20260807_224956_738,2026-08-07 22:49:56,False,10000,422,0.0,0,0.6,0.5,0.3,0,0.5,10,9.5,10,rrt_20260807_224956_738.png
20260807_225003_637,2026-08-07 22:50:03,False,10000,463,0.0,0,0.6,0.5,0.3,0,0.5,10,9.5,10,rrt_20260807_225003_637.png
20260807_225009_922,2026-08-07 22:50:09,False,10000,462,0.0,0,0.6,0.5,0.3,0,0.5,10,9.5,10,rrt_20260807_225009_922.png
20260807_225011_445,2026-08-07 22:50:11,True,380,82,16.598904219876825,29,0.6,0.5,0.3,0,0.5,10,9.5,10,rrt_20260807_225011_445.png
20260807_225017_638,2026-08-07 22:50:17,False,10000,453,0.0,0,0.6,0.5,0.3,0,0.5,10,9.5,10,rrt_20260807_225017_638.png
20260807_225023_229,2026-08-07 22:50:23,False,10000,406,0.0,0,0.6,0.5,0.3,0,0.5,10,9.5,10,rrt_20260807_225023_229.png
20260807_225027_215,2026-08-07 22:50:27,False,10000,288,0.0,0,0.6,0.5,0.3,0,0.5,10,9.5,10,rrt_20260807_225027_215.png
20260807_225028_556,2026-08-07 22:50:28,True,2135,178,20.998777129029225,36,0.6,0.5,0.3,0,0.5,10,9.5,10,rrt_20260807_225028_556.png
20260807_225029_400,2026-08-07 22:50:29,True,659,101,18.0,31,0.6,0.5,0.3,0,0.5,10,9.5,10,rrt_20260807_225029_400.png
20260807_225030_255,2026-08-07 22:50:30,True,557,106,16.8,29,0.6,0.5,0.3,0,0.5,10,9.5,10,rrt_20260807_225030_255.png
20260807_225031_460,2026-08-07 22:50:31,True,359,87,17.843440640336045,31,0.6,0.5,0.3,0,0.5,10,9.5,10,rrt_20260807_225031_460.png
20260807_225037_918,2026-08-07 22:50:37,False,10000,529,0.0,0,0.6,0.6,0.3,0,0.5,10,9.5,10,rrt_20260807_225037_918.png
20260807_225043_501,2026-08-07 22:50:43,False,10000,385,0.0,0,0.6,0.6,0.3,0,0.5,10,9.5,10,rrt_20260807_225043_501.png
20260807_225044_648,2026-08-07 22:50:44,True,560,114,18.599999999999994,32,0.6,0.6,0.3,0,0.5,10,9.5,10,rrt_20260807_225044_648.png
20260807_225050_872,2026-08-07 22:50:50,False,10000,480,0.0,0,0.6,0.6,0.3,0,0.5,10,9.5,10,rrt_20260807_225050_872.png
20260807_225057_874,2026-08-07 22:50:57,False,10000,532,0.0,0,0.6,0.6,0.3,0,0.5,10,9.5,10,rrt_20260807_225057_874.png
20260807_225102_398,2026-08-07 22:51:02,False,10000,310,0.0,0,0.6,0.6,0.3,0,0.5,10,9.5,10,rrt_20260807_225102_398.png
20260807_225108_592,2026-08-07 22:51:08,False,10000,483,0.0,0,0.6,0.6,0.3,0,0.5,10,9.5,10,rrt_20260807_225108_592.png
20260807_225109_851,2026-08-07 22:51:09,True,1523,184,18.40133463760158,32,0.6,0.6,0.3,0,0.5,10,9.5,10,rrt_20260807_225109_851.png
20260807_225116_786,2026-08-07 22:51:16,False,10000,541,0.0,0,0.6,0.6,0.3,0,0.5,10,9.5,10,rrt_20260807_225116_786.png
20260807_225118_244,2026-08-07 22:51:18,True,378,109,19.2,33,0.6,0.6,0.3,0,0.5,10,9.5,10,rrt_20260807_225118_244.png
20260807_225119_477,2026-08-07 22:51:19,True,471,96,17.741445376082183,31,0.6,0.6,0.3,0,0.5,10,9.5,10,rrt_20260807_225119_477.png
20260807_225124_408,2026-08-07 22:51:24,False,10000,358,0.0,0,0.6,0.6,0.3,0,0.5,10,9.5,10,rrt_20260807_225124_408.png
20260807_225130_865,2026-08-07 22:51:30,False,10000,470,0.0,0,0.6,0.6,0.3,0,0.5,10,9.5,10,rrt_20260807_225130_865.png
20260807_225131_995,2026-08-07 22:51:31,True,939,151,17.4,30,0.6,0.6,0.3,0,0.5,10,9.5,10,rrt_20260807_225131_995.png
20260807_225138_593,2026-08-07 22:51:38,False,10000,485,0.0,0,0.6,0.6,0.3,0,0.5,10,9.5,10,rrt_20260807_225138_593.png
20260807_225139_545,2026-08-07 22:51:39,True,368,88,17.4,30,0.6,0.6,0.3,0,0.5,10,9.5,10,rrt_20260807_225139_545.png
20260807_225145_019,2026-08-07 22:51:45,False,10000,401,0.0,0,0.6,0.6,0.3,0,0.5,10,9.5,10,rrt_20260807_225145_019.png
20260807_225146_063,2026-08-07 22:51:46,True,654,115,19.71170070184723,34,0.6,0.6,0.3,0,0.5,10,9.5,10,rrt_20260807_225146_063.png
20260807_225152_641,2026-08-07 22:51:52,False,10000,508,0.0,0,0.6,0.6,0.3,0,0.5,10,9.5,10,rrt_20260807_225152_641.png
20260807_225157_981,2026-08-07 22:51:57,False,10000,338,0.0,0,0.6,0.6,0.3,0,0.5,10,9.5,10,rrt_20260807_225157_981.png
20260807_225203_525,2026-08-07 22:52:03,False,10000,427,0.0,0,0.6,0.6,0.3,0,0.5,10,9.5,10,rrt_20260807_225203_525.png
20260807_225204_582,2026-08-07 22:52:04,True,774,138,16.363347348616223,29,0.6,0.6,0.3,0,0.5,10,9.5,10,rrt_20260807_225204_582.png
20260807_225210_866,2026-08-07 22:52:10,False,10000,525,0.0,0,0.6,0.6,0.3,0,0.5,10,9.5,10,rrt_20260807_225210_866.png
20260807_225211_876,2026-08-07 22:52:11,True,445,109,18.466683986234276,32,0.6,0.6,0.3,0,0.5,10,9.5,10,rrt_20260807_225211_876.png
20260807_225218_538,2026-08-07 22:52:18,False,10000,556,0.0,0,0.6,0.6,0.3,0,0.5,10,9.5,10,rrt_20260807_225218_538.png
20260807_225225_019,2026-08-07 22:52:25,False,10000,498,0.0,0,0.6,0.6,0.3,0,0.5,10,9.5,10,rrt_20260807_225225_019.png
20260807_225231_841,2026-08-07 22:52:31,False,10000,520,0.0,0,0.6,0.6,0.3,0,0.5,10,9.5,10,rrt_20260807_225231_841.png
20260807_225236_826,2026-08-07 22:52:36,False,10000,305,0.0,0,0.6,0.6,0.3,0,0.5,10,9.5,10,rrt_20260807_225236_826.png
20260807_225238_680,2026-08-07 22:52:38,True,278,92,17.86337050966022,31,0.6,0.6,0.3,0,0.5,10,9.5,10,rrt_20260807_225238_680.png
20260807_225245_612,2026-08-07 22:52:45,False,10000,522,0.0,0,0.6,0.6,0.3,0,0.5,10,9.5,10,rrt_20260807_225245_612.png
20260807_225246_681,2026-08-07 22:52:46,True,524,100,17.39999999999999,30,0.6,0.6,0.3,0,0.5,10,9.5,10,rrt_20260807_225246_681.png
20260807_225247_550,2026-08-07 22:52:47,True,469,90,18.586818091487828,32,0.6,0.6,0.3,0,0.5,10,9.5,10,rrt_20260807_225247_550.png
20260807_225254_270,2026-08-07 22:52:54,False,10000,527,0.0,0,0.6,0.6,0.3,0,0.5,10,9.5,10,rrt_20260807_225254_270.png
20260807_225300_515,2026-08-07 22:53:00,False,10000,441,0.0,0,0.6,0.6,0.3,0,0.5,10,9.5,10,rrt_20260807_225300_515.png
20260807_225301_490,2026-08-07 22:53:01,True,631,119,18.590634343759778,32,0.6,0.6,0.3,0,0.5,10,9.5,10,rrt_20260807_225301_490.png
20260807_225302_468,2026-08-07 22:53:02,True,890,147,17.399131089537903,30,0.6,0.6,0.3,0,0.5,10,9.5,10,rrt_20260807_225302_468.png
20260807_225308_974,2026-08-07 22:53:08,False,10000,505,0.0,0,0.6,0.6,0.3,0,0.5,10,9.5,10,rrt_20260807_225308_974.png
20260807_225310_463,2026-08-07 22:53:10,True,468,72,16.799999999999997,29,0.6,0.6,0.3,0,0.5,10,9.5,10,rrt_20260807_225310_463.png
20260807_225315_212,2026-08-07 22:53:15,False,10000,363,0.0,0,0.6,0.6,0.3,0,0.5,10,9.5,10,rrt_20260807_225315_212.png
20260807_225316_271,2026-08-07 22:53:16,True,1047,142,19.02459165108792,33,0.6,0.6,0.3,0,0.5,10,9.5,10,rrt_20260807_225316_271.png
20260807_225317_142,2026-08-07 22:53:17,True,304,96,18.091967913465307,32,0.6,0.6,0.3,0,0.5,10,9.5,10,rrt_20260807_225317_142.png
20260807_225322_137,2026-08-07 22:53:22,False,10000,370,0.0,0,0.6,0.6,0.3,0,0.5,10,9.5,10,rrt_20260807_225322_137.png
20260807_225323_180,2026-08-07 22:53:23,True,784,126,18.6,32,0.6,0.6,0.3,0,0.5,10,9.5,10,rrt_20260807_225323_180.png
20260807_225329_823,2026-08-07 22:53:29,False,10000,484,0.0,0,0.6,0.6,0.3,0,0.5,10,9.5,10,rrt_20260807_225329_823.png
20260807_225336_344,2026-08-07 22:53:36,False,10000,501,0.0,0,0.6,0.6,0.3,0,0.5,10,9.5,10,rrt_20260807_225336_344.png
20260807_225343_218,2026-08-07 22:53:43,False,10000,526,0.0,0,0.6,0.6,0.3,0,0.5,10,9.5,10,rrt_20260807_225343_218.png
20260807_225345_224,2026-08-07 22:53:45,True,397,93,17.897929741264452,31,0.6,0.6,0.3,0,0.5,10,9.5,10,rrt_20260807_225345_224.png
20260807_225346_188,2026-08-07 22:53:46,True,1126,134,18.334810747913995,32,0.6,0.6,0.3,0,0.5,10,9.5,10,rrt_20260807_225346_188.png
20260807_225351_230,2026-08-07 22:53:51,False,10000,355,0.0,0,0.6,0.6,0.3,0,0.5,10,9.5,10,rrt_20260807_225351_230.png
20260807_225358_130,2026-08-07 22:53:58,False,10000,519,0.0,0,0.6,0.6,0.3,0,0.5,10,9.5,10,rrt_20260807_225358_130.png
20260807_225404_454,2026-08-07 22:54:04,False,10000,475,0.0,0,0.6,0.6,0.3,0,0.5,10,9.5,10,rrt_20260807_225404_454.png
20260807_225405_446,2026-08-07 22:54:05,True,449,106,17.39999999999999,30,0.6,0.6,0.3,0,0.5,10,9.5,10,rrt_20260807_225405_446.png
20260807_225406_326,2026-08-07 22:54:06,True,786,113,18.530104401264808,32,0.6,0.6,0.3,0,0.5,10,9.5,10,rrt_20260807_225406_326.png
20260807_225412_632,2026-08-07 22:54:12,False,10000,499,0.0,0,0.6,0.6,0.3,0,0.5,10,9.5,10,rrt_20260807_225412_632.png
20260807_225419_736,2026-08-07 22:54:19,False,10000,521,0.0,0,0.6,0.6,0.3,0,0.5,10,9.5,10,rrt_20260807_225419_736.png
20260807_225420_843,2026-08-07 22:54:20,True,1239,122,20.819085383564087,36,0.6,0.6,0.3,0,0.5,10,9.5,10,rrt_20260807_225420_843.png
20260807_225421_663,2026-08-07 22:54:21,True,260,74,16.2,28,0.6,0.6,0.3,0,0.5,10,9.5,10,rrt_20260807_225421_663.png
20260807_225422_661,2026-08-07 22:54:22,True,1479,123,19.615054876230854,34,0.6,0.6,0.3,0,0.5,10,9.5,10,rrt_20260807_225422_661.png
20260807_225423_833,2026-08-07 22:54:23,True,578,130,20.11275414108741,35,0.6,0.6,0.3,0,0.5,10,9.5,10,rrt_20260807_225423_833.png
20260807_225430_832,2026-08-07 22:54:30,False,10000,555,0.0,0,0.6,0.6,0.3,0,0.5,10,9.5,10,rrt_20260807_225430_832.png
20260807_225431_882,2026-08-07 22:54:31,True,565,128,18.284111302010086,32,0.6,0.6,0.3,0,0.5,10,9.5,10,rrt_20260807_225431_882.png
20260807_225437_633,2026-08-07 22:54:37,False,10000,432,0.0,0,0.6,0.6,0.3,0,0.5,10,9.5,10,rrt_20260807_225437_633.png
20260807_225438_916,2026-08-07 22:54:38,True,1495,148,29.270746456712068,50,0.6,0.6,0.3,0,0.5,10,9.5,10,rrt_20260807_225438_916.png
20260807_225446_506,2026-08-07 22:54:46,False,10000,516,0.0,0,0.6,0.6,0.3,0,0.5,10,9.5,10,rrt_20260807_225446_506.png
20260807_225447_591,2026-08-07 22:54:47,True,566,87,17.365649027601552,30,0.6,0.6,0.3,0,0.5,10,9.5,10,rrt_20260807_225447_591.png
20260807_225448_601,2026-08-07 22:54:48,True,357,88,17.81909770549461,31,0.6,0.6,0.3,0,0.5,10,9.5,10,rrt_20260807_225448_601.png
20260807_225449_738,2026-08-07 22:54:49,True,753,121,17.91442895814834,31,0.6,0.6,0.3,0,0.5,10,9.5,10,rrt_20260807_225449_738.png
20260807_225451_286,2026-08-07 22:54:51,True,2634,200,26.949218231063846,46,0.6,0.6,0.3,0,0.5,10,9.5,10,rrt_20260807_225451_286.png
20260807_225452_216,2026-08-07 22:54:52,True,548,105,17.337737567856504,30,0.6,0.6,0.3,0,0.5,10,9.5,10,rrt_20260807_225452_216.png
20260807_225453_122,2026-08-07 22:54:53,True,634,116,20.999999999999993,36,0.6,0.6,0.3,0,0.5,10,9.5,10,rrt_20260807_225453_122.png
20260807_225454_011,2026-08-07 22:54:54,True,726,110,17.849538660808612,31,0.6,0.6,0.3,0,0.5,10,9.5,10,rrt_20260807_225454_011.png
20260807_225500_701,2026-08-07 22:55:00,False,10000,495,0.0,0,0.6,0.6,0.3,0,0.5,10,9.5,10,rrt_20260807_225500_701.png
20260807_225508_926,2026-08-07 22:55:08,False,10000,522,0.0,0,0.6,0.6,0.3,0,0.5,10,9.5,10,rrt_20260807_225508_926.png
20260807_225514_235,2026-08-07 22:55:14,False,10000,376,0.0,0,0.6,0.6,0.3,0,0.5,10,9.5,10,rrt_20260807_225514_235.png
20260807_225521_402,2026-08-07 22:55:21,False,10000,484,0.0,0,0.6,0.6,0.3,0,0.5,10,9.5,10,rrt_20260807_225521_402.png
20260807_225528_623,2026-08-07 22:55:28,False,10000,514,0.0,0,0.6,0.6,0.3,0,0.5,10,9.5,10,rrt_20260807_225528_623.png
20260807_225529_738,2026-08-07 22:55:29,True,1100,138,27.000000000000007,46,0.6,0.6,0.3,0,0.5,10,9.5,10,rrt_20260807_225529_738.png
20260807_225530_613,2026-08-07 22:55:30,True,365,77,18.000000000000004,31,0.6,0.6,0.3,0,0.5,10,9.5,10,rrt_20260807_225530_613.png
20260807_225536_253,2026-08-07 22:55:36,False,10000,410,0.0,0,0.6,0.6,0.3,0,0.5,10,9.5,10,rrt_20260807_225536_253.png
20260807_225543_453,2026-08-07 22:55:43,False,10000,544,0.0,0,0.6,0.6,0.3,0,0.5,10,9.5,10,rrt_20260807_225543_453.png
20260807_225544_937,2026-08-07 22:55:44,True,2062,169,18.90357908373983,33,0.6,0.6,0.3,0,0.5,10,9.5,10,rrt_20260807_225544_937.png
20260807_225546_315,2026-08-07 22:55:46,True,348,93,17.400000000000002,30,0.6,0.6,0.3,0,0.5,10,9.5,10,rrt_20260807_225546_315.png
20260807_225551_859,2026-08-07 22:55:51,False,10000,371,0.0,0,0.6,0.6,0.3,0,0.5,10,9.5,10,rrt_20260807_225551_859.png
20260807_225557_971,2026-08-07 22:55:57,False,10000,422,0.0,0,0.6,0.6,0.3,0,0.5,10,9.5,10,rrt_20260807_225557_971.png
20260807_225604_604,2026-08-07 22:56:04,False,10000,473,0.0,0,0.6,0.6,0.3,0,0.5,10,9.5,10,rrt_20260807_225604_604.png
20260807_225611_313,2026-08-07 22:56:11,False,10000,496,0.0,0,0.6,0.6,0.3,0,0.5,10,9.5,10,rrt_20260807_225611_313.png
20260807_225617_896,2026-08-07 22:56:17,False,10000,497,0.0,0,0.6,0.6,0.3,0,0.5,10,9.5,10,rrt_20260807_225617_896.png
20260807_225619_265,2026-08-07 22:56:19,True,441,89,16.609701953092046,29,0.6,0.6,0.3,0,0.5,10,9.5,10,rrt_20260807_225619_265.png
20260807_225625_681,2026-08-07 22:56:25,False,10000,505,0.0,0,0.6,0.6,0.3,0,0.5,10,9.5,10,rrt_20260807_225625_681.png
20260807_225626_874,2026-08-07 22:56:26,True,1013,165,18.378553031599765,32,0.6,0.6,0.3,0,0.5,10,9.5,10,rrt_20260807_225626_874.png
20260807_225633_919,2026-08-07 22:56:33,False,10000,510,0.0,0,0.6,0.6,0.3,0,0.5,10,9.5,10,rrt_20260807_225633_919.png
20260807_225639_801,2026-08-07 22:56:39,False,10000,447,0.0,0,0.6,0.6,0.3,0,0.5,10,9.5,10,rrt_20260807_225639_801.png
20260807_225641_043,2026-08-07 22:56:41,True,1401,185,18.442985728885063,32,0.6,0.6,0.3,0,0.5,10,9.5,10,rrt_20260807_225641_043.png
20260807_225641_863,2026-08-07 22:56:41,True,350,83,17.70198708153335,31,0.6,0.6,0.3,0,0.5,10,9.5,10,rrt_20260807_225641_863.png
20260807_225648_549,2026-08-07 22:56:48,False,10000,522,0.0,0,0.6,0.6,0.3,0,0.5,10,9.5,10,rrt_20260807_225648_549.png
20260807_225654_742,2026-08-07 22:56:54,False,10000,460,0.0,0,0.6,0.6,0.3,0,0.5,10,9.5,10,rrt_20260807_225654_742.png
20260807_225656_252,2026-08-07 22:56:56,True,2639,210,22.799999999999997,39,0.6,0.6,0.3,0,0.5,10,9.5,10,rrt_20260807_225656_252.png
20260807_225657_174,2026-08-07 22:56:57,True,862,153,18.951553806376783,33,0.6,0.6,0.3,0,0.5,10,9.5,10,rrt_20260807_225657_174.png
20260807_225703_950,2026-08-07 22:57:03,False,10000,539,0.0,0,0.6,0.6,0.3,0,0.5,10,9.5,10,rrt_20260807_225703_950.png
20260807_225705_518,2026-08-07 22:57:05,True,528,105,16.799999999999997,29,0.6,0.6,0.3,0,0.5,10,9.5,10,rrt_20260807_225705_518.png
20260807_225712_901,2026-08-07 22:57:12,False,10000,555,0.0,0,0.6,0.7,0.3,0,0.5,10,9.5,10,rrt_20260807_225712_901.png
20260807_225718_983,2026-08-07 22:57:18,False,10000,431,0.0,0,0.6,0.7,0.3,0,0.5,10,9.5,10,rrt_20260807_225718_983.png
20260807_225726_769,2026-08-07 22:57:26,False,10000,606,0.0,0,0.6,0.7,0.3,0,0.5,10,9.5,10,rrt_20260807_225726_769.png
20260807_225728_015,2026-08-07 22:57:28,True,1665,154,19.5633326488954,34,0.6,0.7,0.3,0,0.5,10,9.5,10,rrt_20260807_225728_015.png
20260807_225728_892,2026-08-07 22:57:28,True,283,83,16.62548266618269,29,0.6,0.7,0.3,0,0.5,10,9.5,10,rrt_20260807_225728_892.png
20260807_225736_050,2026-08-07 22:57:36,False,10000,562,0.0,0,0.6,0.7,0.3,0,0.5,10,9.5,10,rrt_20260807_225736_050.png
20260807_225742_991,2026-08-07 22:57:42,False,10000,509,0.0,0,0.6,0.7,0.3,0,0.5,10,9.5,10,rrt_20260807_225742_991.png
20260807_225750_513,2026-08-07 22:57:50,False,10000,557,0.0,0,0.6,0.7,0.3,0,0.5,10,9.5,10,rrt_20260807_225750_513.png
20260807_225757_770,2026-08-07 22:57:57,False,10000,506,0.0,0,0.6,0.7,0.3,0,0.5,10,9.5,10,rrt_20260807_225757_770.png
20260807_225805_785,2026-08-07 22:58:05,False,10000,582,0.0,0,0.6,0.7,0.3,0,0.5,10,9.5,10,rrt_20260807_225805_785.png
20260807_225806_850,2026-08-07 22:58:06,True,503,94,17.93004520355937,31,0.6,0.7,0.3,0,0.5,10,9.5,10,rrt_20260807_225806_850.png
20260807_225808_029,2026-08-07 22:58:08,True,1859,180,23.213125376270362,40,0.6,0.7,0.3,0,0.5,10,9.5,10,rrt_20260807_225808_029.png
20260807_225809_020,2026-08-07 22:58:09,True,837,137,18.530359738166773,32,0.6,0.7,0.3,0,0.5,10,9.5,10,rrt_20260807_225809_020.png
20260807_225809_852,2026-08-07 22:58:09,True,343,107,18.0,31,0.6,0.7,0.3,0,0.5,10,9.5,10,rrt_20260807_225809_852.png
20260807_231551_585,2026-08-07 23:15:51,False,10000,542,0.0,0,0.6,0.7,0.3,0,0.5,10,9.5,10,rrt_20260807_231551_585.png
20260807_231556_844,2026-08-07 23:15:56,False,10000,511,0.0,0,0.6,0.7,0.3,0,0.5,10,9.5,10,rrt_20260807_231556_844.png
20260807_231602_046,2026-08-07 23:16:02,False,10000,461,0.0,0,0.6,0.7,0.3,0,0.5,10,9.5,10,rrt_20260807_231602_046.png
20260807_231603_000,2026-08-07 23:16:03,True,761,120,18.600000000000005,32,0.6,0.7,0.3,0,0.5,10,9.5,10,rrt_20260807_231603_000.png
20260807_231604_204,2026-08-07 23:16:04,True,494,115,19.798223723147245,34,0.6,0.7,0.3,0,0.5,10,9.5,10,rrt_20260807_231604_204.png
20260807_231604_974,2026-08-07 23:16:04,True,717,139,17.71525345795487,31,0.6,0.7,0.3,0,0.5,10,9.5,10,rrt_20260807_231604_974.png
20260807_231605_719,2026-08-07 23:16:05,True,616,99,17.386638097266914,30,0.6,0.7,0.3,0,0.5,10,9.5,10,rrt_20260807_231605_719.png
20260807_231606_503,2026-08-07 23:16:06,True,458,122,18.456121057284523,32,0.6,0.7,0.3,0,0.5,10,9.5,10,rrt_20260807_231606_503.png
20260807_231611_968,2026-08-07 23:16:11,False,10000,577,0.0,0,0.6,0.7,0.3,0,0.5,10,9.5,10,rrt_20260807_231611_968.png
20260807_231612_861,2026-08-07 23:16:12,True,340,101,17.29988020241609,30,0.6,0.7,0.3,0,0.5,10,9.5,10,rrt_20260807_231612_861.png
20260807_231613_564,2026-08-07 23:16:13,True,349,94,17.400000000000002,30,0.6,0.7,0.3,0,0.5,10,9.5,10,rrt_20260807_231613_564.png
20260807_231618_044,2026-08-07 23:16:18,False,10000,424,0.0,0,0.6,0.7,0.3,0,0.5,10,9.5,10,rrt_20260807_231618_044.png
20260807_231623_832,2026-08-07 23:16:23,False,10000,597,0.0,0,0.6,0.7,0.3,0,0.5,10,9.5,10,rrt_20260807_231623_832.png
20260807_231629_394,2026-08-07 23:16:29,False,10000,555,0.0,0,0.6,0.7,0.3,0,0.5,10,9.5,10,rrt_20260807_231629_394.png
20260807_231634_744,2026-08-07 23:16:34,False,10000,567,0.0,0,0.6,0.7,0.3,0,0.5,10,9.5,10,rrt_20260807_231634_744.png
20260807_233329_431,2026-08-07 23:33:29,False,10000,539,0.0,0,0.6,0.7,0.3,0,0.5,10,9.5,10,rrt_20260807_233329_431.png
20260807_233330_697,2026-08-07 23:33:30,True,820,119,18.324026006706198,32,0.6,0.7,0.3,0,0.5,10,9.5,10,rrt_20260807_233330_697.png
20260807_233332_040,2026-08-07 23:33:32,True,284,82,16.799999999999997,29,0.6,0.7,0.3,0,0.5,10,9.5,10,rrt_20260807_233332_040.png
20260807_233332_881,2026-08-07 23:33:32,True,705,119,20.400000000000006,35,0.6,0.7,0.3,0,0.5,10,9.5,10,rrt_20260807_233332_881.png
20260807_233337_308,2026-08-07 23:33:37,False,10000,442,0.0,0,0.6,0.7,0.3,0,0.5,10,9.5,10,rrt_20260807_233337_308.png
20260807_233338_964,2026-08-07 23:33:38,True,1300,161,20.242422464982756,35,0.6,0.7,0.3,0,0.5,10,9.5,10,rrt_20260807_233338_964.png
20260807_233344_462,2026-08-07 23:33:44,False,10000,573,0.0,0,0.6,0.7,0.3,0,0.5,10,9.5,10,rrt_20260807_233344_462.png
20260807_233345_602,2026-08-07 23:33:45,True,604,139,18.396426807165035,32,0.6,0.7,0.3,0,0.5,10,9.5,10,rrt_20260807_233345_602.png
20260807_233351_509,2026-08-07 23:33:51,False,10000,595,0.0,0,0.6,0.7,0.3,0,0.5,10,9.5,10,rrt_20260807_233351_509.png
20260807_233352_858,2026-08-07 23:33:52,True,1067,159,17.48313617023679,31,0.6,0.7,0.3,0,0.5,10,9.5,10,rrt_20260807_233352_858.png
20260807_233353_699,2026-08-07 23:33:53,True,806,136,17.999999999999996,31,0.6,0.7,0.3,0,0.5,10,9.5,10,rrt_20260807_233353_699.png
20260807_233354_536,2026-08-07 23:33:54,True,766,144,18.6,32,0.6,0.7,0.3,0,0.5,10,9.5,10,rrt_20260807_233354_536.png
20260807_233355_327,2026-08-07 23:33:55,True,438,109,18.47706762191021,32,0.6,0.7,0.3,0,0.5,10,9.5,10,rrt_20260807_233355_327.png
20260807_233356_358,2026-08-07 23:33:56,True,1293,194,17.97838501588525,31,0.6,0.7,0.3,0,0.5,10,9.5,10,rrt_20260807_233356_358.png
20260807_233357_775,2026-08-07 23:33:57,True,945,161,19.184956981155935,33,0.6,0.7,0.3,0,0.5,10,9.5,10,rrt_20260807_233357_775.png
20260807_233403_153,2026-08-07 23:34:03,False,10000,573,0.0,0,0.6,0.7,0.3,0,0.5,10,9.5,10,rrt_20260807_233403_153.png
20260807_233408_881,2026-08-07 23:34:08,False,10000,578,0.0,0,0.6,0.7,0.3,0,0.5,10,9.5,10,rrt_20260807_233408_881.png
20260807_233409_833,2026-08-07 23:34:09,True,978,140,19.8,34,0.6,0.7,0.3,0,0.5,10,9.5,10,rrt_20260807_233409_833.png
20260807_235144_421,2026-08-07 23:51:44,False,10000,571,0.0,0,0.6,0.7,0.3,0,0.5,10,9.5,10,rrt_20260807_235144_421.png
20260807_235145_499,2026-08-07 23:51:45,True,838,150,20.721459750295217,36,0.6,0.7,0.3,0,0.5,10,9.5,10,rrt_20260807_235145_499.png
20260807_235146_551,2026-08-07 23:51:46,True,1636,190,25.493688652200085,44,0.6,0.7,0.3,0,0.5,10,9.5,10,rrt_20260807_235146_551.png
20260807_235152_412,2026-08-07 23:51:52,False,10000,618,0.0,0,0.6,0.7,0.3,0,0.5,10,9.5,10,rrt_20260807_235152_412.png
20260807_235153_276,2026-08-07 23:51:53,True,654,94,18.718702245542715,33,0.6,0.7,0.3,0,0.5,10,9.5,10,rrt_20260807_235153_276.png
20260807_235154_786,2026-08-07 23:51:54,True,216,76,16.199999999999996,28,0.6,0.7,0.3,0,0.5,10,9.5,10,rrt_20260807_235154_786.png
20260807_235155_575,2026-08-07 23:51:55,True,346,94,16.799999999999997,29,0.6,0.7,0.3,0,0.5,10,9.5,10,rrt_20260807_235155_575.png
20260807_235200_174,2026-08-07 23:52:00,False,10000,476,0.0,0,0.6,0.7,0.3,0,0.5,10,9.5,10,rrt_20260807_235200_174.png
20260807_235205_401,2026-08-07 23:52:05,False,10000,512,0.0,0,0.6,0.7,0.3,0,0.5,10,9.5,10,rrt_20260807_235205_401.png
20260807_235206_302,2026-08-07 23:52:06,True,568,106,20.770699174327493,36,0.6,0.7,0.3,0,0.5,10,9.5,10,rrt_20260807_235206_302.png
20260807_235210_534,2026-08-07 23:52:10,False,10000,438,0.0,0,0.6,0.7,0.3,0,0.5,10,9.5,10,rrt_20260807_235210_534.png
20260807_235211_436,2026-08-07 23:52:11,True,768,131,19.200000000000003,33,0.6,0.7,0.3,0,0.5,10,9.5,10,rrt_20260807_235211_436.png
20260807_235215_813,2026-08-07 23:52:15,False,10000,454,0.0,0,0.6,0.7,0.3,0,0.5,10,9.5,10,rrt_20260807_235215_813.png
20260807_235217_228,2026-08-07 23:52:17,True,568,114,16.790172256719764,29,0.6,0.7,0.3,0,0.5,10,9.5,10,rrt_20260807_235217_228.png
20260807_235222_962,2026-08-07 23:52:22,False,10000,565,0.0,0,0.6,0.7,0.3,0,0.5,10,9.5,10,rrt_20260807_235222_962.png
20260807_235223_859,2026-08-07 23:52:23,True,705,103,18.823258584168,33,0.6,0.7,0.3,0,0.5,10,9.5,10,rrt_20260807_235223_859.png
20260807_235229_382,2026-08-07 23:52:29,False,10000,580,0.0,0,0.6,0.7,0.3,0,0.5,10,9.5,10,rrt_20260807_235229_382.png
20260807_235233_219,2026-08-07 23:52:33,False,10000,368,0.0,0,0.6,0.7,0.3,0,0.5,10,9.5,10,rrt_20260807_235233_219.png
20260807_235238_699,2026-08-07 23:52:38,False,10000,555,0.0,0,0.6,0.7,0.3,0,0.5,10,9.5,10,rrt_20260807_235238_699.png
20260807_235239_578,2026-08-07 23:52:39,True,429,95,20.400000000000002,35,0.6,0.7,0.3,0,0.5,10,9.5,10,rrt_20260807_235239_578.png
20260807_235245_132,2026-08-07 23:52:45,False,10000,587,0.0,0,0.6,0.7,0.3,0,0.5,10,9.5,10,rrt_20260807_235245_132.png
20260807_235250_790,2026-08-07 23:52:50,False,10000,593,0.0,0,0.6,0.7,0.3,0,0.5,10,9.5,10,rrt_20260807_235250_790.png
20260807_235251_722,2026-08-07 23:52:51,True,468,139,16.799999999999994,29,0.6,0.7,0.3,0,0.5,10,9.5,10,rrt_20260807_235251_722.png
20260807_235252_942,2026-08-07 23:52:52,True,404,94,19.762601004305054,34,0.6,0.7,0.3,0,0.5,10,9.5,10,rrt_20260807_235252_942.png
20260807_235258_440,2026-08-07 23:52:58,False,10000,583,0.0,0,0.6,0.7,0.3,0,0.5,10,9.5,10,rrt_20260807_235258_440.png
20260807_235259_520,2026-08-07 23:52:59,True,1152,144,17.92931892302785,31,0.6,0.7,0.3,0,0.5,10,9.5,10,rrt_20260807_235259_520.png
20260807_235300_560,2026-08-07 23:53:00,True,419,97,19.07189592640176,33,0.6,0.7,0.3,0,0.5,10,9.5,10,rrt_20260807_235300_560.png
20260808_000934_257,2026-08-08 00:09:34,False,10000,517,0.0,0,0.6,0.7,0.3,0,0.5,10,9.5,10,rrt_20260808_000934_257.png
20260808_000939_923,2026-08-08 00:09:39,False,10000,501,0.0,0,0.6,0.7,0.3,0,0.5,10,9.5,10,rrt_20260808_000939_923.png
20260808_000945_877,2026-08-08 00:09:45,False,10000,602,0.0,0,0.6,0.7,0.3,0,0.5,10,9.5,10,rrt_20260808_000945_877.png
20260808_000951_521,2026-08-08 00:09:51,False,10000,566,0.0,0,0.6,0.7,0.3,0,0.5,10,9.5,10,rrt_20260808_000951_521.png
20260808_000956_990,2026-08-08 00:09:56,False,10000,559,0.0,0,0.6,0.7,0.3,0,0.5,10,9.5,10,rrt_20260808_000956_990.png
20260808_000958_366,2026-08-08 00:09:58,True,442,92,17.4,30,0.6,0.7,0.3,0,0.5,10,9.5,10,rrt_20260808_000958_366.png
20260808_001002_622,2026-08-08 00:10:02,False,10000,467,0.0,0,0.6,0.7,0.3,0,0.5,10,9.5,10,rrt_20260808_001002_622.png
20260808_001003_518,2026-08-08 00:10:03,True,398,99,19.703324650735336,34,0.6,0.7,0.3,0,0.5,10,9.5,10,rrt_20260808_001003_518.png
20260808_001009_116,2026-08-08 00:10:09,False,10000,593,0.0,0,0.6,0.7,0.3,0,0.5,10,9.5,10,rrt_20260808_001009_116.png
20260808_001010_237,2026-08-08 00:10:10,True,1941,167,19.344806237691536,34,0.6,0.7,0.3,0,0.5,10,9.5,10,rrt_20260808_001010_237.png
20260808_001015_396,2026-08-08 00:10:15,False,10000,562,0.0,0,0.6,0.7,0.3,0,0.5,10,9.5,10,rrt_20260808_001015_396.png
20260808_001016_269,2026-08-08 00:10:16,True,399,93,16.68364059977482,29,0.6,0.7,0.3,0,0.5,10,9.5,10,rrt_20260808_001016_269.png
20260808_001017_038,2026-08-08 00:10:17,True,797,158,18.599999999999998,32,0.6,0.7,0.3,0,0.5,10,9.5,10,rrt_20260808_001017_038.png
20260808_001709_124,2026-08-08 00:17:09,False,10000,626,0.0,0,0.6,0.7,0.3,0,0.5,10,9.5,10,rrt_20260808_001709_124.png
20260808_001710_196,2026-08-08 00:17:10,True,361,96,16.799999999999997,29,0.6,0.7,0.3,0,0.5,10,9.5,10,rrt_20260808_001710_196.png
20260808_001711_506,2026-08-08 00:17:11,True,655,134,18.424551070880785,32,0.6,0.7,0.3,0,0.5,10,9.5,10,rrt_20260808_001711_506.png
20260808_001717_126,2026-08-08 00:17:17,False,10000,586,0.0,0,0.6,0.7,0.3,0,0.5,10,9.5,10,rrt_20260808_001717_126.png
20260808_001722_726,2026-08-08 00:17:22,False,10000,536,0.0,0,0.6,0.7,0.3,0,0.5,10,9.5,10,rrt_20260808_001722_726.png
20260808_001723_702,2026-08-08 00:17:23,True,537,123,17.4478900420104,31,0.6,0.7,0.3,0,0.5,10,9.5,10,rrt_20260808_001723_702.png
20260808_001729_165,2026-08-08 00:17:29,False,10000,588,0.0,0,0.6,0.7,0.3,0,0.5,10,9.5,10,rrt_20260808_001729_165.png
20260808_001734_777,2026-08-08 00:17:34,False,10000,599,0.0,0,0.6,0.7,0.3,0,0.5,10,9.5,10,rrt_20260808_001734_777.png
20260808_001739_881,2026-08-08 00:17:39,False,10000,526,0.0,0,0.6,0.7,0.3,0,0.5,10,9.5,10,rrt_20260808_001739_881.png
20260808_001741_315,2026-08-08 00:17:41,True,428,97,18.599999999999998,32,0.6,0.7,0.3,0,0.5,10,9.5,10,rrt_20260808_001741_315.png
20260808_001742_059,2026-08-08 00:17:42,True,274,62,17.74803395636371,31,0.6,0.7,0.3,0,0.5,10,9.5,10,rrt_20260808_001742_059.png
20260808_001747_136,2026-08-08 00:17:47,False,10000,559,0.0,0,0.6,0.7,0.3,0,0.5,10,9.5,10,rrt_20260808_001747_136.png
20260808_001751_403,2026-08-08 00:17:51,False,10000,428,0.0,0,0.6,0.7,0.3,0,0.5,10,9.5,10,rrt_20260808_001751_403.png
20260808_001752_365,2026-08-08 00:17:52,True,929,142,17.85200873017654,31,0.6,0.8,0.3,0,0.5,10,9.5,10,rrt_20260808_001752_365.png
20260808_003426_665,2026-08-08 00:34:26,False,10000,622,0.0,0,0.6,0.8,0.3,0,0.5,10,9.5,10,rrt_20260808_003426_665.png
20260808_003433_111,2026-08-08 00:34:33,False,10000,666,0.0,0,0.6,0.8,0.3,0,0.5,10,9.5,10,rrt_20260808_003433_111.png
20260808_003434_106,2026-08-08 00:34:34,True,520,122,17.15856010065709,30,0.6,0.8,0.3,0,0.5,10,9.5,10,rrt_20260808_003434_106.png
20260808_003440_703,2026-08-08 00:34:40,False,10000,655,0.0,0,0.6,0.8,0.3,0,0.5,10,9.5,10,rrt_20260808_003440_703.png
20260808_003447_725,2026-08-08 00:34:47,False,10000,663,0.0,0,0.6,0.8,0.3,0,0.5,10,9.5,10,rrt_20260808_003447_725.png
20260808_003453_640,2026-08-08 00:34:53,False,10000,631,0.0,0,0.6,0.8,0.3,0,0.5,10,9.5,10,rrt_20260808_003453_640.png
20260808_003454_573,2026-08-08 00:34:54,True,538,115,18.516826008170412,32,0.6,0.8,0.3,0,0.5,10,9.5,10,rrt_20260808_003454_573.png
20260808_003500_533,2026-08-08 00:35:00,False,10000,644,0.0,0,0.6,0.8,0.3,0,0.5,10,9.5,10,rrt_20260808_003500_533.png
20260808_003501_517,2026-08-08 00:35:01,True,797,157,17.830135725658433,31,0.6,0.8,0.3,0,0.5,10,9.5,10,rrt_20260808_003501_517.png
20260808_003502_619,2026-08-08 00:35:02,True,336,83,17.999999999999996,31,0.6,0.8,0.3,0,0.5,10,9.5,10,rrt_20260808_003502_619.png
20260808_003503_619,2026-08-08 00:35:03,True,1642,205,18.689304969379233,33,0.6,0.8,0.3,0,0.5,10,9.5,10,rrt_20260808_003503_619.png
20260808_003504_464,2026-08-08 00:35:04,True,1036,168,18.497826799831458,32,0.6,0.8,0.3,0,0.5,10,9.5,10,rrt_20260808_003504_464.png
20260808_003505_227,2026-08-08 00:35:05,True,495,117,18.596628366576034,32,0.6,0.8,0.3,0,0.5,10,9.5,10,rrt_20260808_003505_227.png
20260808_005053_267,2026-08-08 00:50:53,False,10000,680,0.0,0,0.6,0.8,0.3,0,0.5,10,9.5,10,rrt_20260808_005053_267.png
20260808_005054_274,2026-08-08 00:50:54,True,400,88,18.34520556181735,32,0.6,0.8,0.3,0,0.5,10,9.5,10,rrt_20260808_005054_274.png
20260808_005055_066,2026-08-08 00:50:55,True,396,114,17.70730088000862,31,0.6,0.8,0.3,0,0.5,10,9.5,10,rrt_20260808_005055_066.png
20260808_005100_284,2026-08-08 00:51:00,False,10000,549,0.0,0,0.6,0.8,0.3,0,0.5,10,9.5,10,rrt_20260808_005100_284.png
20260808_005106_617,2026-08-08 00:51:06,False,10000,695,0.0,0,0.6,0.8,0.3,0,0.5,10,9.5,10,rrt_20260808_005106_617.png
20260808_005108_071,2026-08-08 00:51:08,True,668,127,18.59878074989464,32,0.6,0.8,0.3,0,0.5,10,9.5,10,rrt_20260808_005108_071.png
20260808_005113_678,2026-08-08 00:51:13,False,10000,610,0.0,0,0.6,0.8,0.3,0,0.5,10,9.5,10,rrt_20260808_005113_678.png
20260808_005119_985,2026-08-08 00:51:19,False,10000,668,0.0,0,0.6,0.8,0.3,0,0.5,10,9.5,10,rrt_20260808_005119_985.png
20260808_005121_229,2026-08-08 00:51:21,True,1917,224,19.667105866250566,34,0.6,0.8,0.3,0,0.5,10,9.5,10,rrt_20260808_005121_229.png
20260808_005122_369,2026-08-08 00:51:22,True,442,113,17.97797601469838,32,0.6,0.8,0.3,0,0.5,10,9.5,10,rrt_20260808_005122_369.png
20260808_005127_427,2026-08-08 00:51:27,False,10000,537,0.0,0,0.6,0.8,0.3,0,0.5,10,9.5,10,rrt_20260808_005127_427.png
20260808_005128_328,2026-08-08 00:51:28,True,357,76,17.24315352492365,30,0.6,0.8,0.3,0,0.5,10,9.5,10,rrt_20260808_005128_328.png
20260808_005132_729,2026-08-08 00:51:32,False,10000,465,0.0,0,0.6,0.8,0.3,0,0.5,10,9.5,10,rrt_20260808_005132_729.png
20260808_005138_887,2026-08-08 00:51:38,False,10000,649,0.0,0,0.6,0.8,0.3,0,0.5,10,9.5,10,rrt_20260808_005138_887.png
20260808_005145_292,2026-08-08 00:51:45,False,10000,654,0.0,0,0.6,0.8,0.3,0,0.5,10,9.5,10,rrt_20260808_005145_292.png
20260808_005151_538,2026-08-08 00:51:51,False,10000,666,0.0,0,0.6,0.8,0.3,0,0.5,10,9.5,10,rrt_20260808_005151_538.png
20260808_005152_445,2026-08-08 00:51:52,True,471,128,17.17160318878399,30,0.6,0.8,0.3,0,0.5,10,9.5,10,rrt_20260808_005152_445.png
20260808_010813_867,2026-08-08 01:08:13,False,10000,475,0.0,0,0.6,0.8,0.3,0,0.5,10,9.5,10,rrt_20260808_010813_867.png
20260808_010821_138,2026-08-08 01:08:21,False,10000,659,0.0,0,0.6,0.8,0.3,0,0.5,10,9.5,10,rrt_20260808_010821_138.png
20260808_010827_680,2026-08-08 01:08:27,False,10000,649,0.0,0,0.6,0.8,0.3,0,0.5,10,9.5,10,rrt_20260808_010827_680.png
20260808_010833_109,2026-08-08 01:08:33,False,10000,560,0.0,0,0.6,0.8,0.3,0,0.5,10,9.5,10,rrt_20260808_010833_109.png
20260808_010839_128,2026-08-08 01:08:39,False,10000,652,0.0,0,0.6,0.8,0.3,0,0.5,10,9.5,10,rrt_20260808_010839_128.png
20260808_010840_057,2026-08-08 01:08:40,True,599,128,18.397934679960745,32,0.6,0.8,0.3,0,0.5,10,9.5,10,rrt_20260808_010840_057.png
20260808_010840_943,2026-08-08 01:08:40,True,1402,175,18.0,31,0.6,0.8,0.3,0,0.5,10,9.5,10,rrt_20260808_010840_943.png
20260808_010841_938,2026-08-08 01:08:41,True,1515,200,17.612306505019557,31,0.6,0.8,0.3,0,0.5,10,9.5,10,rrt_20260808_010841_938.png
20260808_010842_690,2026-08-08 01:08:42,True,190,66,17.400000000000002,30,0.6,0.8,0.3,0,0.5,10,9.5,10,rrt_20260808_010842_690.png
20260808_010843_372,2026-08-08 01:08:43,True,171,74,17.789722963825863,31,0.6,0.8,0.3,0,0.5,10,9.5,10,rrt_20260808_010843_372.png
20260808_010844_690,2026-08-08 01:08:44,True,290,86,17.4,30,0.6,0.8,0.3,0,0.5,10,9.5,10,rrt_20260808_010844_690.png
20260808_010850_644,2026-08-08 01:08:50,False,10000,642,0.0,0,0.6,0.8,0.3,0,0.5,10,9.5,10,rrt_20260808_010850_644.png
20260808_010851_551,2026-08-08 01:08:51,True,646,118,22.117873119567445,38,0.6,0.8,0.3,0,0.5,10,9.5,10,rrt_20260808_010851_551.png
20260808_010852_250,2026-08-08 01:08:52,True,254,64,16.8,29,0.6,0.8,0.3,0,0.5,10,9.5,10,rrt_20260808_010852_250.png
20260808_010856_772,2026-08-08 01:08:56,False,10000,479,0.0,0,0.6,0.8,0.3,0,0.5,10,9.5,10,rrt_20260808_010856_772.png
20260808_010857_933,2026-08-08 01:08:57,True,616,115,17.21381474523462,30,0.6,0.8,0.3,0,0.5,10,9.5,10,rrt_20260808_010857_933.png
20260808_012432_732,2026-08-08 01:24:32,False,10000,586,0.0,0,0.6,0.8,0.3,0,0.5,10,9.5,10,rrt_20260808_012432_732.png
20260808_012439_540,2026-08-08 01:24:39,False,10000,613,0.0,0,0.6,0.8,0.3,0,0.5,10,9.5,10,rrt_20260808_012439_540.png
20260808_012445_353,2026-08-08 01:24:45,False,10000,534,0.0,0,0.6,0.8,0.3,0,0.5,10,9.5,10,rrt_20260808_012445_353.png
20260808_012446_307,2026-08-08 01:24:46,True,612,132,17.37619377827076,30,0.6,0.8,0.3,0,0.5,10,9.5,10,rrt_20260808_012446_307.png
20260808_012451_895,2026-08-08 01:24:51,False,10000,607,0.0,0,0.6,0.8,0.3,0,0.5,10,9.5,10,rrt_20260808_012451_895.png
20260808_012457_926,2026-08-08 01:24:57,False,10000,642,0.0,0,0.6,0.8,0.3,0,0.5,10,9.5,10,rrt_20260808_012457_926.png
20260808_012503_598,2026-08-08 01:25:03,False,10000,622,0.0,0,0.6,0.8,0.3,0,0.5,10,9.5,10,rrt_20260808_012503_598.png
20260808_012504_539,2026-08-08 01:25:04,True,1001,144,19.85049655286467,35,0.6,0.8,0.3,0,0.5,10,9.5,10,rrt_20260808_012504_539.png
20260808_012510_174,2026-08-08 01:25:10,False,10000,637,0.0,0,0.6,0.8,0.3,0,0.5,10,9.5,10,rrt_20260808_012510_174.png
20260808_014027_624,2026-08-08 01:40:27,False,10000,498,0.0,0,0.6,0.8,0.3,0,0.5,10,9.5,10,rrt_20260808_014027_624.png
20260808_014028_580,2026-08-08 01:40:28,True,300,89,17.73514798936243,31,0.6,0.8,0.3,0,0.5,10,9.5,10,rrt_20260808_014028_580.png
20260808_014030_001,2026-08-08 01:40:30,True,814,142,18.0,31,0.6,0.8,0.3,0,0.5,10,9.5,10,rrt_20260808_014030_001.png
20260808_014035_242,2026-08-08 01:40:35,False,10000,552,0.0,0,0.6,0.8,0.3,0,0.5,10,9.5,10,rrt_20260808_014035_242.png
20260808_014040_142,2026-08-08 01:40:40,False,10000,464,0.0,0,0.6,0.8,0.3,0,0.5,10,9.5,10,rrt_20260808_014040_142.png
20260808_014041_051,2026-08-08 01:40:41,True,595,132,16.799999999999994,29,0.6,0.8,0.3,0,0.5,10,9.5,10,rrt_20260808_014041_051.png
20260808_014045_040,2026-08-08 01:40:45,False,10000,390,0.0,0,0.6,0.8,0.3,0,0.5,10,9.5,10,rrt_20260808_014045_040.png
20260808_014046_342,2026-08-08 01:40:46,True,390,120,17.4,30,0.6,0.8,0.3,0,0.5,10,9.5,10,rrt_20260808_014046_342.png
20260808_014052_241,2026-08-08 01:40:52,False,10000,653,0.0,0,0.6,0.8,0.3,0,0.5,10,9.5,10,rrt_20260808_014052_241.png
20260808_014053_343,2026-08-08 01:40:53,True,769,140,18.32546358437202,32,0.6,0.8,0.3,0,0.5,10,9.5,10,rrt_20260808_014053_343.png
20260808_014059_374,2026-08-08 01:40:59,False,10000,634,0.0,0,0.6,0.8,0.3,0,0.5,10,9.5,10,rrt_20260808_014059_374.png
20260808_014100_984,2026-08-08 01:41:00,True,537,137,18.576414087249102,32,0.6,0.8,0.3,0,0.5,10,9.5,10,rrt_20260808_014100_984.png
20260808_014101_754,2026-08-08 01:41:01,True,386,106,19.19999999999999,33,0.6,0.8,0.3,0,0.5,10,9.5,10,rrt_20260808_014101_754.png
20260808_014107_823,2026-08-08 01:41:07,False,10000,640,0.0,0,0.6,0.8,0.3,0,0.5,10,9.5,10,rrt_20260808_014107_823.png
20260808_014112_102,2026-08-08 01:41:12,False,10000,423,0.0,0,0.6,0.8,0.3,0,0.5,10,9.5,10,rrt_20260808_014112_102.png
20260808_014117_126,2026-08-08 01:41:17,False,10000,507,0.0,0,0.6,0.8,0.3,0,0.5,10,9.5,10,rrt_20260808_014117_126.png
20260808_015626_073,2026-08-08 01:56:26,False,10000,651,0.0,0,0.6,0.8,0.3,0,0.5,10,9.5,10,rrt_20260808_015626_073.png
20260808_015627_008,2026-08-08 01:56:27,True,564,105,19.799999999999994,34,0.6,0.8,0.3,0,0.5,10,9.5,10,rrt_20260808_015627_008.png
20260808_015633_067,2026-08-08 01:56:33,False,10000,672,0.0,0,0.6,0.8,0.3,0,0.5,10,9.5,10,rrt_20260808_015633_067.png
20260808_015639_308,2026-08-08 01:56:39,False,10000,675,0.0,0,0.6,0.8,0.3,0,0.5,10,9.5,10,rrt_20260808_015639_308.png
20260808_015644_517,2026-08-08 01:56:44,False,10000,467,0.0,0,0.6,0.8,0.3,0,0.5,10,9.5,10,rrt_20260808_015644_517.png
20260808_015648_922,2026-08-08 01:56:48,False,10000,405,0.0,0,0.6,0.8,0.3,0,0.5,10,9.5,10,rrt_20260808_015648_922.png
20260808_015649_737,2026-08-08 01:56:49,True,426,109,17.999999999999986,31,0.6,0.8,0.3,0,0.5,10,9.5,10,rrt_20260808_015649_737.png
20260808_015650_438,2026-08-08 01:56:50,True,231,82,17.87080776421985,31,0.6,0.8,0.3,0,0.5,10,9.5,10,rrt_20260808_015650_438.png
20260808_015651_268,2026-08-08 01:56:51,True,893,152,19.199999999999996,33,0.6,0.8,0.3,0,0.5,10,9.5,10,rrt_20260808_015651_268.png
20260808_015652_105,2026-08-08 01:56:52,True,1002,162,17.46859867663394,31,0.6,0.8,0.3,0,0.5,10,9.5,10,rrt_20260808_015652_105.png
20260808_015652_815,2026-08-08 01:56:52,True,202,79,16.68100699826204,29,0.6,0.8,0.3,0,0.5,10,9.5,10,rrt_20260808_015652_815.png
20260808_015653_624,2026-08-08 01:56:53,True,350,97,19.799999999999997,34,0.6,0.8,0.3,0,0.5,10,9.5,10,rrt_20260808_015653_624.png
20260808_015654_321,2026-08-08 01:56:54,True,317,92,20.21752162245324,35,0.6,0.8,0.3,0,0.5,10,9.5,10,rrt_20260808_015654_321.png
20260808_015700_505,2026-08-08 01:57:00,False,10000,610,0.0,0,0.6,0.8,0.3,0,0.5,10,9.5,10,rrt_20260808_015700_505.png
20260808_015701_479,2026-08-08 01:57:01,True,235,75,17.955718659871337,31,0.6,0.8,0.3,0,0.5,10,9.5,10,rrt_20260808_015701_479.png
20260808_015707_333,2026-08-08 01:57:07,False,10000,631,0.0,0,0.6,0.8,0.3,0,0.5,10,9.5,10,rrt_20260808_015707_333.png
20260808_021209_527,2026-08-08 02:12:09,True,332,79,18.599999999999998,32,0.6,0.8,0.3,0,0.5,10,9.5,10,rrt_20260808_021209_527.png
20260808_021214_581,2026-08-08 02:12:14,False,10000,528,0.0,0,0.6,0.8,0.3,0,0.5,10,9.5,10,rrt_20260808_021214_581.png
20260808_021220_443,2026-08-08 02:12:20,False,10000,621,0.0,0,0.6,0.8,0.3,0,0.5,10,9.5,10,rrt_20260808_021220_443.png
20260808_021221_304,2026-08-08 02:12:21,True,598,107,17.4,30,0.6,0.8,0.3,0,0.5,10,9.5,10,rrt_20260808_021221_304.png
20260808_021227_644,2026-08-08 02:12:27,False,10000,619,0.0,0,0.6,0.8,0.3,0,0.5,10,9.5,10,rrt_20260808_021227_644.png
20260808_021233_204,2026-08-08 02:12:33,False,10000,572,0.0,0,0.6,0.8,0.3,0,0.5,10,9.5,10,rrt_20260808_021233_204.png
20260808_021239_386,2026-08-08 02:12:39,False,10000,602,0.0,0,0.6,0.8,0.3,0,0.5,10,9.5,10,rrt_20260808_021239_386.png
20260808_021240_295,2026-08-08 02:12:40,True,676,116,18.575411679266217,32,0.6,0.8,0.3,0,0.5,10,9.5,10,rrt_20260808_021240_295.png
20260808_021246_081,2026-08-08 02:12:46,False,10000,636,0.0,0,0.6,0.8,0.3,0,0.5,10,9.5,10,rrt_20260808_021246_081.png
20260808_021246_940,2026-08-08 02:12:46,True,425,113,17.955082328942346,31,0.6,0.8,0.3,0,0.5,10,9.5,10,rrt_20260808_021246_940.png
20260808_021252_910,2026-08-08 02:12:52,False,10000,675,0.0,0,0.6,0.8,0.3,0,0.5,10,9.5,10,rrt_20260808_021252_910.png
20260808_022917_999,2026-08-08 02:29:17,False,10000,642,0.0,0,0.6,0.8,0.3,0,0.5,10,9.5,10,rrt_20260808_022917_999.png
20260808_022924_689,2026-08-08 02:29:24,False,10000,697,0.0,0,0.6,0.9,0.3,0,0.5,10,9.5,10,rrt_20260808_022924_689.png
20260808_022931_762,2026-08-08 02:29:31,False,10000,712,0.0,0,0.6,0.9,0.3,0,0.5,10,9.5,10,rrt_20260808_022931_762.png
20260808_022932_741,2026-08-08 02:29:32,True,455,132,20.399999999999988,35,0.6,0.9,0.3,0,0.5,10,9.5,10,rrt_20260808_022932_741.png
20260808_022933_991,2026-08-08 02:29:33,True,323,105,17.10442955554849,30,0.6,0.9,0.3,0,0.5,10,9.5,10,rrt_20260808_022933_991.png
20260808_022934_806,2026-08-08 02:29:34,True,517,142,19.653225787133792,34,0.6,0.9,0.3,0,0.5,10,9.5,10,rrt_20260808_022934_806.png
20260808_022935_559,2026-08-08 02:29:35,True,321,100,20.11112315719521,35,0.6,0.9,0.3,0,0.5,10,9.5,10,rrt_20260808_022935_559.png
20260808_022936_567,2026-08-08 02:29:36,True,176,85,16.8,29,0.6,0.9,0.3,0,0.5,10,9.5,10,rrt_20260808_022936_567.png
20260808_022937_281,2026-08-08 02:29:37,True,381,106,18.133429362156217,32,0.6,0.9,0.3,0,0.5,10,9.5,10,rrt_20260808_022937_281.png
20260808_022943_782,2026-08-08 02:29:43,False,10000,724,0.0,0,0.6,0.9,0.3,0,0.5,10,9.5,10,rrt_20260808_022943_782.png
20260808_022944_655,2026-08-08 02:29:44,True,388,102,19.799999999999994,34,0.6,0.9,0.3,0,0.5,10,9.5,10,rrt_20260808_022944_655.png
20260808_022945_509,2026-08-08 02:29:45,True,857,181,17.860995714305304,32,0.6,0.9,0.3,0,0.5,10,9.5,10,rrt_20260808_022945_509.png
20260808_022946_235,2026-08-08 02:29:46,True,450,102,23.355380990644946,40,0.6,0.9,0.3,0,0.5,10,9.5,10,rrt_20260808_022946_235.png
20260808_022951_611,2026-08-08 02:29:51,False,10000,529,0.0,0,0.6,0.9,0.3,0,0.5,10,9.5,10,rrt_20260808_022951_611.png
20260808_022952_520,2026-08-08 02:29:52,True,507,117,18.599999999999998,32,0.6,0.9,0.3,0,0.5,10,9.5,10,rrt_20260808_022952_520.png
20260808_022956_959,2026-08-08 02:29:56,False,10000,458,0.0,0,0.6,0.9,0.3,0,0.5,10,9.5,10,rrt_20260808_022956_959.png
20260808_024643_941,2026-08-08 02:46:43,False,10000,726,0.0,0,0.6,0.9,0.3,0,0.5,10,9.5,10,rrt_20260808_024643_941.png
20260808_024650_943,2026-08-08 02:46:50,False,10000,722,0.0,0,0.6,0.9,0.3,0,0.5,10,9.5,10,rrt_20260808_024650_943.png
20260808_024657_340,2026-08-08 02:46:57,False,10000,675,0.0,0,0.6,0.9,0.3,0,0.5,10,9.5,10,rrt_20260808_024657_340.png
20260808_024702_608,2026-08-08 02:47:02,False,10000,531,0.0,0,0.6,0.9,0.3,0,0.5,10,9.5,10,rrt_20260808_024702_608.png
20260808_024703_990,2026-08-08 02:47:03,True,461,121,17.39999999999999,30,0.6,0.9,0.3,0,0.5,10,9.5,10,rrt_20260808_024703_990.png
20260808_024710_565,2026-08-08 02:47:10,False,10000,688,0.0,0,0.6,0.9,0.3,0,0.5,10,9.5,10,rrt_20260808_024710_565.png
20260808_024717_292,2026-08-08 02:47:17,False,10000,703,0.0,0,0.6,0.9,0.3,0,0.5,10,9.5,10,rrt_20260808_024717_292.png
20260808_024723_635,2026-08-08 02:47:23,False,10000,655,0.0,0,0.6,0.9,0.3,0,0.5,10,9.5,10,rrt_20260808_024723_635.png
20260808_024724_774,2026-08-08 02:47:24,True,392,125,17.855768989116296,31,0.6,0.9,0.3,0,0.5,10,9.5,10,rrt_20260808_024724_774.png
20260808_024725_544,2026-08-08 02:47:25,True,274,91,17.4,30,0.6,0.9,0.3,0,0.5,10,9.5,10,rrt_20260808_024725_544.png
20260808_024731_946,2026-08-08 02:47:31,False,10000,704,0.0,0,0.6,0.9,0.3,0,0.5,10,9.5,10,rrt_20260808_024731_946.png
20260808_024732_884,2026-08-08 02:47:32,True,490,115,21.39597932876989,37,0.6,0.9,0.3,0,0.5,10,9.5,10,rrt_20260808_024732_884.png
20260808_024733_644,2026-08-08 02:47:33,True,430,117,18.585623617543845,32,0.6,0.9,0.3,0,0.5,10,9.5,10,rrt_20260808_024733_644.png
20260808_024734_375,2026-08-08 02:47:34,True,391,108,17.999999999999996,31,0.6,0.9,0.3,0,0.5,10,9.5,10,rrt_20260808_024734_375.png
20260808_024735_875,2026-08-08 02:47:35,True,1394,172,18.074349346306185,32,0.6,0.9,0.3,0,0.5,10,9.5,10,rrt_20260808_024735_875.png
20260808_024736_615,2026-08-08 02:47:36,True,209,75,18.360702959769636,32,0.6,0.9,0.3,0,0.5,10,9.5,10,rrt_20260808_024736_615.png
20260808_024737_434,2026-08-08 02:47:37,True,498,143,18.20088581071538,32,0.6,0.9,0.3,0,0.5,10,9.5,10,rrt_20260808_024737_434.png
20260808_024738_270,2026-08-08 02:47:38,True,921,142,20.269797333357236,35,0.6,0.9,0.3,0,0.5,10,9.5,10,rrt_20260808_024738_270.png
20260808_024739_016,2026-08-08 02:47:39,True,388,109,18.59999999999999,32,0.6,0.9,0.3,0,0.5,10,9.5,10,rrt_20260808_024739_016.png
20260808_024745_510,2026-08-08 02:47:45,False,10000,735,0.0,0,0.6,0.9,0.3,0,0.5,10,9.5,10,rrt_20260808_024745_510.png
20260808_024746_470,2026-08-08 02:47:46,True,516,129,18.564949976861488,32,0.6,0.9,0.3,0,0.5,10,9.5,10,rrt_20260808_024746_470.png
20260808_024753_256,2026-08-08 02:47:53,False,10000,701,0.0,0,0.6,0.9,0.3,0,0.5,10,9.5,10,rrt_20260808_024753_256.png
20260808_024754_222,2026-08-08 02:47:54,True,558,127,19.04288804833284,33,0.6,0.9,0.3,0,0.5,10,9.5,10,rrt_20260808_024754_222.png
20260808_024755_441,2026-08-08 02:47:55,True,272,97,16.799999999999994,29,0.6,0.9,0.3,0,0.5,10,9.5,10,rrt_20260808_024755_441.png
20260808_024801_843,2026-08-08 02:48:01,False,10000,718,0.0,0,0.6,0.9,0.3,0,0.5,10,9.5,10,rrt_20260808_024801_843.png
20260808_024802_953,2026-08-08 02:48:02,True,178,83,17.139746203055754,30,0.6,0.9,0.3,0,0.5,10,9.5,10,rrt_20260808_024802_953.png
20260808_024809_092,2026-08-08 02:48:09,False,10000,700,0.0,0,0.6,0.9,0.3,0,0.5,10,9.5,10,rrt_20260808_024809_092.png
20260808_024810_017,2026-08-08 02:48:10,True,362,118,16.8,29,0.6,0.9,0.3,0,0.5,10,9.5,10,rrt_20260808_024810_017.png
20260808_024816_380,2026-08-08 02:48:16,False,10000,689,0.0,0,0.6,0.9,0.3,0,0.5,10,9.5,10,rrt_20260808_024816_380.png
20260808_024817_463,2026-08-08 02:48:17,True,529,125,20.60163097949521,36,0.6,0.9,0.3,0,0.5,10,9.5,10,rrt_20260808_024817_463.png
20260808_024823_766,2026-08-08 02:48:23,False,10000,715,0.0,0,0.6,0.9,0.3,0,0.5,10,9.5,10,rrt_20260808_024823_766.png
20260808_024824_684,2026-08-08 02:48:24,True,83,53,17.34313938223825,30,0.6,0.9,0.3,0,0.5,10,9.5,10,rrt_20260808_024824_684.png
20260808_024825_869,2026-08-08 02:48:25,True,372,115,17.249766449852192,30,0.6,0.9,0.3,0,0.5,10,9.5,10,rrt_20260808_024825_869.png
20260808_024826_737,2026-08-08 02:48:26,True,1094,171,18.365263630819666,32,0.6,0.9,0.3,0,0.5,10,9.5,10,rrt_20260808_024826_737.png
20260808_024833_004,2026-08-08 02:48:33,False,10000,694,0.0,0,0.6,0.9,0.3,0,0.5,10,9.5,10,rrt_20260808_024833_004.png
20260808_024838_161,2026-08-08 02:48:38,False,10000,472,0.0,0,0.6,0.9,0.3,0,0.5,10,9.5,10,rrt_20260808_024838_161.png
20260808_024839_036,2026-08-08 02:48:39,True,280,92,18.547955952958294,32,0.6,0.9,0.3,0,0.5,10,9.5,10,rrt_20260808_024839_036.png
20260808_024845_431,2026-08-08 02:48:45,False,10000,684,0.0,0,0.6,0.9,0.3,0,0.5,10,9.5,10,rrt_20260808_024845_431.png
20260808_024852_402,2026-08-08 02:48:52,False,10000,747,0.0,0,0.6,0.9,0.3,0,0.5,10,9.5,10,rrt_20260808_024852_402.png
20260808_024853_294,2026-08-08 02:48:53,True,249,73,21.46571475302155,37,0.6,0.9,0.3,0,0.5,10,9.5,10,rrt_20260808_024853_294.png
20260808_024854_051,2026-08-08 02:48:54,True,554,139,19.622644834360827,34,0.6,0.9,0.3,0,0.5,10,9.5,10,rrt_20260808_024854_051.png
20260808_024855_483,2026-08-08 02:48:55,True,435,111,19.697552100017347,34,0.6,0.9,0.3,0,0.5,10,9.5,10,rrt_20260808_024855_483.png
20260808_024856_351,2026-08-08 02:48:56,True,1139,164,20.72191753455392,36,0.6,0.9,0.3,0,0.5,10,9.5,10,rrt_20260808_024856_351.png
20260808_024902_155,2026-08-08 02:49:02,False,10000,634,0.0,0,0.6,0.9,0.3,0,0.5,10,9.5,10,rrt_20260808_024902_155.png
20260808_030443_547,2026-08-08 03:04:43,False,10000,733,0.0,0,0.6,0.9,0.3,0,0.5,10,9.5,10,rrt_20260808_030443_547.png
20260808_030448_282,2026-08-08 03:04:48,False,10000,452,0.0,0,0.6,0.9,0.3,0,0.5,10,9.5,10,rrt_20260808_030448_282.png
20260808_030449_202,2026-08-08 03:04:49,True,540,150,19.2,33,0.6,0.9,0.3,0,0.5,10,9.5,10,rrt_20260808_030449_202.png
20260808_030455_008,2026-08-08 03:04:55,False,10000,641,0.0,0,0.6,0.9,0.3,0,0.5,10,9.5,10,rrt_20260808_030455_008.png
20260808_030501_471,2026-08-08 03:05:01,False,10000,681,0.0,0,0.6,0.9,0.3,0,0.5,10,9.5,10,rrt_20260808_030501_471.png
20260808_030502_383,2026-08-08 03:05:02,True,172,66,18.600000000000005,32,0.6,0.9,0.3,0,0.5,10,9.5,10,rrt_20260808_030502_383.png
20260808_030504_008,2026-08-08 03:05:04,True,1016,145,17.8152499179014,31,0.6,0.9,0.3,0,0.5,10,9.5,10,rrt_20260808_030504_008.png
20260808_030509_627,2026-08-08 03:05:09,False,10000,625,0.0,0,0.6,0.9,0.3,0,0.5,10,9.5,10,rrt_20260808_030509_627.png
20260808_030516_433,2026-08-08 03:05:16,False,10000,747,0.0,0,0.6,0.9,0.3,0,0.5,10,9.5,10,rrt_20260808_030516_433.png
20260808_030517_304,2026-08-08 03:05:17,True,229,104,18.92380254589046,33,0.6,0.9,0.3,0,0.5,10,9.5,10,rrt_20260808_030517_304.png
20260808_030523_576,2026-08-08 03:05:23,False,10000,693,0.0,0,0.6,0.9,0.3,0,0.5,10,9.5,10,rrt_20260808_030523_576.png
20260808_030529_850,2026-08-08 03:05:29,False,10000,695,0.0,0,0.6,0.9,0.3,0,0.5,10,9.5,10,rrt_20260808_030529_850.png
20260808_032126_274,2026-08-08 03:21:26,True,371,109,19.125709372916976,33,0.6,0.9,0.3,0,0.5,10,9.5,10,rrt_20260808_032126_274.png
20260808_032131_865,2026-08-08 03:21:31,False,10000,624,0.0,0,0.6,0.9,0.3,0,0.5,10,9.5,10,rrt_20260808_032131_865.png
20260808_032132_941,2026-08-08 03:21:32,True,151,68,17.240897202191263,30,0.6,0.9,0.3,0,0.5,10,9.5,10,rrt_20260808_032132_941.png
20260808_032138_913,2026-08-08 03:21:38,False,10000,550,0.0,0,0.6,0.9,0.3,0,0.5,10,9.5,10,rrt_20260808_032138_913.png
20260808_032145_239,2026-08-08 03:21:45,False,10000,702,0.0,0,0.6,0.9,0.3,0,0.5,10,9.5,10,rrt_20260808_032145_239.png
20260808_032146_219,2026-08-08 03:21:46,True,565,135,18.501857201449,32,0.6,0.9,0.3,0,0.5,10,9.5,10,rrt_20260808_032146_219.png
20260808_032146_994,2026-08-08 03:21:46,True,317,95,18.52629434533635,32,0.6,0.9,0.3,0,0.5,10,9.5,10,rrt_20260808_032146_994.png
20260808_032147_774,2026-08-08 03:21:47,True,1023,152,21.6,37,0.6,0.9,0.3,0,0.5,10,9.5,10,rrt_20260808_032147_774.png
20260808_032148_533,2026-08-08 03:21:48,True,560,130,17.4,30,0.6,0.9,0.3,0,0.5,10,9.5,10,rrt_20260808_032148_533.png
20260808_032155_476,2026-08-08 03:21:55,False,10000,669,0.0,0,0.6,0.9,0.3,0,0.5,10,9.5,10,rrt_20260808_032155_476.png
20260808_032202_352,2026-08-08 03:22:02,False,10000,747,0.0,0,0.6,0.9,0.3,0,0.5,10,9.5,10,rrt_20260808_032202_352.png
20260808_032203_736,2026-08-08 03:22:03,True,501,119,18.0,31,0.6,0.9,0.3,0,0.5,10,9.5,10,rrt_20260808_032203_736.png
20260808_032210_004,2026-08-08 03:22:10,False,10000,714,0.0,0,0.6,0.9,0.3,0,0.5,10,9.5,10,rrt_20260808_032210_004.png
20260808_033849_937,2026-08-08 03:38:49,False,10000,718,0.0,0,0.6,0.9,0.3,0,0.5,10,9.5,10,rrt_20260808_033849_937.png
20260808_033851_081,2026-08-08 03:38:51,True,538,146,19.200000000000006,33,0.6,0.9,0.3,0,0.5,10,9.5,10,rrt_20260808_033851_081.png
20260808_033851_935,2026-08-08 03:38:51,True,666,144,19.51028710478973,34,0.6,0.9,0.3,0,0.5,10,9.5,10,rrt_20260808_033851_935.png
20260808_033858_400,2026-08-08 03:38:58,False,10000,730,0.0,0,0.6,0.9,0.3,0,0.5,10,9.5,10,rrt_20260808_033858_400.png
20260808_033859_469,2026-08-08 03:38:59,True,1178,167,17.238345248683572,30,0.6,0.9,0.3,0,0.5,10,9.5,10,rrt_20260808_033859_469.png
20260808_033900_232,2026-08-08 03:39:00,True,416,120,17.018301851829253,30,0.6,0.9,0.3,0,0.5,10,9.5,10,rrt_20260808_033900_232.png
20260808_033906_576,2026-08-08 03:39:06,False,10000,685,0.0,0,0.6,0.9,0.3,0,0.5,10,9.5,10,rrt_20260808_033906_576.png
20260808_033912_383,2026-08-08 03:39:12,False,10000,523,0.0,0,0.6,0.9,0.3,0,0.5,10,9.5,10,rrt_20260808_033912_383.png
20260808_033913_259,2026-08-08 03:39:13,True,384,106,24.96519169005388,43,0.6,0.9,0.3,0,0.5,10,9.5,10,rrt_20260808_033913_259.png
20260808_033919_127,2026-08-08 03:39:19,False,10000,625,0.0,0,0.6,0.9,0.3,0,0.5,10,9.5,10,rrt_20260808_033919_127.png
20260808_033925_586,2026-08-08 03:39:25,False,10000,683,0.0,0,0.6,0.9,0.3,0,0.5,10,9.5,10,rrt_20260808_033925_586.png
20260808_033932_188,2026-08-08 03:39:32,False,10000,695,0.0,0,0.6,0.9,0.3,0,0.5,10,9.5,10,rrt_20260808_033932_188.png
20260808_033938_476,2026-08-08 03:39:38,False,10000,676,0.0,0,0.6,0.9,0.3,0,0.5,10,9.5,10,rrt_20260808_033938_476.png
20260808_035528_704,2026-08-08 03:55:28,False,10000,692,0.0,0,0.6,0.9,0.3,0,0.5,10,9.5,10,rrt_20260808_035528_704.png
20260808_035529_887,2026-08-08 03:55:29,True,504,139,16.799999999999997,29,0.6,0.9,0.3,0,0.5,10,9.5,10,rrt_20260808_035529_887.png
20260808_035536_078,2026-08-08 03:55:36,False,10000,686,0.0,0,0.6,0.9,0.3,0,0.5,10,9.5,10,rrt_20260808_035536_078.png
20260808_035537_709,2026-08-08 03:55:37,True,743,155,17.400000000000002,30,0.6,1.0,0.3,0,0.5,10,9.5,10,rrt_20260808_035537_709.png
20260808_035544_043,2026-08-08 03:55:44,False,10000,699,0.0,0,0.6,1.0,0.3,0,0.5,10,9.5,10,rrt_20260808_035544_043.png
20260808_035550_562,2026-08-08 03:55:50,False,10000,690,0.0,0,0.6,1.0,0.3,0,0.5,10,9.5,10,rrt_20260808_035550_562.png
20260808_035551_689,2026-08-08 03:55:51,True,798,154,19.800000000000004,34,0.6,1.0,0.3,0,0.5,10,9.5,10,rrt_20260808_035551_689.png
20260808_035558_457,2026-08-08 03:55:58,False,10000,769,0.0,0,0.6,1.0,0.3,0,0.5,10,9.5,10,rrt_20260808_035558_457.png
20260808_035605_271,2026-08-08 03:56:05,False,10000,769,0.0,0,0.6,1.0,0.3,0,0.5,10,9.5,10,rrt_20260808_035605_271.png
20260808_035610_536,2026-08-08 03:56:10,False,10000,563,0.0,0,0.6,1.0,0.3,0,0.5,10,9.5,10,rrt_20260808_035610_536.png
20260808_040812_954,2026-08-08 04:08:12,False,10000,802,0.0,0,0.6,1.0,0.3,0,0.5,10,9.5,10,rrt_20260808_040812_954.png
20260808_040819_886,2026-08-08 04:08:19,False,10000,751,0.0,0,0.6,1.0,0.3,0,0.5,10,9.5,10,rrt_20260808_040819_886.png
20260808_040821_799,2026-08-08 04:08:21,True,834,160,19.2,33,0.6,1.0,0.3,0,0.5,10,9.5,10,rrt_20260808_040821_799.png
20260808_040828_810,2026-08-08 04:08:28,False,10000,786,0.0,0,0.6,1.0,0.3,0,0.5,10,9.5,10,rrt_20260808_040828_810.png
20260808_040833_516,2026-08-08 04:08:33,False,10000,454,0.0,0,0.6,1.0,0.3,0,0.5,10,9.5,10,rrt_20260808_040833_516.png
20260808_040839_020,2026-08-08 04:08:39,False,10000,582,0.0,0,0.6,1.0,0.3,0,0.5,10,9.5,10,rrt_20260808_040839_020.png
20260808_040846_063,2026-08-08 04:08:46,False,10000,775,0.0,0,0.6,1.0,0.3,0,0.5,10,9.5,10,rrt_20260808_040846_063.png
20260808_040847_130,2026-08-08 04:08:47,True,592,136,19.799999999999997,34,0.6,1.0,0.3,0,0.5,10,9.5,10,rrt_20260808_040847_130.png
20260808_040853_349,2026-08-08 04:08:53,False,10000,677,0.0,0,0.6,1.0,0.3,0,0.5,10,9.5,10,rrt_20260808_040853_349.png
20260808_042500_011,2026-08-08 04:25:00,False,10000,805,0.0,0,0.6,1.0,0.3,0,0.5,10,9.5,10,rrt_20260808_042500_011.png
20260808_042501_017,2026-08-08 04:25:01,True,473,126,18.6,32,0.6,1.0,0.3,0,0.5,10,9.5,10,rrt_20260808_042501_017.png
20260808_042508_936,2026-08-08 04:25:08,False,10000,814,0.0,0,0.6,1.0,0.3,0,0.5,10,9.5,10,rrt_20260808_042508_936.png
20260808_042509_913,2026-08-08 04:25:09,True,620,156,16.799999999999997,29,0.6,1.0,0.3,0,0.5,10,9.5,10,rrt_20260808_042509_913.png
20260808_042514_914,2026-08-08 04:25:14,False,10000,534,0.0,0,0.6,1.0,0.3,0,0.5,10,9.5,10,rrt_20260808_042514_914.png
20260808_042515_929,2026-08-08 04:25:15,True,634,152,18.599999999999994,32,0.6,1.0,0.3,0,0.5,10,9.5,10,rrt_20260808_042515_929.png
20260808_042522_417,2026-08-08 04:25:22,False,10000,725,0.0,0,0.6,1.0,0.3,0,0.5,10,9.5,10,rrt_20260808_042522_417.png
20260808_042529_472,2026-08-08 04:25:29,False,10000,708,0.0,0,0.6,1.0,0.3,0,0.5,10,9.5,10,rrt_20260808_042529_472.png
20260808_042530_463,2026-08-08 04:25:30,True,711,145,18.599999999999998,32,0.6,1.0,0.3,0,0.5,10,9.5,10,rrt_20260808_042530_463.png
20260808_042531_348,2026-08-08 04:25:31,True,909,171,22.799999999999997,39,0.6,1.0,0.3,0,0.5,10,9.5,10,rrt_20260808_042531_348.png
20260808_042536_634,2026-08-08 04:25:36,False,10000,561,0.0,0,0.6,1.0,0.3,0,0.5,10,9.5,10,rrt_20260808_042536_634.png
20260808_044152_511,2026-08-08 04:41:52,False,10000,788,0.0,0,0.6,1.0,0.3,0,0.5,10,9.5,10,rrt_20260808_044152_511.png
20260808_044159_949,2026-08-08 04:41:59,False,10000,767,0.0,0,0.6,1.0,0.3,0,0.5,10,9.5,10,rrt_20260808_044159_949.png
20260808_044202_038,2026-08-08 04:42:02,True,2399,285,20.4,35,0.6,1.0,0.3,0,0.5,10,9.5,10,rrt_20260808_044202_038.png
20260808_044203_009,2026-08-08 04:42:03,True,846,163,21.000000000000004,36,0.6,1.0,0.3,0,0.5,10,9.5,10,rrt_20260808_044203_009.png
20260808_044209_887,2026-08-08 04:42:09,False,10000,757,0.0,0,0.6,1.0,0.3,0,0.5,10,9.5,10,rrt_20260808_044209_887.png
20260808_044216_300,2026-08-08 04:42:16,False,10000,678,0.0,0,0.6,1.0,0.3,0,0.5,10,9.5,10,rrt_20260808_044216_300.png
20260808_044223_552,2026-08-08 04:42:23,False,10000,794,0.0,0,0.6,1.0,0.3,0,0.5,10,9.5,10,rrt_20260808_044223_552.png
20260808_044228_837,2026-08-08 04:42:28,False,10000,557,0.0,0,0.6,1.0,0.3,0,0.5,10,9.5,10,rrt_20260808_044228_837.png
20260808_044233_947,2026-08-08 04:42:33,False,10000,522,0.0,0,0.6,1.0,0.3,0,0.5,10,9.5,10,rrt_20260808_044233_947.png
20260808_044241_498,2026-08-08 04:42:41,False,10000,792,0.0,0,0.6,1.0,0.3,0,0.5,10,9.5,10,rrt_20260808_044241_498.png
20260808_044248_506,2026-08-08 04:42:48,False,10000,760,0.0,0,0.6,1.0,0.3,0,0.5,10,9.5,10,rrt_20260808_044248_506.png
20260808_044255_874,2026-08-08 04:42:55,False,10000,751,0.0,0,0.6,1.0,0.3,0,0.5,10,9.5,10,rrt_20260808_044255_874.png
20260808_050022_342,2026-08-08 05:00:22,False,10000,807,0.0,0,0.6,1.0,0.3,0,0.5,10,9.5,10,rrt_20260808_050022_342.png
20260808_050028_780,2026-08-08 05:00:28,False,10000,680,0.0,0,0.6,1.0,0.3,0,0.5,10,9.5,10,rrt_20260808_050028_780.png
20260808_050035_086,2026-08-08 05:00:35,False,10000,706,0.0,0,0.6,1.0,0.3,0,0.5,10,9.5,10,rrt_20260808_050035_086.png
20260808_050041_776,2026-08-08 05:00:41,False,10000,721,0.0,0,0.6,1.0,0.3,0,0.5,10,9.5,10,rrt_20260808_050041_776.png
20260808_050042_721,2026-08-08 05:00:42,True,573,136,18.6,32,0.6,1.0,0.3,0,0.5,10,9.5,10,rrt_20260808_050042_721.png
20260808_050043_583,2026-08-08 05:00:43,True,1412,143,20.999999999999996,36,0.6,1.0,0.3,0,0.5,10,9.5,10,rrt_20260808_050043_583.png
20260808_050050_859,2026-08-08 05:00:50,False,10000,765,0.0,0,0.6,1.0,0.3,0,0.5,10,9.5,10,rrt_20260808_050050_859.png
20260808_050056_712,2026-08-08 05:00:56,False,10000,600,0.0,0,0.6,1.0,0.3,0,0.5,10,9.5,10,rrt_20260808_050056_712.png
20260808_050057_998,2026-08-08 05:00:57,True,428,144,18.599999999999994,32,0.6,1.0,0.3,0,0.5,10,9.5,10,rrt_20260808_050057_998.png
20260808_050105_015,2026-08-08 05:01:05,False,10000,780,0.0,0,0.6,1.0,0.3,0,0.5,10,9.5,10,rrt_20260808_050105_015.png
20260808_051804_714,2026-08-08 05:18:04,False,10000,682,0.0,0,0.6,1.0,0.3,0,0.5,10,9.5,10,rrt_20260808_051804_714.png
20260808_051812_021,2026-08-08 05:18:12,False,10000,806,0.0,0,0.6,1.0,0.3,0,0.5,10,9.5,10,rrt_20260808_051812_021.png
20260808_051812_974,2026-08-08 05:18:12,True,658,157,17.70482455869441,31,0.6,1.0,0.3,0,0.5,10,9.5,10,rrt_20260808_051812_974.png
20260808_051819_731,2026-08-08 05:18:19,False,10000,754,0.0,0,0.6,1.0,0.3,0,0.5,10,9.5,10,rrt_20260808_051819_731.png
20260808_051821_459,2026-08-08 05:18:21,True,565,163,19.799999999999997,34,0.6,1.0,0.3,0,0.5,10,9.5,10,rrt_20260808_051821_459.png
20260808_051828_282,2026-08-08 05:18:28,False,10000,753,0.0,0,0.6,1.0,0.3,0,0.5,10,9.5,10,rrt_20260808_051828_282.png
20260808_051835_459,2026-08-08 05:18:35,False,10000,812,0.0,0,0.6,1.0,0.3,0,0.5,10,9.5,10,rrt_20260808_051835_459.png
20260808_051836_390,2026-08-08 05:18:36,True,566,121,18.579113984306527,32,0.6,1.0,0.3,0,0.5,10,9.5,10,rrt_20260808_051836_390.png
20260808_051842_799,2026-08-08 05:18:42,False,10000,719,0.0,0,0.6,1.0,0.3,0,0.5,10,9.5,10,rrt_20260808_051842_799.png
20260808_053356_038,2026-08-08 05:33:56,False,10000,740,0.0,0,0.6,1.0,0.3,0,0.5,10,9.5,10,rrt_20260808_053356_038.png
20260808_053402_976,2026-08-08 05:34:02,False,10000,710,0.0,0,0.6,1.0,0.3,0,0.5,10,9.5,10,rrt_20260808_053402_976.png
20260808_053410_711,2026-08-08 05:34:10,False,10000,832,0.0,0,0.6,1.0,0.3,0,0.5,10,9.5,10,rrt_20260808_053410_711.png
20260808_053418_120,2026-08-08 05:34:18,False,10000,795,0.0,0,0.6,1.0,0.3,0,0.5,10,9.5,10,rrt_20260808_053418_120.png
20260808_053425_968,2026-08-08 05:34:25,False,10000,779,0.0,0,0.6,1.0,0.3,0,0.5,10,9.5,10,rrt_20260808_053425_968.png
20260808_053432_474,2026-08-08 05:34:32,False,10000,668,0.0,0,0.6,1.0,0.3,0,0.5,10,9.5,10,rrt_20260808_053432_474.png
20260808_053438_836,2026-08-08 05:34:38,False,10000,664,0.0,0,0.6,1.0,0.3,0,0.5,10,9.5,10,rrt_20260808_053438_836.png
20260808_053445_439,2026-08-08 05:34:45,False,10000,713,0.0,0,0.6,1.0,0.3,0,0.5,10,9.5,10,rrt_20260808_053445_439.png
20260808_054952_547,2026-08-08 05:49:52,False,10000,694,0.0,0,0.6,1.0,0.3,0,0.5,10,9.5,10,rrt_20260808_054952_547.png
20260808_054959_850,2026-08-08 05:49:59,False,10000,756,0.0,0,0.6,1.0,0.3,0,0.5,10,9.5,10,rrt_20260808_054959_850.png
20260808_055007_213,2026-08-08 05:50:07,False,10000,786,0.0,0,0.6,1.0,0.3,0,0.5,10,9.5,10,rrt_20260808_055007_213.png
20260808_055014_079,2026-08-08 05:50:14,False,10000,713,0.0,0,0.6,1.0,0.3,0,0.5,10,9.5,10,rrt_20260808_055014_079.png
20260808_055020_878,2026-08-08 05:50:20,False,10000,774,0.0,0,0.6,1.0,0.3,0,0.5,10,9.5,10,rrt_20260808_055020_878.png
20260808_055022_385,2026-08-08 05:50:22,True,382,122,18.0,31,0.6,1.0,0.3,0,0.5,10,9.5,10,rrt_20260808_055022_385.png
20260808_055023_236,2026-08-08 05:50:23,True,1026,177,18.599999999999998,32,0.6,1.0,0.3,0,0.5,10,9.5,10,rrt_20260808_055023_236.png
20260808_055029_313,2026-08-08 05:50:29,False,10000,676,0.0,0,0.6,1.0,0.3,0,0.5,10,9.5,10,rrt_20260808_055029_313.png
20260808_055030_188,2026-08-08 05:50:30,True,474,162,19.96920830902959,35,0.6,1.0,0.3,0,0.5,10,9.5,10,rrt_20260808_055030_188.png
20260808_055036_770,2026-08-08 05:50:36,False,10000,722,0.0,0,0.6,1.0,0.3,0,0.5,10,9.5,10,rrt_20260808_055036_770.png
20260808_055043_833,2026-08-08 05:50:43,False,10000,774,0.0,0,0.6,1.0,0.3,0,0.5,10,9.5,10,rrt_20260808_055043_833.png
20260808_055044_806,2026-08-08 05:50:44,True,677,159,17.964374118216053,31,0.6,1.0,0.3,0,0.5,10,9.5,10,rrt_20260808_055044_806.png
20260808_055049_935,2026-08-08 05:50:49,False,10000,560,0.0,0,0.6,1.0,0.3,0,0.5,10,9.5,10,rrt_20260808_055049_935.png
20260808_055051_086,2026-08-08 05:50:51,True,901,177,17.79264963575527,31,0.6,1.0,0.3,0,0.5,10,9.5,10,rrt_20260808_055051_086.png
20260808_055052_344,2026-08-08 05:50:52,True,315,118,16.8,29,0.6,1.0,0.3,0,0.5,10,9.5,10,rrt_20260808_055052_344.png
20260808_055526_376,2026-08-08 05:55:26,False,10000,779,0.0,0,0.6,1.0,0.3,0,0.5,10,9.5,10,rrt_20260808_055526_376.png
20260808_055533_394,2026-08-08 05:55:33,False,10000,706,0.0,0,0.6,1.0,0.3,0,0.5,10,9.5,10,rrt_20260808_055533_394.png
20260808_055534_395,2026-08-08 05:55:34,True,459,132,18.599999999999998,32,0.6,1.0,0.3,0,0.5,10,9.5,10,rrt_20260808_055534_395.png
20260808_055541_097,2026-08-08 05:55:41,False,10000,701,0.0,0,0.6,1.0,0.3,0,0.5,10,9.5,10,rrt_20260808_055541_097.png
20260808_055546_046,2026-08-08 05:55:46,False,10000,469,0.0,0,0.6,1.0,0.3,0,0.5,10,9.5,10,rrt_20260808_055546_046.png
20260808_055546_940,2026-08-08 05:55:46,True,709,168,20.400000000000002,35,0.6,1.0,0.3,0,0.5,10,9.5,10,rrt_20260808_055546_940.png
20260808_055547_866,2026-08-08 05:55:47,True,1262,171,19.199999999999996,33,0.6,1.0,0.3,0,0.5,10,9.5,10,rrt_20260808_055547_866.png
20260808_055548_708,2026-08-08 05:55:48,True,793,179,21.939976713575877,38,0.6,1.0,0.3,0,0.5,10,9.5,10,rrt_20260808_055548_708.png
20260808_055555_032,2026-08-08 05:55:55,False,10000,666,0.0,0,0.6,1.0,0.3,0,0.5,10,9.5,10,rrt_20260808_055555_032.png
20260808_055555_968,2026-08-08 05:55:55,True,644,147,20.400000000000002,35,0.6,1.0,0.3,0,0.5,10,9.5,10,rrt_20260808_055555_968.png
20260808_055556_725,2026-08-08 05:55:56,True,655,153,18.684819207116696,33,0.6,1.0,0.3,0,0.5,10,9.5,10,rrt_20260808_055556_725.png
20260808_055603_728,2026-08-08 05:56:03,False,10000,794,0.0,0,0.6,1.0,0.3,0,0.5,10,9.5,10,rrt_20260808_055603_728.png
20260808_055609_741,2026-08-08 05:56:09,False,10000,627,0.0,0,0.6,1.0,0.3,0,0.5,10,9.5,10,rrt_20260808_055609_741.png
20260808_055610_670,2026-08-08 05:56:10,True,500,134,18.59999999999999,32,0.6,1.0,0.3,0,0.5,10,9.5,10,rrt_20260808_055610_670.png
20260808_055611_474,2026-08-08 05:56:11,True,882,159,19.695545787729564,34,0.6,1.0,0.3,0,0.5,10,9.5,10,rrt_20260808_055611_474.png
20260808_060913_346,2026-08-08 06:09:13,False,10000,661,0.0,0,0.6,1.0,0.3,0,0.5,10,9.5,10,rrt_20260808_060913_346.png
20260808_060919_538,2026-08-08 06:09:19,False,10000,567,0.0,0,0.6,1.0,0.3,0,0.5,10,9.5,10,rrt_20260808_060919_538.png
20260808_060925_538,2026-08-08 06:09:25,False,10000,585,0.0,0,0.6,1.0,0.3,0,0.5,10,9.5,10,rrt_20260808_060925_538.png
20260808_060931_669,2026-08-08 06:09:31,False,10000,670,0.0,0,0.6,1.0,0.3,0,0.5,10,9.5,10,rrt_20260808_060931_669.png
